ref_id,player,event_name,event_date,round,level,year,period,depth_label,needs_points,needs_shots,sofascore,sofascore_read_directly,sofascore_unobserved,sofascore_observed,live_tennis_api,live_tennis_api_june_sample,sackmann_pbp_copies,tennis_abstract_web,live_tennis_api_archive,sportradar,tdi_tennis_results,infront_itf,enetpulse,stats_perform,slam_feeds,atp_tracking
CH12:atp:2012/488/ms008:BA79,Jan Choinski,Germany F9,2012-07-09,R16,ITF main draw,2012,2012-18,"Result, no statistics",True,True,False,False,False,True,False,False,False,False,0.0,0.0,0.0,0.0,0.0,0.0,0.0,0.0
CH12:atp:2012/488/ms017:U113,Jan Choinski,Germany F9,2012-07-09,R32,ITF main draw,2012,2012-18,"Result, no statistics",True,True,False,False,False,True,False,False,False,False,0.0,0.0,0.0,0.0,0.0,0.0,0.0,0.0
CH12:atp:2012/2140/ms019:V635,Jan Choinski,Germany F16,2012-08-27,R32,ITF main draw,2012,2012-18,"Result, no statistics",True,True,False,False,False,True,False,False,False,False,0.0,0.0,0.0,0.0,0.0,0.0,0.0,0.0
CH12:atp:2013/572/ms014:F980,Jan Choinski,Germany F7,2013-06-24,R16,ITF main draw,2013,2012-18,"Result, no statistics",True,True,False,False,False,True,False,False,False,False,0.0,0.0,0.0,0.0,0.0,0.0,0.0,0.0
CH12:atp:2013/572/ms029:MQ41,Jan Choinski,Germany F7,2013-06-24,R32,ITF main draw,2013,2012-18,"Result, no statistics",True,True,False,False,False,True,False,False,False,False,0.0,0.0,0.0,0.0,0.0,0.0,0.0,0.0
CH12:atp:2013/551/ms030:Y171,Jan Choinski,Germany F8,2013-07-01,R32,ITF main draw,2013,2012-18,"Result, no statistics",True,True,False,False,False,True,False,False,False,False,0.0,0.0,0.0,0.0,0.0,0.0,0.0,0.0
CH12:atp:2013/205/ms021:Z198,Jan Choinski,Germany F10,2013-07-15,R32,ITF main draw,2013,2012-18,"Result, no statistics",True,True,False,False,False,True,False,False,False,False,0.0,0.0,0.0,0.0,0.0,0.0,0.0,0.0
CH12:atp:2013/3673/ms014:MN20,Jan Choinski,Germany F18,2013-10-07,R16,ITF main draw,2013,2012-18,"Result, no statistics",True,True,False,True,False,True,False,False,False,False,0.0,0.0,0.0,0.0,0.0,0.0,0.0,0.0
CH12:atp:2013/3673/ms028:W534,Jan Choinski,Germany F18,2013-10-07,R32,ITF main draw,2013,2012-18,"Result, no statistics",True,True,False,False,False,True,False,False,False,False,0.0,0.0,0.0,0.0,0.0,0.0,0.0,0.0
CH12:atp:2013/6666/ms022:DA91,Jan Choinski,Germany F20,2013-10-21,R32,ITF main draw,2013,2012-18,"Result, no statistics",True,True,False,False,False,True,False,False,False,False,0.0,0.0,0.0,0.0,0.0,0.0,0.0,0.0
CH12:atp:2014/321/qs013:MG54,Jan Choinski,Stuttgart,2014-07-07,Q2,Tour qualifying,2014,2012-18,Result + serve/return totals,True,True,False,False,False,True,False,False,True,False,0.0,0.0,0.0,0.0,0.0,0.0,0.0,0.0
CH12:atp:2014/321/qs026:E243,Jan Choinski,Stuttgart,2014-07-07,Q1,Tour qualifying,2014,2012-18,Result + serve/return totals,True,True,False,False,False,True,False,False,True,False,0.0,0.0,0.0,0.0,0.0,0.0,0.0,0.0
CH12:atp:2014/551/ms031:T911,Jan Choinski,Germany F8,2014-07-14,R32,ITF main draw,2014,2012-18,"Result, no statistics",True,True,True,False,False,True,False,False,False,False,0.0,0.0,0.0,0.0,0.0,0.0,0.0,0.0
CH12:atp:2014/488/ms022:MM51,Jan Choinski,Germany F9,2014-07-21,R32,ITF main draw,2014,2012-18,"Result, no statistics",True,True,True,False,False,True,False,False,False,False,0.0,0.0,0.0,0.0,0.0,0.0,0.0,0.0
CH12:atp:2014/205/ms006:K760,Jan Choinski,Germany F10,2014-07-28,QF,ITF main draw,2014,2012-18,"Result, no statistics",True,True,True,False,False,True,False,False,False,False,0.0,0.0,0.0,0.0,0.0,0.0,0.0,0.0
CH12:atp:2014/205/ms012:TB79,Jan Choinski,Germany F10,2014-07-28,R16,ITF main draw,2014,2012-18,"Result, no statistics",True,True,True,False,False,True,False,False,False,False,0.0,0.0,0.0,0.0,0.0,0.0,0.0,0.0
CH12:atp:2014/205/ms025:PB97,Jan Choinski,Germany F10,2014-07-28,R32,ITF main draw,2014,2012-18,"Result, no statistics",True,True,True,False,False,True,False,False,False,False,0.0,0.0,0.0,0.0,0.0,0.0,0.0,0.0
CH12:atp:2014/232/ms001:H997,Jan Choinski,Germany F12,2014-08-11,F,ITF main draw,2014,2012-18,"Result, no statistics",True,True,True,False,False,True,False,False,True,False,0.0,0.0,0.0,0.0,0.0,0.0,0.0,0.0
CH12:atp:2014/232/ms003:HB31,Jan Choinski,Germany F12,2014-08-11,SF,ITF main draw,2014,2012-18,"Result, no statistics",True,True,True,False,False,True,False,False,True,False,0.0,0.0,0.0,0.0,0.0,0.0,0.0,0.0
CH12:atp:2014/232/ms006:LA01,Jan Choinski,Germany F12,2014-08-11,QF,ITF main draw,2014,2012-18,"Result, no statistics",True,True,False,False,False,True,False,False,False,False,0.0,0.0,0.0,0.0,0.0,0.0,0.0,0.0
CH12:atp:2014/232/ms013:W725,Jan Choinski,Germany F12,2014-08-11,R16,ITF main draw,2014,2012-18,"Result, no statistics",True,True,True,False,False,True,False,False,False,False,0.0,0.0,0.0,0.0,0.0,0.0,0.0,0.0
CH12:atp:2014/232/ms026:GC03,Jan Choinski,Germany F12,2014-08-11,R32,ITF main draw,2014,2012-18,"Result, no statistics",True,True,True,False,False,True,False,False,True,False,0.0,0.0,0.0,0.0,0.0,0.0,0.0,0.0
CH12:atp:2014/7111/ms001:CG32,Jan Choinski,Belgium F12,2014-08-18,F,ITF main draw,2014,2012-18,"Result, no statistics",True,True,True,False,False,True,False,False,True,False,0.0,0.0,0.0,0.0,0.0,0.0,0.0,0.0
CH12:atp:2014/7111/ms003:SS61,Jan Choinski,Belgium F12,2014-08-18,SF,ITF main draw,2014,2012-18,"Result, no statistics",True,True,True,False,False,True,False,False,False,False,0.0,0.0,0.0,0.0,0.0,0.0,0.0,0.0
CH12:atp:2014/7111/ms006:GC98,Jan Choinski,Belgium F12,2014-08-18,QF,ITF main draw,2014,2012-18,"Result, no statistics",True,True,True,False,False,True,False,False,False,False,0.0,0.0,0.0,0.0,0.0,0.0,0.0,0.0
CH12:atp:2014/7111/ms013:PF36,Jan Choinski,Belgium F12,2014-08-18,R16,ITF main draw,2014,2012-18,"Result, no statistics",True,True,True,False,False,True,False,False,False,False,0.0,0.0,0.0,0.0,0.0,0.0,0.0,0.0
CH12:atp:2014/7111/ms026:TG55,Jan Choinski,Belgium F12,2014-08-18,R32,ITF main draw,2014,2012-18,"Result, no statistics",True,True,True,False,False,True,False,False,False,False,0.0,0.0,0.0,0.0,0.0,0.0,0.0,0.0
CH12:atp:2014/3628/ms022:MA38,Jan Choinski,Trnava,2014-09-15,R32,Challenger main draw,2014,2012-18,Result + serve/return totals,True,True,False,False,False,True,False,False,True,False,0.553,0.0,0.0,0.0,0.0,0.0,0.0,0.0
CH12:atp:2014/4085/ms016:N670,Jan Choinski,France F20,2014-09-22,R32,ITF main draw,2014,2012-18,"Result, no statistics",True,True,True,False,False,True,False,False,False,False,0.0,0.0,0.0,0.0,0.0,0.0,0.0,0.0
CH12:atp:2014/2136/ms014:F762,Jan Choinski,Germany F14,2014-09-29,R16,ITF main draw,2014,2012-18,"Result, no statistics",True,True,False,False,True,False,False,False,False,False,0.0,0.0,0.0,0.0,0.0,0.0,0.0,0.0
CH12:atp:2014/2136/ms029:HB04,Jan Choinski,Germany F14,2014-09-29,R32,ITF main draw,2014,2012-18,"Result, no statistics",True,True,False,False,True,False,False,False,False,False,0.0,0.0,0.0,0.0,0.0,0.0,0.0,0.0
CH12:atp:2014/2139/ms009:KC51,Jan Choinski,Germany F15,2014-10-06,R16,ITF main draw,2014,2012-18,"Result, no statistics",True,True,False,False,True,False,False,False,True,False,0.0,0.0,0.0,0.0,0.0,0.0,0.0,0.0
CH12:atp:2014/2139/ms018:N824,Jan Choinski,Germany F15,2014-10-06,R32,ITF main draw,2014,2012-18,"Result, no statistics",True,True,False,False,True,False,False,False,True,False,0.0,0.0,0.0,0.0,0.0,0.0,0.0,0.0
CH12:atp:2014/2140/ms022:W655,Jan Choinski,Germany F16,2014-10-13,R32,ITF main draw,2014,2012-18,"Result, no statistics",True,True,False,False,True,False,False,False,True,False,0.0,0.0,0.0,0.0,0.0,0.0,0.0,0.0
CH12:atp:2014/6668/ms025:MM56,Jan Choinski,Turkey F40,2014-11-10,R32,ITF main draw,2014,2012-18,"Result, no statistics",True,True,False,False,True,False,False,False,False,False,0.0,0.0,0.0,0.0,0.0,0.0,0.0,0.0
CH12:atp:2014/6676/ms002:RB00,Jan Choinski,Turkey F41,2014-11-17,SF,ITF main draw,2014,2012-18,"Result, no statistics",True,True,True,False,False,True,False,False,False,False,0.0,0.0,0.0,0.0,0.0,0.0,0.0,0.0
CH12:atp:2014/6676/ms005:CH05,Jan Choinski,Turkey F41,2014-11-17,QF,ITF main draw,2014,2012-18,"Result, no statistics",True,True,True,False,False,True,False,False,True,False,0.0,0.0,0.0,0.0,0.0,0.0,0.0,0.0
CH12:atp:2014/6676/ms010:V600,Jan Choinski,Turkey F41,2014-11-17,R16,ITF main draw,2014,2012-18,"Result, no statistics",True,True,True,False,False,True,False,False,False,False,0.0,0.0,0.0,0.0,0.0,0.0,0.0,0.0
CH12:atp:2014/6676/ms021:GJ37,Jan Choinski,Turkey F41,2014-11-17,R32,ITF main draw,2014,2012-18,"Result, no statistics",True,True,False,False,True,False,False,False,True,False,0.0,0.0,0.0,0.0,0.0,0.0,0.0,0.0
CH12:atp:2014/6677/ms000:V600,Jan Choinski,Turkey F42,2014-11-24,R32,ITF main draw,2014,2012-18,"Result, no statistics",True,True,True,False,False,True,False,False,True,False,0.0,0.0,0.0,0.0,0.0,0.0,0.0,0.0
CH12:atp:2015/114/ms000:AE14,Jan Choinski,Germany F1,2015-01-05,R32,ITF main draw,2015,2012-18,"Result, no statistics",True,True,True,False,False,True,False,False,True,False,0.0,0.0,0.0,0.0,0.0,0.0,0.0,0.0
CH12:atp:2015/114/ms000:I236,Jan Choinski,Germany F1,2015-01-05,R16,ITF main draw,2015,2012-18,"Result, no statistics",True,True,True,False,False,True,False,False,True,False,0.0,0.0,0.0,0.0,0.0,0.0,0.0,0.0
CH12:atp:2015/120/ms000:H844,Jan Choinski,Germany F2,2015-01-12,R32,ITF main draw,2015,2012-18,"Result, no statistics",True,True,True,False,False,True,False,False,True,False,0.0,0.0,0.0,0.0,0.0,0.0,0.0,0.0
CH12:atp:2015/179/ms000:I236,Jan Choinski,Germany F3,2015-01-19,R32,ITF main draw,2015,2012-18,"Result, no statistics",True,True,False,False,False,True,False,False,False,False,0.0,0.0,0.0,0.0,0.0,0.0,0.0,0.0
CH12:atp:2015/3477/ms000:MM66,Jan Choinski,Turkey F4,2015-01-26,R32,ITF main draw,2015,2012-18,"Result, no statistics",True,True,True,False,False,True,False,False,True,False,0.0,0.0,0.0,0.0,0.0,0.0,0.0,0.0
CH12:atp:2015/3625/ms000:RA24,Jan Choinski,Turkey F5,2015-02-02,R32,ITF main draw,2015,2012-18,"Result, no statistics",True,True,True,False,False,True,False,False,True,False,0.0,0.0,0.0,0.0,0.0,0.0,0.0,0.0
CH12:atp:2015/265/ms031:MG08,Jan Choinski,France F4,2015-03-02,R32,ITF main draw,2015,2012-18,"Result, no statistics",True,True,True,False,False,True,False,False,True,False,0.0,0.0,0.0,0.0,0.0,0.0,0.0,0.0
CH12:atp:2015/180/ms017:AC55,Jan Choinski,Great Britain F4,2015-03-16,R32,ITF main draw,2015,2012-18,"Result, no statistics",True,True,True,False,False,True,False,False,False,False,0.0,0.0,0.0,0.0,0.0,0.0,0.0,0.0
CH12:atp:2015/522/ms003:CB14,Jan Choinski,Great Britain F5,2015-03-23,SF,ITF main draw,2015,2012-18,"Result, no statistics",True,True,False,False,True,False,False,False,True,False,0.0,0.0,0.0,0.0,0.0,0.0,0.0,0.0
CH12:atp:2015/522/ms007:F751,Jan Choinski,Great Britain F5,2015-03-23,QF,ITF main draw,2015,2012-18,"Result, no statistics",True,True,False,False,True,False,False,False,True,False,0.0,0.0,0.0,0.0,0.0,0.0,0.0,0.0
CH12:atp:2015/522/ms014:BK05,Jan Choinski,Great Britain F5,2015-03-23,R16,ITF main draw,2015,2012-18,"Result, no statistics",True,True,False,False,True,False,False,False,False,False,0.0,0.0,0.0,0.0,0.0,0.0,0.0,0.0
CH12:atp:2015/522/ms029:CG82,Jan Choinski,Great Britain F5,2015-03-23,R32,ITF main draw,2015,2012-18,"Result, no statistics",True,True,False,False,True,False,False,False,False,False,0.0,0.0,0.0,0.0,0.0,0.0,0.0,0.0
CH12:atp:2015/308/qs025:BC72,Jan Choinski,Munich,2015-04-27,Q1,Tour qualifying,2015,2012-18,Result + serve/return totals,True,True,False,False,True,False,False,False,True,False,0.0,0.0,0.0,0.0,0.0,0.0,0.0,0.0
CH12:atp:2015/349/ms008:DA31,Jan Choinski,Sweden F2,2015-05-04,R16,ITF main draw,2015,2012-18,"Result, no statistics",True,True,False,False,True,False,False,False,False,False,0.0,0.0,0.0,0.0,0.0,0.0,0.0,0.0
CH12:atp:2015/349/ms017:BH94,Jan Choinski,Sweden F2,2015-05-04,R32,ITF main draw,2015,2012-18,"Result, no statistics",True,True,False,False,True,False,False,False,False,False,0.0,0.0,0.0,0.0,0.0,0.0,0.0,0.0
CH12:atp:2015/460/ms018:CA99,Jan Choinski,Heilbronn,2015-05-11,R32,Challenger main draw,2015,2012-18,Result + serve/return totals,True,True,False,False,True,False,False,False,True,False,0.553,0.0,0.0,0.0,0.0,0.0,0.0,0.0
CH12:atp:2015/805/ms007:MF78,Jan Choinski,Czech Republic F2,2015-05-18,QF,ITF main draw,2015,2012-18,"Result, no statistics",True,True,True,False,False,True,False,False,False,False,0.0,0.0,0.0,0.0,0.0,0.0,0.0,0.0
CH12:atp:2015/805/ms014:W715,Jan Choinski,Czech Republic F2,2015-05-18,R16,ITF main draw,2015,2012-18,"Result, no statistics",True,True,True,False,False,True,False,False,False,False,0.0,0.0,0.0,0.0,0.0,0.0,0.0,0.0
CH12:atp:2015/805/ms028:HH22,Jan Choinski,Czech Republic F2,2015-05-18,R32,ITF main draw,2015,2012-18,"Result, no statistics",True,True,True,False,False,True,False,False,False,False,0.0,0.0,0.0,0.0,0.0,0.0,0.0,0.0
CH12:atp:2015/829/ms002:SE78,Jan Choinski,Czech Republic F3,2015-05-25,SF,ITF main draw,2015,2012-18,"Result, no statistics",True,True,True,False,False,True,False,False,True,False,0.0,0.0,0.0,0.0,0.0,0.0,0.0,0.0
CH12:atp:2015/829/ms005:MF78,Jan Choinski,Czech Republic F3,2015-05-25,QF,ITF main draw,2015,2012-18,"Result, no statistics",True,True,True,False,False,True,False,False,True,False,0.0,0.0,0.0,0.0,0.0,0.0,0.0,0.0
CH12:atp:2015/829/ms011:MI33,Jan Choinski,Czech Republic F3,2015-05-25,R16,ITF main draw,2015,2012-18,"Result, no statistics",True,True,True,False,False,True,False,False,False,False,0.0,0.0,0.0,0.0,0.0,0.0,0.0,0.0
CH12:atp:2015/829/ms023:HH36,Jan Choinski,Czech Republic F3,2015-05-25,R32,ITF main draw,2015,2012-18,"Result, no statistics",True,True,True,False,False,True,False,False,False,False,0.0,0.0,0.0,0.0,0.0,0.0,0.0,0.0
CH12:atp:2015/396/qs009:E678,Jan Choinski,Furth,2015-06-01,Q2,Challenger qualifying,2015,2012-18,Missing,True,True,False,False,False,True,False,False,True,False,0.336,0.0,0.0,0.0,0.0,0.0,0.0,0.0
CH12:atp:2015/396/qs018:PG10,Jan Choinski,Furth,2015-06-01,Q1,Challenger qualifying,2015,2012-18,Missing,True,True,False,False,False,True,False,False,True,False,0.336,0.0,0.0,0.0,0.0,0.0,0.0,0.0
CH12:atp:2015/321/qs011:B678,Jan Choinski,Stuttgart,2015-06-08,Q2,Tour qualifying,2015,2012-18,Result + serve/return totals,True,True,True,True,False,True,False,False,True,False,0.0,0.0,0.0,0.0,0.0,0.0,0.0,0.0
CH12:atp:2015/321/qs022:KB43,Jan Choinski,Stuttgart,2015-06-08,Q1,Tour qualifying,2015,2012-18,Result + serve/return totals,True,True,False,False,False,True,False,False,False,False,0.0,0.0,0.0,0.0,0.0,0.0,0.0,0.0
CH12:atp:2015/795/ms009:W586,Jan Choinski,Netherlands F1,2015-06-15,R16,ITF main draw,2015,2012-18,"Result, no statistics",True,True,True,False,False,True,False,False,False,False,0.0,0.0,0.0,0.0,0.0,0.0,0.0,0.0
CH12:atp:2015/795/ms018:VA27,Jan Choinski,Netherlands F1,2015-06-15,R32,ITF main draw,2015,2012-18,"Result, no statistics",True,True,True,False,False,True,False,False,True,False,0.0,0.0,0.0,0.0,0.0,0.0,0.0,0.0
CH12:atp:2015/4066/ms004:N661,Jan Choinski,Belgium F3,2015-06-22,QF,ITF main draw,2015,2012-18,"Result, no statistics",True,True,True,False,False,True,False,False,True,False,0.0,0.0,0.0,0.0,0.0,0.0,0.0,0.0
CH12:atp:2015/4066/ms009:DH45,Jan Choinski,Belgium F3,2015-06-22,R16,ITF main draw,2015,2012-18,"Result, no statistics",True,True,True,False,False,True,False,False,False,False,0.0,0.0,0.0,0.0,0.0,0.0,0.0,0.0
CH12:atp:2015/4066/ms019:MN85,Jan Choinski,Belgium F3,2015-06-22,R32,ITF main draw,2015,2012-18,"Result, no statistics",True,True,True,False,False,True,False,False,False,False,0.0,0.0,0.0,0.0,0.0,0.0,0.0,0.0
CH12:atp:2015/6156/ms023:CA33,Jan Choinski,Marburg,2015-06-29,R32,Challenger main draw,2015,2012-18,Result + serve/return totals,True,True,False,False,False,True,False,False,True,False,0.553,0.0,0.0,0.0,0.0,0.0,0.0,0.0
CH12:atp:2015/572/ms012:Z349,Jan Choinski,Germany F7,2015-07-13,R16,ITF main draw,2015,2012-18,"Result, no statistics",True,True,False,False,True,False,False,False,False,False,0.0,0.0,0.0,0.0,0.0,0.0,0.0,0.0
CH12:atp:2015/572/ms025:PL54,Jan Choinski,Germany F7,2015-07-13,R32,ITF main draw,2015,2012-18,"Result, no statistics",True,True,True,False,False,True,False,False,True,False,0.0,0.0,0.0,0.0,0.0,0.0,0.0,0.0
CH12:atp:2015/551/ms001:N663,Jan Choinski,Germany F8,2015-07-20,F,ITF main draw,2015,2012-18,"Result, no statistics",True,True,False,False,True,False,False,False,True,False,0.0,0.0,0.0,0.0,0.0,0.0,0.0,0.0
CH12:atp:2015/551/ms002:F591,Jan Choinski,Germany F8,2015-07-20,SF,ITF main draw,2015,2012-18,"Result, no statistics",True,True,False,False,True,False,False,False,False,False,0.0,0.0,0.0,0.0,0.0,0.0,0.0,0.0
CH12:atp:2015/551/ms004:V691,Jan Choinski,Germany F8,2015-07-20,QF,ITF main draw,2015,2012-18,"Result, no statistics",True,True,False,False,True,False,False,False,True,False,0.0,0.0,0.0,0.0,0.0,0.0,0.0,0.0
CH12:atp:2015/551/ms009:O456,Jan Choinski,Germany F8,2015-07-20,R16,ITF main draw,2015,2012-18,"Result, no statistics",True,True,False,False,True,False,False,False,False,False,0.0,0.0,0.0,0.0,0.0,0.0,0.0,0.0
CH12:atp:2015/551/ms019:PB97,Jan Choinski,Germany F8,2015-07-20,R32,ITF main draw,2015,2012-18,"Result, no statistics",True,True,False,False,True,False,False,False,False,False,0.0,0.0,0.0,0.0,0.0,0.0,0.0,0.0
CH12:atp:2015/488/ms013:V691,Jan Choinski,Germany F9,2015-07-27,R16,ITF main draw,2015,2012-18,"Result, no statistics",True,True,False,False,True,False,False,False,False,False,0.0,0.0,0.0,0.0,0.0,0.0,0.0,0.0
CH12:atp:2015/488/ms027:DB61,Jan Choinski,Germany F9,2015-07-27,R32,ITF main draw,2015,2012-18,"Result, no statistics",True,True,False,False,True,False,False,False,False,False,0.0,0.0,0.0,0.0,0.0,0.0,0.0,0.0
CH12:atp:2015/205/ms001:DA31,Jan Choinski,Germany F10,2015-08-03,F,ITF main draw,2015,2012-18,"Result, no statistics",True,True,False,False,False,True,False,False,True,False,0.0,0.0,0.0,0.0,0.0,0.0,0.0,0.0
CH12:atp:2015/205/ms003:L996,Jan Choinski,Germany F10,2015-08-03,SF,ITF main draw,2015,2012-18,"Result, no statistics",True,True,True,False,False,True,False,False,True,False,0.0,0.0,0.0,0.0,0.0,0.0,0.0,0.0
CH12:atp:2015/205/ms006:A725,Jan Choinski,Germany F10,2015-08-03,QF,ITF main draw,2015,2012-18,"Result, no statistics",True,True,False,False,True,False,False,False,True,False,0.0,0.0,0.0,0.0,0.0,0.0,0.0,0.0
CH12:atp:2015/205/ms012:O484,Jan Choinski,Germany F10,2015-08-03,R16,ITF main draw,2015,2012-18,"Result, no statistics",True,True,False,False,True,False,False,False,False,False,0.0,0.0,0.0,0.0,0.0,0.0,0.0,0.0
CH12:atp:2015/205/ms024:WB25,Jan Choinski,Germany F10,2015-08-03,R32,ITF main draw,2015,2012-18,"Result, no statistics",True,True,False,False,True,False,False,False,False,False,0.0,0.0,0.0,0.0,0.0,0.0,0.0,0.0
CH12:atp:2015/6876/ms006:BL05,Jan Choinski,Belgium F10,2015-08-10,QF,ITF main draw,2015,2012-18,"Result, no statistics",True,True,True,False,False,True,False,False,False,False,0.0,0.0,0.0,0.0,0.0,0.0,0.0,0.0
CH12:atp:2015/6876/ms013:O482,Jan Choinski,Belgium F10,2015-08-10,R16,ITF main draw,2015,2012-18,"Result, no statistics",True,True,True,False,False,True,False,False,True,False,0.0,0.0,0.0,0.0,0.0,0.0,0.0,0.0
CH12:atp:2015/6876/ms027:BP62,Jan Choinski,Belgium F10,2015-08-10,R32,ITF main draw,2015,2012-18,"Result, no statistics",True,True,True,False,False,True,False,False,False,False,0.0,0.0,0.0,0.0,0.0,0.0,0.0,0.0
CH12:atp:2015/1698/ms028:H997,Jan Choinski,Netherlands F5,2015-08-17,R32,ITF main draw,2015,2012-18,"Result, no statistics",True,True,True,False,False,True,False,False,True,False,0.0,0.0,0.0,0.0,0.0,0.0,0.0,0.0
CH12:atp:2015/6201/ms004:MH16,Jan Choinski,Netherlands F6,2015-08-24,QF,ITF main draw,2015,2012-18,"Result, no statistics",True,True,True,False,False,True,False,False,False,False,0.0,0.0,0.0,0.0,0.0,0.0,0.0,0.0
CH12:atp:2015/6201/ms008:CD00,Jan Choinski,Netherlands F6,2015-08-24,R16,ITF main draw,2015,2012-18,"Result, no statistics",True,True,False,False,False,True,False,False,False,False,0.0,0.0,0.0,0.0,0.0,0.0,0.0,0.0
CH12:atp:2015/6201/ms017:V750,Jan Choinski,Netherlands F6,2015-08-24,R32,ITF main draw,2015,2012-18,"Result, no statistics",True,True,True,False,False,True,False,False,True,False,0.0,0.0,0.0,0.0,0.0,0.0,0.0,0.0
CH12:atp:2015/812/ms012:H997,Jan Choinski,France F18,2015-09-14,R16,ITF main draw,2015,2012-18,"Result, no statistics",True,True,True,False,False,True,False,False,False,False,0.0,0.0,0.0,0.0,0.0,0.0,0.0,0.0
CH12:atp:2015/812/ms024:PL93,Jan Choinski,France F18,2015-09-14,R32,ITF main draw,2015,2012-18,"Result, no statistics",True,True,True,False,False,True,False,False,False,False,0.0,0.0,0.0,0.0,0.0,0.0,0.0,0.0
CH12:atp:2015/813/ms002:A789,Jan Choinski,France F19,2015-09-21,SF,ITF main draw,2015,2012-18,"Result, no statistics",True,True,False,False,True,False,False,False,True,False,0.0,0.0,0.0,0.0,0.0,0.0,0.0,0.0
CH12:atp:2015/813/ms005:V886,Jan Choinski,France F19,2015-09-21,QF,ITF main draw,2015,2012-18,"Result, no statistics",True,True,True,False,False,True,False,False,True,False,0.0,0.0,0.0,0.0,0.0,0.0,0.0,0.0
CH12:atp:2015/813/ms011:AC55,Jan Choinski,France F19,2015-09-21,R16,ITF main draw,2015,2012-18,"Result, no statistics",True,True,True,False,False,True,False,False,False,False,0.0,0.0,0.0,0.0,0.0,0.0,0.0,0.0
CH12:atp:2015/813/ms023:RH54,Jan Choinski,France F19,2015-09-21,R32,ITF main draw,2015,2012-18,"Result, no statistics",True,True,True,False,False,True,False,False,True,False,0.0,0.0,0.0,0.0,0.0,0.0,0.0,0.0
CH12:atp:2015/4085/ms001:HH26,Jan Choinski,France F20,2015-09-28,F,ITF main draw,2015,2012-18,"Result, no statistics",True,True,False,False,True,False,False,False,False,False,0.0,0.0,0.0,0.0,0.0,0.0,0.0,0.0
CH12:atp:2015/4085/ms003:GF95,Jan Choinski,France F20,2015-09-28,SF,ITF main draw,2015,2012-18,"Result, no statistics",True,True,False,False,True,False,False,False,True,False,0.0,0.0,0.0,0.0,0.0,0.0,0.0,0.0
CH12:atp:2015/4085/ms006:CN78,Jan Choinski,France F20,2015-09-28,QF,ITF main draw,2015,2012-18,"Result, no statistics",True,True,False,False,True,False,False,False,True,False,0.0,0.0,0.0,0.0,0.0,0.0,0.0,0.0
CH12:atp:2015/4085/ms013:WA94,Jan Choinski,France F20,2015-09-28,R16,ITF main draw,2015,2012-18,"Result, no statistics",True,True,False,False,True,False,False,False,True,False,0.0,0.0,0.0,0.0,0.0,0.0,0.0,0.0
CH12:atp:2015/4085/ms027:LC13,Jan Choinski,France F20,2015-09-28,R32,ITF main draw,2015,2012-18,"Result, no statistics",True,True,False,False,True,False,False,False,False,False,0.0,0.0,0.0,0.0,0.0,0.0,0.0,0.0
CH12:atp:2015/2139/ms001:MJ71,Jan Choinski,Germany F15,2015-10-05,F,ITF main draw,2015,2012-18,"Result, no statistics",True,True,False,False,True,False,False,False,True,False,0.0,0.0,0.0,0.0,0.0,0.0,0.0,0.0
CH12:atp:2015/2139/ms002:K909,Jan Choinski,Germany F15,2015-10-05,SF,ITF main draw,2015,2012-18,"Result, no statistics",True,True,False,False,True,False,False,False,False,False,0.0,0.0,0.0,0.0,0.0,0.0,0.0,0.0
CH12:atp:2015/2139/ms005:GC03,Jan Choinski,Germany F15,2015-10-05,QF,ITF main draw,2015,2012-18,"Result, no statistics",True,True,False,False,True,False,False,False,True,False,0.0,0.0,0.0,0.0,0.0,0.0,0.0,0.0
CH12:atp:2015/2139/ms011:HB31,Jan Choinski,Germany F15,2015-10-05,R16,ITF main draw,2015,2012-18,"Result, no statistics",True,True,False,False,True,False,False,False,True,False,0.0,0.0,0.0,0.0,0.0,0.0,0.0,0.0
CH12:atp:2015/2139/ms023:SU13,Jan Choinski,Germany F15,2015-10-05,R32,ITF main draw,2015,2012-18,"Result, no statistics",True,True,False,False,True,False,False,False,True,False,0.0,0.0,0.0,0.0,0.0,0.0,0.0,0.0
CH12:atp:2015/7164/ms006:AD41,Jan Choinski,Norway F1,2015-10-19,QF,ITF main draw,2015,2012-18,"Result, no statistics",True,True,True,False,False,True,False,False,False,False,0.0,0.0,0.0,0.0,0.0,0.0,0.0,0.0
CH12:atp:2015/7164/ms013:SL51,Jan Choinski,Norway F1,2015-10-19,R16,ITF main draw,2015,2012-18,"Result, no statistics",True,True,True,False,False,True,False,False,False,False,0.0,0.0,0.0,0.0,0.0,0.0,0.0,0.0
CH12:atp:2015/7164/ms027:W642,Jan Choinski,Norway F1,2015-10-19,R32,ITF main draw,2015,2012-18,"Result, no statistics",True,True,True,False,False,True,False,False,True,False,0.0,0.0,0.0,0.0,0.0,0.0,0.0,0.0
CH12:atp:2015/7188/ms003:DC76,Jan Choinski,Norway F2,2015-10-26,SF,ITF main draw,2015,2012-18,"Result, no statistics",True,True,True,False,False,True,False,False,True,False,0.0,0.0,0.0,0.0,0.0,0.0,0.0,0.0
CH12:atp:2015/7188/ms006:PL54,Jan Choinski,Norway F2,2015-10-26,QF,ITF main draw,2015,2012-18,"Result, no statistics",True,True,True,False,False,True,False,False,True,False,0.0,0.0,0.0,0.0,0.0,0.0,0.0,0.0
CH12:atp:2015/7188/ms013:SU61,Jan Choinski,Norway F2,2015-10-26,R16,ITF main draw,2015,2012-18,"Result, no statistics",True,True,True,False,False,True,False,False,False,False,0.0,0.0,0.0,0.0,0.0,0.0,0.0,0.0
CH12:atp:2015/7188/ms027:GJ37,Jan Choinski,Norway F2,2015-10-26,R32,ITF main draw,2015,2012-18,"Result, no statistics",True,True,True,False,False,True,False,False,False,False,0.0,0.0,0.0,0.0,0.0,0.0,0.0,0.0
CH12:atp:2015/7432/ms013:MM78,Jan Choinski,Norway F3,2015-11-02,R16,ITF main draw,2015,2012-18,"Result, no statistics",True,True,True,False,False,True,False,False,True,False,0.0,0.0,0.0,0.0,0.0,0.0,0.0,0.0
CH12:atp:2015/7432/ms027:F696,Jan Choinski,Norway F3,2015-11-02,R32,ITF main draw,2015,2012-18,"Result, no statistics",True,True,True,False,False,True,False,False,True,False,0.0,0.0,0.0,0.0,0.0,0.0,0.0,0.0
CH12:atp:2016/114/ms007:BA86,Jan Choinski,Germany F1,2016-01-11,QF,ITF main draw,2016,2012-18,"Result, no statistics",True,True,True,False,False,True,False,False,False,False,0.0,0.0,0.0,0.0,0.0,0.0,0.0,0.0
CH12:atp:2016/114/ms014:MH16,Jan Choinski,Germany F1,2016-01-11,R16,ITF main draw,2016,2012-18,"Result, no statistics",True,True,True,False,False,True,False,False,False,False,0.0,0.0,0.0,0.0,0.0,0.0,0.0,0.0
CH12:atp:2016/114/ms028:SU09,Jan Choinski,Germany F1,2016-01-11,R32,ITF main draw,2016,2012-18,"Result, no statistics",True,True,True,False,False,True,False,False,False,False,0.0,0.0,0.0,0.0,0.0,0.0,0.0,0.0
CH12:atp:2016/120/ms029:V763,Jan Choinski,Germany F2,2016-01-18,R32,ITF main draw,2016,2012-18,"Result, no statistics",True,True,True,False,False,True,False,False,False,False,0.0,0.0,0.0,0.0,0.0,0.0,0.0,0.0
CH12:atp:2016/179/ms010:I236,Jan Choinski,Germany F3,2016-01-25,R16,ITF main draw,2016,2012-18,"Result, no statistics",True,True,True,False,False,True,False,False,False,False,0.0,0.0,0.0,0.0,0.0,0.0,0.0,0.0
CH12:atp:2016/179/ms021:RA82,Jan Choinski,Germany F3,2016-01-25,R32,ITF main draw,2016,2012-18,"Result, no statistics",True,True,True,False,False,True,False,False,False,False,0.0,0.0,0.0,0.0,0.0,0.0,0.0,0.0
CH12:atp:2016/1513/ms001:I236,Jan Choinski,Switzerland F1,2016-02-08,F,ITF main draw,2016,2012-18,"Result, no statistics",True,True,False,False,True,False,False,False,False,False,0.0,0.0,0.0,0.0,0.0,0.0,0.0,0.0
CH12:atp:2016/1513/ms002:I305,Jan Choinski,Switzerland F1,2016-02-08,SF,ITF main draw,2016,2012-18,"Result, no statistics",True,True,True,False,False,True,False,False,False,False,0.0,0.0,0.0,0.0,0.0,0.0,0.0,0.0
CH12:atp:2016/1513/ms004:D499,Jan Choinski,Switzerland F1,2016-02-08,QF,ITF main draw,2016,2012-18,"Result, no statistics",True,True,True,False,False,True,False,False,False,False,0.0,0.0,0.0,0.0,0.0,0.0,0.0,0.0
CH12:atp:2016/1513/ms009:RA15,Jan Choinski,Switzerland F1,2016-02-08,R16,ITF main draw,2016,2012-18,"Result, no statistics",True,True,True,False,False,True,False,False,False,False,0.0,0.0,0.0,0.0,0.0,0.0,0.0,0.0
CH12:atp:2016/1513/ms018:BF27,Jan Choinski,Switzerland F1,2016-02-08,R32,ITF main draw,2016,2012-18,"Result, no statistics",True,True,True,False,False,True,False,False,False,False,0.0,0.0,0.0,0.0,0.0,0.0,0.0,0.0
CH12:atp:2016/1523/ms025:N661,Jan Choinski,Switzerland F2,2016-02-15,R32,ITF main draw,2016,2012-18,"Result, no statistics",True,True,False,False,True,False,False,False,False,False,0.0,0.0,0.0,0.0,0.0,0.0,0.0,0.0
CH12:atp:2016/265/ms008:MG08,Jan Choinski,France F4,2016-02-29,R16,ITF main draw,2016,2012-18,"Result, no statistics",True,True,False,False,True,False,False,False,False,False,0.0,0.0,0.0,0.0,0.0,0.0,0.0,0.0
CH12:atp:2016/265/ms017:BU54,Jan Choinski,France F4,2016-02-29,R32,ITF main draw,2016,2012-18,"Result, no statistics",True,True,False,False,True,False,False,False,False,False,0.0,0.0,0.0,0.0,0.0,0.0,0.0,0.0
CH12:atp:2016/452/ms005:MP01,Jan Choinski,U.S.A. F10,2016-03-14,QF,ITF main draw,2016,2012-18,"Result, no statistics",True,True,False,False,True,False,False,False,False,False,0.0,0.0,0.0,0.0,0.0,0.0,0.0,0.0
CH12:atp:2016/452/ms010:SK69,Jan Choinski,U.S.A. F10,2016-03-14,R16,ITF main draw,2016,2012-18,"Result, no statistics",True,True,False,False,True,False,False,False,False,False,0.0,0.0,0.0,0.0,0.0,0.0,0.0,0.0
CH12:atp:2016/452/ms020:MF78,Jan Choinski,U.S.A. F10,2016-03-14,R32,ITF main draw,2016,2012-18,"Result, no statistics",True,True,False,False,True,False,False,False,False,False,0.0,0.0,0.0,0.0,0.0,0.0,0.0,0.0
CH12:atp:2016/454/ms029:SK69,Jan Choinski,U.S.A. F11,2016-03-21,R32,ITF main draw,2016,2012-18,"Result, no statistics",True,True,False,False,True,False,False,False,False,False,0.0,0.0,0.0,0.0,0.0,0.0,0.0,0.0
CH12:atp:2016/458/ms006:H624,Jan Choinski,U.S.A. F12,2016-04-04,QF,ITF main draw,2016,2012-18,"Result, no statistics",True,True,True,False,False,True,False,False,False,False,0.0,0.0,0.0,0.0,0.0,0.0,0.0,0.0
CH12:atp:2016/458/ms012:MJ88,Jan Choinski,U.S.A. F12,2016-04-04,R16,ITF main draw,2016,2012-18,"Result, no statistics",True,True,True,False,False,True,False,False,False,False,0.0,0.0,0.0,0.0,0.0,0.0,0.0,0.0
CH12:atp:2016/458/ms024:TB84,Jan Choinski,U.S.A. F12,2016-04-04,R32,ITF main draw,2016,2012-18,"Result, no statistics",True,True,True,False,False,True,False,False,False,False,0.0,0.0,0.0,0.0,0.0,0.0,0.0,0.0
CH12:atp:2016/710/ms008:LA94,Jan Choinski,U.S.A. F13,2016-04-11,R16,ITF main draw,2016,2012-18,"Result, no statistics",True,True,True,False,False,True,False,False,False,False,0.0,0.0,0.0,0.0,0.0,0.0,0.0,0.0
CH12:atp:2016/710/ms017:TB84,Jan Choinski,U.S.A. F13,2016-04-11,R32,ITF main draw,2016,2012-18,"Result, no statistics",True,True,True,False,False,True,False,False,False,False,0.0,0.0,0.0,0.0,0.0,0.0,0.0,0.0
CH12:atp:2016/692/qs022:PB22,Jan Choinski,Tallahassee,2016-04-25,Q1,Challenger qualifying,2016,2012-18,Result + serve/return totals,True,True,False,False,False,True,False,False,False,False,0.336,0.0,0.0,0.0,0.0,0.0,0.0,0.0
CH12:atp:2016/460/qs004:T911,Jan Choinski,Heilbronn,2016-05-09,Q3,Challenger qualifying,2016,2012-18,Result + serve/return totals,True,True,False,False,False,True,False,False,False,False,0.336,0.0,0.0,0.0,0.0,0.0,0.0,0.0
CH12:atp:2016/460/qs009:SH77,Jan Choinski,Heilbronn,2016-05-09,Q2,Challenger qualifying,2016,2012-18,Result + serve/return totals,True,True,False,False,False,True,False,False,False,False,0.336,0.0,0.0,0.0,0.0,0.0,0.0,0.0
CH12:atp:2016/460/qs018:WB25,Jan Choinski,Heilbronn,2016-05-09,Q1,Challenger qualifying,2016,2012-18,Result + serve/return totals,True,True,False,False,False,True,False,False,False,False,0.336,0.0,0.0,0.0,0.0,0.0,0.0,0.0
CH12:atp:2016/7551/ms012:F651,Jan Choinski,Czech Republic F3,2016-05-23,R16,ITF main draw,2016,2012-18,"Result, no statistics",True,True,True,False,False,True,False,False,False,False,0.0,0.0,0.0,0.0,0.0,0.0,0.0,0.0
CH12:atp:2016/7551/ms024:SW51,Jan Choinski,Czech Republic F3,2016-05-23,R32,ITF main draw,2016,2012-18,"Result, no statistics",True,True,True,False,False,True,False,False,False,False,0.0,0.0,0.0,0.0,0.0,0.0,0.0,0.0
CH12:atp:2016/396/qs021:N897,Jan Choinski,Furth,2016-05-30,Q1,Challenger qualifying,2016,2012-18,Result + serve/return totals,True,True,False,False,True,False,False,False,False,False,0.336,0.0,0.0,0.0,0.0,0.0,0.0,0.0
CH12:atp:2016/321/ms022:SC77,Jan Choinski,Stuttgart,2016-06-06,R32,Tour main draw,2016,2012-18,Result + serve/return totals,True,True,False,False,True,False,False,False,False,False,0.954,0.0,0.0,0.0,0.0,0.0,0.0,0.0
CH12:atp:2016/838/ms005:GJ37,Jan Choinski,Netherlands F3,2016-06-27,QF,ITF main draw,2016,2012-18,"Result, no statistics",True,True,False,False,True,False,False,False,False,False,0.0,0.0,0.0,0.0,0.0,0.0,0.0,0.0
CH12:atp:2016/838/ms010:BO10,Jan Choinski,Netherlands F3,2016-06-27,R16,ITF main draw,2016,2012-18,"Result, no statistics",True,True,False,False,True,False,False,False,False,False,0.0,0.0,0.0,0.0,0.0,0.0,0.0,0.0
CH12:atp:2016/838/ms020:SN86,Jan Choinski,Netherlands F3,2016-06-27,R32,ITF main draw,2016,2012-18,"Result, no statistics",True,True,False,False,True,False,False,False,False,False,0.0,0.0,0.0,0.0,0.0,0.0,0.0,0.0
CH12:atp:2016/2134/ms018:N663,Jan Choinski,Netherlands F4,2016-07-04,R32,ITF main draw,2016,2012-18,"Result, no statistics",True,True,False,False,True,False,False,False,False,False,0.0,0.0,0.0,0.0,0.0,0.0,0.0,0.0
CH12:atp:2016/572/ms011:V750,Jan Choinski,Germany F7,2016-07-11,R16,ITF main draw,2016,2012-18,"Result, no statistics",True,True,False,False,True,False,False,False,False,False,0.0,0.0,0.0,0.0,0.0,0.0,0.0,0.0
CH12:atp:2016/572/ms023:F762,Jan Choinski,Germany F7,2016-07-11,R32,ITF main draw,2016,2012-18,"Result, no statistics",True,True,False,False,True,False,False,False,False,False,0.0,0.0,0.0,0.0,0.0,0.0,0.0,0.0
CH12:atp:2016/551/ms010:H896,Jan Choinski,Germany F8,2016-07-18,R16,ITF main draw,2016,2012-18,"Result, no statistics",True,True,False,False,True,False,False,False,False,False,0.0,0.0,0.0,0.0,0.0,0.0,0.0,0.0
CH12:atp:2016/551/ms021:PE69,Jan Choinski,Germany F8,2016-07-18,R32,ITF main draw,2016,2012-18,"Result, no statistics",True,True,False,False,True,False,False,False,False,False,0.0,0.0,0.0,0.0,0.0,0.0,0.0,0.0
CH12:atp:2016/488/ms026:N661,Jan Choinski,Germany F9,2016-08-01,R32,ITF main draw,2016,2012-18,"Result, no statistics",True,True,False,False,False,True,False,False,False,False,0.0,0.0,0.0,0.0,0.0,0.0,0.0,0.0
CH12:atp:2016/205/ms002:N661,Jan Choinski,Germany F10,2016-08-08,SF,ITF main draw,2016,2012-18,"Result, no statistics",True,True,True,False,False,True,False,False,False,False,0.0,0.0,0.0,0.0,0.0,0.0,0.0,0.0
CH12:atp:2016/205/ms005:BH87,Jan Choinski,Germany F10,2016-08-08,QF,ITF main draw,2016,2012-18,"Result, no statistics",True,True,True,False,False,True,False,False,False,False,0.0,0.0,0.0,0.0,0.0,0.0,0.0,0.0
CH12:atp:2016/205/ms011:KB43,Jan Choinski,Germany F10,2016-08-08,R16,ITF main draw,2016,2012-18,"Result, no statistics",True,True,True,False,False,True,False,False,False,False,0.0,0.0,0.0,0.0,0.0,0.0,0.0,0.0
CH12:atp:2016/205/ms023:B0C5,Jan Choinski,Germany F10,2016-08-08,R32,ITF main draw,2016,2012-18,"Result, no statistics",True,True,True,False,False,True,False,False,False,False,0.0,0.0,0.0,0.0,0.0,0.0,0.0,0.0
CH12:atp:2016/802/ms024:N897,Jan Choinski,Poland F5,2016-08-15,R32,ITF main draw,2016,2012-18,"Result, no statistics",True,True,True,False,False,True,False,False,False,False,0.0,0.0,0.0,0.0,0.0,0.0,0.0,0.0
CH12:atp:2016/412/ms016:RC93,Jan Choinski,U.S.A. F28,2016-09-12,R32,ITF main draw,2016,2012-18,"Result, no statistics",True,True,True,False,False,True,False,False,False,False,0.0,0.0,0.0,0.0,0.0,0.0,0.0,0.0
CH12:atp:2016/253/ms001:MK66,Jan Choinski,U.S.A. F29,2016-09-19,F,ITF main draw,2016,2012-18,"Result, no statistics",True,True,True,False,False,True,False,False,False,False,0.0,0.0,0.0,0.0,0.0,0.0,0.0,0.0
CH12:atp:2016/253/ms003:F664,Jan Choinski,U.S.A. F29,2016-09-19,SF,ITF main draw,2016,2012-18,"Result, no statistics",True,True,True,False,False,True,False,False,False,False,0.0,0.0,0.0,0.0,0.0,0.0,0.0,0.0
CH12:atp:2016/253/ms007:GC88,Jan Choinski,U.S.A. F29,2016-09-19,QF,ITF main draw,2016,2012-18,"Result, no statistics",True,True,True,False,False,True,False,False,False,False,0.0,0.0,0.0,0.0,0.0,0.0,0.0,0.0
CH12:atp:2016/253/ms015:RC93,Jan Choinski,U.S.A. F29,2016-09-19,R16,ITF main draw,2016,2012-18,"Result, no statistics",True,True,True,False,False,True,False,False,False,False,0.0,0.0,0.0,0.0,0.0,0.0,0.0,0.0
CH12:atp:2016/253/ms031:KA77,Jan Choinski,U.S.A. F29,2016-09-19,R32,ITF main draw,2016,2012-18,"Result, no statistics",True,True,True,False,False,True,False,False,False,False,0.0,0.0,0.0,0.0,0.0,0.0,0.0,0.0
CH12:atp:2016/1592/ms015:GB42,Jan Choinski,U.S.A. F30,2016-09-26,R16,ITF main draw,2016,2012-18,"Result, no statistics",True,True,False,False,True,False,False,False,False,False,0.0,0.0,0.0,0.0,0.0,0.0,0.0,0.0
CH12:atp:2016/1592/ms031:DA59,Jan Choinski,U.S.A. F30,2016-09-26,R32,ITF main draw,2016,2012-18,"Result, no statistics",True,True,True,False,False,True,False,False,False,False,0.0,0.0,0.0,0.0,0.0,0.0,0.0,0.0
CH12:atp:2016/3351/qs005:K964,Jan Choinski,Stockton,2016-10-03,Q3,Challenger qualifying,2016,2012-18,Result + serve/return totals,True,True,False,False,True,False,False,False,False,False,0.336,0.0,0.0,0.0,0.0,0.0,0.0,0.0
CH12:atp:2016/3351/qs011:LB50,Jan Choinski,Stockton,2016-10-03,Q2,Challenger qualifying,2016,2012-18,Result + serve/return totals,True,True,False,False,True,False,False,False,False,False,0.336,0.0,0.0,0.0,0.0,0.0,0.0,0.0
CH12:atp:2016/3351/qs023:SU55,Jan Choinski,Stockton,2016-10-03,Q1,Challenger qualifying,2016,2012-18,Result + serve/return totals,True,True,False,False,True,False,False,False,False,False,0.336,0.0,0.0,0.0,0.0,0.0,0.0,0.0
CH12:atp:2016/7339/qs027:K964,Jan Choinski,Fairfield,2016-10-10,Q1,Challenger qualifying,2016,2012-18,Result + serve/return totals,True,True,False,False,True,False,False,False,False,False,0.336,0.0,0.0,0.0,0.0,0.0,0.0,0.0
CH12:atp:2016/7645/ms011:W522,Jan Choinski,U.S.A. F33,2016-10-17,R16,ITF main draw,2016,2012-18,"Result, no statistics",True,True,False,False,True,False,False,False,False,False,0.0,0.0,0.0,0.0,0.0,0.0,0.0,0.0
CH12:atp:2016/7645/ms023:S0B2,Jan Choinski,U.S.A. F33,2016-10-17,R32,ITF main draw,2016,2012-18,"Result, no statistics",True,True,False,False,True,False,False,False,False,False,0.0,0.0,0.0,0.0,0.0,0.0,0.0,0.0
CH12:atp:2016/7654/ms012:GE03,Jan Choinski,U.S.A. F34,2016-10-24,R16,ITF main draw,2016,2012-18,"Result, no statistics",True,True,False,False,True,False,False,False,False,False,0.0,0.0,0.0,0.0,0.0,0.0,0.0,0.0
CH12:atp:2016/7654/ms025:M0CS,Jan Choinski,U.S.A. F34,2016-10-24,R32,ITF main draw,2016,2012-18,"Result, no statistics",True,True,False,False,True,False,False,False,False,False,0.0,0.0,0.0,0.0,0.0,0.0,0.0,0.0
CH12:atp:2017/114/ms005:KD87,Jan Choinski,Germany F1,2017-01-09,QF,ITF main draw,2017,2012-18,"Result, no statistics",True,True,False,False,False,True,False,False,True,False,0.0,0.0,0.0,0.0,0.0,0.0,0.0,0.0
CH12:atp:2017/114/ms011:R931,Jan Choinski,Germany F1,2017-01-09,R16,ITF main draw,2017,2012-18,"Result, no statistics",True,True,True,False,False,True,False,False,False,False,0.0,0.0,0.0,0.0,0.0,0.0,0.0,0.0
CH12:atp:2017/114/ms022:H844,Jan Choinski,Germany F1,2017-01-09,R32,ITF main draw,2017,2012-18,"Result, no statistics",True,True,False,False,True,False,False,False,True,False,0.0,0.0,0.0,0.0,0.0,0.0,0.0,0.0
CH12:atp:2017/7652/ms025:BC72,Jan Choinski,Koblenz,2017-01-16,R32,Challenger main draw,2017,2012-18,Result + serve/return totals,True,True,False,False,False,True,False,False,True,False,0.553,0.0,0.0,0.0,0.0,0.0,0.0,0.0
CH12:atp:2017/738/ms007:V717,Jan Choinski,Germany F3,2017-01-23,QF,ITF main draw,2017,2012-18,"Result, no statistics",True,True,True,False,False,True,False,False,True,False,0.0,0.0,0.0,0.0,0.0,0.0,0.0,0.0
CH12:atp:2017/738/ms015:GA71,Jan Choinski,Germany F3,2017-01-23,R16,ITF main draw,2017,2012-18,"Result, no statistics",True,True,True,False,False,True,False,False,True,False,0.0,0.0,0.0,0.0,0.0,0.0,0.0,0.0
CH12:atp:2017/738/ms030:E811,Jan Choinski,Germany F3,2017-01-23,R32,ITF main draw,2017,2012-18,"Result, no statistics",True,True,True,False,False,True,False,False,True,False,0.0,0.0,0.0,0.0,0.0,0.0,0.0,0.0
CH12:atp:2017/238/ms023:DF92,Jan Choinski,U.S.A. F8,2017-02-20,R32,ITF main draw,2017,2012-18,"Result, no statistics",True,True,True,True,False,True,False,False,False,False,0.0,0.0,0.0,0.0,0.0,0.0,0.0,0.0
CH12:atp:2017/431/ms013:PL56,Jan Choinski,U.S.A. F9,2017-02-27,R16,ITF main draw,2017,2012-18,"Result, no statistics",True,True,True,False,False,True,False,False,False,False,0.0,0.0,0.0,0.0,0.0,0.0,0.0,0.0
CH12:atp:2017/431/ms026:N763,Jan Choinski,U.S.A. F9,2017-02-27,R32,ITF main draw,2017,2012-18,"Result, no statistics",True,True,True,False,False,True,False,False,False,False,0.0,0.0,0.0,0.0,0.0,0.0,0.0,0.0
CH12:atp:2017/452/ms008:CG33,Jan Choinski,U.S.A. F10,2017-03-13,R16,ITF main draw,2017,2012-18,"Result, no statistics",True,True,False,False,False,True,False,False,False,False,0.0,0.0,0.0,0.0,0.0,0.0,0.0,0.0
CH12:atp:2017/452/ms017:WB27,Jan Choinski,U.S.A. F10,2017-03-13,R32,ITF main draw,2017,2012-18,"Result, no statistics",True,True,True,False,False,True,False,False,False,False,0.0,0.0,0.0,0.0,0.0,0.0,0.0,0.0
CH12:atp:2017/454/ms014:KA98,Jan Choinski,U.S.A. F11,2017-03-20,R16,ITF main draw,2017,2012-18,"Result, no statistics",True,True,True,True,False,True,False,False,False,False,0.0,0.0,0.0,0.0,0.0,0.0,0.0,0.0
CH12:atp:2017/454/ms028:TA04,Jan Choinski,U.S.A. F11,2017-03-20,R32,ITF main draw,2017,2012-18,"Result, no statistics",True,True,True,False,False,True,False,False,False,False,0.0,0.0,0.0,0.0,0.0,0.0,0.0,0.0
CH12:atp:2017/458/ms007:BC68,Jan Choinski,U.S.A. F12,2017-04-03,QF,ITF main draw,2017,2012-18,"Result, no statistics",False,False,False,False,True,False,False,False,False,False,0.0,0.0,0.0,0.0,0.0,0.0,0.0,0.0
CH12:atp:2017/458/ms015:SQ48,Jan Choinski,U.S.A. F12,2017-04-03,R16,ITF main draw,2017,2012-18,"Result, no statistics",True,True,False,False,True,False,False,False,False,False,0.0,0.0,0.0,0.0,0.0,0.0,0.0,0.0
CH12:atp:2017/458/ms031:MG08,Jan Choinski,U.S.A. F12,2017-04-03,R32,ITF main draw,2017,2012-18,"Result, no statistics",True,True,True,False,False,True,False,False,False,False,0.0,0.0,0.0,0.0,0.0,0.0,0.0,0.0
CH12:atp:2017/683/ms001:DA31,Jan Choinski,Sweden F1,2017-05-08,F,ITF main draw,2017,2012-18,"Result, no statistics",True,True,False,False,True,False,False,False,False,False,0.0,0.0,0.0,0.0,0.0,0.0,0.0,0.0
CH12:atp:2017/683/ms002:E688,Jan Choinski,Sweden F1,2017-05-08,SF,ITF main draw,2017,2012-18,"Result, no statistics",True,True,False,False,True,False,False,False,False,False,0.0,0.0,0.0,0.0,0.0,0.0,0.0,0.0
CH12:atp:2017/683/ms004:F09J,Jan Choinski,Sweden F1,2017-05-08,QF,ITF main draw,2017,2012-18,"Result, no statistics",True,True,False,False,True,False,False,False,False,False,0.0,0.0,0.0,0.0,0.0,0.0,0.0,0.0
CH12:atp:2017/683/ms008:PG94,Jan Choinski,Sweden F1,2017-05-08,R16,ITF main draw,2017,2012-18,"Result, no statistics",True,True,False,False,True,False,False,False,False,False,0.0,0.0,0.0,0.0,0.0,0.0,0.0,0.0
CH12:atp:2017/683/ms017:V691,Jan Choinski,Sweden F1,2017-05-08,R32,ITF main draw,2017,2012-18,"Result, no statistics",True,True,False,False,True,False,False,False,False,False,0.0,0.0,0.0,0.0,0.0,0.0,0.0,0.0
CH12:atp:2017/349/ms025:Z254,Jan Choinski,Sweden F2,2017-05-15,R32,ITF main draw,2017,2012-18,"Result, no statistics",True,True,False,False,True,False,False,False,False,False,0.0,0.0,0.0,0.0,0.0,0.0,0.0,0.0
CH12:atp:2017/7551/ms002:SN44,Jan Choinski,Czech Republic F3,2017-05-29,SF,ITF main draw,2017,2012-18,"Result, no statistics",True,True,True,False,False,True,False,False,False,False,0.0,0.0,0.0,0.0,0.0,0.0,0.0,0.0
CH12:atp:2017/7551/ms005:MI74,Jan Choinski,Czech Republic F3,2017-05-29,QF,ITF main draw,2017,2012-18,"Result, no statistics",True,True,True,False,False,True,False,False,False,False,0.0,0.0,0.0,0.0,0.0,0.0,0.0,0.0
CH12:atp:2017/7551/ms011:LE38,Jan Choinski,Czech Republic F3,2017-05-29,R16,ITF main draw,2017,2012-18,"Result, no statistics",True,True,False,False,True,False,False,False,False,False,0.0,0.0,0.0,0.0,0.0,0.0,0.0,0.0
CH12:atp:2017/7551/ms022:L0B9,Jan Choinski,Czech Republic F3,2017-05-29,R32,ITF main draw,2017,2012-18,"Result, no statistics",True,True,False,False,True,False,False,False,False,False,0.0,0.0,0.0,0.0,0.0,0.0,0.0,0.0
CH12:atp:2017/207/ms002:MQ75,Jan Choinski,Poland F1,2017-06-12,SF,ITF main draw,2017,2012-18,"Result, no statistics",True,True,True,False,False,True,False,False,False,False,0.0,0.0,0.0,0.0,0.0,0.0,0.0,0.0
CH12:atp:2017/207/ms005:KE69,Jan Choinski,Poland F1,2017-06-12,QF,ITF main draw,2017,2012-18,"Result, no statistics",True,True,True,False,False,True,False,False,False,False,0.0,0.0,0.0,0.0,0.0,0.0,0.0,0.0
CH12:atp:2017/207/ms011:CF60,Jan Choinski,Poland F1,2017-06-12,R16,ITF main draw,2017,2012-18,"Result, no statistics",True,True,True,False,False,True,False,False,False,False,0.0,0.0,0.0,0.0,0.0,0.0,0.0,0.0
CH12:atp:2017/207/ms023:LA54,Jan Choinski,Poland F1,2017-06-12,R32,ITF main draw,2017,2012-18,"Result, no statistics",True,True,True,False,False,True,False,False,False,False,0.0,0.0,0.0,0.0,0.0,0.0,0.0,0.0
CH12:atp:2017/214/ms027:FC26,Jan Choinski,Poland F2,2017-06-19,R32,ITF main draw,2017,2012-18,"Result, no statistics",True,True,True,False,False,True,False,False,False,False,0.0,0.0,0.0,0.0,0.0,0.0,0.0,0.0
CH12:atp:2017/256/ms003:E688,Jan Choinski,Poland F3,2017-06-26,SF,ITF main draw,2017,2012-18,"Result, no statistics",True,True,False,False,True,False,False,False,False,False,0.0,0.0,0.0,0.0,0.0,0.0,0.0,0.0
CH12:atp:2017/256/ms006:VA08,Jan Choinski,Poland F3,2017-06-26,QF,ITF main draw,2017,2012-18,"Result, no statistics",True,True,True,False,False,True,False,False,False,False,0.0,0.0,0.0,0.0,0.0,0.0,0.0,0.0
CH12:atp:2017/256/ms013:M0E4,Jan Choinski,Poland F3,2017-06-26,R16,ITF main draw,2017,2012-18,"Result, no statistics",True,True,True,False,False,True,False,False,False,False,0.0,0.0,0.0,0.0,0.0,0.0,0.0,0.0
CH12:atp:2017/256/ms027:AB67,Jan Choinski,Poland F3,2017-06-26,R32,ITF main draw,2017,2012-18,"Result, no statistics",True,True,True,False,False,True,False,False,False,False,0.0,0.0,0.0,0.0,0.0,0.0,0.0,0.0
CH12:atp:2017/572/ms002:LA93,Jan Choinski,Germany F7,2017-07-10,SF,ITF main draw,2017,2012-18,"Result, no statistics",True,True,False,False,True,False,False,False,False,False,0.0,0.0,0.0,0.0,0.0,0.0,0.0,0.0
CH12:atp:2017/572/ms005:HA28,Jan Choinski,Germany F7,2017-07-10,QF,ITF main draw,2017,2012-18,"Result, no statistics",True,True,False,False,True,False,False,False,False,False,0.0,0.0,0.0,0.0,0.0,0.0,0.0,0.0
CH12:atp:2017/572/ms011:KJ00,Jan Choinski,Germany F7,2017-07-10,R16,ITF main draw,2017,2012-18,"Result, no statistics",True,True,False,False,True,False,False,False,False,False,0.0,0.0,0.0,0.0,0.0,0.0,0.0,0.0
CH12:atp:2017/572/ms023:RH62,Jan Choinski,Germany F7,2017-07-10,R32,ITF main draw,2017,2012-18,"Result, no statistics",True,True,False,False,True,False,False,False,False,False,0.0,0.0,0.0,0.0,0.0,0.0,0.0,0.0
CH12:atp:2017/551/ms001:Z254,Jan Choinski,Germany F8,2017-07-17,F,ITF main draw,2017,2012-18,"Result, no statistics",True,True,False,False,True,False,False,False,False,False,0.0,0.0,0.0,0.0,0.0,0.0,0.0,0.0
CH12:atp:2017/551/ms002:J400,Jan Choinski,Germany F8,2017-07-17,SF,ITF main draw,2017,2012-18,"Result, no statistics",True,True,False,False,True,False,False,False,False,False,0.0,0.0,0.0,0.0,0.0,0.0,0.0,0.0
CH12:atp:2017/551/ms005:D935,Jan Choinski,Germany F8,2017-07-17,QF,ITF main draw,2017,2012-18,"Result, no statistics",True,True,False,False,True,False,False,False,False,False,0.0,0.0,0.0,0.0,0.0,0.0,0.0,0.0
CH12:atp:2017/551/ms011:LB51,Jan Choinski,Germany F8,2017-07-17,R16,ITF main draw,2017,2012-18,"Result, no statistics",True,True,False,False,True,False,False,False,False,False,0.0,0.0,0.0,0.0,0.0,0.0,0.0,0.0
CH12:atp:2017/551/ms023:LC58,Jan Choinski,Germany F8,2017-07-17,R32,ITF main draw,2017,2012-18,"Result, no statistics",True,True,False,False,True,False,False,False,False,False,0.0,0.0,0.0,0.0,0.0,0.0,0.0,0.0
CH12:atp:2017/488/ms001:SG56,Jan Choinski,Germany F9,2017-07-31,F,ITF main draw,2017,2012-18,"Result, no statistics",True,True,True,False,False,True,False,False,False,False,0.0,0.0,0.0,0.0,0.0,0.0,0.0,0.0
CH12:atp:2017/488/ms003:M0AC,Jan Choinski,Germany F9,2017-07-31,SF,ITF main draw,2017,2012-18,"Result, no statistics",True,True,True,False,False,True,False,False,False,False,0.0,0.0,0.0,0.0,0.0,0.0,0.0,0.0
CH12:atp:2017/488/ms007:HH26,Jan Choinski,Germany F9,2017-07-31,QF,ITF main draw,2017,2012-18,"Result, no statistics",True,True,False,False,True,False,False,False,False,False,0.0,0.0,0.0,0.0,0.0,0.0,0.0,0.0
CH12:atp:2017/488/ms014:O456,Jan Choinski,Germany F9,2017-07-31,R16,ITF main draw,2017,2012-18,"Result, no statistics",True,True,False,False,True,False,False,False,False,False,0.0,0.0,0.0,0.0,0.0,0.0,0.0,0.0
CH12:atp:2017/488/ms028:W676,Jan Choinski,Germany F9,2017-07-31,R32,ITF main draw,2017,2012-18,"Result, no statistics",True,True,False,False,True,False,False,False,False,False,0.0,0.0,0.0,0.0,0.0,0.0,0.0,0.0
CH12:atp:2017/205/ms001:E811,Jan Choinski,Germany F10,2017-08-07,F,ITF main draw,2017,2012-18,"Result, no statistics",True,True,True,False,False,True,False,False,False,False,0.0,0.0,0.0,0.0,0.0,0.0,0.0,0.0
CH12:atp:2017/205/ms003:RA43,Jan Choinski,Germany F10,2017-08-07,SF,ITF main draw,2017,2012-18,"Result, no statistics",True,True,True,False,False,True,False,False,False,False,0.0,0.0,0.0,0.0,0.0,0.0,0.0,0.0
CH12:atp:2017/205/ms006:LB51,Jan Choinski,Germany F10,2017-08-07,QF,ITF main draw,2017,2012-18,"Result, no statistics",True,True,True,False,False,True,False,False,False,False,0.0,0.0,0.0,0.0,0.0,0.0,0.0,0.0
CH12:atp:2017/205/ms012:L993,Jan Choinski,Germany F10,2017-08-07,R16,ITF main draw,2017,2012-18,"Result, no statistics",True,True,True,False,False,True,False,False,False,False,0.0,0.0,0.0,0.0,0.0,0.0,0.0,0.0
CH12:atp:2017/205/ms024:KC73,Jan Choinski,Germany F10,2017-08-07,R32,ITF main draw,2017,2012-18,"Result, no statistics",True,True,True,False,False,True,False,False,False,False,0.0,0.0,0.0,0.0,0.0,0.0,0.0,0.0
CH12:atp:2017/215/ms001:VA70,Jan Choinski,Germany F11,2017-08-14,F,ITF main draw,2017,2012-18,"Result, no statistics",True,True,True,False,False,True,False,False,False,False,0.0,0.0,0.0,0.0,0.0,0.0,0.0,0.0
CH12:atp:2017/215/ms003:HG94,Jan Choinski,Germany F11,2017-08-14,SF,ITF main draw,2017,2012-18,"Result, no statistics",True,True,True,False,False,True,False,False,False,False,0.0,0.0,0.0,0.0,0.0,0.0,0.0,0.0
CH12:atp:2017/215/ms007:P09Z,Jan Choinski,Germany F11,2017-08-14,QF,ITF main draw,2017,2012-18,"Result, no statistics",True,True,True,False,False,True,False,False,False,False,0.0,0.0,0.0,0.0,0.0,0.0,0.0,0.0
CH12:atp:2017/215/ms015:X017,Jan Choinski,Germany F11,2017-08-14,R16,ITF main draw,2017,2012-18,"Result, no statistics",True,True,True,False,False,True,False,False,False,False,0.0,0.0,0.0,0.0,0.0,0.0,0.0,0.0
CH12:atp:2017/215/ms031:M0BN,Jan Choinski,Germany F11,2017-08-14,R32,ITF main draw,2017,2012-18,"Result, no statistics",True,True,True,False,False,True,False,False,False,False,0.0,0.0,0.0,0.0,0.0,0.0,0.0,0.0
CH12:atp:2017/1768/ms014:HB05,Jan Choinski,Tiburon,2017-09-25,R16,Challenger main draw,2017,2012-18,Result + serve/return totals,True,True,True,False,False,True,False,False,False,False,0.553,0.0,0.0,0.0,0.0,0.0,0.0,0.0
CH12:atp:2017/1768/ms028:RB56,Jan Choinski,Tiburon,2017-09-25,R32,Challenger main draw,2017,2012-18,Result + serve/return totals,True,True,False,True,False,True,False,False,False,False,0.553,0.0,0.0,0.0,0.0,0.0,0.0,0.0
CH12:atp:2017/1768/qs006:U120,Jan Choinski,Tiburon,2017-09-25,Q3,Challenger qualifying,2017,2012-18,Result + serve/return totals,True,True,False,True,False,True,False,False,False,False,0.336,0.0,0.0,0.0,0.0,0.0,0.0,0.0
CH12:atp:2017/1768/qs013:GC87,Jan Choinski,Tiburon,2017-09-25,Q2,Challenger qualifying,2017,2012-18,Result + serve/return totals,True,True,False,False,False,True,False,False,False,False,0.336,0.0,0.0,0.0,0.0,0.0,0.0,0.0
CH12:atp:2017/1768/qs026:F664,Jan Choinski,Tiburon,2017-09-25,Q1,Challenger qualifying,2017,2012-18,Result + serve/return totals,True,True,False,False,False,True,False,False,False,False,0.336,0.0,0.0,0.0,0.0,0.0,0.0,0.0
CH12:atp:2017/3351/ms021:KB09,Jan Choinski,Stockton,2017-10-02,R32,Challenger main draw,2017,2012-18,Result + serve/return totals,True,True,False,False,False,True,False,False,False,False,0.553,0.0,0.0,0.0,0.0,0.0,0.0,0.0
CH12:atp:2017/3351/qs006:DB93,Jan Choinski,Stockton,2017-10-02,Q3,Challenger qualifying,2017,2012-18,Result + serve/return totals,True,True,False,False,False,True,False,False,False,False,0.336,0.0,0.0,0.0,0.0,0.0,0.0,0.0
CH12:atp:2017/3351/qs012:HA47,Jan Choinski,Stockton,2017-10-02,Q2,Challenger qualifying,2017,2012-18,Result + serve/return totals,True,True,False,False,False,True,False,False,False,False,0.336,0.0,0.0,0.0,0.0,0.0,0.0,0.0
CH12:atp:2017/7339/qs023:BH02,Jan Choinski,Fairfield,2017-10-09,Q1,Challenger qualifying,2017,2012-18,Result + serve/return totals,True,True,False,False,True,False,False,False,False,False,0.336,0.0,0.0,0.0,0.0,0.0,0.0,0.0
CH12:atp:2017/7345/ms004:SL08,Jan Choinski,Las Vegas,2017-10-16,QF,Challenger main draw,2017,2012-18,Result + serve/return totals,True,True,False,False,True,False,False,False,False,False,0.553,0.0,0.0,0.0,0.0,0.0,0.0,0.0
CH12:atp:2017/7345/ms009:G940,Jan Choinski,Las Vegas,2017-10-16,R16,Challenger main draw,2017,2012-18,Result + serve/return totals,True,True,False,False,True,False,False,False,False,False,0.553,0.0,0.0,0.0,0.0,0.0,0.0,0.0
CH12:atp:2017/7345/ms018:CJ60,Jan Choinski,Las Vegas,2017-10-16,R32,Challenger main draw,2017,2012-18,Result + serve/return totals,True,True,False,False,True,False,False,False,False,False,0.553,0.0,0.0,0.0,0.0,0.0,0.0,0.0
CH12:atp:2017/7345/qs004:N390,Jan Choinski,Las Vegas,2017-10-16,Q3,Challenger qualifying,2017,2012-18,Result + serve/return totals,True,True,False,False,True,False,False,False,False,False,0.336,0.0,0.0,0.0,0.0,0.0,0.0,0.0
CH12:atp:2017/7345/qs008:MF70,Jan Choinski,Las Vegas,2017-10-16,Q2,Challenger qualifying,2017,2012-18,Result + serve/return totals,True,True,False,False,True,False,False,False,False,False,0.336,0.0,0.0,0.0,0.0,0.0,0.0,0.0
CH12:atp:2017/6692/ms020:MV86,Jan Choinski,Turkey F45,2017-11-27,R32,ITF main draw,2017,2012-18,"Result, no statistics",True,True,False,False,True,False,False,False,False,False,0.0,0.0,0.0,0.0,0.0,0.0,0.0,0.0
CH12:atp:2017/6694/ms020:AB40,Jan Choinski,Turkey F46,2017-12-04,R32,ITF main draw,2017,2012-18,"Result, no statistics",True,True,True,False,False,True,False,False,False,False,0.0,0.0,0.0,0.0,0.0,0.0,0.0,0.0
CH12:atp:2018/114/ms008:KB92,Jan Choinski,Germany F1,2018-01-08,R16,ITF main draw,2018,2012-18,"Result, no statistics",True,True,True,False,False,True,False,False,False,False,0.0,0.0,0.0,0.0,0.0,0.0,0.0,0.0
CH12:atp:2018/114/ms016:BT42,Jan Choinski,Germany F1,2018-01-08,R32,ITF main draw,2018,2012-18,"Result, no statistics",True,True,True,False,False,True,False,False,False,False,0.0,0.0,0.0,0.0,0.0,0.0,0.0,0.0
CH12:atp:2018/7652/ms012:SK47,Jan Choinski,Koblenz,2018-01-15,R16,Challenger main draw,2018,2012-18,Result + serve/return totals,True,True,True,False,False,True,False,False,False,False,0.553,0.0,0.0,0.0,0.0,0.0,0.0,0.0
CH12:atp:2018/7652/ms024:R419,Jan Choinski,Koblenz,2018-01-15,R32,Challenger main draw,2018,2012-18,Result + serve/return totals,True,True,True,False,False,True,False,False,False,False,0.553,0.0,0.0,0.0,0.0,0.0,0.0,0.0
CH12:atp:2018/120/ms002:HB67,Jan Choinski,Germany F2,2018-01-22,SF,ITF main draw,2018,2012-18,"Result, no statistics",True,True,True,False,False,True,False,False,False,False,0.0,0.0,0.0,0.0,0.0,0.0,0.0,0.0
CH12:atp:2018/120/ms004:V812,Jan Choinski,Germany F2,2018-01-22,QF,ITF main draw,2018,2012-18,"Result, no statistics",True,True,True,False,False,True,False,False,False,False,0.0,0.0,0.0,0.0,0.0,0.0,0.0,0.0
CH12:atp:2018/120/ms009:W483,Jan Choinski,Germany F2,2018-01-22,R16,ITF main draw,2018,2012-18,"Result, no statistics",True,True,True,False,False,True,False,False,False,False,0.0,0.0,0.0,0.0,0.0,0.0,0.0,0.0
CH12:atp:2018/120/ms019:LH83,Jan Choinski,Germany F2,2018-01-22,R32,ITF main draw,2018,2012-18,"Result, no statistics",True,True,True,False,False,True,False,False,False,False,0.0,0.0,0.0,0.0,0.0,0.0,0.0,0.0
CH12:atp:2018/1513/ms031:RA62,Jan Choinski,Switzerland F1,2018-02-05,R32,ITF main draw,2018,2012-18,"Result, no statistics",True,True,True,False,False,True,False,False,False,False,0.0,0.0,0.0,0.0,0.0,0.0,0.0,0.0
CH12:atp:2018/6963/ms026:PC78,Jan Choinski,Morelos,2018-02-19,R32,Challenger main draw,2018,2012-18,Result + serve/return totals,True,True,False,False,False,True,False,False,False,False,0.553,0.0,0.0,0.0,0.0,0.0,0.0,0.0
CH12:atp:2018/7851/qs014:SP05,Jan Choinski,Indian Wells,2018-02-26,Q1,Challenger qualifying,2018,2012-18,Result + serve/return totals,True,True,False,False,False,True,False,False,False,False,0.336,0.0,0.0,0.0,0.0,0.0,0.0,0.0
CH12:atp:2018/229/ms001:BK19,Jan Choinski,U.S.A. F7,2018-03-12,F,ITF main draw,2018,2012-18,"Result, no statistics",True,True,False,False,True,False,False,False,False,False,0.0,0.0,0.0,0.0,0.0,0.0,0.0,0.0
CH12:atp:2018/229/ms003:GH92,Jan Choinski,U.S.A. F7,2018-03-12,SF,ITF main draw,2018,2012-18,"Result, no statistics",True,True,False,False,True,False,False,False,False,False,0.0,0.0,0.0,0.0,0.0,0.0,0.0,0.0
CH12:atp:2018/229/ms006:BV27,Jan Choinski,U.S.A. F7,2018-03-12,QF,ITF main draw,2018,2012-18,"Result, no statistics",True,True,True,False,False,True,False,False,False,False,0.0,0.0,0.0,0.0,0.0,0.0,0.0,0.0
CH12:atp:2018/229/ms013:AD41,Jan Choinski,U.S.A. F7,2018-03-12,R16,ITF main draw,2018,2012-18,"Result, no statistics",True,True,False,False,False,True,False,False,False,False,0.0,0.0,0.0,0.0,0.0,0.0,0.0,0.0
CH12:atp:2018/229/ms027:HA47,Jan Choinski,U.S.A. F7,2018-03-12,R32,ITF main draw,2018,2012-18,"Result, no statistics",True,True,True,False,False,True,False,False,False,False,0.0,0.0,0.0,0.0,0.0,0.0,0.0,0.0
CH12:atp:2018/213/ms007:A853,Jan Choinski,San Luis Potosi,2018-03-26,QF,Challenger main draw,2018,2012-18,Result + serve/return totals,True,True,False,False,True,False,False,False,False,False,0.553,0.0,0.0,0.0,0.0,0.0,0.0,0.0
CH12:atp:2018/213/ms015:SI82,Jan Choinski,San Luis Potosi,2018-03-26,R16,Challenger main draw,2018,2012-18,Result + serve/return totals,True,True,False,False,True,False,False,False,False,False,0.553,0.0,0.0,0.0,0.0,0.0,0.0,0.0
CH12:atp:2018/213/ms031:MI43,Jan Choinski,San Luis Potosi,2018-03-26,R32,Challenger main draw,2018,2012-18,Result + serve/return totals,True,True,False,False,True,False,False,False,False,False,0.553,0.0,0.0,0.0,0.0,0.0,0.0,0.0
CH12:atp:2018/7705/ms004:LB84,Jan Choinski,Panama City,2018-04-02,QF,Challenger main draw,2018,2012-18,Result + serve/return totals,True,True,False,False,True,False,False,False,False,False,0.553,0.0,0.0,0.0,0.0,0.0,0.0,0.0
CH12:atp:2018/7705/ms008:CI14,Jan Choinski,Panama City,2018-04-02,R16,Challenger main draw,2018,2012-18,Result + serve/return totals,True,True,False,False,True,False,False,False,False,False,0.553,0.0,0.0,0.0,0.0,0.0,0.0,0.0
CH12:atp:2018/7705/ms016:MJ88,Jan Choinski,Panama City,2018-04-02,R32,Challenger main draw,2018,2012-18,Result + serve/return totals,True,True,False,False,True,False,False,False,False,False,0.553,0.0,0.0,0.0,0.0,0.0,0.0,0.0
CH12:atp:2018/6724/ms005:A941,Jan Choinski,Mexico City,2018-04-09,QF,Challenger main draw,2018,2012-18,Result + serve/return totals,True,True,False,False,True,False,False,False,False,False,0.553,0.0,0.0,0.0,0.0,0.0,0.0,0.0
CH12:atp:2018/6724/ms010:B884,Jan Choinski,Mexico City,2018-04-09,R16,Challenger main draw,2018,2012-18,Result + serve/return totals,True,True,False,False,True,False,False,False,False,False,0.553,0.0,0.0,0.0,0.0,0.0,0.0,0.0
CH12:atp:2018/6724/ms021:N561,Jan Choinski,Mexico City,2018-04-09,R32,Challenger main draw,2018,2012-18,Result + serve/return totals,True,True,False,False,True,False,False,False,False,False,0.553,0.0,0.0,0.0,0.0,0.0,0.0,0.0
CH12:atp:2018/5069/ms022:BF23,Jan Choinski,Sarasota,2018-04-16,R32,Challenger main draw,2018,2012-18,Result + serve/return totals,True,True,False,False,False,True,False,False,False,False,0.553,0.0,0.0,0.0,0.0,0.0,0.0,0.0
CH12:atp:2018/5069/qs005:U120,Jan Choinski,Sarasota,2018-04-16,Q3,Challenger qualifying,2018,2012-18,Result + serve/return totals,True,True,False,False,False,True,False,False,False,False,0.336,0.0,0.0,0.0,0.0,0.0,0.0,0.0
CH12:atp:2018/5069/qs010:SR94,Jan Choinski,Sarasota,2018-04-16,Q2,Challenger qualifying,2018,2012-18,Result + serve/return totals,True,True,False,False,False,True,False,False,False,False,0.336,0.0,0.0,0.0,0.0,0.0,0.0,0.0
CH12:atp:2018/692/ms030:LB84,Jan Choinski,Tallahassee,2018-04-23,R32,Challenger main draw,2018,2012-18,Result + serve/return totals,True,True,False,False,False,True,False,False,False,False,0.553,0.0,0.0,0.0,0.0,0.0,0.0,0.0
CH12:atp:2018/5067/ms023:DA31,Jan Choinski,Savannah,2018-04-30,R32,Challenger main draw,2018,2012-18,Result + serve/return totals,True,True,True,False,False,True,False,False,False,False,0.553,0.0,0.0,0.0,0.0,0.0,0.0,0.0
CH12:atp:2018/322/qs013:D499,Jan Choinski,Geneva,2018-05-21,Q1,Tour qualifying,2018,2012-18,Result + serve/return totals,True,True,False,False,False,True,False,False,False,False,0.0,0.0,0.0,0.0,0.0,0.0,0.0,0.0
CH12:atp:2018/520/qs055:O482,Jan Choinski,Roland Garros,2018-05-28,Q2,Tour qualifying,2018,2012-18,Result + serve/return totals,True,True,False,True,False,True,False,False,False,False,0.16,0.0,0.0,0.0,0.0,0.0,0.0,0.0
CH12:atp:2018/520/qs111:BK92,Jan Choinski,Roland Garros,2018-05-28,Q1,Tour qualifying,2018,2012-18,Result + serve/return totals,True,True,False,False,False,True,False,False,False,False,0.16,0.0,0.0,0.0,0.0,0.0,0.0,0.0
CH12:atp:2018/558/ms018:KH56,Jan Choinski,Prostejov,2018-06-04,R32,Challenger main draw,2018,2012-18,Result + serve/return totals,True,True,False,False,False,True,False,False,False,False,0.553,0.0,0.0,0.0,0.0,0.0,0.0,0.0
CH12:atp:2018/321/qs014:KB09,Jan Choinski,Stuttgart,2018-06-11,Q1,Tour qualifying,2018,2012-18,Result + serve/return totals,True,True,False,False,False,True,False,False,False,False,0.0,0.0,0.0,0.0,0.0,0.0,0.0,0.0
CH12:atp:2018/3627/ms028:V495,Jan Choinski,L'Aquila,2018-06-18,R32,Challenger main draw,2018,2012-18,Result + serve/return totals,True,True,False,False,False,True,False,False,False,False,0.553,0.0,0.0,0.0,0.0,0.0,0.0,0.0
CH12:atp:2018/741/qs013:G985,Jan Choinski,Eastbourne,2018-06-25,Q1,Tour qualifying,2018,2012-18,Result + serve/return totals,True,True,False,False,False,True,False,False,False,False,0.0,0.0,0.0,0.0,0.0,0.0,0.0,0.0
CH12:atp:2018/686/ms026:V812,Jan Choinski,Scheveningen,2018-07-16,R32,Challenger main draw,2018,2012-18,Result + serve/return totals,True,True,False,False,False,True,False,False,False,False,0.553,0.0,0.0,0.0,0.0,0.0,0.0,0.0
CH12:atp:2018/7920/ms028:A622,Jan Choinski,Padova,2018-07-23,R32,Challenger main draw,2018,2012-18,Result + serve/return totals,True,True,False,False,False,True,False,False,False,False,0.553,0.0,0.0,0.0,0.0,0.0,0.0,0.0
CH12:atp:2018/7922/ms015:L503,Jan Choinski,Sopot,2018-07-30,R16,Challenger main draw,2018,2012-18,Result + serve/return totals,True,True,False,False,False,True,False,False,False,False,0.553,0.0,0.0,0.0,0.0,0.0,0.0,0.0
CH12:atp:2018/7922/ms030:SJ22,Jan Choinski,Sopot,2018-07-30,R32,Challenger main draw,2018,2012-18,Result + serve/return totals,True,True,False,False,False,True,False,False,False,False,0.553,0.0,0.0,0.0,0.0,0.0,0.0,0.0
CH12:atp:2018/215/ms001:HG94,Jan Choinski,Germany F11,2018-08-06,F,ITF main draw,2018,2012-18,"Result, no statistics",True,True,False,False,True,False,False,False,False,False,0.0,0.0,0.0,0.0,0.0,0.0,0.0,0.0
CH12:atp:2018/215/ms002:N731,Jan Choinski,Germany F11,2018-08-06,SF,ITF main draw,2018,2012-18,"Result, no statistics",True,True,False,False,True,False,False,False,False,False,0.0,0.0,0.0,0.0,0.0,0.0,0.0,0.0
CH12:atp:2018/215/ms004:S0AV,Jan Choinski,Germany F11,2018-08-06,QF,ITF main draw,2018,2012-18,"Result, no statistics",True,True,False,False,True,False,False,False,False,False,0.0,0.0,0.0,0.0,0.0,0.0,0.0,0.0
CH12:atp:2018/215/ms008:V09F,Jan Choinski,Germany F11,2018-08-06,R16,ITF main draw,2018,2012-18,"Result, no statistics",True,True,False,False,True,False,False,False,False,False,0.0,0.0,0.0,0.0,0.0,0.0,0.0,0.0
CH12:atp:2018/215/ms016:R0E0,Jan Choinski,Germany F11,2018-08-06,R32,ITF main draw,2018,2012-18,"Result, no statistics",True,True,True,False,False,True,False,False,False,False,0.0,0.0,0.0,0.0,0.0,0.0,0.0,0.0
CH12:atp:2018/6809/ms001:HA28,Jan Choinski,Meerbusch,2018-08-13,F,Challenger main draw,2018,2012-18,Result + serve/return totals,True,True,False,False,True,False,False,False,False,False,0.553,0.0,0.0,0.0,0.0,0.0,0.0,0.0
CH12:atp:2018/6809/ms002:BA65,Jan Choinski,Meerbusch,2018-08-13,SF,Challenger main draw,2018,2012-18,Result + serve/return totals,True,True,False,False,True,False,False,False,False,False,0.553,0.0,0.0,0.0,0.0,0.0,0.0,0.0
CH12:atp:2018/6809/ms004:Z419,Jan Choinski,Meerbusch,2018-08-13,QF,Challenger main draw,2018,2012-18,Result + serve/return totals,True,True,False,False,True,False,False,False,False,False,0.553,0.0,0.0,0.0,0.0,0.0,0.0,0.0
CH12:atp:2018/6809/ms008:BU13,Jan Choinski,Meerbusch,2018-08-13,R16,Challenger main draw,2018,2012-18,Result + serve/return totals,True,True,False,False,True,False,False,False,False,False,0.553,0.0,0.0,0.0,0.0,0.0,0.0,0.0
CH12:atp:2018/6809/ms017:H804,Jan Choinski,Meerbusch,2018-08-13,R32,Challenger main draw,2018,2012-18,Result + serve/return totals,True,True,False,False,True,False,False,False,False,False,0.553,0.0,0.0,0.0,0.0,0.0,0.0,0.0
CH12:atp:2018/6387/ms001:SQ79,Jan Choinski,Belgium F9,2018-08-20,F,ITF main draw,2018,2012-18,"Result, no statistics",True,True,True,False,False,True,False,False,False,False,0.0,0.0,0.0,0.0,0.0,0.0,0.0,0.0
CH12:atp:2018/6387/ms002:B0DQ,Jan Choinski,Belgium F9,2018-08-20,SF,ITF main draw,2018,2012-18,"Result, no statistics",True,True,True,False,False,True,False,False,False,False,0.0,0.0,0.0,0.0,0.0,0.0,0.0,0.0
CH12:atp:2018/6387/ms004:A09T,Jan Choinski,Belgium F9,2018-08-20,QF,ITF main draw,2018,2012-18,"Result, no statistics",True,True,True,False,False,True,False,False,False,False,0.0,0.0,0.0,0.0,0.0,0.0,0.0,0.0
CH12:atp:2018/6387/ms008:S0GZ,Jan Choinski,Belgium F9,2018-08-20,R16,ITF main draw,2018,2012-18,"Result, no statistics",True,True,False,False,True,False,False,False,False,False,0.0,0.0,0.0,0.0,0.0,0.0,0.0,0.0
CH12:atp:2018/6387/ms016:M09H,Jan Choinski,Belgium F9,2018-08-20,R32,ITF main draw,2018,2012-18,"Result, no statistics",True,True,False,False,True,False,False,False,False,False,0.0,0.0,0.0,0.0,0.0,0.0,0.0,0.0
CH12:atp:2018/7316/ms026:Y124,Jan Choinski,Cary,2018-09-10,R32,Challenger main draw,2018,2012-18,Result + serve/return totals,True,True,True,True,False,True,False,False,False,False,0.553,0.0,0.0,0.0,0.0,0.0,0.0,0.0
CH12:atp:2018/7318/ms029:W09G,Jan Choinski,Columbus,2018-09-17,R32,Challenger main draw,2018,2012-18,Result + serve/return totals,True,True,True,False,False,True,False,False,False,False,0.553,0.0,0.0,0.0,0.0,0.0,0.0,0.0
CH12:atp:2018/1768/qs007:O340,Jan Choinski,Tiburon,2018-09-24,Q3,Challenger qualifying,2018,2012-18,Result + serve/return totals,True,True,False,False,False,True,False,False,False,False,0.336,0.0,0.0,0.0,0.0,0.0,0.0,0.0
CH12:atp:2018/1768/qs014:GB42,Jan Choinski,Tiburon,2018-09-24,Q2,Challenger qualifying,2018,2012-18,Result + serve/return totals,True,True,False,False,False,True,False,False,False,False,0.336,0.0,0.0,0.0,0.0,0.0,0.0,0.0
CH12:atp:2018/1768/qs028:J0AU,Jan Choinski,Tiburon,2018-09-24,Q1,Challenger qualifying,2018,2012-18,Missing,True,True,False,False,False,True,False,False,False,False,0.336,0.0,0.0,0.0,0.0,0.0,0.0,0.0
CH12:atp:2018/3351/ms023:RH16,Jan Choinski,Stockton,2018-10-01,R32,Challenger main draw,2018,2012-18,Result + serve/return totals,True,True,False,False,False,True,False,False,False,False,0.553,0.0,0.0,0.0,0.0,0.0,0.0,0.0
CH12:atp:2018/7339/qs012:HH06,Jan Choinski,Fairfield,2018-10-08,Q2,Challenger qualifying,2018,2012-18,Result + serve/return totals,True,True,False,False,False,True,False,False,False,False,0.336,0.0,0.0,0.0,0.0,0.0,0.0,0.0
CH12:atp:2018/7339/qs024:GH46,Jan Choinski,Fairfield,2018-10-08,Q1,Challenger qualifying,2018,2012-18,Result + serve/return totals,True,True,False,False,False,True,False,False,False,False,0.336,0.0,0.0,0.0,0.0,0.0,0.0,0.0
CH12:atp:2018/9128/ms011:RH16,Jan Choinski,Calgary,2018-10-15,R16,Challenger main draw,2018,2012-18,Result + serve/return totals,True,True,True,True,False,True,False,False,False,False,0.553,0.0,0.0,0.0,0.0,0.0,0.0,0.0
CH12:atp:2018/9128/ms022:KE64,Jan Choinski,Calgary,2018-10-15,R32,Challenger main draw,2018,2012-18,Result + serve/return totals,True,True,True,False,False,True,False,False,False,False,0.553,0.0,0.0,0.0,0.0,0.0,0.0,0.0
CH12:atp:2018/7345/ms026:O340,Jan Choinski,Las Vegas,2018-10-22,R32,Challenger main draw,2018,2012-18,Result + serve/return totals,True,True,False,False,False,True,False,False,False,False,0.553,0.0,0.0,0.0,0.0,0.0,0.0,0.0
CH12:atp:2018/6055/qs008:BT72,Jan Choinski,Charlottesville,2018-10-29,Q2,Challenger qualifying,2018,2012-18,Result + serve/return totals,True,True,False,False,False,True,False,False,False,False,0.336,0.0,0.0,0.0,0.0,0.0,0.0,0.0
CH12:atp:2018/6055/qs016:SQ48,Jan Choinski,Charlottesville,2018-10-29,Q1,Challenger qualifying,2018,2012-18,Result + serve/return totals,True,True,False,False,False,True,False,False,False,False,0.336,0.0,0.0,0.0,0.0,0.0,0.0,0.0
CH12:atp:2018/363/qs016:SQ48,Jan Choinski,Knoxville,2018-11-05,Q1,Challenger qualifying,2018,2012-18,Result + serve/return totals,True,True,False,False,True,False,False,False,False,False,0.336,0.0,0.0,0.0,0.0,0.0,0.0,0.0
CH12:atp:2019/9152/ms054:R0A5,Jan Choinski,Orlando,2018-12-31,R64,Challenger main draw,2018,2012-18,Result + serve/return totals,True,True,False,False,True,False,False,False,False,False,0.553,0.0,0.0,0.0,0.0,0.0,0.0,0.0
CH12:atp:2019/7318/ms007:W09G,Jan Choinski,Columbus,2019-01-07,QF,Challenger main draw,2019,2019-21,Result + serve/return totals,True,True,False,False,True,False,False,False,False,False,0.553,0.0,0.0,0.0,0.0,0.0,0.0,0.0
CH12:atp:2019/7318/ms014:GA71,Jan Choinski,Columbus,2019-01-07,R16,Challenger main draw,2019,2019-21,Result + serve/return totals,True,True,False,False,True,False,False,False,False,False,0.553,0.0,0.0,0.0,0.0,0.0,0.0,0.0
CH12:atp:2019/7318/ms028:BM95,Jan Choinski,Columbus,2019-01-07,R32,Challenger main draw,2019,2019-21,Result + serve/return totals,True,True,False,False,True,False,False,False,False,False,0.553,0.0,0.0,0.0,0.0,0.0,0.0,0.0
CH12:atp:2019/7318/ms057:G892,Jan Choinski,Columbus,2019-01-07,R64,Challenger main draw,2019,2019-21,Result + serve/return totals,True,True,False,False,True,False,False,False,False,False,0.553,0.0,0.0,0.0,0.0,0.0,0.0,0.0
CH12:atp:2019/7845/ms034:HB05,Jan Choinski,Newport Beach,2019-01-21,R64,Challenger main draw,2019,2019-21,Result + serve/return totals,True,True,False,False,True,False,False,False,False,False,0.553,0.0,0.0,0.0,0.0,0.0,0.0,0.0
CH12:atp:2019/9154/ms029:BA65,Jan Choinski,Cleveland,2019-01-28,R32,Challenger main draw,2019,2019-21,Result + serve/return totals,True,True,False,False,True,False,False,False,False,False,0.553,0.0,0.0,0.0,0.0,0.0,0.0,0.0
CH12:atp:2019/9154/ms058:J439,Jan Choinski,Cleveland,2019-01-28,R64,Challenger main draw,2019,2019-21,Result + serve/return totals,True,True,False,False,True,False,False,False,False,False,0.553,0.0,0.0,0.0,0.0,0.0,0.0,0.0
CH12:atp:2019/695/ms020:O522,Jan Choinski,Dallas,2019-02-04,R32,Challenger main draw,2019,2019-21,Result + serve/return totals,True,True,True,False,False,True,False,False,False,False,0.553,0.0,0.0,0.0,0.0,0.0,0.0,0.0
CH12:atp:2019/695/ms041:Z09K,Jan Choinski,Dallas,2019-02-04,R64,Challenger main draw,2019,2019-21,Result + serve/return totals,True,True,True,False,False,True,False,False,False,False,0.553,0.0,0.0,0.0,0.0,0.0,0.0,0.0
CH12:atp:2019/854/ms007:MJ01,Jan Choinski,Bergamo,2019-02-18,QF,Challenger main draw,2019,2019-21,Result + serve/return totals,True,True,False,True,False,True,False,False,False,False,0.553,0.0,0.0,0.0,0.0,0.0,0.0,0.0
CH12:atp:2019/854/ms015:CI14,Jan Choinski,Bergamo,2019-02-18,R16,Challenger main draw,2019,2019-21,Result + serve/return totals,True,True,False,False,False,True,False,False,False,False,0.553,0.0,0.0,0.0,0.0,0.0,0.0,0.0
CH12:atp:2019/854/ms031:A0BA,Jan Choinski,Bergamo,2019-02-18,R32,Challenger main draw,2019,2019-21,Result + serve/return totals,True,True,False,False,False,True,False,False,False,False,0.553,0.0,0.0,0.0,0.0,0.0,0.0,0.0
CH12:atp:2019/854/ms062:BM95,Jan Choinski,Bergamo,2019-02-18,R64,Challenger main draw,2019,2019-21,Result + serve/return totals,True,True,False,False,False,True,False,False,False,False,0.553,0.0,0.0,0.0,0.0,0.0,0.0,0.0
CH12:atp:2019/9162/ms010:BK92,Jan Choinski,Pau,2019-02-25,R16,Challenger main draw,2019,2019-21,Result + serve/return totals,True,True,True,False,False,True,False,False,False,False,0.553,0.0,0.0,0.0,0.0,0.0,0.0,0.0
CH12:atp:2019/9162/ms021:PG32,Jan Choinski,Pau,2019-02-25,R32,Challenger main draw,2019,2019-21,Result + serve/return totals,True,True,True,False,False,True,False,False,False,False,0.553,0.0,0.0,0.0,0.0,0.0,0.0,0.0
CH12:atp:2019/9162/ms042:G935,Jan Choinski,Pau,2019-02-25,R64,Challenger main draw,2019,2019-21,Result + serve/return totals,True,True,True,False,False,True,False,False,False,False,0.553,0.0,0.0,0.0,0.0,0.0,0.0,0.0
CH12:atp:2019/7874/ms007:MH16,Jan Choinski,Lille,2019-03-18,QF,Challenger main draw,2019,2019-21,Result + serve/return totals,True,True,True,False,False,True,False,False,False,False,0.553,0.0,0.0,0.0,0.0,0.0,0.0,0.0
CH12:atp:2019/7874/ms014:RH54,Jan Choinski,Lille,2019-03-18,R16,Challenger main draw,2019,2019-21,Result + serve/return totals,True,True,True,True,False,True,False,False,False,False,0.553,0.0,0.0,0.0,0.0,0.0,0.0,0.0
CH12:atp:2019/7874/ms029:H997,Jan Choinski,Lille,2019-03-18,R32,Challenger main draw,2019,2019-21,Result + serve/return totals,True,True,True,False,False,True,False,False,False,False,0.553,0.0,0.0,0.0,0.0,0.0,0.0,0.0
CH12:atp:2019/7874/ms058:HA28,Jan Choinski,Lille,2019-03-18,R64,Challenger main draw,2019,2019-21,Result + serve/return totals,True,True,True,True,False,True,False,False,False,False,0.553,0.0,0.0,0.0,0.0,0.0,0.0,0.0
CH12:atp:2019/9171/ms021:Y268,Jan Choinski,Murcia,2019-04-08,R32,Challenger main draw,2019,2019-21,Result + serve/return totals,True,True,False,False,False,True,False,False,False,False,0.553,0.0,0.0,0.0,0.0,0.0,0.0,0.0
CH12:atp:2019/9171/ms042:V758,Jan Choinski,Murcia,2019-04-08,R64,Challenger main draw,2019,2019-21,Result + serve/return totals,True,True,True,False,False,True,False,False,False,False,0.553,0.0,0.0,0.0,0.0,0.0,0.0,0.0
CH12:atp:2019/3824/ms061:PH64,Jan Choinski,Bordeaux,2019-04-29,R64,Challenger main draw,2019,2019-21,Result + serve/return totals,True,True,False,False,False,True,False,False,False,False,0.553,0.0,0.0,0.0,0.0,0.0,0.0,0.0
CH12:atp:2019/9005/ms042:K964,Jan Choinski,Ilkley,2019-06-17,R64,Challenger main draw,2019,2019-21,Result + serve/return totals,True,True,True,False,False,True,False,False,False,False,0.553,0.0,0.0,0.0,0.0,0.0,0.0,0.0
CH12:atp:2019/540/qs102:D994,Jan Choinski,Wimbledon,2019-07-01,Q1,Tour qualifying,2019,2019-21,Result + serve/return totals,True,True,True,True,False,True,False,False,False,False,0.16,0.0,0.0,0.0,0.0,0.0,0.0,0.0
CH12:atp:2019/9196/ms037:AE14,Jan Choinski,Ludwigshafen,2019-07-01,R64,Challenger main draw,2019,2019-21,Result + serve/return totals,True,True,False,False,True,False,False,False,False,False,0.553,0.0,0.0,0.0,0.0,0.0,0.0,0.0
CH12:atp:2019/9198/ms015:CG33,Jan Choinski,Amersfoort,2019-07-15,R16,Challenger main draw,2019,2019-21,Result + serve/return totals,True,True,False,False,True,False,False,False,False,False,0.553,0.0,0.0,0.0,0.0,0.0,0.0,0.0
CH12:atp:2019/9198/ms030:D776,Jan Choinski,Amersfoort,2019-07-15,R32,Challenger main draw,2019,2019-21,Result + serve/return totals,True,True,False,False,True,False,False,False,False,False,0.553,0.0,0.0,0.0,0.0,0.0,0.0,0.0
CH12:atp:2019/9198/ms061:O408,Jan Choinski,Amersfoort,2019-07-15,R64,Challenger main draw,2019,2019-21,Result + serve/return totals,True,True,False,False,True,False,False,False,False,False,0.553,0.0,0.0,0.0,0.0,0.0,0.0,0.0
CH12:atp:2019/600/ms028:MM66,Jan Choinski,Prague,2019-07-22,R32,Challenger main draw,2019,2019-21,Result + serve/return totals,True,True,False,False,True,False,False,False,False,False,0.553,0.0,0.0,0.0,0.0,0.0,0.0,0.0
CH12:atp:2019/600/ms057:SF41,Jan Choinski,Prague,2019-07-22,R64,Challenger main draw,2019,2019-21,Result + serve/return totals,True,True,False,False,True,False,False,False,False,False,0.553,0.0,0.0,0.0,0.0,0.0,0.0,0.0
CH12:atp:2019/7922/ms007:HA28,Jan Choinski,Sopot,2019-07-29,QF,Challenger main draw,2019,2019-21,Result + serve/return totals,True,True,False,False,True,False,False,False,False,False,0.553,0.0,0.0,0.0,0.0,0.0,0.0,0.0
CH12:atp:2019/7922/ms015:J400,Jan Choinski,Sopot,2019-07-29,R16,Challenger main draw,2019,2019-21,Result + serve/return totals,True,True,False,False,True,False,False,False,False,False,0.553,0.0,0.0,0.0,0.0,0.0,0.0,0.0
CH12:atp:2019/7922/ms030:BE68,Jan Choinski,Sopot,2019-07-29,R32,Challenger main draw,2019,2019-21,Result + serve/return totals,True,True,False,False,True,False,False,False,False,False,0.553,0.0,0.0,0.0,0.0,0.0,0.0,0.0
CH12:atp:2019/8266/ms046:O376,Jan Choinski,Augsburg,2019-08-05,R64,Challenger main draw,2019,2019-21,Result + serve/return totals,True,True,False,False,True,False,False,False,False,False,0.553,0.0,0.0,0.0,0.0,0.0,0.0,0.0
CH12:atp:2019/6809/ms003:KD70,Jan Choinski,Meerbusch,2019-08-12,SF,Challenger main draw,2019,2019-21,Result + serve/return totals,True,True,True,False,False,True,False,False,False,False,0.553,0.0,0.0,0.0,0.0,0.0,0.0,0.0
CH12:atp:2019/6809/ms007:WB25,Jan Choinski,Meerbusch,2019-08-12,QF,Challenger main draw,2019,2019-21,Result + serve/return totals,True,True,True,False,False,True,False,False,False,False,0.553,0.0,0.0,0.0,0.0,0.0,0.0,0.0
CH12:atp:2019/6809/ms014:KC56,Jan Choinski,Meerbusch,2019-08-12,R16,Challenger main draw,2019,2019-21,Result + serve/return totals,True,True,True,False,False,True,False,False,False,False,0.553,0.0,0.0,0.0,0.0,0.0,0.0,0.0
CH12:atp:2019/6809/ms028:M915,Jan Choinski,Meerbusch,2019-08-12,R32,Challenger main draw,2019,2019-21,Result + serve/return totals,True,True,True,False,False,True,False,False,False,False,0.553,0.0,0.0,0.0,0.0,0.0,0.0,0.0
CH12:atp:2019/3473/ms015:PG20,Jan Choinski,Como,2019-08-26,R16,Challenger main draw,2019,2019-21,Result + serve/return totals,True,True,True,False,False,True,False,False,False,False,0.553,0.0,0.0,0.0,0.0,0.0,0.0,0.0
CH12:atp:2019/3473/ms031:CE25,Jan Choinski,Como,2019-08-26,R32,Challenger main draw,2019,2019-21,Result + serve/return totals,True,True,True,False,False,True,False,False,False,False,0.553,0.0,0.0,0.0,0.0,0.0,0.0,0.0
CH12:atp:2019/3473/ms062:BS86,Jan Choinski,Como,2019-08-26,R64,Challenger main draw,2019,2019-21,Result + serve/return totals,True,True,True,False,False,True,False,False,False,False,0.553,0.0,0.0,0.0,0.0,0.0,0.0,0.0
CH12:atp:2019/1763/ms034:TE30,Jan Choinski,Genova,2019-09-02,R64,Challenger main draw,2019,2019-21,Result + serve/return totals,True,True,True,False,False,True,False,False,False,False,0.553,0.0,0.0,0.0,0.0,0.0,0.0,0.0
CH12:atp:2019/448/ms042:BF98,Jan Choinski,Szczecin,2019-09-09,R64,Challenger main draw,2019,2019-21,Result + serve/return totals,True,True,True,False,False,True,False,False,False,False,0.553,0.0,0.0,0.0,0.0,0.0,0.0,0.0
CH12:atp:2019/9132/ms062:M915,Jan Choinski,Barcelona,2019-09-30,R64,Challenger main draw,2019,2019-21,Result + serve/return totals,True,True,True,False,False,True,False,False,False,False,0.553,0.0,0.0,0.0,0.0,0.0,0.0,0.0
CH12:atp:2019/2136/ms001:SG13,Jan Choinski,M15 Bad Salzdetfurth,2019-10-07,F,ITF main draw,2019,2019-21,"Result, no statistics",True,True,False,False,True,False,False,False,False,False,0.0,0.0,0.0,0.0,0.0,0.0,0.0,0.0
CH12:atp:2019/2136/ms003:K906,Jan Choinski,M15 Bad Salzdetfurth,2019-10-07,SF,ITF main draw,2019,2019-21,"Result, no statistics",True,True,False,False,True,False,False,False,False,False,0.0,0.0,0.0,0.0,0.0,0.0,0.0,0.0
CH12:atp:2019/2136/ms007:S0GV,Jan Choinski,M15 Bad Salzdetfurth,2019-10-07,QF,ITF main draw,2019,2019-21,"Result, no statistics",True,True,True,False,False,True,False,False,False,False,0.0,0.0,0.0,0.0,0.0,0.0,0.0,0.0
CH12:atp:2019/2136/ms015:KH44,Jan Choinski,M15 Bad Salzdetfurth,2019-10-07,R16,ITF main draw,2019,2019-21,"Result, no statistics",True,True,True,False,False,True,False,False,False,False,0.0,0.0,0.0,0.0,0.0,0.0,0.0,0.0
CH12:atp:2019/2136/ms031:T0BV,Jan Choinski,M15 Bad Salzdetfurth,2019-10-07,R32,ITF main draw,2019,2019-21,"Result, no statistics",True,True,True,False,False,True,False,False,False,False,0.0,0.0,0.0,0.0,0.0,0.0,0.0,0.0
CH12:atp:2019/7793/ms058:AE14,Jan Choinski,Ismaning,2019-10-14,R64,Challenger main draw,2019,2019-21,Result + serve/return totals,True,True,False,False,True,False,False,False,False,False,0.553,0.0,0.0,0.0,0.0,0.0,0.0,0.0
CH12:atp:2019/8297/ms020:ML57,Jan Choinski,Hamburg,2019-10-21,R32,Challenger main draw,2019,2019-21,Result + serve/return totals,True,True,False,False,True,False,False,False,False,False,0.553,0.0,0.0,0.0,0.0,0.0,0.0,0.0
CH12:atp:2019/8297/ms041:W0AN,Jan Choinski,Hamburg,2019-10-21,R64,Challenger main draw,2019,2019-21,Result + serve/return totals,True,True,False,False,True,False,False,False,False,False,0.553,0.0,0.0,0.0,0.0,0.0,0.0,0.0
CH12:atp:2019/83/qs002:DC76,Jan Choinski,Eckental,2019-10-28,Q1,Challenger qualifying,2019,2019-21,Result + serve/return totals,True,True,False,False,True,False,False,False,False,False,0.336,0.0,0.0,0.0,0.0,0.0,0.0,0.0
CH12:atp:2019/6204/ms012:HA71,Jan Choinski,Ortisei,2019-11-11,R16,Challenger main draw,2019,2019-21,Result + serve/return totals,True,True,False,False,True,False,False,False,False,False,0.553,0.0,0.0,0.0,0.0,0.0,0.0,0.0
CH12:atp:2019/6204/ms025:O449,Jan Choinski,Ortisei,2019-11-11,R32,Challenger main draw,2019,2019-21,Result + serve/return totals,True,True,False,False,True,False,False,False,False,False,0.553,0.0,0.0,0.0,0.0,0.0,0.0,0.0
CH12:atp:2019/6204/ms050:H896,Jan Choinski,Ortisei,2019-11-11,R64,Challenger main draw,2019,2019-21,Result + serve/return totals,True,True,False,False,True,False,False,False,False,False,0.553,0.0,0.0,0.0,0.0,0.0,0.0,0.0
CH12:atp:2019/6675/ms004:SQ86,Jan Choinski,M15 Sarreguemines,2019-11-18,QF,ITF main draw,2019,2019-21,"Result, no statistics",True,True,True,False,False,True,False,False,False,False,0.0,0.0,0.0,0.0,0.0,0.0,0.0,0.0
CH12:atp:2019/6675/ms008:FC25,Jan Choinski,M15 Sarreguemines,2019-11-18,R16,ITF main draw,2019,2019-21,"Result, no statistics",True,True,False,False,True,False,False,False,False,False,0.0,0.0,0.0,0.0,0.0,0.0,0.0,0.0
CH12:atp:2019/6675/ms016:RH62,Jan Choinski,M15 Sarreguemines,2019-11-18,R32,ITF main draw,2019,2019-21,"Result, no statistics",True,True,False,False,True,False,False,False,False,False,0.0,0.0,0.0,0.0,0.0,0.0,0.0,0.0
CH12:atp:2019/7197/ms001:AE14,Jan Choinski,M15 Santo Domingo,2019-11-25,F,ITF main draw,2019,2019-21,"Result, no statistics",True,True,True,False,False,True,False,False,False,False,0.0,0.0,0.0,0.0,0.0,0.0,0.0,0.0
CH12:atp:2019/7197/ms002:J0A4,Jan Choinski,M15 Santo Domingo,2019-11-25,SF,ITF main draw,2019,2019-21,"Result, no statistics",True,True,False,False,False,True,False,False,False,False,0.0,0.0,0.0,0.0,0.0,0.0,0.0,0.0
CH12:atp:2019/7197/ms004:H0C9,Jan Choinski,M15 Santo Domingo,2019-11-25,QF,ITF main draw,2019,2019-21,"Result, no statistics",True,True,True,False,False,True,False,False,False,False,0.0,0.0,0.0,0.0,0.0,0.0,0.0,0.0
CH12:atp:2019/7197/ms008:Z239,Jan Choinski,M15 Santo Domingo,2019-11-25,R16,ITF main draw,2019,2019-21,"Result, no statistics",True,True,True,False,False,True,False,False,False,False,0.0,0.0,0.0,0.0,0.0,0.0,0.0,0.0
CH12:atp:2019/7197/ms016:CI19,Jan Choinski,M15 Santo Domingo,2019-11-25,R32,ITF main draw,2019,2019-21,"Result, no statistics",True,True,True,False,False,True,False,False,False,False,0.0,0.0,0.0,0.0,0.0,0.0,0.0,0.0
CH12:atp:2019/7468/ms001:U182,Jan Choinski,M15 Santo Domingo,2019-12-02,F,ITF main draw,2019,2019-21,"Result, no statistics",True,True,False,False,True,False,False,False,False,False,0.0,0.0,0.0,0.0,0.0,0.0,0.0,0.0
CH12:atp:2019/7468/ms002:J0A4,Jan Choinski,M15 Santo Domingo,2019-12-02,SF,ITF main draw,2019,2019-21,"Result, no statistics",True,True,True,False,False,True,False,False,False,False,0.0,0.0,0.0,0.0,0.0,0.0,0.0,0.0
CH12:atp:2019/7468/ms004:O634,Jan Choinski,M15 Santo Domingo,2019-12-02,QF,ITF main draw,2019,2019-21,"Result, no statistics",True,True,False,False,True,False,False,False,False,False,0.0,0.0,0.0,0.0,0.0,0.0,0.0,0.0
CH12:atp:2019/7468/ms008:K0EU,Jan Choinski,M15 Santo Domingo,2019-12-02,R16,ITF main draw,2019,2019-21,"Result, no statistics",True,True,True,True,False,True,False,False,False,False,0.0,0.0,0.0,0.0,0.0,0.0,0.0,0.0
CH12:atp:2019/7468/ms016:BP79,Jan Choinski,M15 Santo Domingo,2019-12-02,R32,ITF main draw,2019,2019-21,"Result, no statistics",True,True,True,False,False,True,False,False,False,False,0.0,0.0,0.0,0.0,0.0,0.0,0.0,0.0
CH12:atp:2020/8367/ms024:I0A7,Jan Choinski,M15 Heraklion,2020-11-02,R32,ITF main draw,2020,2019-21,"Result, no statistics",True,True,True,False,False,True,False,False,False,False,0.0,0.0,0.0,0.0,0.0,0.0,0.0,0.0
CH12:atp:2020/9417/ms013:FC26,Jan Choinski,M15 Heraklion,2020-11-09,R16,ITF main draw,2020,2019-21,"Result, no statistics",True,True,False,False,False,True,False,False,False,False,0.0,0.0,0.0,0.0,0.0,0.0,0.0,0.0
CH12:atp:2020/9417/ms027:HB48,Jan Choinski,M15 Heraklion,2020-11-09,R32,ITF main draw,2020,2019-21,"Result, no statistics",True,True,False,False,True,False,False,False,False,False,0.0,0.0,0.0,0.0,0.0,0.0,0.0,0.0
CH12:atp:2020/9419/ms013:D0AR,Jan Choinski,M15 Heraklion,2020-11-16,R16,ITF main draw,2020,2019-21,"Result, no statistics",True,True,False,False,True,False,False,False,False,False,0.0,0.0,0.0,0.0,0.0,0.0,0.0,0.0
CH12:atp:2020/9419/ms027:J09X,Jan Choinski,M15 Heraklion,2020-11-16,R32,ITF main draw,2020,2019-21,"Result, no statistics",True,True,False,False,True,False,False,False,False,False,0.0,0.0,0.0,0.0,0.0,0.0,0.0,0.0
CH12:atp:2020/9421/ms027:S0AR,Jan Choinski,M15 Heraklion,2020-11-23,R32,ITF main draw,2020,2019-21,"Result, no statistics",True,True,False,False,True,False,False,False,False,False,0.0,0.0,0.0,0.0,0.0,0.0,0.0,0.0
CH12:atp:2021/8144/ms002:Z0AB,Jan Choinski,M15 St. Petersburg,2021-02-01,SF,ITF main draw,2021,2019-21,"Result, no statistics",True,True,True,False,False,True,False,False,False,False,0.0,0.0,0.0,0.0,0.0,0.0,0.0,0.0
CH12:atp:2021/8144/ms004:GE28,Jan Choinski,M15 St. Petersburg,2021-02-01,QF,ITF main draw,2021,2019-21,"Result, no statistics",True,True,True,False,False,True,False,False,False,False,0.0,0.0,0.0,0.0,0.0,0.0,0.0,0.0
CH12:atp:2021/8144/ms008:P0EV,Jan Choinski,M15 St. Petersburg,2021-02-01,R16,ITF main draw,2021,2019-21,"Result, no statistics",True,True,True,False,False,True,False,False,False,False,0.0,0.0,0.0,0.0,0.0,0.0,0.0,0.0
CH12:atp:2021/8144/ms016:G0BY,Jan Choinski,M15 St. Petersburg,2021-02-01,R32,ITF main draw,2021,2019-21,"Result, no statistics",True,True,True,False,False,True,False,False,False,False,0.0,0.0,0.0,0.0,0.0,0.0,0.0,0.0
CH12:atp:2021/8190/ms002:TD47,Jan Choinski,M15 St. Petersburg,2021-02-08,SF,ITF main draw,2021,2019-21,"Result, no statistics",True,True,True,False,False,True,False,False,False,False,0.0,0.0,0.0,0.0,0.0,0.0,0.0,0.0
CH12:atp:2021/8190/ms004:CJ60,Jan Choinski,M15 St. Petersburg,2021-02-08,QF,ITF main draw,2021,2019-21,"Result, no statistics",True,True,True,False,False,True,False,False,False,False,0.0,0.0,0.0,0.0,0.0,0.0,0.0,0.0
CH12:atp:2021/8190/ms008:DB64,Jan Choinski,M15 St. Petersburg,2021-02-08,R16,ITF main draw,2021,2019-21,"Result, no statistics",True,True,True,False,False,True,False,False,False,False,0.0,0.0,0.0,0.0,0.0,0.0,0.0,0.0
CH12:atp:2021/8190/ms016:W09F,Jan Choinski,M15 St. Petersburg,2021-02-08,R32,ITF main draw,2021,2019-21,"Result, no statistics",True,True,True,False,False,True,False,False,False,False,0.0,0.0,0.0,0.0,0.0,0.0,0.0,0.0
CH12:atp:2022/8163/ms003:BV21,Jan Choinski,M25 Bath,2022-01-10,SF,ITF main draw,2022,2022-23,"Result, no statistics",True,True,True,False,False,True,False,False,False,False,0.0,0.0,0.0,0.0,0.0,0.0,0.0,0.0
CH12:atp:2022/8163/ms007:G0AO,Jan Choinski,M25 Bath,2022-01-10,QF,ITF main draw,2022,2022-23,"Result, no statistics",True,True,True,False,False,True,False,False,False,False,0.0,0.0,0.0,0.0,0.0,0.0,0.0,0.0
CH12:atp:2022/8163/ms015:W0DI,Jan Choinski,M25 Bath,2022-01-10,R16,ITF main draw,2022,2022-23,"Result, no statistics",True,True,True,False,False,True,False,False,False,False,0.0,0.0,0.0,0.0,0.0,0.0,0.0,0.0
CH12:atp:2022/8163/ms030:N754,Jan Choinski,M25 Bath,2022-01-10,R32,ITF main draw,2022,2022-23,"Result, no statistics",True,True,True,False,False,True,False,False,False,False,0.0,0.0,0.0,0.0,0.0,0.0,0.0,0.0
CH12:atp:2022/8224/ms003:E768,Jan Choinski,M25 Loughborough,2022-01-24,SF,ITF main draw,2022,2022-23,"Result, no statistics",True,True,True,False,False,True,False,False,False,False,0.0,0.0,0.0,0.0,0.0,0.0,0.0,0.0
CH12:atp:2022/8224/ms006:J0A4,Jan Choinski,M25 Loughborough,2022-01-24,QF,ITF main draw,2022,2022-23,"Result, no statistics",True,True,True,False,False,True,False,False,False,False,0.0,0.0,0.0,0.0,0.0,0.0,0.0,0.0
CH12:atp:2022/8224/ms012:L0EE,Jan Choinski,M25 Loughborough,2022-01-24,R16,ITF main draw,2022,2022-23,"Result, no statistics",True,True,True,False,False,True,False,False,False,False,0.0,0.0,0.0,0.0,0.0,0.0,0.0,0.0
CH12:atp:2022/8224/ms024:SO20,Jan Choinski,M25 Loughborough,2022-01-24,R32,ITF main draw,2022,2022-23,"Result, no statistics",True,True,False,False,False,True,False,False,False,False,0.0,0.0,0.0,0.0,0.0,0.0,0.0,0.0
CH12:atp:2022/8197/ms015:M0FA,Jan Choinski,M25 Loule,2022-03-14,R16,ITF main draw,2022,2022-23,"Result, no statistics",True,True,True,False,False,True,False,False,False,False,0.0,0.0,0.0,0.0,0.0,0.0,0.0,0.0
CH12:atp:2022/8197/ms030:D0H9,Jan Choinski,M25 Loule,2022-03-14,R32,ITF main draw,2022,2022-23,"Result, no statistics",True,True,True,False,False,True,False,False,False,False,0.0,0.0,0.0,0.0,0.0,0.0,0.0,0.0
CH12:atp:2022/8210/ms010:M0FA,Jan Choinski,M25 Quinta Do Lago,2022-03-21,R16,ITF main draw,2022,2022-23,"Result, no statistics",True,True,False,False,True,False,False,False,False,False,0.0,0.0,0.0,0.0,0.0,0.0,0.0,0.0
CH12:atp:2022/8210/ms021:L0DG,Jan Choinski,M25 Quinta Do Lago,2022-03-21,R32,ITF main draw,2022,2022-23,"Result, no statistics",True,True,False,False,True,False,False,False,False,False,0.0,0.0,0.0,0.0,0.0,0.0,0.0,0.0
CH12:atp:2022/9518/qs009:D0FJ,Jan Choinski,Oeiras 1,2022-03-28,Q2,Challenger qualifying,2022,2022-23,Result + serve/return totals,True,True,False,False,True,False,False,False,False,False,0.336,0.0,0.0,0.0,0.0,0.0,0.0,0.0
CH12:atp:2022/9518/qs019:CC98,Jan Choinski,Oeiras 1,2022-03-28,Q1,Challenger qualifying,2022,2022-23,Result + serve/return totals,True,True,False,False,True,False,False,False,False,False,0.336,0.0,0.0,0.0,0.0,0.0,0.0,0.0
CH12:atp:2022/9475/qs012:LI39,Jan Choinski,Oeiras 2,2022-04-04,Q2,Challenger qualifying,2022,2022-23,Result + serve/return totals,True,True,False,False,True,False,False,False,False,False,0.336,0.0,0.0,0.0,0.0,0.0,0.0,0.0
CH12:atp:2022/9475/qs025:MI69,Jan Choinski,Oeiras 2,2022-04-04,Q1,Challenger qualifying,2022,2022-23,Result + serve/return totals,True,True,False,False,True,False,False,False,False,False,0.336,0.0,0.0,0.0,0.0,0.0,0.0,0.0
CH12:atp:2022/3839/ms011:BV21,Jan Choinski,M25 Nottingham,2022-04-11,R16,ITF main draw,2022,2022-23,"Result, no statistics",True,True,False,False,True,False,False,False,False,False,0.0,0.0,0.0,0.0,0.0,0.0,0.0,0.0
CH12:atp:2022/3839/ms022:S0DH,Jan Choinski,M25 Nottingham,2022-04-11,R32,ITF main draw,2022,2022-23,"Result, no statistics",True,True,False,False,True,False,False,False,False,False,0.0,0.0,0.0,0.0,0.0,0.0,0.0,0.0
CH12:atp:2022/9840/ms011:P0B2,Jan Choinski,M25 Nottingham,2022-04-18,R16,ITF main draw,2022,2022-23,"Result, no statistics",True,True,False,False,True,False,False,False,False,False,0.0,0.0,0.0,0.0,0.0,0.0,0.0,0.0
CH12:atp:2022/9840/ms022:Q02D,Jan Choinski,M25 Nottingham,2022-04-18,R32,ITF main draw,2022,2022-23,"Result, no statistics",True,True,False,False,True,False,False,False,False,False,0.0,0.0,0.0,0.0,0.0,0.0,0.0,0.0
CH12:atp:2022/9842/ms008:M0F4,Jan Choinski,M25 Nottingham,2022-05-02,R16,ITF main draw,2022,2022-23,"Result, no statistics",True,True,True,False,False,True,False,False,False,False,0.0,0.0,0.0,0.0,0.0,0.0,0.0,0.0
CH12:atp:2022/9842/ms017:CN64,Jan Choinski,M25 Nottingham,2022-05-02,R32,ITF main draw,2022,2022-23,"Result, no statistics",True,True,True,False,False,True,False,False,False,False,0.0,0.0,0.0,0.0,0.0,0.0,0.0,0.0
CH12:atp:2022/612/ms009:F664,Jan Choinski,M25+H Kassel,2022-07-11,R16,ITF main draw,2022,2022-23,"Result, no statistics",True,True,True,False,False,True,False,False,False,False,0.0,0.0,0.0,0.0,0.0,0.0,0.0,0.0
CH12:atp:2022/612/ms018:F0FF,Jan Choinski,M25+H Kassel,2022-07-11,R32,ITF main draw,2022,2022-23,"Result, no statistics",True,True,True,False,False,True,False,False,False,False,0.0,0.0,0.0,0.0,0.0,0.0,0.0,0.0
CH12:atp:2022/572/ms004:H0A4,Jan Choinski,M25 Wetzlar,2022-08-01,QF,ITF main draw,2022,2022-23,"Result, no statistics",True,True,True,False,False,True,False,False,False,False,0.0,0.0,0.0,0.0,0.0,0.0,0.0,0.0
CH12:atp:2022/572/ms009:O0A2,Jan Choinski,M25 Wetzlar,2022-08-01,R16,ITF main draw,2022,2022-23,"Result, no statistics",True,True,True,False,False,True,False,False,False,False,0.0,0.0,0.0,0.0,0.0,0.0,0.0,0.0
CH12:atp:2022/572/ms018:S0GF,Jan Choinski,M25 Wetzlar,2022-08-01,R32,ITF main draw,2022,2022-23,"Result, no statistics",True,True,True,False,False,True,False,False,False,False,0.0,0.0,0.0,0.0,0.0,0.0,0.0,0.0
CH12:atp:2022/551/ms001:L0AT,Jan Choinski,M15 Frankfurt am Main,2022-08-08,F,ITF main draw,2022,2022-23,"Result, no statistics",True,True,True,False,False,True,False,False,False,False,0.0,0.0,0.0,0.0,0.0,0.0,0.0,0.0
CH12:atp:2022/551/ms003:W712,Jan Choinski,M15 Frankfurt am Main,2022-08-08,SF,ITF main draw,2022,2022-23,"Result, no statistics",True,True,True,False,False,True,False,False,False,False,0.0,0.0,0.0,0.0,0.0,0.0,0.0,0.0
CH12:atp:2022/551/ms006:P0CD,Jan Choinski,M15 Frankfurt am Main,2022-08-08,QF,ITF main draw,2022,2022-23,"Result, no statistics",True,True,True,False,False,True,False,False,False,False,0.0,0.0,0.0,0.0,0.0,0.0,0.0,0.0
CH12:atp:2022/551/ms012:SZ36,Jan Choinski,M15 Frankfurt am Main,2022-08-08,R16,ITF main draw,2022,2022-23,"Result, no statistics",False,False,False,False,False,True,False,False,False,False,0.0,0.0,0.0,0.0,0.0,0.0,0.0,0.0
CH12:atp:2022/551/ms024:BV18,Jan Choinski,M15 Frankfurt am Main,2022-08-08,R32,ITF main draw,2022,2022-23,"Result, no statistics",True,True,True,False,False,True,False,False,False,False,0.0,0.0,0.0,0.0,0.0,0.0,0.0,0.0
CH12:atp:2022/1607/ms009:AC58,Jan Choinski,Banja Luka,2022-08-22,R16,Challenger main draw,2022,2022-23,Result + serve/return totals,True,True,False,False,False,True,False,False,False,False,0.553,0.0,0.0,0.0,0.0,0.0,0.0,0.0
CH12:atp:2022/1607/ms019:GA79,Jan Choinski,Banja Luka,2022-08-22,R32,Challenger main draw,2022,2022-23,Result + serve/return totals,True,True,False,False,False,True,False,False,False,False,0.553,0.0,0.0,0.0,0.0,0.0,0.0,0.0
CH12:atp:2022/448/ms005:DB59,Jan Choinski,Szczecin,2022-09-12,QF,Challenger main draw,2022,2022-23,Result + serve/return totals,True,True,False,False,True,False,False,False,False,False,0.553,0.0,0.0,0.0,0.0,0.0,0.0,0.0
CH12:atp:2022/448/ms010:T0AP,Jan Choinski,Szczecin,2022-09-12,R16,Challenger main draw,2022,2022-23,Result + serve/return totals,True,True,False,False,True,False,False,False,False,False,0.553,0.0,0.0,0.0,0.0,0.0,0.0,0.0
CH12:atp:2022/448/ms021:J397,Jan Choinski,Szczecin,2022-09-12,R32,Challenger main draw,2022,2022-23,Result + serve/return totals,True,True,False,False,True,False,False,False,False,False,0.553,0.0,0.0,0.0,0.0,0.0,0.0,0.0
CH12:atp:2022/448/qs008:H0EH,Jan Choinski,Szczecin,2022-09-12,Q2,Challenger qualifying,2022,2022-23,Result + serve/return totals,True,True,False,False,True,False,False,False,False,False,0.336,0.0,0.0,0.0,0.0,0.0,0.0,0.0
CH12:atp:2022/448/qs017:S0AR,Jan Choinski,Szczecin,2022-09-12,Q1,Challenger qualifying,2022,2022-23,Result + serve/return totals,True,True,False,False,True,False,False,False,False,False,0.336,0.0,0.0,0.0,0.0,0.0,0.0,0.0
CH12:atp:2022/6590/ms031:M0JZ,Jan Choinski,Sibiu,2022-09-19,R32,Challenger main draw,2022,2022-23,Result + serve/return totals,True,True,False,False,True,False,False,False,False,False,0.553,0.0,0.0,0.0,0.0,0.0,0.0,0.0
CH12:atp:2022/6307/ms001:V836,Jan Choinski,Campinas,2022-10-03,F,Challenger main draw,2022,2022-23,Result + serve/return totals,True,True,False,False,False,True,False,False,False,False,0.553,0.0,0.0,0.0,0.0,0.0,0.0,0.0
CH12:atp:2022/6307/ms002:BU70,Jan Choinski,Campinas,2022-10-03,SF,Challenger main draw,2022,2022-23,Result + serve/return totals,True,True,False,False,False,True,False,False,False,False,0.553,0.0,0.0,0.0,0.0,0.0,0.0,0.0
CH12:atp:2022/6307/ms005:MP20,Jan Choinski,Campinas,2022-10-03,QF,Challenger main draw,2022,2022-23,Result + serve/return totals,True,True,False,False,True,False,False,False,False,False,0.553,0.0,0.0,0.0,0.0,0.0,0.0,0.0
CH12:atp:2022/6307/ms010:T0DM,Jan Choinski,Campinas,2022-10-03,R16,Challenger main draw,2022,2022-23,Result + serve/return totals,True,True,False,False,True,False,False,False,False,False,0.553,0.0,0.0,0.0,0.0,0.0,0.0,0.0
CH12:atp:2022/6307/ms020:LB07,Jan Choinski,Campinas,2022-10-03,R32,Challenger main draw,2022,2022-23,Result + serve/return totals,True,True,False,False,True,False,False,False,False,False,0.553,0.0,0.0,0.0,0.0,0.0,0.0,0.0
CH12:atp:2022/6307/qs009:Z0BY,Jan Choinski,Campinas,2022-10-03,Q2,Challenger qualifying,2022,2022-23,Result + serve/return totals,True,True,False,False,True,False,False,False,False,False,0.336,0.0,0.0,0.0,0.0,0.0,0.0,0.0
CH12:atp:2022/6307/qs019:C0JX,Jan Choinski,Campinas,2022-10-03,Q1,Challenger qualifying,2022,2022-23,Result + serve/return totals,True,True,False,False,True,False,False,False,False,False,0.336,0.0,0.0,0.0,0.0,0.0,0.0,0.0
CH12:atp:2022/2813/ms014:H997,Jan Choinski,Rio de Janeiro,2022-10-10,R16,Challenger main draw,2022,2022-23,Result + serve/return totals,True,True,False,False,False,True,False,False,False,False,0.553,0.0,0.0,0.0,0.0,0.0,0.0,0.0
CH12:atp:2022/2813/ms029:PG20,Jan Choinski,Rio de Janeiro,2022-10-10,R32,Challenger main draw,2022,2022-23,Result + serve/return totals,True,True,False,False,False,True,False,False,False,False,0.553,0.0,0.0,0.0,0.0,0.0,0.0,0.0
CH12:atp:2022/9573/ms017:M0GZ,Jan Choinski,Ambato,2022-10-17,R32,Challenger main draw,2022,2022-23,Result + serve/return totals,True,True,False,False,False,True,False,False,False,False,0.553,0.0,0.0,0.0,0.0,0.0,0.0,0.0
CH12:atp:2022/6579/ms031:EA24,Jan Choinski,Lima 2,2022-10-24,R32,Challenger main draw,2022,2022-23,Result + serve/return totals,True,True,False,False,False,True,False,False,False,False,0.553,0.0,0.0,0.0,0.0,0.0,0.0,0.0
CH12:atp:2022/6579/qs013:B0FV,Jan Choinski,Lima 2,2022-10-24,Q2,Challenger qualifying,2022,2022-23,Result + serve/return totals,True,True,False,False,False,True,False,False,False,False,0.336,0.0,0.0,0.0,0.0,0.0,0.0,0.0
CH12:atp:2022/6579/qs026:V846,Jan Choinski,Lima 2,2022-10-24,Q1,Challenger qualifying,2022,2022-23,Result + serve/return totals,True,True,False,False,False,True,False,False,False,False,0.336,0.0,0.0,0.0,0.0,0.0,0.0,0.0
CH12:atp:2022/7391/ms007:CF01,Jan Choinski,Guayaquil,2022-10-31,QF,Challenger main draw,2022,2022-23,Result + serve/return totals,True,True,False,False,False,True,False,False,False,False,0.553,0.0,0.0,0.0,0.0,0.0,0.0,0.0
CH12:atp:2022/7391/ms014:C0C8,Jan Choinski,Guayaquil,2022-10-31,R16,Challenger main draw,2022,2022-23,Result + serve/return totals,True,True,False,False,False,True,False,False,False,False,0.553,0.0,0.0,0.0,0.0,0.0,0.0,0.0
CH12:atp:2022/7391/ms029:T0A1,Jan Choinski,Guayaquil,2022-10-31,R32,Challenger main draw,2022,2022-23,Result + serve/return totals,True,True,False,False,False,True,False,False,False,False,0.553,0.0,0.0,0.0,0.0,0.0,0.0,0.0
CH12:atp:2022/7391/qs009:M0N7,Jan Choinski,Guayaquil,2022-10-31,Q2,Challenger qualifying,2022,2022-23,Result + serve/return totals,True,True,False,False,False,True,False,False,False,False,0.336,0.0,0.0,0.0,0.0,0.0,0.0,0.0
CH12:atp:2022/7391/qs018:AA49,Jan Choinski,Guayaquil,2022-10-31,Q1,Challenger qualifying,2022,2022-23,Result + serve/return totals,True,True,False,False,False,True,False,False,False,False,0.336,0.0,0.0,0.0,0.0,0.0,0.0,0.0
CH12:atp:2022/544/ms017:O660,Jan Choinski,Montevideo,2022-11-07,R32,Challenger main draw,2022,2022-23,Result + serve/return totals,True,True,False,False,False,True,False,False,False,False,0.553,0.0,0.0,0.0,0.0,0.0,0.0,0.0
CH12:atp:2022/544/qs009:W09B,Jan Choinski,Montevideo,2022-11-07,Q2,Challenger qualifying,2022,2022-23,Result + serve/return totals,True,True,False,False,False,True,False,False,False,False,0.336,0.0,0.0,0.0,0.0,0.0,0.0,0.0
CH12:atp:2022/544/qs018:F0DU,Jan Choinski,Montevideo,2022-11-07,Q1,Challenger qualifying,2022,2022-23,Result + serve/return totals,True,True,False,False,False,True,False,False,False,False,0.336,0.0,0.0,0.0,0.0,0.0,0.0,0.0
CH12:atp:2022/8312/ms005:N663,Jan Choinski,Maia,2022-11-28,QF,Challenger main draw,2022,2022-23,Result + serve/return totals,True,True,False,False,True,False,False,False,False,False,0.553,0.0,0.0,0.0,0.0,0.0,0.0,0.0
CH12:atp:2022/8312/ms010:F840,Jan Choinski,Maia,2022-11-28,R16,Challenger main draw,2022,2022-23,Result + serve/return totals,True,True,False,False,True,False,False,False,False,False,0.553,0.0,0.0,0.0,0.0,0.0,0.0,0.0
CH12:atp:2022/8312/ms021:SS25,Jan Choinski,Maia,2022-11-28,R32,Challenger main draw,2022,2022-23,Result + serve/return totals,True,True,False,False,True,False,False,False,False,False,0.553,0.0,0.0,0.0,0.0,0.0,0.0,0.0
CH12:atp:2022/4278/ms002:BU70,Jan Choinski,M15 Madrid,2022-12-05,SF,ITF main draw,2022,2022-23,"Result, no statistics",True,True,False,False,True,False,False,False,False,False,0.0,0.0,0.0,0.0,0.0,0.0,0.0,0.0
CH12:atp:2022/4278/ms004:M0L2,Jan Choinski,M15 Madrid,2022-12-05,QF,ITF main draw,2022,2022-23,"Result, no statistics",True,True,False,False,True,False,False,False,False,False,0.0,0.0,0.0,0.0,0.0,0.0,0.0,0.0
CH12:atp:2022/4278/ms008:C0KH,Jan Choinski,M15 Madrid,2022-12-05,R16,ITF main draw,2022,2022-23,"Result, no statistics",True,True,False,False,True,False,False,False,False,False,0.0,0.0,0.0,0.0,0.0,0.0,0.0,0.0
CH12:atp:2022/4278/ms016:S0I2,Jan Choinski,M15 Madrid,2022-12-05,R32,ITF main draw,2022,2022-23,"Result, no statistics",True,True,False,False,True,False,False,False,False,False,0.0,0.0,0.0,0.0,0.0,0.0,0.0,0.0
CH12:atp:2023/301/qs014:L0BV,Jan Choinski,Auckland,2023-01-09,Q1,Tour qualifying,2023,2022-23,Result + serve/return totals,True,True,False,False,True,False,True,False,False,False,0.0,0.0,0.0,0.0,0.0,0.0,0.0,0.0
CH12:atp:2023/2801/ms009:KH56,Jan Choinski,Nonthaburi 3,2023-01-16,R16,Challenger main draw,2023,2022-23,Result + serve/return totals,True,True,False,False,False,True,True,False,False,False,0.0,0.0,0.0,0.0,0.0,0.0,0.0,0.0
CH12:atp:2023/2801/ms018:N831,Jan Choinski,Nonthaburi 3,2023-01-16,R32,Challenger main draw,2023,2022-23,Result + serve/return totals,True,True,False,False,True,False,True,False,False,False,0.0,0.0,0.0,0.0,0.0,0.0,0.0,0.0
CH12:atp:2023/4284/ms002:MN20,Jan Choinski,M25 Nussloch,2023-01-23,SF,ITF main draw,2023,2022-23,"Result, no statistics",True,True,True,False,False,True,True,False,False,False,0.0,0.0,0.0,0.0,0.0,0.0,0.0,0.0
CH12:atp:2023/4284/ms004:B0C5,Jan Choinski,M25 Nussloch,2023-01-23,QF,ITF main draw,2023,2022-23,"Result, no statistics",True,True,True,False,False,True,True,False,False,False,0.0,0.0,0.0,0.0,0.0,0.0,0.0,0.0
CH12:atp:2023/4284/ms008:LC11,Jan Choinski,M25 Nussloch,2023-01-23,R16,ITF main draw,2023,2022-23,"Result, no statistics",True,True,True,False,False,True,True,False,False,False,0.0,0.0,0.0,0.0,0.0,0.0,0.0,0.0
CH12:atp:2023/4284/ms016:CH19,Jan Choinski,M25 Nussloch,2023-01-23,R32,ITF main draw,2023,2022-23,"Result, no statistics",True,True,True,False,False,True,True,False,False,False,0.0,0.0,0.0,0.0,0.0,0.0,0.0,0.0
CH12:atp:2023/7652/ms009:MP20,Jan Choinski,Koblenz,2023-01-30,R16,Challenger main draw,2023,2022-23,Result + serve/return totals,True,True,False,False,False,True,True,False,False,False,0.0,0.0,0.0,0.0,0.0,0.0,0.0,0.0
CH12:atp:2023/7652/ms018:Y171,Jan Choinski,Koblenz,2023-01-30,R32,Challenger main draw,2023,2022-23,Result + serve/return totals,True,True,False,False,False,True,True,False,False,False,0.0,0.0,0.0,0.0,0.0,0.0,0.0,0.0
CH12:atp:2023/398/ms002:Z0A1,Jan Choinski,Cherbourg,2023-02-13,SF,Challenger main draw,2023,2022-23,Result + serve/return totals,True,True,False,False,False,True,True,False,False,False,0.0,0.0,0.0,0.0,0.0,0.0,0.0,0.0
CH12:atp:2023/398/ms005:D0HD,Jan Choinski,Cherbourg,2023-02-13,QF,Challenger main draw,2023,2022-23,Result + serve/return totals,True,True,False,False,False,True,True,False,False,False,0.0,0.0,0.0,0.0,0.0,0.0,0.0,0.0
CH12:atp:2023/398/ms010:GF95,Jan Choinski,Cherbourg,2023-02-13,R16,Challenger main draw,2023,2022-23,Result + serve/return totals,True,True,False,False,False,True,True,False,False,False,0.0,0.0,0.0,0.0,0.0,0.0,0.0,0.0
CH12:atp:2023/398/ms021:Y171,Jan Choinski,Cherbourg,2023-02-13,R32,Challenger main draw,2023,2022-23,Result + serve/return totals,True,True,False,False,False,True,True,False,False,False,0.0,0.0,0.0,0.0,0.0,0.0,0.0,0.0
CH12:atp:2023/2849/ms008:R09X,Jan Choinski,Rovereto,2023-02-20,R16,Challenger main draw,2023,2022-23,Result + serve/return totals,True,True,False,False,False,True,True,False,False,False,0.0,0.0,0.0,0.0,0.0,0.0,0.0,0.0
CH12:atp:2023/2849/ms017:G09C,Jan Choinski,Rovereto,2023-02-20,R32,Challenger main draw,2023,2022-23,Result + serve/return totals,True,True,False,False,False,True,True,False,False,False,0.0,0.0,0.0,0.0,0.0,0.0,0.0,0.0
CH12:atp:2023/7911/ms024:LI10,Jan Choinski,Puerto Vallarta,2023-03-06,R32,Challenger main draw,2023,2022-23,Result + serve/return totals,True,True,False,False,False,True,True,False,False,False,0.0,0.0,0.0,0.0,0.0,0.0,0.0,0.0
CH12:atp:2023/9829/ms008:B0GY,Jan Choinski,M25 Anapoima,2023-03-13,R16,ITF main draw,2023,2022-23,"Result, no statistics",True,True,False,False,True,False,False,False,False,False,0.0,0.0,0.0,0.0,0.0,0.0,0.0,0.0
CH12:atp:2023/9829/ms016:P0IZ,Jan Choinski,M25 Anapoima,2023-03-13,R32,ITF main draw,2023,2022-23,"Result, no statistics",True,True,True,False,False,True,False,False,False,False,0.0,0.0,0.0,0.0,0.0,0.0,0.0,0.0
CH12:atp:2023/8362/ms004:R0F1,Jan Choinski,M25 Mosquera,2023-03-20,QF,ITF main draw,2023,2022-23,"Result, no statistics",True,True,False,False,True,False,False,False,False,False,0.0,0.0,0.0,0.0,0.0,0.0,0.0,0.0
CH12:atp:2023/8362/ms008:L0FV,Jan Choinski,M25 Mosquera,2023-03-20,R16,ITF main draw,2023,2022-23,"Result, no statistics",True,True,False,False,True,False,False,False,False,False,0.0,0.0,0.0,0.0,0.0,0.0,0.0,0.0
CH12:atp:2023/8362/ms016:O560,Jan Choinski,M25 Mosquera,2023-03-20,R32,ITF main draw,2023,2022-23,"Result, no statistics",True,True,False,False,True,False,False,False,False,False,0.0,0.0,0.0,0.0,0.0,0.0,0.0,0.0
CH12:atp:2023/8375/ms003:T0A1,Jan Choinski,Mexico City,2023-03-27,SF,Challenger main draw,2023,2022-23,Result + serve/return totals,True,True,False,False,True,False,False,False,False,False,0.0,0.0,0.0,0.0,0.0,0.0,0.0,0.0
CH12:atp:2023/8375/ms007:CG94,Jan Choinski,Mexico City,2023-03-27,QF,Challenger main draw,2023,2022-23,Result + serve/return totals,True,True,False,False,True,False,True,False,False,False,0.0,0.0,0.0,0.0,0.0,0.0,0.0,0.0
CH12:atp:2023/8375/ms015:GE33,Jan Choinski,Mexico City,2023-03-27,R16,Challenger main draw,2023,2022-23,Result + serve/return totals,True,True,False,False,True,False,True,False,False,False,0.0,0.0,0.0,0.0,0.0,0.0,0.0,0.0
CH12:atp:2023/8375/ms030:GK06,Jan Choinski,Mexico City,2023-03-27,R32,Challenger main draw,2023,2022-23,Result + serve/return totals,True,True,False,False,True,False,True,False,False,False,0.0,0.0,0.0,0.0,0.0,0.0,0.0,0.0
CH12:atp:2023/213/ms002:KE73,Jan Choinski,San Luis Potosi,2023-04-03,SF,Challenger main draw,2023,2022-23,Result + serve/return totals,True,True,False,False,False,True,True,False,False,False,0.0,0.0,0.0,0.0,0.0,0.0,0.0,0.0
CH12:atp:2023/213/ms004:T0A1,Jan Choinski,San Luis Potosi,2023-04-03,QF,Challenger main draw,2023,2022-23,Result + serve/return totals,True,True,False,False,False,True,True,False,False,False,0.0,0.0,0.0,0.0,0.0,0.0,0.0,0.0
CH12:atp:2023/213/ms009:R0A7,Jan Choinski,San Luis Potosi,2023-04-03,R16,Challenger main draw,2023,2022-23,Result + serve/return totals,True,True,False,False,True,False,True,False,False,False,0.0,0.0,0.0,0.0,0.0,0.0,0.0,0.0
CH12:atp:2023/213/ms019:MJ98,Jan Choinski,San Luis Potosi,2023-04-03,R32,Challenger main draw,2023,2022-23,Result + serve/return totals,True,True,False,False,True,False,True,False,False,False,0.0,0.0,0.0,0.0,0.0,0.0,0.0,0.0
CH12:atp:2023/1536/qs052:GH92,Jan Choinski,ATP Masters 1000 Madrid,2023-04-24,Q1,Tour qualifying,2023,2022-23,Result + serve/return totals,True,True,False,False,False,True,True,False,False,False,0.0,0.0,0.0,0.0,0.0,0.0,0.0,0.0
CH12:atp:2023/600/ms016:KB05,Jan Choinski,Prague 1,2023-05-01,R32,Challenger main draw,2023,2022-23,Result + serve/return totals,True,True,False,False,False,True,True,False,False,False,0.0,0.0,0.0,0.0,0.0,0.0,0.0,0.0
CH12:atp:2023/600/qs008:M0AC,Jan Choinski,Prague 1,2023-05-01,Q2,Challenger qualifying,2023,2022-23,Result + serve/return totals,True,True,False,False,False,True,True,False,False,False,0.0,0.0,0.0,0.0,0.0,0.0,0.0,0.0
CH12:atp:2023/600/qs016:HD68,Jan Choinski,Prague 1,2023-05-01,Q1,Challenger qualifying,2023,2022-23,Result + serve/return totals,True,True,False,False,False,True,True,False,False,False,0.0,0.0,0.0,0.0,0.0,0.0,0.0,0.0
CH12:atp:2023/416/qs027:KD46,Jan Choinski,ATP Masters 1000 Rome,2023-05-08,Q2,Tour qualifying,2023,2022-23,Result + serve/return totals,True,True,False,False,False,True,True,False,False,False,0.0,0.0,0.0,0.0,0.0,0.0,0.0,0.0
CH12:atp:2023/416/qs055:R09X,Jan Choinski,ATP Masters 1000 Rome,2023-05-08,Q1,Tour qualifying,2023,2022-23,Result + serve/return totals,True,True,False,False,False,True,True,False,False,False,0.0,0.0,0.0,0.0,0.0,0.0,0.0,0.0
CH12:atp:2023/2871/ms010:A829,Jan Choinski,Oeiras 4,2023-05-15,R16,Challenger main draw,2023,2022-23,Result + serve/return totals,True,True,False,False,False,True,True,False,False,False,0.0,0.0,0.0,0.0,0.0,0.0,0.0,0.0
CH12:atp:2023/2871/ms021:G983,Jan Choinski,Oeiras 4,2023-05-15,R32,Challenger main draw,2023,2022-23,Result + serve/return totals,True,True,False,False,False,True,True,False,False,False,0.0,0.0,0.0,0.0,0.0,0.0,0.0,0.0
CH12:atp:2023/1204/ms013:N897,Jan Choinski,Troisdorf,2023-05-29,R16,Challenger main draw,2023,2022-23,"Result, no statistics",False,False,False,False,False,True,False,False,False,False,0.0,0.0,0.0,0.0,0.0,0.0,0.0,0.0
CH12:atp:2023/1204/ms027:PC09,Jan Choinski,Troisdorf,2023-05-29,R32,Challenger main draw,2023,2022-23,Result + serve/return totals,True,True,False,False,False,True,True,False,False,False,0.0,0.0,0.0,0.0,0.0,0.0,0.0,0.0
CH12:atp:2023/520/qs058:O513,Jan Choinski,Roland Garros,2023-05-29,Q2,Tour qualifying,2023,2022-23,Result + serve/return totals,True,True,True,True,False,True,True,False,False,True,0.0,0.0,0.0,0.0,0.0,0.0,0.0,0.0
CH12:atp:2023/520/qs117:KC29,Jan Choinski,Roland Garros,2023-05-29,Q1,Tour qualifying,2023,2022-23,Result + serve/return totals,True,True,True,False,False,True,True,False,False,False,0.0,0.0,0.0,0.0,0.0,0.0,0.0,0.0
CH12:atp:2023/7740/ms017:GF95,Jan Choinski,Nottingham,2023-06-12,R32,Challenger main draw,2023,2022-23,Result + serve/return totals,True,True,False,False,False,True,True,False,False,False,0.0,0.0,0.0,0.0,0.0,0.0,0.0,0.0
CH12:atp:2023/311/ms028:M0EJ,Jan Choinski,London / Queen's Club,2023-06-19,R32,Tour main draw,2023,2022-23,Result + serve/return totals,True,True,True,False,False,True,True,False,False,False,0.0,0.0,0.0,0.0,1.0,1.0,0.0,0.0
CH12:atp:2023/741/ms018:BI23,Jan Choinski,Eastbourne,2023-06-26,R32,Tour main draw,2023,2022-23,Result + serve/return totals,True,True,False,False,True,False,True,False,False,False,0.0,0.0,0.0,0.0,1.0,1.0,0.0,0.0
CH12:atp:2023/741/qs006:GE33,Jan Choinski,Eastbourne,2023-06-26,Q2,Tour qualifying,2023,2022-23,Result + serve/return totals,True,True,False,False,True,False,True,False,False,False,0.0,0.0,0.0,0.0,0.0,0.0,0.0,0.0
CH12:atp:2023/741/qs013:H0DC,Jan Choinski,Eastbourne,2023-06-26,Q1,Tour qualifying,2023,2022-23,Result + serve/return totals,True,True,False,False,False,True,True,False,False,False,0.0,0.0,0.0,0.0,0.0,0.0,0.0,0.0
CH12:atp:2023/540/ms061:HB71,Jan Choinski,Wimbledon,2023-07-03,R64,Tour main draw,2023,2022-23,Shot-by-shot chart,False,False,False,False,True,False,True,False,False,False,0.0,0.0,0.0,0.0,1.0,1.0,0.0,0.0
CH12:atp:2023/540/ms122:L987,Jan Choinski,Wimbledon,2023-07-03,R128,Tour main draw,2023,2022-23,Point-by-point sequence,False,True,False,False,True,False,True,False,False,False,0.0,0.0,0.0,0.0,1.0,1.0,0.0,0.0
CH12:atp:2023/526/ms007:K09F,Jan Choinski,Braunschweig,2023-07-10,QF,Challenger main draw,2023,2022-23,Result + serve/return totals,True,True,False,False,True,False,True,False,False,False,0.0,0.0,0.0,0.0,0.0,0.0,0.0,0.0
CH12:atp:2023/526/ms015:H996,Jan Choinski,Braunschweig,2023-07-10,R16,Challenger main draw,2023,2022-23,Result + serve/return totals,True,True,False,False,True,False,True,False,False,False,0.0,0.0,0.0,0.0,0.0,0.0,0.0,0.0
CH12:atp:2023/526/ms031:MV14,Jan Choinski,Braunschweig,2023-07-10,R32,Challenger main draw,2023,2022-23,Result + serve/return totals,True,True,False,False,True,False,True,False,False,False,0.0,0.0,0.0,0.0,0.0,0.0,0.0,0.0
CH12:atp:2023/9198/ms010:D0D2,Jan Choinski,Amersfoort,2023-07-17,R16,Challenger main draw,2023,2022-23,Result + serve/return totals,True,True,False,False,True,False,True,False,False,False,0.0,0.0,0.0,0.0,0.0,0.0,0.0,0.0
CH12:atp:2023/9198/ms020:RH59,Jan Choinski,Amersfoort,2023-07-17,R32,Challenger main draw,2023,2022-23,Result + serve/return totals,True,True,False,False,True,False,True,False,False,False,0.0,0.0,0.0,0.0,0.0,0.0,0.0,0.0
CH12:atp:2023/414/ms029:Z371,Jan Choinski,Hamburg,2023-07-24,R32,Tour main draw,2023,2022-23,Result + serve/return totals,True,True,False,True,False,True,True,False,False,False,0.0,0.0,0.0,0.0,1.0,1.0,0.0,0.0
CH12:atp:2023/414/qs004:GE33,Jan Choinski,Hamburg,2023-07-24,Q2,Tour qualifying,2023,2022-23,Result + serve/return totals,True,True,False,False,True,False,True,False,False,False,0.0,0.0,0.0,0.0,0.0,0.0,0.0,0.0
CH12:atp:2023/414/qs009:M0BN,Jan Choinski,Hamburg,2023-07-24,Q1,Tour qualifying,2023,2022-23,Result + serve/return totals,True,True,False,False,True,False,True,False,False,False,0.0,0.0,0.0,0.0,0.0,0.0,0.0,0.0
CH12:atp:2023/9542/ms024:O0A2,Jan Choinski,Luedenscheid,2023-07-31,R32,Challenger main draw,2023,2022-23,Result + serve/return totals,True,True,False,False,False,True,True,False,False,False,0.0,0.0,0.0,0.0,0.0,0.0,0.0,0.0
CH12:atp:2023/6809/ms001:U182,Jan Choinski,Meerbusch,2023-08-07,F,Challenger main draw,2023,2022-23,Result + serve/return totals,True,True,False,False,False,True,True,False,False,False,0.0,0.0,0.0,0.0,0.0,0.0,0.0,0.0
CH12:atp:2023/6809/ms003:D0DW,Jan Choinski,Meerbusch,2023-08-07,SF,Challenger main draw,2023,2022-23,Result + serve/return totals,True,True,False,False,False,True,True,False,False,False,0.0,0.0,0.0,0.0,0.0,0.0,0.0,0.0
CH12:atp:2023/6809/ms007:KC33,Jan Choinski,Meerbusch,2023-08-07,QF,Challenger main draw,2023,2022-23,Result + serve/return totals,True,True,False,False,False,True,True,False,False,False,0.0,0.0,0.0,0.0,0.0,0.0,0.0,0.0
CH12:atp:2023/6809/ms015:WB25,Jan Choinski,Meerbusch,2023-08-07,R16,Challenger main draw,2023,2022-23,Result + serve/return totals,True,True,False,False,False,True,True,False,False,False,0.0,0.0,0.0,0.0,0.0,0.0,0.0,0.0
CH12:atp:2023/6809/ms031:KI74,Jan Choinski,Meerbusch,2023-08-07,R32,Challenger main draw,2023,2022-23,Result + serve/return totals,True,True,False,False,False,True,True,False,False,False,0.0,0.0,0.0,0.0,0.0,0.0,0.0,0.0
CH12:atp:2023/560/qs103:SY67,Jan Choinski,US Open,2023-08-28,Q1,Tour qualifying,2023,2022-23,Result + serve/return totals,True,True,False,True,False,True,True,False,False,False,0.0,0.0,0.0,0.0,0.0,0.0,0.37,0.0
CH12:atp:2023/448/ms016:KI82,Jan Choinski,Szczecin,2023-09-11,R32,Challenger main draw,2023,2022-23,Result + serve/return totals,True,True,False,False,False,True,True,False,False,False,0.0,0.0,0.0,0.0,0.0,0.0,0.0,0.0
CH12:atp:2023/2891/ms006:DB59,Jan Choinski,Bad Waltersdorf,2023-09-18,QF,Challenger main draw,2023,2022-23,Result + serve/return totals,True,True,False,False,False,True,True,False,False,False,0.0,0.0,0.0,0.0,0.0,0.0,0.0,0.0
CH12:atp:2023/2891/ms012:KH56,Jan Choinski,Bad Waltersdorf,2023-09-18,R16,Challenger main draw,2023,2022-23,Result + serve/return totals,True,True,False,False,False,True,True,False,False,False,0.0,0.0,0.0,0.0,0.0,0.0,0.0,0.0
CH12:atp:2023/2891/ms024:MO44,Jan Choinski,Bad Waltersdorf,2023-09-18,R32,Challenger main draw,2023,2022-23,Result + serve/return totals,True,True,False,False,False,True,True,False,False,False,0.0,0.0,0.0,0.0,0.0,0.0,0.0,0.0
CH12:atp:2023/7913/ms020:A0CJ,Jan Choinski,Braga,2023-09-25,R32,Challenger main draw,2023,2022-23,Result + serve/return totals,True,True,False,False,False,True,True,False,False,False,0.0,0.0,0.0,0.0,0.0,0.0,0.0,0.0
CH12:atp:2023/6307/ms009:PH64,Jan Choinski,Campinas,2023-10-02,R16,Challenger main draw,2023,2022-23,Result + serve/return totals,True,True,False,False,True,False,True,False,False,False,0.0,0.0,0.0,0.0,0.0,0.0,0.0,0.0
CH12:atp:2023/6307/ms019:R0A7,Jan Choinski,Campinas,2023-10-02,R32,Challenger main draw,2023,2022-23,Result + serve/return totals,True,True,False,False,False,True,True,False,False,False,0.0,0.0,0.0,0.0,0.0,0.0,0.0,0.0
CH12:atp:2023/7395/ms004:CE77,Jan Choinski,Buenos Aires,2023-10-09,QF,Challenger main draw,2023,2022-23,Result + serve/return totals,True,True,False,False,True,False,True,False,False,False,0.0,0.0,0.0,0.0,0.0,0.0,0.0,0.0
CH12:atp:2023/7395/ms009:DA31,Jan Choinski,Buenos Aires,2023-10-09,R16,Challenger main draw,2023,2022-23,Result + serve/return totals,True,True,False,False,True,False,True,False,False,False,0.0,0.0,0.0,0.0,0.0,0.0,0.0,0.0
CH12:atp:2023/7395/ms019:MJ08,Jan Choinski,Buenos Aires,2023-10-09,R32,Challenger main draw,2023,2022-23,Result + serve/return totals,True,True,False,False,True,False,True,False,False,False,0.0,0.0,0.0,0.0,0.0,0.0,0.0,0.0
CH12:atp:2023/1208/ms019:PH64,Jan Choinski,Santa Fe 2,2023-10-16,R32,Challenger main draw,2023,2022-23,Result + serve/return totals,True,True,False,False,True,False,True,False,False,False,0.0,0.0,0.0,0.0,0.0,0.0,0.0,0.0
CH12:atp:2023/7793/ms019:K0E6,Jan Choinski,Ismaning,2023-10-30,R32,Challenger main draw,2023,2022-23,Result + serve/return totals,True,True,False,False,True,False,True,False,False,False,0.0,0.0,0.0,0.0,0.0,0.0,0.0,0.0
CH12:atp:2023/341/qs008:BK19,Jan Choinski,Metz,2023-11-06,Q1,Tour qualifying,2023,2022-23,Result + serve/return totals,True,True,False,False,True,False,True,False,False,False,0.0,0.0,0.0,0.0,0.0,0.0,0.0,0.0
CH12:atp:2023/2899/ms023:N0AE,Jan Choinski,Danderyd,2023-11-13,R32,Challenger main draw,2023,2022-23,Result + serve/return totals,True,True,False,False,True,False,True,False,False,False,0.0,0.0,0.0,0.0,0.0,0.0,0.0,0.0
CH12:atp:2024/336/qs004:DA81,Jan Choinski,Hong Kong,2024-01-01,Q2,Tour qualifying,2024,2024,Result + serve/return totals,True,True,False,False,True,False,True,False,False,False,0.0,1.0,0.0,0.0,0.0,0.0,0.0,0.0
CH12:atp:2024/336/qs009:BU13,Jan Choinski,Hong Kong,2024-01-01,Q1,Tour qualifying,2024,2024,Result + serve/return totals,True,True,False,False,True,False,True,False,False,False,0.0,1.0,0.0,0.0,0.0,0.0,0.0,0.0
CH12:atp:2024/580/qs069:HG94,Jan Choinski,Australian Open,2024-01-15,Q1,Tour qualifying,2024,2024,Result + serve/return totals,True,True,True,False,False,True,True,False,False,False,0.0,1.0,0.0,0.0,0.0,0.0,0.0,0.0
CH12:atp:2024/2837/ms007:N0AE,Jan Choinski,Ottignies-Louvain-la-Neuve,2024-01-22,QF,Challenger main draw,2024,2024,Result + serve/return totals,True,True,True,False,False,True,True,False,False,False,0.0,1.0,0.0,0.0,0.0,0.0,0.0,0.0
CH12:atp:2024/2837/ms015:A0AB,Jan Choinski,Ottignies-Louvain-la-Neuve,2024-01-22,R16,Challenger main draw,2024,2024,Result + serve/return totals,True,True,True,False,False,True,True,False,False,False,0.0,1.0,0.0,0.0,0.0,0.0,0.0,0.0
CH12:atp:2024/2837/ms030:E768,Jan Choinski,Ottignies-Louvain-la-Neuve,2024-01-22,R32,Challenger main draw,2024,2024,Result + serve/return totals,True,True,True,False,False,True,True,False,False,False,0.0,1.0,0.0,0.0,0.0,0.0,0.0,0.0
CH12:atp:2024/2907/ms016:KC33,Jan Choinski,Nottingham,2024-02-05,R32,Challenger main draw,2024,2024,Result + serve/return totals,True,True,True,False,False,True,True,False,False,False,0.0,1.0,0.0,0.0,0.0,0.0,0.0,0.0
CH12:atp:2024/398/ms023:LC11,Jan Choinski,Cherbourg,2024-02-12,R32,Challenger main draw,2024,2024,Result + serve/return totals,True,True,True,False,False,True,True,False,False,False,0.0,1.0,0.0,0.0,0.0,0.0,0.0,0.0
CH12:atp:2024/9162/ms028:PD31,Jan Choinski,Pau,2024-02-19,R32,Challenger main draw,2024,2024,Result + serve/return totals,True,True,True,False,False,True,True,False,False,False,0.0,1.0,0.0,0.0,0.0,0.0,0.0,0.0
CH12:atp:2024/7874/ms028:M0GZ,Jan Choinski,Lille,2024-02-26,R32,Challenger main draw,2024,2024,Result + serve/return totals,True,True,True,False,False,True,True,False,False,False,0.0,1.0,0.0,0.0,0.0,0.0,0.0,0.0
CH12:atp:2024/9516/ms012:M0AC,Jan Choinski,Lugano,2024-03-04,R16,Challenger main draw,2024,2024,Result + serve/return totals,True,True,True,False,False,True,True,False,False,False,0.0,1.0,0.0,0.0,0.0,0.0,0.0,0.0
CH12:atp:2024/9516/ms024:W0BH,Jan Choinski,Lugano,2024-03-04,R32,Challenger main draw,2024,2024,Result + serve/return totals,True,True,True,False,False,True,True,False,False,False,0.0,1.0,0.0,0.0,0.0,0.0,0.0,0.0
CH12:atp:2024/8297/ms016:U134,Jan Choinski,Hamburg,2024-03-11,R32,Challenger main draw,2024,2024,Result + serve/return totals,True,True,True,False,False,True,True,False,False,False,0.0,1.0,0.0,0.0,0.0,0.0,0.0,0.0
CH12:atp:2024/9171/ms028:L0CX,Jan Choinski,Murcia,2024-03-18,R32,Challenger main draw,2024,2024,Result + serve/return totals,True,True,True,False,False,True,True,False,False,False,0.0,1.0,0.0,0.0,0.0,0.0,0.0,0.0
CH12:atp:2024/2855/ms028:D0C1,Jan Choinski,Girona,2024-03-25,R32,Challenger main draw,2024,2024,Result + serve/return totals,True,True,True,False,False,True,True,False,False,False,0.0,1.0,0.0,0.0,0.0,0.0,0.0,0.0
CH12:atp:2024/7290/ms015:HB71,Jan Choinski,Estoril,2024-04-01,R16,Tour main draw,2024,2024,Shot-by-shot chart,False,False,False,False,True,False,True,False,False,False,0.0,1.0,0.0,0.0,1.0,1.0,0.0,0.0
CH12:atp:2024/7290/ms030:F0FV,Jan Choinski,Estoril,2024-04-01,R32,Tour main draw,2024,2024,Result + serve/return totals,True,True,False,False,True,False,True,False,False,False,0.0,1.0,0.0,0.0,1.0,1.0,0.0,0.0
CH12:atp:2024/7290/qs004:VA15,Jan Choinski,Estoril,2024-04-01,Q2,Tour qualifying,2024,2024,Result + serve/return totals,True,True,False,False,True,False,True,False,False,False,0.0,1.0,0.0,0.0,0.0,0.0,0.0,0.0
CH12:atp:2024/7290/qs009:R0F6,Jan Choinski,Estoril,2024-04-01,Q1,Tour qualifying,2024,2024,Result + serve/return totals,True,True,False,False,True,False,True,False,False,False,0.0,1.0,0.0,0.0,0.0,0.0,0.0,0.0
CH12:atp:2024/308/qs006:HH06,Jan Choinski,Munich,2024-04-15,Q2,Tour qualifying,2024,2024,Result + serve/return totals,True,True,False,False,True,False,True,False,False,False,0.0,1.0,0.0,0.0,0.0,0.0,0.0,0.0
CH12:atp:2024/308/qs012:H0HN,Jan Choinski,Munich,2024-04-15,Q1,Tour qualifying,2024,2024,Result + serve/return totals,True,True,False,False,True,False,True,False,False,False,0.0,1.0,0.0,0.0,0.0,0.0,0.0,0.0
CH12:atp:2024/9697/ms011:PF39,Jan Choinski,Mauthausen,2024-05-06,R16,Challenger main draw,2024,2024,Result + serve/return totals,True,True,False,False,True,False,True,False,False,False,0.0,1.0,0.0,0.0,0.0,0.0,0.0,0.0
CH12:atp:2024/9697/ms023:HG94,Jan Choinski,Mauthausen,2024-05-06,R32,Challenger main draw,2024,2024,Result + serve/return totals,True,True,False,False,True,False,True,False,False,False,0.0,1.0,0.0,0.0,0.0,0.0,0.0,0.0
CH12:atp:2024/2871/ms007:Y218,Jan Choinski,Oeiras 4,2024-05-13,QF,Challenger main draw,2024,2024,Result + serve/return totals,True,True,False,False,True,False,True,False,False,False,0.0,1.0,0.0,0.0,0.0,0.0,0.0,0.0
CH12:atp:2024/2871/ms015:B0EJ,Jan Choinski,Oeiras 4,2024-05-13,R16,Challenger main draw,2024,2024,Result + serve/return totals,True,True,False,False,True,False,True,False,False,False,0.0,1.0,0.0,0.0,0.0,0.0,0.0,0.0
CH12:atp:2024/2871/ms031:S0K7,Jan Choinski,Oeiras 4,2024-05-13,R32,Challenger main draw,2024,2024,Result + serve/return totals,True,True,False,False,True,False,True,False,False,False,0.0,1.0,0.0,0.0,0.0,0.0,0.0,0.0
CH12:atp:2024/520/qs102:KB09,Jan Choinski,Roland Garros,2024-05-27,Q1,Tour qualifying,2024,2024,Result + serve/return totals,True,True,False,False,True,False,True,False,False,False,0.0,1.0,0.0,0.0,0.0,0.0,0.0,0.0
CH12:atp:2024/460/ms003:RC04,Jan Choinski,Heilbronn,2024-06-03,SF,Challenger main draw,2024,2024,Result + serve/return totals,True,True,True,False,False,True,True,False,False,False,0.0,1.0,0.0,0.0,0.0,0.0,0.0,0.0
CH12:atp:2024/460/ms007:M0HT,Jan Choinski,Heilbronn,2024-06-03,QF,Challenger main draw,2024,2024,Result + serve/return totals,True,True,True,False,False,True,True,False,False,False,0.0,1.0,0.0,0.0,0.0,0.0,0.0,0.0
CH12:atp:2024/460/ms015:HA33,Jan Choinski,Heilbronn,2024-06-03,R16,Challenger main draw,2024,2024,Result + serve/return totals,True,True,False,False,False,True,True,False,False,False,0.0,1.0,0.0,0.0,0.0,0.0,0.0,0.0
CH12:atp:2024/460/ms031:H997,Jan Choinski,Heilbronn,2024-06-03,R32,Challenger main draw,2024,2024,Result + serve/return totals,True,True,True,False,False,True,True,False,False,False,0.0,1.0,0.0,0.0,0.0,0.0,0.0,0.0
CH12:atp:2024/7740/ms021:BI81,Jan Choinski,Nottingham 2,2024-06-10,R32,Challenger main draw,2024,2024,Result + serve/return totals,True,True,True,False,False,True,True,False,False,False,0.0,1.0,0.0,0.0,0.0,0.0,0.0,0.0
CH12:atp:2024/311/qs011:BU13,Jan Choinski,London / Queen's Club,2024-06-17,Q1,Tour qualifying,2024,2024,Result + serve/return totals,True,True,True,False,False,True,True,False,False,False,0.0,1.0,0.0,0.0,0.0,0.0,0.0,0.0
CH12:atp:2024/741/qs013:PH71,Jan Choinski,Eastbourne,2024-06-24,Q1,Tour qualifying,2024,2024,Result + serve/return totals,True,True,True,False,False,True,True,False,False,False,0.0,1.0,0.0,0.0,0.0,0.0,0.0,0.0
CH12:atp:2024/540/ms098:D0FJ,Jan Choinski,Wimbledon,2024-07-01,R128,Tour main draw,2024,2024,Point-by-point sequence,False,True,True,False,False,True,True,False,False,False,0.0,1.0,0.0,0.0,1.0,1.0,0.0,0.0
CH12:atp:2024/9531/ms012:M0HT,Jan Choinski,Salzburg,2024-07-08,R16,Challenger main draw,2024,2024,Result + serve/return totals,True,True,True,False,False,True,True,False,False,False,0.0,1.0,0.0,0.0,0.0,0.0,0.0,0.0
CH12:atp:2024/9531/ms024:O0AD,Jan Choinski,Salzburg,2024-07-08,R32,Challenger main draw,2024,2024,Result + serve/return totals,True,True,True,False,False,True,True,False,False,False,0.0,1.0,0.0,0.0,0.0,0.0,0.0,0.0
CH12:atp:2024/9544/ms010:B0GR,Jan Choinski,Verona,2024-07-22,R16,Challenger main draw,2024,2024,Result + serve/return totals,True,True,True,False,False,True,True,False,False,False,0.0,1.0,0.0,0.0,0.0,0.0,0.0,0.0
CH12:atp:2024/9544/ms020:S0AK,Jan Choinski,Verona,2024-07-22,R32,Challenger main draw,2024,2024,Result + serve/return totals,True,True,True,False,False,True,True,False,False,False,0.0,1.0,0.0,0.0,0.0,0.0,0.0,0.0
CH12:atp:2024/9542/ms019:S0AK,Jan Choinski,Luedenscheid,2024-07-29,R32,Challenger main draw,2024,2024,Result + serve/return totals,True,True,True,False,False,True,True,False,False,False,0.0,1.0,0.0,0.0,0.0,0.0,0.0,0.0
CH12:atp:2024/2935/ms004:L0IL,Jan Choinski,Bonn,2024-08-05,QF,Challenger main draw,2024,2024,Result + serve/return totals,True,True,True,False,False,True,True,False,False,False,0.0,1.0,0.0,0.0,0.0,0.0,0.0,0.0
CH12:atp:2024/2935/ms008:BU54,Jan Choinski,Bonn,2024-08-05,R16,Challenger main draw,2024,2024,Result + serve/return totals,True,True,True,False,False,True,True,False,False,False,0.0,1.0,0.0,0.0,0.0,0.0,0.0,0.0
CH12:atp:2024/2935/ms017:T0DM,Jan Choinski,Bonn,2024-08-05,R32,Challenger main draw,2024,2024,Result + serve/return totals,True,True,True,False,False,True,True,False,False,False,0.0,1.0,0.0,0.0,0.0,0.0,0.0,0.0
CH12:atp:2024/560/ms098:CF59,Jan Choinski,US Open,2024-08-26,R128,Tour main draw,2024,2024,Point-by-point sequence,False,True,False,False,True,False,True,False,False,False,0.0,1.0,0.0,0.0,1.0,1.0,0.0,0.0
CH12:atp:2024/560/qs028:C0BC,Jan Choinski,US Open,2024-08-26,Q3,Tour qualifying,2024,2024,Result + serve/return totals,True,True,True,False,False,True,True,False,False,False,0.0,1.0,0.0,0.0,0.0,0.0,0.37,0.0
CH12:atp:2024/560/qs056:VA25,Jan Choinski,US Open,2024-08-26,Q2,Tour qualifying,2024,2024,Result + serve/return totals,True,True,True,False,False,True,True,False,False,False,0.0,1.0,0.0,0.0,0.0,0.0,0.37,0.0
CH12:atp:2024/560/qs113:CG04,Jan Choinski,US Open,2024-08-26,Q1,Tour qualifying,2024,2024,Result + serve/return totals,True,True,True,False,False,True,True,False,False,False,0.0,1.0,0.0,0.0,0.0,0.0,0.37,0.0
CH12:atp:2024/9556/ms001:N0CS,Jan Choinski,Tulln,2024-09-02,F,Challenger main draw,2024,2024,Result + serve/return totals,True,True,False,False,True,False,True,False,False,False,0.0,1.0,0.0,0.0,0.0,0.0,0.0,0.0
CH12:atp:2024/9556/ms002:N0D9,Jan Choinski,Tulln,2024-09-02,SF,Challenger main draw,2024,2024,Result + serve/return totals,True,True,False,False,True,False,True,False,False,False,0.0,1.0,0.0,0.0,0.0,0.0,0.0,0.0
CH12:atp:2024/9556/ms004:R0ED,Jan Choinski,Tulln,2024-09-02,QF,Challenger main draw,2024,2024,Result + serve/return totals,True,True,False,False,True,False,True,False,False,False,0.0,1.0,0.0,0.0,0.0,0.0,0.0,0.0
CH12:atp:2024/9556/ms008:M0BN,Jan Choinski,Tulln,2024-09-02,R16,Challenger main draw,2024,2024,Result + serve/return totals,True,True,False,False,True,False,True,False,False,False,0.0,1.0,0.0,0.0,0.0,0.0,0.0,0.0
CH12:atp:2024/9556/ms016:KI82,Jan Choinski,Tulln,2024-09-02,R32,Challenger main draw,2024,2024,Result + serve/return totals,True,True,False,False,True,False,True,False,False,False,0.0,1.0,0.0,0.0,0.0,0.0,0.0,0.0
CH12:atp:2024/448/ms014:BU10,Jan Choinski,Szczecin,2024-09-09,R16,Challenger main draw,2024,2024,Result + serve/return totals,True,True,False,False,True,False,True,False,False,False,0.0,1.0,0.0,0.0,0.0,0.0,0.0,0.0
CH12:atp:2024/448/ms029:B0OU,Jan Choinski,Szczecin,2024-09-09,R32,Challenger main draw,2024,2024,Result + serve/return totals,True,True,False,False,True,False,True,False,False,False,0.0,1.0,0.0,0.0,0.0,0.0,0.0,0.0
CH12:atp:2024/2891/ms028:DB63,Jan Choinski,Bad Waltersdorf,2024-09-16,R32,Challenger main draw,2024,2024,Result + serve/return totals,True,True,True,False,False,True,True,False,False,False,0.0,1.0,0.0,0.0,0.0,0.0,0.0,0.0
CH12:atp:2024/2891/qs008:F0F4,Jan Choinski,Bad Waltersdorf,2024-09-16,Q2,Challenger qualifying,2024,2024,Result + serve/return totals,True,True,False,False,True,False,True,False,False,False,0.0,1.0,0.0,0.0,0.0,0.0,0.0,0.0
CH12:atp:2024/2891/qs016:G0MQ,Jan Choinski,Bad Waltersdorf,2024-09-16,Q1,Challenger qualifying,2024,2024,Result + serve/return totals,True,True,False,False,True,False,True,False,False,False,0.0,1.0,0.0,0.0,0.0,0.0,0.0,0.0
CH12:atp:2024/7913/ms027:GD64,Jan Choinski,Braga,2024-09-30,R32,Challenger main draw,2024,2024,Result + serve/return totals,True,True,True,False,False,True,True,False,False,False,0.0,1.0,0.0,0.0,0.0,0.0,0.0,0.0
CH12:atp:2024/2823/ms005:GE33,Jan Choinski,Valencia,2024-10-07,QF,Challenger main draw,2024,2024,Result + serve/return totals,True,True,True,False,False,True,True,False,False,False,0.0,1.0,0.0,0.0,0.0,0.0,0.0,0.0
CH12:atp:2024/2823/ms011:S0WT,Jan Choinski,Valencia,2024-10-07,R16,Challenger main draw,2024,2024,Result + serve/return totals,True,True,True,False,False,True,True,False,False,False,0.0,1.0,0.0,0.0,0.0,0.0,0.0,0.0
CH12:atp:2024/2823/ms022:A0BA,Jan Choinski,Valencia,2024-10-07,R32,Challenger main draw,2024,2024,Result + serve/return totals,True,True,True,False,False,True,True,False,False,False,0.0,1.0,0.0,0.0,0.0,0.0,0.0,0.0
CH12:atp:2024/2893/ms023:VA08,Jan Choinski,Olbia,2024-10-14,R32,Challenger main draw,2024,2024,Result + serve/return totals,True,True,True,False,False,True,True,False,False,False,0.0,1.0,0.0,0.0,0.0,0.0,0.0,0.0
CH12:atp:2024/444/qs024:GC89,Jan Choinski,Bratislava 2,2024-10-28,Q1,Challenger qualifying,2024,2024,Result + serve/return totals,True,True,True,False,False,True,False,False,False,False,0.0,1.0,0.0,0.0,0.0,0.0,0.0,0.0
CH12:atp:2024/8310/ms007:N0BG,Jan Choinski,Helsinki,2024-11-04,QF,Challenger main draw,2024,2024,Result + serve/return totals,True,True,True,False,False,True,True,False,False,False,0.0,1.0,0.0,0.0,0.0,0.0,0.0,0.0
CH12:atp:2024/8310/ms015:F0FV,Jan Choinski,Helsinki,2024-11-04,R16,Challenger main draw,2024,2024,Result + serve/return totals,True,True,True,False,False,True,True,False,False,False,0.0,1.0,0.0,0.0,0.0,0.0,0.0,0.0
CH12:atp:2024/8310/ms030:K0CJ,Jan Choinski,Helsinki,2024-11-04,R32,Challenger main draw,2024,2024,Result + serve/return totals,True,True,True,False,False,True,True,False,False,False,0.0,1.0,0.0,0.0,0.0,0.0,0.0,0.0
CH12:atp:2025/580/qs109:D0DW,Jan Choinski,Australian Open,2025-01-13,Q1,Tour qualifying,2025,2025-26,Result + serve/return totals,True,True,True,False,False,True,True,False,False,False,0.0,1.0,0.0,0.0,0.0,0.0,0.0,0.0
CH12:atp:2025/2979/ms021:A0ES,Jan Choinski,Oeiras 3,2025-01-20,R32,Challenger main draw,2025,2025-26,Result + serve/return totals,True,True,True,False,False,True,True,False,False,False,0.0,1.0,1.0,0.0,0.0,0.0,0.0,0.0
CH12:atp:2025/9623/ms024:P0HP,Jan Choinski,Tenerife 1,2025-02-03,R32,Challenger main draw,2025,2025-26,Result + serve/return totals,True,True,True,False,False,True,True,False,False,False,0.0,1.0,1.0,0.0,0.0,0.0,0.0,0.0
CH12:atp:2025/2839/ms031:RH24,Jan Choinski,Tenerife 2,2025-02-10,R32,Challenger main draw,2025,2025-26,Result + serve/return totals,True,True,True,False,False,True,True,False,False,False,0.0,1.0,1.0,0.0,0.0,0.0,0.0,0.0
CH12:atp:2025/9516/ms010:V0DZ,Jan Choinski,Lugano,2025-02-24,R16,Challenger main draw,2025,2025-26,Result + serve/return totals,True,True,True,False,False,True,True,False,False,False,0.0,1.0,1.0,0.0,0.0,0.0,0.0,0.0
CH12:atp:2025/9516/ms021:Z09F,Jan Choinski,Lugano,2025-02-24,R32,Challenger main draw,2025,2025-26,Result + serve/return totals,True,True,True,False,False,True,True,False,False,False,0.0,1.0,1.0,0.0,0.0,0.0,0.0,0.0
CH12:atp:2025/2973/ms007:R09X,Jan Choinski,Thionville,2025-03-03,QF,Challenger main draw,2025,2025-26,Result + serve/return totals,True,True,False,False,True,False,True,False,False,False,0.0,1.0,1.0,0.0,0.0,0.0,0.0,0.0
CH12:atp:2025/2973/ms014:G0GW,Jan Choinski,Thionville,2025-03-03,R16,Challenger main draw,2025,2025-26,Result + serve/return totals,True,True,True,False,False,True,True,False,False,False,0.0,1.0,1.0,0.0,0.0,0.0,0.0,0.0
CH12:atp:2025/2973/ms028:H0BF,Jan Choinski,Thionville,2025-03-03,R32,Challenger main draw,2025,2025-26,Result + serve/return totals,True,True,True,False,False,True,True,False,False,False,0.0,1.0,1.0,0.0,0.0,0.0,0.0,0.0
CH12:atp:2025/2855/ms025:M0HT,Jan Choinski,Girona,2025-03-24,R32,Challenger main draw,2025,2025-26,Result + serve/return totals,True,True,False,False,True,False,True,False,False,False,0.0,1.0,1.0,0.0,0.0,0.0,0.0,0.0
CH12:atp:2025/2987/ms012:P09O,Jan Choinski,Menorca,2025-03-31,R16,Challenger main draw,2025,2025-26,Result + serve/return totals,True,True,False,False,True,False,True,False,False,False,0.0,1.0,1.0,0.0,0.0,0.0,0.0,0.0
CH12:atp:2025/2987/ms024:RB60,Jan Choinski,Menorca,2025-03-31,R32,Challenger main draw,2025,2025-26,Result + serve/return totals,True,True,False,False,True,False,True,False,False,False,0.0,1.0,1.0,0.0,0.0,0.0,0.0,0.0
CH12:atp:2025/2989/ms004:C0JP,Jan Choinski,Monza,2025-04-07,QF,Challenger main draw,2025,2025-26,Result + serve/return totals,True,True,False,False,True,False,True,False,False,False,0.0,1.0,1.0,0.0,0.0,0.0,0.0,0.0
CH12:atp:2025/2989/ms009:G0IX,Jan Choinski,Monza,2025-04-07,R16,Challenger main draw,2025,2025-26,Result + serve/return totals,True,True,False,False,True,False,True,False,False,False,0.0,1.0,1.0,0.0,0.0,0.0,0.0,0.0
CH12:atp:2025/2989/ms019:A0CJ,Jan Choinski,Monza,2025-04-07,R32,Challenger main draw,2025,2025-26,Result + serve/return totals,True,True,False,False,True,False,True,False,False,False,0.0,1.0,1.0,0.0,0.0,0.0,0.0,0.0
CH12:atp:2025/9514/ms029:BV16,Jan Choinski,Oeiras 4,2025-04-14,R32,Challenger main draw,2025,2025-26,Result + serve/return totals,True,True,False,False,True,False,True,False,False,False,0.0,1.0,1.0,0.0,0.0,0.0,0.0,0.0
CH12:atp:2025/600/ms013:B0PG,Jan Choinski,Prague,2025-05-05,R16,Challenger main draw,2025,2025-26,Result + serve/return totals,True,True,True,False,False,True,True,False,False,False,0.0,1.0,1.0,0.0,0.0,0.0,0.0,0.0
CH12:atp:2025/600/ms026:R0GO,Jan Choinski,Prague,2025-05-05,R32,Challenger main draw,2025,2025-26,Result + serve/return totals,True,True,False,False,True,False,True,False,False,False,0.0,1.0,1.0,0.0,0.0,0.0,0.0,0.0
CH12:atp:2025/520/qs121:Z0A1,Jan Choinski,Roland Garros,2025-05-26,Q1,Tour qualifying,2025,2025-26,Result + serve/return totals,True,True,False,True,False,True,True,False,False,False,0.0,1.0,0.0,0.0,0.0,0.0,0.0,0.0
CH12:atp:2025/460/ms026:TA29,Jan Choinski,Heilbronn - Bad Rappenau,2025-06-02,R32,Challenger main draw,2025,2025-26,Result + serve/return totals,True,True,True,False,False,True,True,False,False,False,0.0,1.0,1.0,0.0,0.0,0.0,0.0,0.0
CH12:atp:2025/9003/ms008:S0H2,Jan Choinski,Bratislava,2025-06-09,R16,Challenger main draw,2025,2025-26,Result + serve/return totals,True,True,True,False,False,True,True,False,False,False,0.0,1.0,1.0,0.0,0.0,0.0,0.0,0.0
CH12:atp:2025/9003/ms017:KC04,Jan Choinski,Bratislava,2025-06-09,R32,Challenger main draw,2025,2025-26,Result + serve/return totals,True,True,True,False,False,True,True,False,False,False,0.0,1.0,1.0,0.0,0.0,0.0,0.0,0.0
CH12:atp:2025/7740/ms010:F0F2,Jan Choinski,Nottingham 2,2025-06-16,R16,Challenger main draw,2025,2025-26,Result + serve/return totals,True,True,True,False,False,True,True,False,False,False,0.0,1.0,1.0,0.0,0.0,0.0,0.0,0.0
CH12:atp:2025/7740/ms021:S0JA,Jan Choinski,Nottingham 2,2025-06-16,R32,Challenger main draw,2025,2025-26,Result + serve/return totals,True,True,True,False,False,True,True,False,False,False,0.0,1.0,1.0,0.0,0.0,0.0,0.0,0.0
CH12:atp:2025/7740/qs013:J0A4,Jan Choinski,Nottingham 2,2025-06-16,Q2,Challenger qualifying,2025,2025-26,Result + serve/return totals,True,True,True,False,False,True,True,False,False,False,0.0,1.0,1.0,0.0,0.0,0.0,0.0,0.0
CH12:atp:2025/7740/qs027:K0E6,Jan Choinski,Nottingham 2,2025-06-16,Q1,Challenger qualifying,2025,2025-26,Result + serve/return totals,True,True,True,False,False,True,True,False,False,False,0.0,1.0,1.0,0.0,0.0,0.0,0.0,0.0
CH12:atp:2025/1214/ms001:HB48,Jan Choinski,Troyes,2025-06-30,F,Challenger main draw,2025,2025-26,Result + serve/return totals,True,True,True,False,False,True,True,False,False,False,0.0,1.0,1.0,0.0,0.0,0.0,0.0,0.0
CH12:atp:2025/1214/ms002:TA29,Jan Choinski,Troyes,2025-06-30,SF,Challenger main draw,2025,2025-26,Result + serve/return totals,True,True,True,False,False,True,True,False,False,False,0.0,1.0,1.0,0.0,0.0,0.0,0.0,0.0
CH12:atp:2025/1214/ms005:M0G4,Jan Choinski,Troyes,2025-06-30,QF,Challenger main draw,2025,2025-26,Result + serve/return totals,True,True,True,False,False,True,True,False,False,False,0.0,1.0,1.0,0.0,0.0,0.0,0.0,0.0
CH12:atp:2025/1214/ms010:D0HJ,Jan Choinski,Troyes,2025-06-30,R16,Challenger main draw,2025,2025-26,Result + serve/return totals,True,True,True,False,False,True,True,False,False,False,0.0,1.0,1.0,0.0,0.0,0.0,0.0,0.0
CH12:atp:2025/1214/ms020:P0K5,Jan Choinski,Troyes,2025-06-30,R32,Challenger main draw,2025,2025-26,Result + serve/return totals,True,True,True,False,False,True,True,False,False,False,0.0,1.0,1.0,0.0,0.0,0.0,0.0,0.0
CH12:atp:2025/540/qs066:L0GH,Jan Choinski,Wimbledon,2025-06-30,Q1,Tour qualifying,2025,2025-26,Result + serve/return totals,True,True,True,False,False,True,True,False,False,False,0.0,1.0,0.0,0.0,0.0,0.0,1.0,0.0
CH12:atp:2025/526/ms023:V812,Jan Choinski,Braunschweig,2025-07-07,R32,Challenger main draw,2025,2025-26,Result + serve/return totals,True,True,True,False,False,True,True,False,False,False,0.0,1.0,1.0,0.0,0.0,0.0,0.0,0.0
CH12:atp:2025/9198/ms001:CG33,Jan Choinski,Bunschoten,2025-07-14,F,Challenger main draw,2025,2025-26,Result + serve/return totals,True,True,False,False,True,False,True,False,False,False,0.0,1.0,1.0,0.0,0.0,0.0,0.0,0.0
CH12:atp:2025/9198/ms003:D0H9,Jan Choinski,Bunschoten,2025-07-14,SF,Challenger main draw,2025,2025-26,Result + serve/return totals,True,True,True,False,False,True,True,False,False,False,0.0,1.0,1.0,0.0,0.0,0.0,0.0,0.0
CH12:atp:2025/9198/ms006:HG94,Jan Choinski,Bunschoten,2025-07-14,QF,Challenger main draw,2025,2025-26,Result + serve/return totals,True,True,True,False,False,True,True,False,False,False,0.0,1.0,1.0,0.0,0.0,0.0,0.0,0.0
CH12:atp:2025/9198/ms012:D0L3,Jan Choinski,Bunschoten,2025-07-14,R16,Challenger main draw,2025,2025-26,Result + serve/return totals,True,True,True,False,False,True,True,False,False,False,0.0,1.0,1.0,0.0,0.0,0.0,0.0,0.0
CH12:atp:2025/9198/ms024:B0W4,Jan Choinski,Bunschoten,2025-07-14,R32,Challenger main draw,2025,2025-26,Result + serve/return totals,True,True,True,False,False,True,True,False,False,False,0.0,1.0,1.0,0.0,0.0,0.0,0.0,0.0
CH12:atp:2025/9542/ms006:H997,Jan Choinski,Hagen,2025-07-28,QF,Challenger main draw,2025,2025-26,Result + serve/return totals,True,True,False,False,True,False,True,False,False,False,0.0,1.0,1.0,0.0,0.0,0.0,0.0,0.0
CH12:atp:2025/9542/ms012:PG20,Jan Choinski,Hagen,2025-07-28,R16,Challenger main draw,2025,2025-26,Result + serve/return totals,True,True,False,False,True,False,True,False,False,False,0.0,1.0,1.0,0.0,0.0,0.0,0.0,0.0
CH12:atp:2025/9542/ms024:GA79,Jan Choinski,Hagen,2025-07-28,R32,Challenger main draw,2025,2025-26,Result + serve/return totals,True,True,False,False,True,False,True,False,False,False,0.0,1.0,1.0,0.0,0.0,0.0,0.0,0.0
CH12:atp:2025/2935/ms028:BU54,Jan Choinski,Bonn,2025-08-04,R32,Challenger main draw,2025,2025-26,Result + serve/return totals,True,True,False,False,True,False,True,False,False,False,0.0,1.0,1.0,0.0,0.0,0.0,0.0,0.0
CH12:atp:2025/560/qs071:CC66,Jan Choinski,US Open,2025-08-25,Q1,Tour qualifying,2025,2025-26,Result + serve/return totals,True,True,False,False,True,False,True,False,False,False,0.0,1.0,0.0,0.0,0.0,0.0,0.6,0.0
CH12:atp:2025/9556/ms008:S0WT,Jan Choinski,Tulln,2025-09-01,R16,Challenger main draw,2025,2025-26,Result + serve/return totals,True,True,False,False,True,False,True,False,False,False,0.0,1.0,1.0,0.0,0.0,0.0,0.0,0.0
CH12:atp:2025/9556/ms016:KC04,Jan Choinski,Tulln,2025-09-01,R32,Challenger main draw,2025,2025-26,Result + serve/return totals,True,True,False,False,True,False,True,False,False,False,0.0,1.0,1.0,0.0,0.0,0.0,0.0,0.0
CH12:atp:2025/448/ms028:SS25,Jan Choinski,Szczecin,2025-09-08,R32,Challenger main draw,2025,2025-26,Result + serve/return totals,True,True,False,False,True,False,True,False,False,False,0.0,1.0,1.0,0.0,0.0,0.0,0.0,0.0
CH12:atp:2025/2891/ms001:KI82,Jan Choinski,Bad Waltersdorf,2025-09-15,F,Challenger main draw,2025,2025-26,Result + serve/return totals,True,True,True,False,False,True,True,False,False,False,0.0,1.0,1.0,0.0,0.0,0.0,0.0,0.0
CH12:atp:2025/2891/ms002:KH56,Jan Choinski,Bad Waltersdorf,2025-09-15,SF,Challenger main draw,2025,2025-26,Result + serve/return totals,True,True,True,False,False,True,True,False,False,False,0.0,1.0,1.0,0.0,0.0,0.0,0.0,0.0
CH12:atp:2025/2891/ms004:P0CT,Jan Choinski,Bad Waltersdorf,2025-09-15,QF,Challenger main draw,2025,2025-26,Result + serve/return totals,True,True,True,False,False,True,True,False,False,False,0.0,1.0,1.0,0.0,0.0,0.0,0.0,0.0
CH12:atp:2025/2891/ms008:T0FI,Jan Choinski,Bad Waltersdorf,2025-09-15,R16,Challenger main draw,2025,2025-26,Result + serve/return totals,True,True,True,False,False,True,True,False,False,False,0.0,1.0,1.0,0.0,0.0,0.0,0.0,0.0
CH12:atp:2025/2891/ms017:SS25,Jan Choinski,Bad Waltersdorf,2025-09-15,R32,Challenger main draw,2025,2025-26,Result + serve/return totals,True,True,True,False,False,True,True,False,False,False,0.0,1.0,1.0,0.0,0.0,0.0,0.0,0.0
CH12:atp:2025/7742/ms011:R0GO,Jan Choinski,Lisbon,2025-09-22,R16,Challenger main draw,2025,2025-26,Result + serve/return totals,True,True,True,False,False,True,True,False,False,False,0.0,1.0,1.0,0.0,0.0,0.0,0.0,0.0
CH12:atp:2025/7742/ms023:PH64,Jan Choinski,Lisbon,2025-09-22,R32,Challenger main draw,2025,2025-26,Result + serve/return totals,True,True,True,False,False,True,True,False,False,False,0.0,1.0,1.0,0.0,0.0,0.0,0.0,0.0
CH12:atp:2025/2823/ms001:M0N1,Jan Choinski,Valencia,2025-10-06,F,Challenger main draw,2025,2025-26,Result + serve/return totals,True,True,True,False,False,True,True,False,False,False,0.0,1.0,1.0,0.0,0.0,0.0,0.0,0.0
CH12:atp:2025/2823/ms002:S0AK,Jan Choinski,Valencia,2025-10-06,SF,Challenger main draw,2025,2025-26,Result + serve/return totals,True,True,True,False,False,True,True,False,False,False,0.0,1.0,1.0,0.0,0.0,0.0,0.0,0.0
CH12:atp:2025/2823/ms004:R772,Jan Choinski,Valencia,2025-10-06,QF,Challenger main draw,2025,2025-26,Result + serve/return totals,True,True,True,False,False,True,True,False,False,False,0.0,1.0,1.0,0.0,0.0,0.0,0.0,0.0
CH12:atp:2025/2823/ms009:GE28,Jan Choinski,Valencia,2025-10-06,R16,Challenger main draw,2025,2025-26,Result + serve/return totals,True,True,True,False,False,True,True,False,False,False,0.0,1.0,1.0,0.0,0.0,0.0,0.0,0.0
CH12:atp:2025/2823/ms018:D0CN,Jan Choinski,Valencia,2025-10-06,R32,Challenger main draw,2025,2025-26,Result + serve/return totals,True,True,True,False,False,True,True,False,False,False,0.0,1.0,1.0,0.0,0.0,0.0,0.0,0.0
CH12:atp:2025/444/ms021:HD68,Jan Choinski,Bratislava 2,2025-10-27,R32,Challenger main draw,2025,2025-26,Result + serve/return totals,True,True,True,False,False,True,True,False,False,False,0.0,1.0,1.0,0.0,0.0,0.0,0.0,0.0
CH12:atp:2025/444/qs008:K0HG,Jan Choinski,Bratislava 2,2025-10-27,Q2,Challenger qualifying,2025,2025-26,Result + serve/return totals,True,True,True,False,False,True,True,False,False,False,0.0,1.0,1.0,0.0,0.0,0.0,0.0,0.0
CH12:atp:2025/341/ms021:SU87,Jan Choinski,Metz,2025-11-03,R32,Tour main draw,2025,2025-26,Shot-by-shot chart,False,False,True,False,False,True,True,False,False,False,0.0,1.0,1.0,0.0,1.0,1.0,0.0,1.0
CH12:atp:2025/341/qs007:J0AZ,Jan Choinski,Metz,2025-11-03,Q2,Tour qualifying,2025,2025-26,Result + serve/return totals,True,True,True,False,False,True,True,False,False,False,0.0,1.0,1.0,0.0,0.0,0.0,0.0,1.0
CH12:atp:2025/341/qs014:M0G4,Jan Choinski,Metz,2025-11-03,Q1,Tour qualifying,2025,2025-26,Result + serve/return totals,True,True,True,False,False,True,True,False,False,False,0.0,1.0,1.0,0.0,0.0,0.0,0.0,1.0
CH12:atp:2025/854/ms023:T0FI,Jan Choinski,Bergamo,2025-11-17,R32,Challenger main draw,2025,2025-26,Result + serve/return totals,True,True,True,False,False,True,True,False,False,False,0.0,1.0,1.0,0.0,0.0,0.0,0.0,0.0
CH12:atp:2025/8312/ms004:M0N7,Jan Choinski,Maia,2025-11-24,QF,Challenger main draw,2025,2025-26,Result + serve/return totals,True,True,False,False,True,False,True,False,False,False,0.0,1.0,1.0,0.0,0.0,0.0,0.0,0.0
CH12:atp:2025/8312/ms008:SN54,Jan Choinski,Maia,2025-11-24,R16,Challenger main draw,2025,2025-26,Result + serve/return totals,True,True,False,False,True,False,True,False,False,False,0.0,1.0,1.0,0.0,0.0,0.0,0.0,0.0
CH12:atp:2025/8312/ms016:F0F4,Jan Choinski,Maia,2025-11-24,R32,Challenger main draw,2025,2025-26,Result + serve/return totals,True,True,False,False,True,False,True,False,False,False,0.0,1.0,1.0,0.0,0.0,0.0,0.0,0.0
CH12:atp:2026/580/qs104:R0FS,Jan Choinski,Australian Open,2026-01-19,Q1,Tour qualifying,2026,2025-26,Result + serve/return totals,True,True,False,False,True,False,True,False,False,False,0.0,1.0,0.0,0.0,0.0,0.0,1.0,0.0
CH12:atp:2026/375/ms022:D0DW,Jan Choinski,Montpellier,2026-02-02,R32,Tour main draw,2026,2025-26,Result + serve/return totals,True,True,False,False,True,False,False,False,False,False,0.0,1.0,1.0,0.0,1.0,1.0,0.0,1.0
CH12:atp:2026/407/qs011:GF95,Jan Choinski,Rotterdam,2026-02-09,Q1,Tour qualifying,2026,2025-26,Result + serve/return totals,True,True,False,False,True,False,True,False,False,False,0.0,1.0,1.0,0.0,0.0,0.0,0.0,1.0
CH12:atp:2026/451/ms028:M0NI,Jan Choinski,Doha,2026-02-16,R32,Tour main draw,2026,2025-26,Result + serve/return totals,True,True,False,False,True,False,True,False,False,False,0.0,1.0,1.0,0.0,1.0,1.0,0.0,1.0
CH12:atp:2026/451/qs004:HB64,Jan Choinski,Doha,2026-02-16,Q2,Tour qualifying,2026,2025-26,Result + serve/return totals,True,True,False,False,True,False,True,False,False,False,0.0,1.0,1.0,0.0,0.0,0.0,0.0,1.0
CH12:atp:2026/451/qs009:M0OQ,Jan Choinski,Doha,2026-02-16,Q1,Tour qualifying,2026,2025-26,Result + serve/return totals,True,True,False,False,True,False,True,False,False,False,0.0,1.0,1.0,0.0,0.0,0.0,0.0,1.0
CH12:atp:2026/495/qs005:M0GZ,Jan Choinski,Dubai,2026-02-23,Q2,Tour qualifying,2026,2025-26,Result + serve/return totals,True,True,True,False,False,True,True,False,False,False,0.0,1.0,1.0,0.0,0.0,0.0,0.0,1.0
CH12:atp:2026/495/qs011:D0C1,Jan Choinski,Dubai,2026-02-23,Q1,Tour qualifying,2026,2025-26,Result + serve/return totals,True,True,True,False,False,True,True,False,False,False,0.0,1.0,1.0,0.0,0.0,0.0,0.0,1.0
CH12:atp:2026/2973/ms007:B0U4,Jan Choinski,Thionville,2026-03-02,QF,Challenger main draw,2026,2025-26,Result + serve/return totals,True,True,True,False,False,True,True,False,False,False,0.0,1.0,1.0,0.0,0.0,0.0,0.0,0.0
CH12:atp:2026/2973/ms015:SX50,Jan Choinski,Thionville,2026-03-02,R16,Challenger main draw,2026,2025-26,Result + serve/return totals,True,True,True,False,False,True,True,False,False,False,0.0,1.0,1.0,0.0,0.0,0.0,0.0,0.0
CH12:atp:2026/2973/ms031:M0TO,Jan Choinski,Thionville,2026-03-02,R32,Challenger main draw,2026,2025-26,Result + serve/return totals,True,True,True,False,False,True,True,False,False,False,0.0,1.0,1.0,0.0,0.0,0.0,0.0,0.0
CH12:atp:2026/9171/ms009:L0CX,Jan Choinski,Murcia,2026-03-16,R16,Challenger main draw,2026,2025-26,Result + serve/return totals,True,True,True,False,False,True,True,False,False,False,0.0,1.0,1.0,0.0,0.0,0.0,0.0,0.0
CH12:atp:2026/9171/ms019:D0CN,Jan Choinski,Murcia,2026-03-16,R32,Challenger main draw,2026,2025-26,Result + serve/return totals,True,True,True,False,False,True,True,False,False,False,0.0,1.0,1.0,0.0,0.0,0.0,0.0,0.0
CH12:atp:2026/2955/ms012:SX50,Jan Choinski,Alicante (Montemar),2026-03-23,R16,Challenger main draw,2026,2025-26,Result + serve/return totals,True,True,True,False,False,True,False,False,False,False,0.0,1.0,1.0,0.0,0.0,0.0,0.0,0.0
CH12:atp:2026/2955/ms024:P0K4,Jan Choinski,Alicante (Montemar),2026-03-23,R32,Challenger main draw,2026,2025-26,Result + serve/return totals,True,True,True,False,False,True,False,False,False,False,0.0,1.0,1.0,0.0,0.0,0.0,0.0,0.0
CH12:atp:2026/4462/ms026:S0KT,Jan Choinski,Bucharest,2026-03-30,R32,Tour main draw,2026,2025-26,Result + serve/return totals,True,True,True,False,False,True,True,False,False,False,0.0,1.0,1.0,0.0,1.0,1.0,0.0,1.0
CH12:atp:2026/410/qs023:MP20,Jan Choinski,ATP Masters 1000 Monte-Carlo,2026-04-06,Q1,Tour qualifying,2026,2025-26,Result + serve/return totals,True,True,True,False,False,True,True,False,False,False,0.0,1.0,1.0,0.0,0.0,0.0,0.0,1.0
CH12:atp:2026/308/qs014:HH06,Jan Choinski,Munich,2026-04-13,Q1,Tour qualifying,2026,2025-26,Result + serve/return totals,True,True,True,False,False,True,True,False,False,False,0.0,1.0,1.0,0.0,0.0,0.0,0.0,1.0
CH12:atp:2026/1536/qs047:R0GO,Jan Choinski,ATP Masters 1000 Madrid,2026-04-20,Q1,Tour qualifying,2026,2025-26,Result + serve/return totals,True,True,True,False,False,True,True,False,False,False,0.0,1.0,1.0,0.0,0.0,0.0,0.0,1.0
CH12:atp:2026/9697/ms013:DB63,Jan Choinski,Mauthausen,2026-04-27,R16,Challenger main draw,2026,2025-26,Result + serve/return totals,True,True,True,False,False,True,True,False,False,False,0.0,1.0,1.0,0.0,0.0,0.0,0.0,0.0
CH12:atp:2026/9697/ms027:S0WT,Jan Choinski,Mauthausen,2026-04-27,R32,Challenger main draw,2026,2025-26,Result + serve/return totals,True,True,True,False,False,True,True,False,False,False,0.0,1.0,1.0,0.0,0.0,0.0,0.0,0.0
CH12:atp:2026/416/qs016:GD64,Jan Choinski,ATP Masters 1000 Rome,2026-05-04,Q2,Tour qualifying,2026,2025-26,Result + serve/return totals,True,True,True,False,False,True,True,False,False,False,0.0,1.0,1.0,0.0,0.0,0.0,0.0,1.0
CH12:atp:2026/416/qs033:L987,Jan Choinski,ATP Masters 1000 Rome,2026-05-04,Q1,Tour qualifying,2026,2025-26,Result + serve/return totals,True,True,True,False,False,True,True,False,False,False,0.0,1.0,1.0,0.0,0.0,0.0,0.0,1.0
CH12:atp:2026/9500/ms001:P09O,Jan Choinski,Zagreb,2026-05-11,F,Challenger main draw,2026,2025-26,Result + serve/return totals,True,True,False,False,True,False,True,False,False,False,0.0,1.0,1.0,0.0,0.0,0.0,0.0,0.0
CH12:atp:2026/9500/ms002:F0DM,Jan Choinski,Zagreb,2026-05-11,SF,Challenger main draw,2026,2025-26,Result + serve/return totals,True,True,False,False,True,False,True,False,False,False,0.0,1.0,1.0,0.0,0.0,0.0,0.0,0.0
CH12:atp:2026/9500/ms004:R0E0,Jan Choinski,Zagreb,2026-05-11,QF,Challenger main draw,2026,2025-26,Result + serve/return totals,True,True,True,False,False,True,True,False,False,False,0.0,1.0,1.0,0.0,0.0,0.0,0.0,0.0
CH12:atp:2026/9500/ms008:GE33,Jan Choinski,Zagreb,2026-05-11,R16,Challenger main draw,2026,2025-26,Result + serve/return totals,True,True,True,False,False,True,False,False,False,False,0.0,1.0,1.0,0.0,0.0,0.0,0.0,0.0
CH12:atp:2026/9500/ms016:FA43,Jan Choinski,Zagreb,2026-05-11,R32,Challenger main draw,2026,2025-26,Result + serve/return totals,True,True,True,False,False,True,True,False,False,False,0.0,1.0,1.0,0.0,0.0,0.0,0.0,0.0
CH12:atp:2026/520/qs056:H996,Jan Choinski,Roland Garros,2026-05-25,Q2,Tour qualifying,2026,2025-26,"Result, no statistics",False,False,False,False,True,False,True,False,False,False,0.0,1.0,0.0,0.0,0.0,0.0,0.0,0.0
CH12:atp:2026/520/qs112:AG08,Jan Choinski,Roland Garros,2026-05-25,Q1,Tour qualifying,2026,2025-26,Result + serve/return totals,True,True,False,False,True,False,True,False,False,False,0.0,1.0,0.0,0.0,0.0,0.0,0.0,0.0
CH12:atp:2026/460/ms010:M0N1,Jan Choinski,Bad Rappenau,2026-06-01,R16,Challenger main draw,2026,2025-26,Point-by-point sequence,False,True,False,False,True,False,True,True,False,False,0.0,1.0,1.0,0.0,0.0,0.0,0.0,0.0
CH12:atp:2026/460/ms020:G0IB,Jan Choinski,Bad Rappenau,2026-06-01,R32,Challenger main draw,2026,2025-26,Point-by-point sequence,False,True,False,False,True,False,True,True,False,False,0.0,1.0,1.0,0.0,0.0,0.0,0.0,0.0
CH12:atp:2026/9003/ms013:C0NB,Jan Choinski,Bratislava,2026-06-08,R16,Challenger main draw,2026,2025-26,Result + serve/return totals,True,True,False,False,True,False,True,False,False,False,0.0,1.0,1.0,0.0,0.0,0.0,0.0,0.0
CH12:atp:2026/9003/ms027:GB93,Jan Choinski,Bratislava,2026-06-08,R32,Challenger main draw,2026,2025-26,Point-by-point sequence,False,True,False,False,True,False,True,True,False,False,0.0,1.0,1.0,0.0,0.0,0.0,0.0,0.0
CH12:atp:2026/786/ms007:H0DU,Jan Choinski,Poznan,2026-06-15,QF,Challenger main draw,2026,2025-26,Point-by-point sequence,False,True,True,False,False,True,True,True,False,False,0.0,1.0,1.0,0.0,0.0,0.0,0.0,0.0
CH12:atp:2026/786/ms015:K0HC,Jan Choinski,Poznan,2026-06-15,R16,Challenger main draw,2026,2025-26,Point-by-point sequence,False,True,False,False,True,False,True,True,False,False,0.0,1.0,1.0,0.0,0.0,0.0,0.0,0.0
CH12:atp:2026/786/ms031:B0FI,Jan Choinski,Poznan,2026-06-15,R32,Challenger main draw,2026,2025-26,Point-by-point sequence,False,True,False,False,True,False,True,True,False,False,0.0,1.0,1.0,0.0,0.0,0.0,0.0,0.0
CH12:atp:2026/741/ms004:BU13,Jan Choinski,Eastbourne,2026-06-22,QF,Tour main draw,2026,2025-26,Point-by-point sequence,False,True,True,False,False,True,True,True,False,False,0.0,1.0,1.0,0.0,1.0,1.0,0.0,1.0
CH12:atp:2026/741/ms008:G0EU,Jan Choinski,Eastbourne,2026-06-22,R16,Tour main draw,2026,2025-26,Point-by-point sequence,False,True,True,False,False,True,True,True,False,False,0.0,1.0,1.0,0.0,1.0,1.0,0.0,1.0
CH12:atp:2026/741/ms017:P09Z,Jan Choinski,Eastbourne,2026-06-22,R32,Tour main draw,2026,2025-26,Point-by-point sequence,False,True,True,False,False,True,True,True,False,False,0.0,1.0,1.0,0.0,1.0,1.0,0.0,1.0
CH12:atp:2026/741/qs007:GC88,Jan Choinski,Eastbourne,2026-06-22,Q2,Tour qualifying,2026,2025-26,Point-by-point sequence,False,True,True,False,False,True,True,True,False,False,0.0,1.0,1.0,0.0,0.0,0.0,0.0,1.0
CH12:atp:2026/741/qs015:WB32,Jan Choinski,Eastbourne,2026-06-22,Q1,Tour qualifying,2026,2025-26,Point-by-point sequence,False,True,True,False,False,True,True,True,False,False,0.0,1.0,1.0,0.0,0.0,0.0,0.0,1.0
CH12:atp:2026/540/ms058:TD51,Jan Choinski,Wimbledon,2026-06-29,R64,Tour main draw,2026,2025-26,Result + serve/return totals,True,True,True,False,False,True,True,False,False,False,0.0,1.0,0.0,0.0,1.0,1.0,1.0,0.0
CH12:atp:2026/540/ms117:KI82,Jan Choinski,Wimbledon,2026-06-29,R128,Tour main draw,2026,2025-26,Point-by-point sequence,False,True,True,True,False,True,True,True,False,False,0.0,1.0,0.0,0.0,1.0,1.0,1.0,0.0
CH12:atp:2026/526/ms001:G09O,Jan Choinski,Braunschweig,2026-07-06,F,Challenger main draw,2026,2025-26,Result + serve/return totals,True,True,True,False,False,True,True,False,False,False,0.0,1.0,1.0,0.0,0.0,0.0,0.0,0.0
CH12:atp:2026/526/ms002:R0FP,Jan Choinski,Braunschweig,2026-07-06,SF,Challenger main draw,2026,2025-26,Result + serve/return totals,True,True,True,False,False,True,True,False,False,False,0.0,1.0,1.0,0.0,0.0,0.0,0.0,0.0
CH12:atp:2026/526/ms005:D0LJ,Jan Choinski,Braunschweig,2026-07-06,QF,Challenger main draw,2026,2025-26,Result + serve/return totals,True,True,True,False,False,True,True,False,False,False,0.0,1.0,1.0,0.0,0.0,0.0,0.0,0.0
CH12:atp:2026/526/ms010:R0ED,Jan Choinski,Braunschweig,2026-07-06,R16,Challenger main draw,2026,2025-26,Result + serve/return totals,True,True,True,False,False,True,True,False,False,False,0.0,1.0,1.0,0.0,0.0,0.0,0.0,0.0
CH12:atp:2026/526/ms020:KC33,Jan Choinski,Braunschweig,2026-07-06,R32,Challenger main draw,2026,2025-26,Result + serve/return totals,True,True,True,False,False,True,True,False,False,False,0.0,1.0,1.0,0.0,0.0,0.0,0.0,0.0
CH12:atp:2026/316/ms022:BG23,Jan Choinski,Bastad,2026-07-13,R32,Tour main draw,2026,2025-26,Result + serve/return totals,True,True,True,False,False,True,True,False,False,False,0.0,1.0,1.0,0.0,1.0,1.0,0.0,1.0
CH12:atp:2026/2935/ms001:M19T,Jan Choinski,Bonn,2026-07-27,F,Challenger main draw,2026,2025-26,Result + serve/return totals,True,True,True,False,False,True,True,False,False,False,0.0,1.0,1.0,0.0,0.0,0.0,0.0,0.0
CH12:atp:2026/2935/ms002:GJ16,Jan Choinski,Bonn,2026-07-27,SF,Challenger main draw,2026,2025-26,Result + serve/return totals,True,True,True,False,False,True,True,False,False,False,0.0,1.0,1.0,0.0,0.0,0.0,0.0,0.0
CH12:atp:2026/2935/ms004:W0BU,Jan Choinski,Bonn,2026-07-27,QF,Challenger main draw,2026,2025-26,Result + serve/return totals,True,True,True,False,False,True,True,False,False,False,0.0,1.0,1.0,0.0,0.0,0.0,0.0,0.0
CH12:atp:2026/2935/ms008:B0GY,Jan Choinski,Bonn,2026-07-27,R16,Challenger main draw,2026,2025-26,Result + serve/return totals,True,True,True,False,False,True,True,False,False,False,0.0,1.0,1.0,0.0,0.0,0.0,0.0,0.0
CH12:atp:2026/2935/ms016:P0CT,Jan Choinski,Bonn,2026-07-27,R32,Challenger main draw,2026,2025-26,Result + serve/return totals,True,True,True,False,False,True,True,False,False,False,0.0,1.0,1.0,0.0,0.0,0.0,0.0,0.0
CH12:atp:2026/422/ms081:T0A1,Jan Choinski,ATP Masters 1000 Cincinnati,2026-08-10,R128,Tour main draw,2026,2025-26,Result + serve/return totals,True,True,False,False,True,False,True,False,False,False,0.0,1.0,1.0,0.0,1.0,1.0,0.0,1.0
CH12:atp:2026/3103/ms010:DA81,Jan Choinski,Quebec City,2026-08-17,R16,Challenger main draw,2026,2025-26,Result + serve/return totals,True,True,False,False,True,False,False,False,False,False,0.0,1.0,1.0,0.0,0.0,0.0,0.0,0.0
CH12:atp:2026/6242/ms042:R0KD,Jan Choinski,Winston-Salem,2026-08-24,R64,Tour main draw,2026,2025-26,Result + serve/return totals,True,True,False,False,True,False,False,False,False,False,0.0,1.0,1.0,0.0,1.0,1.0,0.0,1.0
CH12:atp:2026/560/ms078:V812,Jan Choinski,US Open,2026-08-31,R128,Tour main draw,2026,2025-26,Result + serve/return totals,True,True,False,False,True,False,False,False,False,False,0.0,1.0,0.0,0.0,1.0,1.0,0.99,0.0
G0BY:atp:2017/6019/ms028:DB64,Daniil Glinka,Estonia F2,2017-10-23,R32,ITF main draw,2017,2012-18,"Result, no statistics",True,True,True,False,False,True,False,False,False,False,0.0,0.0,0.0,0.0,0.0,0.0,0.0,0.0
G0BY:atp:2018/273/ms021:KG23,Daniil Glinka,Estonia F1,2018-07-16,R32,ITF main draw,2018,2012-18,"Result, no statistics",True,True,True,False,False,True,False,False,False,False,0.0,0.0,0.0,0.0,0.0,0.0,0.0,0.0
G0BY:atp:2018/6874/ms010:G09C,Daniil Glinka,Egypt F21,2018-10-01,R16,ITF main draw,2018,2012-18,"Result, no statistics",True,True,True,False,False,True,False,False,False,False,0.0,0.0,0.0,0.0,0.0,0.0,0.0,0.0
G0BY:atp:2018/6874/ms021:KG28,Daniil Glinka,Egypt F21,2018-10-01,R32,ITF main draw,2018,2012-18,"Result, no statistics",True,True,True,False,False,True,False,False,False,False,0.0,0.0,0.0,0.0,0.0,0.0,0.0,0.0
G0BY:atp:2018/6019/ms022:SY48,Daniil Glinka,Estonia F2,2018-10-29,R32,ITF main draw,2018,2012-18,"Result, no statistics",True,True,False,False,True,False,False,False,False,False,0.0,0.0,0.0,0.0,0.0,0.0,0.0,0.0
G0BY:atp:2019/8170/ms016:G681,Daniil Glinka,M25 Aktobe,2019-02-18,R32,ITF main draw,2019,2019-21,"Result, no statistics",True,True,False,False,True,False,False,False,False,False,0.0,0.0,0.0,0.0,0.0,0.0,0.0,0.0
G0BY:atp:2019/8190/ms022:MJ56,Daniil Glinka,M25 Kazan,2019-03-11,R32,ITF main draw,2019,2019-21,"Result, no statistics",True,True,False,False,True,False,False,False,False,False,0.0,0.0,0.0,0.0,0.0,0.0,0.0,0.0
G0BY:atp:2019/183/ms017:SY74,Daniil Glinka,M25 Namangan,2019-04-29,R32,ITF main draw,2019,2019-21,"Result, no statistics",True,True,False,False,True,False,False,False,False,False,0.0,0.0,0.0,0.0,0.0,0.0,0.0,0.0
G0BY:atp:2019/3497/ms026:G0EI,Daniil Glinka,M15 Sozopol,2019-05-06,R32,ITF main draw,2019,2019-21,"Result, no statistics",True,True,True,False,False,True,False,False,False,False,0.0,0.0,0.0,0.0,0.0,0.0,0.0,0.0
G0BY:atp:2019/1805/ms028:PI95,Daniil Glinka,M15 Brcko,2019-05-20,R32,ITF main draw,2019,2019-21,"Result, no statistics",True,True,True,False,False,True,False,False,False,False,0.0,0.0,0.0,0.0,0.0,0.0,0.0,0.0
G0BY:atp:2019/8272/ms025:BM45,Daniil Glinka,M25 Kiseljak,2019-05-27,R32,ITF main draw,2019,2019-21,"Result, no statistics",True,True,True,False,False,True,False,False,False,False,0.0,0.0,0.0,0.0,0.0,0.0,0.0,0.0
G0BY:atp:2019/273/ms029:V993,Daniil Glinka,M15 Parnu,2019-07-15,R32,ITF main draw,2019,2019-21,"Result, no statistics",True,True,False,False,True,False,False,False,False,False,0.0,0.0,0.0,0.0,0.0,0.0,0.0,0.0
G0BY:atp:2019/8300/ms007:DH46,Daniil Glinka,M15 Telavi,2019-07-29,QF,ITF main draw,2019,2019-21,"Result, no statistics",True,True,False,False,True,False,False,False,False,False,0.0,0.0,0.0,0.0,0.0,0.0,0.0,0.0
G0BY:atp:2019/8300/ms015:SX51,Daniil Glinka,M15 Telavi,2019-07-29,R16,ITF main draw,2019,2019-21,"Result, no statistics",True,True,False,False,True,False,False,False,False,False,0.0,0.0,0.0,0.0,0.0,0.0,0.0,0.0
G0BY:atp:2019/8300/ms030:H09W,Daniil Glinka,M15 Telavi,2019-07-29,R32,ITF main draw,2019,2019-21,"Result, no statistics",True,True,False,False,True,False,False,False,False,False,0.0,0.0,0.0,0.0,0.0,0.0,0.0,0.0
G0BY:atp:2019/3638/ms004:K776,Daniil Glinka,M15 Moscow,2019-08-19,QF,ITF main draw,2019,2019-21,"Result, no statistics",True,True,True,False,False,True,False,False,False,False,0.0,0.0,0.0,0.0,0.0,0.0,0.0,0.0
G0BY:atp:2019/3638/ms009:P09U,Daniil Glinka,M15 Moscow,2019-08-19,R16,ITF main draw,2019,2019-21,"Result, no statistics",True,True,True,False,False,True,False,False,False,False,0.0,0.0,0.0,0.0,0.0,0.0,0.0,0.0
G0BY:atp:2019/3638/ms018:A0FM,Daniil Glinka,M15 Moscow,2019-08-19,R32,ITF main draw,2019,2019-21,"Result, no statistics",True,True,True,False,False,True,False,False,False,False,0.0,0.0,0.0,0.0,0.0,0.0,0.0,0.0
G0BY:atp:2019/204/ms018:RD67,Daniil Glinka,M15 Pajulahti,2019-09-16,R32,ITF main draw,2019,2019-21,"Result, no statistics",True,True,True,False,False,True,False,False,False,False,0.0,0.0,0.0,0.0,0.0,0.0,0.0,0.0
G0BY:atp:2019/6400/ms004:N754,Daniil Glinka,M25 Falun,2019-09-30,QF,ITF main draw,2019,2019-21,"Result, no statistics",True,True,True,False,False,True,False,False,False,False,0.0,0.0,0.0,0.0,0.0,0.0,0.0,0.0
G0BY:atp:2019/6400/ms008:K0CJ,Daniil Glinka,M25 Falun,2019-09-30,R16,ITF main draw,2019,2019-21,"Result, no statistics",True,True,True,False,False,True,False,False,False,False,0.0,0.0,0.0,0.0,0.0,0.0,0.0,0.0
G0BY:atp:2019/6400/ms016:CM79,Daniil Glinka,M25 Falun,2019-09-30,R32,ITF main draw,2019,2019-21,"Result, no statistics",True,True,True,False,False,True,False,False,False,False,0.0,0.0,0.0,0.0,0.0,0.0,0.0,0.0
G0BY:atp:2019/6679/ms019:E811,Daniil Glinka,M15 Olomouc,2019-10-14,R32,ITF main draw,2019,2019-21,"Result, no statistics",True,True,True,False,False,True,False,False,False,False,0.0,0.0,0.0,0.0,0.0,0.0,0.0,0.0
G0BY:atp:2019/6019/ms006:MV63,Daniil Glinka,M15 Parnu,2019-10-28,QF,ITF main draw,2019,2019-21,"Result, no statistics",True,True,False,False,True,False,False,False,False,False,0.0,0.0,0.0,0.0,0.0,0.0,0.0,0.0
G0BY:atp:2019/6019/ms013:RH25,Daniil Glinka,M15 Parnu,2019-10-28,R16,ITF main draw,2019,2019-21,"Result, no statistics",True,True,False,False,True,False,False,False,False,False,0.0,0.0,0.0,0.0,0.0,0.0,0.0,0.0
G0BY:atp:2019/6019/ms027:A09T,Daniil Glinka,M15 Parnu,2019-10-28,R32,ITF main draw,2019,2019-21,"Result, no statistics",True,True,True,False,False,True,False,False,False,False,0.0,0.0,0.0,0.0,0.0,0.0,0.0,0.0
G0BY:atp:2019/6974/ms027:MP94,Daniil Glinka,M15 Doha,2019-12-09,R32,ITF main draw,2019,2019-21,"Result, no statistics",True,True,False,False,True,False,False,False,False,False,0.0,0.0,0.0,0.0,0.0,0.0,0.0,0.0
G0BY:atp:2019/7230/ms027:KE05,Daniil Glinka,M15 Doha,2019-12-16,R32,ITF main draw,2019,2019-21,"Result, no statistics",True,True,True,False,False,True,False,False,False,False,0.0,0.0,0.0,0.0,0.0,0.0,0.0,0.0
G0BY:atp:2020/8177/ms006:SO86,Daniil Glinka,M15 Sharm El Sheikh,2020-02-17,QF,ITF main draw,2020,2019-21,"Result, no statistics",True,True,True,False,False,True,False,False,False,False,0.0,0.0,0.0,0.0,0.0,0.0,0.0,0.0
G0BY:atp:2020/8177/ms013:GK25,Daniil Glinka,M15 Sharm El Sheikh,2020-02-17,R16,ITF main draw,2020,2019-21,"Result, no statistics",True,True,True,False,False,True,False,False,False,False,0.0,0.0,0.0,0.0,0.0,0.0,0.0,0.0
G0BY:atp:2020/8177/ms027:TG46,Daniil Glinka,M15 Sharm El Sheikh,2020-02-17,R32,ITF main draw,2020,2019-21,"Result, no statistics",True,True,True,False,False,True,False,False,False,False,0.0,0.0,0.0,0.0,0.0,0.0,0.0,0.0
G0BY:atp:2020/9268/ms000:D0B5,Daniil Glinka,G2 EST vs GEO Round 1,2020-03-02,RR,Davis Cup,2020,2019-21,"Result, no statistics",True,True,True,False,False,True,False,False,False,False,0.0,0.0,0.0,0.0,0.0,0.0,0.0,0.0
G0BY:atp:2020/8187/ms014:S0AV,Daniil Glinka,M15 Doha,2020-03-09,R16,ITF main draw,2020,2019-21,"Result, no statistics",True,True,True,False,False,True,False,False,False,False,0.0,0.0,0.0,0.0,0.0,0.0,0.0,0.0
G0BY:atp:2020/8187/ms029:K0A5,Daniil Glinka,M15 Doha,2020-03-09,R32,ITF main draw,2020,2019-21,"Result, no statistics",True,True,True,False,False,True,False,False,False,False,0.0,0.0,0.0,0.0,0.0,0.0,0.0,0.0
G0BY:atp:2020/7429/ms016:HH51,Daniil Glinka,M15 Monastir,2020-09-14,R32,ITF main draw,2020,2019-21,"Result, no statistics",True,True,False,False,True,False,False,False,False,False,0.0,0.0,0.0,0.0,0.0,0.0,0.0,0.0
G0BY:atp:2020/7457/ms010:GA71,Daniil Glinka,M15 Monastir,2020-10-12,R16,ITF main draw,2020,2019-21,"Result, no statistics",True,True,True,True,False,True,False,False,False,False,0.0,0.0,0.0,0.0,0.0,0.0,0.0,0.0
G0BY:atp:2020/7457/ms021:M0ES,Daniil Glinka,M15 Monastir,2020-10-12,R32,ITF main draw,2020,2019-21,"Result, no statistics",True,True,True,False,False,True,False,False,False,False,0.0,0.0,0.0,0.0,0.0,0.0,0.0,0.0
G0BY:atp:2020/7467/ms003:M0E4,Daniil Glinka,M15 Monastir,2020-10-19,SF,ITF main draw,2020,2019-21,"Result, no statistics",True,True,True,False,False,True,False,False,False,False,0.0,0.0,0.0,0.0,0.0,0.0,0.0,0.0
G0BY:atp:2020/7467/ms007:W0AX,Daniil Glinka,M15 Monastir,2020-10-19,QF,ITF main draw,2020,2019-21,"Result, no statistics",True,True,True,False,False,True,False,False,False,False,0.0,0.0,0.0,0.0,0.0,0.0,0.0,0.0
G0BY:atp:2020/7467/ms015:TG67,Daniil Glinka,M15 Monastir,2020-10-19,R16,ITF main draw,2020,2019-21,"Result, no statistics",True,True,True,False,False,True,False,False,False,False,0.0,0.0,0.0,0.0,0.0,0.0,0.0,0.0
G0BY:atp:2020/7467/ms031:ML73,Daniil Glinka,M15 Monastir,2020-10-19,R32,ITF main draw,2020,2019-21,"Result, no statistics",True,True,True,False,False,True,False,False,False,False,0.0,0.0,0.0,0.0,0.0,0.0,0.0,0.0
G0BY:atp:2020/273/ms009:VA27,Daniil Glinka,M15 Parnu,2020-11-02,R16,ITF main draw,2020,2019-21,"Result, no statistics",True,True,True,False,False,True,False,False,False,False,0.0,0.0,0.0,0.0,0.0,0.0,0.0,0.0
G0BY:atp:2020/273/ms018:T0BY,Daniil Glinka,M15 Parnu,2020-11-02,R32,ITF main draw,2020,2019-21,"Result, no statistics",True,True,True,False,False,True,False,False,False,False,0.0,0.0,0.0,0.0,0.0,0.0,0.0,0.0
G0BY:atp:2021/8144/ms016:CH12,Daniil Glinka,M15 St. Petersburg,2021-02-01,R32,ITF main draw,2021,2019-21,"Result, no statistics",True,True,False,False,True,False,False,False,False,False,0.0,0.0,0.0,0.0,0.0,0.0,0.0,0.0
G0BY:atp:2021/9464/qs013:ML73,Daniil Glinka,St. Petersburg 1,2021-03-01,Q1,Challenger qualifying,2021,2019-21,Result + serve/return totals,True,True,False,False,True,False,False,False,False,False,0.336,0.0,0.0,0.0,0.0,0.0,0.0,0.0
G0BY:atp:2021/9468/qs012:SR81,Daniil Glinka,St. Petersburg 2,2021-03-08,Q1,Challenger qualifying,2021,2019-21,Result + serve/return totals,True,True,False,False,True,False,False,False,False,False,0.336,0.0,0.0,0.0,0.0,0.0,0.0,0.0
G0BY:atp:2021/6481/ms013:SK67,Daniil Glinka,M15 St. Petersburg,2021-04-05,R16,ITF main draw,2021,2019-21,"Result, no statistics",True,True,False,False,True,False,False,False,False,False,0.0,0.0,0.0,0.0,0.0,0.0,0.0,0.0
G0BY:atp:2021/6481/ms026:G0BD,Daniil Glinka,M15 St. Petersburg,2021-04-05,R32,ITF main draw,2021,2019-21,"Result, no statistics",True,True,False,False,True,False,False,False,False,False,0.0,0.0,0.0,0.0,0.0,0.0,0.0,0.0
G0BY:atp:2021/3638/ms010:S0MN,Daniil Glinka,M15 St. Petersburg,2021-04-12,R16,ITF main draw,2021,2019-21,"Result, no statistics",True,True,False,False,False,True,False,False,False,False,0.0,0.0,0.0,0.0,0.0,0.0,0.0,0.0
G0BY:atp:2021/3638/ms020:SK67,Daniil Glinka,M15 St. Petersburg,2021-04-12,R32,ITF main draw,2021,2019-21,"Result, no statistics",True,True,True,False,False,True,False,False,False,False,0.0,0.0,0.0,0.0,0.0,0.0,0.0,0.0
G0BY:atp:2021/6293/ms031:V762,Daniil Glinka,M15 Antalya,2021-04-26,R32,ITF main draw,2021,2019-21,"Result, no statistics",True,True,True,False,False,True,False,False,False,False,0.0,0.0,0.0,0.0,0.0,0.0,0.0,0.0
G0BY:atp:2021/9528/ms021:C0B2,Daniil Glinka,M15 Antalya,2021-05-17,R32,ITF main draw,2021,2019-21,"Result, no statistics",True,True,True,False,False,True,False,False,False,False,0.0,0.0,0.0,0.0,0.0,0.0,0.0,0.0
G0BY:atp:2021/7791/qs010:D0C1,Daniil Glinka,Almaty,2021-06-07,Q1,Challenger qualifying,2021,2019-21,Result + serve/return totals,True,True,False,False,True,False,False,False,False,False,0.336,0.0,0.0,0.0,0.0,0.0,0.0,0.0
G0BY:atp:2021/9546/ms030:J709,Daniil Glinka,M25 Velenje,2021-07-05,R32,ITF main draw,2021,2019-21,"Result, no statistics",True,True,False,False,True,False,False,False,False,False,0.0,0.0,0.0,0.0,0.0,0.0,0.0,0.0
G0BY:atp:2021/92/ms025:B0BM,Daniil Glinka,M25 Telfs,2021-07-12,R32,ITF main draw,2021,2019-21,Missing,True,True,True,False,False,True,False,False,False,False,0.0,0.0,0.0,0.0,0.0,0.0,0.0,0.0
G0BY:atp:2021/6917/ms030:TG90,Daniil Glinka,M15 Castelo Branco,2021-07-26,R32,ITF main draw,2021,2019-21,"Result, no statistics",True,True,True,False,False,True,False,False,False,False,0.0,0.0,0.0,0.0,0.0,0.0,0.0,0.0
G0BY:atp:2021/7445/ms003:B0GG,Daniil Glinka,M15 Monastir,2021-08-02,SF,ITF main draw,2021,2019-21,"Result, no statistics",True,True,True,False,False,True,False,False,False,False,0.0,0.0,0.0,0.0,0.0,0.0,0.0,0.0
G0BY:atp:2021/7445/ms006:W0BH,Daniil Glinka,M15 Monastir,2021-08-02,QF,ITF main draw,2021,2019-21,"Result, no statistics",True,True,True,False,False,True,False,False,False,False,0.0,0.0,0.0,0.0,0.0,0.0,0.0,0.0
G0BY:atp:2021/7445/ms012:B0C2,Daniil Glinka,M15 Monastir,2021-08-02,R16,ITF main draw,2021,2019-21,"Result, no statistics",True,True,True,False,False,True,False,False,False,False,0.0,0.0,0.0,0.0,0.0,0.0,0.0,0.0
G0BY:atp:2021/7445/ms025:K0AB,Daniil Glinka,M15 Monastir,2021-08-02,R32,ITF main draw,2021,2019-21,"Result, no statistics",True,True,True,False,False,True,False,False,False,False,0.0,0.0,0.0,0.0,0.0,0.0,0.0,0.0
G0BY:atp:2021/7450/ms027:RH59,Daniil Glinka,M15 Monastir,2021-08-09,R32,ITF main draw,2021,2019-21,"Result, no statistics",True,True,True,False,False,True,False,False,False,False,0.0,0.0,0.0,0.0,0.0,0.0,0.0,0.0
G0BY:atp:2021/9552/ms026:CG33,Daniil Glinka,St. Tropez,2021-08-30,R32,Challenger main draw,2021,2019-21,Result + serve/return totals,True,True,False,False,True,False,False,False,False,False,0.553,0.0,0.0,0.0,0.0,0.0,0.0,0.0
G0BY:atp:2021/9552/qs006:BM05,Daniil Glinka,St. Tropez,2021-08-30,Q2,Challenger qualifying,2021,2019-21,Result + serve/return totals,True,True,False,False,True,False,False,False,False,False,0.336,0.0,0.0,0.0,0.0,0.0,0.0,0.0
G0BY:atp:2021/9552/qs013:W0BX,Daniil Glinka,St. Tropez,2021-08-30,Q1,Challenger qualifying,2021,2019-21,Result + serve/return totals,True,True,False,True,False,True,False,False,False,False,0.336,0.0,0.0,0.0,0.0,0.0,0.0,0.0
G0BY:atp:2021/7478/ms029:I327,Daniil Glinka,M15 Monastir,2021-09-06,R32,ITF main draw,2021,2019-21,"Result, no statistics",True,True,False,False,True,False,False,False,False,False,0.0,0.0,0.0,0.0,0.0,0.0,0.0,0.0
G0BY:atp:2021/9615/ms000:L949,Daniil Glinka,G2 SUI vs EST Round 1,2021-09-13,RR,Davis Cup,2021,2019-21,Result + serve/return totals,True,True,False,False,True,False,False,False,False,False,0.0,0.0,0.0,0.0,0.0,0.0,0.0,0.0
G0BY:atp:2021/7865/ms028:M0GY,Daniil Glinka,M15 Monastir,2021-09-20,R32,ITF main draw,2021,2019-21,"Result, no statistics",True,True,False,False,True,False,False,False,False,False,0.0,0.0,0.0,0.0,0.0,0.0,0.0,0.0
G0BY:atp:2021/7869/ms020:TG46,Daniil Glinka,M15 Monastir,2021-09-27,R32,ITF main draw,2021,2019-21,"Result, no statistics",True,True,False,False,True,False,False,False,False,False,0.0,0.0,0.0,0.0,0.0,0.0,0.0,0.0
G0BY:atp:2021/7872/ms024:VA25,Daniil Glinka,M15 Monastir,2021-10-04,R32,ITF main draw,2021,2019-21,"Result, no statistics",True,True,False,False,True,False,False,False,False,False,0.0,0.0,0.0,0.0,0.0,0.0,0.0,0.0
G0BY:atp:2021/8120/ms012:EA13,Daniil Glinka,M15 Monastir,2021-10-11,R16,ITF main draw,2021,2019-21,"Result, no statistics",True,True,True,False,False,True,False,False,False,False,0.0,0.0,0.0,0.0,0.0,0.0,0.0,0.0
G0BY:atp:2021/8120/ms025:R0AI,Daniil Glinka,M15 Monastir,2021-10-11,R32,ITF main draw,2021,2019-21,"Result, no statistics",True,True,False,False,True,False,False,False,False,False,0.0,0.0,0.0,0.0,0.0,0.0,0.0,0.0
G0BY:atp:2021/8122/ms019:B0EK,Daniil Glinka,M15 Monastir,2021-10-18,R32,ITF main draw,2021,2019-21,"Result, no statistics",True,True,True,False,False,True,False,False,False,False,0.0,0.0,0.0,0.0,0.0,0.0,0.0,0.0
G0BY:atp:2021/9451/ms010:FC39,Daniil Glinka,M15 Monastir,2021-10-25,R16,ITF main draw,2021,2019-21,"Result, no statistics",True,True,True,False,False,True,False,False,False,False,0.0,0.0,0.0,0.0,0.0,0.0,0.0,0.0
G0BY:atp:2021/9451/ms021:C0I7,Daniil Glinka,M15 Monastir,2021-10-25,R32,ITF main draw,2021,2019-21,"Result, no statistics",True,True,True,False,False,True,False,False,False,False,0.0,0.0,0.0,0.0,0.0,0.0,0.0,0.0
G0BY:atp:2021/8258/ms023:H0DC,Daniil Glinka,M15 Cancun,2021-11-22,R32,ITF main draw,2021,2019-21,"Result, no statistics",True,True,True,False,False,True,False,False,False,False,0.0,0.0,0.0,0.0,0.0,0.0,0.0,0.0
G0BY:atp:2021/8262/ms024:LD22,Daniil Glinka,M15 Cancun,2021-11-29,R32,ITF main draw,2021,2019-21,"Result, no statistics",True,True,True,False,False,True,False,False,False,False,0.0,0.0,0.0,0.0,0.0,0.0,0.0,0.0
G0BY:atp:2022/8144/ms027:K0E6,Daniil Glinka,M15 Kazan,2022-01-17,R32,ITF main draw,2022,2022-23,"Result, no statistics",True,True,True,False,False,True,False,False,False,False,0.0,0.0,0.0,0.0,0.0,0.0,0.0,0.0
G0BY:atp:2022/8170/ms009:HH15,Daniil Glinka,M25 Nur-Sultan,2022-02-28,R16,ITF main draw,2022,2022-23,"Result, no statistics",True,True,False,False,True,False,False,False,False,False,0.0,0.0,0.0,0.0,0.0,0.0,0.0,0.0
G0BY:atp:2022/8170/ms019:K776,Daniil Glinka,M25 Nur-Sultan,2022-02-28,R32,ITF main draw,2022,2022-23,"Result, no statistics",True,True,False,False,True,False,False,False,False,False,0.0,0.0,0.0,0.0,0.0,0.0,0.0,0.0
G0BY:atp:2022/8194/ms013:B0DA,Daniil Glinka,M15 Creteil,2022-03-07,R16,ITF main draw,2022,2022-23,"Result, no statistics",True,True,False,False,True,False,False,False,False,False,0.0,0.0,0.0,0.0,0.0,0.0,0.0,0.0
G0BY:atp:2022/8194/ms026:PM20,Daniil Glinka,M15 Creteil,2022-03-07,R32,ITF main draw,2022,2022-23,"Result, no statistics",True,True,False,False,True,False,False,False,False,False,0.0,0.0,0.0,0.0,0.0,0.0,0.0,0.0
G0BY:atp:2022/8156/ms023:A09T,Daniil Glinka,M25 Trimbach,2022-03-14,R32,ITF main draw,2022,2022-23,"Result, no statistics",True,True,False,False,True,False,False,False,False,False,0.0,0.0,0.0,0.0,0.0,0.0,0.0,0.0
G0BY:atp:2022/8158/ms017:BU35,Daniil Glinka,M25 Toulouse-Balma,2022-03-21,R32,ITF main draw,2022,2022-23,"Result, no statistics",True,True,False,False,True,False,False,False,False,False,0.0,0.0,0.0,0.0,0.0,0.0,0.0,0.0
G0BY:atp:2022/7328/ms024:B0DA,Daniil Glinka,M15 Monastir,2022-04-04,R32,ITF main draw,2022,2022-23,"Result, no statistics",True,True,False,False,True,False,False,False,False,False,0.0,0.0,0.0,0.0,0.0,0.0,0.0,0.0
G0BY:atp:2022/9840/ms016:MI01,Daniil Glinka,M25 Nottingham,2022-04-18,R32,ITF main draw,2022,2022-23,"Result, no statistics",True,True,True,False,False,True,False,False,False,False,0.0,0.0,0.0,0.0,0.0,0.0,0.0,0.0
G0BY:atp:2022/7383/ms014:KI71,Daniil Glinka,M15 Monastir,2022-04-25,R16,ITF main draw,2022,2022-23,"Result, no statistics",True,True,True,False,False,True,False,False,False,False,0.0,0.0,0.0,0.0,0.0,0.0,0.0,0.0
G0BY:atp:2022/7383/ms028:BP44,Daniil Glinka,M15 Monastir,2022-04-25,R32,ITF main draw,2022,2022-23,"Result, no statistics",True,True,False,False,False,True,False,False,False,False,0.0,0.0,0.0,0.0,0.0,0.0,0.0,0.0
G0BY:atp:2022/7386/ms026:C0A0,Daniil Glinka,M15 Monastir,2022-05-02,R32,ITF main draw,2022,2022-23,"Result, no statistics",True,True,True,False,False,True,False,False,False,False,0.0,0.0,0.0,0.0,0.0,0.0,0.0,0.0
G0BY:atp:2022/7400/ms019:LI10,Daniil Glinka,M25 Monastir,2022-05-09,R32,ITF main draw,2022,2022-23,"Result, no statistics",True,True,True,False,False,True,False,False,False,False,0.0,0.0,0.0,0.0,0.0,0.0,0.0,0.0
G0BY:atp:2022/9849/ms019:N0B0,Daniil Glinka,M15 Kouvola,2022-05-16,R32,ITF main draw,2022,2022-23,"Result, no statistics",True,True,True,False,False,True,False,False,False,False,0.0,0.0,0.0,0.0,0.0,0.0,0.0,0.0
G0BY:atp:2022/7404/ms016:U134,Daniil Glinka,M25 Monastir,2022-05-23,R32,ITF main draw,2022,2022-23,"Result, no statistics",True,True,True,False,False,True,False,False,False,False,0.0,0.0,0.0,0.0,0.0,0.0,0.0,0.0
G0BY:atp:2022/899/ms003:F09J,Daniil Glinka,M15 Vassa,2022-05-30,SF,ITF main draw,2022,2022-23,"Result, no statistics",True,True,True,False,False,True,False,False,False,False,0.0,0.0,0.0,0.0,0.0,0.0,0.0,0.0
G0BY:atp:2022/899/ms006:CH80,Daniil Glinka,M15 Vassa,2022-05-30,QF,ITF main draw,2022,2022-23,"Result, no statistics",True,True,True,False,False,True,False,False,False,False,0.0,0.0,0.0,0.0,0.0,0.0,0.0,0.0
G0BY:atp:2022/899/ms012:S0LF,Daniil Glinka,M15 Vassa,2022-05-30,R16,ITF main draw,2022,2022-23,"Result, no statistics",True,True,True,False,False,True,False,False,False,False,0.0,0.0,0.0,0.0,0.0,0.0,0.0,0.0
G0BY:atp:2022/899/ms024:J732,Daniil Glinka,M15 Vassa,2022-05-30,R32,ITF main draw,2022,2022-23,"Result, no statistics",True,True,True,False,False,True,False,False,False,False,0.0,0.0,0.0,0.0,0.0,0.0,0.0,0.0
G0BY:atp:2022/4124/ms009:M0F4,Daniil Glinka,M15 Raanana,2022-06-20,R16,ITF main draw,2022,2022-23,"Result, no statistics",True,True,False,False,True,False,False,False,False,False,0.0,0.0,0.0,0.0,0.0,0.0,0.0,0.0
G0BY:atp:2022/4124/ms019:B0ML,Daniil Glinka,M15 Raanana,2022-06-20,R32,ITF main draw,2022,2022-23,"Result, no statistics",True,True,False,False,True,False,False,False,False,False,0.0,0.0,0.0,0.0,0.0,0.0,0.0,0.0
G0BY:atp:2022/275/ms015:M0HT,Daniil Glinka,M25 Bakio,2022-06-27,R16,ITF main draw,2022,2022-23,"Result, no statistics",True,True,False,False,True,False,False,False,False,False,0.0,0.0,0.0,0.0,0.0,0.0,0.0,0.0
G0BY:atp:2022/275/ms030:B0HF,Daniil Glinka,M25 Bakio,2022-06-27,R32,ITF main draw,2022,2022-23,"Result, no statistics",True,True,False,False,True,False,False,False,False,False,0.0,0.0,0.0,0.0,0.0,0.0,0.0,0.0
G0BY:atp:2022/6090/ms017:SF89,Daniil Glinka,M25 Nur-Sultan,2022-07-11,R32,ITF main draw,2022,2022-23,"Result, no statistics",True,True,False,False,True,False,False,False,False,False,0.0,0.0,0.0,0.0,0.0,0.0,0.0,0.0
G0BY:atp:2022/9533/qs008:E0AA,Daniil Glinka,Nur Sultan,2022-07-18,Q2,Challenger qualifying,2022,2022-23,Result + serve/return totals,True,True,False,False,False,True,False,False,False,False,0.336,0.0,0.0,0.0,0.0,0.0,0.0,0.0
G0BY:atp:2022/9533/qs017:A0HP,Daniil Glinka,Nur Sultan,2022-07-18,Q1,Challenger qualifying,2022,2022-23,Result + serve/return totals,True,True,False,False,False,True,False,False,False,False,0.336,0.0,0.0,0.0,0.0,0.0,0.0,0.0
G0BY:atp:2022/6608/ms018:P0G0,Daniil Glinka,M25 Tbilisi,2022-07-25,R32,ITF main draw,2022,2022-23,"Result, no statistics",True,True,True,False,False,True,False,False,False,False,0.0,0.0,0.0,0.0,0.0,0.0,0.0,0.0
G0BY:atp:2022/6632/ms030:E0AA,Daniil Glinka,M25 Tbilisi,2022-08-01,R32,ITF main draw,2022,2022-23,"Result, no statistics",True,True,True,False,False,True,False,False,False,False,0.0,0.0,0.0,0.0,0.0,0.0,0.0,0.0
G0BY:atp:2022/7109/ms006:Y09V,Daniil Glinka,M25 Tbilisi,2022-08-08,QF,ITF main draw,2022,2022-23,"Result, no statistics",True,True,True,True,False,True,False,False,False,False,0.0,0.0,0.0,0.0,0.0,0.0,0.0,0.0
G0BY:atp:2022/7109/ms012:B0LQ,Daniil Glinka,M25 Tbilisi,2022-08-08,R16,ITF main draw,2022,2022-23,"Result, no statistics",True,True,True,False,False,True,False,False,False,False,0.0,0.0,0.0,0.0,0.0,0.0,0.0,0.0
G0BY:atp:2022/7109/ms024:SF89,Daniil Glinka,M25 Tbilisi,2022-08-08,R32,ITF main draw,2022,2022-23,"Result, no statistics",True,True,True,False,False,True,False,False,False,False,0.0,0.0,0.0,0.0,0.0,0.0,0.0,0.0
G0BY:atp:2022/2789/qs027:P0B2,Daniil Glinka,Grodzisk Mazowiecki,2022-08-15,Q1,Challenger qualifying,2022,2022-23,Result + serve/return totals,True,True,False,False,False,True,False,False,False,False,0.336,0.0,0.0,0.0,0.0,0.0,0.0,0.0
G0BY:atp:2022/7973/ms017:MB53,Daniil Glinka,Mallorca,2022-08-29,R32,Challenger main draw,2022,2022-23,Result + serve/return totals,True,True,False,False,False,True,False,False,False,False,0.553,0.0,0.0,0.0,0.0,0.0,0.0,0.0
G0BY:atp:2022/7973/qs010:L797,Daniil Glinka,Mallorca,2022-08-29,Q2,Challenger qualifying,2022,2022-23,Result + serve/return totals,True,True,False,False,False,True,False,False,False,False,0.336,0.0,0.0,0.0,0.0,0.0,0.0,0.0
G0BY:atp:2022/7973/qs021:W845,Daniil Glinka,Mallorca,2022-08-29,Q1,Challenger qualifying,2022,2022-23,Result + serve/return totals,True,True,False,False,False,True,False,False,False,False,0.336,0.0,0.0,0.0,0.0,0.0,0.0,0.0
G0BY:atp:2022/7316/ms029:CF10,Daniil Glinka,Cary,2022-09-12,R32,Challenger main draw,2022,2022-23,Result + serve/return totals,True,True,False,False,False,True,False,False,False,False,0.553,0.0,0.0,0.0,0.0,0.0,0.0,0.0
G0BY:atp:2022/7316/qs013:M0NB,Daniil Glinka,Cary,2022-09-12,Q2,Challenger qualifying,2022,2022-23,Result + serve/return totals,True,True,False,False,False,True,False,False,False,False,0.336,0.0,0.0,0.0,0.0,0.0,0.0,0.0
G0BY:atp:2022/7316/qs027:S0DH,Daniil Glinka,Cary,2022-09-12,Q1,Challenger qualifying,2022,2022-23,Result + serve/return totals,True,True,False,False,False,True,False,False,False,False,0.336,0.0,0.0,0.0,0.0,0.0,0.0,0.0
G0BY:atp:2022/8281/qs012:C0E0,Daniil Glinka,Columbus 2,2022-09-19,Q2,Challenger qualifying,2022,2022-23,Result + serve/return totals,True,True,False,False,True,False,False,False,False,False,0.336,0.0,0.0,0.0,0.0,0.0,0.0,0.0
G0BY:atp:2022/8281/qs025:S0TT,Daniil Glinka,Columbus 2,2022-09-19,Q1,Challenger qualifying,2022,2022-23,Result + serve/return totals,True,True,False,False,True,False,False,False,False,False,0.336,0.0,0.0,0.0,0.0,0.0,0.0,0.0
G0BY:atp:2022/1768/qs010:KB37,Daniil Glinka,Tiburon,2022-10-03,Q2,Challenger qualifying,2022,2022-23,Result + serve/return totals,True,True,False,False,True,False,False,False,False,False,0.336,0.0,0.0,0.0,0.0,0.0,0.0,0.0
G0BY:atp:2022/1768/qs021:CO07,Daniil Glinka,Tiburon,2022-10-03,Q1,Challenger qualifying,2022,2022-23,Result + serve/return totals,True,True,False,False,True,False,False,False,False,False,0.336,0.0,0.0,0.0,0.0,0.0,0.0,0.0
G0BY:atp:2022/7339/qs020:SL08,Daniil Glinka,Fairfield,2022-10-10,Q1,Challenger qualifying,2022,2022-23,Result + serve/return totals,True,True,False,False,True,False,False,False,False,False,0.336,0.0,0.0,0.0,0.0,0.0,0.0,0.0
G0BY:atp:2022/4238/ms030:R0AR,Daniil Glinka,"M25 Harlingen, TX",2022-10-17,R32,ITF main draw,2022,2022-23,"Result, no statistics",True,True,False,False,True,False,False,False,False,False,0.0,0.0,0.0,0.0,0.0,0.0,0.0,0.0
G0BY:atp:2023/347/ms009:I0AP,Daniil Glinka,M15 Creteil,2023-03-06,R16,ITF main draw,2023,2022-23,"Result, no statistics",True,True,True,False,False,True,False,False,False,False,0.0,0.0,0.0,0.0,0.0,0.0,0.0,0.0
G0BY:atp:2023/347/ms018:W0AN,Daniil Glinka,M15 Creteil,2023-03-06,R32,ITF main draw,2023,2022-23,"Result, no statistics",True,True,True,False,False,True,False,False,False,False,0.0,0.0,0.0,0.0,0.0,0.0,0.0,0.0
G0BY:atp:2023/8156/ms031:Z09D,Daniil Glinka,M25 Trimbach,2023-03-13,R32,ITF main draw,2023,2022-23,"Result, no statistics",True,True,True,False,False,True,False,False,False,False,0.0,0.0,0.0,0.0,0.0,0.0,0.0,0.0
G0BY:atp:2023/1796/qs010:B0AY,Daniil Glinka,St. Brieuc,2023-03-20,Q2,Challenger qualifying,2023,2022-23,Result + serve/return totals,True,True,False,False,False,True,True,False,False,False,0.0,0.0,0.0,0.0,0.0,0.0,0.0,0.0
G0BY:atp:2023/1796/qs021:V09L,Daniil Glinka,St. Brieuc,2023-03-20,Q1,Challenger qualifying,2023,2022-23,Result + serve/return totals,True,True,False,False,False,True,True,False,False,False,0.0,0.0,0.0,0.0,0.0,0.0,0.0,0.0
G0BY:atp:2023/8176/ms023:K0CJ,Daniil Glinka,M25 Trento,2023-03-27,R32,ITF main draw,2023,2022-23,"Result, no statistics",True,True,True,False,False,True,True,False,False,False,0.0,0.0,0.0,0.0,0.0,0.0,0.0,0.0
G0BY:atp:2023/6963/qs010:CA99,Daniil Glinka,Morelos,2023-04-17,Q2,Challenger qualifying,2023,2022-23,Result + serve/return totals,True,True,False,False,False,True,True,False,False,False,0.0,0.0,0.0,0.0,0.0,0.0,0.0,0.0
G0BY:atp:2023/6963/qs021:R0DC,Daniil Glinka,Morelos,2023-04-17,Q1,Challenger qualifying,2023,2022-23,Result + serve/return totals,True,True,False,False,False,True,True,False,False,False,0.0,0.0,0.0,0.0,0.0,0.0,0.0,0.0
G0BY:atp:2023/5067/qs023:J0AZ,Daniil Glinka,Savannah,2023-04-24,Q1,Challenger qualifying,2023,2022-23,Result + serve/return totals,True,True,False,False,False,True,True,False,False,False,0.0,0.0,0.0,0.0,0.0,0.0,0.0,0.0
G0BY:atp:2023/9842/ms007:L0CF,Daniil Glinka,M25 Nottingham,2023-05-01,QF,ITF main draw,2023,2022-23,"Result, no statistics",True,True,False,False,True,False,True,False,False,False,0.0,0.0,0.0,0.0,0.0,0.0,0.0,0.0
G0BY:atp:2023/9842/ms015:W0AH,Daniil Glinka,M25 Nottingham,2023-05-01,R16,ITF main draw,2023,2022-23,"Result, no statistics",True,True,False,False,True,False,True,False,False,False,0.0,0.0,0.0,0.0,0.0,0.0,0.0,0.0
G0BY:atp:2023/9842/ms030:S0E0,Daniil Glinka,M25 Nottingham,2023-05-01,R32,ITF main draw,2023,2022-23,"Result, no statistics",True,True,False,False,True,False,True,False,False,False,0.0,0.0,0.0,0.0,0.0,0.0,0.0,0.0
G0BY:atp:2023/7402/ms007:M0BW,Daniil Glinka,M15 Monastir,2023-05-08,QF,ITF main draw,2023,2022-23,"Result, no statistics",True,True,False,False,True,False,False,False,False,False,0.0,0.0,0.0,0.0,0.0,0.0,0.0,0.0
G0BY:atp:2023/7402/ms015:B0JJ,Daniil Glinka,M15 Monastir,2023-05-08,R16,ITF main draw,2023,2022-23,"Result, no statistics",True,True,False,False,True,False,False,False,False,False,0.0,0.0,0.0,0.0,0.0,0.0,0.0,0.0
G0BY:atp:2023/7402/ms030:CN07,Daniil Glinka,M15 Monastir,2023-05-08,R32,ITF main draw,2023,2022-23,"Result, no statistics",True,True,False,False,True,False,False,False,False,False,0.0,0.0,0.0,0.0,0.0,0.0,0.0,0.0
G0BY:atp:2023/7404/ms013:GJ05,Daniil Glinka,M15 Monastir,2023-05-15,R16,ITF main draw,2023,2022-23,"Result, no statistics",True,True,False,False,True,False,False,False,False,False,0.0,0.0,0.0,0.0,0.0,0.0,0.0,0.0
G0BY:atp:2023/7404/ms026:J0D4,Daniil Glinka,M15 Monastir,2023-05-15,R32,ITF main draw,2023,2022-23,"Result, no statistics",True,True,False,False,True,False,False,False,False,False,0.0,0.0,0.0,0.0,0.0,0.0,0.0,0.0
G0BY:atp:2023/7405/ms002:G0I2,Daniil Glinka,M15 Monastir,2023-05-22,SF,ITF main draw,2023,2022-23,"Result, no statistics",True,True,True,False,False,True,False,False,False,False,0.0,0.0,0.0,0.0,0.0,0.0,0.0,0.0
G0BY:atp:2023/7405/ms004:B0JJ,Daniil Glinka,M15 Monastir,2023-05-22,QF,ITF main draw,2023,2022-23,"Result, no statistics",True,True,True,False,False,True,False,False,False,False,0.0,0.0,0.0,0.0,0.0,0.0,0.0,0.0
G0BY:atp:2023/7405/ms009:A0ES,Daniil Glinka,M15 Monastir,2023-05-22,R16,ITF main draw,2023,2022-23,"Result, no statistics",True,True,False,False,True,False,False,False,False,False,0.0,0.0,0.0,0.0,0.0,0.0,0.0,0.0
G0BY:atp:2023/7405/ms019:S0R5,Daniil Glinka,M15 Monastir,2023-05-22,R32,ITF main draw,2023,2022-23,"Result, no statistics",True,True,False,False,True,False,False,False,False,False,0.0,0.0,0.0,0.0,0.0,0.0,0.0,0.0
G0BY:atp:2023/7429/ms010:M0DQ,Daniil Glinka,M15 Monastir,2023-06-19,R16,ITF main draw,2023,2022-23,"Result, no statistics",True,True,True,False,False,True,False,False,False,False,0.0,0.0,0.0,0.0,0.0,0.0,0.0,0.0
G0BY:atp:2023/7429/ms020:S0RD,Daniil Glinka,M15 Monastir,2023-06-19,R32,ITF main draw,2023,2022-23,"Result, no statistics",True,True,True,False,False,True,False,False,False,False,0.0,0.0,0.0,0.0,0.0,0.0,0.0,0.0
G0BY:atp:2023/7433/ms031:B0OI,Daniil Glinka,M15 Monastir,2023-06-26,R32,ITF main draw,2023,2022-23,"Result, no statistics",True,True,False,False,False,True,False,False,False,False,0.0,0.0,0.0,0.0,0.0,0.0,0.0,0.0
G0BY:atp:2023/9533/qs010:Z09B,Daniil Glinka,Astana,2023-07-24,Q2,Challenger qualifying,2023,2022-23,Result + serve/return totals,True,True,False,False,False,True,True,False,False,False,0.0,0.0,0.0,0.0,0.0,0.0,0.0,0.0
G0BY:atp:2023/9533/qs021:M0O8,Daniil Glinka,Astana,2023-07-24,Q1,Challenger qualifying,2023,2022-23,Result + serve/return totals,True,True,False,False,False,True,True,False,False,False,0.0,0.0,0.0,0.0,0.0,0.0,0.0,0.0
G0BY:atp:2023/6090/ms019:TF58,Daniil Glinka,M25 Astana,2023-07-31,R32,ITF main draw,2023,2022-23,"Result, no statistics",True,True,True,False,False,True,False,False,False,False,0.0,0.0,0.0,0.0,0.0,0.0,0.0,0.0
G0BY:atp:2023/4142/ms001:P0HT,Daniil Glinka,M25 Roehampton,2023-08-07,F,ITF main draw,2023,2022-23,"Result, no statistics",True,True,False,False,True,False,True,False,False,False,0.0,0.0,0.0,0.0,0.0,0.0,0.0,0.0
G0BY:atp:2023/4142/ms003:J0A4,Daniil Glinka,M25 Roehampton,2023-08-07,SF,ITF main draw,2023,2022-23,"Result, no statistics",True,True,True,False,False,True,True,False,False,False,0.0,0.0,0.0,0.0,0.0,0.0,0.0,0.0
G0BY:atp:2023/4142/ms007:T0GR,Daniil Glinka,M25 Roehampton,2023-08-07,QF,ITF main draw,2023,2022-23,"Result, no statistics",True,True,True,False,False,True,True,False,False,False,0.0,0.0,0.0,0.0,0.0,0.0,0.0,0.0
G0BY:atp:2023/4142/ms014:D0A2,Daniil Glinka,M25 Roehampton,2023-08-07,R16,ITF main draw,2023,2022-23,"Result, no statistics",True,True,True,False,False,True,True,False,False,False,0.0,0.0,0.0,0.0,0.0,0.0,0.0,0.0
G0BY:atp:2023/4142/ms029:L0AF,Daniil Glinka,M25 Roehampton,2023-08-07,R32,ITF main draw,2023,2022-23,"Result, no statistics",True,True,True,False,False,True,True,False,False,False,0.0,0.0,0.0,0.0,0.0,0.0,0.0,0.0
G0BY:atp:2023/6917/ms022:V426,Daniil Glinka,M25 Idanha-a-Nova,2023-08-21,R32,ITF main draw,2023,2022-23,"Result, no statistics",True,True,False,False,True,False,False,False,False,False,0.0,0.0,0.0,0.0,0.0,0.0,0.0,0.0
G0BY:atp:2023/9120/qs025:V717,Daniil Glinka,Cassis,2023-09-04,Q1,Challenger qualifying,2023,2022-23,Result + serve/return totals,True,True,False,False,True,False,True,False,False,False,0.0,0.0,0.0,0.0,0.0,0.0,0.0,0.0
G0BY:atp:2023/728/ms010:LC11,Daniil Glinka,M25+H Plaisir,2023-09-11,R16,ITF main draw,2023,2022-23,"Result, no statistics",True,True,False,False,True,False,False,False,False,False,0.0,0.0,0.0,0.0,0.0,0.0,0.0,0.0
G0BY:atp:2023/728/ms021:PM20,Daniil Glinka,M25+H Plaisir,2023-09-11,R32,ITF main draw,2023,2022-23,"Result, no statistics",True,True,False,False,True,False,False,False,False,False,0.0,0.0,0.0,0.0,0.0,0.0,0.0,0.0
G0BY:atp:2023/6802/ms007:D0DT,Daniil Glinka,M25 Setubal,2023-09-18,QF,ITF main draw,2023,2022-23,"Result, no statistics",True,True,False,False,True,False,False,False,False,False,0.0,0.0,0.0,0.0,0.0,0.0,0.0,0.0
G0BY:atp:2023/6802/ms015:Z09D,Daniil Glinka,M25 Setubal,2023-09-18,R16,ITF main draw,2023,2022-23,"Result, no statistics",True,True,False,False,True,False,False,False,False,False,0.0,0.0,0.0,0.0,0.0,0.0,0.0,0.0
G0BY:atp:2023/6802/ms030:M0QF,Daniil Glinka,M25 Setubal,2023-09-18,R32,ITF main draw,2023,2022-23,"Result, no statistics",True,True,False,False,True,False,False,False,False,False,0.0,0.0,0.0,0.0,0.0,0.0,0.0,0.0
G0BY:atp:2023/813/ms001:S0EX,Daniil Glinka,M15 Forbach,2023-09-25,F,ITF main draw,2023,2022-23,"Result, no statistics",True,True,True,False,False,True,False,False,False,False,0.0,0.0,0.0,0.0,0.0,0.0,0.0,0.0
G0BY:atp:2023/813/ms003:B0ER,Daniil Glinka,M15 Forbach,2023-09-25,SF,ITF main draw,2023,2022-23,"Result, no statistics",True,True,False,True,False,True,False,False,False,False,0.0,0.0,0.0,0.0,0.0,0.0,0.0,0.0
G0BY:atp:2023/813/ms007:G0FF,Daniil Glinka,M15 Forbach,2023-09-25,QF,ITF main draw,2023,2022-23,"Result, no statistics",True,True,True,False,False,True,False,False,False,False,0.0,0.0,0.0,0.0,0.0,0.0,0.0,0.0
G0BY:atp:2023/813/ms014:A0HK,Daniil Glinka,M15 Forbach,2023-09-25,R16,ITF main draw,2023,2022-23,"Result, no statistics",True,True,False,False,True,False,False,False,False,False,0.0,0.0,0.0,0.0,0.0,0.0,0.0,0.0
G0BY:atp:2023/813/ms028:L0BY,Daniil Glinka,M15 Forbach,2023-09-25,R32,ITF main draw,2023,2022-23,"Result, no statistics",True,True,False,False,True,False,False,False,False,False,0.0,0.0,0.0,0.0,0.0,0.0,0.0,0.0
G0BY:atp:2023/812/ms002:G0GW,Daniil Glinka,M25 Nevers,2023-10-02,SF,ITF main draw,2023,2022-23,"Result, no statistics",True,True,True,False,False,True,False,False,False,False,0.0,0.0,0.0,0.0,0.0,0.0,0.0,0.0
G0BY:atp:2023/812/ms004:B0PG,Daniil Glinka,M25 Nevers,2023-10-02,QF,ITF main draw,2023,2022-23,"Result, no statistics",True,True,True,False,False,True,False,False,False,False,0.0,0.0,0.0,0.0,0.0,0.0,0.0,0.0
G0BY:atp:2023/812/ms009:B0LW,Daniil Glinka,M25 Nevers,2023-10-02,R16,ITF main draw,2023,2022-23,"Result, no statistics",True,True,True,False,False,True,False,False,False,False,0.0,0.0,0.0,0.0,0.0,0.0,0.0,0.0
G0BY:atp:2023/812/ms018:R0KV,Daniil Glinka,M25 Nevers,2023-10-02,R32,ITF main draw,2023,2022-23,"Result, no statistics",True,True,True,False,False,True,False,False,False,False,0.0,0.0,0.0,0.0,0.0,0.0,0.0,0.0
G0BY:atp:2023/4443/ms002:P0GN,Daniil Glinka,M25+H Rodez,2023-10-09,SF,ITF main draw,2023,2022-23,"Result, no statistics",True,True,True,False,False,True,False,False,False,False,0.0,0.0,0.0,0.0,0.0,0.0,0.0,0.0
G0BY:atp:2023/4443/ms005:HF80,Daniil Glinka,M25+H Rodez,2023-10-09,QF,ITF main draw,2023,2022-23,"Result, no statistics",True,True,True,False,False,True,False,False,False,False,0.0,0.0,0.0,0.0,0.0,0.0,0.0,0.0
G0BY:atp:2023/4443/ms011:D0D2,Daniil Glinka,M25+H Rodez,2023-10-09,R16,ITF main draw,2023,2022-23,"Result, no statistics",True,True,True,False,False,True,False,False,False,False,0.0,0.0,0.0,0.0,0.0,0.0,0.0,0.0
G0BY:atp:2023/4443/ms022:G0GW,Daniil Glinka,M25+H Rodez,2023-10-09,R32,ITF main draw,2023,2022-23,"Result, no statistics",True,True,True,False,False,True,False,False,False,False,0.0,0.0,0.0,0.0,0.0,0.0,0.0,0.0
G0BY:atp:2023/6204/ms005:HD68,Daniil Glinka,Ortisei,2023-10-23,QF,Challenger main draw,2023,2022-23,Result + serve/return totals,True,True,False,False,False,True,True,False,False,False,0.0,0.0,0.0,0.0,0.0,0.0,0.0,0.0
G0BY:atp:2023/6204/ms010:BP41,Daniil Glinka,Ortisei,2023-10-23,R16,Challenger main draw,2023,2022-23,Result + serve/return totals,True,True,False,False,False,True,True,False,False,False,0.0,0.0,0.0,0.0,0.0,0.0,0.0,0.0
G0BY:atp:2023/6204/ms021:N0B4,Daniil Glinka,Ortisei,2023-10-23,R32,Challenger main draw,2023,2022-23,Result + serve/return totals,True,True,False,False,False,True,True,False,False,False,0.0,0.0,0.0,0.0,0.0,0.0,0.0,0.0
G0BY:atp:2023/6204/qs012:B0NV,Daniil Glinka,Ortisei,2023-10-23,Q2,Challenger qualifying,2023,2022-23,Result + serve/return totals,True,True,False,False,False,True,True,False,False,False,0.0,0.0,0.0,0.0,0.0,0.0,0.0,0.0
G0BY:atp:2023/6204/qs025:B0PD,Daniil Glinka,Ortisei,2023-10-23,Q1,Challenger qualifying,2023,2022-23,Result + serve/return totals,True,True,False,False,False,True,True,False,False,False,0.0,0.0,0.0,0.0,0.0,0.0,0.0,0.0
G0BY:atp:2023/8369/ms010:ML51,Daniil Glinka,M25 Monastir,2023-11-13,R16,ITF main draw,2023,2022-23,"Result, no statistics",True,True,True,False,False,True,False,False,False,False,0.0,0.0,0.0,0.0,0.0,0.0,0.0,0.0
G0BY:atp:2023/8369/ms020:E0AA,Daniil Glinka,M25 Monastir,2023-11-13,R32,ITF main draw,2023,2022-23,"Result, no statistics",True,True,True,False,False,True,False,False,False,False,0.0,0.0,0.0,0.0,0.0,0.0,0.0,0.0
G0BY:atp:2024/2831/qs010:CI14,Daniil Glinka,Oeiras 1,2024-01-01,Q2,Challenger qualifying,2024,2024,Result + serve/return totals,True,True,True,False,False,True,True,False,False,False,0.0,1.0,0.0,0.0,0.0,0.0,0.0,0.0
G0BY:atp:2024/2831/qs021:K0DB,Daniil Glinka,Oeiras 1,2024-01-01,Q1,Challenger qualifying,2024,2024,Result + serve/return totals,True,True,True,False,False,True,True,False,False,False,0.0,1.0,0.0,0.0,0.0,0.0,0.0,0.0
G0BY:atp:2024/8169/ms011:E831,Daniil Glinka,M25 Loughborough,2024-01-08,R16,ITF main draw,2024,2024,"Result, no statistics",True,True,False,False,True,False,True,False,False,False,0.0,0.0,0.0,0.0,0.0,0.0,0.0,0.0
G0BY:atp:2024/8169/ms022:S0RF,Daniil Glinka,M25 Loughborough,2024-01-08,R32,ITF main draw,2024,2024,"Result, no statistics",True,True,True,False,False,True,True,False,False,False,0.0,0.0,0.0,0.0,0.0,0.0,0.0,0.0
G0BY:atp:2024/8163/ms025:V0CI,Daniil Glinka,M25 Sunderland,2024-01-15,R32,ITF main draw,2024,2024,"Result, no statistics",True,True,False,False,True,False,True,False,False,False,0.0,0.0,0.0,0.0,0.0,0.0,0.0,0.0
G0BY:atp:2024/8391/ms013:H0EI,Daniil Glinka,M25 Nussloch,2024-01-22,R16,ITF main draw,2024,2024,"Result, no statistics",True,True,False,False,True,False,True,False,False,False,0.0,0.0,0.0,0.0,0.0,0.0,0.0,0.0
G0BY:atp:2024/8391/ms026:J0CU,Daniil Glinka,M25 Nussloch,2024-01-22,R32,ITF main draw,2024,2024,"Result, no statistics",True,True,False,False,True,False,True,False,False,False,0.0,0.0,0.0,0.0,0.0,0.0,0.0,0.0
G0BY:atp:2024/4504/ms009:B0ER,Daniil Glinka,M15 Grenoble,2024-02-05,R16,ITF main draw,2024,2024,"Result, no statistics",True,True,False,False,True,False,False,False,False,False,0.0,0.0,0.0,0.0,0.0,0.0,0.0,0.0
G0BY:atp:2024/4504/ms019:M0QK,Daniil Glinka,M15 Grenoble,2024-02-05,R32,ITF main draw,2024,2024,"Result, no statistics",True,True,False,False,True,False,False,False,False,False,0.0,0.0,0.0,0.0,0.0,0.0,0.0,0.0
G0BY:atp:2024/398/qs008:LC11,Daniil Glinka,Cherbourg,2024-02-12,Q2,Challenger qualifying,2024,2024,Result + serve/return totals,True,True,False,False,True,False,True,False,False,False,0.0,1.0,0.0,0.0,0.0,0.0,0.0,0.0
G0BY:atp:2024/398/qs017:O656,Daniil Glinka,Cherbourg,2024-02-12,Q1,Challenger qualifying,2024,2024,Result + serve/return totals,True,True,False,False,True,False,True,False,False,False,0.0,1.0,0.0,0.0,0.0,0.0,0.0,0.0
G0BY:atp:2024/4547/ms003:O639,Daniil Glinka,M25 Trento,2024-02-19,SF,ITF main draw,2024,2024,"Result, no statistics",True,True,True,False,False,True,True,False,False,False,0.0,0.0,0.0,0.0,0.0,0.0,0.0,0.0
G0BY:atp:2024/4547/ms006:C0I4,Daniil Glinka,M25 Trento,2024-02-19,QF,ITF main draw,2024,2024,"Result, no statistics",True,True,True,False,False,True,True,False,False,False,0.0,0.0,0.0,0.0,0.0,0.0,0.0,0.0
G0BY:atp:2024/4547/ms013:V717,Daniil Glinka,M25 Trento,2024-02-19,R16,ITF main draw,2024,2024,"Result, no statistics",True,True,True,False,False,True,True,False,False,False,0.0,0.0,0.0,0.0,0.0,0.0,0.0,0.0
G0BY:atp:2024/4547/ms026:B0PD,Daniil Glinka,M25 Trento,2024-02-19,R32,ITF main draw,2024,2024,"Result, no statistics",True,True,True,False,False,True,True,False,False,False,0.0,0.0,0.0,0.0,0.0,0.0,0.0,0.0
G0BY:atp:2024/7874/qs027:O449,Daniil Glinka,Lille,2024-02-26,Q1,Challenger qualifying,2024,2024,Result + serve/return totals,True,True,True,False,False,True,True,False,False,False,0.0,1.0,0.0,0.0,0.0,0.0,0.0,0.0
G0BY:atp:2024/4562/ms003:SZ32,Daniil Glinka,M15 Poitiers,2024-03-04,SF,ITF main draw,2024,2024,"Result, no statistics",True,True,True,False,False,True,False,False,False,False,0.0,0.0,0.0,0.0,0.0,0.0,0.0,0.0
G0BY:atp:2024/4562/ms006:S0EX,Daniil Glinka,M15 Poitiers,2024-03-04,QF,ITF main draw,2024,2024,"Result, no statistics",True,True,True,False,False,True,False,False,False,False,0.0,0.0,0.0,0.0,0.0,0.0,0.0,0.0
G0BY:atp:2024/4562/ms012:W719,Daniil Glinka,M15 Poitiers,2024-03-04,R16,ITF main draw,2024,2024,"Result, no statistics",True,True,True,False,False,True,False,False,False,False,0.0,0.0,0.0,0.0,0.0,0.0,0.0,0.0
G0BY:atp:2024/4562/ms024:A0HK,Daniil Glinka,M15 Poitiers,2024-03-04,R32,ITF main draw,2024,2024,"Result, no statistics",True,True,True,False,False,True,False,False,False,False,0.0,0.0,0.0,0.0,0.0,0.0,0.0,0.0
G0BY:atp:2024/4583/ms002:HA71,Daniil Glinka,M25 Trimbach,2024-03-11,SF,ITF main draw,2024,2024,"Result, no statistics",True,True,True,False,False,True,False,False,False,False,0.0,0.0,0.0,0.0,0.0,0.0,0.0,0.0
G0BY:atp:2024/4583/ms004:M0CW,Daniil Glinka,M25 Trimbach,2024-03-11,QF,ITF main draw,2024,2024,"Result, no statistics",True,True,True,False,False,True,False,False,False,False,0.0,0.0,0.0,0.0,0.0,0.0,0.0,0.0
G0BY:atp:2024/4583/ms009:S0GU,Daniil Glinka,M25 Trimbach,2024-03-11,R16,ITF main draw,2024,2024,"Result, no statistics",True,True,True,False,False,True,False,False,False,False,0.0,0.0,0.0,0.0,0.0,0.0,0.0,0.0
G0BY:atp:2024/4583/ms019:CN64,Daniil Glinka,M25 Trimbach,2024-03-11,R32,ITF main draw,2024,2024,"Result, no statistics",True,True,True,False,False,True,False,False,False,False,0.0,0.0,0.0,0.0,0.0,0.0,0.0,0.0
G0BY:atp:2024/4590/ms010:F0DM,Daniil Glinka,M25 Toulouse-Balma,2024-03-18,R16,ITF main draw,2024,2024,"Result, no statistics",True,True,True,False,False,True,False,False,False,False,0.0,0.0,0.0,0.0,0.0,0.0,0.0,0.0
G0BY:atp:2024/4590/ms021:G0LG,Daniil Glinka,M25 Toulouse-Balma,2024-03-18,R32,ITF main draw,2024,2024,"Result, no statistics",True,True,True,False,False,True,False,False,False,False,0.0,0.0,0.0,0.0,0.0,0.0,0.0,0.0
G0BY:atp:2024/8375/qs021:S0DL,Daniil Glinka,Mexico City,2024-04-01,Q1,Challenger qualifying,2024,2024,Result + serve/return totals,True,True,True,False,False,True,True,False,False,False,0.0,1.0,0.0,0.0,0.0,0.0,0.0,0.0
G0BY:atp:2024/6963/qs024:H0CD,Daniil Glinka,Cuernavaca (Morelos),2024-04-08,Q1,Challenger qualifying,2024,2024,Result + serve/return totals,True,True,True,False,False,True,True,False,False,False,0.0,1.0,0.0,0.0,0.0,0.0,0.0,0.0
G0BY:atp:2024/2867/qs011:S0DL,Daniil Glinka,Acapulco,2024-04-15,Q2,Challenger qualifying,2024,2024,Result + serve/return totals,True,True,True,False,False,True,True,False,False,False,0.0,1.0,0.0,0.0,0.0,0.0,0.0,0.0
G0BY:atp:2024/2867/qs023:D0MF,Daniil Glinka,Acapulco,2024-04-15,Q1,Challenger qualifying,2024,2024,"Listed only, no result",True,True,True,False,False,True,True,False,False,False,0.0,1.0,0.0,0.0,0.0,0.0,0.0,0.0
G0BY:atp:2024/4665/ms008:B0LQ,Daniil Glinka,M15 Tbilisi,2024-05-06,R16,ITF main draw,2024,2024,"Result, no statistics",True,True,False,False,True,False,False,False,False,False,0.0,0.0,0.0,0.0,0.0,0.0,0.0,0.0
G0BY:atp:2024/4665/ms016:P0ND,Daniil Glinka,M15 Tbilisi,2024-05-06,R32,ITF main draw,2024,2024,"Result, no statistics",True,True,True,False,False,True,False,False,False,False,0.0,0.0,0.0,0.0,0.0,0.0,0.0,0.0
G0BY:atp:2024/4680/ms003:TD47,Daniil Glinka,M25 Kachreti,2024-05-13,SF,ITF main draw,2024,2024,"Result, no statistics",True,True,False,False,True,False,False,False,False,False,0.0,0.0,0.0,0.0,0.0,0.0,0.0,0.0
G0BY:atp:2024/4680/ms006:BV27,Daniil Glinka,M25 Kachreti,2024-05-13,QF,ITF main draw,2024,2024,"Result, no statistics",True,True,False,False,True,False,False,False,False,False,0.0,0.0,0.0,0.0,0.0,0.0,0.0,0.0
G0BY:atp:2024/4680/ms012:B0JJ,Daniil Glinka,M25 Kachreti,2024-05-13,R16,ITF main draw,2024,2024,"Result, no statistics",True,True,False,False,True,False,False,False,False,False,0.0,0.0,0.0,0.0,0.0,0.0,0.0,0.0
G0BY:atp:2024/4680/ms025:K0HO,Daniil Glinka,M25 Kachreti,2024-05-13,R32,ITF main draw,2024,2024,"Result, no statistics",True,True,False,False,True,False,False,False,False,False,0.0,0.0,0.0,0.0,0.0,0.0,0.0,0.0
G0BY:atp:2024/2925/ms007:J0A4,Daniil Glinka,Kachreti,2024-05-20,QF,Challenger main draw,2024,2024,Result + serve/return totals,True,True,True,False,False,True,True,False,False,False,0.0,1.0,0.0,0.0,0.0,0.0,0.0,0.0
G0BY:atp:2024/2925/ms015:BV21,Daniil Glinka,Kachreti,2024-05-20,R16,Challenger main draw,2024,2024,Result + serve/return totals,True,True,False,False,True,False,True,False,False,False,0.0,1.0,0.0,0.0,0.0,0.0,0.0,0.0
G0BY:atp:2024/2925/ms030:E0AA,Daniil Glinka,Kachreti,2024-05-20,R32,Challenger main draw,2024,2024,Result + serve/return totals,True,True,False,False,True,False,True,False,False,False,0.0,1.0,0.0,0.0,0.0,0.0,0.0,0.0
G0BY:atp:2024/4727/ms024:P0K4,Daniil Glinka,M25 Setubal,2024-06-03,R32,ITF main draw,2024,2024,"Result, no statistics",True,True,True,False,False,True,False,False,False,False,0.0,0.0,0.0,0.0,0.0,0.0,0.0,0.0
G0BY:atp:2024/4747/ms011:P0K4,Daniil Glinka,M25 Elvas,2024-06-10,R16,ITF main draw,2024,2024,"Result, no statistics",True,True,True,False,False,True,False,False,False,False,0.0,0.0,0.0,0.0,0.0,0.0,0.0,0.0
G0BY:atp:2024/4747/ms023:B0QX,Daniil Glinka,M25 Elvas,2024-06-10,R32,ITF main draw,2024,2024,"Result, no statistics",True,True,True,False,False,True,False,False,False,False,0.0,0.0,0.0,0.0,0.0,0.0,0.0,0.0
G0BY:atp:2024/7542/qs027:V0DG,Daniil Glinka,Winnipeg,2024-07-08,Q1,Challenger qualifying,2024,2024,Result + serve/return totals,True,True,True,False,False,True,True,False,False,False,0.0,1.0,0.0,0.0,0.0,0.0,0.0,0.0
G0BY:atp:2024/877/qs025:H0D9,Daniil Glinka,Granby,2024-07-15,Q1,Challenger qualifying,2024,2024,Result + serve/return totals,True,True,True,True,False,True,True,False,False,False,0.0,1.0,0.0,0.0,0.0,0.0,0.0,0.0
G0BY:atp:2024/2797/qs026:T0BW,Daniil Glinka,Chicago,2024-07-22,Q1,Challenger qualifying,2024,2024,Result + serve/return totals,True,True,True,False,False,True,True,False,False,False,0.0,1.0,0.0,0.0,0.0,0.0,0.0,0.0
G0BY:atp:2024/9526/qs025:A0ES,Daniil Glinka,Porto,2024-07-29,Q1,Challenger qualifying,2024,2024,Result + serve/return totals,True,True,True,False,False,True,True,False,False,False,0.0,1.0,0.0,0.0,0.0,0.0,0.0,0.0
G0BY:atp:2024/2789/ms018:GB93,Daniil Glinka,Grodzisk Mazowiecki,2024-08-12,R32,Challenger main draw,2024,2024,Result + serve/return totals,True,True,True,False,False,True,True,False,False,False,0.0,1.0,0.0,0.0,0.0,0.0,0.0,0.0
G0BY:atp:2024/2789/qs010:M0RO,Daniil Glinka,Grodzisk Mazowiecki,2024-08-12,Q2,Challenger qualifying,2024,2024,Result + serve/return totals,True,True,True,False,False,True,True,False,False,False,0.0,1.0,0.0,0.0,0.0,0.0,0.0,0.0
G0BY:atp:2024/2789/qs020:B0JF,Daniil Glinka,Grodzisk Mazowiecki,2024-08-12,Q1,Challenger qualifying,2024,2024,Result + serve/return totals,True,True,True,False,False,True,True,False,False,False,0.0,1.0,0.0,0.0,0.0,0.0,0.0,0.0
G0BY:atp:2024/6922/ms004:G0AO,Daniil Glinka,M25 Idanha-a-Nova,2024-08-19,QF,ITF main draw,2024,2024,"Result, no statistics",True,True,True,False,False,True,True,False,False,False,0.0,0.0,0.0,0.0,0.0,0.0,0.0,0.0
G0BY:atp:2024/6922/ms009:KJ00,Daniil Glinka,M25 Idanha-a-Nova,2024-08-19,R16,ITF main draw,2024,2024,"Result, no statistics",True,True,True,False,False,True,True,False,False,False,0.0,0.0,0.0,0.0,0.0,0.0,0.0,0.0
G0BY:atp:2024/6922/ms019:S0TO,Daniil Glinka,M25 Idanha-a-Nova,2024-08-19,R32,ITF main draw,2024,2024,"Result, no statistics",True,True,True,False,False,True,True,False,False,False,0.0,0.0,0.0,0.0,0.0,0.0,0.0,0.0
G0BY:atp:2024/4183/ms001:C0BH,Daniil Glinka,M15 Budapest,2024-08-26,F,ITF main draw,2024,2024,"Result, no statistics",True,True,False,False,True,False,True,False,False,False,0.0,0.0,0.0,0.0,0.0,0.0,0.0,0.0
G0BY:atp:2024/4183/ms003:S0EX,Daniil Glinka,M15 Budapest,2024-08-26,SF,ITF main draw,2024,2024,"Result, no statistics",True,True,False,False,True,False,True,False,False,False,0.0,0.0,0.0,0.0,0.0,0.0,0.0,0.0
G0BY:atp:2024/4183/ms007:P0C1,Daniil Glinka,M15 Budapest,2024-08-26,QF,ITF main draw,2024,2024,"Result, no statistics",True,True,False,False,True,False,True,False,False,False,0.0,0.0,0.0,0.0,0.0,0.0,0.0,0.0
G0BY:atp:2024/4183/ms015:R0H6,Daniil Glinka,M15 Budapest,2024-08-26,R16,ITF main draw,2024,2024,"Result, no statistics",True,True,False,False,True,False,True,False,False,False,0.0,0.0,0.0,0.0,0.0,0.0,0.0,0.0
G0BY:atp:2024/4183/ms031:C0ML,Daniil Glinka,M15 Budapest,2024-08-26,R32,ITF main draw,2024,2024,"Result, no statistics",True,True,True,False,False,True,True,False,False,False,0.0,0.0,0.0,0.0,0.0,0.0,0.0,0.0
G0BY:atp:2024/724/ms006:D0J9,Daniil Glinka,M25+H Bagneres-de-Bigorre,2024-09-02,QF,ITF main draw,2024,2024,"Result, no statistics",True,True,False,False,True,False,True,False,False,False,0.0,0.0,0.0,0.0,0.0,0.0,0.0,0.0
G0BY:atp:2024/724/ms013:C0LM,Daniil Glinka,M25+H Bagneres-de-Bigorre,2024-09-02,R16,ITF main draw,2024,2024,"Result, no statistics",True,True,False,False,True,False,True,False,False,False,0.0,0.0,0.0,0.0,0.0,0.0,0.0,0.0
G0BY:atp:2024/724/ms027:B0ME,Daniil Glinka,M25+H Bagneres-de-Bigorre,2024-09-02,R32,ITF main draw,2024,2024,"Result, no statistics",True,True,False,False,True,False,True,False,False,False,0.0,0.0,0.0,0.0,0.0,0.0,0.0,0.0
G0BY:atp:2024/728/ms002:C0BH,Daniil Glinka,M25+H Plaisir,2024-09-09,SF,ITF main draw,2024,2024,"Result, no statistics",True,True,False,False,True,False,True,False,False,False,0.0,0.0,0.0,0.0,0.0,0.0,0.0,0.0
G0BY:atp:2024/728/ms005:S0MN,Daniil Glinka,M25+H Plaisir,2024-09-09,QF,ITF main draw,2024,2024,"Result, no statistics",True,True,False,False,True,False,True,False,False,False,0.0,0.0,0.0,0.0,0.0,0.0,0.0,0.0
G0BY:atp:2024/728/ms011:T0FW,Daniil Glinka,M25+H Plaisir,2024-09-09,R16,ITF main draw,2024,2024,"Result, no statistics",True,True,False,False,True,False,True,False,False,False,0.0,0.0,0.0,0.0,0.0,0.0,0.0,0.0
G0BY:atp:2024/728/ms023:P0GN,Daniil Glinka,M25+H Plaisir,2024-09-09,R32,ITF main draw,2024,2024,"Result, no statistics",True,True,False,False,True,False,True,False,False,False,0.0,0.0,0.0,0.0,0.0,0.0,0.0,0.0
G0BY:atp:2024/812/ms031:B0M0,Daniil Glinka,M25 Nevers,2024-09-30,R32,ITF main draw,2024,2024,"Result, no statistics",True,True,True,False,False,True,True,False,False,False,0.0,0.0,0.0,0.0,0.0,0.0,0.0,0.0
G0BY:atp:2024/4163/ms027:S0AO,Daniil Glinka,M25 Edgbaston,2024-10-14,R32,ITF main draw,2024,2024,"Result, no statistics",True,True,True,False,False,True,True,False,False,False,0.0,0.0,0.0,0.0,0.0,0.0,0.0,0.0
G0BY:atp:2025/4897/ms003:G0IX,Daniil Glinka,M25 Hazebrouck,2025-01-06,SF,ITF main draw,2025,2025-26,Result + serve/return totals,True,True,False,False,False,True,True,False,False,False,0.0,0.0,0.0,1.0,0.0,0.0,0.0,0.0
G0BY:atp:2025/4897/ms007:K0EU,Daniil Glinka,M25 Hazebrouck,2025-01-06,QF,ITF main draw,2025,2025-26,Result + serve/return totals,True,True,False,False,False,True,True,False,False,False,0.0,0.0,0.0,1.0,0.0,0.0,0.0,0.0
G0BY:atp:2025/4897/ms014:V0AS,Daniil Glinka,M25 Hazebrouck,2025-01-06,R16,ITF main draw,2025,2025-26,Result + serve/return totals,True,True,False,False,False,True,True,False,False,False,0.0,0.0,0.0,1.0,0.0,0.0,0.0,0.0
G0BY:atp:2025/4897/ms028:D750,Daniil Glinka,M25 Hazebrouck,2025-01-06,R32,ITF main draw,2025,2025-26,Result + serve/return totals,True,True,False,False,False,True,True,False,False,False,0.0,0.0,0.0,1.0,0.0,0.0,0.0,0.0
G0BY:atp:2025/8134/ms028:M0HB,Daniil Glinka,M15 Bressuire,2025-01-13,R32,ITF main draw,2025,2025-26,Result + serve/return totals,True,True,False,False,False,True,True,False,False,False,0.0,0.0,0.0,1.0,0.0,0.0,0.0,0.0
G0BY:atp:2025/9554/ms003:Y268,Daniil Glinka,M25 Esch Alzette,2025-01-20,SF,ITF main draw,2025,2025-26,Result + serve/return totals,True,True,False,False,False,True,True,False,False,False,0.0,0.0,0.0,1.0,0.0,0.0,0.0,0.0
G0BY:atp:2025/9554/ms007:B0DJ,Daniil Glinka,M25 Esch Alzette,2025-01-20,QF,ITF main draw,2025,2025-26,"Listed only, no result",True,True,False,False,False,True,True,False,False,False,0.0,0.0,0.0,1.0,0.0,0.0,0.0,0.0
G0BY:atp:2025/9554/ms015:M0HB,Daniil Glinka,M25 Esch Alzette,2025-01-20,R16,ITF main draw,2025,2025-26,"Listed only, no result",True,True,False,False,False,True,True,False,False,False,0.0,0.0,0.0,1.0,0.0,0.0,0.0,0.0
G0BY:atp:2025/9554/ms031:DC76,Daniil Glinka,M25 Esch Alzette,2025-01-20,R32,ITF main draw,2025,2025-26,"Listed only, no result",True,True,False,True,False,True,True,False,False,False,0.0,0.0,0.0,1.0,0.0,0.0,0.0,0.0
G0BY:atp:2025/4916/ms014:BI23,Daniil Glinka,M25 Roehampton,2025-02-10,R16,ITF main draw,2025,2025-26,Result + serve/return totals,True,True,False,False,False,True,True,False,False,False,0.0,0.0,0.0,1.0,0.0,0.0,0.0,0.0
G0BY:atp:2025/4916/ms028:B0BU,Daniil Glinka,M25 Roehampton,2025-02-10,R32,ITF main draw,2025,2025-26,Result + serve/return totals,True,True,False,False,False,True,True,False,False,False,0.0,0.0,0.0,1.0,0.0,0.0,0.0,0.0
G0BY:atp:2025/4547/ms001:SY00,Daniil Glinka,M25 Trento,2025-02-17,F,ITF main draw,2025,2025-26,Result + serve/return totals,True,True,False,False,False,True,True,False,False,False,0.0,0.0,0.0,1.0,0.0,0.0,0.0,0.0
G0BY:atp:2025/4547/ms002:A09T,Daniil Glinka,M25 Trento,2025-02-17,SF,ITF main draw,2025,2025-26,Result + serve/return totals,True,True,False,False,False,True,True,False,False,False,0.0,0.0,0.0,1.0,0.0,0.0,0.0,0.0
G0BY:atp:2025/4547/ms005:C0HV,Daniil Glinka,M25 Trento,2025-02-17,QF,ITF main draw,2025,2025-26,Result + serve/return totals,True,True,False,False,False,True,True,False,False,False,0.0,0.0,0.0,1.0,0.0,0.0,0.0,0.0
G0BY:atp:2025/4547/ms011:O639,Daniil Glinka,M25 Trento,2025-02-17,R16,ITF main draw,2025,2025-26,Result + serve/return totals,True,True,False,False,False,True,True,False,False,False,0.0,0.0,0.0,1.0,0.0,0.0,0.0,0.0
G0BY:atp:2025/4547/ms023:HA71,Daniil Glinka,M25 Trento,2025-02-17,R32,ITF main draw,2025,2025-26,Result + serve/return totals,True,True,False,False,False,True,True,False,False,False,0.0,0.0,0.0,1.0,0.0,0.0,0.0,0.0
G0BY:atp:2025/4583/ms001:S0LA,Daniil Glinka,M25 Trimbach,2025-03-03,F,ITF main draw,2025,2025-26,Result + serve/return totals,True,True,False,False,False,True,True,False,False,False,0.0,0.0,0.0,1.0,0.0,0.0,0.0,0.0
G0BY:atp:2025/4583/ms003:H0EH,Daniil Glinka,M25 Trimbach,2025-03-03,SF,ITF main draw,2025,2025-26,Result + serve/return totals,True,True,False,False,False,True,True,False,False,False,0.0,0.0,0.0,1.0,0.0,0.0,0.0,0.0
G0BY:atp:2025/4583/ms007:RH62,Daniil Glinka,M25 Trimbach,2025-03-03,QF,ITF main draw,2025,2025-26,Result + serve/return totals,True,True,False,False,False,True,True,False,False,False,0.0,0.0,0.0,1.0,0.0,0.0,0.0,0.0
G0BY:atp:2025/4583/ms014:D0HM,Daniil Glinka,M25 Trimbach,2025-03-03,R16,ITF main draw,2025,2025-26,Result + serve/return totals,True,True,False,False,False,True,True,False,False,False,0.0,0.0,0.0,1.0,0.0,0.0,0.0,0.0
G0BY:atp:2025/4583/ms028:W0FB,Daniil Glinka,M25 Trimbach,2025-03-03,R32,ITF main draw,2025,2025-26,Result + serve/return totals,True,True,False,False,False,True,True,False,False,False,0.0,0.0,0.0,1.0,0.0,0.0,0.0,0.0
G0BY:atp:2025/4575/ms010:P0MG,Daniil Glinka,M25 Creteil,2025-03-10,R16,ITF main draw,2025,2025-26,Result + serve/return totals,True,True,False,False,True,False,True,False,False,False,0.0,0.0,0.0,1.0,0.0,0.0,0.0,0.0
G0BY:atp:2025/4575/ms020:C0LM,Daniil Glinka,M25 Creteil,2025-03-10,R32,ITF main draw,2025,2025-26,Result + serve/return totals,True,True,False,False,True,False,True,False,False,False,0.0,0.0,0.0,1.0,0.0,0.0,0.0,0.0
G0BY:atp:2025/2995/ms005:J0D2,Daniil Glinka,Abidjan 1,2025-04-14,QF,Challenger main draw,2025,2025-26,Result + serve/return totals,True,True,False,False,True,False,True,False,False,False,0.0,1.0,1.0,0.0,0.0,0.0,0.0,0.0
G0BY:atp:2025/2995/ms011:B0D6,Daniil Glinka,Abidjan 1,2025-04-14,R16,Challenger main draw,2025,2025-26,Result + serve/return totals,True,True,False,False,True,False,True,False,False,False,0.0,1.0,1.0,0.0,0.0,0.0,0.0,0.0
G0BY:atp:2025/2995/ms022:PD31,Daniil Glinka,Abidjan 1,2025-04-14,R32,Challenger main draw,2025,2025-26,Result + serve/return totals,True,True,False,False,True,False,True,False,False,False,0.0,1.0,1.0,0.0,0.0,0.0,0.0,0.0
G0BY:atp:2025/2997/ms025:E0AA,Daniil Glinka,Abidjan 2,2025-04-21,R32,Challenger main draw,2025,2025-26,Result + serve/return totals,True,True,False,False,True,False,True,False,False,False,0.0,1.0,1.0,0.0,0.0,0.0,0.0,0.0
G0BY:atp:2025/4655/ms005:L0CF,Daniil Glinka,M25 Nottingham,2025-04-28,QF,ITF main draw,2025,2025-26,Result + serve/return totals,True,True,False,False,False,True,True,False,False,False,0.0,0.0,0.0,1.0,0.0,0.0,0.0,0.0
G0BY:atp:2025/4655/ms011:M0CW,Daniil Glinka,M25 Nottingham,2025-04-28,R16,ITF main draw,2025,2025-26,Result + serve/return totals,True,True,False,False,False,True,True,False,False,False,0.0,0.0,0.0,1.0,0.0,0.0,0.0,0.0
G0BY:atp:2025/4655/ms023:W0BU,Daniil Glinka,M25 Nottingham,2025-04-28,R32,ITF main draw,2025,2025-26,Result + serve/return totals,True,True,False,False,True,False,True,False,False,False,0.0,0.0,0.0,1.0,0.0,0.0,0.0,0.0
G0BY:atp:2025/4680/ms006:A0IA,Daniil Glinka,M25 Tbilisi,2025-05-12,QF,ITF main draw,2025,2025-26,Result + serve/return totals,True,True,False,True,False,True,True,False,False,False,0.0,0.0,0.0,1.0,0.0,0.0,0.0,0.0
G0BY:atp:2025/4680/ms012:P0HP,Daniil Glinka,M25 Tbilisi,2025-05-12,R16,ITF main draw,2025,2025-26,Result + serve/return totals,True,True,False,False,False,True,True,False,False,False,0.0,0.0,0.0,1.0,0.0,0.0,0.0,0.0
G0BY:atp:2025/4680/ms025:BD82,Daniil Glinka,M25 Tbilisi,2025-05-12,R32,ITF main draw,2025,2025-26,Result + serve/return totals,True,True,False,False,False,True,True,False,False,False,0.0,0.0,0.0,1.0,0.0,0.0,0.0,0.0
G0BY:atp:2025/2925/ms006:P0EA,Daniil Glinka,Tbilisi,2025-05-19,QF,Challenger main draw,2025,2025-26,Result + serve/return totals,True,True,True,False,False,True,True,False,False,False,0.0,1.0,1.0,0.0,0.0,0.0,0.0,0.0
G0BY:atp:2025/2925/ms012:S0TX,Daniil Glinka,Tbilisi,2025-05-19,R16,Challenger main draw,2025,2025-26,Result + serve/return totals,True,True,True,False,False,True,True,False,False,False,0.0,1.0,1.0,0.0,0.0,0.0,0.0,0.0
G0BY:atp:2025/2925/ms024:SX90,Daniil Glinka,Tbilisi,2025-05-19,R32,Challenger main draw,2025,2025-26,Result + serve/return totals,True,True,True,False,False,True,True,False,False,False,0.0,1.0,1.0,0.0,0.0,0.0,0.0,0.0
G0BY:atp:2025/2993/ms017:H0BF,Daniil Glinka,Chisinau,2025-05-26,R32,Challenger main draw,2025,2025-26,Result + serve/return totals,True,True,True,False,False,True,True,False,False,False,0.0,1.0,1.0,0.0,0.0,0.0,0.0,0.0
G0BY:atp:2025/4739/ms027:M0XA,Daniil Glinka,M25 Martos,2025-06-09,R32,ITF main draw,2025,2025-26,Result + serve/return totals,True,True,False,False,False,True,True,False,False,False,0.0,0.0,0.0,1.0,0.0,0.0,0.0,0.0
G0BY:atp:2025/7316/ms013:Z0BZ,Daniil Glinka,Cary,2025-06-30,R16,Challenger main draw,2025,2025-26,Result + serve/return totals,True,True,True,False,False,True,True,False,False,False,0.0,1.0,1.0,0.0,0.0,0.0,0.0,0.0
G0BY:atp:2025/7316/ms026:M0YD,Daniil Glinka,Cary,2025-06-30,R32,Challenger main draw,2025,2025-26,Result + serve/return totals,True,True,True,False,False,True,True,False,False,False,0.0,1.0,1.0,0.0,0.0,0.0,0.0,0.0
G0BY:atp:2025/7316/qs008:B0EK,Daniil Glinka,Cary,2025-06-30,Q2,Challenger qualifying,2025,2025-26,Result + serve/return totals,True,True,True,False,False,True,True,False,False,False,0.0,1.0,1.0,0.0,0.0,0.0,0.0,0.0
G0BY:atp:2025/7316/qs017:S0S5,Daniil Glinka,Cary,2025-06-30,Q1,Challenger qualifying,2025,2025-26,Result + serve/return totals,True,True,True,False,False,True,True,False,False,False,0.0,1.0,1.0,0.0,0.0,0.0,0.0,0.0
G0BY:atp:2025/7542/ms025:I426,Daniil Glinka,Winnipeg,2025-07-07,R32,Challenger main draw,2025,2025-26,Result + serve/return totals,True,True,True,False,False,True,True,False,False,False,0.0,1.0,1.0,0.0,0.0,0.0,0.0,0.0
G0BY:atp:2025/7542/qs011:H0B5,Daniil Glinka,Winnipeg,2025-07-07,Q2,Challenger qualifying,2025,2025-26,Result + serve/return totals,True,True,True,False,False,True,True,False,False,False,0.0,1.0,1.0,0.0,0.0,0.0,0.0,0.0
G0BY:atp:2025/7542/qs022:DG76,Daniil Glinka,Winnipeg,2025-07-07,Q1,Challenger qualifying,2025,2025-26,Result + serve/return totals,True,True,True,True,False,True,True,False,False,False,0.0,1.0,1.0,0.0,0.0,0.0,0.0,0.0
G0BY:atp:2025/472/qs011:S0W8,Daniil Glinka,Pozoblanco,2025-07-14,Q2,Challenger qualifying,2025,2025-26,Result + serve/return totals,True,True,True,False,False,True,True,False,False,False,0.0,1.0,1.0,0.0,0.0,0.0,0.0,0.0
G0BY:atp:2025/472/qs022:BU36,Daniil Glinka,Pozoblanco,2025-07-14,Q1,Challenger qualifying,2025,2025-26,Result + serve/return totals,True,True,True,True,False,True,True,False,False,False,0.0,1.0,1.0,0.0,0.0,0.0,0.0,0.0
G0BY:atp:2025/2789/ms004:MQ75,Daniil Glinka,Grodzisk Mazowiecki,2025-08-04,QF,Challenger main draw,2025,2025-26,Result + serve/return totals,True,True,False,False,True,False,True,False,False,False,0.0,1.0,1.0,0.0,0.0,0.0,0.0,0.0
G0BY:atp:2025/2789/ms009:K0HC,Daniil Glinka,Grodzisk Mazowiecki,2025-08-04,R16,Challenger main draw,2025,2025-26,Result + serve/return totals,True,True,False,False,True,False,True,False,False,False,0.0,1.0,1.0,0.0,0.0,0.0,0.0,0.0
G0BY:atp:2025/2789/ms018:A829,Daniil Glinka,Grodzisk Mazowiecki,2025-08-04,R32,Challenger main draw,2025,2025-26,Result + serve/return totals,True,True,True,False,False,True,True,False,False,False,0.0,1.0,1.0,0.0,0.0,0.0,0.0,0.0
G0BY:atp:2025/2789/qs010:V0G2,Daniil Glinka,Grodzisk Mazowiecki,2025-08-04,Q2,Challenger qualifying,2025,2025-26,Result + serve/return totals,True,True,True,False,False,True,True,False,False,False,0.0,1.0,1.0,0.0,0.0,0.0,0.0,0.0
G0BY:atp:2025/2789/qs020:PH77,Daniil Glinka,Grodzisk Mazowiecki,2025-08-04,Q1,Challenger qualifying,2025,2025-26,Result + serve/return totals,True,True,True,False,False,True,True,False,False,False,0.0,1.0,1.0,0.0,0.0,0.0,0.0,0.0
G0BY:atp:2025/7973/qs019:BU36,Daniil Glinka,Manacor,2025-08-25,Q1,Challenger qualifying,2025,2025-26,Result + serve/return totals,True,True,False,False,True,False,True,False,False,False,0.0,1.0,1.0,0.0,0.0,0.0,0.0,0.0
G0BY:atp:2025/9120/ms001:HD68,Daniil Glinka,Cassis,2025-09-01,F,Challenger main draw,2025,2025-26,Result + serve/return totals,True,True,False,False,True,False,True,False,False,False,0.0,1.0,1.0,0.0,0.0,0.0,0.0,0.0
G0BY:atp:2025/9120/ms002:R09X,Daniil Glinka,Cassis,2025-09-01,SF,Challenger main draw,2025,2025-26,Result + serve/return totals,True,True,False,False,True,False,True,False,False,False,0.0,1.0,1.0,0.0,0.0,0.0,0.0,0.0
G0BY:atp:2025/9120/ms004:F0DM,Daniil Glinka,Cassis,2025-09-01,QF,Challenger main draw,2025,2025-26,Result + serve/return totals,True,True,False,False,True,False,True,False,False,False,0.0,1.0,1.0,0.0,0.0,0.0,0.0,0.0
G0BY:atp:2025/9120/ms008:S0EX,Daniil Glinka,Cassis,2025-09-01,R16,Challenger main draw,2025,2025-26,Result + serve/return totals,True,True,False,False,True,False,True,False,False,False,0.0,1.0,1.0,0.0,0.0,0.0,0.0,0.0
G0BY:atp:2025/9120/ms016:HB64,Daniil Glinka,Cassis,2025-09-01,R32,Challenger main draw,2025,2025-26,Result + serve/return totals,True,True,False,False,True,False,True,False,False,False,0.0,1.0,1.0,0.0,0.0,0.0,0.0,0.0
G0BY:atp:2025/5151/ms000:P0J1,Daniil Glinka,G2 EST vs MEX,2025-09-08,RR,Davis Cup,2025,2025-26,"Result, no statistics",True,True,False,False,True,False,True,False,False,False,0.0,0.0,0.0,0.0,0.0,0.0,0.0,0.0
G0BY:atp:2025/812/ms001:B0A0,Daniil Glinka,M25 Nevers,2025-09-15,F,ITF main draw,2025,2025-26,Result + serve/return totals,True,True,False,False,False,True,True,False,False,False,0.0,0.0,0.0,1.0,0.0,0.0,0.0,0.0
G0BY:atp:2025/812/ms002:M0QK,Daniil Glinka,M25 Nevers,2025-09-15,SF,ITF main draw,2025,2025-26,Result + serve/return totals,True,True,False,False,False,True,True,False,False,False,0.0,0.0,0.0,1.0,0.0,0.0,0.0,0.0
G0BY:atp:2025/812/ms004:V0D0,Daniil Glinka,M25 Nevers,2025-09-15,QF,ITF main draw,2025,2025-26,Result + serve/return totals,True,True,False,False,False,True,True,False,False,False,0.0,0.0,0.0,1.0,0.0,0.0,0.0,0.0
G0BY:atp:2025/812/ms008:L0LJ,Daniil Glinka,M25 Nevers,2025-09-15,R16,ITF main draw,2025,2025-26,Result + serve/return totals,True,True,False,False,False,True,True,False,False,False,0.0,0.0,0.0,1.0,0.0,0.0,0.0,0.0
G0BY:atp:2025/812/ms016:H0MQ,Daniil Glinka,M25 Nevers,2025-09-15,R32,ITF main draw,2025,2025-26,Result + serve/return totals,True,True,False,False,False,True,True,False,False,False,0.0,0.0,0.0,1.0,0.0,0.0,0.0,0.0
G0BY:atp:2025/9625/ms030:HB48,Daniil Glinka,Roanne,2025-10-06,R32,Challenger main draw,2025,2025-26,Result + serve/return totals,True,True,True,False,False,True,True,False,False,False,0.0,1.0,1.0,0.0,0.0,0.0,0.0,0.0
G0BY:atp:2025/9625/qs011:V0BD,Daniil Glinka,Roanne,2025-10-06,Q2,Challenger qualifying,2025,2025-26,Result + serve/return totals,True,True,True,False,False,True,True,False,False,False,0.0,1.0,1.0,0.0,0.0,0.0,0.0,0.0
G0BY:atp:2025/9625/qs022:O0AD,Daniil Glinka,Roanne,2025-10-06,Q1,Challenger qualifying,2025,2025-26,Result + serve/return totals,True,True,True,False,False,True,True,False,False,False,0.0,1.0,1.0,0.0,0.0,0.0,0.0,0.0
G0BY:atp:2025/2893/ms008:TE30,Daniil Glinka,Olbia,2025-10-13,R16,Challenger main draw,2025,2025-26,Result + serve/return totals,True,True,True,False,False,True,True,False,False,False,0.0,1.0,1.0,0.0,0.0,0.0,0.0,0.0
G0BY:atp:2025/2893/ms017:T09X,Daniil Glinka,Olbia,2025-10-13,R32,Challenger main draw,2025,2025-26,Result + serve/return totals,True,True,True,False,False,True,True,False,False,False,0.0,1.0,1.0,0.0,0.0,0.0,0.0,0.0
G0BY:atp:2025/2893/qs010:DG80,Daniil Glinka,Olbia,2025-10-13,Q2,Challenger qualifying,2025,2025-26,Result + serve/return totals,True,True,True,False,False,True,True,False,False,False,0.0,1.0,1.0,0.0,0.0,0.0,0.0,0.0
G0BY:atp:2025/2893/qs020:B0BK,Daniil Glinka,Olbia,2025-10-13,Q1,Challenger qualifying,2025,2025-26,Result + serve/return totals,True,True,True,False,False,True,True,False,False,False,0.0,1.0,1.0,0.0,0.0,0.0,0.0,0.0
G0BY:atp:2025/8297/ms012:L0CF,Daniil Glinka,Hamburg,2025-10-20,R16,Challenger main draw,2025,2025-26,"Result, no statistics",False,False,False,False,False,True,False,False,False,False,0.0,1.0,1.0,0.0,0.0,0.0,0.0,0.0
G0BY:atp:2025/8297/ms025:V09T,Daniil Glinka,Hamburg,2025-10-20,R32,Challenger main draw,2025,2025-26,Result + serve/return totals,True,True,True,False,False,True,True,False,False,False,0.0,1.0,1.0,0.0,0.0,0.0,0.0,0.0
G0BY:atp:2025/6055/ms005:D0DT,Daniil Glinka,Charlottesville,2025-10-27,QF,Challenger main draw,2025,2025-26,Result + serve/return totals,True,True,True,False,False,True,True,False,False,False,0.0,1.0,1.0,0.0,0.0,0.0,0.0,0.0
G0BY:atp:2025/6055/ms010:Z09F,Daniil Glinka,Charlottesville,2025-10-27,R16,Challenger main draw,2025,2025-26,Result + serve/return totals,True,True,True,False,False,True,True,False,False,False,0.0,1.0,1.0,0.0,0.0,0.0,0.0,0.0
G0BY:atp:2025/6055/ms020:K0A3,Daniil Glinka,Charlottesville,2025-10-27,R32,Challenger main draw,2025,2025-26,Result + serve/return totals,True,True,True,False,False,True,True,False,False,False,0.0,1.0,1.0,0.0,0.0,0.0,0.0,0.0
G0BY:atp:2025/363/ms003:B0NO,Daniil Glinka,Knoxville,2025-11-03,SF,Challenger main draw,2025,2025-26,Result + serve/return totals,True,True,True,False,False,True,True,False,False,False,0.0,1.0,1.0,0.0,0.0,0.0,0.0,0.0
G0BY:atp:2025/363/ms006:M0NA,Daniil Glinka,Knoxville,2025-11-03,QF,Challenger main draw,2025,2025-26,Result + serve/return totals,True,True,True,False,False,True,True,False,False,False,0.0,1.0,1.0,0.0,0.0,0.0,0.0,0.0
G0BY:atp:2025/363/ms012:PL39,Daniil Glinka,Knoxville,2025-11-03,R16,Challenger main draw,2025,2025-26,Result + serve/return totals,True,True,True,False,False,True,True,False,False,False,0.0,1.0,1.0,0.0,0.0,0.0,0.0,0.0
G0BY:atp:2025/363/ms024:M0DY,Daniil Glinka,Knoxville,2025-11-03,R32,Challenger main draw,2025,2025-26,Result + serve/return totals,True,True,True,False,False,True,True,False,False,False,0.0,1.0,1.0,0.0,0.0,0.0,0.0,0.0
G0BY:atp:2025/7235/ms001:C0OF,Daniil Glinka,Drummondville,2025-11-10,F,Challenger main draw,2025,2025-26,Result + serve/return totals,True,True,False,False,True,False,True,False,False,True,0.0,1.0,1.0,0.0,0.0,0.0,0.0,0.0
G0BY:atp:2025/7235/ms002:K0HC,Daniil Glinka,Drummondville,2025-11-10,SF,Challenger main draw,2025,2025-26,Result + serve/return totals,True,True,False,False,True,False,True,False,False,False,0.0,1.0,1.0,0.0,0.0,0.0,0.0,0.0
G0BY:atp:2025/7235/ms005:M0C2,Daniil Glinka,Drummondville,2025-11-10,QF,Challenger main draw,2025,2025-26,Result + serve/return totals,True,True,False,False,True,False,True,False,False,False,0.0,1.0,1.0,0.0,0.0,0.0,0.0,0.0
G0BY:atp:2025/7235/ms010:K0KC,Daniil Glinka,Drummondville,2025-11-10,R16,Challenger main draw,2025,2025-26,Result + serve/return totals,True,True,False,False,True,False,True,False,False,False,0.0,1.0,1.0,0.0,0.0,0.0,0.0,0.0
G0BY:atp:2025/7235/ms020:K0DB,Daniil Glinka,Drummondville,2025-11-10,R32,Challenger main draw,2025,2025-26,Result + serve/return totals,True,True,True,False,False,True,True,False,False,False,0.0,1.0,1.0,0.0,0.0,0.0,0.0,0.0
G0BY:atp:2026/2205/ms023:TA46,Daniil Glinka,Noumea,2026-01-05,R32,Challenger main draw,2026,2025-26,Result + serve/return totals,True,True,False,False,True,False,True,False,False,False,0.0,1.0,1.0,0.0,0.0,0.0,0.0,0.0
G0BY:atp:2026/2831/ms003:P09O,Daniil Glinka,Oeiras 1,2026-01-19,SF,Challenger main draw,2026,2025-26,Result + serve/return totals,True,True,True,False,False,True,True,False,False,False,0.0,1.0,1.0,0.0,0.0,0.0,0.0,0.0
G0BY:atp:2026/2831/ms006:P0CT,Daniil Glinka,Oeiras 1,2026-01-19,QF,Challenger main draw,2026,2025-26,Result + serve/return totals,True,True,True,False,False,True,True,False,False,False,0.0,1.0,1.0,0.0,0.0,0.0,0.0,0.0
G0BY:atp:2026/2831/ms012:M0AW,Daniil Glinka,Oeiras 1,2026-01-19,R16,Challenger main draw,2026,2025-26,Result + serve/return totals,True,True,False,False,False,True,True,False,False,False,0.0,1.0,1.0,0.0,0.0,0.0,0.0,0.0
G0BY:atp:2026/2831/ms025:O0A2,Daniil Glinka,Oeiras 1,2026-01-19,R32,Challenger main draw,2026,2025-26,Result + serve/return totals,True,True,True,False,False,True,True,False,False,False,0.0,1.0,1.0,0.0,0.0,0.0,0.0,0.0
G0BY:atp:2026/580/qs061:V0DZ,Daniil Glinka,Australian Open,2026-01-19,Q2,Tour qualifying,2026,2025-26,Result + serve/return totals,True,True,False,False,True,False,True,False,False,False,0.0,1.0,0.0,0.0,0.0,0.0,1.0,0.0
G0BY:atp:2026/580/qs122:T09X,Daniil Glinka,Australian Open,2026-01-19,Q1,Tour qualifying,2026,2025-26,Result + serve/return totals,True,True,False,False,True,False,True,False,False,False,0.0,1.0,0.0,0.0,0.0,0.0,1.0,0.0
G0BY:atp:2026/2833/ms001:R0E0,Daniil Glinka,Oeiras 2,2026-01-26,F,Challenger main draw,2026,2025-26,Result + serve/return totals,True,True,True,False,False,True,False,False,False,False,0.0,1.0,1.0,0.0,0.0,0.0,0.0,0.0
G0BY:atp:2026/2833/ms003:SN54,Daniil Glinka,Oeiras 2,2026-01-26,SF,Challenger main draw,2026,2025-26,Result + serve/return totals,True,True,True,False,False,True,False,False,False,False,0.0,1.0,1.0,0.0,0.0,0.0,0.0,0.0
G0BY:atp:2026/2833/ms006:L0CX,Daniil Glinka,Oeiras 2,2026-01-26,QF,Challenger main draw,2026,2025-26,Result + serve/return totals,True,True,True,False,False,True,False,False,False,False,0.0,1.0,1.0,0.0,0.0,0.0,0.0,0.0
G0BY:atp:2026/2833/ms013:K926,Daniil Glinka,Oeiras 2,2026-01-26,R16,Challenger main draw,2026,2025-26,Result + serve/return totals,True,True,True,False,False,True,True,False,False,False,0.0,1.0,1.0,0.0,0.0,0.0,0.0,0.0
G0BY:atp:2026/2833/ms026:E698,Daniil Glinka,Oeiras 2,2026-01-26,R32,Challenger main draw,2026,2025-26,Result + serve/return totals,True,True,True,False,False,True,True,False,False,False,0.0,1.0,1.0,0.0,0.0,0.0,0.0,0.0
G0BY:atp:2026/9162/ms015:S0H2,Daniil Glinka,Pau,2026-02-09,R16,Challenger main draw,2026,2025-26,Result + serve/return totals,True,True,True,False,False,True,True,False,False,False,0.0,1.0,1.0,0.0,0.0,0.0,0.0,0.0
G0BY:atp:2026/9162/ms030:L0GH,Daniil Glinka,Pau,2026-02-09,R32,Challenger main draw,2026,2025-26,Result + serve/return totals,True,True,True,False,False,True,True,False,False,False,0.0,1.0,1.0,0.0,0.0,0.0,0.0,0.0
G0BY:atp:2026/7874/ms023:BM95,Daniil Glinka,Lille,2026-02-16,R32,Challenger main draw,2026,2025-26,Result + serve/return totals,True,True,True,False,False,True,True,False,False,False,0.0,1.0,1.0,0.0,0.0,0.0,0.0,0.0
G0BY:atp:2026/9516/ms015:HH06,Daniil Glinka,Lugano,2026-02-23,R16,Challenger main draw,2026,2025-26,Result + serve/return totals,True,True,True,False,False,True,True,False,False,False,0.0,1.0,1.0,0.0,0.0,0.0,0.0,0.0
G0BY:atp:2026/9516/ms031:D0HX,Daniil Glinka,Lugano,2026-02-23,R32,Challenger main draw,2026,2025-26,Result + serve/return totals,True,True,True,False,False,True,True,False,False,False,0.0,1.0,1.0,0.0,0.0,0.0,0.0,0.0
G0BY:atp:2026/2973/ms016:G09O,Daniil Glinka,Thionville,2026-03-02,R32,Challenger main draw,2026,2025-26,Result + serve/return totals,True,True,True,False,False,True,True,False,False,False,0.0,1.0,1.0,0.0,0.0,0.0,0.0,0.0
G0BY:atp:2026/398/ms020:A09T,Daniil Glinka,Cherbourg,2026-03-09,R32,Challenger main draw,2026,2025-26,Result + serve/return totals,True,True,True,False,False,True,True,False,False,False,0.0,1.0,1.0,0.0,0.0,0.0,0.0,0.0
G0BY:atp:2026/7494/ms010:CG33,Daniil Glinka,Barletta,2026-03-30,R16,Challenger main draw,2026,2025-26,Result + serve/return totals,True,True,True,False,False,True,True,False,False,False,0.0,1.0,1.0,0.0,0.0,0.0,0.0,0.0
G0BY:atp:2026/7494/ms020:K926,Daniil Glinka,Barletta,2026-03-30,R32,Challenger main draw,2026,2025-26,Result + serve/return totals,True,True,True,False,False,True,True,False,False,False,0.0,1.0,1.0,0.0,0.0,0.0,0.0,0.0
G0BY:atp:2026/5069/ms006:AG08,Daniil Glinka,Sarasota,2026-04-06,QF,Challenger main draw,2026,2025-26,Result + serve/return totals,True,True,True,False,False,True,True,False,False,False,0.0,1.0,1.0,0.0,0.0,0.0,0.0,0.0
G0BY:atp:2026/5069/ms012:KG27,Daniil Glinka,Sarasota,2026-04-06,R16,Challenger main draw,2026,2025-26,Result + serve/return totals,True,True,True,False,False,True,True,False,False,False,0.0,1.0,1.0,0.0,0.0,0.0,0.0,0.0
G0BY:atp:2026/5069/ms024:W09G,Daniil Glinka,Sarasota,2026-04-06,R32,Challenger main draw,2026,2025-26,Result + serve/return totals,True,True,True,False,False,True,True,False,False,False,0.0,1.0,1.0,0.0,0.0,0.0,0.0,0.0
G0BY:atp:2026/692/ms005:K0NP,Daniil Glinka,Tallahassee,2026-04-13,QF,Challenger main draw,2026,2025-26,Result + serve/return totals,True,True,False,False,True,False,True,False,False,False,0.0,1.0,1.0,0.0,0.0,0.0,0.0,0.0
G0BY:atp:2026/692/ms010:B0NO,Daniil Glinka,Tallahassee,2026-04-13,R16,Challenger main draw,2026,2025-26,Result + serve/return totals,True,True,False,False,True,False,True,False,False,False,0.0,1.0,1.0,0.0,0.0,0.0,0.0,0.0
G0BY:atp:2026/692/ms020:D0D4,Daniil Glinka,Tallahassee,2026-04-13,R32,Challenger main draw,2026,2025-26,Result + serve/return totals,True,True,True,False,False,True,True,False,False,False,0.0,1.0,1.0,0.0,0.0,0.0,0.0,0.0
G0BY:atp:2026/5067/ms020:KE64,Daniil Glinka,Savannah,2026-04-20,R32,Challenger main draw,2026,2025-26,Result + serve/return totals,True,True,False,False,True,False,True,False,False,False,0.0,1.0,1.0,0.0,0.0,0.0,0.0,0.0
G0BY:atp:2026/1541/ms013:B0QC,Daniil Glinka,Tunis,2026-05-11,R16,Challenger main draw,2026,2025-26,Result + serve/return totals,True,True,False,False,True,False,True,False,False,False,0.0,1.0,1.0,0.0,0.0,0.0,0.0,0.0
G0BY:atp:2026/1541/ms027:M0XQ,Daniil Glinka,Tunis,2026-05-11,R32,Challenger main draw,2026,2025-26,Result + serve/return totals,True,True,False,False,True,False,True,False,False,False,0.0,1.0,1.0,0.0,0.0,0.0,0.0,0.0
G0BY:atp:2026/2993/ms010:BI23,Daniil Glinka,Chisinau,2026-05-25,R16,Challenger main draw,2026,2025-26,Result + serve/return totals,True,True,True,False,False,True,True,False,False,False,0.0,1.0,1.0,0.0,0.0,0.0,0.0,0.0
G0BY:atp:2026/2993/ms020:L0C6,Daniil Glinka,Chisinau,2026-05-25,R32,Challenger main draw,2026,2025-26,Result + serve/return totals,True,True,False,False,True,False,True,False,False,False,0.0,1.0,1.0,0.0,0.0,0.0,0.0,0.0
G0BY:atp:2026/520/qs039:P0IY,Daniil Glinka,Roland Garros,2026-05-25,Q2,Tour qualifying,2026,2025-26,Result + serve/return totals,True,True,False,False,True,False,True,False,False,False,0.0,1.0,0.0,0.0,0.0,0.0,0.0,0.0
G0BY:atp:2026/520/qs078:B0JJ,Daniil Glinka,Roland Garros,2026-05-25,Q1,Tour qualifying,2026,2025-26,Result + serve/return totals,True,True,False,False,True,False,True,False,False,False,0.0,1.0,0.0,0.0,0.0,0.0,0.0,0.0
G0BY:atp:2026/321/qs009:H996,Daniil Glinka,Stuttgart,2026-06-08,Q1,Tour qualifying,2026,2025-26,Point-by-point sequence,False,True,True,False,False,True,True,True,False,False,0.0,1.0,1.0,0.0,0.0,0.0,0.0,1.0
G0BY:atp:2026/3115/ms030:C0AK,Daniil Glinka,Dublin,2026-06-15,R32,Challenger main draw,2026,2025-26,Point-by-point sequence,False,True,True,False,False,True,True,True,False,False,0.0,1.0,1.0,0.0,0.0,0.0,0.0,0.0
G0BY:atp:2026/540/qs121:CG33,Daniil Glinka,Wimbledon,2026-06-29,Q1,Tour qualifying,2026,2025-26,Point-by-point sequence,False,True,True,False,False,True,True,True,False,False,0.0,1.0,0.0,0.0,0.0,0.0,1.0,0.0
G0BY:atp:2026/7316/ms010:W0C4,Daniil Glinka,Cary,2026-06-29,R16,Challenger main draw,2026,2025-26,Result + serve/return totals,True,True,True,False,False,True,True,False,False,False,0.0,1.0,1.0,0.0,0.0,0.0,0.0,0.0
G0BY:atp:2026/7316/ms020:M0NB,Daniil Glinka,Cary,2026-06-29,R32,Challenger main draw,2026,2025-26,Point-by-point sequence,False,True,True,False,False,True,True,True,False,False,0.0,1.0,1.0,0.0,0.0,0.0,0.0,0.0
G0BY:atp:2026/315/ms019:Y09V,Daniil Glinka,Newport,2026-07-06,R32,Challenger main draw,2026,2025-26,Result + serve/return totals,True,True,True,False,False,True,True,False,False,False,0.0,1.0,1.0,0.0,0.0,0.0,0.0,0.0
G0BY:atp:2026/877/ms012:S0TI,Daniil Glinka,Granby,2026-07-13,R16,Challenger main draw,2026,2025-26,Result + serve/return totals,True,True,True,False,False,True,True,False,False,False,0.0,1.0,1.0,0.0,0.0,0.0,0.0,0.0
G0BY:atp:2026/877/ms024:J0B5,Daniil Glinka,Granby,2026-07-13,R32,Challenger main draw,2026,2025-26,Result + serve/return totals,True,True,True,False,False,True,True,False,False,False,0.0,1.0,1.0,0.0,0.0,0.0,0.0,0.0
G0BY:atp:2026/2789/ms003:G0A0,Daniil Glinka,Grodzisk Mazowiecki,2026-08-03,SF,Challenger main draw,2026,2025-26,Result + serve/return totals,True,True,True,False,False,True,True,False,False,False,0.0,1.0,1.0,0.0,0.0,0.0,0.0,0.0
G0BY:atp:2026/2789/ms007:DH46,Daniil Glinka,Grodzisk Mazowiecki,2026-08-03,QF,Challenger main draw,2026,2025-26,Result + serve/return totals,True,True,True,False,False,True,True,False,False,False,0.0,1.0,1.0,0.0,0.0,0.0,0.0,0.0
G0BY:atp:2026/2789/ms015:V0G2,Daniil Glinka,Grodzisk Mazowiecki,2026-08-03,R16,Challenger main draw,2026,2025-26,Result + serve/return totals,True,True,True,False,False,True,True,False,False,False,0.0,1.0,1.0,0.0,0.0,0.0,0.0,0.0
G0BY:atp:2026/2789/ms031:Z0BL,Daniil Glinka,Grodzisk Mazowiecki,2026-08-03,R32,Challenger main draw,2026,2025-26,Result + serve/return totals,True,True,True,False,False,True,True,False,False,False,0.0,1.0,1.0,0.0,0.0,0.0,0.0,0.0
G0BY:atp:2026/3121/ms003:MO44,Daniil Glinka,Kingston 1,2026-08-17,SF,Challenger main draw,2026,2025-26,Result + serve/return totals,True,True,False,False,True,False,False,False,False,False,0.0,1.0,1.0,0.0,0.0,0.0,0.0,0.0
G0BY:atp:2026/3121/ms007:M0G4,Daniil Glinka,Kingston 1,2026-08-17,QF,Challenger main draw,2026,2025-26,Result + serve/return totals,True,True,False,False,True,False,False,False,False,False,0.0,1.0,1.0,0.0,0.0,0.0,0.0,0.0
G0BY:atp:2026/3121/ms014:Y218,Daniil Glinka,Kingston 1,2026-08-17,R16,Challenger main draw,2026,2025-26,Result + serve/return totals,True,True,True,False,False,True,False,False,False,False,0.0,1.0,1.0,0.0,0.0,0.0,0.0,0.0
G0BY:atp:2026/3121/ms028:B0BU,Daniil Glinka,Kingston 1,2026-08-17,R32,Challenger main draw,2026,2025-26,Result + serve/return totals,True,True,True,False,False,True,False,False,False,False,0.0,1.0,1.0,0.0,0.0,0.0,0.0,0.0
G0BY:atp:2026/560/qs054:P09O,Daniil Glinka,US Open,2026-08-31,Q2,Tour qualifying,2026,2025-26,Result + serve/return totals,True,True,False,False,True,False,False,False,False,False,0.0,1.0,0.0,0.0,0.0,0.0,0.99,0.0
G0BY:atp:2026/560/qs109:MO44,Daniil Glinka,US Open,2026-08-31,Q1,Tour qualifying,2026,2025-26,Result + serve/return totals,True,True,False,False,True,False,False,False,False,False,0.0,1.0,0.0,0.0,0.0,0.0,0.99,0.0
G0BY:atp:2026/7973/ms020:R0FP,Daniil Glinka,Manacor,2026-08-31,R32,Challenger main draw,2026,2025-26,Result + serve/return totals,True,True,False,False,True,False,False,False,False,False,0.0,1.0,1.0,0.0,0.0,0.0,0.0,0.0
G0BY:atp:2026/9120/ms004:D0DW,Daniil Glinka,Cassis,2026-09-07,QF,Challenger main draw,2026,2025-26,Result + serve/return totals,True,True,False,False,True,False,False,False,False,False,0.0,1.0,1.0,0.0,0.0,0.0,0.0,0.0
G0BY:atp:2026/9120/ms009:E0AC,Daniil Glinka,Cassis,2026-09-07,R16,Challenger main draw,2026,2025-26,Result + serve/return totals,True,True,False,False,True,False,False,False,False,False,0.0,1.0,1.0,0.0,0.0,0.0,0.0,0.0
G0BY:atp:2026/9120/ms019:PH78,Daniil Glinka,Cassis,2026-09-07,R32,Challenger main draw,2026,2025-26,Result + serve/return totals,True,True,False,False,True,False,False,False,False,False,0.0,1.0,1.0,0.0,0.0,0.0,0.0,0.0
H09P:atp:2016/614/ms027:BC68,Brandon Holt,U.S.A. F1,2016-01-04,R32,ITF main draw,2016,2012-18,"Result, no statistics",True,True,True,False,False,True,False,False,False,False,0.0,0.0,0.0,0.0,0.0,0.0,0.0,0.0
H09P:atp:2016/579/ms021:TB84,Brandon Holt,U.S.A. F2,2016-01-11,R32,ITF main draw,2016,2012-18,"Result, no statistics",True,True,True,False,False,True,False,False,False,False,0.0,0.0,0.0,0.0,0.0,0.0,0.0,0.0
H09P:atp:2016/229/ms028:MJ98,Brandon Holt,U.S.A. F7,2016-02-15,R32,ITF main draw,2016,2012-18,"Result, no statistics",True,True,False,False,True,False,False,False,False,False,0.0,0.0,0.0,0.0,0.0,0.0,0.0,0.0
H09P:atp:2017/614/ms020:GA36,Brandon Holt,U.S.A. F1,2017-01-02,R32,ITF main draw,2017,2012-18,"Result, no statistics",True,True,False,False,True,False,False,False,False,False,0.0,0.0,0.0,0.0,0.0,0.0,0.0,0.0
H09P:atp:2017/579/ms008:PL56,Brandon Holt,U.S.A. F2,2017-01-09,R16,ITF main draw,2017,2012-18,"Result, no statistics",True,True,False,False,True,False,False,False,True,False,0.0,0.0,0.0,0.0,0.0,0.0,0.0,0.0
H09P:atp:2017/579/ms017:BK05,Brandon Holt,U.S.A. F2,2017-01-09,R32,ITF main draw,2017,2012-18,"Result, no statistics",True,True,False,False,True,False,False,False,True,False,0.0,0.0,0.0,0.0,0.0,0.0,0.0,0.0
H09P:atp:2017/734/ms006:KB14,Brandon Holt,U.S.A. F17,2017-06-12,QF,ITF main draw,2017,2012-18,"Result, no statistics",True,True,True,False,False,True,False,False,False,False,0.0,0.0,0.0,0.0,0.0,0.0,0.0,0.0
H09P:atp:2017/734/ms012:GH92,Brandon Holt,U.S.A. F17,2017-06-12,R16,ITF main draw,2017,2012-18,"Result, no statistics",True,True,True,False,False,True,False,False,False,False,0.0,0.0,0.0,0.0,0.0,0.0,0.0,0.0
H09P:atp:2017/734/ms024:SQ48,Brandon Holt,U.S.A. F17,2017-06-12,R32,ITF main draw,2017,2012-18,"Result, no statistics",True,True,True,False,False,True,False,False,False,False,0.0,0.0,0.0,0.0,0.0,0.0,0.0,0.0
H09P:atp:2017/530/ms010:SI72,Brandon Holt,U.S.A. F19,2017-06-19,R16,ITF main draw,2017,2012-18,"Result, no statistics",False,False,False,False,False,True,False,False,False,False,0.0,0.0,0.0,0.0,0.0,0.0,0.0,0.0
H09P:atp:2017/530/ms021:S0DQ,Brandon Holt,U.S.A. F19,2017-06-19,R32,ITF main draw,2017,2012-18,"Result, no statistics",True,True,True,False,False,True,False,False,False,False,0.0,0.0,0.0,0.0,0.0,0.0,0.0,0.0
H09P:atp:2017/228/qs009:S0CT,Brandon Holt,Winnetka,2017-07-10,Q2,Challenger qualifying,2017,2012-18,Result + serve/return totals,True,True,True,True,False,True,False,False,False,False,0.336,0.0,0.0,0.0,0.0,0.0,0.0,0.0
H09P:atp:2017/250/ms003:SF89,Brandon Holt,U.S.A. F24,2017-07-17,SF,ITF main draw,2017,2012-18,"Result, no statistics",True,True,False,False,True,False,False,False,False,False,0.0,0.0,0.0,0.0,0.0,0.0,0.0,0.0
H09P:atp:2017/250/ms006:J505,Brandon Holt,U.S.A. F24,2017-07-17,QF,ITF main draw,2017,2012-18,"Result, no statistics",True,True,False,False,True,False,False,False,False,False,0.0,0.0,0.0,0.0,0.0,0.0,0.0,0.0
H09P:atp:2017/250/ms012:O660,Brandon Holt,U.S.A. F24,2017-07-17,R16,ITF main draw,2017,2012-18,"Result, no statistics",True,True,True,False,False,True,False,False,False,False,0.0,0.0,0.0,0.0,0.0,0.0,0.0,0.0
H09P:atp:2017/250/ms025:SY62,Brandon Holt,U.S.A. F24,2017-07-17,R32,ITF main draw,2017,2012-18,"Result, no statistics",True,True,True,False,False,True,False,False,False,False,0.0,0.0,0.0,0.0,0.0,0.0,0.0,0.0
H09P:atp:2017/670/ms026:N555,Brandon Holt,Binghamton,2017-07-24,R32,Challenger main draw,2017,2012-18,Result + serve/return totals,True,True,False,False,True,False,False,False,False,False,0.553,0.0,0.0,0.0,0.0,0.0,0.0,0.0
H09P:atp:2017/467/qs014:BI23,Brandon Holt,Aptos,2017-08-07,Q2,Challenger qualifying,2017,2012-18,Result + serve/return totals,True,True,False,False,True,False,False,False,False,False,0.336,0.0,0.0,0.0,0.0,0.0,0.0,0.0
H09P:atp:2017/467/qs029:F824,Brandon Holt,Aptos,2017-08-07,Q1,Challenger qualifying,2017,2012-18,Result + serve/return totals,True,True,False,False,True,False,False,False,False,False,0.336,0.0,0.0,0.0,0.0,0.0,0.0,0.0
H09P:atp:2017/6685/ms010:RC91,Brandon Holt,U.S.A. F32,2017-09-25,R16,ITF main draw,2017,2012-18,"Result, no statistics",True,True,False,False,True,False,False,False,False,False,0.0,0.0,0.0,0.0,0.0,0.0,0.0,0.0
H09P:atp:2017/6685/ms021:AC84,Brandon Holt,U.S.A. F32,2017-09-25,R32,ITF main draw,2017,2012-18,"Result, no statistics",True,True,False,False,True,False,False,False,False,False,0.0,0.0,0.0,0.0,0.0,0.0,0.0,0.0
H09P:atp:2017/7345/qs021:ML73,Brandon Holt,Las Vegas,2017-10-16,Q1,Challenger qualifying,2017,2012-18,Result + serve/return totals,True,True,False,False,True,False,False,False,False,False,0.336,0.0,0.0,0.0,0.0,0.0,0.0,0.0
H09P:atp:2018/614/ms030:L0CP,Brandon Holt,U.S.A. F1,2018-01-01,R32,ITF main draw,2018,2012-18,"Result, no statistics",True,True,False,False,True,False,False,False,False,False,0.0,0.0,0.0,0.0,0.0,0.0,0.0,0.0
H09P:atp:2018/2090/ms012:A09W,Brandon Holt,Canada F4,2018-06-25,R16,ITF main draw,2018,2012-18,"Result, no statistics",True,True,True,False,False,True,False,False,False,False,0.0,0.0,0.0,0.0,0.0,0.0,0.0,0.0
H09P:atp:2018/2090/ms024:HA47,Brandon Holt,Canada F4,2018-06-25,R32,ITF main draw,2018,2012-18,"Result, no statistics",True,True,True,False,False,True,False,False,False,False,0.0,0.0,0.0,0.0,0.0,0.0,0.0,0.0
H09P:atp:2018/530/ms007:HB29,Brandon Holt,U.S.A. F19,2018-07-02,QF,ITF main draw,2018,2012-18,"Result, no statistics",True,True,True,False,False,True,False,False,False,False,0.0,0.0,0.0,0.0,0.0,0.0,0.0,0.0
H09P:atp:2018/530/ms014:DF88,Brandon Holt,U.S.A. F19,2018-07-02,R16,ITF main draw,2018,2012-18,"Result, no statistics",True,True,True,False,False,True,False,False,False,False,0.0,0.0,0.0,0.0,0.0,0.0,0.0,0.0
H09P:atp:2018/530/ms029:CN15,Brandon Holt,U.S.A. F19,2018-07-02,R32,ITF main draw,2018,2012-18,"Result, no statistics",True,True,True,False,False,True,False,False,False,False,0.0,0.0,0.0,0.0,0.0,0.0,0.0,0.0
H09P:atp:2018/228/qs017:SF11,Brandon Holt,Winnetka,2018-07-09,Q1,Challenger qualifying,2018,2012-18,Result + serve/return totals,True,True,False,False,False,True,False,False,False,False,0.336,0.0,0.0,0.0,0.0,0.0,0.0,0.0
H09P:atp:2018/670/qs025:FB59,Brandon Holt,Binghamton,2018-07-23,Q1,Challenger qualifying,2018,2012-18,Result + serve/return totals,True,True,False,False,False,True,False,False,False,False,0.336,0.0,0.0,0.0,0.0,0.0,0.0,0.0
H09P:atp:2018/467/ms023:GA94,Brandon Holt,Aptos,2018-08-06,R32,Challenger main draw,2018,2012-18,Result + serve/return totals,True,True,False,False,False,True,False,False,False,False,0.553,0.0,0.0,0.0,0.0,0.0,0.0,0.0
H09P:atp:2018/250/ms001:RC93,Brandon Holt,U.S.A. F24,2018-09-10,F,ITF main draw,2018,2012-18,"Result, no statistics",True,True,False,False,True,False,False,False,False,False,0.0,0.0,0.0,0.0,0.0,0.0,0.0,0.0
H09P:atp:2018/250/ms002:SR94,Brandon Holt,U.S.A. F24,2018-09-10,SF,ITF main draw,2018,2012-18,"Result, no statistics",True,True,False,False,True,False,False,False,False,False,0.0,0.0,0.0,0.0,0.0,0.0,0.0,0.0
H09P:atp:2018/250/ms005:CL82,Brandon Holt,U.S.A. F24,2018-09-10,QF,ITF main draw,2018,2012-18,"Result, no statistics",True,True,False,False,True,False,False,False,False,False,0.0,0.0,0.0,0.0,0.0,0.0,0.0,0.0
H09P:atp:2018/250/ms011:KE36,Brandon Holt,U.S.A. F24,2018-09-10,R16,ITF main draw,2018,2012-18,"Result, no statistics",True,True,False,False,True,False,False,False,False,False,0.0,0.0,0.0,0.0,0.0,0.0,0.0,0.0
H09P:atp:2018/250/ms022:A0BY,Brandon Holt,U.S.A. F24,2018-09-10,R32,ITF main draw,2018,2012-18,"Result, no statistics",True,True,True,False,False,True,False,False,False,False,0.0,0.0,0.0,0.0,0.0,0.0,0.0,0.0
H09P:atp:2018/1768/ms013:PL56,Brandon Holt,Tiburon,2018-09-24,R16,Challenger main draw,2018,2012-18,Result + serve/return totals,True,True,False,False,True,False,False,False,False,False,0.553,0.0,0.0,0.0,0.0,0.0,0.0,0.0
H09P:atp:2018/1768/ms026:D916,Brandon Holt,Tiburon,2018-09-24,R32,Challenger main draw,2018,2012-18,Result + serve/return totals,True,True,False,False,True,False,False,False,False,False,0.553,0.0,0.0,0.0,0.0,0.0,0.0,0.0
H09P:atp:2019/8130/ms001:GA36,Brandon Holt,M25 Los Angeles,2018-12-31,F,ITF main draw,2018,2012-18,Missing,True,True,False,False,True,False,False,False,False,False,0.0,0.0,0.0,0.0,0.0,0.0,0.0,0.0
H09P:atp:2019/8130/ms002:B0CD,Brandon Holt,M25 Los Angeles,2018-12-31,SF,ITF main draw,2018,2012-18,"Result, no statistics",True,True,False,False,True,False,False,False,False,False,0.0,0.0,0.0,0.0,0.0,0.0,0.0,0.0
H09P:atp:2019/8130/ms005:N555,Brandon Holt,M25 Los Angeles,2018-12-31,QF,ITF main draw,2018,2012-18,"Result, no statistics",True,True,False,False,True,False,False,False,False,False,0.0,0.0,0.0,0.0,0.0,0.0,0.0,0.0
H09P:atp:2019/8130/ms010:PE42,Brandon Holt,M25 Los Angeles,2018-12-31,R16,ITF main draw,2018,2012-18,"Result, no statistics",True,True,False,False,True,False,False,False,False,False,0.0,0.0,0.0,0.0,0.0,0.0,0.0,0.0
H09P:atp:2019/8130/ms020:GD08,Brandon Holt,M25 Los Angeles,2018-12-31,R32,ITF main draw,2018,2012-18,"Result, no statistics",True,True,False,False,True,False,False,False,False,False,0.0,0.0,0.0,0.0,0.0,0.0,0.0,0.0
H09P:atp:2019/9188/ms061:SL07,Brandon Holt,Little Rock,2019-06-03,R64,Challenger main draw,2019,2019-21,Result + serve/return totals,True,True,False,False,True,False,False,False,False,False,0.553,0.0,0.0,0.0,0.0,0.0,0.0,0.0
H09P:atp:2019/731/ms001:R0A5,Brandon Holt,M25 Wichita,2019-06-10,F,ITF main draw,2019,2019-21,"Result, no statistics",True,True,True,False,False,True,False,False,False,False,0.0,0.0,0.0,0.0,0.0,0.0,0.0,0.0
H09P:atp:2019/731/ms002:Z09K,Brandon Holt,M25 Wichita,2019-06-10,SF,ITF main draw,2019,2019-21,"Result, no statistics",True,True,True,False,False,True,False,False,False,False,0.0,0.0,0.0,0.0,0.0,0.0,0.0,0.0
H09P:atp:2019/731/ms005:C0AK,Brandon Holt,M25 Wichita,2019-06-10,QF,ITF main draw,2019,2019-21,"Result, no statistics",True,True,True,False,False,True,False,False,False,False,0.0,0.0,0.0,0.0,0.0,0.0,0.0,0.0
H09P:atp:2019/731/ms010:CJ60,Brandon Holt,M25 Wichita,2019-06-10,R16,ITF main draw,2019,2019-21,"Result, no statistics",True,True,True,False,False,True,False,False,False,False,0.0,0.0,0.0,0.0,0.0,0.0,0.0,0.0
H09P:atp:2019/731/ms020:BO03,Brandon Holt,M25 Wichita,2019-06-10,R32,ITF main draw,2019,2019-21,"Result, no statistics",True,True,False,False,True,False,False,False,False,False,0.0,0.0,0.0,0.0,0.0,0.0,0.0,0.0
H09P:atp:2019/7557/ms027:MP01,Brandon Holt,Gatineau,2019-07-15,R32,Challenger main draw,2019,2019-21,Result + serve/return totals,True,True,True,False,False,True,False,False,False,False,0.553,0.0,0.0,0.0,0.0,0.0,0.0,0.0
H09P:atp:2019/7557/ms054:AC84,Brandon Holt,Gatineau,2019-07-15,R64,Challenger main draw,2019,2019-21,Result + serve/return totals,True,True,False,False,False,True,False,False,False,False,0.553,0.0,0.0,0.0,0.0,0.0,0.0,0.0
H09P:atp:2019/877/ms029:D916,Brandon Holt,Granby,2019-07-22,R32,Challenger main draw,2019,2019-21,Result + serve/return totals,True,True,True,False,False,True,False,False,False,False,0.553,0.0,0.0,0.0,0.0,0.0,0.0,0.0
H09P:atp:2019/877/ms058:D0DP,Brandon Holt,Granby,2019-07-22,R64,Challenger main draw,2019,2019-21,Result + serve/return totals,True,True,True,False,False,True,False,False,False,False,0.553,0.0,0.0,0.0,0.0,0.0,0.0,0.0
H09P:atp:2019/467/ms033:S0DQ,Brandon Holt,Aptos,2019-08-05,R64,Challenger main draw,2019,2019-21,Result + serve/return totals,True,True,False,False,False,True,False,False,False,False,0.553,0.0,0.0,0.0,0.0,0.0,0.0,0.0
H09P:atp:2019/1768/ms016:PL56,Brandon Holt,Tiburon,2019-09-23,R32,Challenger main draw,2019,2019-21,Result + serve/return totals,True,True,True,False,False,True,False,False,False,False,0.553,0.0,0.0,0.0,0.0,0.0,0.0,0.0
H09P:atp:2019/1768/ms033:SL09,Brandon Holt,Tiburon,2019-09-23,R64,Challenger main draw,2019,2019-21,Result + serve/return totals,True,True,True,False,False,True,False,False,False,False,0.553,0.0,0.0,0.0,0.0,0.0,0.0,0.0
H09P:atp:2019/7339/ms020:DA81,Brandon Holt,Fairfield,2019-10-07,R32,Challenger main draw,2019,2019-21,Result + serve/return totals,True,True,False,False,True,False,False,False,False,False,0.553,0.0,0.0,0.0,0.0,0.0,0.0,0.0
H09P:atp:2019/7339/ms041:AC84,Brandon Holt,Fairfield,2019-10-07,R64,Challenger main draw,2019,2019-21,Result + serve/return totals,True,True,False,False,True,False,False,False,False,False,0.553,0.0,0.0,0.0,0.0,0.0,0.0,0.0
H09P:atp:2019/8349/ms007:AE14,Brandon Holt,M25 Malibu,2019-11-04,QF,ITF main draw,2019,2019-21,"Result, no statistics",True,True,False,False,True,False,False,False,False,False,0.0,0.0,0.0,0.0,0.0,0.0,0.0,0.0
H09P:atp:2019/8349/ms014:RC93,Brandon Holt,M25 Malibu,2019-11-04,R16,ITF main draw,2019,2019-21,"Result, no statistics",True,True,False,False,True,False,False,False,False,False,0.0,0.0,0.0,0.0,0.0,0.0,0.0,0.0
H09P:atp:2019/8349/ms029:SY72,Brandon Holt,M25 Malibu,2019-11-04,R32,ITF main draw,2019,2019-21,"Result, no statistics",True,True,False,False,True,False,False,False,False,False,0.0,0.0,0.0,0.0,0.0,0.0,0.0,0.0
H09P:atp:2019/9134/ms020:GC88,Brandon Holt,Houston,2019-11-11,R32,Challenger main draw,2019,2019-21,Result + serve/return totals,True,True,False,False,True,False,False,False,False,False,0.553,0.0,0.0,0.0,0.0,0.0,0.0,0.0
H09P:atp:2019/9134/ms041:SQ79,Brandon Holt,Houston,2019-11-11,R64,Challenger main draw,2019,2019-21,Result + serve/return totals,True,True,False,False,True,False,False,False,False,False,0.553,0.0,0.0,0.0,0.0,0.0,0.0,0.0
H09P:atp:2020/8130/ms003:RC04,Brandon Holt,M25 Los Angeles,2020-01-06,SF,ITF main draw,2020,2019-21,"Result, no statistics",True,True,True,False,False,True,False,False,False,False,0.0,0.0,0.0,0.0,0.0,0.0,0.0,0.0
H09P:atp:2020/8130/ms007:BU54,Brandon Holt,M25 Los Angeles,2020-01-06,QF,ITF main draw,2020,2019-21,"Result, no statistics",True,True,True,False,False,True,False,False,False,False,0.0,0.0,0.0,0.0,0.0,0.0,0.0,0.0
H09P:atp:2020/8130/ms014:SL07,Brandon Holt,M25 Los Angeles,2020-01-06,R16,ITF main draw,2020,2019-21,"Result, no statistics",True,True,True,False,False,True,False,False,False,False,0.0,0.0,0.0,0.0,0.0,0.0,0.0,0.0
H09P:atp:2020/8130/ms029:HF80,Brandon Holt,M25 Los Angeles,2020-01-06,R32,ITF main draw,2020,2019-21,"Result, no statistics",True,True,False,False,True,False,False,False,False,False,0.0,0.0,0.0,0.0,0.0,0.0,0.0,0.0
H09P:atp:2020/8132/ms013:BU54,Brandon Holt,M25 Rancho Santa Fe,2020-01-13,R16,ITF main draw,2020,2019-21,"Result, no statistics",True,True,True,False,False,True,False,False,False,False,0.0,0.0,0.0,0.0,0.0,0.0,0.0,0.0
H09P:atp:2020/8132/ms026:V620,Brandon Holt,M25 Rancho Santa Fe,2020-01-13,R32,ITF main draw,2020,2019-21,"Result, no statistics",True,True,True,False,False,True,False,False,False,False,0.0,0.0,0.0,0.0,0.0,0.0,0.0,0.0
H09P:atp:2020/7851/ms053:K0AH,Brandon Holt,Indian Wells,2020-03-02,R64,Challenger main draw,2020,2019-21,Result + serve/return totals,True,True,True,False,False,True,False,False,False,False,0.553,0.0,0.0,0.0,0.0,0.0,0.0,0.0
H09P:atp:2020/8366/ms002:GK06,Brandon Holt,M15 Fayetteville,2020-11-02,SF,ITF main draw,2020,2019-21,"Result, no statistics",True,True,False,False,True,False,False,False,False,False,0.0,0.0,0.0,0.0,0.0,0.0,0.0,0.0
H09P:atp:2020/8366/ms005:K0A3,Brandon Holt,M15 Fayetteville,2020-11-02,QF,ITF main draw,2020,2019-21,"Result, no statistics",True,True,False,False,True,False,False,False,False,False,0.0,0.0,0.0,0.0,0.0,0.0,0.0,0.0
H09P:atp:2020/8366/ms011:BO03,Brandon Holt,M15 Fayetteville,2020-11-02,R16,ITF main draw,2020,2019-21,"Result, no statistics",False,False,False,False,True,False,False,False,False,False,0.0,0.0,0.0,0.0,0.0,0.0,0.0,0.0
H09P:atp:2020/8366/ms023:PH67,Brandon Holt,M15 Fayetteville,2020-11-02,R32,ITF main draw,2020,2019-21,"Result, no statistics",True,True,False,False,True,False,False,False,False,False,0.0,0.0,0.0,0.0,0.0,0.0,0.0,0.0
H09P:atp:2020/9152/ms025:S0K7,Brandon Holt,Orlando,2020-11-16,R32,Challenger main draw,2020,2019-21,Result + serve/return totals,True,True,True,False,False,True,False,False,False,False,0.553,0.0,0.0,0.0,0.0,0.0,0.0,0.0
H09P:atp:2021/8130/ms012:HB05,Brandon Holt,M25 Naples,2021-02-15,R16,ITF main draw,2021,2019-21,"Result, no statistics",True,True,True,False,False,True,False,False,False,False,0.0,0.0,0.0,0.0,0.0,0.0,0.0,0.0
H09P:atp:2021/8130/ms025:AD49,Brandon Holt,M25 Naples,2021-02-15,R32,ITF main draw,2021,2019-21,"Result, no statistics",True,True,True,False,False,True,False,False,False,False,0.0,0.0,0.0,0.0,0.0,0.0,0.0,0.0
H09P:atp:2021/7328/ms023:S0K7,Brandon Holt,M15 Monastir,2021-04-26,R32,ITF main draw,2021,2019-21,"Result, no statistics",True,True,True,False,False,True,False,False,False,False,0.0,0.0,0.0,0.0,0.0,0.0,0.0,0.0
H09P:atp:2021/7356/ms010:P0B2,Brandon Holt,M15 Monastir,2021-05-03,R16,ITF main draw,2021,2019-21,"Result, no statistics",True,True,True,False,False,True,False,False,False,False,0.0,0.0,0.0,0.0,0.0,0.0,0.0,0.0
H09P:atp:2021/7356/ms020:CH90,Brandon Holt,M15 Monastir,2021-05-03,R32,ITF main draw,2021,2019-21,"Result, no statistics",True,True,True,False,False,True,False,False,False,False,0.0,0.0,0.0,0.0,0.0,0.0,0.0,0.0
H09P:atp:2021/7381/ms014:RH59,Brandon Holt,M15 Monastir,2021-05-10,R16,ITF main draw,2021,2019-21,"Result, no statistics",True,True,True,False,False,True,False,False,False,False,0.0,0.0,0.0,0.0,0.0,0.0,0.0,0.0
H09P:atp:2021/7381/ms029:P0B2,Brandon Holt,M15 Monastir,2021-05-10,R32,ITF main draw,2021,2019-21,"Result, no statistics",True,True,True,False,False,True,False,False,False,False,0.0,0.0,0.0,0.0,0.0,0.0,0.0,0.0
H09P:atp:2021/7383/ms018:P0B6,Brandon Holt,M15 Monastir,2021-05-17,R32,ITF main draw,2021,2019-21,"Result, no statistics",True,True,False,False,True,False,False,False,False,False,0.0,0.0,0.0,0.0,0.0,0.0,0.0,0.0
H09P:atp:2022/8196/ms001:K0EM,Brandon Holt,M15 Cancun,2022-01-17,F,ITF main draw,2022,2022-23,"Result, no statistics",True,True,False,False,True,False,False,False,False,False,0.0,0.0,0.0,0.0,0.0,0.0,0.0,0.0
H09P:atp:2022/8196/ms002:SX77,Brandon Holt,M15 Cancun,2022-01-17,SF,ITF main draw,2022,2022-23,"Result, no statistics",True,True,False,False,True,False,False,False,False,False,0.0,0.0,0.0,0.0,0.0,0.0,0.0,0.0
H09P:atp:2022/8196/ms005:K0CJ,Brandon Holt,M15 Cancun,2022-01-17,QF,ITF main draw,2022,2022-23,"Result, no statistics",True,True,False,False,True,False,False,False,False,False,0.0,0.0,0.0,0.0,0.0,0.0,0.0,0.0
H09P:atp:2022/8196/ms010:SZ28,Brandon Holt,M15 Cancun,2022-01-17,R16,ITF main draw,2022,2022-23,"Result, no statistics",True,True,False,False,True,False,False,False,False,False,0.0,0.0,0.0,0.0,0.0,0.0,0.0,0.0
H09P:atp:2022/8196/ms021:BU53,Brandon Holt,M15 Cancun,2022-01-17,R32,ITF main draw,2022,2022-23,"Result, no statistics",True,True,False,False,True,False,False,False,False,False,0.0,0.0,0.0,0.0,0.0,0.0,0.0,0.0
H09P:atp:2022/8209/ms001:PE42,Brandon Holt,M15 Cancun,2022-01-24,F,ITF main draw,2022,2022-23,"Result, no statistics",True,True,True,False,False,True,False,False,False,False,0.0,0.0,0.0,0.0,0.0,0.0,0.0,0.0
H09P:atp:2022/8209/ms003:RH79,Brandon Holt,M15 Cancun,2022-01-24,SF,ITF main draw,2022,2022-23,"Result, no statistics",True,True,True,False,False,True,False,False,False,False,0.0,0.0,0.0,0.0,0.0,0.0,0.0,0.0
H09P:atp:2022/8209/ms007:GB41,Brandon Holt,M15 Cancun,2022-01-24,QF,ITF main draw,2022,2022-23,"Result, no statistics",True,True,False,False,True,False,False,False,False,False,0.0,0.0,0.0,0.0,0.0,0.0,0.0,0.0
H09P:atp:2022/8209/ms015:SX77,Brandon Holt,M15 Cancun,2022-01-24,R16,ITF main draw,2022,2022-23,"Result, no statistics",True,True,False,False,True,False,False,False,False,False,0.0,0.0,0.0,0.0,0.0,0.0,0.0,0.0
H09P:atp:2022/8209/ms031:BH02,Brandon Holt,M15 Cancun,2022-01-24,R32,ITF main draw,2022,2022-23,"Result, no statistics",True,True,False,False,True,False,False,False,False,False,0.0,0.0,0.0,0.0,0.0,0.0,0.0,0.0
H09P:atp:2022/8221/ms001:RH79,Brandon Holt,M15 Cancun,2022-01-31,F,ITF main draw,2022,2022-23,"Result, no statistics",True,True,True,False,False,True,False,False,False,False,0.0,0.0,0.0,0.0,0.0,0.0,0.0,0.0
H09P:atp:2022/8221/ms003:A0GC,Brandon Holt,M15 Cancun,2022-01-31,SF,ITF main draw,2022,2022-23,"Result, no statistics",True,True,True,False,False,True,False,False,False,False,0.0,0.0,0.0,0.0,0.0,0.0,0.0,0.0
H09P:atp:2022/8221/ms007:BP44,Brandon Holt,M15 Cancun,2022-01-31,QF,ITF main draw,2022,2022-23,"Result, no statistics",True,True,True,False,False,True,False,False,False,False,0.0,0.0,0.0,0.0,0.0,0.0,0.0,0.0
H09P:atp:2022/8221/ms014:Z09K,Brandon Holt,M15 Cancun,2022-01-31,R16,ITF main draw,2022,2022-23,"Result, no statistics",True,True,True,False,False,True,False,False,False,False,0.0,0.0,0.0,0.0,0.0,0.0,0.0,0.0
H09P:atp:2022/8221/ms029:K0CJ,Brandon Holt,M15 Cancun,2022-01-31,R32,ITF main draw,2022,2022-23,"Result, no statistics",True,True,True,False,False,True,False,False,False,False,0.0,0.0,0.0,0.0,0.0,0.0,0.0,0.0
H09P:atp:2022/7468/ms003:H0BH,Brandon Holt,M25 Santo Domingo,2022-02-28,SF,ITF main draw,2022,2022-23,"Result, no statistics",True,True,True,False,False,True,False,False,False,False,0.0,0.0,0.0,0.0,0.0,0.0,0.0,0.0
H09P:atp:2022/7468/ms006:K0AZ,Brandon Holt,M25 Santo Domingo,2022-02-28,QF,ITF main draw,2022,2022-23,"Result, no statistics",True,True,True,False,False,True,False,False,False,False,0.0,0.0,0.0,0.0,0.0,0.0,0.0,0.0
H09P:atp:2022/7468/ms012:PF65,Brandon Holt,M25 Santo Domingo,2022-02-28,R16,ITF main draw,2022,2022-23,"Result, no statistics",True,True,True,False,False,True,False,False,False,False,0.0,0.0,0.0,0.0,0.0,0.0,0.0,0.0
H09P:atp:2022/7468/ms025:LA54,Brandon Holt,M25 Santo Domingo,2022-02-28,R32,ITF main draw,2022,2022-23,"Result, no statistics",True,True,True,False,False,True,False,False,False,False,0.0,0.0,0.0,0.0,0.0,0.0,0.0,0.0
H09P:atp:2022/404/qs032:MH30,Brandon Holt,ATP Masters 1000 Indian Wells,2022-03-07,Q1,Tour qualifying,2022,2022-23,Result + serve/return totals,True,True,False,False,False,True,False,False,False,False,0.0,0.0,0.0,0.0,0.0,0.0,0.0,0.0
H09P:atp:2022/8151/ms021:A0B6,Brandon Holt,"M25 Bakersfield, CA",2022-03-14,R32,ITF main draw,2022,2022-23,"Result, no statistics",True,True,False,False,True,False,False,False,False,False,0.0,0.0,0.0,0.0,0.0,0.0,0.0,0.0
H09P:atp:2022/8162/ms017:CO07,Brandon Holt,"M25 Calabasas, CA",2022-03-21,R32,ITF main draw,2022,2022-23,"Result, no statistics",True,True,False,False,True,False,False,False,False,False,0.0,0.0,0.0,0.0,0.0,0.0,0.0,0.0
H09P:atp:2022/59/ms023:RC04,Brandon Holt,Salinas,2022-04-04,R32,Challenger main draw,2022,2022-23,Result + serve/return totals,True,True,False,False,True,False,False,False,False,False,0.553,0.0,0.0,0.0,0.0,0.0,0.0,0.0
H09P:atp:2022/59/qs011:HG90,Brandon Holt,Salinas,2022-04-04,Q2,Challenger qualifying,2022,2022-23,Result + serve/return totals,True,True,False,False,True,False,False,False,False,False,0.336,0.0,0.0,0.0,0.0,0.0,0.0,0.0
H09P:atp:2022/59/qs022:C0L3,Brandon Holt,Salinas,2022-04-04,Q1,Challenger qualifying,2022,2022-23,Result + serve/return totals,True,True,False,False,True,False,False,False,False,False,0.336,0.0,0.0,0.0,0.0,0.0,0.0,0.0
H09P:atp:2022/3839/ms019:M0FA,Brandon Holt,M25 Nottingham,2022-04-11,R32,ITF main draw,2022,2022-23,"Result, no statistics",True,True,False,False,True,False,False,False,False,False,0.0,0.0,0.0,0.0,0.0,0.0,0.0,0.0
H09P:atp:2022/9840/ms001:P0G6,Brandon Holt,M25 Nottingham,2022-04-18,F,ITF main draw,2022,2022-23,"Result, no statistics",True,True,True,False,False,True,False,False,False,False,0.0,0.0,0.0,0.0,0.0,0.0,0.0,0.0
H09P:atp:2022/9840/ms002:PF65,Brandon Holt,M25 Nottingham,2022-04-18,SF,ITF main draw,2022,2022-23,"Result, no statistics",True,True,True,False,False,True,False,False,False,False,0.0,0.0,0.0,0.0,0.0,0.0,0.0,0.0
H09P:atp:2022/9840/ms004:MI01,Brandon Holt,M25 Nottingham,2022-04-18,QF,ITF main draw,2022,2022-23,"Result, no statistics",True,True,False,False,True,False,False,False,False,False,0.0,0.0,0.0,0.0,0.0,0.0,0.0,0.0
H09P:atp:2022/9840/ms009:MG08,Brandon Holt,M25 Nottingham,2022-04-18,R16,ITF main draw,2022,2022-23,"Result, no statistics",True,True,False,False,True,False,False,False,False,False,0.0,0.0,0.0,0.0,0.0,0.0,0.0,0.0
H09P:atp:2022/9840/ms019:H0DC,Brandon Holt,M25 Nottingham,2022-04-18,R32,ITF main draw,2022,2022-23,"Result, no statistics",True,True,False,False,True,False,False,False,False,False,0.0,0.0,0.0,0.0,0.0,0.0,0.0,0.0
H09P:atp:2022/8264/ms001:KJ00,Brandon Holt,M15 Cancun,2022-05-23,F,ITF main draw,2022,2022-23,"Result, no statistics",True,True,True,False,False,True,False,False,False,False,0.0,0.0,0.0,0.0,0.0,0.0,0.0,0.0
H09P:atp:2022/8264/ms002:B0I0,Brandon Holt,M15 Cancun,2022-05-23,SF,ITF main draw,2022,2022-23,"Result, no statistics",True,True,True,False,False,True,False,False,False,False,0.0,0.0,0.0,0.0,0.0,0.0,0.0,0.0
H09P:atp:2022/8264/ms004:BK09,Brandon Holt,M15 Cancun,2022-05-23,QF,ITF main draw,2022,2022-23,"Result, no statistics",True,True,True,False,False,True,False,False,False,False,0.0,0.0,0.0,0.0,0.0,0.0,0.0,0.0
H09P:atp:2022/8264/ms008:R835,Brandon Holt,M15 Cancun,2022-05-23,R16,ITF main draw,2022,2022-23,"Result, no statistics",True,True,True,False,False,True,False,False,False,False,0.0,0.0,0.0,0.0,0.0,0.0,0.0,0.0
H09P:atp:2022/8264/ms016:RH88,Brandon Holt,M15 Cancun,2022-05-23,R32,ITF main draw,2022,2022-23,"Result, no statistics",True,True,True,False,False,True,False,False,False,False,0.0,0.0,0.0,0.0,0.0,0.0,0.0,0.0
H09P:atp:2022/9188/ms006:KB95,Brandon Holt,Little Rock,2022-05-30,QF,Challenger main draw,2022,2022-23,Result + serve/return totals,True,True,False,False,False,True,False,False,False,False,0.553,0.0,0.0,0.0,0.0,0.0,0.0,0.0
H09P:atp:2022/9188/ms012:H0BH,Brandon Holt,Little Rock,2022-05-30,R16,Challenger main draw,2022,2022-23,Result + serve/return totals,True,True,False,False,False,True,False,False,False,False,0.553,0.0,0.0,0.0,0.0,0.0,0.0,0.0
H09P:atp:2022/9188/ms025:HB29,Brandon Holt,Little Rock,2022-05-30,R32,Challenger main draw,2022,2022-23,Result + serve/return totals,True,True,False,False,False,True,False,False,False,False,0.553,0.0,0.0,0.0,0.0,0.0,0.0,0.0
H09P:atp:2022/9152/ms008:W09G,Brandon Holt,Orlando,2022-06-06,R16,Challenger main draw,2022,2022-23,Result + serve/return totals,True,True,False,False,False,True,False,False,False,False,0.553,0.0,0.0,0.0,0.0,0.0,0.0,0.0
H09P:atp:2022/9152/ms017:KI48,Brandon Holt,Orlando,2022-06-06,R32,Challenger main draw,2022,2022-23,Result + serve/return totals,True,True,False,False,False,True,False,False,False,False,0.553,0.0,0.0,0.0,0.0,0.0,0.0,0.0
H09P:atp:2022/530/ms001:S0K7,Brandon Holt,"M15 Los Angeles, CA",2022-06-27,F,ITF main draw,2022,2022-23,"Result, no statistics",True,True,False,False,True,False,False,False,False,False,0.0,0.0,0.0,0.0,0.0,0.0,0.0,0.0
H09P:atp:2022/530/ms002:BP44,Brandon Holt,"M15 Los Angeles, CA",2022-06-27,SF,ITF main draw,2022,2022-23,"Result, no statistics",True,True,False,False,True,False,False,False,False,False,0.0,0.0,0.0,0.0,0.0,0.0,0.0,0.0
H09P:atp:2022/530/ms004:A0B6,Brandon Holt,"M15 Los Angeles, CA",2022-06-27,QF,ITF main draw,2022,2022-23,"Result, no statistics",True,True,False,False,True,False,False,False,False,False,0.0,0.0,0.0,0.0,0.0,0.0,0.0,0.0
H09P:atp:2022/530/ms008:V0DP,Brandon Holt,"M15 Los Angeles, CA",2022-06-27,R16,ITF main draw,2022,2022-23,"Result, no statistics",True,True,True,False,False,True,False,False,False,False,0.0,0.0,0.0,0.0,0.0,0.0,0.0,0.0
H09P:atp:2022/530/ms016:N762,Brandon Holt,"M15 Los Angeles, CA",2022-06-27,R32,ITF main draw,2022,2022-23,"Result, no statistics",True,True,True,False,False,True,False,False,False,False,0.0,0.0,0.0,0.0,0.0,0.0,0.0,0.0
H09P:atp:2022/315/qs005:BI23,Brandon Holt,Newport,2022-07-11,Q2,Tour qualifying,2022,2022-23,Result + serve/return totals,True,True,False,False,True,False,False,False,False,False,0.0,0.0,0.0,0.0,0.0,0.0,0.0,0.0
H09P:atp:2022/315/qs011:BO10,Brandon Holt,Newport,2022-07-11,Q1,Tour qualifying,2022,2022-23,Result + serve/return totals,True,True,False,False,True,False,False,False,False,False,0.0,0.0,0.0,0.0,0.0,0.0,0.0,0.0
H09P:atp:2022/2783/ms022:S0RE,Brandon Holt,Indianapolis,2022-07-18,R32,Challenger main draw,2022,2022-23,Result + serve/return totals,True,True,False,False,True,False,False,False,False,False,0.553,0.0,0.0,0.0,0.0,0.0,0.0,0.0
H09P:atp:2022/2783/qs010:D0DP,Brandon Holt,Indianapolis,2022-07-18,Q2,Challenger qualifying,2022,2022-23,Result + serve/return totals,True,True,False,False,True,False,False,False,False,False,0.336,0.0,0.0,0.0,0.0,0.0,0.0,0.0
H09P:atp:2022/2783/qs020:B0D6,Brandon Holt,Indianapolis,2022-07-18,Q1,Challenger qualifying,2022,2022-23,Result + serve/return totals,True,True,False,False,True,False,False,False,False,False,0.336,0.0,0.0,0.0,0.0,0.0,0.0,0.0
H09P:atp:2022/7542/ms019:W857,Brandon Holt,Winnipeg,2022-07-25,R32,Challenger main draw,2022,2022-23,Result + serve/return totals,True,True,False,False,True,False,False,False,False,False,0.553,0.0,0.0,0.0,0.0,0.0,0.0,0.0
H09P:atp:2022/586/ms013:N0AL,Brandon Holt,Lexington,2022-08-01,R16,Challenger main draw,2022,2022-23,Result + serve/return totals,True,True,False,False,False,True,False,False,False,False,0.553,0.0,0.0,0.0,0.0,0.0,0.0,0.0
H09P:atp:2022/586/ms026:SZ28,Brandon Holt,Lexington,2022-08-01,R32,Challenger main draw,2022,2022-23,Result + serve/return totals,True,True,False,False,True,False,False,False,False,False,0.553,0.0,0.0,0.0,0.0,0.0,0.0,0.0
H09P:atp:2022/2797/ms014:BI23,Brandon Holt,Chicago,2022-08-08,R16,Challenger main draw,2022,2022-23,Result + serve/return totals,True,True,False,False,False,True,False,False,False,False,0.553,0.0,0.0,0.0,0.0,0.0,0.0,0.0
H09P:atp:2022/2797/ms029:RC04,Brandon Holt,Chicago,2022-08-08,R32,Challenger main draw,2022,2022-23,Result + serve/return totals,True,True,False,False,False,True,False,False,False,False,0.553,0.0,0.0,0.0,0.0,0.0,0.0,0.0
H09P:atp:2022/2797/qs009:D0D4,Brandon Holt,Chicago,2022-08-08,Q2,Challenger qualifying,2022,2022-23,Result + serve/return totals,True,True,False,False,False,True,False,False,False,False,0.336,0.0,0.0,0.0,0.0,0.0,0.0,0.0
H09P:atp:2022/2797/qs019:M0NP,Brandon Holt,Chicago,2022-08-08,Q1,Challenger qualifying,2022,2022-23,Result + serve/return totals,True,True,False,False,False,True,False,False,False,False,0.336,0.0,0.0,0.0,0.0,0.0,0.0,0.0
H09P:atp:2022/560/ms044:CG04,Brandon Holt,US Open,2022-08-29,R64,Tour main draw,2022,2022-23,Shot-by-shot chart,False,False,True,False,False,True,False,False,False,False,0.98,0.0,0.0,0.0,1.0,1.0,0.0,0.0
H09P:atp:2022/560/ms088:FB98,Brandon Holt,US Open,2022-08-29,R128,Tour main draw,2022,2022-23,Point-by-point sequence,False,True,True,False,False,True,False,False,False,True,0.98,0.0,0.0,0.0,1.0,1.0,0.0,0.0
H09P:atp:2022/560/qs029:KC33,Brandon Holt,US Open,2022-08-29,Q3,Tour qualifying,2022,2022-23,Result + serve/return totals,True,True,True,False,False,True,False,False,False,False,0.16,0.0,0.0,0.0,0.0,0.0,0.38,0.0
H09P:atp:2022/560/qs058:GA36,Brandon Holt,US Open,2022-08-29,Q2,Tour qualifying,2022,2022-23,Result + serve/return totals,True,True,True,False,False,True,False,False,False,False,0.16,0.0,0.0,0.0,0.0,0.0,0.38,0.0
H09P:atp:2022/560/qs117:MP20,Brandon Holt,US Open,2022-08-29,Q1,Tour qualifying,2022,2022-23,Result + serve/return totals,True,True,True,False,False,True,False,False,False,False,0.16,0.0,0.0,0.0,0.0,0.0,0.38,0.0
H09P:atp:2022/9569/ms018:LB66,Brandon Holt,San Diego,2022-09-19,R32,Tour main draw,2022,2022-23,Result + serve/return totals,True,True,True,False,False,True,False,False,False,False,0.954,0.0,0.0,0.0,1.0,1.0,0.0,0.0
H09P:atp:2022/1768/ms016:KB09,Brandon Holt,Tiburon,2022-10-03,R32,Challenger main draw,2022,2022-23,Result + serve/return totals,True,True,False,False,False,True,False,False,False,False,0.553,0.0,0.0,0.0,0.0,0.0,0.0,0.0
H09P:atp:2022/7345/ms005:SL08,Brandon Holt,Las Vegas,2022-10-24,QF,Challenger main draw,2022,2022-23,Result + serve/return totals,True,True,False,False,True,False,False,False,False,False,0.553,0.0,0.0,0.0,0.0,0.0,0.0,0.0
H09P:atp:2022/7345/ms011:K0AZ,Brandon Holt,Las Vegas,2022-10-24,R16,Challenger main draw,2022,2022-23,Result + serve/return totals,True,True,False,False,False,True,False,False,False,False,0.553,0.0,0.0,0.0,0.0,0.0,0.0,0.0
H09P:atp:2022/7345/ms022:V0BO,Brandon Holt,Las Vegas,2022-10-24,R32,Challenger main draw,2022,2022-23,Result + serve/return totals,True,True,False,False,False,True,False,False,False,False,0.553,0.0,0.0,0.0,0.0,0.0,0.0,0.0
H09P:atp:2022/6055/ms012:S0S1,Brandon Holt,Charlottesville,2022-10-31,R16,Challenger main draw,2022,2022-23,Result + serve/return totals,True,True,False,False,True,False,False,False,False,False,0.553,0.0,0.0,0.0,0.0,0.0,0.0,0.0
H09P:atp:2022/6055/ms025:SL08,Brandon Holt,Charlottesville,2022-10-31,R32,Challenger main draw,2022,2022-23,Result + serve/return totals,True,True,False,False,True,False,False,False,False,False,0.553,0.0,0.0,0.0,0.0,0.0,0.0,0.0
H09P:atp:2022/9128/ms028:K0HC,Brandon Holt,Calgary,2022-11-07,R32,Challenger main draw,2022,2022-23,Result + serve/return totals,True,True,False,False,True,False,False,False,False,False,0.553,0.0,0.0,0.0,0.0,0.0,0.0,0.0
H09P:atp:2023/7393/qs016:MP20,Brandon Holt,Canberra,2023-01-02,Q1,Challenger qualifying,2023,2022-23,Result + serve/return totals,True,True,False,False,True,False,True,False,False,False,0.0,0.0,0.0,0.0,0.0,0.0,0.0,0.0
H09P:atp:2023/580/ms061:BD06,Brandon Holt,Australian Open,2023-01-16,R64,Tour main draw,2023,2022-23,Result + serve/return totals,True,True,False,False,True,False,True,False,False,False,0.0,0.0,0.0,0.0,1.0,1.0,0.0,0.0
H09P:atp:2023/580/ms122:V832,Brandon Holt,Australian Open,2023-01-16,R128,Tour main draw,2023,2022-23,Result + serve/return totals,True,True,False,False,True,False,True,False,False,False,0.0,0.0,0.0,0.0,1.0,1.0,0.0,0.0
H09P:atp:2023/580/qs018:TA29,Brandon Holt,Australian Open,2023-01-16,Q3,Tour qualifying,2023,2022-23,Result + serve/return totals,True,True,False,False,True,False,True,False,False,False,0.0,0.0,0.0,0.0,0.0,0.0,0.0,0.0
H09P:atp:2023/580/qs036:E698,Brandon Holt,Australian Open,2023-01-16,Q2,Tour qualifying,2023,2022-23,Result + serve/return totals,True,True,False,False,True,False,True,False,False,False,0.0,0.0,0.0,0.0,0.0,0.0,0.0,0.0
H09P:atp:2023/580/qs072:A829,Brandon Holt,Australian Open,2023-01-16,Q1,Tour qualifying,2023,2022-23,Result + serve/return totals,True,True,False,False,True,False,False,False,False,False,0.0,0.0,0.0,0.0,0.0,0.0,0.0,0.0
H09P:atp:2023/9154/ms012:SL08,Brandon Holt,Cleveland,2023-01-30,R16,Challenger main draw,2023,2022-23,Result + serve/return totals,True,True,False,False,True,False,True,False,False,False,0.0,0.0,0.0,0.0,0.0,0.0,0.0,0.0
H09P:atp:2023/9154/ms024:PL39,Brandon Holt,Cleveland,2023-01-30,R32,Challenger main draw,2023,2022-23,Result + serve/return totals,True,True,False,False,True,False,True,False,False,False,0.0,0.0,0.0,0.0,0.0,0.0,0.0,0.0
H09P:atp:2023/424/ms028:W09G,Brandon Holt,Dallas,2023-02-06,R32,Tour main draw,2023,2022-23,Result + serve/return totals,True,True,True,True,False,True,True,False,False,False,0.0,0.0,0.0,0.0,1.0,1.0,0.0,0.0
H09P:atp:2023/424/qs007:D0F6,Brandon Holt,Dallas,2023-02-06,Q2,Tour qualifying,2023,2022-23,Result + serve/return totals,True,True,False,False,False,True,True,False,False,False,0.0,0.0,0.0,0.0,0.0,0.0,0.0,0.0
H09P:atp:2023/424/qs014:CF10,Brandon Holt,Dallas,2023-02-06,Q1,Tour qualifying,2023,2022-23,Result + serve/return totals,True,True,False,False,False,True,True,False,False,False,0.0,0.0,0.0,0.0,0.0,0.0,0.0,0.0
H09P:atp:2023/499/qs015:W857,Brandon Holt,Delray Beach,2023-02-13,Q1,Tour qualifying,2023,2022-23,Result + serve/return totals,True,True,False,False,False,True,True,False,False,False,0.0,0.0,0.0,0.0,0.0,0.0,0.0,0.0
H09P:atp:2023/7351/ms027:AE14,Brandon Holt,Monterrey,2023-02-20,R32,Challenger main draw,2023,2022-23,Result + serve/return totals,True,True,False,False,False,True,True,False,False,False,0.0,0.0,0.0,0.0,0.0,0.0,0.0,0.0
H09P:atp:2023/807/qs004:DA81,Brandon Holt,Acapulco,2023-02-27,Q2,Tour qualifying,2023,2022-23,Result + serve/return totals,True,True,False,False,False,True,True,False,False,False,0.0,0.0,0.0,0.0,0.0,0.0,0.0,0.0
H09P:atp:2023/807/qs009:E873,Brandon Holt,Acapulco,2023-02-27,Q1,Tour qualifying,2023,2022-23,Result + serve/return totals,True,True,False,False,False,True,True,False,False,False,0.0,0.0,0.0,0.0,0.0,0.0,0.0,0.0
H09P:atp:2023/404/ms065:KD46,Brandon Holt,ATP Masters 1000 Indian Wells,2023-03-06,R128,Tour main draw,2023,2022-23,Result + serve/return totals,True,True,True,True,False,True,True,False,False,False,0.0,0.0,0.0,0.0,1.0,1.0,0.0,0.0
H09P:atp:2023/403/qs033:GH92,Brandon Holt,ATP Masters 1000 Miami,2023-03-20,Q1,Tour qualifying,2023,2022-23,Result + serve/return totals,True,True,False,False,False,True,True,False,False,False,0.0,0.0,0.0,0.0,0.0,0.0,0.0,0.0
H09P:atp:2023/717/qs005:M0FH,Brandon Holt,Houston,2023-04-03,Q2,Tour qualifying,2023,2022-23,Result + serve/return totals,True,True,False,False,False,True,True,False,False,False,0.0,0.0,0.0,0.0,0.0,0.0,0.0,0.0
H09P:atp:2023/717/qs010:H0BH,Brandon Holt,Houston,2023-04-03,Q1,Tour qualifying,2023,2022-23,Result + serve/return totals,True,True,False,False,False,True,True,False,False,False,0.0,0.0,0.0,0.0,0.0,0.0,0.0,0.0
H09P:atp:2023/7288/ms025:D864,Brandon Holt,Seoul,2023-04-24,R32,Challenger main draw,2023,2022-23,Result + serve/return totals,True,True,False,False,False,True,True,False,False,False,0.0,0.0,0.0,0.0,0.0,0.0,0.0,0.0
H09P:atp:2023/7490/ms015:E865,Brandon Holt,Gwangju,2023-05-01,R16,Challenger main draw,2023,2022-23,Result + serve/return totals,True,True,False,False,False,True,True,False,False,False,0.0,0.0,0.0,0.0,0.0,0.0,0.0,0.0
H09P:atp:2023/7490/ms030:I306,Brandon Holt,Gwangju,2023-05-01,R32,Challenger main draw,2023,2022-23,Result + serve/return totals,True,True,False,False,False,True,True,False,False,False,0.0,0.0,0.0,0.0,0.0,0.0,0.0,0.0
H09P:atp:2023/1741/ms003:V832,Brandon Holt,Busan,2023-05-08,SF,Challenger main draw,2023,2022-23,Result + serve/return totals,True,True,False,False,True,False,True,False,False,False,0.0,0.0,0.0,0.0,0.0,0.0,0.0,0.0
H09P:atp:2023/1741/ms006:TC01,Brandon Holt,Busan,2023-05-08,QF,Challenger main draw,2023,2022-23,Result + serve/return totals,True,True,False,False,True,False,True,False,False,False,0.0,0.0,0.0,0.0,0.0,0.0,0.0,0.0
H09P:atp:2023/1741/ms013:SM09,Brandon Holt,Busan,2023-05-08,R16,Challenger main draw,2023,2022-23,Result + serve/return totals,True,True,False,False,False,True,True,False,False,False,0.0,0.0,0.0,0.0,0.0,0.0,0.0,0.0
H09P:atp:2023/1741/ms027:GA36,Brandon Holt,Busan,2023-05-08,R32,Challenger main draw,2023,2022-23,Result + serve/return totals,True,True,False,False,False,True,True,False,False,False,0.0,0.0,0.0,0.0,0.0,0.0,0.0,0.0
H09P:atp:2023/520/qs127:R09X,Brandon Holt,Roland Garros,2023-05-29,Q1,Tour qualifying,2023,2022-23,Result + serve/return totals,True,True,False,False,True,False,True,False,False,False,0.0,0.0,0.0,0.0,0.0,0.0,0.0,0.0
H09P:atp:2023/540/qs078:BU13,Brandon Holt,Wimbledon,2023-07-03,Q1,Tour qualifying,2023,2022-23,Result + serve/return totals,True,True,False,False,True,False,True,False,False,False,0.0,0.0,0.0,0.0,0.0,0.0,0.0,0.0
H09P:atp:2023/418/qs013:S0K7,Brandon Holt,Washington,2023-07-31,Q2,Tour qualifying,2023,2022-23,Result + serve/return totals,True,True,False,False,True,False,True,False,False,False,0.0,0.0,0.0,0.0,0.0,0.0,0.0,0.0
H09P:atp:2023/418/qs026:F0CK,Brandon Holt,Washington,2023-07-31,Q1,Tour qualifying,2023,2022-23,Result + serve/return totals,True,True,False,False,True,False,True,False,False,False,0.0,0.0,0.0,0.0,0.0,0.0,0.0,0.0
H09P:atp:2023/422/qs018:F0F1,Brandon Holt,ATP Masters 1000 Cincinnati,2023-08-14,Q1,Tour qualifying,2023,2022-23,Result + serve/return totals,True,True,False,False,True,False,True,False,False,False,0.0,0.0,0.0,0.0,0.0,0.0,0.0,0.0
H09P:atp:2023/560/qs060:T0A1,Brandon Holt,US Open,2023-08-28,Q2,Tour qualifying,2023,2022-23,Result + serve/return totals,True,True,False,False,True,False,True,False,False,False,0.0,0.0,0.0,0.0,0.0,0.0,0.37,0.0
H09P:atp:2023/560/qs121:RC04,Brandon Holt,US Open,2023-08-28,Q1,Tour qualifying,2023,2022-23,Result + serve/return totals,True,True,False,False,True,False,True,False,False,False,0.0,0.0,0.0,0.0,0.0,0.0,0.37,0.0
H09P:atp:2023/2803/ms013:S0NV,Brandon Holt,Charleston,2023-09-25,R16,Challenger main draw,2023,2022-23,Result + serve/return totals,True,True,False,False,True,False,True,False,False,False,0.0,0.0,0.0,0.0,0.0,0.0,0.0,0.0
H09P:atp:2023/2803/ms027:PD07,Brandon Holt,Charleston,2023-09-25,R32,Challenger main draw,2023,2022-23,Result + serve/return totals,True,True,False,False,True,False,True,False,False,False,0.0,0.0,0.0,0.0,0.0,0.0,0.0,0.0
H09P:atp:2023/1768/qs016:K0DB,Brandon Holt,Tiburon,2023-10-02,Q1,Challenger qualifying,2023,2022-23,Result + serve/return totals,True,True,False,False,False,True,True,False,False,False,0.0,0.0,0.0,0.0,0.0,0.0,0.0,0.0
H09P:atp:2023/7339/ms006:S0K7,Brandon Holt,Fairfield,2023-10-09,QF,Challenger main draw,2023,2022-23,Result + serve/return totals,True,True,False,False,False,True,True,False,False,False,0.0,0.0,0.0,0.0,0.0,0.0,0.0,0.0
H09P:atp:2023/7339/ms012:LI10,Brandon Holt,Fairfield,2023-10-09,R16,Challenger main draw,2023,2022-23,Result + serve/return totals,True,True,False,False,False,True,True,False,False,False,0.0,0.0,0.0,0.0,0.0,0.0,0.0,0.0
H09P:atp:2023/7339/ms024:GK06,Brandon Holt,Fairfield,2023-10-09,R32,Challenger main draw,2023,2022-23,Result + serve/return totals,True,True,False,False,False,True,True,False,False,False,0.0,0.0,0.0,0.0,0.0,0.0,0.0,0.0
H09P:atp:2023/6055/ms007:K0A3,Brandon Holt,Charlottesville,2023-10-30,QF,Challenger main draw,2023,2022-23,Result + serve/return totals,True,True,False,False,False,True,True,False,False,False,0.0,0.0,0.0,0.0,0.0,0.0,0.0,0.0
H09P:atp:2023/6055/ms015:K0DB,Brandon Holt,Charlottesville,2023-10-30,R16,Challenger main draw,2023,2022-23,Result + serve/return totals,True,True,False,False,False,True,True,False,False,False,0.0,0.0,0.0,0.0,0.0,0.0,0.0,0.0
H09P:atp:2023/6055/ms030:GA36,Brandon Holt,Charlottesville,2023-10-30,R32,Challenger main draw,2023,2022-23,Result + serve/return totals,True,True,False,False,False,True,True,False,False,False,0.0,0.0,0.0,0.0,0.0,0.0,0.0,0.0
H09P:atp:2023/363/ms015:SL08,Brandon Holt,Knoxville,2023-11-06,R16,Challenger main draw,2023,2022-23,Result + serve/return totals,True,True,False,False,False,True,True,False,False,False,0.0,0.0,0.0,0.0,0.0,0.0,0.0,0.0
H09P:atp:2023/363/ms031:K0AZ,Brandon Holt,Knoxville,2023-11-06,R32,Challenger main draw,2023,2022-23,Result + serve/return totals,True,True,False,False,False,True,True,False,False,False,0.0,0.0,0.0,0.0,0.0,0.0,0.0,0.0
H09P:atp:2023/637/ms013:D0DW,Brandon Holt,Champaign,2023-11-13,R16,Challenger main draw,2023,2022-23,Result + serve/return totals,True,True,False,True,False,True,True,False,False,False,0.0,0.0,0.0,0.0,0.0,0.0,0.0,0.0
H09P:atp:2023/637/ms026:M0NL,Brandon Holt,Champaign,2023-11-13,R32,Challenger main draw,2023,2022-23,Result + serve/return totals,True,True,False,False,False,True,True,False,False,False,0.0,0.0,0.0,0.0,0.0,0.0,0.0,0.0
H09P:atp:2024/2791/ms007:H09F,Brandon Holt,Nonthaburi 1,2024-01-01,QF,Challenger main draw,2024,2024,Result + serve/return totals,True,True,True,False,False,True,True,False,False,False,0.0,1.0,0.0,0.0,0.0,0.0,0.0,0.0
H09P:atp:2024/2791/ms015:KH56,Brandon Holt,Nonthaburi 1,2024-01-01,R16,Challenger main draw,2024,2024,Result + serve/return totals,True,True,True,False,False,True,True,False,False,False,0.0,1.0,0.0,0.0,0.0,0.0,0.0,0.0
H09P:atp:2024/2791/ms030:T09X,Brandon Holt,Nonthaburi 1,2024-01-01,R32,Challenger main draw,2024,2024,Result + serve/return totals,True,True,True,False,False,True,True,False,False,False,0.0,1.0,0.0,0.0,0.0,0.0,0.0,0.0
H09P:atp:2024/2795/ms007:GH33,Brandon Holt,Nonthaburi 2,2024-01-08,QF,Challenger main draw,2024,2024,Result + serve/return totals,True,True,True,False,False,True,True,False,False,False,0.0,1.0,0.0,0.0,0.0,0.0,0.0,0.0
H09P:atp:2024/2795/ms014:FC49,Brandon Holt,Nonthaburi 2,2024-01-08,R16,Challenger main draw,2024,2024,Result + serve/return totals,True,True,True,False,False,True,True,False,False,False,0.0,1.0,0.0,0.0,0.0,0.0,0.0,0.0
H09P:atp:2024/2795/ms028:HC21,Brandon Holt,Nonthaburi 2,2024-01-08,R32,Challenger main draw,2024,2024,Result + serve/return totals,True,True,True,False,False,True,True,False,False,False,0.0,1.0,0.0,0.0,0.0,0.0,0.0,0.0
H09P:atp:2024/2903/ms001:KC12,Brandon Holt,Indian Wells 1,2024-01-15,F,Challenger main draw,2024,2024,Result + serve/return totals,True,True,False,False,True,False,True,False,False,False,0.0,1.0,0.0,0.0,0.0,0.0,0.0,0.0
H09P:atp:2024/2903/ms003:KD35,Brandon Holt,Indian Wells 1,2024-01-15,SF,Challenger main draw,2024,2024,Result + serve/return totals,True,True,True,False,False,True,True,False,False,False,0.0,1.0,0.0,0.0,0.0,0.0,0.0,0.0
H09P:atp:2024/2903/ms006:CL82,Brandon Holt,Indian Wells 1,2024-01-15,QF,Challenger main draw,2024,2024,Result + serve/return totals,True,True,True,False,False,True,True,False,False,False,0.0,1.0,0.0,0.0,0.0,0.0,0.0,0.0
H09P:atp:2024/2903/ms013:KG27,Brandon Holt,Indian Wells 1,2024-01-15,R16,Challenger main draw,2024,2024,Result + serve/return totals,True,True,True,False,False,True,True,False,False,False,0.0,1.0,0.0,0.0,0.0,0.0,0.0,0.0
H09P:atp:2024/2903/ms027:B0I5,Brandon Holt,Indian Wells 1,2024-01-15,R32,Challenger main draw,2024,2024,Result + serve/return totals,True,True,True,False,False,True,True,False,False,False,0.0,1.0,0.0,0.0,0.0,0.0,0.0,0.0
H09P:atp:2024/2905/ms006:B0I5,Brandon Holt,Indian Wells 2,2024-01-22,QF,Challenger main draw,2024,2024,Result + serve/return totals,True,True,False,False,True,False,True,False,False,False,0.0,1.0,0.0,0.0,0.0,0.0,0.0,0.0
H09P:atp:2024/2905/ms013:K0HN,Brandon Holt,Indian Wells 2,2024-01-22,R16,Challenger main draw,2024,2024,Result + serve/return totals,True,True,False,False,True,False,True,False,False,False,0.0,1.0,0.0,0.0,0.0,0.0,0.0,0.0
H09P:atp:2024/2905/ms027:S0DL,Brandon Holt,Indian Wells 2,2024-01-22,R32,Challenger main draw,2024,2024,Result + serve/return totals,True,True,False,False,True,False,True,False,False,False,0.0,1.0,0.0,0.0,0.0,0.0,0.0,0.0
H09P:atp:2024/424/qs015:ME89,Brandon Holt,Dallas,2024-02-05,Q1,Tour qualifying,2024,2024,Result + serve/return totals,True,True,False,False,True,False,True,False,False,False,0.0,1.0,0.0,0.0,0.0,0.0,0.0,0.0
H09P:atp:2024/499/qs010:KD46,Brandon Holt,Delray Beach,2024-02-12,Q1,Tour qualifying,2024,2024,Result + serve/return totals,True,True,False,False,True,False,True,False,False,False,0.0,1.0,0.0,0.0,0.0,0.0,0.0,0.0
H09P:atp:2024/7480/ms029:K0AZ,Brandon Holt,Los Cabos,2024-02-19,R32,Tour main draw,2024,2024,Result + serve/return totals,True,True,False,False,True,False,True,False,False,False,0.0,1.0,0.0,0.0,1.0,1.0,0.0,0.0
H09P:atp:2024/7480/qs006:WB08,Brandon Holt,Los Cabos,2024-02-19,Q2,Tour qualifying,2024,2024,Result + serve/return totals,True,True,False,False,True,False,True,False,False,False,0.0,1.0,0.0,0.0,0.0,0.0,0.0,0.0
H09P:atp:2024/7480/qs013:A0GC,Brandon Holt,Los Cabos,2024-02-19,Q1,Tour qualifying,2024,2024,Result + serve/return totals,True,True,False,False,True,False,True,False,False,False,0.0,1.0,0.0,0.0,0.0,0.0,0.0,0.0
H09P:atp:2024/807/qs008:C0E9,Brandon Holt,Acapulco,2024-02-26,Q1,Tour qualifying,2024,2024,Result + serve/return totals,True,True,True,False,False,True,True,False,False,False,0.0,1.0,0.0,0.0,0.0,0.0,0.0,0.0
H09P:atp:2024/4573/ms001:L0ER,Brandon Holt,"M25 Bakersfield, CA",2024-03-11,F,ITF main draw,2024,2024,"Result, no statistics",True,True,True,False,False,True,True,False,False,False,0.0,0.0,0.0,0.0,0.0,0.0,0.0,0.0
H09P:atp:2024/4573/ms003:E873,Brandon Holt,"M25 Bakersfield, CA",2024-03-11,SF,ITF main draw,2024,2024,"Result, no statistics",True,True,True,False,False,True,True,False,False,False,0.0,0.0,0.0,0.0,0.0,0.0,0.0,0.0
H09P:atp:2024/4573/ms006:S0TB,Brandon Holt,"M25 Bakersfield, CA",2024-03-11,QF,ITF main draw,2024,2024,"Result, no statistics",True,True,True,False,False,True,True,False,False,False,0.0,0.0,0.0,0.0,0.0,0.0,0.0,0.0
H09P:atp:2024/4573/ms013:C0HT,Brandon Holt,"M25 Bakersfield, CA",2024-03-11,R16,ITF main draw,2024,2024,"Result, no statistics",True,True,True,False,False,True,True,False,False,False,0.0,0.0,0.0,0.0,0.0,0.0,0.0,0.0
H09P:atp:2024/4573/ms027:SY31,Brandon Holt,"M25 Bakersfield, CA",2024-03-11,R32,ITF main draw,2024,2024,"Result, no statistics",True,True,True,False,False,True,True,False,False,False,0.0,0.0,0.0,0.0,0.0,0.0,0.0,0.0
H09P:atp:2024/4592/ms006:B0NN,Brandon Holt,"M25 Calabasas, CA",2024-03-18,QF,ITF main draw,2024,2024,"Result, no statistics",True,True,True,False,False,True,True,False,False,False,0.0,0.0,0.0,0.0,0.0,0.0,0.0,0.0
H09P:atp:2024/4592/ms013:A0I1,Brandon Holt,"M25 Calabasas, CA",2024-03-18,R16,ITF main draw,2024,2024,"Result, no statistics",True,True,True,False,False,True,True,False,False,False,0.0,0.0,0.0,0.0,0.0,0.0,0.0,0.0
H09P:atp:2024/4592/ms027:MW03,Brandon Holt,"M25 Calabasas, CA",2024-03-18,R32,ITF main draw,2024,2024,"Result, no statistics",True,True,True,False,False,True,True,False,False,False,0.0,0.0,0.0,0.0,0.0,0.0,0.0,0.0
H09P:atp:2024/717/qs005:K0A3,Brandon Holt,Houston,2024-04-01,Q2,Tour qualifying,2024,2024,Result + serve/return totals,True,True,True,False,False,True,True,False,False,False,0.0,1.0,0.0,0.0,0.0,0.0,0.0,0.0
H09P:atp:2024/717/qs011:D0DT,Brandon Holt,Houston,2024-04-01,Q1,Tour qualifying,2024,2024,Result + serve/return totals,True,True,True,True,False,True,True,False,False,False,0.0,1.0,0.0,0.0,0.0,0.0,0.0,0.0
H09P:atp:2024/6965/ms008:H09F,Brandon Holt,Guangzhou,2024-04-29,R16,Challenger main draw,2024,2024,Result + serve/return totals,True,True,True,False,False,True,True,False,False,False,0.0,1.0,0.0,0.0,0.0,0.0,0.0,0.0
H09P:atp:2024/6965/ms016:PH71,Brandon Holt,Guangzhou,2024-04-29,R32,Challenger main draw,2024,2024,Result + serve/return totals,True,True,True,False,False,True,True,False,False,False,0.0,1.0,0.0,0.0,0.0,0.0,0.0,0.0
H09P:atp:2024/2921/ms015:S0TI,Brandon Holt,Wuxi,2024-05-06,R16,Challenger main draw,2024,2024,Result + serve/return totals,True,True,True,False,False,True,True,False,False,False,0.0,1.0,0.0,0.0,0.0,0.0,0.0,0.0
H09P:atp:2024/2921/ms030:F0DM,Brandon Holt,Wuxi,2024-05-06,R32,Challenger main draw,2024,2024,Result + serve/return totals,True,True,True,False,False,True,True,False,False,False,0.0,1.0,0.0,0.0,0.0,0.0,0.0,0.0
H09P:atp:2024/2278/ms025:BE90,Brandon Holt,Taipei,2024-05-13,R32,Challenger main draw,2024,2024,Result + serve/return totals,True,True,True,False,False,True,True,False,False,False,0.0,1.0,0.0,0.0,0.0,0.0,0.0,0.0
H09P:atp:2024/9188/ms005:S0NV,Brandon Holt,Little Rock,2024-05-27,QF,Challenger main draw,2024,2024,Result + serve/return totals,True,True,True,False,False,True,True,False,False,False,0.0,1.0,0.0,0.0,0.0,0.0,0.0,0.0
H09P:atp:2024/9188/ms010:HC21,Brandon Holt,Little Rock,2024-05-27,R16,Challenger main draw,2024,2024,Result + serve/return totals,True,True,True,False,False,True,True,False,False,False,0.0,1.0,0.0,0.0,0.0,0.0,0.0,0.0
H09P:atp:2024/9188/ms021:MP13,Brandon Holt,Little Rock,2024-05-27,R32,Challenger main draw,2024,2024,Result + serve/return totals,True,True,True,False,False,True,True,False,False,False,0.0,1.0,0.0,0.0,0.0,0.0,0.0,0.0
H09P:atp:2024/2873/ms001:T0BW,Brandon Holt,Tyler,2024-06-03,F,Challenger main draw,2024,2024,Result + serve/return totals,True,True,False,False,True,False,True,False,False,False,0.0,1.0,0.0,0.0,0.0,0.0,0.0,0.0
H09P:atp:2024/2873/ms002:D0DP,Brandon Holt,Tyler,2024-06-03,SF,Challenger main draw,2024,2024,Result + serve/return totals,True,True,False,False,True,False,True,False,False,False,0.0,1.0,0.0,0.0,0.0,0.0,0.0,0.0
H09P:atp:2024/2873/ms004:GK06,Brandon Holt,Tyler,2024-06-03,QF,Challenger main draw,2024,2024,Result + serve/return totals,True,True,False,False,True,False,True,False,False,False,0.0,1.0,0.0,0.0,0.0,0.0,0.0,0.0
H09P:atp:2024/2873/ms009:KC12,Brandon Holt,Tyler,2024-06-03,R16,Challenger main draw,2024,2024,Result + serve/return totals,True,True,False,False,True,False,True,False,False,False,0.0,1.0,0.0,0.0,0.0,0.0,0.0,0.0
H09P:atp:2024/2873/ms018:TF58,Brandon Holt,Tyler,2024-06-03,R32,Challenger main draw,2024,2024,Result + serve/return totals,True,True,True,False,False,True,True,False,False,False,0.0,1.0,0.0,0.0,0.0,0.0,0.0,0.0
H09P:atp:2024/2883/ms026:KD35,Brandon Holt,Bloomfield Hills,2024-07-01,R32,Challenger main draw,2024,2024,Result + serve/return totals,True,True,False,False,True,False,True,False,False,False,0.0,1.0,0.0,0.0,0.0,0.0,0.0,0.0
H09P:atp:2024/7542/ms007:Y09V,Brandon Holt,Winnipeg,2024-07-08,QF,Challenger main draw,2024,2024,Result + serve/return totals,True,True,False,False,True,False,True,False,False,False,0.0,1.0,0.0,0.0,0.0,0.0,0.0,0.0
H09P:atp:2024/7542/ms015:A0GC,Brandon Holt,Winnipeg,2024-07-08,R16,Challenger main draw,2024,2024,Result + serve/return totals,True,True,False,False,True,False,True,False,False,False,0.0,1.0,0.0,0.0,0.0,0.0,0.0,0.0
H09P:atp:2024/7542/ms030:PH78,Brandon Holt,Winnipeg,2024-07-08,R32,Challenger main draw,2024,2024,Result + serve/return totals,True,True,False,False,True,False,True,False,False,False,0.0,1.0,0.0,0.0,0.0,0.0,0.0,0.0
H09P:atp:2024/877/ms027:BM95,Brandon Holt,Granby,2024-07-15,R32,Challenger main draw,2024,2024,Result + serve/return totals,True,True,False,False,True,False,True,False,False,False,0.0,1.0,0.0,0.0,0.0,0.0,0.0,0.0
H09P:atp:2024/2797/ms004:F0BY,Brandon Holt,Chicago,2024-07-22,QF,Challenger main draw,2024,2024,Result + serve/return totals,True,True,True,False,False,True,True,False,False,False,0.0,1.0,0.0,0.0,0.0,0.0,0.0,0.0
H09P:atp:2024/2797/ms009:PG94,Brandon Holt,Chicago,2024-07-22,R16,Challenger main draw,2024,2024,Result + serve/return totals,True,True,True,False,False,True,True,False,False,False,0.0,1.0,0.0,0.0,0.0,0.0,0.0,0.0
H09P:atp:2024/2797/ms018:F0CK,Brandon Holt,Chicago,2024-07-22,R32,Challenger main draw,2024,2024,Result + serve/return totals,True,True,False,False,True,False,True,False,False,False,0.0,1.0,0.0,0.0,0.0,0.0,0.0,0.0
H09P:atp:2024/586/ms016:G0IX,Brandon Holt,Lexington,2024-07-29,R32,Challenger main draw,2024,2024,Result + serve/return totals,True,True,True,False,False,True,True,False,False,False,0.0,1.0,0.0,0.0,0.0,0.0,0.0,0.0
H09P:atp:2024/422/ms037:F0F1,Brandon Holt,ATP Masters 1000 Cincinnati,2024-08-12,R64,Tour main draw,2024,2024,Result + serve/return totals,True,True,True,False,False,True,True,False,False,False,0.0,1.0,0.0,0.0,1.0,1.0,0.0,0.0
H09P:atp:2024/422/qs011:S0K7,Brandon Holt,ATP Masters 1000 Cincinnati,2024-08-12,Q2,Tour qualifying,2024,2024,Result + serve/return totals,True,True,True,False,False,True,True,False,False,False,0.0,1.0,0.0,0.0,0.0,0.0,0.0,0.0
H09P:atp:2024/422/qs022:L987,Brandon Holt,ATP Masters 1000 Cincinnati,2024-08-12,Q1,Tour qualifying,2024,2024,Result + serve/return totals,True,True,True,False,False,True,True,False,False,False,0.0,1.0,0.0,0.0,0.0,0.0,0.0,0.0
H09P:atp:2024/560/qs082:S0NV,Brandon Holt,US Open,2024-08-26,Q1,Tour qualifying,2024,2024,Result + serve/return totals,True,True,True,False,False,True,True,False,False,False,0.0,1.0,0.0,0.0,0.0,0.0,0.37,0.0
H09P:atp:2024/7345/ms020:M0RE,Brandon Holt,Las Vegas,2024-09-09,R32,Challenger main draw,2024,2024,Result + serve/return totals,True,True,True,False,False,True,True,False,False,False,0.0,1.0,0.0,0.0,0.0,0.0,0.0,0.0
H09P:atp:2024/8281/ms019:B0I0,Brandon Holt,Columbus,2024-09-16,R32,Challenger main draw,2024,2024,Result + serve/return totals,True,True,True,False,False,True,True,False,False,False,0.0,1.0,0.0,0.0,0.0,0.0,0.0,0.0
H09P:atp:2024/2803/ms023:Q02L,Brandon Holt,Charleston,2024-09-23,R32,Challenger main draw,2024,2024,Result + serve/return totals,True,True,True,False,False,True,True,False,False,False,0.0,1.0,0.0,0.0,0.0,0.0,0.0,0.0
H09P:atp:2024/1768/ms009:B0NN,Brandon Holt,Tiburon,2024-09-30,R16,Challenger main draw,2024,2024,Result + serve/return totals,True,True,True,False,False,True,True,False,False,False,0.0,1.0,0.0,0.0,0.0,0.0,0.0,0.0
H09P:atp:2024/1768/ms019:AG08,Brandon Holt,Tiburon,2024-09-30,R32,Challenger main draw,2024,2024,Result + serve/return totals,True,True,True,False,False,True,True,False,False,False,0.0,1.0,0.0,0.0,0.0,0.0,0.0,0.0
H09P:atp:2024/7339/ms002:T0HA,Brandon Holt,Fairfield,2024-10-07,SF,Challenger main draw,2024,2024,Result + serve/return totals,True,True,False,False,True,False,True,False,False,False,0.0,1.0,0.0,0.0,0.0,0.0,0.0,0.0
H09P:atp:2024/7339/ms005:PG20,Brandon Holt,Fairfield,2024-10-07,QF,Challenger main draw,2024,2024,Result + serve/return totals,True,True,True,False,False,True,True,False,False,False,0.0,1.0,0.0,0.0,0.0,0.0,0.0,0.0
H09P:atp:2024/7339/ms011:S0JA,Brandon Holt,Fairfield,2024-10-07,R16,Challenger main draw,2024,2024,Result + serve/return totals,True,True,True,False,False,True,True,False,False,False,0.0,1.0,0.0,0.0,0.0,0.0,0.0,0.0
H09P:atp:2024/7339/ms023:C0HT,Brandon Holt,Fairfield,2024-10-07,R32,Challenger main draw,2024,2024,Result + serve/return totals,True,True,True,False,False,True,True,False,False,False,0.0,1.0,0.0,0.0,0.0,0.0,0.0,0.0
H09P:atp:2024/2951/ms007:GH92,Brandon Holt,Sioux Falls,2024-10-21,QF,Challenger main draw,2024,2024,Result + serve/return totals,True,True,False,False,True,False,True,False,False,False,0.0,1.0,0.0,0.0,0.0,0.0,0.0,0.0
H09P:atp:2024/2951/ms014:S0JA,Brandon Holt,Sioux Falls,2024-10-21,R16,Challenger main draw,2024,2024,Result + serve/return totals,True,True,False,False,True,False,True,False,False,False,0.0,1.0,0.0,0.0,0.0,0.0,0.0,0.0
H09P:atp:2024/2951/ms028:CG94,Brandon Holt,Sioux Falls,2024-10-21,R32,Challenger main draw,2024,2024,Result + serve/return totals,True,True,False,False,True,False,True,False,False,False,0.0,1.0,0.0,0.0,0.0,0.0,0.0,0.0
H09P:atp:2024/6055/ms013:T0BW,Brandon Holt,Charlottesville,2024-10-28,R16,Challenger main draw,2024,2024,Result + serve/return totals,True,True,False,False,True,False,True,False,False,False,0.0,1.0,0.0,0.0,0.0,0.0,0.0,0.0
H09P:atp:2024/6055/ms026:RG42,Brandon Holt,Charlottesville,2024-10-28,R32,Challenger main draw,2024,2024,Result + serve/return totals,True,True,False,False,True,False,True,False,False,False,0.0,1.0,0.0,0.0,0.0,0.0,0.0,0.0
H09P:atp:2024/363/ms008:L0GH,Brandon Holt,Knoxville,2024-11-04,R16,Challenger main draw,2024,2024,Result + serve/return totals,True,True,False,False,True,False,True,False,False,False,0.0,1.0,0.0,0.0,0.0,0.0,0.0,0.0
H09P:atp:2024/363/ms016:W09E,Brandon Holt,Knoxville,2024-11-04,R32,Challenger main draw,2024,2024,Result + serve/return totals,True,True,False,False,True,False,True,False,False,False,0.0,1.0,0.0,0.0,0.0,0.0,0.0,0.0
H09P:atp:2024/7235/ms011:SM88,Brandon Holt,Drummondville,2024-11-11,R16,Challenger main draw,2024,2024,Result + serve/return totals,True,True,True,False,False,True,True,False,False,False,0.0,1.0,0.0,0.0,0.0,0.0,0.0,0.0
H09P:atp:2024/7235/ms023:S0DL,Brandon Holt,Drummondville,2024-11-11,R32,Challenger main draw,2024,2024,Result + serve/return totals,True,True,True,False,False,True,True,False,False,False,0.0,1.0,0.0,0.0,0.0,0.0,0.0,0.0
H09P:atp:2025/7393/qs010:GK06,Brandon Holt,Canberra,2024-12-30,Q2,Challenger qualifying,2024,2024,Result + serve/return totals,True,True,True,False,False,True,True,False,False,False,0.0,1.0,0.0,0.0,0.0,0.0,0.0,0.0
H09P:atp:2025/7393/qs021:H0K0,Brandon Holt,Canberra,2024-12-30,Q1,Challenger qualifying,2024,2024,Result + serve/return totals,True,True,True,False,False,True,True,False,False,False,0.0,1.0,0.0,0.0,0.0,0.0,0.0,0.0
H09P:atp:2025/2801/ms001:KI82,Brandon Holt,Nonthaburi 3,2025-01-13,F,Challenger main draw,2025,2025-26,Result + serve/return totals,True,True,True,False,False,True,True,False,False,False,0.0,1.0,1.0,0.0,0.0,0.0,0.0,0.0
H09P:atp:2025/2801/ms003:T09X,Brandon Holt,Nonthaburi 3,2025-01-13,SF,Challenger main draw,2025,2025-26,Result + serve/return totals,True,True,True,True,False,True,True,False,False,False,0.0,1.0,1.0,0.0,0.0,0.0,0.0,0.0
H09P:atp:2025/2801/ms006:S0K7,Brandon Holt,Nonthaburi 3,2025-01-13,QF,Challenger main draw,2025,2025-26,Result + serve/return totals,True,True,True,False,False,True,True,False,False,False,0.0,1.0,1.0,0.0,0.0,0.0,0.0,0.0
H09P:atp:2025/2801/ms012:W0BH,Brandon Holt,Nonthaburi 3,2025-01-13,R16,Challenger main draw,2025,2025-26,Result + serve/return totals,True,True,True,False,False,True,True,False,False,False,0.0,1.0,1.0,0.0,0.0,0.0,0.0,0.0
H09P:atp:2025/2801/ms025:TB70,Brandon Holt,Nonthaburi 3,2025-01-13,R32,Challenger main draw,2025,2025-26,Result + serve/return totals,True,True,True,False,False,True,True,False,False,False,0.0,1.0,1.0,0.0,0.0,0.0,0.0,0.0
H09P:atp:2025/580/qs045:MK66,Brandon Holt,Australian Open,2025-01-13,Q2,Tour qualifying,2025,2025-26,Result + serve/return totals,True,True,True,False,False,True,True,False,False,False,0.0,1.0,0.0,0.0,0.0,0.0,0.0,0.0
H09P:atp:2025/580/qs090:ML57,Brandon Holt,Australian Open,2025-01-13,Q1,Tour qualifying,2025,2025-26,Result + serve/return totals,True,True,True,False,False,True,True,False,False,False,0.0,1.0,0.0,0.0,0.0,0.0,0.0,0.0
H09P:atp:2025/9154/ms009:Z0AK,Brandon Holt,Cleveland,2025-01-27,R16,Challenger main draw,2025,2025-26,"Result, no statistics",False,False,False,False,False,True,False,False,False,False,0.0,1.0,1.0,0.0,0.0,0.0,0.0,0.0
H09P:atp:2025/9154/ms019:I0AP,Brandon Holt,Cleveland,2025-01-27,R32,Challenger main draw,2025,2025-26,Result + serve/return totals,True,True,True,False,False,True,True,False,False,False,0.0,1.0,1.0,0.0,0.0,0.0,0.0,0.0
H09P:atp:2025/424/ms025:DH50,Brandon Holt,Dallas,2025-02-03,R32,Tour main draw,2025,2025-26,Result + serve/return totals,True,True,False,False,True,False,True,False,False,False,0.0,1.0,1.0,0.0,1.0,1.0,0.0,1.0
H09P:atp:2025/424/qs007:S0DL,Brandon Holt,Dallas,2025-02-03,Q2,Tour qualifying,2025,2025-26,Result + serve/return totals,True,True,False,False,True,False,True,False,False,False,0.0,1.0,1.0,0.0,0.0,0.0,0.0,1.0
H09P:atp:2025/424/qs015:KC12,Brandon Holt,Dallas,2025-02-03,Q1,Tour qualifying,2025,2025-26,Result + serve/return totals,True,True,True,False,False,True,True,False,False,False,0.0,1.0,1.0,0.0,0.0,0.0,0.0,1.0
H09P:atp:2025/9635/ms003:VA08,Brandon Holt,Manama,2025-02-10,SF,Challenger main draw,2025,2025-26,Result + serve/return totals,True,True,False,False,True,False,True,False,False,False,0.0,1.0,1.0,0.0,0.0,0.0,0.0,0.0
H09P:atp:2025/9635/ms007:A0GC,Brandon Holt,Manama,2025-02-10,QF,Challenger main draw,2025,2025-26,Result + serve/return totals,True,True,False,False,True,False,True,False,False,False,0.0,1.0,1.0,0.0,0.0,0.0,0.0,0.0
H09P:atp:2025/9635/ms015:E687,Brandon Holt,Manama,2025-02-10,R16,Challenger main draw,2025,2025-26,Result + serve/return totals,True,True,False,False,True,False,True,False,False,False,0.0,1.0,1.0,0.0,0.0,0.0,0.0,0.0
H09P:atp:2025/9635/ms031:K09F,Brandon Holt,Manama,2025-02-10,R32,Challenger main draw,2025,2025-26,Result + serve/return totals,True,True,False,False,True,False,True,False,False,False,0.0,1.0,1.0,0.0,0.0,0.0,0.0,0.0
H09P:atp:2025/7100/ms001:S0GD,Brandon Holt,Pune,2025-02-17,F,Challenger main draw,2025,2025-26,Result + serve/return totals,True,True,False,False,True,False,True,False,False,False,0.0,1.0,1.0,0.0,0.0,0.0,0.0,0.0
H09P:atp:2025/7100/ms002:GK06,Brandon Holt,Pune,2025-02-17,SF,Challenger main draw,2025,2025-26,Result + serve/return totals,True,True,False,False,True,False,True,False,False,False,0.0,1.0,1.0,0.0,0.0,0.0,0.0,0.0
H09P:atp:2025/7100/ms004:HD68,Brandon Holt,Pune,2025-02-17,QF,Challenger main draw,2025,2025-26,Result + serve/return totals,True,True,False,False,True,False,False,False,False,False,0.0,1.0,1.0,0.0,0.0,0.0,0.0,0.0
H09P:atp:2025/7100/ms009:G0GW,Brandon Holt,Pune,2025-02-17,R16,Challenger main draw,2025,2025-26,Result + serve/return totals,True,True,False,False,True,False,True,False,False,False,0.0,1.0,1.0,0.0,0.0,0.0,0.0,0.0
H09P:atp:2025/7100/ms019:S0W8,Brandon Holt,Pune,2025-02-17,R32,Challenger main draw,2025,2025-26,Result + serve/return totals,True,True,False,False,True,False,True,False,False,False,0.0,1.0,1.0,0.0,0.0,0.0,0.0,0.0
H09P:atp:2025/7808/ms001:M0HU,Brandon Holt,Bengaluru,2025-02-24,F,Challenger main draw,2025,2025-26,Result + serve/return totals,True,True,True,False,False,True,True,False,False,False,0.0,1.0,1.0,0.0,0.0,0.0,0.0,0.0
H09P:atp:2025/7808/ms003:HD68,Brandon Holt,Bengaluru,2025-02-24,SF,Challenger main draw,2025,2025-26,Result + serve/return totals,True,True,True,False,False,True,True,False,False,False,0.0,1.0,1.0,0.0,0.0,0.0,0.0,0.0
H09P:atp:2025/7808/ms006:B0LQ,Brandon Holt,Bengaluru,2025-02-24,QF,Challenger main draw,2025,2025-26,Result + serve/return totals,True,True,True,False,False,True,True,False,False,False,0.0,1.0,1.0,0.0,0.0,0.0,0.0,0.0
H09P:atp:2025/7808/ms013:TA46,Brandon Holt,Bengaluru,2025-02-24,R16,Challenger main draw,2025,2025-26,Result + serve/return totals,True,True,True,False,False,True,True,False,False,False,0.0,1.0,1.0,0.0,0.0,0.0,0.0,0.0
H09P:atp:2025/7808/ms027:VA25,Brandon Holt,Bengaluru,2025-02-24,R32,Challenger main draw,2025,2025-26,Result + serve/return totals,True,True,False,False,True,False,True,False,False,False,0.0,1.0,1.0,0.0,0.0,0.0,0.0,0.0
H09P:atp:2025/404/qs040:D923,Brandon Holt,ATP Masters 1000 Indian Wells,2025-03-03,Q1,Tour qualifying,2025,2025-26,Result + serve/return totals,True,True,True,False,False,True,True,False,False,False,0.0,1.0,1.0,0.0,0.0,0.0,0.0,1.0
H09P:atp:2025/9167/ms022:H0BH,Brandon Holt,Phoenix,2025-03-10,R32,Challenger main draw,2025,2025-26,Result + serve/return totals,True,True,True,False,False,True,True,False,False,False,0.0,1.0,1.0,0.0,0.0,0.0,0.0,0.0
H09P:atp:2025/403/ms109:U182,Brandon Holt,ATP Masters 1000 Miami,2025-03-17,R128,Tour main draw,2025,2025-26,Result + serve/return totals,True,True,True,True,False,True,True,False,False,False,0.0,1.0,1.0,0.0,1.0,1.0,0.0,1.0
H09P:atp:2025/403/qs021:D0F6,Brandon Holt,ATP Masters 1000 Miami,2025-03-17,Q2,Tour qualifying,2025,2025-26,Result + serve/return totals,True,True,True,False,False,True,True,False,False,False,0.0,1.0,1.0,0.0,0.0,0.0,0.0,1.0
H09P:atp:2025/403/qs043:D0DT,Brandon Holt,ATP Masters 1000 Miami,2025-03-17,Q1,Tour qualifying,2025,2025-26,Result + serve/return totals,True,True,True,True,False,True,True,False,False,False,0.0,1.0,1.0,0.0,0.0,0.0,0.0,1.0
H09P:atp:2025/2991/ms020:HH06,Brandon Holt,Morelia,2025-03-24,R32,Challenger main draw,2025,2025-26,Result + serve/return totals,True,True,True,False,False,True,True,False,False,False,0.0,1.0,1.0,0.0,0.0,0.0,0.0,0.0
H09P:atp:2025/717/ms022:DF92,Brandon Holt,Houston,2025-03-31,R32,Tour main draw,2025,2025-26,Result + serve/return totals,True,True,True,False,False,True,True,False,False,False,0.0,1.0,1.0,0.0,1.0,1.0,0.0,1.0
H09P:atp:2025/1741/ms003:A0GC,Brandon Holt,Busan,2025-04-14,SF,Challenger main draw,2025,2025-26,Result + serve/return totals,True,True,True,False,False,True,True,False,False,False,0.0,1.0,1.0,0.0,0.0,0.0,0.0,0.0
H09P:atp:2025/1741/ms006:H09F,Brandon Holt,Busan,2025-04-14,QF,Challenger main draw,2025,2025-26,Result + serve/return totals,True,True,True,False,False,True,False,False,False,False,0.0,1.0,1.0,0.0,0.0,0.0,0.0,0.0
H09P:atp:2025/1741/ms013:BI81,Brandon Holt,Busan,2025-04-14,R16,Challenger main draw,2025,2025-26,Result + serve/return totals,True,True,True,False,False,True,True,False,False,False,0.0,1.0,1.0,0.0,0.0,0.0,0.0,0.0
H09P:atp:2025/1741/ms027:LB66,Brandon Holt,Busan,2025-04-14,R32,Challenger main draw,2025,2025-26,Result + serve/return totals,True,True,True,False,False,True,True,False,False,False,0.0,1.0,1.0,0.0,0.0,0.0,0.0,0.0
H09P:atp:2025/7490/ms006:WB08,Brandon Holt,Gwangju,2025-04-21,QF,Challenger main draw,2025,2025-26,Result + serve/return totals,True,True,True,False,False,True,True,False,False,False,0.0,1.0,1.0,0.0,0.0,0.0,0.0,0.0
H09P:atp:2025/7490/ms013:P0AV,Brandon Holt,Gwangju,2025-04-21,R16,Challenger main draw,2025,2025-26,Result + serve/return totals,True,True,True,False,False,True,True,False,False,False,0.0,1.0,1.0,0.0,0.0,0.0,0.0,0.0
H09P:atp:2025/7490/ms027:H09F,Brandon Holt,Gwangju,2025-04-21,R32,Challenger main draw,2025,2025-26,Result + serve/return totals,True,True,True,False,False,True,True,False,False,False,0.0,1.0,1.0,0.0,0.0,0.0,0.0,0.0
H09P:atp:2025/6965/ms003:A0GC,Brandon Holt,Guangzhou,2025-04-28,SF,Challenger main draw,2025,2025-26,Result + serve/return totals,True,True,False,False,True,False,True,False,False,False,0.0,1.0,1.0,0.0,0.0,0.0,0.0,0.0
H09P:atp:2025/6965/ms007:H09F,Brandon Holt,Guangzhou,2025-04-28,QF,Challenger main draw,2025,2025-26,Result + serve/return totals,True,True,True,False,False,True,True,False,False,False,0.0,1.0,1.0,0.0,0.0,0.0,0.0,0.0
H09P:atp:2025/6965/ms015:C0AJ,Brandon Holt,Guangzhou,2025-04-28,R16,Challenger main draw,2025,2025-26,Result + serve/return totals,True,True,True,False,False,True,True,False,False,False,0.0,1.0,1.0,0.0,0.0,0.0,0.0,0.0
H09P:atp:2025/6965/ms031:N09U,Brandon Holt,Guangzhou,2025-04-28,R32,Challenger main draw,2025,2025-26,Result + serve/return totals,True,True,True,False,False,True,True,False,False,False,0.0,1.0,1.0,0.0,0.0,0.0,0.0,0.0
H09P:atp:2025/520/qs080:T0BW,Brandon Holt,Roland Garros,2025-05-26,Q1,Tour qualifying,2025,2025-26,Result + serve/return totals,True,True,False,False,True,False,True,False,False,False,0.0,1.0,0.0,0.0,0.0,0.0,0.0,0.0
H09P:atp:2025/4940/ms003:V0AM,Brandon Holt,Birmingham,2025-06-02,SF,Challenger main draw,2025,2025-26,Result + serve/return totals,True,True,False,False,True,False,True,False,False,False,0.0,1.0,1.0,0.0,0.0,0.0,0.0,0.0
H09P:atp:2025/4940/ms007:ME82,Brandon Holt,Birmingham,2025-06-02,QF,Challenger main draw,2025,2025-26,Result + serve/return totals,True,True,False,False,True,False,True,False,False,False,0.0,1.0,1.0,0.0,0.0,0.0,0.0,0.0
H09P:atp:2025/4940/ms014:C0HT,Brandon Holt,Birmingham,2025-06-02,R16,Challenger main draw,2025,2025-26,Result + serve/return totals,True,True,False,False,True,False,True,False,False,False,0.0,1.0,1.0,0.0,0.0,0.0,0.0,0.0
H09P:atp:2025/4940/ms028:D994,Brandon Holt,Birmingham,2025-06-02,R32,Challenger main draw,2025,2025-26,Result + serve/return totals,True,True,False,False,True,False,True,False,False,False,0.0,1.0,1.0,0.0,0.0,0.0,0.0,0.0
H09P:atp:2025/9005/ms031:C0AK,Brandon Holt,Ilkley,2025-06-09,R32,Challenger main draw,2025,2025-26,Result + serve/return totals,True,True,False,False,True,False,True,False,False,False,0.0,1.0,1.0,0.0,0.0,0.0,0.0,0.0
H09P:atp:2025/7740/ms020:F0F2,Brandon Holt,Nottingham 2,2025-06-16,R32,Challenger main draw,2025,2025-26,Result + serve/return totals,True,True,True,False,False,True,True,False,False,False,0.0,1.0,1.0,0.0,0.0,0.0,0.0,0.0
H09P:atp:2025/8994/ms010:M0QI,Brandon Holt,Mallorca,2025-06-23,R16,Tour main draw,2025,2025-26,Result + serve/return totals,True,True,True,False,False,True,True,False,False,False,0.0,1.0,1.0,0.0,1.0,1.0,0.0,1.0
H09P:atp:2025/8994/ms021:BM95,Brandon Holt,Mallorca,2025-06-23,R32,Tour main draw,2025,2025-26,Result + serve/return totals,True,True,True,False,False,True,True,False,False,False,0.0,1.0,1.0,0.0,1.0,1.0,0.0,1.0
H09P:atp:2025/8994/qs006:Y218,Brandon Holt,Mallorca,2025-06-23,Q2,Tour qualifying,2025,2025-26,Result + serve/return totals,True,True,True,False,False,True,True,False,False,False,0.0,1.0,1.0,0.0,0.0,0.0,0.0,1.0
H09P:atp:2025/8994/qs012:W09E,Brandon Holt,Mallorca,2025-06-23,Q1,Tour qualifying,2025,2025-26,Result + serve/return totals,True,True,True,False,False,True,True,False,False,False,0.0,1.0,1.0,0.0,0.0,0.0,0.0,1.0
H09P:atp:2025/540/ms099:DH50,Brandon Holt,Wimbledon,2025-06-30,R128,Tour main draw,2025,2025-26,Result + serve/return totals,True,True,True,False,False,True,True,False,False,False,0.0,1.0,0.0,0.0,1.0,1.0,1.0,0.0
H09P:atp:2025/315/ms008:S0K7,Brandon Holt,Newport,2025-07-07,R16,Challenger main draw,2025,2025-26,Result + serve/return totals,True,True,True,False,False,True,True,False,False,False,0.0,1.0,1.0,0.0,0.0,0.0,0.0,0.0
H09P:atp:2025/315/ms016:C0HT,Brandon Holt,Newport,2025-07-07,R32,Challenger main draw,2025,2025-26,Result + serve/return totals,True,True,True,False,False,True,True,False,False,False,0.0,1.0,1.0,0.0,0.0,0.0,0.0,0.0
H09P:atp:2025/422/ms101:B0EJ,Brandon Holt,ATP Masters 1000 Cincinnati,2025-08-04,R128,Tour main draw,2025,2025-26,Result + serve/return totals,True,True,True,False,False,True,True,False,False,False,0.0,1.0,1.0,0.0,1.0,1.0,0.0,1.0
H09P:atp:2025/6242/ms054:MK66,Brandon Holt,Winston-Salem,2025-08-18,R64,Tour main draw,2025,2025-26,Result + serve/return totals,True,True,True,False,False,True,True,False,False,False,0.0,1.0,1.0,0.0,1.0,1.0,0.0,1.0
H09P:atp:2025/560/ms070:BT72,Brandon Holt,US Open,2025-08-25,R128,Tour main draw,2025,2025-26,Result + serve/return totals,True,True,True,False,False,True,True,False,False,False,0.0,1.0,0.0,0.0,1.0,1.0,0.99,0.0
H09P:atp:2025/4713/qs007:H0BH,Brandon Holt,Hangzhou,2025-09-15,Q2,Tour qualifying,2025,2025-26,Result + serve/return totals,True,True,True,False,False,True,True,False,False,False,0.0,1.0,1.0,0.0,0.0,0.0,0.0,1.0
H09P:atp:2025/4713/qs015:C0TQ,Brandon Holt,Hangzhou,2025-09-15,Q1,Tour qualifying,2025,2025-26,Result + serve/return totals,True,True,True,False,False,True,False,False,False,False,0.0,1.0,1.0,0.0,0.0,0.0,0.0,1.0
H09P:atp:2025/3013/ms023:HG86,Brandon Holt,Jingshan,2025-09-22,R32,Challenger main draw,2025,2025-26,Result + serve/return totals,True,True,True,False,False,True,True,False,False,False,0.0,1.0,1.0,0.0,0.0,0.0,0.0,0.0
H09P:atp:2025/5014/qs041:S0UV,Brandon Holt,ATP Masters 1000 Shanghai,2025-09-29,Q1,Tour qualifying,2025,2025-26,Result + serve/return totals,True,True,False,False,True,False,True,False,False,False,0.0,1.0,1.0,0.0,0.0,0.0,0.0,1.0
H09P:atp:2025/7746/ms007:MK66,Brandon Holt,Jinan,2025-10-06,QF,Challenger main draw,2025,2025-26,Result + serve/return totals,True,True,False,False,True,False,True,False,False,False,0.0,1.0,1.0,0.0,0.0,0.0,0.0,0.0
H09P:atp:2025/7746/ms015:W09E,Brandon Holt,Jinan,2025-10-06,R16,Challenger main draw,2025,2025-26,Result + serve/return totals,True,True,False,False,True,False,True,False,False,False,0.0,1.0,1.0,0.0,0.0,0.0,0.0,0.0
H09P:atp:2025/7746/ms030:Z0C3,Brandon Holt,Jinan,2025-10-06,R32,Challenger main draw,2025,2025-26,Result + serve/return totals,True,True,False,False,True,False,True,False,False,False,0.0,1.0,1.0,0.0,0.0,0.0,0.0,0.0
H09P:atp:2025/2941/ms004:J0DZ,Brandon Holt,Lincoln,2025-10-13,QF,Challenger main draw,2025,2025-26,Result + serve/return totals,True,True,False,False,True,False,True,False,False,False,0.0,1.0,1.0,0.0,0.0,0.0,0.0,0.0
H09P:atp:2025/2941/ms008:S0DQ,Brandon Holt,Lincoln,2025-10-13,R16,Challenger main draw,2025,2025-26,Result + serve/return totals,True,True,False,False,True,False,True,False,False,False,0.0,1.0,1.0,0.0,0.0,0.0,0.0,0.0
H09P:atp:2025/2941/ms016:S0W8,Brandon Holt,Lincoln,2025-10-13,R32,Challenger main draw,2025,2025-26,Result + serve/return totals,True,True,False,False,True,False,True,False,False,False,0.0,1.0,1.0,0.0,0.0,0.0,0.0,0.0
H09P:atp:2025/2951/ms031:I0B0,Brandon Holt,Sioux Falls,2025-10-20,R32,Challenger main draw,2025,2025-26,Result + serve/return totals,True,True,False,False,True,False,True,False,False,False,0.0,1.0,1.0,0.0,0.0,0.0,0.0,0.0
H09P:atp:2025/8310/ms027:CG33,Brandon Holt,Helsinki,2025-11-03,R32,Challenger main draw,2025,2025-26,Result + serve/return totals,True,True,False,False,True,False,True,False,False,False,0.0,1.0,1.0,0.0,0.0,0.0,0.0,0.0
H09P:atp:2026/7393/ms023:P0HT,Brandon Holt,Canberra,2026-01-05,R32,Challenger main draw,2026,2025-26,Result + serve/return totals,True,True,False,False,True,False,True,False,False,False,0.0,1.0,1.0,0.0,0.0,0.0,0.0,0.0
H09P:atp:2026/580/qs040:Z0A1,Brandon Holt,Australian Open,2026-01-19,Q2,Tour qualifying,2026,2025-26,Result + serve/return totals,True,True,False,False,True,False,True,False,False,False,0.0,1.0,0.0,0.0,0.0,0.0,1.0,0.0
H09P:atp:2026/580/qs080:N0CS,Brandon Holt,Australian Open,2026-01-19,Q1,Tour qualifying,2026,2025-26,Result + serve/return totals,True,True,False,False,True,False,True,False,False,False,0.0,1.0,0.0,0.0,0.0,0.0,1.0,0.0
H0A4:atp:2015/7197/ms004:T911,Nick Hardt,Dominican Republic F1,2015-11-30,QF,ITF main draw,2015,2012-18,"Result, no statistics",True,True,True,False,False,True,False,False,True,False,0.0,0.0,0.0,0.0,0.0,0.0,0.0,0.0
H0A4:atp:2015/7197/ms008:SI36,Nick Hardt,Dominican Republic F1,2015-11-30,R16,ITF main draw,2015,2012-18,"Result, no statistics",True,True,True,False,False,True,False,False,False,False,0.0,0.0,0.0,0.0,0.0,0.0,0.0,0.0
H0A4:atp:2015/7197/ms017:DH11,Nick Hardt,Dominican Republic F1,2015-11-30,R32,ITF main draw,2015,2012-18,"Result, no statistics",True,True,True,False,False,True,False,False,True,False,0.0,0.0,0.0,0.0,0.0,0.0,0.0,0.0
H0A4:atp:2015/7468/ms012:T911,Nick Hardt,Dominican Republic F2,2015-12-07,R16,ITF main draw,2015,2012-18,"Result, no statistics",True,True,True,False,False,True,False,False,True,False,0.0,0.0,0.0,0.0,0.0,0.0,0.0,0.0
H0A4:atp:2015/7468/ms025:SP18,Nick Hardt,Dominican Republic F2,2015-12-07,R32,ITF main draw,2015,2012-18,"Result, no statistics",True,True,True,False,False,True,False,False,False,False,0.0,0.0,0.0,0.0,0.0,0.0,0.0,0.0
H0A4:atp:2015/7476/ms018:SP18,Nick Hardt,Dominican Republic F3,2015-12-14,R32,ITF main draw,2015,2012-18,"Result, no statistics",True,True,True,False,False,True,False,False,True,False,0.0,0.0,0.0,0.0,0.0,0.0,0.0,0.0
H0A4:atp:2016/7201/ms027:CF59,Nick Hardt,Santo Domingo,2016-02-08,R32,Challenger main draw,2016,2012-18,Result + serve/return totals,True,True,True,False,False,True,False,False,False,False,0.553,0.0,0.0,0.0,0.0,0.0,0.0,0.0
H0A4:atp:2016/7476/ms012:LC54,Nick Hardt,Dominican Republic F3,2016-12-12,R16,ITF main draw,2016,2012-18,"Result, no statistics",True,True,True,False,False,True,False,False,False,False,0.0,0.0,0.0,0.0,0.0,0.0,0.0,0.0
H0A4:atp:2016/7476/ms025:R903,Nick Hardt,Dominican Republic F3,2016-12-12,R32,ITF main draw,2016,2012-18,"Result, no statistics",True,True,True,False,False,True,False,False,False,False,0.0,0.0,0.0,0.0,0.0,0.0,0.0,0.0
H0A4:atp:2017/7712/ms000:J551,Nick Hardt,AG1 DOM vs. CHI 1st Round,2017-01-30,RR,Davis Cup,2017,2012-18,Result + serve/return totals,True,True,False,False,True,False,False,False,False,False,0.0,0.0,0.0,0.0,0.0,0.0,0.0,0.0
H0A4:atp:2017/7201/ms019:G725,Nick Hardt,Santo Domingo,2017-08-14,R32,Challenger main draw,2017,2012-18,Result + serve/return totals,True,True,False,False,True,False,False,False,False,False,0.553,0.0,0.0,0.0,0.0,0.0,0.0,0.0
H0A4:atp:2017/7476/ms028:LB76,Nick Hardt,Dominican Republic F3,2017-12-11,R32,ITF main draw,2017,2012-18,Missing,True,True,False,False,True,False,False,False,False,False,0.0,0.0,0.0,0.0,0.0,0.0,0.0,0.0
H0A4:atp:2018/458/ms012:TE30,Nick Hardt,U.S.A. F12,2018-04-23,R16,ITF main draw,2018,2012-18,"Result, no statistics",True,True,True,False,False,True,False,False,False,False,0.0,0.0,0.0,0.0,0.0,0.0,0.0,0.0
H0A4:atp:2018/458/ms025:R0BS,Nick Hardt,U.S.A. F12,2018-04-23,R32,ITF main draw,2018,2012-18,"Result, no statistics",True,True,True,False,False,True,False,False,False,False,0.0,0.0,0.0,0.0,0.0,0.0,0.0,0.0
H0A4:atp:2018/269/ms008:E811,Nick Hardt,Belgium F2,2018-06-25,R16,ITF main draw,2018,2012-18,"Result, no statistics",True,True,False,False,True,False,False,False,False,False,0.0,0.0,0.0,0.0,0.0,0.0,0.0,0.0
H0A4:atp:2018/269/ms017:MW39,Nick Hardt,Belgium F2,2018-06-25,R32,ITF main draw,2018,2012-18,"Result, no statistics",True,True,True,False,False,True,False,False,False,False,0.0,0.0,0.0,0.0,0.0,0.0,0.0,0.0
H0A4:atp:2018/7867/ms027:V821,Nick Hardt,Peru F1,2018-09-24,R32,ITF main draw,2018,2012-18,"Result, no statistics",True,True,False,False,True,False,False,False,False,False,0.0,0.0,0.0,0.0,0.0,0.0,0.0,0.0
H0A4:atp:2018/6685/ms014:DA23,Nick Hardt,U.S.A. F32,2018-11-12,R16,ITF main draw,2018,2012-18,"Result, no statistics",True,True,True,False,False,True,False,False,False,False,0.0,0.0,0.0,0.0,0.0,0.0,0.0,0.0
H0A4:atp:2018/6685/ms029:J0B5,Nick Hardt,U.S.A. F32,2018-11-12,R32,ITF main draw,2018,2012-18,"Result, no statistics",True,True,True,False,False,True,False,False,False,False,0.0,0.0,0.0,0.0,0.0,0.0,0.0,0.0
H0A4:atp:2018/7468/ms011:TE30,Nick Hardt,Dominican Republic F2,2018-12-03,R16,ITF main draw,2018,2012-18,"Result, no statistics",True,True,True,False,False,True,False,False,False,False,0.0,0.0,0.0,0.0,0.0,0.0,0.0,0.0
H0A4:atp:2018/7468/ms022:ME70,Nick Hardt,Dominican Republic F2,2018-12-03,R32,ITF main draw,2018,2012-18,"Result, no statistics",True,True,True,False,False,True,False,False,False,False,0.0,0.0,0.0,0.0,0.0,0.0,0.0,0.0
H0A4:atp:2018/7476/ms001:TE30,Nick Hardt,Dominican Republic F3,2018-12-10,F,ITF main draw,2018,2012-18,"Result, no statistics",True,True,True,False,False,True,False,False,False,False,0.0,0.0,0.0,0.0,0.0,0.0,0.0,0.0
H0A4:atp:2018/7476/ms002:GC17,Nick Hardt,Dominican Republic F3,2018-12-10,SF,ITF main draw,2018,2012-18,"Result, no statistics",True,True,True,False,False,True,False,False,False,False,0.0,0.0,0.0,0.0,0.0,0.0,0.0,0.0
H0A4:atp:2018/7476/ms005:HG90,Nick Hardt,Dominican Republic F3,2018-12-10,QF,ITF main draw,2018,2012-18,"Result, no statistics",True,True,True,False,False,True,False,False,False,False,0.0,0.0,0.0,0.0,0.0,0.0,0.0,0.0
H0A4:atp:2018/7476/ms011:ME70,Nick Hardt,Dominican Republic F3,2018-12-10,R16,ITF main draw,2018,2012-18,"Result, no statistics",True,True,True,False,False,True,False,False,False,False,0.0,0.0,0.0,0.0,0.0,0.0,0.0,0.0
H0A4:atp:2018/7476/ms023:C0BC,Nick Hardt,Dominican Republic F3,2018-12-10,R32,ITF main draw,2018,2012-18,"Result, no statistics",True,True,True,False,False,True,False,False,False,False,0.0,0.0,0.0,0.0,0.0,0.0,0.0,0.0
H0A4:atp:2019/8142/ms009:RB73,Nick Hardt,M15 Naples,2019-01-14,R16,ITF main draw,2019,2019-21,"Result, no statistics",True,True,True,False,False,True,False,False,False,False,0.0,0.0,0.0,0.0,0.0,0.0,0.0,0.0
H0A4:atp:2019/8142/ms018:M0HT,Nick Hardt,M15 Naples,2019-01-14,R32,ITF main draw,2019,2019-21,"Result, no statistics",True,True,True,False,False,True,False,False,False,False,0.0,0.0,0.0,0.0,0.0,0.0,0.0,0.0
H0A4:atp:2019/8151/ms018:RB73,Nick Hardt,M25 Weston,2019-01-28,R32,ITF main draw,2019,2019-21,"Result, no statistics",True,True,False,False,True,False,False,False,False,False,0.0,0.0,0.0,0.0,0.0,0.0,0.0,0.0
H0A4:atp:2019/8167/ms012:K0AH,Nick Hardt,M15 Antalya,2019-02-11,R16,ITF main draw,2019,2019-21,"Result, no statistics",True,True,False,False,True,False,False,False,False,False,0.0,0.0,0.0,0.0,0.0,0.0,0.0,0.0
H0A4:atp:2019/8167/ms025:U133,Nick Hardt,M15 Antalya,2019-02-11,R32,ITF main draw,2019,2019-21,"Result, no statistics",True,True,False,False,True,False,False,False,False,False,0.0,0.0,0.0,0.0,0.0,0.0,0.0,0.0
H0A4:atp:2019/8174/ms021:PC09,Nick Hardt,M15 Antalya,2019-02-18,R32,ITF main draw,2019,2019-21,"Result, no statistics",True,True,False,False,True,False,False,False,False,False,0.0,0.0,0.0,0.0,0.0,0.0,0.0,0.0
H0A4:atp:2019/8180/ms011:PC63,Nick Hardt,M15 Antalya,2019-02-25,R16,ITF main draw,2019,2019-21,"Result, no statistics",True,True,False,False,True,False,False,False,False,False,0.0,0.0,0.0,0.0,0.0,0.0,0.0,0.0
H0A4:atp:2019/8180/ms022:F09U,Nick Hardt,M15 Antalya,2019-02-25,R32,ITF main draw,2019,2019-21,"Result, no statistics",True,True,False,False,True,False,False,False,False,False,0.0,0.0,0.0,0.0,0.0,0.0,0.0,0.0
H0A4:atp:2019/8189/ms003:N561,Nick Hardt,M15 Antalya,2019-03-04,SF,ITF main draw,2019,2019-21,"Result, no statistics",True,True,True,False,False,True,False,False,False,False,0.0,0.0,0.0,0.0,0.0,0.0,0.0,0.0
H0A4:atp:2019/8189/ms006:N661,Nick Hardt,M15 Antalya,2019-03-04,QF,ITF main draw,2019,2019-21,"Result, no statistics",True,True,True,False,False,True,False,False,False,False,0.0,0.0,0.0,0.0,0.0,0.0,0.0,0.0
H0A4:atp:2019/8189/ms012:C0DB,Nick Hardt,M15 Antalya,2019-03-04,R16,ITF main draw,2019,2019-21,"Result, no statistics",True,True,True,False,False,True,False,False,False,False,0.0,0.0,0.0,0.0,0.0,0.0,0.0,0.0
H0A4:atp:2019/8189/ms024:RC24,Nick Hardt,M15 Antalya,2019-03-04,R32,ITF main draw,2019,2019-21,"Result, no statistics",True,True,True,False,False,True,False,False,False,False,0.0,0.0,0.0,0.0,0.0,0.0,0.0,0.0
H0A4:atp:2019/8200/ms028:K0AH,Nick Hardt,M15 Antalya,2019-03-11,R32,ITF main draw,2019,2019-21,"Result, no statistics",True,True,True,False,False,True,False,False,False,False,0.0,0.0,0.0,0.0,0.0,0.0,0.0,0.0
H0A4:atp:2019/8241/ms009:AB54,Nick Hardt,M15 Sunrise,2019-04-08,R16,ITF main draw,2019,2019-21,"Result, no statistics",True,True,True,False,False,True,False,False,False,False,0.0,0.0,0.0,0.0,0.0,0.0,0.0,0.0
H0A4:atp:2019/8241/ms018:D0DP,Nick Hardt,M15 Sunrise,2019-04-08,R32,ITF main draw,2019,2019-21,"Result, no statistics",True,True,True,False,False,True,False,False,False,False,0.0,0.0,0.0,0.0,0.0,0.0,0.0,0.0
H0A4:atp:2019/5069/ms016:DA31,Nick Hardt,Sarasota,2019-04-15,R32,Challenger main draw,2019,2019-21,Result + serve/return totals,True,True,True,False,False,True,False,False,False,False,0.553,0.0,0.0,0.0,0.0,0.0,0.0,0.0
H0A4:atp:2019/5069/ms033:RC62,Nick Hardt,Sarasota,2019-04-15,R64,Challenger main draw,2019,2019-21,Result + serve/return totals,True,True,False,False,False,True,False,False,False,False,0.553,0.0,0.0,0.0,0.0,0.0,0.0,0.0
H0A4:atp:2019/710/ms024:TA66,Nick Hardt,M25 Vero Beach,2019-04-29,R32,ITF main draw,2019,2019-21,"Result, no statistics",True,True,True,False,False,True,False,False,False,False,0.0,0.0,0.0,0.0,0.0,0.0,0.0,0.0
H0A4:atp:2019/712/ms005:M0AW,Nick Hardt,M25 Pensacola,2019-05-06,QF,ITF main draw,2019,2019-21,"Result, no statistics",True,True,False,False,True,False,False,False,False,False,0.0,0.0,0.0,0.0,0.0,0.0,0.0,0.0
H0A4:atp:2019/712/ms011:KD99,Nick Hardt,M25 Pensacola,2019-05-06,R16,ITF main draw,2019,2019-21,"Result, no statistics",True,True,False,False,True,False,False,False,False,False,0.0,0.0,0.0,0.0,0.0,0.0,0.0,0.0
H0A4:atp:2019/712/ms023:GD91,Nick Hardt,M25 Pensacola,2019-05-06,R32,ITF main draw,2019,2019-21,"Result, no statistics",True,True,False,False,True,False,False,False,False,False,0.0,0.0,0.0,0.0,0.0,0.0,0.0,0.0
H0A4:atp:2019/8275/ms003:LG87,Nick Hardt,M15 Cancun,2019-06-03,SF,ITF main draw,2019,2019-21,"Result, no statistics",True,True,False,False,True,False,False,False,False,False,0.0,0.0,0.0,0.0,0.0,0.0,0.0,0.0
H0A4:atp:2019/8275/ms006:W738,Nick Hardt,M15 Cancun,2019-06-03,QF,ITF main draw,2019,2019-21,"Result, no statistics",True,True,False,False,True,False,False,False,False,False,0.0,0.0,0.0,0.0,0.0,0.0,0.0,0.0
H0A4:atp:2019/8275/ms013:P0AO,Nick Hardt,M15 Cancun,2019-06-03,R16,ITF main draw,2019,2019-21,"Result, no statistics",True,True,False,False,True,False,False,False,False,False,0.0,0.0,0.0,0.0,0.0,0.0,0.0,0.0
H0A4:atp:2019/8275/ms027:D0CB,Nick Hardt,M15 Cancun,2019-06-03,R32,ITF main draw,2019,2019-21,"Result, no statistics",True,True,False,False,True,False,False,False,False,False,0.0,0.0,0.0,0.0,0.0,0.0,0.0,0.0
H0A4:atp:2019/356/ms012:GJ05,Nick Hardt,M25 Toulouse,2019-06-17,R16,ITF main draw,2019,2019-21,"Result, no statistics",True,True,True,False,False,True,False,False,False,False,0.0,0.0,0.0,0.0,0.0,0.0,0.0,0.0
H0A4:atp:2019/356/ms024:FC26,Nick Hardt,M25 Toulouse,2019-06-17,R32,ITF main draw,2019,2019-21,"Result, no statistics",True,True,False,False,True,False,False,False,False,False,0.0,0.0,0.0,0.0,0.0,0.0,0.0,0.0
H0A4:atp:2019/6588/ms010:E780,Nick Hardt,M25 Arlon,2019-06-24,R16,ITF main draw,2019,2019-21,"Result, no statistics",True,True,True,False,False,True,False,False,False,False,0.0,0.0,0.0,0.0,0.0,0.0,0.0,0.0
H0A4:atp:2019/6588/ms021:CF25,Nick Hardt,M25 Arlon,2019-06-24,R32,ITF main draw,2019,2019-21,"Result, no statistics",True,True,True,False,False,True,False,False,False,False,0.0,0.0,0.0,0.0,0.0,0.0,0.0,0.0
H0A4:atp:2019/572/ms001:O423,Nick Hardt,M15 Saarlouis,2019-07-01,F,ITF main draw,2019,2019-21,"Result, no statistics",True,True,True,False,False,True,False,False,False,False,0.0,0.0,0.0,0.0,0.0,0.0,0.0,0.0
H0A4:atp:2019/572/ms003:BT42,Nick Hardt,M15 Saarlouis,2019-07-01,SF,ITF main draw,2019,2019-21,"Result, no statistics",True,True,True,False,False,True,False,False,False,False,0.0,0.0,0.0,0.0,0.0,0.0,0.0,0.0
H0A4:atp:2019/572/ms006:O484,Nick Hardt,M15 Saarlouis,2019-07-01,QF,ITF main draw,2019,2019-21,"Result, no statistics",True,True,True,False,False,True,False,False,False,False,0.0,0.0,0.0,0.0,0.0,0.0,0.0,0.0
H0A4:atp:2019/572/ms012:GJ05,Nick Hardt,M15 Saarlouis,2019-07-01,R16,ITF main draw,2019,2019-21,"Result, no statistics",True,True,True,False,False,True,False,False,False,False,0.0,0.0,0.0,0.0,0.0,0.0,0.0,0.0
H0A4:atp:2019/572/ms024:C0B8,Nick Hardt,M15 Saarlouis,2019-07-01,R32,ITF main draw,2019,2019-21,"Result, no statistics",True,True,True,False,False,True,False,False,False,False,0.0,0.0,0.0,0.0,0.0,0.0,0.0,0.0
H0A4:atp:2019/723/ms017:KD71,Nick Hardt,M25 Ajaccio,2019-07-08,R32,ITF main draw,2019,2019-21,"Result, no statistics",True,True,True,False,False,True,False,False,False,False,0.0,0.0,0.0,0.0,0.0,0.0,0.0,0.0
H0A4:atp:2019/488/ms022:W712,Nick Hardt,M25 Kassel,2019-07-15,R32,ITF main draw,2019,2019-21,"Result, no statistics",True,True,True,False,False,True,False,False,False,False,0.0,0.0,0.0,0.0,0.0,0.0,0.0,0.0
H0A4:atp:2019/4066/ms002:HB67,Nick Hardt,M15 Brussels,2019-07-29,SF,ITF main draw,2019,2019-21,"Result, no statistics",True,True,False,False,True,False,False,False,False,False,0.0,0.0,0.0,0.0,0.0,0.0,0.0,0.0
H0A4:atp:2019/4066/ms005:KG33,Nick Hardt,M15 Brussels,2019-07-29,QF,ITF main draw,2019,2019-21,"Result, no statistics",True,True,False,False,True,False,False,False,False,False,0.0,0.0,0.0,0.0,0.0,0.0,0.0,0.0
H0A4:atp:2019/4066/ms010:L0DD,Nick Hardt,M15 Brussels,2019-07-29,R16,ITF main draw,2019,2019-21,"Result, no statistics",True,True,False,False,True,False,False,False,False,False,0.0,0.0,0.0,0.0,0.0,0.0,0.0,0.0
H0A4:atp:2019/4066/ms020:D0A2,Nick Hardt,M15 Brussels,2019-07-29,R32,ITF main draw,2019,2019-21,"Result, no statistics",True,True,False,False,True,False,False,False,False,False,0.0,0.0,0.0,0.0,0.0,0.0,0.0,0.0
H0A4:atp:2019/6346/ms006:O660,Nick Hardt,M15 Eupen,2019-08-05,QF,ITF main draw,2019,2019-21,"Result, no statistics",True,True,True,False,False,True,False,False,False,False,0.0,0.0,0.0,0.0,0.0,0.0,0.0,0.0
H0A4:atp:2019/6346/ms013:RA82,Nick Hardt,M15 Eupen,2019-08-05,R16,ITF main draw,2019,2019-21,"Result, no statistics",True,True,False,False,True,False,False,False,False,False,0.0,0.0,0.0,0.0,0.0,0.0,0.0,0.0
H0A4:atp:2019/6346/ms027:P0BE,Nick Hardt,M15 Eupen,2019-08-05,R32,ITF main draw,2019,2019-21,"Result, no statistics",True,True,False,False,True,False,False,False,False,False,0.0,0.0,0.0,0.0,0.0,0.0,0.0,0.0
H0A4:atp:2019/412/ms019:H0CU,Nick Hardt,M25 Houston,2019-09-16,R32,ITF main draw,2019,2019-21,"Result, no statistics",True,True,True,False,False,True,False,False,False,False,0.0,0.0,0.0,0.0,0.0,0.0,0.0,0.0
H0A4:atp:2019/1592/ms013:GK30,Nick Hardt,M25 Harlingen,2019-09-23,R16,ITF main draw,2019,2019-21,"Result, no statistics",True,True,True,False,False,True,False,False,False,False,0.0,0.0,0.0,0.0,0.0,0.0,0.0,0.0
H0A4:atp:2019/1592/ms027:H0CU,Nick Hardt,M25 Harlingen,2019-09-23,R32,ITF main draw,2019,2019-21,"Result, no statistics",True,True,True,False,False,True,False,False,False,False,0.0,0.0,0.0,0.0,0.0,0.0,0.0,0.0
H0A4:atp:2019/7201/ms037:O376,Nick Hardt,Santo Domingo,2019-10-07,R64,Challenger main draw,2019,2019-21,Result + serve/return totals,True,True,True,False,False,True,False,False,False,False,0.553,0.0,0.0,0.0,0.0,0.0,0.0,0.0
H0A4:atp:2019/6865/ms025:SQ80,Nick Hardt,Traralgon,2019-10-21,R32,Challenger main draw,2019,2019-21,Result + serve/return totals,True,True,True,False,False,True,False,False,False,False,0.553,0.0,0.0,0.0,0.0,0.0,0.0,0.0
H0A4:atp:2019/6865/ms050:MS03,Nick Hardt,Traralgon,2019-10-21,R64,Challenger main draw,2019,2019-21,Result + serve/return totals,True,True,False,False,False,True,False,False,False,False,0.553,0.0,0.0,0.0,0.0,0.0,0.0,0.0
H0A4:atp:2019/7586/ms016:U134,Nick Hardt,Playford 2,2019-10-28,R32,Challenger main draw,2019,2019-21,Result + serve/return totals,True,True,True,False,False,True,False,False,False,False,0.553,0.0,0.0,0.0,0.0,0.0,0.0,0.0
H0A4:atp:2019/7586/ms033:TB70,Nick Hardt,Playford 2,2019-10-28,R64,Challenger main draw,2019,2019-21,Result + serve/return totals,True,True,False,False,False,True,False,False,False,False,0.553,0.0,0.0,0.0,0.0,0.0,0.0,0.0
H0A4:atp:2019/637/ms041:S0K7,Nick Hardt,Champaign,2019-11-11,R64,Challenger main draw,2019,2019-21,Result + serve/return totals,True,True,False,False,True,False,False,False,False,False,0.553,0.0,0.0,0.0,0.0,0.0,0.0,0.0
H0A4:atp:2019/7197/ms003:AE14,Nick Hardt,M15 Santo Domingo,2019-11-25,SF,ITF main draw,2019,2019-21,"Result, no statistics",True,True,False,False,True,False,False,False,False,False,0.0,0.0,0.0,0.0,0.0,0.0,0.0,0.0
H0A4:atp:2019/7197/ms006:O634,Nick Hardt,M15 Santo Domingo,2019-11-25,QF,ITF main draw,2019,2019-21,"Result, no statistics",True,True,False,False,True,False,False,False,False,False,0.0,0.0,0.0,0.0,0.0,0.0,0.0,0.0
H0A4:atp:2019/7197/ms012:V731,Nick Hardt,M15 Santo Domingo,2019-11-25,R16,ITF main draw,2019,2019-21,"Result, no statistics",True,True,False,False,True,False,False,False,False,False,0.0,0.0,0.0,0.0,0.0,0.0,0.0,0.0
H0A4:atp:2019/7197/ms024:N0AF,Nick Hardt,M15 Santo Domingo,2019-11-25,R32,ITF main draw,2019,2019-21,"Result, no statistics",True,True,False,False,True,False,False,False,False,False,0.0,0.0,0.0,0.0,0.0,0.0,0.0,0.0
H0A4:atp:2019/7468/ms027:B0I5,Nick Hardt,M15 Santo Domingo,2019-12-02,R32,ITF main draw,2019,2019-21,"Result, no statistics",True,True,False,False,True,False,False,False,False,False,0.0,0.0,0.0,0.0,0.0,0.0,0.0,0.0
H0A4:atp:2019/7476/ms001:BP79,Nick Hardt,M15 Santo Domingo,2019-12-09,F,ITF main draw,2019,2019-21,"Result, no statistics",True,True,True,False,False,True,False,False,False,False,0.0,0.0,0.0,0.0,0.0,0.0,0.0,0.0
H0A4:atp:2019/7476/ms002:V731,Nick Hardt,M15 Santo Domingo,2019-12-09,SF,ITF main draw,2019,2019-21,"Result, no statistics",True,True,False,False,True,False,False,False,False,False,0.0,0.0,0.0,0.0,0.0,0.0,0.0,0.0
H0A4:atp:2019/7476/ms004:CI19,Nick Hardt,M15 Santo Domingo,2019-12-09,QF,ITF main draw,2019,2019-21,"Result, no statistics",True,True,False,False,True,False,False,False,False,False,0.0,0.0,0.0,0.0,0.0,0.0,0.0,0.0
H0A4:atp:2019/7476/ms008:R0D6,Nick Hardt,M15 Santo Domingo,2019-12-09,R16,ITF main draw,2019,2019-21,"Result, no statistics",True,True,False,False,True,False,False,False,False,False,0.0,0.0,0.0,0.0,0.0,0.0,0.0,0.0
H0A4:atp:2019/7476/ms016:N0AF,Nick Hardt,M15 Santo Domingo,2019-12-09,R32,ITF main draw,2019,2019-21,"Result, no statistics",True,True,False,False,True,False,False,False,False,False,0.0,0.0,0.0,0.0,0.0,0.0,0.0,0.0
H0A4:atp:2020/8145/ms029:PG04,Nick Hardt,M25 Weston,2020-01-27,R32,ITF main draw,2020,2019-21,"Result, no statistics",True,True,True,False,False,True,False,False,False,False,0.0,0.0,0.0,0.0,0.0,0.0,0.0,0.0
H0A4:atp:2020/8151/ms025:GF23,Nick Hardt,M25 Palm Coast,2020-02-03,R32,ITF main draw,2020,2019-21,"Result, no statistics",True,True,True,False,False,True,False,False,False,False,0.0,0.0,0.0,0.0,0.0,0.0,0.0,0.0
H0A4:atp:2020/8162/ms025:R913,Nick Hardt,M25 Naples,2020-02-10,R32,ITF main draw,2020,2019-21,"Result, no statistics",True,True,True,False,False,True,False,False,False,False,0.0,0.0,0.0,0.0,0.0,0.0,0.0,0.0
H0A4:atp:2020/9194/ms041:RB00,Nick Hardt,Columbus - CH,2020-02-24,R64,Challenger main draw,2020,2019-21,Result + serve/return totals,True,True,True,False,False,True,False,False,False,False,0.553,0.0,0.0,0.0,0.0,0.0,0.0,0.0
H0A4:atp:2020/8262/ms028:LI10,Nick Hardt,M15 Cancun,2020-03-09,R32,ITF main draw,2020,2019-21,"Result, no statistics",True,True,True,False,False,True,False,False,False,False,0.0,0.0,0.0,0.0,0.0,0.0,0.0,0.0
H0A4:atp:2020/6802/ms023:F664,Nick Hardt,M15 Sintra,2020-09-07,R32,ITF main draw,2020,2019-21,"Result, no statistics",True,True,True,False,False,True,False,False,False,False,0.0,0.0,0.0,0.0,0.0,0.0,0.0,0.0
H0A4:atp:2020/6806/ms024:F664,Nick Hardt,M15 Sintra,2020-09-14,R32,ITF main draw,2020,2019-21,"Result, no statistics",True,True,False,False,True,False,False,False,False,False,0.0,0.0,0.0,0.0,0.0,0.0,0.0,0.0
H0A4:atp:2020/7468/ms011:K0EQ,Nick Hardt,M15 Santo Domingo,2020-11-30,R16,ITF main draw,2020,2019-21,"Result, no statistics",True,True,True,False,False,True,False,False,False,False,0.0,0.0,0.0,0.0,0.0,0.0,0.0,0.0
H0A4:atp:2020/7468/ms023:LI10,Nick Hardt,M15 Santo Domingo,2020-11-30,R32,ITF main draw,2020,2019-21,"Result, no statistics",True,True,True,False,False,True,False,False,False,False,0.0,0.0,0.0,0.0,0.0,0.0,0.0,0.0
H0A4:atp:2020/7476/ms001:C0AK,Nick Hardt,M15 Santo Domingo,2020-12-07,F,ITF main draw,2020,2019-21,"Result, no statistics",True,True,False,False,False,True,False,False,False,False,0.0,0.0,0.0,0.0,0.0,0.0,0.0,0.0
H0A4:atp:2020/7476/ms002:CF10,Nick Hardt,M15 Santo Domingo,2020-12-07,SF,ITF main draw,2020,2019-21,"Result, no statistics",True,True,False,False,False,True,False,False,False,False,0.0,0.0,0.0,0.0,0.0,0.0,0.0,0.0
H0A4:atp:2020/7476/ms005:S0DQ,Nick Hardt,M15 Santo Domingo,2020-12-07,QF,ITF main draw,2020,2019-21,"Result, no statistics",True,True,True,False,False,True,False,False,False,False,0.0,0.0,0.0,0.0,0.0,0.0,0.0,0.0
H0A4:atp:2020/7476/ms011:LI10,Nick Hardt,M15 Santo Domingo,2020-12-07,R16,ITF main draw,2020,2019-21,"Result, no statistics",True,True,True,False,False,True,False,False,False,False,0.0,0.0,0.0,0.0,0.0,0.0,0.0,0.0
H0A4:atp:2020/7476/ms023:K0EQ,Nick Hardt,M15 Santo Domingo,2020-12-07,R32,ITF main draw,2020,2019-21,"Result, no statistics",True,True,False,True,False,True,False,False,False,False,0.0,0.0,0.0,0.0,0.0,0.0,0.0,0.0
H0A4:atp:2021/8182/ms025:G09C,Nick Hardt,M15 Sharm El Sheikh,2021-02-15,R32,ITF main draw,2021,2019-21,"Result, no statistics",True,True,False,False,True,False,False,False,False,False,0.0,0.0,0.0,0.0,0.0,0.0,0.0,0.0
H0A4:atp:2021/8193/ms028:SY67,Nick Hardt,M15 Sharm El Sheikh,2021-02-22,R32,ITF main draw,2021,2019-21,"Result, no statistics",True,True,False,False,True,False,False,False,False,False,0.0,0.0,0.0,0.0,0.0,0.0,0.0,0.0
H0A4:atp:2021/8207/ms002:H09F,Nick Hardt,M15 Sharm El Sheikh,2021-03-01,SF,ITF main draw,2021,2019-21,"Result, no statistics",True,True,True,False,False,True,False,False,False,False,0.0,0.0,0.0,0.0,0.0,0.0,0.0,0.0
H0A4:atp:2021/8207/ms005:P0D0,Nick Hardt,M15 Sharm El Sheikh,2021-03-01,QF,ITF main draw,2021,2019-21,"Result, no statistics",True,True,False,False,True,False,False,False,False,False,0.0,0.0,0.0,0.0,0.0,0.0,0.0,0.0
H0A4:atp:2021/8207/ms011:TF58,Nick Hardt,M15 Sharm El Sheikh,2021-03-01,R16,ITF main draw,2021,2019-21,"Result, no statistics",True,True,False,False,True,False,False,False,False,False,0.0,0.0,0.0,0.0,0.0,0.0,0.0,0.0
H0A4:atp:2021/8207/ms022:V0DI,Nick Hardt,M15 Sharm El Sheikh,2021-03-01,R32,ITF main draw,2021,2019-21,"Result, no statistics",True,True,False,False,True,False,False,False,False,False,0.0,0.0,0.0,0.0,0.0,0.0,0.0,0.0
H0A4:atp:2021/6294/ms005:E928,Nick Hardt,M15 Antalya,2021-05-03,QF,ITF main draw,2021,2019-21,"Result, no statistics",True,True,True,False,False,True,False,False,False,False,0.0,0.0,0.0,0.0,0.0,0.0,0.0,0.0
H0A4:atp:2021/6294/ms011:HA33,Nick Hardt,M15 Antalya,2021-05-03,R16,ITF main draw,2021,2019-21,"Result, no statistics",True,True,True,False,False,True,False,False,False,False,0.0,0.0,0.0,0.0,0.0,0.0,0.0,0.0
H0A4:atp:2021/6294/ms022:I0A7,Nick Hardt,M15 Antalya,2021-05-03,R32,ITF main draw,2021,2019-21,"Result, no statistics",True,True,True,False,False,True,False,False,False,False,0.0,0.0,0.0,0.0,0.0,0.0,0.0,0.0
H0A4:atp:2021/6295/ms001:E928,Nick Hardt,M15 Antalya,2021-05-10,F,ITF main draw,2021,2019-21,"Result, no statistics",True,True,True,False,False,True,False,False,False,False,0.0,0.0,0.0,0.0,0.0,0.0,0.0,0.0
H0A4:atp:2021/6295/ms003:F0A4,Nick Hardt,M15 Antalya,2021-05-10,SF,ITF main draw,2021,2019-21,"Result, no statistics",True,True,True,False,False,True,False,False,False,False,0.0,0.0,0.0,0.0,0.0,0.0,0.0,0.0
H0A4:atp:2021/6295/ms007:N707,Nick Hardt,M15 Antalya,2021-05-10,QF,ITF main draw,2021,2019-21,"Result, no statistics",True,True,True,False,False,True,False,False,False,False,0.0,0.0,0.0,0.0,0.0,0.0,0.0,0.0
H0A4:atp:2021/6295/ms014:VA27,Nick Hardt,M15 Antalya,2021-05-10,R16,ITF main draw,2021,2019-21,"Result, no statistics",True,True,True,False,False,True,False,False,False,False,0.0,0.0,0.0,0.0,0.0,0.0,0.0,0.0
H0A4:atp:2021/6295/ms028:N09U,Nick Hardt,M15 Antalya,2021-05-10,R32,ITF main draw,2021,2019-21,"Result, no statistics",True,True,True,False,False,True,False,False,False,False,0.0,0.0,0.0,0.0,0.0,0.0,0.0,0.0
H0A4:atp:2021/9528/ms001:MW18,Nick Hardt,M15 Antalya,2021-05-17,F,ITF main draw,2021,2019-21,"Result, no statistics",True,True,False,False,True,False,False,False,False,False,0.0,0.0,0.0,0.0,0.0,0.0,0.0,0.0
H0A4:atp:2021/9528/ms002:HG94,Nick Hardt,M15 Antalya,2021-05-17,SF,ITF main draw,2021,2019-21,"Result, no statistics",True,True,False,False,True,False,False,False,False,False,0.0,0.0,0.0,0.0,0.0,0.0,0.0,0.0
H0A4:atp:2021/9528/ms004:LF26,Nick Hardt,M15 Antalya,2021-05-17,QF,ITF main draw,2021,2019-21,"Result, no statistics",True,True,False,False,True,False,False,False,False,False,0.0,0.0,0.0,0.0,0.0,0.0,0.0,0.0
H0A4:atp:2021/9528/ms009:K771,Nick Hardt,M15 Antalya,2021-05-17,R16,ITF main draw,2021,2019-21,"Result, no statistics",True,True,True,False,False,True,False,False,False,False,0.0,0.0,0.0,0.0,0.0,0.0,0.0,0.0
H0A4:atp:2021/9528/ms019:F09J,Nick Hardt,M15 Antalya,2021-05-17,R32,ITF main draw,2021,2019-21,"Result, no statistics",True,True,True,False,False,True,False,False,False,False,0.0,0.0,0.0,0.0,0.0,0.0,0.0,0.0
H0A4:atp:2021/7197/ms002:KC29,Nick Hardt,M25 Santo Domingo,2021-05-31,SF,ITF main draw,2021,2019-21,"Result, no statistics",True,True,False,False,True,False,False,False,False,False,0.0,0.0,0.0,0.0,0.0,0.0,0.0,0.0
H0A4:atp:2021/7197/ms004:LI10,Nick Hardt,M25 Santo Domingo,2021-05-31,QF,ITF main draw,2021,2019-21,"Result, no statistics",True,True,False,False,True,False,False,False,False,False,0.0,0.0,0.0,0.0,0.0,0.0,0.0,0.0
H0A4:atp:2021/7197/ms009:O634,Nick Hardt,M25 Santo Domingo,2021-05-31,R16,ITF main draw,2021,2019-21,"Result, no statistics",True,True,False,False,True,False,False,False,False,False,0.0,0.0,0.0,0.0,0.0,0.0,0.0,0.0
H0A4:atp:2021/7197/ms019:RD48,Nick Hardt,M25 Santo Domingo,2021-05-31,R32,ITF main draw,2021,2019-21,"Result, no statistics",True,True,False,False,True,False,False,False,False,False,0.0,0.0,0.0,0.0,0.0,0.0,0.0,0.0
H0A4:atp:2021/7468/ms013:KC29,Nick Hardt,M25 Santo Domingo,2021-06-07,R16,ITF main draw,2021,2019-21,Missing,True,True,False,False,True,False,False,False,False,False,0.0,0.0,0.0,0.0,0.0,0.0,0.0,0.0
H0A4:atp:2021/7468/ms027:RB00,Nick Hardt,M25 Santo Domingo,2021-06-07,R32,ITF main draw,2021,2019-21,"Result, no statistics",True,True,False,False,True,False,False,False,False,False,0.0,0.0,0.0,0.0,0.0,0.0,0.0,0.0
H0A4:atp:2021/1732/ms001:CL82,Nick Hardt,M25 Belgrade,2021-06-28,F,ITF main draw,2021,2019-21,"Result, no statistics",True,True,True,False,False,True,False,False,False,False,0.0,0.0,0.0,0.0,0.0,0.0,0.0,0.0
H0A4:atp:2021/1732/ms002:LI39,Nick Hardt,M25 Belgrade,2021-06-28,SF,ITF main draw,2021,2019-21,"Result, no statistics",True,True,True,False,False,True,False,False,False,False,0.0,0.0,0.0,0.0,0.0,0.0,0.0,0.0
H0A4:atp:2021/1732/ms005:ML73,Nick Hardt,M25 Belgrade,2021-06-28,QF,ITF main draw,2021,2019-21,"Result, no statistics",True,True,True,False,False,True,False,False,False,False,0.0,0.0,0.0,0.0,0.0,0.0,0.0,0.0
H0A4:atp:2021/1732/ms011:C09T,Nick Hardt,M25 Belgrade,2021-06-28,R16,ITF main draw,2021,2019-21,"Result, no statistics",True,True,True,False,False,True,False,False,False,False,0.0,0.0,0.0,0.0,0.0,0.0,0.0,0.0
H0A4:atp:2021/1732/ms023:J0BQ,Nick Hardt,M25 Belgrade,2021-06-28,R32,ITF main draw,2021,2019-21,"Result, no statistics",True,True,True,False,False,True,False,False,False,False,0.0,0.0,0.0,0.0,0.0,0.0,0.0,0.0
H0A4:atp:2021/572/ms001:WB25,Nick Hardt,M25 Marburg,2021-07-05,F,ITF main draw,2021,2019-21,"Result, no statistics",True,True,True,False,False,True,False,False,False,False,0.0,0.0,0.0,0.0,0.0,0.0,0.0,0.0
H0A4:atp:2021/572/ms002:N0B4,Nick Hardt,M25 Marburg,2021-07-05,SF,ITF main draw,2021,2019-21,"Result, no statistics",True,True,True,False,False,True,False,False,False,False,0.0,0.0,0.0,0.0,0.0,0.0,0.0,0.0
H0A4:atp:2021/572/ms005:MM78,Nick Hardt,M25 Marburg,2021-07-05,QF,ITF main draw,2021,2019-21,"Result, no statistics",True,True,True,False,False,True,False,False,False,False,0.0,0.0,0.0,0.0,0.0,0.0,0.0,0.0
H0A4:atp:2021/572/ms010:MN23,Nick Hardt,M25 Marburg,2021-07-05,R16,ITF main draw,2021,2019-21,"Result, no statistics",True,True,True,False,False,True,False,False,False,False,0.0,0.0,0.0,0.0,0.0,0.0,0.0,0.0
H0A4:atp:2021/572/ms020:N561,Nick Hardt,M25 Marburg,2021-07-05,R32,ITF main draw,2021,2019-21,"Result, no statistics",True,True,True,False,False,True,False,False,False,False,0.0,0.0,0.0,0.0,0.0,0.0,0.0,0.0
H0A4:atp:2021/92/ms024:MI43,Nick Hardt,M25 Telfs,2021-07-12,R32,ITF main draw,2021,2019-21,"Result, no statistics",True,True,True,False,False,True,False,False,False,False,0.0,0.0,0.0,0.0,0.0,0.0,0.0,0.0
H0A4:atp:2021/275/ms001:HB48,Nick Hardt,M25 Denia,2021-07-26,F,ITF main draw,2021,2019-21,"Result, no statistics",True,True,False,False,True,False,False,False,False,False,0.0,0.0,0.0,0.0,0.0,0.0,0.0,0.0
H0A4:atp:2021/275/ms002:E830,Nick Hardt,M25 Denia,2021-07-26,SF,ITF main draw,2021,2019-21,Missing,True,True,True,False,False,True,False,False,False,False,0.0,0.0,0.0,0.0,0.0,0.0,0.0,0.0
H0A4:atp:2021/275/ms005:LF29,Nick Hardt,M25 Denia,2021-07-26,QF,ITF main draw,2021,2019-21,"Result, no statistics",True,True,True,False,False,True,False,False,False,False,0.0,0.0,0.0,0.0,0.0,0.0,0.0,0.0
H0A4:atp:2021/275/ms010:M0HU,Nick Hardt,M25 Denia,2021-07-26,R16,ITF main draw,2021,2019-21,"Result, no statistics",True,True,True,False,False,True,False,False,False,False,0.0,0.0,0.0,0.0,0.0,0.0,0.0,0.0
H0A4:atp:2021/275/ms020:B0HF,Nick Hardt,M25 Denia,2021-07-26,R32,ITF main draw,2021,2019-21,"Result, no statistics",True,True,True,False,False,True,False,False,False,False,0.0,0.0,0.0,0.0,0.0,0.0,0.0,0.0
H0A4:atp:2021/6809/ms018:KI74,Nick Hardt,Meerbusch,2021-08-09,R32,Challenger main draw,2021,2019-21,Result + serve/return totals,True,True,False,False,True,False,False,False,False,False,0.553,0.0,0.0,0.0,0.0,0.0,0.0,0.0
H0A4:atp:2021/6809/qs007:F840,Nick Hardt,Meerbusch,2021-08-09,Q2,Challenger qualifying,2021,2019-21,Result + serve/return totals,True,True,False,False,True,False,False,False,False,False,0.336,0.0,0.0,0.0,0.0,0.0,0.0,0.0
H0A4:atp:2021/6809/qs015:PL53,Nick Hardt,Meerbusch,2021-08-09,Q1,Challenger qualifying,2021,2019-21,Result + serve/return totals,True,True,False,False,True,False,False,False,False,False,0.336,0.0,0.0,0.0,0.0,0.0,0.0,0.0
H0A4:atp:2021/9542/qs005:J09X,Nick Hardt,Luedenscheid,2021-08-16,Q2,Challenger qualifying,2021,2019-21,Result + serve/return totals,True,True,False,False,True,False,False,False,False,False,0.336,0.0,0.0,0.0,0.0,0.0,0.0,0.0
H0A4:atp:2021/9542/qs010:TD47,Nick Hardt,Luedenscheid,2021-08-16,Q1,Challenger qualifying,2021,2019-21,Result + serve/return totals,True,True,False,False,True,False,False,False,False,False,0.336,0.0,0.0,0.0,0.0,0.0,0.0,0.0
H0A4:atp:2021/9550/qs005:RG42,Nick Hardt,Prague III,2021-08-23,Q2,Challenger qualifying,2021,2019-21,Result + serve/return totals,True,True,False,False,True,False,False,False,False,False,0.336,0.0,0.0,0.0,0.0,0.0,0.0,0.0
H0A4:atp:2021/9550/qs010:K0EU,Nick Hardt,Prague III,2021-08-23,Q1,Challenger qualifying,2021,2019-21,Result + serve/return totals,True,True,False,False,True,False,False,False,False,False,0.336,0.0,0.0,0.0,0.0,0.0,0.0,0.0
H0A4:atp:2021/9616/ms000:DF88,Nick Hardt,G2 TUN vs DOM Round 1,2021-09-13,RR,Davis Cup,2021,2019-21,Result + serve/return totals,True,True,True,False,False,True,False,False,False,False,0.0,0.0,0.0,0.0,0.0,0.0,0.0,0.0
H0A4:atp:2021/9616/ms000:J267,Nick Hardt,G2 TUN vs DOM Round 1,2021-09-13,RR,Davis Cup,2021,2019-21,Result + serve/return totals,True,True,False,False,True,False,False,False,False,False,0.0,0.0,0.0,0.0,0.0,0.0,0.0,0.0
H0A4:atp:2021/9573/ms017:O660,Nick Hardt,Ambato,2021-09-20,R32,Challenger main draw,2021,2019-21,Result + serve/return totals,True,True,True,False,False,True,False,False,False,False,0.553,0.0,0.0,0.0,0.0,0.0,0.0,0.0
H0A4:atp:2021/6579/ms023:DA31,Nick Hardt,Lima,2021-09-27,R32,Challenger main draw,2021,2019-21,Result + serve/return totals,True,True,True,False,False,True,False,False,False,False,0.553,0.0,0.0,0.0,0.0,0.0,0.0,0.0
H0A4:atp:2021/7395/ms027:V836,Nick Hardt,Buenos Aires,2021-10-18,R32,Challenger main draw,2021,2019-21,Result + serve/return totals,True,True,True,False,False,True,False,False,False,False,0.553,0.0,0.0,0.0,0.0,0.0,0.0,0.0
H0A4:atp:2021/7391/ms021:SG56,Nick Hardt,Guayaquil,2021-11-01,R32,Challenger main draw,2021,2019-21,Result + serve/return totals,True,True,True,False,False,True,False,False,False,False,0.553,0.0,0.0,0.0,0.0,0.0,0.0,0.0
H0A4:atp:2021/9639/ms006:BT72,Nick Hardt,Antalya 3,2021-11-29,QF,Challenger main draw,2021,2019-21,Result + serve/return totals,True,True,True,False,False,True,False,False,False,False,0.553,0.0,0.0,0.0,0.0,0.0,0.0,0.0
H0A4:atp:2021/9639/ms013:D985,Nick Hardt,Antalya 3,2021-11-29,R16,Challenger main draw,2021,2019-21,Result + serve/return totals,True,True,True,False,False,True,False,False,False,False,0.553,0.0,0.0,0.0,0.0,0.0,0.0,0.0
H0A4:atp:2021/9639/ms026:DF88,Nick Hardt,Antalya 3,2021-11-29,R32,Challenger main draw,2021,2019-21,Result + serve/return totals,True,True,True,False,False,True,False,False,False,False,0.553,0.0,0.0,0.0,0.0,0.0,0.0,0.0
H0A4:atp:2021/9649/ms005:FC49,Nick Hardt,Antalya 4,2021-12-06,QF,Challenger main draw,2021,2019-21,Result + serve/return totals,True,True,True,False,False,True,False,False,False,False,0.553,0.0,0.0,0.0,0.0,0.0,0.0,0.0
H0A4:atp:2021/9649/ms011:BV25,Nick Hardt,Antalya 4,2021-12-06,R16,Challenger main draw,2021,2019-21,Result + serve/return totals,True,True,True,False,False,True,False,False,False,False,0.553,0.0,0.0,0.0,0.0,0.0,0.0,0.0
H0A4:atp:2021/9649/ms022:K0DP,Nick Hardt,Antalya 4,2021-12-06,R32,Challenger main draw,2021,2019-21,Result + serve/return totals,True,True,True,False,False,True,False,False,False,False,0.553,0.0,0.0,0.0,0.0,0.0,0.0,0.0
H0A4:atp:2021/9653/ms014:BT68,Nick Hardt,Maia 2,2021-12-13,R16,Challenger main draw,2021,2019-21,Result + serve/return totals,True,True,False,False,False,True,False,False,False,False,0.553,0.0,0.0,0.0,0.0,0.0,0.0,0.0
H0A4:atp:2021/9653/ms028:D985,Nick Hardt,Maia 2,2021-12-13,R32,Challenger main draw,2021,2019-21,Result + serve/return totals,True,True,True,False,False,True,False,False,False,False,0.553,0.0,0.0,0.0,0.0,0.0,0.0,0.0
H0A4:atp:2022/9194/ms013:R09X,Nick Hardt,Columbus,2022-01-24,R16,Challenger main draw,2022,2022-23,Result + serve/return totals,True,True,False,False,True,False,False,False,False,False,0.553,0.0,0.0,0.0,0.0,0.0,0.0,0.0
H0A4:atp:2022/9194/ms026:H940,Nick Hardt,Columbus,2022-01-24,R32,Challenger main draw,2022,2022-23,Result + serve/return totals,True,True,False,False,True,False,False,False,False,False,0.553,0.0,0.0,0.0,0.0,0.0,0.0,0.0
H0A4:atp:2022/9194/qs013:N0AM,Nick Hardt,Columbus,2022-01-24,Q2,Challenger qualifying,2022,2022-23,Result + serve/return totals,True,True,False,False,True,False,False,False,False,False,0.336,0.0,0.0,0.0,0.0,0.0,0.0,0.0
H0A4:atp:2022/9194/qs027:M0PB,Nick Hardt,Columbus,2022-01-24,Q1,Challenger qualifying,2022,2022-23,Missing,True,True,False,False,False,True,False,False,False,False,0.336,0.0,0.0,0.0,0.0,0.0,0.0,0.0
H0A4:atp:2022/9154/qs010:GK06,Nick Hardt,Cleveland,2022-01-31,Q2,Challenger qualifying,2022,2022-23,Result + serve/return totals,True,True,False,False,True,False,False,False,False,False,0.336,0.0,0.0,0.0,0.0,0.0,0.0,0.0
H0A4:atp:2022/9154/qs021:AB71,Nick Hardt,Cleveland,2022-01-31,Q1,Challenger qualifying,2022,2022-23,Result + serve/return totals,True,True,False,False,True,False,False,False,False,False,0.336,0.0,0.0,0.0,0.0,0.0,0.0,0.0
H0A4:atp:2022/8247/ms005:A0B6,Nick Hardt,M25 Cancun,2022-02-14,QF,ITF main draw,2022,2022-23,"Result, no statistics",True,True,False,False,True,False,False,False,False,False,0.0,0.0,0.0,0.0,0.0,0.0,0.0,0.0
H0A4:atp:2022/8247/ms010:GB41,Nick Hardt,M25 Cancun,2022-02-14,R16,ITF main draw,2022,2022-23,"Result, no statistics",True,True,False,False,True,False,False,False,False,False,0.0,0.0,0.0,0.0,0.0,0.0,0.0,0.0
H0A4:atp:2022/8247/ms020:N0DR,Nick Hardt,M25 Cancun,2022-02-14,R32,ITF main draw,2022,2022-23,"Result, no statistics",True,True,False,False,True,False,False,False,False,False,0.0,0.0,0.0,0.0,0.0,0.0,0.0,0.0
H0A4:atp:2022/7197/ms001:W857,Nick Hardt,M25 Santo Domingo,2022-02-21,F,ITF main draw,2022,2022-23,"Result, no statistics",True,True,True,False,False,True,False,False,False,False,0.0,0.0,0.0,0.0,0.0,0.0,0.0,0.0
H0A4:atp:2022/7197/ms002:CF88,Nick Hardt,M25 Santo Domingo,2022-02-21,SF,ITF main draw,2022,2022-23,"Result, no statistics",True,True,True,False,False,True,False,False,False,False,0.0,0.0,0.0,0.0,0.0,0.0,0.0,0.0
H0A4:atp:2022/7197/ms005:PF65,Nick Hardt,M25 Santo Domingo,2022-02-21,QF,ITF main draw,2022,2022-23,"Result, no statistics",True,True,True,False,False,True,False,False,False,False,0.0,0.0,0.0,0.0,0.0,0.0,0.0,0.0
H0A4:atp:2022/7197/ms010:BP79,Nick Hardt,M25 Santo Domingo,2022-02-21,R16,ITF main draw,2022,2022-23,Shot-by-shot chart,False,False,False,False,True,False,False,False,False,False,0.0,0.0,0.0,0.0,0.0,0.0,0.0,0.0
H0A4:atp:2022/7197/ms020:L0G8,Nick Hardt,M25 Santo Domingo,2022-02-21,R32,ITF main draw,2022,2022-23,"Result, no statistics",True,True,False,False,True,False,False,False,False,False,0.0,0.0,0.0,0.0,0.0,0.0,0.0,0.0
H0A4:atp:2022/9699/ms000:T0AB,Nick Hardt,G2 DOM vs VIE Round 1,2022-02-28,RR,Davis Cup,2022,2022-23,Missing,True,True,True,False,False,True,False,False,False,False,0.0,0.0,0.0,0.0,0.0,0.0,0.0,0.0
H0A4:atp:2022/9820/ms023:BS86,Nick Hardt,Santa Cruz De La Sierra 2,2022-03-21,R32,Challenger main draw,2022,2022-23,Result + serve/return totals,True,True,False,False,False,True,False,False,False,False,0.553,0.0,0.0,0.0,0.0,0.0,0.0,0.0
H0A4:atp:2022/59/ms022:AC58,Nick Hardt,Salinas,2022-04-04,R32,Challenger main draw,2022,2022-23,Result + serve/return totals,True,True,False,False,False,True,False,False,False,False,0.553,0.0,0.0,0.0,0.0,0.0,0.0,0.0
H0A4:atp:2022/5069/qs024:EA13,Nick Hardt,Sarasota,2022-04-11,Q1,Challenger qualifying,2022,2022-23,Result + serve/return totals,True,True,False,False,False,True,False,False,False,False,0.336,0.0,0.0,0.0,0.0,0.0,0.0,0.0
H0A4:atp:2022/692/qs020:MM78,Nick Hardt,Tallahassee,2022-04-18,Q1,Challenger qualifying,2022,2022-23,Result + serve/return totals,True,True,False,False,False,True,False,False,False,False,0.336,0.0,0.0,0.0,0.0,0.0,0.0,0.0
H0A4:atp:2022/1200/ms013:D985,Nick Hardt,Salvador De Bahia,2022-05-02,R16,Challenger main draw,2022,2022-23,Result + serve/return totals,True,True,False,False,False,True,False,False,False,False,0.553,0.0,0.0,0.0,0.0,0.0,0.0,0.0
H0A4:atp:2022/1200/ms026:C0DF,Nick Hardt,Salvador De Bahia,2022-05-02,R32,Challenger main draw,2022,2022-23,Result + serve/return totals,True,True,False,False,False,True,False,False,False,False,0.553,0.0,0.0,0.0,0.0,0.0,0.0,0.0
H0A4:atp:2022/7707/ms024:A09T,Nick Hardt,Francavilla al Mare,2022-05-16,R32,Challenger main draw,2022,2022-23,Result + serve/return totals,True,True,False,False,True,False,False,False,False,False,0.553,0.0,0.0,0.0,0.0,0.0,0.0,0.0
H0A4:atp:2022/331/ms005:L0CX,Nick Hardt,M25 Mataro,2022-05-23,QF,ITF main draw,2022,2022-23,"Result, no statistics",True,True,False,False,True,False,False,False,False,False,0.0,0.0,0.0,0.0,0.0,0.0,0.0,0.0
H0A4:atp:2022/331/ms011:R0BF,Nick Hardt,M25 Mataro,2022-05-23,R16,ITF main draw,2022,2022-23,"Result, no statistics",True,True,False,False,True,False,False,False,False,False,0.0,0.0,0.0,0.0,0.0,0.0,0.0,0.0
H0A4:atp:2022/331/ms023:GE28,Nick Hardt,M25 Mataro,2022-05-23,R32,ITF main draw,2022,2022-23,"Result, no statistics",True,True,False,False,True,False,False,False,False,False,0.0,0.0,0.0,0.0,0.0,0.0,0.0,0.0
H0A4:atp:2022/9879/ms001:LC12,Nick Hardt,M25 La Nucia,2022-05-30,F,ITF main draw,2022,2022-23,"Result, no statistics",True,True,False,False,True,False,False,False,False,False,0.0,0.0,0.0,0.0,0.0,0.0,0.0,0.0
H0A4:atp:2022/9879/ms003:RB60,Nick Hardt,M25 La Nucia,2022-05-30,SF,ITF main draw,2022,2022-23,"Result, no statistics",True,True,False,False,True,False,False,False,False,False,0.0,0.0,0.0,0.0,0.0,0.0,0.0,0.0
H0A4:atp:2022/9879/ms006:J737,Nick Hardt,M25 La Nucia,2022-05-30,QF,ITF main draw,2022,2022-23,"Result, no statistics",True,True,False,False,True,False,False,False,False,False,0.0,0.0,0.0,0.0,0.0,0.0,0.0,0.0
H0A4:atp:2022/9879/ms013:M0EY,Nick Hardt,M25 La Nucia,2022-05-30,R16,ITF main draw,2022,2022-23,"Result, no statistics",True,True,False,False,True,False,False,False,False,False,0.0,0.0,0.0,0.0,0.0,0.0,0.0,0.0
H0A4:atp:2022/9879/ms027:C0KH,Nick Hardt,M25 La Nucia,2022-05-30,R32,ITF main draw,2022,2022-23,"Result, no statistics",True,True,False,False,True,False,False,False,False,False,0.0,0.0,0.0,0.0,0.0,0.0,0.0,0.0
H0A4:atp:2022/1208/ms004:FA43,Nick Hardt,Corrientes,2022-06-13,QF,Challenger main draw,2022,2022-23,Result + serve/return totals,True,True,False,False,False,True,False,False,False,False,0.553,0.0,0.0,0.0,0.0,0.0,0.0,0.0
H0A4:atp:2022/1208/ms009:H0DU,Nick Hardt,Corrientes,2022-06-13,R16,Challenger main draw,2022,2022-23,Result + serve/return totals,True,True,False,False,False,True,False,False,False,False,0.553,0.0,0.0,0.0,0.0,0.0,0.0,0.0
H0A4:atp:2022/1208/ms019:T0AF,Nick Hardt,Corrientes,2022-06-13,R32,Challenger main draw,2022,2022-23,Result + serve/return totals,True,True,False,False,True,False,False,False,False,False,0.553,0.0,0.0,0.0,0.0,0.0,0.0,0.0
H0A4:atp:2022/1210/ms009:N0BS,Nick Hardt,Buenos Aires (Argentino),2022-06-20,R16,Challenger main draw,2022,2022-23,Result + serve/return totals,True,True,False,False,False,True,False,False,False,False,0.553,0.0,0.0,0.0,0.0,0.0,0.0,0.0
H0A4:atp:2022/1210/ms019:T0AF,Nick Hardt,Buenos Aires (Argentino),2022-06-20,R32,Challenger main draw,2022,2022-23,Result + serve/return totals,True,True,False,False,False,True,False,False,False,False,0.553,0.0,0.0,0.0,0.0,0.0,0.0,0.0
H0A4:atp:2022/9814/ms030:J737,Nick Hardt,Cali,2022-06-27,R32,Challenger main draw,2022,2022-23,Result + serve/return totals,True,True,False,False,False,True,False,False,False,False,0.553,0.0,0.0,0.0,0.0,0.0,0.0,0.0
H0A4:atp:2022/7389/ms003:FA43,Nick Hardt,Bogota,2022-07-04,SF,Challenger main draw,2022,2022-23,Result + serve/return totals,True,True,False,False,False,True,False,False,False,False,0.553,0.0,0.0,0.0,0.0,0.0,0.0,0.0
H0A4:atp:2022/7389/ms006:J737,Nick Hardt,Bogota,2022-07-04,QF,Challenger main draw,2022,2022-23,Result + serve/return totals,True,True,False,False,False,True,False,False,False,False,0.553,0.0,0.0,0.0,0.0,0.0,0.0,0.0
H0A4:atp:2022/7389/ms013:H0C9,Nick Hardt,Bogota,2022-07-04,R16,Challenger main draw,2022,2022-23,Result + serve/return totals,True,True,False,False,False,True,False,False,False,False,0.553,0.0,0.0,0.0,0.0,0.0,0.0,0.0
H0A4:atp:2022/7389/ms027:K0AZ,Nick Hardt,Bogota,2022-07-04,R32,Challenger main draw,2022,2022-23,Result + serve/return totals,True,True,False,False,False,True,False,False,False,False,0.553,0.0,0.0,0.0,0.0,0.0,0.0,0.0
H0A4:atp:2022/9554/ms002:M0EA,Nick Hardt,M25 Esch/Alzette,2022-07-18,SF,ITF main draw,2022,2022-23,"Result, no statistics",True,True,True,False,False,True,False,False,False,False,0.0,0.0,0.0,0.0,0.0,0.0,0.0,0.0
H0A4:atp:2022/9554/ms005:LF29,Nick Hardt,M25 Esch/Alzette,2022-07-18,QF,ITF main draw,2022,2022-23,"Result, no statistics",True,True,True,False,False,True,False,False,False,False,0.0,0.0,0.0,0.0,0.0,0.0,0.0,0.0
H0A4:atp:2022/9554/ms010:G0CV,Nick Hardt,M25 Esch/Alzette,2022-07-18,R16,ITF main draw,2022,2022-23,"Result, no statistics",True,True,True,False,False,True,False,False,False,False,0.0,0.0,0.0,0.0,0.0,0.0,0.0,0.0
H0A4:atp:2022/9554/ms020:V0BP,Nick Hardt,M25 Esch/Alzette,2022-07-18,R32,ITF main draw,2022,2022-23,"Result, no statistics",True,True,True,False,False,True,False,False,False,False,0.0,0.0,0.0,0.0,0.0,0.0,0.0,0.0
H0A4:atp:2022/1586/ms001:N0BS,Nick Hardt,M25 Denia,2022-07-25,F,ITF main draw,2022,2022-23,"Result, no statistics",True,True,False,False,True,False,False,False,False,False,0.0,0.0,0.0,0.0,0.0,0.0,0.0,0.0
H0A4:atp:2022/1586/ms003:DA86,Nick Hardt,M25 Denia,2022-07-25,SF,ITF main draw,2022,2022-23,"Result, no statistics",True,True,False,False,True,False,False,False,False,False,0.0,0.0,0.0,0.0,0.0,0.0,0.0,0.0
H0A4:atp:2022/1586/ms007:M0GX,Nick Hardt,M25 Denia,2022-07-25,QF,ITF main draw,2022,2022-23,"Result, no statistics",True,True,True,False,False,True,False,False,False,False,0.0,0.0,0.0,0.0,0.0,0.0,0.0,0.0
H0A4:atp:2022/1586/ms015:O0AP,Nick Hardt,M25 Denia,2022-07-25,R16,ITF main draw,2022,2022-23,"Result, no statistics",True,True,True,False,False,True,False,False,False,False,0.0,0.0,0.0,0.0,0.0,0.0,0.0,0.0
H0A4:atp:2022/1586/ms031:N0BA,Nick Hardt,M25 Denia,2022-07-25,R32,ITF main draw,2022,2022-23,"Result, no statistics",True,True,True,False,False,True,False,False,False,False,0.0,0.0,0.0,0.0,0.0,0.0,0.0,0.0
H0A4:atp:2022/572/ms001:M0AC,Nick Hardt,M25 Wetzlar,2022-08-01,F,ITF main draw,2022,2022-23,"Result, no statistics",True,True,False,False,True,False,False,False,False,False,0.0,0.0,0.0,0.0,0.0,0.0,0.0,0.0
H0A4:atp:2022/572/ms002:C0JP,Nick Hardt,M25 Wetzlar,2022-08-01,SF,ITF main draw,2022,2022-23,"Result, no statistics",True,True,False,False,True,False,False,False,False,False,0.0,0.0,0.0,0.0,0.0,0.0,0.0,0.0
H0A4:atp:2022/572/ms004:CH12,Nick Hardt,M25 Wetzlar,2022-08-01,QF,ITF main draw,2022,2022-23,"Result, no statistics",True,True,False,False,True,False,False,False,False,False,0.0,0.0,0.0,0.0,0.0,0.0,0.0,0.0
H0A4:atp:2022/572/ms008:R0ED,Nick Hardt,M25 Wetzlar,2022-08-01,R16,ITF main draw,2022,2022-23,"Result, no statistics",True,True,False,False,True,False,False,False,False,False,0.0,0.0,0.0,0.0,0.0,0.0,0.0,0.0
H0A4:atp:2022/572/ms016:MK26,Nick Hardt,M25 Wetzlar,2022-08-01,R32,ITF main draw,2022,2022-23,"Result, no statistics",True,True,False,False,True,False,False,False,False,False,0.0,0.0,0.0,0.0,0.0,0.0,0.0,0.0
H0A4:atp:2022/7201/ms011:T0A1,Nick Hardt,Santo Domingo,2022-08-15,R16,Challenger main draw,2022,2022-23,Result + serve/return totals,True,True,False,False,True,False,False,False,False,False,0.553,0.0,0.0,0.0,0.0,0.0,0.0,0.0
H0A4:atp:2022/7201/ms022:LB07,Nick Hardt,Santo Domingo,2022-08-15,R32,Challenger main draw,2022,2022-23,Result + serve/return totals,True,True,False,False,True,False,False,False,False,False,0.553,0.0,0.0,0.0,0.0,0.0,0.0,0.0
H0A4:atp:2022/4206/ms000:O0BQ,Nick Hardt,G2 LAT vs DOM Round 1,2022-09-12,RR,Davis Cup,2022,2022-23,"Result, no statistics",True,True,True,False,False,True,False,False,False,False,0.0,0.0,0.0,0.0,0.0,0.0,0.0,0.0
H0A4:atp:2022/4206/ms000:T0HY,Nick Hardt,G2 LAT vs DOM Round 1,2022-09-12,RR,Davis Cup,2022,2022-23,"Result, no statistics",True,True,False,False,False,True,False,False,False,False,0.0,0.0,0.0,0.0,0.0,0.0,0.0,0.0
H0A4:atp:2022/7913/ms029:S0GR,Nick Hardt,Braga,2022-09-19,R32,Challenger main draw,2022,2022-23,Result + serve/return totals,True,True,False,False,False,True,False,False,False,False,0.553,0.0,0.0,0.0,0.0,0.0,0.0,0.0
H0A4:atp:2022/7742/qs020:F0F2,Nick Hardt,Lisbon,2022-09-26,Q1,Challenger qualifying,2022,2022-23,Result + serve/return totals,True,True,False,False,False,True,False,False,False,False,0.336,0.0,0.0,0.0,0.0,0.0,0.0,0.0
H0A4:atp:2022/7909/ms001:KI63,Nick Hardt,Alicante,2022-10-03,F,Challenger main draw,2022,2022-23,Result + serve/return totals,True,True,False,False,True,False,False,False,False,True,0.553,0.0,0.0,0.0,0.0,0.0,0.0,0.0
H0A4:atp:2022/7909/ms003:A0FC,Nick Hardt,Alicante,2022-10-03,SF,Challenger main draw,2022,2022-23,Result + serve/return totals,True,True,False,False,False,True,False,False,False,False,0.553,0.0,0.0,0.0,0.0,0.0,0.0,0.0
H0A4:atp:2022/7909/ms007:N0AM,Nick Hardt,Alicante,2022-10-03,QF,Challenger main draw,2022,2022-23,Result + serve/return totals,True,True,False,False,False,True,False,False,False,False,0.553,0.0,0.0,0.0,0.0,0.0,0.0,0.0
H0A4:atp:2022/7909/ms015:A09U,Nick Hardt,Alicante,2022-10-03,R16,Challenger main draw,2022,2022-23,Result + serve/return totals,True,True,False,False,False,True,False,False,False,False,0.553,0.0,0.0,0.0,0.0,0.0,0.0,0.0
H0A4:atp:2022/7909/ms031:BU54,Nick Hardt,Alicante,2022-10-03,R32,Challenger main draw,2022,2022-23,Result + serve/return totals,True,True,False,False,False,True,False,False,False,False,0.553,0.0,0.0,0.0,0.0,0.0,0.0,0.0
H0A4:atp:2022/9552/ms011:R0EB,Nick Hardt,Saint-Tropez,2022-10-10,R16,Challenger main draw,2022,2022-23,Result + serve/return totals,True,True,False,False,True,False,False,False,False,False,0.553,0.0,0.0,0.0,0.0,0.0,0.0,0.0
H0A4:atp:2022/9552/ms022:B0AY,Nick Hardt,Saint-Tropez,2022-10-10,R32,Challenger main draw,2022,2022-23,Result + serve/return totals,True,True,False,False,True,False,False,False,False,False,0.553,0.0,0.0,0.0,0.0,0.0,0.0,0.0
H0A4:atp:2022/2821/ms013:SX91,Nick Hardt,Sao Leopoldo,2022-11-14,R16,Challenger main draw,2022,2022-23,Result + serve/return totals,True,True,False,False,True,False,False,False,False,False,0.553,0.0,0.0,0.0,0.0,0.0,0.0,0.0
H0A4:atp:2022/2821/ms026:LA54,Nick Hardt,Sao Leopoldo,2022-11-14,R32,Challenger main draw,2022,2022-23,Result + serve/return totals,True,True,False,False,True,False,False,False,False,False,0.553,0.0,0.0,0.0,0.0,0.0,0.0,0.0
H0A4:atp:2022/2829/ms005:M0AW,Nick Hardt,Temuco,2022-11-21,QF,Challenger main draw,2022,2022-23,Result + serve/return totals,True,True,False,False,True,False,False,False,False,False,0.553,0.0,0.0,0.0,0.0,0.0,0.0,0.0
H0A4:atp:2022/2829/ms010:A09P,Nick Hardt,Temuco,2022-11-21,R16,Challenger main draw,2022,2022-23,Result + serve/return totals,True,True,False,False,True,False,False,False,False,False,0.553,0.0,0.0,0.0,0.0,0.0,0.0,0.0
H0A4:atp:2022/2829/ms020:BU64,Nick Hardt,Temuco,2022-11-21,R32,Challenger main draw,2022,2022-23,Result + serve/return totals,True,True,False,False,True,False,False,False,False,False,0.553,0.0,0.0,0.0,0.0,0.0,0.0,0.0
H0A4:atp:2022/4274/ms001:D0DP,Nick Hardt,M15 Santo Domingo,2022-11-28,F,ITF main draw,2022,2022-23,"Result, no statistics",True,True,True,False,False,True,False,False,False,False,0.0,0.0,0.0,0.0,0.0,0.0,0.0,0.0
H0A4:atp:2022/4274/ms002:L0G8,Nick Hardt,M15 Santo Domingo,2022-11-28,SF,ITF main draw,2022,2022-23,"Result, no statistics",True,True,True,False,False,True,False,False,False,False,0.0,0.0,0.0,0.0,0.0,0.0,0.0,0.0
H0A4:atp:2022/4274/ms004:D0H9,Nick Hardt,M15 Santo Domingo,2022-11-28,QF,ITF main draw,2022,2022-23,"Result, no statistics",True,True,True,False,False,True,False,False,False,False,0.0,0.0,0.0,0.0,0.0,0.0,0.0,0.0
H0A4:atp:2022/4274/ms008:S0M9,Nick Hardt,M15 Santo Domingo,2022-11-28,R16,ITF main draw,2022,2022-23,"Result, no statistics",False,False,False,False,False,True,False,False,False,False,0.0,0.0,0.0,0.0,0.0,0.0,0.0,0.0
H0A4:atp:2022/4274/ms016:M0RX,Nick Hardt,M15 Santo Domingo,2022-11-28,R32,ITF main draw,2022,2022-23,"Result, no statistics",True,True,False,False,True,False,False,False,False,False,0.0,0.0,0.0,0.0,0.0,0.0,0.0,0.0
H0A4:atp:2023/580/qs091:Y218,Nick Hardt,Australian Open,2023-01-16,Q1,Tour qualifying,2023,2022-23,Result + serve/return totals,True,True,True,False,False,True,False,False,False,False,0.0,0.0,0.0,0.0,0.0,0.0,0.0,0.0
H0A4:atp:2023/9623/ms011:S0H2,Nick Hardt,Tenerife 1,2023-01-16,R16,Challenger main draw,2023,2022-23,Result + serve/return totals,True,True,False,False,False,True,True,False,False,False,0.0,0.0,0.0,0.0,0.0,0.0,0.0,0.0
H0A4:atp:2023/9623/ms022:RH59,Nick Hardt,Tenerife 1,2023-01-16,R32,Challenger main draw,2023,2022-23,Result + serve/return totals,True,True,False,False,False,True,True,False,False,False,0.0,0.0,0.0,0.0,0.0,0.0,0.0,0.0
H0A4:atp:2023/6239/ms028:DB59,Nick Hardt,Quimper,2023-01-23,R32,Challenger main draw,2023,2022-23,Result + serve/return totals,True,True,False,False,False,True,True,False,False,False,0.0,0.0,0.0,0.0,0.0,0.0,0.0,0.0
H0A4:atp:2023/6239/qs008:TC95,Nick Hardt,Quimper,2023-01-23,Q2,Challenger qualifying,2023,2022-23,Result + serve/return totals,True,True,False,False,False,True,True,False,False,False,0.0,0.0,0.0,0.0,0.0,0.0,0.0,0.0
H0A4:atp:2023/6239/qs016:SY72,Nick Hardt,Quimper,2023-01-23,Q1,Challenger qualifying,2023,2022-23,Result + serve/return totals,True,True,False,False,False,True,True,False,False,False,0.0,0.0,0.0,0.0,0.0,0.0,0.0,0.0
H0A4:atp:2023/4290/ms000:CN78,Nick Hardt,G2 MON vs DOM Round 1,2023-01-30,RR,Davis Cup,2023,2022-23,Missing,True,True,True,False,False,True,False,False,False,False,0.0,0.0,0.0,0.0,0.0,0.0,0.0,0.0
H0A4:atp:2023/7468/ms004:BI81,Nick Hardt,M25 Santo Domingo,2023-02-20,QF,ITF main draw,2023,2022-23,"Result, no statistics",True,True,False,False,True,False,False,False,False,False,0.0,0.0,0.0,0.0,0.0,0.0,0.0,0.0
H0A4:atp:2023/7468/ms008:HG90,Nick Hardt,M25 Santo Domingo,2023-02-20,R16,ITF main draw,2023,2022-23,"Result, no statistics",True,True,True,False,False,True,False,False,False,False,0.0,0.0,0.0,0.0,0.0,0.0,0.0,0.0
H0A4:atp:2023/7468/ms016:BK09,Nick Hardt,M25 Santo Domingo,2023-02-20,R32,ITF main draw,2023,2022-23,"Result, no statistics",True,True,True,False,False,True,False,False,False,False,0.0,0.0,0.0,0.0,0.0,0.0,0.0,0.0
H0A4:atp:2023/2857/ms013:K0AZ,Nick Hardt,Waco,2023-02-27,R16,Challenger main draw,2023,2022-23,Result + serve/return totals,True,True,False,False,True,False,True,False,False,False,0.0,0.0,0.0,0.0,0.0,0.0,0.0,0.0
H0A4:atp:2023/2857/ms026:K0EU,Nick Hardt,Waco,2023-02-27,R32,Challenger main draw,2023,2022-23,Result + serve/return totals,True,True,False,False,True,False,True,False,False,False,0.0,0.0,0.0,0.0,0.0,0.0,0.0,0.0
H0A4:atp:2023/404/qs045:DA81,Nick Hardt,ATP Masters 1000 Indian Wells,2023-03-06,Q1,Tour qualifying,2023,2022-23,Result + serve/return totals,True,True,False,False,True,False,True,False,False,False,0.0,0.0,0.0,0.0,0.0,0.0,0.0,0.0
H0A4:atp:2023/8375/ms029:CG94,Nick Hardt,Mexico City,2023-03-27,R32,Challenger main draw,2023,2022-23,Result + serve/return totals,True,True,False,False,True,False,True,False,False,False,0.0,0.0,0.0,0.0,0.0,0.0,0.0,0.0
H0A4:atp:2023/213/ms023:Y171,Nick Hardt,San Luis Potosi,2023-04-03,R32,Challenger main draw,2023,2022-23,Result + serve/return totals,True,True,False,False,True,False,True,False,False,False,0.0,0.0,0.0,0.0,0.0,0.0,0.0,0.0
H0A4:atp:2023/1210/ms009:V821,Nick Hardt,Buenos Aires (Argentino),2023-04-24,R16,Challenger main draw,2023,2022-23,Result + serve/return totals,True,True,False,False,True,False,True,False,False,False,0.0,0.0,0.0,0.0,0.0,0.0,0.0,0.0
H0A4:atp:2023/1210/ms019:M0OH,Nick Hardt,Buenos Aires (Argentino),2023-04-24,R32,Challenger main draw,2023,2022-23,Result + serve/return totals,True,True,False,False,True,False,True,False,False,False,0.0,0.0,0.0,0.0,0.0,0.0,0.0,0.0
H0A4:atp:2023/1202/ms004:R0A7,Nick Hardt,Coquimbo,2023-05-01,QF,Challenger main draw,2023,2022-23,Result + serve/return totals,True,True,False,False,False,True,True,False,False,False,0.0,0.0,0.0,0.0,0.0,0.0,0.0,0.0
H0A4:atp:2023/1202/ms008:PC09,Nick Hardt,Coquimbo,2023-05-01,R16,Challenger main draw,2023,2022-23,Result + serve/return totals,True,True,False,False,False,True,True,False,False,False,0.0,0.0,0.0,0.0,0.0,0.0,0.0,0.0
H0A4:atp:2023/1202/ms016:M0OH,Nick Hardt,Coquimbo,2023-05-01,R32,Challenger main draw,2023,2022-23,Result + serve/return totals,True,True,False,False,True,False,True,False,False,False,0.0,0.0,0.0,0.0,0.0,0.0,0.0,0.0
H0A4:atp:2023/7077/ms009:SQ80,Nick Hardt,Prague 2,2023-05-08,R16,Challenger main draw,2023,2022-23,Result + serve/return totals,True,True,False,False,False,True,True,False,False,False,0.0,0.0,0.0,0.0,0.0,0.0,0.0,0.0
H0A4:atp:2023/7077/ms018:GB53,Nick Hardt,Prague 2,2023-05-08,R32,Challenger main draw,2023,2022-23,Result + serve/return totals,True,True,False,False,False,True,True,False,False,False,0.0,0.0,0.0,0.0,0.0,0.0,0.0,0.0
H0A4:atp:2023/2871/qs016:R09V,Nick Hardt,Oeiras 4,2023-05-15,Q1,Challenger qualifying,2023,2022-23,Result + serve/return totals,True,True,False,False,False,True,True,False,False,False,0.0,0.0,0.0,0.0,0.0,0.0,0.0,0.0
H0A4:atp:2023/1204/ms005:GE28,Nick Hardt,Troisdorf,2023-05-29,QF,Challenger main draw,2023,2022-23,Result + serve/return totals,True,True,False,False,False,True,True,False,False,False,0.0,0.0,0.0,0.0,0.0,0.0,0.0,0.0
H0A4:atp:2023/1204/ms011:MJ71,Nick Hardt,Troisdorf,2023-05-29,R16,Challenger main draw,2023,2022-23,Result + serve/return totals,True,True,False,False,False,True,True,False,False,False,0.0,0.0,0.0,0.0,0.0,0.0,0.0,0.0
H0A4:atp:2023/1204/ms022:T0AP,Nick Hardt,Troisdorf,2023-05-29,R32,Challenger main draw,2023,2022-23,Result + serve/return totals,True,True,False,False,False,True,True,False,False,False,0.0,0.0,0.0,0.0,0.0,0.0,0.0,0.0
H0A4:atp:2023/1204/qs008:WB25,Nick Hardt,Troisdorf,2023-05-29,Q2,Challenger qualifying,2023,2022-23,Result + serve/return totals,True,True,False,False,False,True,True,False,False,False,0.0,0.0,0.0,0.0,0.0,0.0,0.0,0.0
H0A4:atp:2023/1204/qs016:LF26,Nick Hardt,Troisdorf,2023-05-29,Q1,Challenger qualifying,2023,2022-23,Result + serve/return totals,True,True,False,False,False,True,True,False,False,False,0.0,0.0,0.0,0.0,0.0,0.0,0.0,0.0
H0A4:atp:2023/520/qs032:KC56,Nick Hardt,Roland Garros,2023-05-29,Q2,Tour qualifying,2023,2022-23,Result + serve/return totals,True,True,True,False,False,True,True,False,False,False,0.0,0.0,0.0,0.0,0.0,0.0,0.0,0.0
H0A4:atp:2023/520/qs065:D0HD,Nick Hardt,Roland Garros,2023-05-29,Q1,Tour qualifying,2023,2022-23,Result + serve/return totals,True,True,True,False,False,True,True,False,False,False,0.0,0.0,0.0,0.0,0.0,0.0,0.0,0.0
H0A4:atp:2023/558/ms016:L0BV,Nick Hardt,Prostejov,2023-06-05,R32,Challenger main draw,2023,2022-23,Result + serve/return totals,True,True,False,False,False,True,True,False,False,False,0.0,0.0,0.0,0.0,0.0,0.0,0.0,0.0
H0A4:atp:2023/7536/ms029:PF39,Nick Hardt,Lyon,2023-06-12,R32,Challenger main draw,2023,2022-23,Result + serve/return totals,True,True,False,False,False,True,True,False,False,False,0.0,0.0,0.0,0.0,0.0,0.0,0.0,0.0
H0A4:atp:2023/540/qs080:A829,Nick Hardt,Wimbledon,2023-07-03,Q1,Tour qualifying,2023,2022-23,Result + serve/return totals,True,True,False,False,True,False,True,False,False,False,0.0,0.0,0.0,0.0,0.0,0.0,0.0,0.0
H0A4:atp:2023/9544/ms029:D0FJ,Nick Hardt,Verona,2023-07-24,R32,Challenger main draw,2023,2022-23,Result + serve/return totals,True,True,False,False,True,False,True,False,False,False,0.0,0.0,0.0,0.0,0.0,0.0,0.0,0.0
H0A4:atp:2023/9542/ms026:M0BN,Nick Hardt,Luedenscheid,2023-07-31,R32,Challenger main draw,2023,2022-23,Result + serve/return totals,True,True,False,False,True,False,True,False,False,False,0.0,0.0,0.0,0.0,0.0,0.0,0.0,0.0
H0A4:atp:2023/7201/ms025:BP79,Nick Hardt,Santo Domingo,2023-08-07,R32,Challenger main draw,2023,2022-23,Result + serve/return totals,True,True,False,False,True,False,True,False,False,False,0.0,0.0,0.0,0.0,0.0,0.0,0.0,0.0
H0A4:atp:2023/6242/qs014:KD35,Nick Hardt,Winston-Salem,2023-08-21,Q1,Tour qualifying,2023,2022-23,Result + serve/return totals,True,True,False,False,False,True,True,False,False,False,0.0,0.0,0.0,0.0,0.0,0.0,0.0,0.0
H0A4:atp:2023/7973/ms004:M0G4,Nick Hardt,Mallorca,2023-08-28,QF,Challenger main draw,2023,2022-23,Result + serve/return totals,True,True,False,False,False,True,True,False,False,False,0.0,0.0,0.0,0.0,0.0,0.0,0.0,0.0
H0A4:atp:2023/7973/ms008:MK26,Nick Hardt,Mallorca,2023-08-28,R16,Challenger main draw,2023,2022-23,Result + serve/return totals,True,True,False,False,False,True,True,False,False,False,0.0,0.0,0.0,0.0,0.0,0.0,0.0,0.0
H0A4:atp:2023/7973/ms017:W0BH,Nick Hardt,Mallorca,2023-08-28,R32,Challenger main draw,2023,2022-23,Result + serve/return totals,True,True,False,False,False,True,True,False,False,False,0.0,0.0,0.0,0.0,0.0,0.0,0.0,0.0
H0A4:atp:2023/7083/ms002:D923,Nick Hardt,Istanbul,2023-09-04,SF,Challenger main draw,2023,2022-23,Result + serve/return totals,True,True,False,False,False,True,True,False,False,False,0.0,0.0,0.0,0.0,0.0,0.0,0.0,0.0
H0A4:atp:2023/7083/ms004:CH05,Nick Hardt,Istanbul,2023-09-04,QF,Challenger main draw,2023,2022-23,Result + serve/return totals,True,True,False,False,False,True,True,False,False,False,0.0,0.0,0.0,0.0,0.0,0.0,0.0,0.0
H0A4:atp:2023/7083/ms008:TA46,Nick Hardt,Istanbul,2023-09-04,R16,Challenger main draw,2023,2022-23,Result + serve/return totals,True,True,False,False,False,True,True,False,False,False,0.0,0.0,0.0,0.0,0.0,0.0,0.0,0.0
H0A4:atp:2023/7083/ms016:KF17,Nick Hardt,Istanbul,2023-09-04,R32,Challenger main draw,2023,2022-23,Result + serve/return totals,True,True,False,False,False,True,True,False,False,False,0.0,0.0,0.0,0.0,0.0,0.0,0.0,0.0
H0A4:atp:2023/8120/ms004:B0JJ,Nick Hardt,M25 Monastir,2023-09-11,QF,ITF main draw,2023,2022-23,"Result, no statistics",True,True,True,False,False,True,False,False,False,False,0.0,0.0,0.0,0.0,0.0,0.0,0.0,0.0
H0A4:atp:2023/8120/ms008:V0BC,Nick Hardt,M25 Monastir,2023-09-11,R16,ITF main draw,2023,2022-23,"Result, no statistics",True,True,True,False,False,True,False,False,False,False,0.0,0.0,0.0,0.0,0.0,0.0,0.0,0.0
H0A4:atp:2023/8120/ms016:B0NK,Nick Hardt,M25 Monastir,2023-09-11,R32,ITF main draw,2023,2022-23,"Result, no statistics",True,True,True,False,False,True,False,False,False,False,0.0,0.0,0.0,0.0,0.0,0.0,0.0,0.0
H0A4:atp:2023/7389/ms011:DC48,Nick Hardt,Bogota,2023-09-25,R16,Challenger main draw,2023,2022-23,Result + serve/return totals,True,True,False,False,False,True,True,False,False,False,0.0,0.0,0.0,0.0,0.0,0.0,0.0,0.0
H0A4:atp:2023/7389/ms023:LF26,Nick Hardt,Bogota,2023-09-25,R32,Challenger main draw,2023,2022-23,Result + serve/return totals,True,True,False,False,False,True,True,False,False,False,0.0,0.0,0.0,0.0,0.0,0.0,0.0,0.0
H0A4:atp:2023/6307/ms020:C0DF,Nick Hardt,Campinas,2023-10-02,R32,Challenger main draw,2023,2022-23,Result + serve/return totals,True,True,False,False,True,False,True,False,False,False,0.0,0.0,0.0,0.0,0.0,0.0,0.0,0.0
H0A4:atp:2023/7395/qs022:B0GY,Nick Hardt,Buenos Aires,2023-10-09,Q1,Challenger qualifying,2023,2022-23,Result + serve/return totals,True,True,False,False,True,False,True,False,False,False,0.0,0.0,0.0,0.0,0.0,0.0,0.0,0.0
H0A4:atp:2024/2791/qs016:HC21,Nick Hardt,Nonthaburi 1,2024-01-01,Q1,Challenger qualifying,2024,2024,Result + serve/return totals,True,True,False,False,True,False,True,False,False,False,0.0,1.0,0.0,0.0,0.0,0.0,0.0,0.0
H0A4:atp:2024/2795/ms031:J380,Nick Hardt,Nonthaburi 2,2024-01-08,R32,Challenger main draw,2024,2024,Result + serve/return totals,True,True,False,False,True,False,True,False,False,False,0.0,1.0,0.0,0.0,0.0,0.0,0.0,0.0
H0A4:atp:2024/2795/qs012:SX90,Nick Hardt,Nonthaburi 2,2024-01-08,Q2,Challenger qualifying,2024,2024,Result + serve/return totals,True,True,False,False,True,False,True,False,False,False,0.0,1.0,0.0,0.0,0.0,0.0,0.0,0.0
H0A4:atp:2024/2795/qs024:C0H9,Nick Hardt,Nonthaburi 2,2024-01-08,Q1,Challenger qualifying,2024,2024,Result + serve/return totals,True,True,False,False,True,False,True,False,False,False,0.0,1.0,0.0,0.0,0.0,0.0,0.0,0.0
H0A4:atp:2024/2801/qs021:FC49,Nick Hardt,Nonthaburi 3,2024-01-15,Q1,Challenger qualifying,2024,2024,Result + serve/return totals,True,True,True,False,False,True,True,False,False,False,0.0,1.0,0.0,0.0,0.0,0.0,0.0,0.0
H0A4:atp:2024/4486/ms015:MW62,Nick Hardt,M25 Antalya,2024-01-29,R16,ITF main draw,2024,2024,"Result, no statistics",True,True,True,False,False,True,False,False,False,False,0.0,0.0,0.0,0.0,0.0,0.0,0.0,0.0
H0A4:atp:2024/4486/ms031:G0JF,Nick Hardt,M25 Antalya,2024-01-29,R32,ITF main draw,2024,2024,"Result, no statistics",True,True,False,False,False,True,False,False,False,False,0.0,0.0,0.0,0.0,0.0,0.0,0.0,0.0
H0A4:atp:2024/4502/ms001:T09X,Nick Hardt,M25 Antalya,2024-02-05,F,ITF main draw,2024,2024,"Result, no statistics",True,True,True,False,False,True,False,False,False,False,0.0,0.0,0.0,0.0,0.0,0.0,0.0,0.0
H0A4:atp:2024/4502/ms003:M0N7,Nick Hardt,M25 Antalya,2024-02-05,SF,ITF main draw,2024,2024,"Result, no statistics",True,True,False,False,False,True,False,False,False,False,0.0,0.0,0.0,0.0,0.0,0.0,0.0,0.0
H0A4:atp:2024/4502/ms007:HF80,Nick Hardt,M25 Antalya,2024-02-05,QF,ITF main draw,2024,2024,"Result, no statistics",True,True,True,False,False,True,False,False,False,False,0.0,0.0,0.0,0.0,0.0,0.0,0.0,0.0
H0A4:atp:2024/4502/ms014:R0AI,Nick Hardt,M25 Antalya,2024-02-05,R16,ITF main draw,2024,2024,"Result, no statistics",True,True,True,False,False,True,False,False,False,False,0.0,0.0,0.0,0.0,0.0,0.0,0.0,0.0
H0A4:atp:2024/4502/ms028:S0UB,Nick Hardt,M25 Antalya,2024-02-05,R32,ITF main draw,2024,2024,"Result, no statistics",True,True,True,False,False,True,False,False,False,False,0.0,0.0,0.0,0.0,0.0,0.0,0.0,0.0
H0A4:atp:2024/4530/ms001:M0N7,Nick Hardt,M25 Antalya,2024-02-12,F,ITF main draw,2024,2024,"Result, no statistics",True,True,False,False,True,False,False,False,False,False,0.0,0.0,0.0,0.0,0.0,0.0,0.0,0.0
H0A4:atp:2024/4530/ms002:C0B2,Nick Hardt,M25 Antalya,2024-02-12,SF,ITF main draw,2024,2024,"Result, no statistics",True,True,False,False,True,False,False,False,False,False,0.0,0.0,0.0,0.0,0.0,0.0,0.0,0.0
H0A4:atp:2024/4530/ms004:T09X,Nick Hardt,M25 Antalya,2024-02-12,QF,ITF main draw,2024,2024,"Result, no statistics",True,True,False,False,True,False,False,False,False,False,0.0,0.0,0.0,0.0,0.0,0.0,0.0,0.0
H0A4:atp:2024/4530/ms009:T0AA,Nick Hardt,M25 Antalya,2024-02-12,R16,ITF main draw,2024,2024,"Result, no statistics",True,True,False,False,True,False,False,False,False,False,0.0,0.0,0.0,0.0,0.0,0.0,0.0,0.0
H0A4:atp:2024/4530/ms019:E0AC,Nick Hardt,M25 Antalya,2024-02-12,R32,ITF main draw,2024,2024,"Result, no statistics",True,True,True,False,False,True,False,False,False,False,0.0,0.0,0.0,0.0,0.0,0.0,0.0,0.0
H0A4:atp:2024/4565/ms001:KD35,Nick Hardt,M25 Santo Domingo,2024-03-04,F,ITF main draw,2024,2024,"Result, no statistics",True,True,False,False,True,False,False,False,False,False,0.0,0.0,0.0,0.0,0.0,0.0,0.0,0.0
H0A4:atp:2024/4565/ms003:P0ED,Nick Hardt,M25 Santo Domingo,2024-03-04,SF,ITF main draw,2024,2024,"Result, no statistics",True,True,False,False,True,False,False,False,False,False,0.0,0.0,0.0,0.0,0.0,0.0,0.0,0.0
H0A4:atp:2024/4565/ms007:M09M,Nick Hardt,M25 Santo Domingo,2024-03-04,QF,ITF main draw,2024,2024,"Result, no statistics",True,True,False,False,True,False,False,False,False,False,0.0,0.0,0.0,0.0,0.0,0.0,0.0,0.0
H0A4:atp:2024/4565/ms015:A0B6,Nick Hardt,M25 Santo Domingo,2024-03-04,R16,ITF main draw,2024,2024,"Result, no statistics",True,True,False,False,True,False,False,False,False,False,0.0,0.0,0.0,0.0,0.0,0.0,0.0,0.0
H0A4:atp:2024/4565/ms031:M0P3,Nick Hardt,M25 Santo Domingo,2024-03-04,R32,ITF main draw,2024,2024,"Result, no statistics",True,True,False,False,True,False,False,False,False,False,0.0,0.0,0.0,0.0,0.0,0.0,0.0,0.0
H0A4:atp:2024/4577/ms031:H0B7,Nick Hardt,M25 Santo Domingo,2024-03-11,R32,ITF main draw,2024,2024,"Result, no statistics",True,True,False,False,True,False,False,False,False,False,0.0,0.0,0.0,0.0,0.0,0.0,0.0,0.0
H0A4:atp:2024/2917/ms002:B0EJ,Nick Hardt,Merida,2024-03-18,SF,Challenger main draw,2024,2024,Result + serve/return totals,True,True,True,False,False,True,True,False,False,False,0.0,1.0,0.0,0.0,0.0,0.0,0.0,0.0
H0A4:atp:2024/2917/ms004:MJ98,Nick Hardt,Merida,2024-03-18,QF,Challenger main draw,2024,2024,Result + serve/return totals,True,True,True,False,False,True,True,False,False,False,0.0,1.0,0.0,0.0,0.0,0.0,0.0,0.0
H0A4:atp:2024/2917/ms008:B0D8,Nick Hardt,Merida,2024-03-18,R16,Challenger main draw,2024,2024,Result + serve/return totals,True,True,True,False,False,True,True,False,False,False,0.0,1.0,0.0,0.0,0.0,0.0,0.0,0.0
H0A4:atp:2024/2917/ms017:PG69,Nick Hardt,Merida,2024-03-18,R32,Challenger main draw,2024,2024,Result + serve/return totals,True,True,False,False,True,False,True,False,False,False,0.0,1.0,0.0,0.0,0.0,0.0,0.0,0.0
H0A4:atp:2024/4605/ms008:DH55,Nick Hardt,M25 Tarragona,2024-03-25,R16,ITF main draw,2024,2024,"Result, no statistics",True,True,True,False,False,True,True,False,False,False,0.0,0.0,0.0,0.0,0.0,0.0,0.0,0.0
H0A4:atp:2024/4605/ms016:R0IL,Nick Hardt,M25 Tarragona,2024-03-25,R32,ITF main draw,2024,2024,"Result, no statistics",True,True,True,False,False,True,True,False,False,False,0.0,0.0,0.0,0.0,0.0,0.0,0.0,0.0
H0A4:atp:2024/9132/ms001:Z419,Nick Hardt,Barcelona,2024-04-01,F,Challenger main draw,2024,2024,Shot-by-shot chart,False,False,True,False,False,True,True,False,False,False,0.0,1.0,0.0,0.0,0.0,0.0,0.0,0.0
H0A4:atp:2024/9132/ms002:BV25,Nick Hardt,Barcelona,2024-04-01,SF,Challenger main draw,2024,2024,Result + serve/return totals,True,True,True,False,False,True,True,False,False,False,0.0,1.0,0.0,0.0,0.0,0.0,0.0,0.0
H0A4:atp:2024/9132/ms004:I0A7,Nick Hardt,Barcelona,2024-04-01,QF,Challenger main draw,2024,2024,Result + serve/return totals,True,True,True,False,False,True,True,False,False,False,0.0,1.0,0.0,0.0,0.0,0.0,0.0,0.0
H0A4:atp:2024/9132/ms008:R0EB,Nick Hardt,Barcelona,2024-04-01,R16,Challenger main draw,2024,2024,Result + serve/return totals,True,True,True,False,False,True,True,False,False,False,0.0,1.0,0.0,0.0,0.0,0.0,0.0,0.0
H0A4:atp:2024/9132/ms016:HB64,Nick Hardt,Barcelona,2024-04-01,R32,Challenger main draw,2024,2024,Result + serve/return totals,True,True,True,False,False,True,True,False,False,False,0.0,1.0,0.0,0.0,0.0,0.0,0.0,0.0
H0A4:atp:2024/9687/ms029:M0AC,Nick Hardt,Madrid,2024-04-08,R32,Challenger main draw,2024,2024,Result + serve/return totals,True,True,True,False,False,True,True,False,False,False,0.0,1.0,0.0,0.0,0.0,0.0,0.0,0.0
H0A4:atp:2024/425/ms030:EA24,Nick Hardt,Barcelona,2024-04-15,R32,Tour main draw,2024,2024,Result + serve/return totals,True,True,True,False,False,True,True,False,False,False,0.0,1.0,0.0,0.0,1.0,1.0,0.0,0.0
H0A4:atp:2024/425/ms061:L0IL,Nick Hardt,Barcelona,2024-04-15,R64,Tour main draw,2024,2024,Shot-by-shot chart,False,False,True,True,False,True,True,False,False,False,0.0,1.0,0.0,0.0,1.0,1.0,0.0,0.0
H0A4:atp:2024/425/qs012:DA31,Nick Hardt,Barcelona,2024-04-15,Q2,Tour qualifying,2024,2024,Result + serve/return totals,True,True,True,False,False,True,True,False,False,False,0.0,1.0,0.0,0.0,0.0,0.0,0.0,0.0
H0A4:atp:2024/425/qs024:BF23,Nick Hardt,Barcelona,2024-04-15,Q1,Tour qualifying,2024,2024,Result + serve/return totals,True,True,True,False,False,True,True,False,False,False,0.0,1.0,0.0,0.0,0.0,0.0,0.0,0.0
H0A4:atp:2024/7707/ms003:BU10,Nick Hardt,Francavilla al Mare,2024-05-06,SF,Challenger main draw,2024,2024,Result + serve/return totals,True,True,True,False,False,True,True,False,False,False,0.0,1.0,0.0,0.0,0.0,0.0,0.0,0.0
H0A4:atp:2024/7707/ms006:PH64,Nick Hardt,Francavilla al Mare,2024-05-06,QF,Challenger main draw,2024,2024,Result + serve/return totals,True,True,True,False,False,True,True,False,False,False,0.0,1.0,0.0,0.0,0.0,0.0,0.0,0.0
H0A4:atp:2024/7707/ms012:K0HC,Nick Hardt,Francavilla al Mare,2024-05-06,R16,Challenger main draw,2024,2024,Result + serve/return totals,True,True,True,False,False,True,True,False,False,False,0.0,1.0,0.0,0.0,0.0,0.0,0.0,0.0
H0A4:atp:2024/7707/ms025:DG80,Nick Hardt,Francavilla al Mare,2024-05-06,R32,Challenger main draw,2024,2024,Result + serve/return totals,True,True,True,False,False,True,True,False,False,False,0.0,1.0,0.0,0.0,0.0,0.0,0.0,0.0
H0A4:atp:2024/1541/ms008:VA25,Nick Hardt,Tunis,2024-05-13,R16,Challenger main draw,2024,2024,Result + serve/return totals,True,True,False,False,True,False,True,False,False,False,0.0,1.0,0.0,0.0,0.0,0.0,0.0,0.0
H0A4:atp:2024/1541/ms017:WB19,Nick Hardt,Tunis,2024-05-13,R32,Challenger main draw,2024,2024,Result + serve/return totals,True,True,False,False,True,False,True,False,False,False,0.0,1.0,0.0,0.0,0.0,0.0,0.0,0.0
H0A4:atp:2024/520/qs114:M0HU,Nick Hardt,Roland Garros,2024-05-27,Q1,Tour qualifying,2024,2024,Result + serve/return totals,True,True,False,False,True,False,True,False,False,False,0.0,1.0,0.0,0.0,0.0,0.0,0.0,0.0
H0A4:atp:2024/9500/ms004:D923,Nick Hardt,Zagreb,2024-06-03,QF,Challenger main draw,2024,2024,Result + serve/return totals,True,True,False,False,True,False,True,False,False,False,0.0,1.0,0.0,0.0,0.0,0.0,0.0,0.0
H0A4:atp:2024/9500/ms009:E0AC,Nick Hardt,Zagreb,2024-06-03,R16,Challenger main draw,2024,2024,Result + serve/return totals,True,True,False,False,True,False,True,False,False,False,0.0,1.0,0.0,0.0,0.0,0.0,0.0,0.0
H0A4:atp:2024/9500/ms019:D0I6,Nick Hardt,Zagreb,2024-06-03,R32,Challenger main draw,2024,2024,Result + serve/return totals,True,True,False,False,True,False,True,False,False,False,0.0,1.0,0.0,0.0,0.0,0.0,0.0,0.0
H0A4:atp:2024/9001/ms023:P0CT,Nick Hardt,Perugia,2024-06-10,R32,Challenger main draw,2024,2024,Result + serve/return totals,True,True,False,False,True,False,True,False,False,False,0.0,1.0,0.0,0.0,0.0,0.0,0.0,0.0
H0A4:atp:2024/786/ms006:O660,Nick Hardt,Poznan,2024-06-17,QF,Challenger main draw,2024,2024,Result + serve/return totals,True,True,True,False,False,True,True,False,False,False,0.0,1.0,0.0,0.0,0.0,0.0,0.0,0.0
H0A4:atp:2024/786/ms012:B0OU,Nick Hardt,Poznan,2024-06-17,R16,Challenger main draw,2024,2024,Result + serve/return totals,True,True,True,False,False,True,True,False,False,False,0.0,1.0,0.0,0.0,0.0,0.0,0.0,0.0
H0A4:atp:2024/786/ms024:GE28,Nick Hardt,Poznan,2024-06-17,R32,Challenger main draw,2024,2024,Result + serve/return totals,True,True,True,False,False,True,True,False,False,False,0.0,1.0,0.0,0.0,0.0,0.0,0.0,0.0
H0A4:atp:2024/540/qs050:D923,Nick Hardt,Wimbledon,2024-07-01,Q2,Tour qualifying,2024,2024,Result + serve/return totals,True,True,True,False,False,True,True,False,False,False,0.0,1.0,0.0,0.0,0.0,0.0,0.0,0.0
H0A4:atp:2024/540/qs101:DB59,Nick Hardt,Wimbledon,2024-07-01,Q1,Tour qualifying,2024,2024,Result + serve/return totals,True,True,True,False,False,True,True,False,False,False,0.0,1.0,0.0,0.0,0.0,0.0,0.0,0.0
H0A4:atp:2024/414/ms024:D0FJ,Nick Hardt,Hamburg,2024-07-15,R32,Tour main draw,2024,2024,Result + serve/return totals,True,True,True,False,False,True,True,False,False,False,0.0,1.0,0.0,0.0,1.0,1.0,0.0,0.0
H0A4:atp:2024/414/qs004:D0C1,Nick Hardt,Hamburg,2024-07-15,Q2,Tour qualifying,2024,2024,Result + serve/return totals,True,True,True,False,False,True,True,False,False,False,0.0,1.0,0.0,0.0,0.0,0.0,0.0,0.0
H0A4:atp:2024/414/qs009:M0BN,Nick Hardt,Hamburg,2024-07-15,Q1,Tour qualifying,2024,2024,Result + serve/return totals,True,True,True,False,False,True,True,False,False,False,0.0,1.0,0.0,0.0,0.0,0.0,0.0,0.0
H0A4:atp:2024/439/qs009:J476,Nick Hardt,Umag,2024-07-22,Q1,Tour qualifying,2024,2024,Result + serve/return totals,True,True,True,False,False,True,True,False,False,False,0.0,1.0,0.0,0.0,0.0,0.0,0.0,0.0
H0A4:atp:2024/9540/ms015:C0DF,Nick Hardt,San Marino,2024-07-29,R16,Challenger main draw,2024,2024,Result + serve/return totals,True,True,True,False,False,True,True,False,False,False,0.0,1.0,0.0,0.0,0.0,0.0,0.0,0.0
H0A4:atp:2024/9540/ms030:J620,Nick Hardt,San Marino,2024-07-29,R32,Challenger main draw,2024,2024,Result + serve/return totals,True,True,True,False,False,True,True,False,False,False,0.0,1.0,0.0,0.0,0.0,0.0,0.0,0.0
H0A4:atp:2024/7201/ms019:TA46,Nick Hardt,Santo Domingo,2024-08-12,R32,Challenger main draw,2024,2024,Result + serve/return totals,True,True,True,False,False,True,True,False,False,False,0.0,1.0,0.0,0.0,0.0,0.0,0.0,0.0
H0A4:atp:2024/560/qs074:GH92,Nick Hardt,US Open,2024-08-26,Q1,Tour qualifying,2024,2024,Result + serve/return totals,True,True,True,False,False,True,True,False,False,False,0.0,1.0,0.0,0.0,0.0,0.0,0.37,0.0
H0A4:atp:2024/2955/ms007:N0CS,Nick Hardt,Montemar,2024-11-18,QF,Challenger main draw,2024,2024,Result + serve/return totals,True,True,True,False,False,True,True,False,False,False,0.0,1.0,0.0,0.0,0.0,0.0,0.0,0.0
H0A4:atp:2024/2955/ms015:B0MM,Nick Hardt,Montemar,2024-11-18,R16,Challenger main draw,2024,2024,Result + serve/return totals,True,True,True,True,False,True,True,False,False,False,0.0,1.0,0.0,0.0,0.0,0.0,0.0,0.0
H0A4:atp:2024/2955/ms030:A0AB,Nick Hardt,Montemar,2024-11-18,R32,Challenger main draw,2024,2024,Result + serve/return totals,True,True,True,False,False,True,True,False,False,False,0.0,1.0,0.0,0.0,0.0,0.0,0.0,0.0
H0A4:atp:2025/2801/ms016:KI82,Nick Hardt,Nonthaburi 3,2025-01-13,R32,Challenger main draw,2025,2025-26,Result + serve/return totals,True,True,False,False,True,False,True,False,False,False,0.0,1.0,1.0,0.0,0.0,0.0,0.0,0.0
H0A4:atp:2025/580/qs075:G0GD,Nick Hardt,Australian Open,2025-01-13,Q1,Tour qualifying,2025,2025-26,Result + serve/return totals,True,True,True,False,False,True,True,False,False,False,0.0,1.0,0.0,0.0,0.0,0.0,0.0,0.0
H0A4:atp:2025/2855/qs013:R0IL,Nick Hardt,Girona,2025-03-24,Q2,Challenger qualifying,2025,2025-26,Result + serve/return totals,True,True,False,False,True,False,True,False,False,False,0.0,1.0,1.0,0.0,0.0,0.0,0.0,0.0
H0A4:atp:2025/2855/qs027:GE28,Nick Hardt,Girona,2025-03-24,Q1,Challenger qualifying,2025,2025-26,Result + serve/return totals,True,True,False,False,True,False,True,False,False,False,0.0,1.0,1.0,0.0,0.0,0.0,0.0,0.0
H0A4:atp:2025/2987/ms018:M0N7,Nick Hardt,Menorca,2025-03-31,R32,Challenger main draw,2025,2025-26,Result + serve/return totals,True,True,False,False,True,False,True,False,False,False,0.0,1.0,1.0,0.0,0.0,0.0,0.0,0.0
H0A4:atp:2025/9687/ms019:R0EB,Nick Hardt,Madrid,2025-04-07,R32,Challenger main draw,2025,2025-26,Result + serve/return totals,True,True,False,False,True,False,True,False,False,False,0.0,1.0,1.0,0.0,0.0,0.0,0.0,0.0
H0A4:atp:2025/9687/qs011:GB93,Nick Hardt,Madrid,2025-04-07,Q2,Challenger qualifying,2025,2025-26,Result + serve/return totals,True,True,False,False,True,False,True,False,False,False,0.0,1.0,1.0,0.0,0.0,0.0,0.0,0.0
H0A4:atp:2025/9687/qs022:M0J2,Nick Hardt,Madrid,2025-04-07,Q1,Challenger qualifying,2025,2025-26,Result + serve/return totals,True,True,False,False,True,False,True,False,False,False,0.0,1.0,1.0,0.0,0.0,0.0,0.0,0.0
H0A4:atp:2025/2151/ms022:P0HP,Nick Hardt,Rome,2025-04-21,R32,Challenger main draw,2025,2025-26,Result + serve/return totals,True,True,False,False,True,False,True,False,False,False,0.0,1.0,1.0,0.0,0.0,0.0,0.0,0.0
H0A4:atp:2025/4659/ms018:J0DG,Nick Hardt,M25 Sabadell,2025-04-28,R32,ITF main draw,2025,2025-26,Result + serve/return totals,True,True,False,False,True,False,True,False,False,False,0.0,0.0,0.0,1.0,0.0,0.0,0.0,0.0
H0A4:atp:2025/4686/ms008:CI14,Nick Hardt,M25 Vic,2025-05-12,R16,ITF main draw,2025,2025-26,Result + serve/return totals,True,True,False,False,True,False,True,False,False,False,0.0,0.0,0.0,1.0,0.0,0.0,0.0,0.0
H0A4:atp:2025/4686/ms017:M0BN,Nick Hardt,M25 Vic,2025-05-12,R32,ITF main draw,2025,2025-26,Result + serve/return totals,True,True,False,False,True,False,True,False,False,False,0.0,0.0,0.0,1.0,0.0,0.0,0.0,0.0
H0A4:atp:2025/1523/ms028:N0CJ,Nick Hardt,M25 Klosters,2025-06-16,R32,ITF main draw,2025,2025-26,Result + serve/return totals,True,True,False,False,False,True,True,False,False,False,0.0,0.0,0.0,1.0,0.0,0.0,0.0,0.0
H0A4:atp:2025/4159/ms002:M0BN,Nick Hardt,M25 Brussels,2025-06-23,SF,ITF main draw,2025,2025-26,Result + serve/return totals,True,True,False,False,False,True,True,False,False,False,0.0,0.0,0.0,1.0,0.0,0.0,0.0,0.0
H0A4:atp:2025/4159/ms004:SG56,Nick Hardt,M25 Brussels,2025-06-23,QF,ITF main draw,2025,2025-26,Result + serve/return totals,True,True,False,False,False,True,True,False,False,False,0.0,0.0,0.0,1.0,0.0,0.0,0.0,0.0
H0A4:atp:2025/4159/ms009:D0LY,Nick Hardt,M25 Brussels,2025-06-23,R16,ITF main draw,2025,2025-26,Result + serve/return totals,True,True,False,False,False,True,True,False,False,False,0.0,0.0,0.0,1.0,0.0,0.0,0.0,0.0
H0A4:atp:2025/4159/ms018:R0GN,Nick Hardt,M25 Brussels,2025-06-23,R32,ITF main draw,2025,2025-26,Result + serve/return totals,True,True,False,False,False,True,True,False,False,False,0.0,0.0,0.0,1.0,0.0,0.0,0.0,0.0
H0A4:atp:2025/4356/ms006:P0FV,Nick Hardt,M25 Marburg,2025-06-30,QF,ITF main draw,2025,2025-26,Result + serve/return totals,True,True,False,False,False,True,True,False,False,False,0.0,0.0,0.0,1.0,0.0,0.0,0.0,0.0
H0A4:atp:2025/4356/ms013:L0AT,Nick Hardt,M25 Marburg,2025-06-30,R16,ITF main draw,2025,2025-26,Result + serve/return totals,True,True,False,False,False,True,True,False,False,False,0.0,0.0,0.0,1.0,0.0,0.0,0.0,0.0
H0A4:atp:2025/4356/ms027:M0AC,Nick Hardt,M25 Marburg,2025-06-30,R32,ITF main draw,2025,2025-26,Result + serve/return totals,True,True,False,False,False,True,True,False,False,False,0.0,0.0,0.0,1.0,0.0,0.0,0.0,0.0
H0A4:atp:2025/4360/ms005:S0LT,Nick Hardt,M25 Kassel,2025-07-07,QF,ITF main draw,2025,2025-26,"Listed only, no result",True,True,False,False,False,True,True,False,False,False,0.0,0.0,0.0,1.0,0.0,0.0,0.0,0.0
H0A4:atp:2025/4360/ms011:Z0CR,Nick Hardt,M25 Kassel,2025-07-07,R16,ITF main draw,2025,2025-26,"Listed only, no result",True,True,False,False,False,True,True,False,False,False,0.0,0.0,0.0,1.0,0.0,0.0,0.0,0.0
H0A4:atp:2025/4360/ms022:F0FH,Nick Hardt,M25 Kassel,2025-07-07,R32,ITF main draw,2025,2025-26,"Listed only, no result",True,True,False,False,False,True,True,False,False,False,0.0,0.0,0.0,1.0,0.0,0.0,0.0,0.0
H0A4:atp:2025/4994/ms003:T0EI,Nick Hardt,M25 Gentofte,2025-07-28,SF,ITF main draw,2025,2025-26,Result + serve/return totals,True,True,False,False,True,False,True,False,False,False,0.0,0.0,0.0,1.0,0.0,0.0,0.0,0.0
H0A4:atp:2025/4994/ms007:V0D4,Nick Hardt,M25 Gentofte,2025-07-28,QF,ITF main draw,2025,2025-26,Result + serve/return totals,True,True,False,False,False,True,True,False,False,False,0.0,0.0,0.0,1.0,0.0,0.0,0.0,0.0
H0A4:atp:2025/4994/ms014:S0NT,Nick Hardt,M25 Gentofte,2025-07-28,R16,ITF main draw,2025,2025-26,Result + serve/return totals,True,True,False,False,False,True,True,False,False,False,0.0,0.0,0.0,1.0,0.0,0.0,0.0,0.0
H0A4:atp:2025/4994/ms028:HH01,Nick Hardt,M25 Gentofte,2025-07-28,R32,ITF main draw,2025,2025-26,Result + serve/return totals,True,True,False,False,False,True,True,False,False,False,0.0,0.0,0.0,1.0,0.0,0.0,0.0,0.0
H0A4:atp:2025/2935/qs020:RH62,Nick Hardt,Bonn,2025-08-04,Q1,Challenger qualifying,2025,2025-26,Result + serve/return totals,True,True,False,False,True,False,True,False,False,False,0.0,1.0,1.0,0.0,0.0,0.0,0.0,0.0
H0A4:atp:2025/4419/ms001:GA79,Nick Hardt,M25 Sabadell,2025-09-22,F,ITF main draw,2025,2025-26,Result + serve/return totals,True,True,False,False,True,False,True,False,False,False,0.0,0.0,0.0,1.0,0.0,0.0,0.0,0.0
H0A4:atp:2025/4419/ms003:GE28,Nick Hardt,M25 Sabadell,2025-09-22,SF,ITF main draw,2025,2025-26,Result + serve/return totals,True,True,False,False,True,False,False,False,False,False,0.0,0.0,0.0,1.0,0.0,0.0,0.0,0.0
H0A4:atp:2025/4419/ms006:S0CG,Nick Hardt,M25 Sabadell,2025-09-22,QF,ITF main draw,2025,2025-26,Result + serve/return totals,True,True,False,False,True,False,True,False,False,False,0.0,0.0,0.0,1.0,0.0,0.0,0.0,0.0
H0A4:atp:2025/4419/ms012:A0EA,Nick Hardt,M25 Sabadell,2025-09-22,R16,ITF main draw,2025,2025-26,Result + serve/return totals,True,True,False,False,True,False,True,False,False,False,0.0,0.0,0.0,1.0,0.0,0.0,0.0,0.0
H0A4:atp:2025/4419/ms025:C0OI,Nick Hardt,M25 Sabadell,2025-09-22,R32,ITF main draw,2025,2025-26,Result + serve/return totals,True,True,False,False,True,False,True,False,False,False,0.0,0.0,0.0,1.0,0.0,0.0,0.0,0.0
H0A4:atp:2025/4442/ms015:GE28,Nick Hardt,M25 Zaragoza,2025-09-29,R16,ITF main draw,2025,2025-26,Result + serve/return totals,True,True,False,False,True,False,True,False,False,False,0.0,0.0,0.0,1.0,0.0,0.0,0.0,0.0
H0A4:atp:2025/4442/ms030:A0NU,Nick Hardt,M25 Zaragoza,2025-09-29,R32,ITF main draw,2025,2025-26,Result + serve/return totals,True,True,False,False,True,False,True,False,False,False,0.0,0.0,0.0,1.0,0.0,0.0,0.0,0.0
H0A4:atp:2025/4453/ms007:RD58,Nick Hardt,M25 Santa Margherita di Pula,2025-10-13,QF,ITF main draw,2025,2025-26,Result + serve/return totals,True,True,False,False,False,True,True,False,False,False,0.0,0.0,0.0,1.0,0.0,0.0,0.0,0.0
H0A4:atp:2025/4453/ms015:GA79,Nick Hardt,M25 Santa Margherita di Pula,2025-10-13,R16,ITF main draw,2025,2025-26,Result + serve/return totals,True,True,False,False,False,True,True,False,False,False,0.0,0.0,0.0,1.0,0.0,0.0,0.0,0.0
H0A4:atp:2025/4453/ms030:B0WD,Nick Hardt,M25 Santa Margherita di Pula,2025-10-13,R32,ITF main draw,2025,2025-26,Result + serve/return totals,True,True,False,False,True,False,True,False,False,False,0.0,0.0,0.0,1.0,0.0,0.0,0.0,0.0
H0A4:atp:2025/5166/ms006:M0R4,Nick Hardt,M25 Santa Margherita di Pula,2025-10-20,QF,ITF main draw,2025,2025-26,Result + serve/return totals,True,True,False,False,False,True,True,False,False,False,0.0,0.0,0.0,1.0,0.0,0.0,0.0,0.0
H0A4:atp:2025/5166/ms012:I09N,Nick Hardt,M25 Santa Margherita di Pula,2025-10-20,R16,ITF main draw,2025,2025-26,Result + serve/return totals,True,True,False,True,False,True,True,False,False,False,0.0,0.0,0.0,1.0,0.0,0.0,0.0,0.0
H0A4:atp:2025/5166/ms024:CO01,Nick Hardt,M25 Santa Margherita di Pula,2025-10-20,R32,ITF main draw,2025,2025-26,Result + serve/return totals,True,True,False,False,False,True,True,False,False,False,0.0,0.0,0.0,1.0,0.0,0.0,0.0,0.0
H0A4:atp:2025/4451/ms012:C0LK,Nick Hardt,M25 Sintra,2025-10-27,R16,ITF main draw,2025,2025-26,Result + serve/return totals,True,True,False,False,False,True,True,False,False,False,0.0,0.0,0.0,1.0,0.0,0.0,0.0,0.0
H0A4:atp:2025/4451/ms025:GK07,Nick Hardt,M25 Sintra,2025-10-27,R32,ITF main draw,2025,2025-26,Result + serve/return totals,True,True,False,True,False,True,True,False,False,False,0.0,0.0,0.0,1.0,0.0,0.0,0.0,0.0
H0A4:atp:2026/5256/ms000:S0GV,Nick Hardt,G2 DOM vs LAT,2026-02-02,RR,Davis Cup,2026,2025-26,"Result, no statistics",True,True,False,False,False,True,True,False,False,False,0.0,0.0,0.0,0.0,0.0,0.0,0.0,0.0
H0A4:atp:2026/3075/ms020:GK06,Nick Hardt,Metepec,2026-02-16,R32,Challenger main draw,2026,2025-26,Result + serve/return totals,True,True,True,False,False,True,True,False,False,False,0.0,1.0,1.0,0.0,0.0,0.0,0.0,0.0
H0A4:atp:2026/5265/ms001:B0I5,Nick Hardt,M15 San Jose,2026-02-23,F,ITF main draw,2026,2025-26,Result + serve/return totals,True,True,False,False,False,True,False,False,False,False,0.0,0.0,0.0,1.0,0.0,0.0,0.0,0.0
H0A4:atp:2026/5265/ms003:D0K3,Nick Hardt,M15 San Jose,2026-02-23,SF,ITF main draw,2026,2025-26,Result + serve/return totals,True,True,False,False,False,True,False,False,False,False,0.0,0.0,0.0,1.0,0.0,0.0,0.0,0.0
H0A4:atp:2026/5265/ms007:F0CK,Nick Hardt,M15 San Jose,2026-02-23,QF,ITF main draw,2026,2025-26,Result + serve/return totals,True,True,False,True,False,True,False,False,False,False,0.0,0.0,0.0,1.0,0.0,0.0,0.0,0.0
H0A4:atp:2026/5265/ms014:A0IE,Nick Hardt,M15 San Jose,2026-02-23,R16,ITF main draw,2026,2025-26,Result + serve/return totals,True,True,False,False,False,True,False,False,False,False,0.0,0.0,0.0,1.0,0.0,0.0,0.0,0.0
H0A4:atp:2026/5265/ms028:BP79,Nick Hardt,M15 San Jose,2026-02-23,R32,ITF main draw,2026,2025-26,Result + serve/return totals,True,True,False,False,False,True,False,False,False,False,0.0,0.0,0.0,1.0,0.0,0.0,0.0,0.0
H0A4:atp:2026/2975/ms028:N0BS,Nick Hardt,Cap Cana,2026-03-09,R32,Challenger main draw,2026,2025-26,Result + serve/return totals,True,True,True,False,False,True,True,False,False,False,0.0,1.0,1.0,0.0,0.0,0.0,0.0,0.0
H0A4:atp:2026/5067/ms005:K0NP,Nick Hardt,Savannah,2026-04-20,QF,Challenger main draw,2026,2025-26,Result + serve/return totals,True,True,False,False,True,False,True,False,False,False,0.0,1.0,1.0,0.0,0.0,0.0,0.0,0.0
H0A4:atp:2026/5067/ms010:KE64,Nick Hardt,Savannah,2026-04-20,R16,Challenger main draw,2026,2025-26,Result + serve/return totals,True,True,False,False,True,False,True,False,False,False,0.0,1.0,1.0,0.0,0.0,0.0,0.0,0.0
H0A4:atp:2026/5067/ms021:P0EA,Nick Hardt,Savannah,2026-04-20,R32,Challenger main draw,2026,2025-26,Result + serve/return totals,True,True,False,False,True,False,True,False,False,False,0.0,1.0,1.0,0.0,0.0,0.0,0.0,0.0
H0A4:atp:2026/5067/qs013:S0S5,Nick Hardt,Savannah,2026-04-20,Q2,Challenger qualifying,2026,2025-26,Result + serve/return totals,True,True,False,False,True,False,True,False,False,False,0.0,1.0,1.0,0.0,0.0,0.0,0.0,0.0
H0A4:atp:2026/5067/qs027:K0AF,Nick Hardt,Savannah,2026-04-20,Q1,Challenger qualifying,2026,2025-26,Result + serve/return totals,True,True,False,False,True,False,True,False,False,False,0.0,1.0,1.0,0.0,0.0,0.0,0.0,0.0
H0A4:atp:2026/4662/ms001:P0EP,Nick Hardt,"M15 Orange Park, FL",2026-04-27,F,ITF main draw,2026,2025-26,Result + serve/return totals,True,True,False,False,True,False,False,False,False,False,0.0,0.0,0.0,1.0,0.0,0.0,0.0,0.0
H0A4:atp:2026/4662/ms003:H0M1,Nick Hardt,"M15 Orange Park, FL",2026-04-27,SF,ITF main draw,2026,2025-26,Result + serve/return totals,True,True,False,False,True,False,False,False,False,False,0.0,0.0,0.0,1.0,0.0,0.0,0.0,0.0
H0A4:atp:2026/4662/ms006:C0PC,Nick Hardt,"M15 Orange Park, FL",2026-04-27,QF,ITF main draw,2026,2025-26,Result + serve/return totals,True,True,False,False,True,False,False,False,False,False,0.0,0.0,0.0,1.0,0.0,0.0,0.0,0.0
H0A4:atp:2026/4662/ms013:C0GG,Nick Hardt,"M15 Orange Park, FL",2026-04-27,R16,ITF main draw,2026,2025-26,Result + serve/return totals,True,True,False,False,True,False,False,False,False,False,0.0,0.0,0.0,1.0,0.0,0.0,0.0,0.0
H0A4:atp:2026/4662/ms027:V0GG,Nick Hardt,"M15 Orange Park, FL",2026-04-27,R32,ITF main draw,2026,2025-26,Result + serve/return totals,True,True,False,False,True,False,False,False,False,False,0.0,0.0,0.0,1.0,0.0,0.0,0.0,0.0
H0A4:atp:2026/2923/ms010:DC48,Nick Hardt,Santos,2026-05-04,R16,Challenger main draw,2026,2025-26,Result + serve/return totals,True,True,False,False,False,True,True,False,False,False,0.0,1.0,1.0,0.0,0.0,0.0,0.0,0.0
H0A4:atp:2026/2923/ms021:T0AF,Nick Hardt,Santos,2026-05-04,R32,Challenger main draw,2026,2025-26,Result + serve/return totals,True,True,False,False,True,False,True,False,False,False,0.0,1.0,1.0,0.0,0.0,0.0,0.0,0.0
H0A4:atp:2026/4674/ms001:C0KV,Nick Hardt,"M25 Pensacola, FL",2026-05-11,F,ITF main draw,2026,2025-26,Result + serve/return totals,True,True,False,False,False,True,True,False,False,False,0.0,0.0,0.0,1.0,0.0,0.0,0.0,0.0
H0A4:atp:2026/4674/ms003:F0II,Nick Hardt,"M25 Pensacola, FL",2026-05-11,SF,ITF main draw,2026,2025-26,Result + serve/return totals,True,True,True,True,False,True,True,False,False,False,0.0,0.0,0.0,1.0,0.0,0.0,0.0,0.0
H0A4:atp:2026/4674/ms006:B0PW,Nick Hardt,"M25 Pensacola, FL",2026-05-11,QF,ITF main draw,2026,2025-26,Result + serve/return totals,True,True,True,True,False,True,True,False,False,False,0.0,0.0,0.0,1.0,0.0,0.0,0.0,0.0
H0A4:atp:2026/4674/ms012:C0FJ,Nick Hardt,"M25 Pensacola, FL",2026-05-11,R16,ITF main draw,2026,2025-26,Result + serve/return totals,True,True,False,False,False,True,True,False,False,False,0.0,0.0,0.0,1.0,0.0,0.0,0.0,0.0
H0A4:atp:2026/4674/ms024:O0BC,Nick Hardt,"M25 Pensacola, FL",2026-05-11,R32,ITF main draw,2026,2025-26,Result + serve/return totals,True,True,False,False,False,True,True,False,False,False,0.0,0.0,0.0,1.0,0.0,0.0,0.0,0.0
H0A4:atp:2026/5118/ms001:Z0DA,Nick Hardt,M25 Cuiaba,2026-06-01,F,ITF main draw,2026,2025-26,Point-by-point sequence,False,True,False,False,False,True,True,True,False,False,0.0,0.0,0.0,1.0,0.0,0.0,0.0,0.0
H0A4:atp:2026/5118/ms003:V821,Nick Hardt,M25 Cuiaba,2026-06-01,SF,ITF main draw,2026,2025-26,Result + serve/return totals,True,True,False,False,False,True,True,False,False,False,0.0,0.0,0.0,1.0,0.0,0.0,0.0,0.0
H0A4:atp:2026/5118/ms006:D0AR,Nick Hardt,M25 Cuiaba,2026-06-01,QF,ITF main draw,2026,2025-26,Point-by-point sequence,False,True,False,False,False,True,True,True,False,False,0.0,0.0,0.0,1.0,0.0,0.0,0.0,0.0
H0A4:atp:2026/5118/ms013:P0LG,Nick Hardt,M25 Cuiaba,2026-06-01,R16,ITF main draw,2026,2025-26,Point-by-point sequence,False,True,False,False,False,True,True,True,False,False,0.0,0.0,0.0,1.0,0.0,0.0,0.0,0.0
H0A4:atp:2026/5118/ms027:LA54,Nick Hardt,M25 Cuiaba,2026-06-01,R32,ITF main draw,2026,2025-26,Point-by-point sequence,False,True,False,False,False,True,True,True,False,False,0.0,0.0,0.0,1.0,0.0,0.0,0.0,0.0
H0A4:atp:2026/2927/ms014:KC29,Nick Hardt,San Miguel de Tucuman,2026-06-08,R16,Challenger main draw,2026,2025-26,Point-by-point sequence,False,True,True,False,False,True,True,True,False,False,0.0,1.0,1.0,0.0,0.0,0.0,0.0,0.0
H0A4:atp:2026/2927/ms029:F0FL,Nick Hardt,San Miguel de Tucuman,2026-06-08,R32,Challenger main draw,2026,2025-26,Result + serve/return totals,True,True,True,False,False,True,True,False,False,False,0.0,1.0,1.0,0.0,0.0,0.0,0.0,0.0
H0A4:atp:2026/3117/ms001:E0DI,Nick Hardt,Asuncion (CIT),2026-06-15,F,Challenger main draw,2026,2025-26,Point-by-point sequence,False,True,True,False,False,True,True,True,False,False,0.0,1.0,1.0,0.0,0.0,0.0,0.0,0.0
H0A4:atp:2026/3117/ms002:J0AW,Nick Hardt,Asuncion (CIT),2026-06-15,SF,Challenger main draw,2026,2025-26,Point-by-point sequence,False,True,True,False,False,True,True,True,False,False,0.0,1.0,1.0,0.0,0.0,0.0,0.0,0.0
H0A4:atp:2026/3117/ms005:S0EK,Nick Hardt,Asuncion (CIT),2026-06-15,QF,Challenger main draw,2026,2025-26,Point-by-point sequence,False,True,True,False,False,True,True,True,False,False,0.0,1.0,1.0,0.0,0.0,0.0,0.0,0.0
H0A4:atp:2026/3117/ms010:SX91,Nick Hardt,Asuncion (CIT),2026-06-15,R16,Challenger main draw,2026,2025-26,Point-by-point sequence,False,True,True,False,False,True,True,True,False,False,0.0,1.0,1.0,0.0,0.0,0.0,0.0,0.0
H0A4:atp:2026/3117/ms021:F0FL,Nick Hardt,Asuncion (CIT),2026-06-15,R32,Challenger main draw,2026,2025-26,Point-by-point sequence,False,True,True,False,False,True,True,True,False,False,0.0,1.0,1.0,0.0,0.0,0.0,0.0,0.0
H0A4:atp:2026/2835/ms007:L0GR,Nick Hardt,Piracicaba,2026-06-22,QF,Challenger main draw,2026,2025-26,Point-by-point sequence,False,True,False,False,True,False,True,True,False,False,0.0,1.0,1.0,0.0,0.0,0.0,0.0,0.0
H0A4:atp:2026/2835/ms014:LA54,Nick Hardt,Piracicaba,2026-06-22,R16,Challenger main draw,2026,2025-26,Point-by-point sequence,False,True,True,False,False,True,True,True,False,False,0.0,1.0,1.0,0.0,0.0,0.0,0.0,0.0
H0A4:atp:2026/2835/ms028:O0CL,Nick Hardt,Piracicaba,2026-06-22,R32,Challenger main draw,2026,2025-26,Point-by-point sequence,False,True,True,False,False,True,True,True,False,False,0.0,1.0,1.0,0.0,0.0,0.0,0.0,0.0
H0A4:atp:2026/7389/ms015:C0JV,Nick Hardt,Bogota,2026-07-06,R16,Challenger main draw,2026,2025-26,Result + serve/return totals,True,True,False,False,True,False,True,False,False,False,0.0,1.0,1.0,0.0,0.0,0.0,0.0,0.0
H0A4:atp:2026/7389/ms031:H0CD,Nick Hardt,Bogota,2026-07-06,R32,Challenger main draw,2026,2025-26,Result + serve/return totals,True,True,False,False,True,False,True,False,False,False,0.0,1.0,1.0,0.0,0.0,0.0,0.0,0.0
H0A4:atp:2026/8392/ms020:CF01,Nick Hardt,Todi,2026-08-10,R32,Challenger main draw,2026,2025-26,Result + serve/return totals,True,True,False,False,True,False,True,False,False,False,0.0,1.0,1.0,0.0,0.0,0.0,0.0,0.0
H0A4:atp:2026/600/ms008:K0DP,Nick Hardt,Prague,2026-08-17,R16,Challenger main draw,2026,2025-26,Result + serve/return totals,True,True,False,False,True,False,False,False,False,False,0.0,1.0,1.0,0.0,0.0,0.0,0.0,0.0
H0A4:atp:2026/600/ms017:F0GD,Nick Hardt,Prague,2026-08-17,R32,Challenger main draw,2026,2025-26,Result + serve/return totals,True,True,False,False,True,False,False,False,False,False,0.0,1.0,1.0,0.0,0.0,0.0,0.0,0.0
H0A4:atp:2026/8266/ms023:W712,Nick Hardt,Augsburg,2026-08-24,R32,Challenger main draw,2026,2025-26,Result + serve/return totals,True,True,False,False,True,False,False,False,False,False,0.0,1.0,1.0,0.0,0.0,0.0,0.0,0.0
H0A4:atp:2026/2933/ms027:CF01,Nick Hardt,Porto (CTP),2026-08-31,R32,Challenger main draw,2026,2025-26,Result + serve/return totals,True,True,False,False,True,False,False,False,False,False,0.0,1.0,1.0,0.0,0.0,0.0,0.0,0.0
H0A4:atp:2026/5143/ms000:K0OI,Nick Hardt,G2 DOM vs EGY,2026-09-14,RR,Davis Cup,2026,2025-26,"Result, no statistics",True,True,False,False,True,False,False,False,False,False,0.0,0.0,0.0,0.0,0.0,0.0,0.0,0.0
H0A4:atp:2026/5143/ms000:M0Z8,Nick Hardt,G2 DOM vs EGY,2026-09-14,RR,Davis Cup,2026,2025-26,"Result, no statistics",True,True,False,False,True,False,False,False,False,False,0.0,0.0,0.0,0.0,0.0,0.0,0.0,0.0
O0A2:atp:2016/3350/qs019:HB67,Gauthier Onclin,Mons,2016-10-03,Q1,Challenger qualifying,2016,2012-18,Result + serve/return totals,True,True,False,False,False,True,False,False,False,False,0.336,0.0,0.0,0.0,0.0,0.0,0.0,0.0
O0A2:atp:2018/6588/ms022:N0B4,Gauthier Onclin,Belgium F1,2018-06-18,R32,ITF main draw,2018,2012-18,"Result, no statistics",True,True,True,False,False,True,False,False,False,False,0.0,0.0,0.0,0.0,0.0,0.0,0.0,0.0
O0A2:atp:2019/8157/ms013:T0AP,Gauthier Onclin,M15 Sharm El Sheikh,2019-02-04,R16,ITF main draw,2019,2019-21,"Result, no statistics",True,True,True,False,False,True,False,False,False,False,0.0,0.0,0.0,0.0,0.0,0.0,0.0,0.0
O0A2:atp:2019/8157/ms026:V846,Gauthier Onclin,M15 Sharm El Sheikh,2019-02-04,R32,ITF main draw,2019,2019-21,"Result, no statistics",True,True,True,False,False,True,False,False,False,False,0.0,0.0,0.0,0.0,0.0,0.0,0.0,0.0
O0A2:atp:2019/8257/ms015:TC11,Gauthier Onclin,M15 Cairo,2019-04-22,R16,ITF main draw,2019,2019-21,"Result, no statistics",True,True,True,False,False,True,False,False,False,False,0.0,0.0,0.0,0.0,0.0,0.0,0.0,0.0
O0A2:atp:2019/8257/ms031:KI82,Gauthier Onclin,M15 Cairo,2019-04-22,R32,ITF main draw,2019,2019-21,"Result, no statistics",True,True,True,False,False,True,False,False,False,False,0.0,0.0,0.0,0.0,0.0,0.0,0.0,0.0
O0A2:atp:2019/6848/ms013:W712,Gauthier Onclin,M15 Cairo,2019-04-29,R16,ITF main draw,2019,2019-21,"Result, no statistics",True,True,False,False,True,False,False,False,False,False,0.0,0.0,0.0,0.0,0.0,0.0,0.0,0.0
O0A2:atp:2019/6848/ms026:KE83,Gauthier Onclin,M15 Cairo,2019-04-29,R32,ITF main draw,2019,2019-21,"Result, no statistics",True,True,False,False,True,False,False,False,False,False,0.0,0.0,0.0,0.0,0.0,0.0,0.0,0.0
O0A2:atp:2019/4066/ms015:V821,Gauthier Onclin,M15 Brussels,2019-07-29,R16,ITF main draw,2019,2019-21,"Result, no statistics",True,True,True,False,False,True,False,False,False,False,0.0,0.0,0.0,0.0,0.0,0.0,0.0,0.0
O0A2:atp:2019/4066/ms030:V0DF,Gauthier Onclin,M15 Brussels,2019-07-29,R32,ITF main draw,2019,2019-21,"Result, no statistics",True,True,True,False,False,True,False,False,False,False,0.0,0.0,0.0,0.0,0.0,0.0,0.0,0.0
O0A2:atp:2019/6346/ms015:V821,Gauthier Onclin,M15 Eupen,2019-08-05,R16,ITF main draw,2019,2019-21,"Result, no statistics",True,True,True,False,False,True,False,False,False,False,0.0,0.0,0.0,0.0,0.0,0.0,0.0,0.0
O0A2:atp:2019/6346/ms030:H09Y,Gauthier Onclin,M15 Eupen,2019-08-05,R32,ITF main draw,2019,2019-21,"Result, no statistics",True,True,True,False,False,True,False,False,False,False,0.0,0.0,0.0,0.0,0.0,0.0,0.0,0.0
O0A2:atp:2019/6303/ms001:SX81,Gauthier Onclin,M15 Koksijde,2019-08-12,F,ITF main draw,2019,2019-21,"Result, no statistics",True,True,False,False,True,False,False,False,False,False,0.0,0.0,0.0,0.0,0.0,0.0,0.0,0.0
O0A2:atp:2019/6303/ms002:BL05,Gauthier Onclin,M15 Koksijde,2019-08-12,SF,ITF main draw,2019,2019-21,"Result, no statistics",True,True,True,False,False,True,False,False,False,False,0.0,0.0,0.0,0.0,0.0,0.0,0.0,0.0
O0A2:atp:2019/6303/ms004:B0C3,Gauthier Onclin,M15 Koksijde,2019-08-12,QF,ITF main draw,2019,2019-21,"Result, no statistics",True,True,True,False,False,True,False,False,False,False,0.0,0.0,0.0,0.0,0.0,0.0,0.0,0.0
O0A2:atp:2019/6303/ms008:D0CU,Gauthier Onclin,M15 Koksijde,2019-08-12,R16,ITF main draw,2019,2019-21,"Result, no statistics",True,True,True,False,False,True,False,False,False,False,0.0,0.0,0.0,0.0,0.0,0.0,0.0,0.0
O0A2:atp:2019/6303/ms017:F0BJ,Gauthier Onclin,M15 Koksijde,2019-08-12,R32,ITF main draw,2019,2019-21,"Result, no statistics",True,True,True,False,False,True,False,False,False,False,0.0,0.0,0.0,0.0,0.0,0.0,0.0,0.0
O0A2:atp:2019/6878/ms023:G909,Gauthier Onclin,M15 Sharm El Sheikh,2019-09-30,R32,ITF main draw,2019,2019-21,"Result, no statistics",True,True,False,False,True,False,False,False,False,False,0.0,0.0,0.0,0.0,0.0,0.0,0.0,0.0
O0A2:atp:2019/6892/ms012:G909,Gauthier Onclin,M15 Sharm El Sheikh,2019-10-07,R16,ITF main draw,2019,2019-21,"Result, no statistics",True,True,False,False,True,False,False,False,False,False,0.0,0.0,0.0,0.0,0.0,0.0,0.0,0.0
O0A2:atp:2019/6892/ms025:N831,Gauthier Onclin,M15 Sharm El Sheikh,2019-10-07,R32,ITF main draw,2019,2019-21,"Result, no statistics",True,True,False,False,True,False,False,False,False,False,0.0,0.0,0.0,0.0,0.0,0.0,0.0,0.0
O0A2:atp:2019/842/ms018:R0EB,Gauthier Onclin,M15 Meshref,2019-11-04,R32,ITF main draw,2019,2019-21,"Result, no statistics",True,True,False,False,True,False,False,False,False,False,0.0,0.0,0.0,0.0,0.0,0.0,0.0,0.0
O0A2:atp:2019/6448/ms001:W712,Gauthier Onclin,M15 Meshref,2019-11-11,F,ITF main draw,2019,2019-21,"Result, no statistics",True,True,True,False,False,True,False,False,False,False,0.0,0.0,0.0,0.0,0.0,0.0,0.0,0.0
O0A2:atp:2019/6448/ms002:R0EB,Gauthier Onclin,M15 Meshref,2019-11-11,SF,ITF main draw,2019,2019-21,"Result, no statistics",True,True,True,False,False,True,False,False,False,False,0.0,0.0,0.0,0.0,0.0,0.0,0.0,0.0
O0A2:atp:2019/6448/ms004:SS25,Gauthier Onclin,M15 Meshref,2019-11-11,QF,ITF main draw,2019,2019-21,"Result, no statistics",True,True,True,False,False,True,False,False,False,False,0.0,0.0,0.0,0.0,0.0,0.0,0.0,0.0
O0A2:atp:2019/6448/ms008:WB15,Gauthier Onclin,M15 Meshref,2019-11-11,R16,ITF main draw,2019,2019-21,"Result, no statistics",True,True,True,False,False,True,False,False,False,False,0.0,0.0,0.0,0.0,0.0,0.0,0.0,0.0
O0A2:atp:2019/6448/ms016:RB00,Gauthier Onclin,M15 Meshref,2019-11-11,R32,ITF main draw,2019,2019-21,"Result, no statistics",True,True,True,False,False,True,False,False,False,False,0.0,0.0,0.0,0.0,0.0,0.0,0.0,0.0
O0A2:atp:2019/8360/ms013:F0AT,Gauthier Onclin,M15 Monastir,2019-11-25,R16,ITF main draw,2019,2019-21,"Result, no statistics",True,True,True,False,False,True,False,False,False,False,0.0,0.0,0.0,0.0,0.0,0.0,0.0,0.0
O0A2:atp:2019/8360/ms026:F09U,Gauthier Onclin,M15 Monastir,2019-11-25,R32,ITF main draw,2019,2019-21,"Result, no statistics",True,True,True,False,False,True,False,False,False,False,0.0,0.0,0.0,0.0,0.0,0.0,0.0,0.0
O0A2:atp:2019/8365/ms012:MI33,Gauthier Onclin,M15 Monastir,2019-12-02,R16,ITF main draw,2019,2019-21,"Result, no statistics",True,True,False,False,False,True,False,False,False,False,0.0,0.0,0.0,0.0,0.0,0.0,0.0,0.0
O0A2:atp:2019/8365/ms024:F0A4,Gauthier Onclin,M15 Monastir,2019-12-02,R32,ITF main draw,2019,2019-21,"Result, no statistics",True,True,True,False,False,True,False,False,False,False,0.0,0.0,0.0,0.0,0.0,0.0,0.0,0.0
O0A2:atp:2020/8154/ms001:B0BI,Gauthier Onclin,M15 Monastir,2020-01-27,F,ITF main draw,2020,2019-21,"Result, no statistics",True,True,False,False,True,False,False,False,False,False,0.0,0.0,0.0,0.0,0.0,0.0,0.0,0.0
O0A2:atp:2020/8154/ms003:J543,Gauthier Onclin,M15 Monastir,2020-01-27,SF,ITF main draw,2020,2019-21,"Result, no statistics",True,True,False,False,True,False,False,False,False,False,0.0,0.0,0.0,0.0,0.0,0.0,0.0,0.0
O0A2:atp:2020/8154/ms006:G0A0,Gauthier Onclin,M15 Monastir,2020-01-27,QF,ITF main draw,2020,2019-21,"Result, no statistics",True,True,False,False,True,False,False,False,False,False,0.0,0.0,0.0,0.0,0.0,0.0,0.0,0.0
O0A2:atp:2020/8154/ms013:W09X,Gauthier Onclin,M15 Monastir,2020-01-27,R16,ITF main draw,2020,2019-21,"Result, no statistics",True,True,True,False,False,True,False,False,False,False,0.0,0.0,0.0,0.0,0.0,0.0,0.0,0.0
O0A2:atp:2020/8154/ms027:BM05,Gauthier Onclin,M15 Monastir,2020-01-27,R32,ITF main draw,2020,2019-21,"Result, no statistics",True,True,True,False,False,True,False,False,False,False,0.0,0.0,0.0,0.0,0.0,0.0,0.0,0.0
O0A2:atp:2020/8160/ms027:WB25,Gauthier Onclin,M15 Monastir,2020-02-03,R32,ITF main draw,2020,2019-21,"Result, no statistics",True,True,False,False,True,False,False,False,False,False,0.0,0.0,0.0,0.0,0.0,0.0,0.0,0.0
O0A2:atp:2020/8166/ms018:KE35,Gauthier Onclin,M15 Monastir,2020-02-10,R32,ITF main draw,2020,2019-21,"Result, no statistics",True,True,False,False,True,False,False,False,False,False,0.0,0.0,0.0,0.0,0.0,0.0,0.0,0.0
O0A2:atp:2020/8186/ms013:P0D0,Gauthier Onclin,M15 Loule,2020-03-09,R16,ITF main draw,2020,2019-21,"Result, no statistics",True,True,False,False,True,False,False,False,False,False,0.0,0.0,0.0,0.0,0.0,0.0,0.0,0.0
O0A2:atp:2020/8186/ms027:BG72,Gauthier Onclin,M15 Loule,2020-03-09,R32,ITF main draw,2020,2019-21,"Result, no statistics",True,True,False,False,True,False,False,False,False,False,0.0,0.0,0.0,0.0,0.0,0.0,0.0,0.0
O0A2:atp:2020/6802/ms014:CN78,Gauthier Onclin,M15 Sintra,2020-09-07,R16,ITF main draw,2020,2019-21,"Result, no statistics",True,True,True,False,False,True,False,False,False,False,0.0,0.0,0.0,0.0,0.0,0.0,0.0,0.0
O0A2:atp:2020/6802/ms029:R0EK,Gauthier Onclin,M15 Sintra,2020-09-07,R32,ITF main draw,2020,2019-21,"Result, no statistics",True,True,True,False,False,True,False,False,False,False,0.0,0.0,0.0,0.0,0.0,0.0,0.0,0.0
O0A2:atp:2020/6806/ms004:PH78,Gauthier Onclin,M15 Sintra,2020-09-14,QF,ITF main draw,2020,2019-21,"Result, no statistics",True,True,True,False,False,True,False,False,False,False,0.0,0.0,0.0,0.0,0.0,0.0,0.0,0.0
O0A2:atp:2020/6806/ms009:CN78,Gauthier Onclin,M15 Sintra,2020-09-14,R16,ITF main draw,2020,2019-21,"Result, no statistics",True,True,True,False,False,True,False,False,False,False,0.0,0.0,0.0,0.0,0.0,0.0,0.0,0.0
O0A2:atp:2020/6806/ms018:A0ES,Gauthier Onclin,M15 Sintra,2020-09-14,R32,ITF main draw,2020,2019-21,"Result, no statistics",True,True,True,False,False,True,False,False,False,False,0.0,0.0,0.0,0.0,0.0,0.0,0.0,0.0
O0A2:atp:2020/6899/ms030:CN15,Gauthier Onclin,M15 Sharm El Sheikh,2020-10-12,R32,ITF main draw,2020,2019-21,"Result, no statistics",True,True,True,False,False,True,False,False,False,False,0.0,0.0,0.0,0.0,0.0,0.0,0.0,0.0
O0A2:atp:2020/9416/ms019:BM05,Gauthier Onclin,M15 Sharm El Sheikh,2020-11-09,R32,ITF main draw,2020,2019-21,"Result, no statistics",True,True,True,False,False,True,False,False,False,False,0.0,0.0,0.0,0.0,0.0,0.0,0.0,0.0
O0A2:atp:2020/9418/ms014:V656,Gauthier Onclin,M15 Sharm El Sheikh,2020-11-16,R16,ITF main draw,2020,2019-21,"Result, no statistics",True,True,False,False,True,False,False,False,False,False,0.0,0.0,0.0,0.0,0.0,0.0,0.0,0.0
O0A2:atp:2020/9418/ms029:KD43,Gauthier Onclin,M15 Sharm El Sheikh,2020-11-16,R32,ITF main draw,2020,2019-21,"Result, no statistics",True,True,False,False,True,False,False,False,False,False,0.0,0.0,0.0,0.0,0.0,0.0,0.0,0.0
O0A2:atp:2021/8160/ms021:FC36,Gauthier Onclin,M15 Monastir,2021-02-01,R32,ITF main draw,2021,2019-21,"Result, no statistics",True,True,False,False,True,False,False,False,False,False,0.0,0.0,0.0,0.0,0.0,0.0,0.0,0.0
O0A2:atp:2021/8166/ms001:E928,Gauthier Onclin,M15 Monastir,2021-02-08,F,ITF main draw,2021,2019-21,"Result, no statistics",True,True,True,False,False,True,False,False,False,False,0.0,0.0,0.0,0.0,0.0,0.0,0.0,0.0
O0A2:atp:2021/8166/ms003:MG08,Gauthier Onclin,M15 Monastir,2021-02-08,SF,ITF main draw,2021,2019-21,"Result, no statistics",True,True,False,False,True,False,False,False,False,False,0.0,0.0,0.0,0.0,0.0,0.0,0.0,0.0
O0A2:atp:2021/8166/ms007:P09S,Gauthier Onclin,M15 Monastir,2021-02-08,QF,ITF main draw,2021,2019-21,"Result, no statistics",True,True,False,False,True,False,False,False,False,False,0.0,0.0,0.0,0.0,0.0,0.0,0.0,0.0
O0A2:atp:2021/8166/ms015:DF88,Gauthier Onclin,M15 Monastir,2021-02-08,R16,ITF main draw,2021,2019-21,"Result, no statistics",True,True,False,False,True,False,False,False,False,False,0.0,0.0,0.0,0.0,0.0,0.0,0.0,0.0
O0A2:atp:2021/8166/ms030:M0GZ,Gauthier Onclin,M15 Monastir,2021-02-08,R32,ITF main draw,2021,2019-21,"Result, no statistics",True,True,False,False,True,False,False,False,False,False,0.0,0.0,0.0,0.0,0.0,0.0,0.0,0.0
O0A2:atp:2021/8173/ms001:DF88,Gauthier Onclin,M15 Monastir,2021-02-15,F,ITF main draw,2021,2019-21,"Result, no statistics",True,True,True,False,False,True,False,False,False,False,0.0,0.0,0.0,0.0,0.0,0.0,0.0,0.0
O0A2:atp:2021/8173/ms002:E928,Gauthier Onclin,M15 Monastir,2021-02-15,SF,ITF main draw,2021,2019-21,"Result, no statistics",True,True,True,False,False,True,False,False,False,False,0.0,0.0,0.0,0.0,0.0,0.0,0.0,0.0
O0A2:atp:2021/8173/ms004:GK24,Gauthier Onclin,M15 Monastir,2021-02-15,QF,ITF main draw,2021,2019-21,"Result, no statistics",True,True,True,False,False,True,False,False,False,False,0.0,0.0,0.0,0.0,0.0,0.0,0.0,0.0
O0A2:atp:2021/8173/ms009:N707,Gauthier Onclin,M15 Monastir,2021-02-15,R16,ITF main draw,2021,2019-21,"Result, no statistics",True,True,True,False,False,True,False,False,False,False,0.0,0.0,0.0,0.0,0.0,0.0,0.0,0.0
O0A2:atp:2021/8173/ms018:TG90,Gauthier Onclin,M15 Monastir,2021-02-15,R32,ITF main draw,2021,2019-21,"Result, no statistics",True,True,True,False,False,True,False,False,False,False,0.0,0.0,0.0,0.0,0.0,0.0,0.0,0.0
O0A2:atp:2021/8179/ms024:D0AR,Gauthier Onclin,M15 Monastir,2021-02-22,R32,ITF main draw,2021,2019-21,"Result, no statistics",True,True,True,False,False,True,False,False,False,False,0.0,0.0,0.0,0.0,0.0,0.0,0.0,0.0
O0A2:atp:2021/8212/ms001:C0JP,Gauthier Onclin,M15 Monastir,2021-03-15,F,ITF main draw,2021,2019-21,"Result, no statistics",True,True,True,False,False,True,False,False,False,False,0.0,0.0,0.0,0.0,0.0,0.0,0.0,0.0
O0A2:atp:2021/8212/ms002:P0B6,Gauthier Onclin,M15 Monastir,2021-03-15,SF,ITF main draw,2021,2019-21,"Result, no statistics",True,True,True,False,False,True,False,False,False,False,0.0,0.0,0.0,0.0,0.0,0.0,0.0,0.0
O0A2:atp:2021/8212/ms005:LC18,Gauthier Onclin,M15 Monastir,2021-03-15,QF,ITF main draw,2021,2019-21,"Result, no statistics",True,True,True,False,False,True,False,False,False,False,0.0,0.0,0.0,0.0,0.0,0.0,0.0,0.0
O0A2:atp:2021/8212/ms010:KI48,Gauthier Onclin,M15 Monastir,2021-03-15,R16,ITF main draw,2021,2019-21,"Result, no statistics",True,True,True,False,False,True,False,False,False,False,0.0,0.0,0.0,0.0,0.0,0.0,0.0,0.0
O0A2:atp:2021/8212/ms021:N0BK,Gauthier Onclin,M15 Monastir,2021-03-15,R32,ITF main draw,2021,2019-21,"Result, no statistics",True,True,True,False,False,True,False,False,False,False,0.0,0.0,0.0,0.0,0.0,0.0,0.0,0.0
O0A2:atp:2021/8222/ms026:P0B2,Gauthier Onclin,M15 Monastir,2021-03-22,R32,ITF main draw,2021,2019-21,"Result, no statistics",True,True,True,False,False,True,False,False,False,False,0.0,0.0,0.0,0.0,0.0,0.0,0.0,0.0
O0A2:atp:2021/8229/ms009:D0AR,Gauthier Onclin,M15 Monastir,2021-03-29,R16,ITF main draw,2021,2019-21,"Result, no statistics",True,True,True,False,False,True,False,False,False,False,0.0,0.0,0.0,0.0,0.0,0.0,0.0,0.0
O0A2:atp:2021/8229/ms018:C0HB,Gauthier Onclin,M15 Monastir,2021-03-29,R32,ITF main draw,2021,2019-21,"Result, no statistics",True,True,True,False,False,True,False,False,False,False,0.0,0.0,0.0,0.0,0.0,0.0,0.0,0.0
O0A2:atp:2021/7787/ms026:PG69,Gauthier Onclin,M15 Troisdorf,2021-05-10,R32,ITF main draw,2021,2019-21,"Result, no statistics",True,True,True,False,False,True,False,False,False,False,0.0,0.0,0.0,0.0,0.0,0.0,0.0,0.0
O0A2:atp:2021/1801/ms024:BU70,Gauthier Onclin,M15 Brcko,2021-05-17,R32,ITF main draw,2021,2019-21,Missing,True,True,False,False,True,False,False,False,False,False,0.0,0.0,0.0,0.0,0.0,0.0,0.0,0.0
O0A2:atp:2021/1803/ms005:SF41,Gauthier Onclin,M25 Kiseljak,2021-05-24,QF,ITF main draw,2021,2019-21,"Result, no statistics",True,True,False,False,True,False,False,False,False,False,0.0,0.0,0.0,0.0,0.0,0.0,0.0,0.0
O0A2:atp:2021/1803/ms010:T0FP,Gauthier Onclin,M25 Kiseljak,2021-05-24,R16,ITF main draw,2021,2019-21,"Result, no statistics",True,True,False,False,True,False,False,False,False,False,0.0,0.0,0.0,0.0,0.0,0.0,0.0,0.0
O0A2:atp:2021/1803/ms021:M0CI,Gauthier Onclin,M25 Kiseljak,2021-05-24,R32,ITF main draw,2021,2019-21,"Result, no statistics",True,True,False,False,True,False,False,False,False,False,0.0,0.0,0.0,0.0,0.0,0.0,0.0,0.0
O0A2:atp:2021/1805/ms007:CG07,Gauthier Onclin,M15 Sarajevo,2021-05-31,QF,ITF main draw,2021,2019-21,"Result, no statistics",True,True,False,False,True,False,False,False,False,False,0.0,0.0,0.0,0.0,0.0,0.0,0.0,0.0
O0A2:atp:2021/1805/ms014:B0GY,Gauthier Onclin,M15 Sarajevo,2021-05-31,R16,ITF main draw,2021,2019-21,"Result, no statistics",True,True,False,False,True,False,False,False,False,False,0.0,0.0,0.0,0.0,0.0,0.0,0.0,0.0
O0A2:atp:2021/1805/ms028:S0M9,Gauthier Onclin,M15 Sarajevo,2021-05-31,R32,ITF main draw,2021,2019-21,"Result, no statistics",True,True,False,False,True,False,False,False,False,False,0.0,0.0,0.0,0.0,0.0,0.0,0.0,0.0
O0A2:atp:2021/800/ms023:GG65,Gauthier Onclin,M25 Alkmaar,2021-06-21,R32,ITF main draw,2021,2019-21,"Result, no statistics",True,True,False,False,True,False,False,False,False,False,0.0,0.0,0.0,0.0,0.0,0.0,0.0,0.0
O0A2:atp:2021/795/ms020:RC04,Gauthier Onclin,M25 The Hague,2021-06-28,R32,ITF main draw,2021,2019-21,"Result, no statistics",True,True,False,False,True,False,False,False,False,False,0.0,0.0,0.0,0.0,0.0,0.0,0.0,0.0
O0A2:atp:2021/572/ms028:LF29,Gauthier Onclin,M25 Marburg,2021-07-05,R32,ITF main draw,2021,2019-21,"Result, no statistics",True,True,True,False,False,True,False,False,False,False,0.0,0.0,0.0,0.0,0.0,0.0,0.0,0.0
O0A2:atp:2021/9198/qs013:W0BD,Gauthier Onclin,Amersfoort - CH,2021-07-12,Q1,Challenger qualifying,2021,2019-21,Result + serve/return totals,True,True,False,False,False,True,False,False,False,False,0.336,0.0,0.0,0.0,0.0,0.0,0.0,0.0
O0A2:atp:2021/9554/ms019:WB19,Gauthier Onclin,M15 Esch/Alzette,2021-07-19,R32,ITF main draw,2021,2019-21,"Result, no statistics",True,True,True,False,False,True,False,False,False,False,0.0,0.0,0.0,0.0,0.0,0.0,0.0,0.0
O0A2:atp:2021/612/ms028:HB67,Gauthier Onclin,M25 Wetzlar,2021-08-02,R32,ITF main draw,2021,2019-21,"Result, no statistics",True,True,True,False,False,True,False,False,False,False,0.0,0.0,0.0,0.0,0.0,0.0,0.0,0.0
O0A2:atp:2021/6303/ms012:E0AC,Gauthier Onclin,M25 Koksijde,2021-08-16,R16,ITF main draw,2021,2019-21,"Result, no statistics",True,True,True,False,False,True,False,False,False,False,0.0,0.0,0.0,0.0,0.0,0.0,0.0,0.0
O0A2:atp:2021/6303/ms024:S0DB,Gauthier Onclin,M25 Koksijde,2021-08-16,R32,ITF main draw,2021,2019-21,"Result, no statistics",True,True,True,False,False,True,False,False,False,False,0.0,0.0,0.0,0.0,0.0,0.0,0.0,0.0
O0A2:atp:2021/4066/ms001:D0H9,Gauthier Onclin,M15 Huy,2021-08-23,F,ITF main draw,2021,2019-21,"Result, no statistics",True,True,True,False,False,True,False,False,False,False,0.0,0.0,0.0,0.0,0.0,0.0,0.0,0.0
O0A2:atp:2021/4066/ms002:GJ05,Gauthier Onclin,M15 Huy,2021-08-23,SF,ITF main draw,2021,2019-21,Missing,True,True,True,False,False,True,False,False,False,False,0.0,0.0,0.0,0.0,0.0,0.0,0.0,0.0
O0A2:atp:2021/4066/ms005:M0AA,Gauthier Onclin,M15 Huy,2021-08-23,QF,ITF main draw,2021,2019-21,"Result, no statistics",True,True,True,False,False,True,False,False,False,False,0.0,0.0,0.0,0.0,0.0,0.0,0.0,0.0
O0A2:atp:2021/4066/ms010:T0BD,Gauthier Onclin,M15 Huy,2021-08-23,R16,ITF main draw,2021,2019-21,"Result, no statistics",True,True,True,False,False,True,False,False,False,False,0.0,0.0,0.0,0.0,0.0,0.0,0.0,0.0
O0A2:atp:2021/4066/ms020:G0CV,Gauthier Onclin,M15 Huy,2021-08-23,R32,ITF main draw,2021,2019-21,"Result, no statistics",True,True,True,False,False,True,False,False,False,False,0.0,0.0,0.0,0.0,0.0,0.0,0.0,0.0
O0A2:atp:2021/6346/ms014:SQ79,Gauthier Onclin,M25 Eupen,2021-09-06,R16,ITF main draw,2021,2019-21,"Result, no statistics",True,True,True,False,False,True,False,False,False,False,0.0,0.0,0.0,0.0,0.0,0.0,0.0,0.0
O0A2:atp:2021/6346/ms028:C0I4,Gauthier Onclin,M25 Eupen,2021-09-06,R32,ITF main draw,2021,2019-21,"Result, no statistics",True,True,True,False,False,True,False,False,False,False,0.0,0.0,0.0,0.0,0.0,0.0,0.0,0.0
O0A2:atp:2021/721/ms020:FC25,Gauthier Onclin,M15 Forbach,2021-09-27,R32,ITF main draw,2021,2019-21,"Result, no statistics",True,True,True,False,False,True,False,False,False,False,0.0,0.0,0.0,0.0,0.0,0.0,0.0,0.0
O0A2:atp:2021/723/ms020:RH59,Gauthier Onclin,M25 Nevers,2021-10-04,R32,ITF main draw,2021,2019-21,"Result, no statistics",True,True,True,False,False,True,False,False,False,False,0.0,0.0,0.0,0.0,0.0,0.0,0.0,0.0
O0A2:atp:2021/7485/qs014:SA93,Gauthier Onclin,Antwerp,2021-10-18,Q1,Tour qualifying,2021,2019-21,Result + serve/return totals,True,True,False,True,False,True,False,False,False,False,0.0,0.0,0.0,0.0,0.0,0.0,0.0,0.0
O0A2:atp:2021/728/ms001:A09T,Gauthier Onclin,M25 Sarreguemines,2021-10-25,F,ITF main draw,2021,2019-21,"Result, no statistics",True,True,False,False,True,False,False,False,False,False,0.0,0.0,0.0,0.0,0.0,0.0,0.0,0.0
O0A2:atp:2021/728/ms002:B0AY,Gauthier Onclin,M25 Sarreguemines,2021-10-25,SF,ITF main draw,2021,2019-21,"Result, no statistics",True,True,False,False,True,False,False,False,False,False,0.0,0.0,0.0,0.0,0.0,0.0,0.0,0.0
O0A2:atp:2021/728/ms005:DG53,Gauthier Onclin,M25 Sarreguemines,2021-10-25,QF,ITF main draw,2021,2019-21,"Result, no statistics",True,True,False,False,True,False,False,False,False,False,0.0,0.0,0.0,0.0,0.0,0.0,0.0,0.0
O0A2:atp:2021/728/ms011:BP41,Gauthier Onclin,M25 Sarreguemines,2021-10-25,R16,ITF main draw,2021,2019-21,"Result, no statistics",True,True,True,False,False,True,False,False,False,False,0.0,0.0,0.0,0.0,0.0,0.0,0.0,0.0
O0A2:atp:2021/728/ms022:C0BQ,Gauthier Onclin,M25 Sarreguemines,2021-10-25,R32,ITF main draw,2021,2019-21,"Result, no statistics",True,True,True,False,False,True,False,False,False,False,0.0,0.0,0.0,0.0,0.0,0.0,0.0,0.0
O0A2:atp:2021/8128/ms002:B0M3,Gauthier Onclin,M15 Monastir,2021-11-08,SF,ITF main draw,2021,2019-21,"Result, no statistics",True,True,False,False,True,False,False,False,False,False,0.0,0.0,0.0,0.0,0.0,0.0,0.0,0.0
O0A2:atp:2021/8128/ms004:RD21,Gauthier Onclin,M15 Monastir,2021-11-08,QF,ITF main draw,2021,2019-21,"Result, no statistics",True,True,False,False,True,False,False,False,False,False,0.0,0.0,0.0,0.0,0.0,0.0,0.0,0.0
O0A2:atp:2021/8128/ms008:D0FY,Gauthier Onclin,M15 Monastir,2021-11-08,R16,ITF main draw,2021,2019-21,"Result, no statistics",True,True,False,False,True,False,False,False,False,False,0.0,0.0,0.0,0.0,0.0,0.0,0.0,0.0
O0A2:atp:2021/8128/ms016:D0CR,Gauthier Onclin,M15 Monastir,2021-11-08,R32,ITF main draw,2021,2019-21,"Result, no statistics",True,True,False,False,True,False,False,False,False,False,0.0,0.0,0.0,0.0,0.0,0.0,0.0,0.0
O0A2:atp:2022/8154/ms019:M0G4,Gauthier Onclin,M25 Monastir,2022-01-24,R32,ITF main draw,2022,2022-23,"Result, no statistics",True,True,False,False,True,False,False,False,False,False,0.0,0.0,0.0,0.0,0.0,0.0,0.0,0.0
O0A2:atp:2022/8160/ms024:B0GG,Gauthier Onclin,M15 Monastir,2022-01-31,R32,ITF main draw,2022,2022-23,"Result, no statistics",True,True,True,False,False,True,False,False,False,False,0.0,0.0,0.0,0.0,0.0,0.0,0.0,0.0
O0A2:atp:2022/8188/ms013:K0EP,Gauthier Onclin,M15 Monastir,2022-02-07,R16,ITF main draw,2022,2022-23,"Result, no statistics",True,True,True,False,False,True,False,False,False,False,0.0,0.0,0.0,0.0,0.0,0.0,0.0,0.0
O0A2:atp:2022/8188/ms027:BT42,Gauthier Onclin,M15 Monastir,2022-02-07,R32,ITF main draw,2022,2022-23,"Result, no statistics",True,True,True,False,False,True,False,False,False,False,0.0,0.0,0.0,0.0,0.0,0.0,0.0,0.0
O0A2:atp:2022/8178/ms011:LC12,Gauthier Onclin,M25 Faro,2022-02-28,R16,ITF main draw,2022,2022-23,"Result, no statistics",True,True,True,False,False,True,False,False,False,False,0.0,0.0,0.0,0.0,0.0,0.0,0.0,0.0
O0A2:atp:2022/8178/ms022:S0BT,Gauthier Onclin,M25 Faro,2022-02-28,R32,ITF main draw,2022,2022-23,"Result, no statistics",True,True,True,False,False,True,False,False,False,False,0.0,0.0,0.0,0.0,0.0,0.0,0.0,0.0
O0A2:atp:2022/8186/ms021:L0CX,Gauthier Onclin,M25 Portimao,2022-03-07,R32,ITF main draw,2022,2022-23,"Result, no statistics",True,True,True,False,False,True,False,False,False,False,0.0,0.0,0.0,0.0,0.0,0.0,0.0,0.0
O0A2:atp:2022/8197/ms005:MO55,Gauthier Onclin,M25 Loule,2022-03-14,QF,ITF main draw,2022,2022-23,"Result, no statistics",True,True,True,False,False,True,False,False,False,False,0.0,0.0,0.0,0.0,0.0,0.0,0.0,0.0
O0A2:atp:2022/8197/ms011:O664,Gauthier Onclin,M25 Loule,2022-03-14,R16,ITF main draw,2022,2022-23,"Result, no statistics",True,True,True,False,False,True,False,False,False,False,0.0,0.0,0.0,0.0,0.0,0.0,0.0,0.0
O0A2:atp:2022/8197/ms023:F664,Gauthier Onclin,M25 Loule,2022-03-14,R32,ITF main draw,2022,2022-23,"Result, no statistics",True,True,True,False,False,True,False,False,False,False,0.0,0.0,0.0,0.0,0.0,0.0,0.0,0.0
O0A2:atp:2022/8158/ms022:G0FF,Gauthier Onclin,M25 Toulouse-Balma,2022-03-21,R32,ITF main draw,2022,2022-23,"Result, no statistics",True,True,True,False,False,True,False,False,False,False,0.0,0.0,0.0,0.0,0.0,0.0,0.0,0.0
O0A2:atp:2022/8200/ms020:E0AA,Gauthier Onclin,M15 Antalya,2022-04-11,R32,ITF main draw,2022,2022-23,"Result, no statistics",True,True,True,False,False,True,False,False,False,False,0.0,0.0,0.0,0.0,0.0,0.0,0.0,0.0
O0A2:atp:2022/8213/ms011:M0B2,Gauthier Onclin,M15 Antalya,2022-04-18,R16,ITF main draw,2022,2022-23,"Result, no statistics",True,True,False,False,True,False,False,False,False,False,0.0,0.0,0.0,0.0,0.0,0.0,0.0,0.0
O0A2:atp:2022/8213/ms022:S0UV,Gauthier Onclin,M15 Antalya,2022-04-18,R32,ITF main draw,2022,2022-23,"Result, no statistics",True,True,False,False,True,False,False,False,False,False,0.0,0.0,0.0,0.0,0.0,0.0,0.0,0.0
O0A2:atp:2022/8223/ms010:L0CX,Gauthier Onclin,M15 Antalya,2022-04-25,R16,ITF main draw,2022,2022-23,"Result, no statistics",True,True,False,False,True,False,False,False,False,False,0.0,0.0,0.0,0.0,0.0,0.0,0.0,0.0
O0A2:atp:2022/8223/ms021:KI91,Gauthier Onclin,M15 Antalya,2022-04-25,R32,ITF main draw,2022,2022-23,"Result, no statistics",True,True,False,False,True,False,False,False,False,False,0.0,0.0,0.0,0.0,0.0,0.0,0.0,0.0
O0A2:atp:2022/738/ms001:R0ED,Gauthier Onclin,M15 Meerbusch,2022-05-02,F,ITF main draw,2022,2022-23,"Result, no statistics",True,True,False,False,True,False,False,False,False,False,0.0,0.0,0.0,0.0,0.0,0.0,0.0,0.0
O0A2:atp:2022/738/ms003:MM78,Gauthier Onclin,M15 Meerbusch,2022-05-02,SF,ITF main draw,2022,2022-23,"Result, no statistics",True,True,False,False,True,False,False,False,False,False,0.0,0.0,0.0,0.0,0.0,0.0,0.0,0.0
O0A2:atp:2022/738/ms007:B0JJ,Gauthier Onclin,M15 Meerbusch,2022-05-02,QF,ITF main draw,2022,2022-23,"Result, no statistics",True,True,False,False,True,False,False,False,False,False,0.0,0.0,0.0,0.0,0.0,0.0,0.0,0.0
O0A2:atp:2022/738/ms014:RD58,Gauthier Onclin,M15 Meerbusch,2022-05-02,R16,ITF main draw,2022,2022-23,"Result, no statistics",True,True,False,False,True,False,False,False,False,False,0.0,0.0,0.0,0.0,0.0,0.0,0.0,0.0
O0A2:atp:2022/738/ms028:N0BK,Gauthier Onclin,M15 Meerbusch,2022-05-02,R32,ITF main draw,2022,2022-23,"Result, no statistics",True,True,False,False,True,False,False,False,False,False,0.0,0.0,0.0,0.0,0.0,0.0,0.0,0.0
O0A2:atp:2022/1803/ms010:I0AP,Gauthier Onclin,M15 Prijedor,2022-05-16,R16,ITF main draw,2022,2022-23,"Result, no statistics",True,True,False,False,True,False,False,False,False,False,0.0,0.0,0.0,0.0,0.0,0.0,0.0,0.0
O0A2:atp:2022/1803/ms020:C0HV,Gauthier Onclin,M15 Prijedor,2022-05-16,R32,ITF main draw,2022,2022-23,"Result, no statistics",True,True,False,False,True,False,False,False,False,False,0.0,0.0,0.0,0.0,0.0,0.0,0.0,0.0
O0A2:atp:2022/1805/ms001:C0JP,Gauthier Onclin,M15 Brcko,2022-05-23,F,ITF main draw,2022,2022-23,"Result, no statistics",True,True,True,False,False,True,False,False,False,False,0.0,0.0,0.0,0.0,0.0,0.0,0.0,0.0
O0A2:atp:2022/1805/ms002:WB19,Gauthier Onclin,M15 Brcko,2022-05-23,SF,ITF main draw,2022,2022-23,"Result, no statistics",True,True,True,False,False,True,False,False,False,False,0.0,0.0,0.0,0.0,0.0,0.0,0.0,0.0
O0A2:atp:2022/1805/ms005:O0BE,Gauthier Onclin,M15 Brcko,2022-05-23,QF,ITF main draw,2022,2022-23,"Result, no statistics",True,True,True,False,False,True,False,False,False,False,0.0,0.0,0.0,0.0,0.0,0.0,0.0,0.0
O0A2:atp:2022/1805/ms010:N0DB,Gauthier Onclin,M15 Brcko,2022-05-23,R16,ITF main draw,2022,2022-23,"Result, no statistics",True,True,True,False,False,True,False,False,False,False,0.0,0.0,0.0,0.0,0.0,0.0,0.0,0.0
O0A2:atp:2022/1805/ms020:KG49,Gauthier Onclin,M15 Brcko,2022-05-23,R32,ITF main draw,2022,2022-23,"Result, no statistics",True,True,True,False,False,True,False,False,False,False,0.0,0.0,0.0,0.0,0.0,0.0,0.0,0.0
O0A2:atp:2022/8272/ms010:HF80,Gauthier Onclin,M25 Kiseljak,2022-05-30,R16,ITF main draw,2022,2022-23,"Result, no statistics",True,True,True,False,False,True,False,False,False,False,0.0,0.0,0.0,0.0,0.0,0.0,0.0,0.0
O0A2:atp:2022/8272/ms021:S0BA,Gauthier Onclin,M25 Kiseljak,2022-05-30,R32,ITF main draw,2022,2022-23,"Result, no statistics",True,True,True,False,False,True,False,False,False,False,0.0,0.0,0.0,0.0,0.0,0.0,0.0,0.0
O0A2:atp:2022/4066/ms001:R0E0,Gauthier Onclin,M15 Duffel,2022-06-13,F,ITF main draw,2022,2022-23,"Result, no statistics",True,True,True,False,False,True,False,False,False,False,0.0,0.0,0.0,0.0,0.0,0.0,0.0,0.0
O0A2:atp:2022/4066/ms002:C0B2,Gauthier Onclin,M15 Duffel,2022-06-13,SF,ITF main draw,2022,2022-23,"Result, no statistics",True,True,True,False,False,True,False,False,False,False,0.0,0.0,0.0,0.0,0.0,0.0,0.0,0.0
O0A2:atp:2022/4066/ms005:R0GN,Gauthier Onclin,M15 Duffel,2022-06-13,QF,ITF main draw,2022,2022-23,"Result, no statistics",True,True,True,False,False,True,False,False,False,False,0.0,0.0,0.0,0.0,0.0,0.0,0.0,0.0
O0A2:atp:2022/4066/ms010:D0C2,Gauthier Onclin,M15 Duffel,2022-06-13,R16,ITF main draw,2022,2022-23,"Result, no statistics",True,True,True,False,False,True,False,False,False,False,0.0,0.0,0.0,0.0,0.0,0.0,0.0,0.0
O0A2:atp:2022/4066/ms020:DH54,Gauthier Onclin,M15 Duffel,2022-06-13,R32,ITF main draw,2022,2022-23,"Result, no statistics",True,True,True,False,False,True,False,False,False,False,0.0,0.0,0.0,0.0,0.0,0.0,0.0,0.0
O0A2:atp:2022/6588/ms001:C0JP,Gauthier Onclin,M25 Arlon,2022-06-20,F,ITF main draw,2022,2022-23,"Result, no statistics",True,True,False,False,True,False,False,False,False,False,0.0,0.0,0.0,0.0,0.0,0.0,0.0,0.0
O0A2:atp:2022/6588/ms003:B0C3,Gauthier Onclin,M25 Arlon,2022-06-20,SF,ITF main draw,2022,2022-23,"Result, no statistics",True,True,False,False,True,False,False,False,False,False,0.0,0.0,0.0,0.0,0.0,0.0,0.0,0.0
O0A2:atp:2022/6588/ms007:H0GE,Gauthier Onclin,M25 Arlon,2022-06-20,QF,ITF main draw,2022,2022-23,"Result, no statistics",True,True,True,False,False,True,False,False,False,False,0.0,0.0,0.0,0.0,0.0,0.0,0.0,0.0
O0A2:atp:2022/6588/ms014:R0BT,Gauthier Onclin,M25 Arlon,2022-06-20,R16,ITF main draw,2022,2022-23,"Result, no statistics",True,True,True,False,False,True,False,False,False,False,0.0,0.0,0.0,0.0,0.0,0.0,0.0,0.0
O0A2:atp:2022/6588/ms028:J709,Gauthier Onclin,M25 Arlon,2022-06-20,R32,ITF main draw,2022,2022-23,"Result, no statistics",True,True,True,False,False,True,False,False,False,False,0.0,0.0,0.0,0.0,0.0,0.0,0.0,0.0
O0A2:atp:2022/541/ms025:B0GY,Gauthier Onclin,M25 Marbug,2022-07-04,R32,ITF main draw,2022,2022-23,"Result, no statistics",True,True,False,False,True,False,False,False,False,False,0.0,0.0,0.0,0.0,0.0,0.0,0.0,0.0
O0A2:atp:2022/9198/qs011:K0FY,Gauthier Onclin,Amersfoort,2022-07-11,Q2,Challenger qualifying,2022,2022-23,Result + serve/return totals,True,True,False,False,True,False,False,False,False,False,0.336,0.0,0.0,0.0,0.0,0.0,0.0,0.0
O0A2:atp:2022/9198/qs022:RH62,Gauthier Onclin,Amersfoort,2022-07-11,Q1,Challenger qualifying,2022,2022-23,Result + serve/return totals,True,True,False,False,True,False,False,False,False,False,0.336,0.0,0.0,0.0,0.0,0.0,0.0,0.0
O0A2:atp:2022/9554/ms024:R0E0,Gauthier Onclin,M25 Esch/Alzette,2022-07-18,R32,ITF main draw,2022,2022-23,"Result, no statistics",True,True,False,False,True,False,False,False,False,False,0.0,0.0,0.0,0.0,0.0,0.0,0.0,0.0
O0A2:atp:2022/572/ms009:CH12,Gauthier Onclin,M25 Wetzlar,2022-08-01,R16,ITF main draw,2022,2022-23,"Result, no statistics",True,True,False,False,True,False,False,False,False,False,0.0,0.0,0.0,0.0,0.0,0.0,0.0,0.0
O0A2:atp:2022/572/ms019:T09X,Gauthier Onclin,M25 Wetzlar,2022-08-01,R32,ITF main draw,2022,2022-23,"Result, no statistics",True,True,False,False,True,False,False,False,False,False,0.0,0.0,0.0,0.0,0.0,0.0,0.0,0.0
O0A2:atp:2022/6809/qs010:V717,Gauthier Onclin,Meerbusch,2022-08-08,Q2,Challenger qualifying,2022,2022-23,Result + serve/return totals,True,True,False,False,True,False,False,False,False,False,0.336,0.0,0.0,0.0,0.0,0.0,0.0,0.0
O0A2:atp:2022/6809/qs021:GJ05,Gauthier Onclin,Meerbusch,2022-08-08,Q1,Challenger qualifying,2022,2022-23,Result + serve/return totals,True,True,False,False,True,False,False,False,False,False,0.336,0.0,0.0,0.0,0.0,0.0,0.0,0.0
O0A2:atp:2022/4159/ms023:B0GB,Gauthier Onclin,M25 Koksijde,2022-08-15,R32,ITF main draw,2022,2022-23,"Result, no statistics",True,True,False,False,True,False,False,False,False,False,0.0,0.0,0.0,0.0,0.0,0.0,0.0,0.0
O0A2:atp:2022/6303/ms002:B0C3,Gauthier Onclin,M15 Lambermont,2022-08-22,SF,ITF main draw,2022,2022-23,"Result, no statistics",True,True,True,False,False,True,False,False,False,False,0.0,0.0,0.0,0.0,0.0,0.0,0.0,0.0
O0A2:atp:2022/6303/ms004:D0FY,Gauthier Onclin,M15 Lambermont,2022-08-22,QF,ITF main draw,2022,2022-23,"Result, no statistics",True,True,True,False,False,True,False,False,False,False,0.0,0.0,0.0,0.0,0.0,0.0,0.0,0.0
O0A2:atp:2022/6303/ms008:E0B8,Gauthier Onclin,M15 Lambermont,2022-08-22,R16,ITF main draw,2022,2022-23,"Result, no statistics",True,True,True,False,False,True,False,False,False,False,0.0,0.0,0.0,0.0,0.0,0.0,0.0,0.0
O0A2:atp:2022/6303/ms016:R0F9,Gauthier Onclin,M15 Lambermont,2022-08-22,R32,ITF main draw,2022,2022-23,"Result, no statistics",True,True,False,False,True,False,False,False,False,False,0.0,0.0,0.0,0.0,0.0,0.0,0.0,0.0
O0A2:atp:2022/838/ms031:J0C2,Gauthier Onclin,M15 Haren,2022-08-29,R32,ITF main draw,2022,2022-23,"Result, no statistics",True,True,True,False,False,True,False,False,False,False,0.0,0.0,0.0,0.0,0.0,0.0,0.0,0.0
O0A2:atp:2022/6048/ms001:S0R5,Gauthier Onclin,M15 Zlatibor,2022-09-12,F,ITF main draw,2022,2022-23,"Result, no statistics",True,True,True,False,False,True,False,False,False,False,0.0,0.0,0.0,0.0,0.0,0.0,0.0,0.0
O0A2:atp:2022/6048/ms002:P0G5,Gauthier Onclin,M15 Zlatibor,2022-09-12,SF,ITF main draw,2022,2022-23,"Result, no statistics",True,True,True,False,False,True,False,False,False,False,0.0,0.0,0.0,0.0,0.0,0.0,0.0,0.0
O0A2:atp:2022/6048/ms004:P0AY,Gauthier Onclin,M15 Zlatibor,2022-09-12,QF,ITF main draw,2022,2022-23,"Result, no statistics",True,True,True,False,False,True,False,False,False,False,0.0,0.0,0.0,0.0,0.0,0.0,0.0,0.0
O0A2:atp:2022/6048/ms008:P0KU,Gauthier Onclin,M15 Zlatibor,2022-09-12,R16,ITF main draw,2022,2022-23,"Result, no statistics",True,True,True,False,False,True,False,False,False,False,0.0,0.0,0.0,0.0,0.0,0.0,0.0,0.0
O0A2:atp:2022/6048/ms016:O0AX,Gauthier Onclin,M15 Zlatibor,2022-09-12,R32,ITF main draw,2022,2022-23,"Result, no statistics",True,True,True,False,False,True,False,False,False,False,0.0,0.0,0.0,0.0,0.0,0.0,0.0,0.0
O0A2:atp:2022/723/ms001:C0JP,Gauthier Onclin,M25 Nevers,2022-10-03,F,ITF main draw,2022,2022-23,"Result, no statistics",True,True,True,False,False,True,False,False,False,False,0.0,0.0,0.0,0.0,0.0,0.0,0.0,0.0
O0A2:atp:2022/723/ms003:G0GW,Gauthier Onclin,M25 Nevers,2022-10-03,SF,ITF main draw,2022,2022-23,"Result, no statistics",True,True,True,False,False,True,False,False,False,False,0.0,0.0,0.0,0.0,0.0,0.0,0.0,0.0
O0A2:atp:2022/723/ms007:RH50,Gauthier Onclin,M25 Nevers,2022-10-03,QF,ITF main draw,2022,2022-23,"Result, no statistics",True,True,True,False,False,True,False,False,False,False,0.0,0.0,0.0,0.0,0.0,0.0,0.0,0.0
O0A2:atp:2022/723/ms015:R0BN,Gauthier Onclin,M25 Nevers,2022-10-03,R16,ITF main draw,2022,2022-23,"Result, no statistics",True,True,True,False,False,True,False,False,False,False,0.0,0.0,0.0,0.0,0.0,0.0,0.0,0.0
O0A2:atp:2022/723/ms031:PM29,Gauthier Onclin,M25 Nevers,2022-10-03,R32,ITF main draw,2022,2022-23,"Result, no statistics",True,True,True,False,False,True,False,False,False,False,0.0,0.0,0.0,0.0,0.0,0.0,0.0,0.0
O0A2:atp:2022/724/ms003:GJ05,Gauthier Onclin,M25+H Rodez,2022-10-10,SF,ITF main draw,2022,2022-23,"Result, no statistics",True,True,True,False,False,True,False,False,False,False,0.0,0.0,0.0,0.0,0.0,0.0,0.0,0.0
O0A2:atp:2022/724/ms006:G0GW,Gauthier Onclin,M25+H Rodez,2022-10-10,QF,ITF main draw,2022,2022-23,"Result, no statistics",True,True,True,False,False,True,False,False,False,False,0.0,0.0,0.0,0.0,0.0,0.0,0.0,0.0
O0A2:atp:2022/724/ms013:J557,Gauthier Onclin,M25+H Rodez,2022-10-10,R16,ITF main draw,2022,2022-23,"Result, no statistics",True,True,True,False,False,True,False,False,False,False,0.0,0.0,0.0,0.0,0.0,0.0,0.0,0.0
O0A2:atp:2022/724/ms027:MN49,Gauthier Onclin,M25+H Rodez,2022-10-10,R32,ITF main draw,2022,2022-23,"Result, no statistics",True,True,True,False,False,True,False,False,False,False,0.0,0.0,0.0,0.0,0.0,0.0,0.0,0.0
O0A2:atp:2022/8360/ms001:E0AC,Gauthier Onclin,M25 Monastir,2022-10-24,F,ITF main draw,2022,2022-23,"Result, no statistics",True,True,False,False,True,False,False,False,False,False,0.0,0.0,0.0,0.0,0.0,0.0,0.0,0.0
O0A2:atp:2022/8360/ms002:BV16,Gauthier Onclin,M25 Monastir,2022-10-24,SF,ITF main draw,2022,2022-23,"Result, no statistics",True,True,False,False,True,False,False,False,False,False,0.0,0.0,0.0,0.0,0.0,0.0,0.0,0.0
O0A2:atp:2022/8360/ms004:ML73,Gauthier Onclin,M25 Monastir,2022-10-24,QF,ITF main draw,2022,2022-23,"Result, no statistics",True,True,False,False,True,False,False,False,False,False,0.0,0.0,0.0,0.0,0.0,0.0,0.0,0.0
O0A2:atp:2022/8360/ms009:C0HB,Gauthier Onclin,M25 Monastir,2022-10-24,R16,ITF main draw,2022,2022-23,"Result, no statistics",True,True,False,False,True,False,False,False,False,False,0.0,0.0,0.0,0.0,0.0,0.0,0.0,0.0
O0A2:atp:2022/8360/ms019:K0E3,Gauthier Onclin,M25 Monastir,2022-10-24,R32,ITF main draw,2022,2022-23,"Result, no statistics",True,True,True,False,False,True,False,False,False,False,0.0,0.0,0.0,0.0,0.0,0.0,0.0,0.0
O0A2:atp:2022/8365/ms006:B0AY,Gauthier Onclin,M25 Monastir,2022-10-31,QF,ITF main draw,2022,2022-23,"Result, no statistics",True,True,False,False,True,False,False,False,False,False,0.0,0.0,0.0,0.0,0.0,0.0,0.0,0.0
O0A2:atp:2022/8365/ms012:S0BT,Gauthier Onclin,M25 Monastir,2022-10-31,R16,ITF main draw,2022,2022-23,"Result, no statistics",True,True,False,False,True,False,False,False,False,False,0.0,0.0,0.0,0.0,0.0,0.0,0.0,0.0
O0A2:atp:2022/8365/ms024:MK26,Gauthier Onclin,M25 Monastir,2022-10-31,R32,ITF main draw,2022,2022-23,"Result, no statistics",True,True,False,False,True,False,False,False,False,False,0.0,0.0,0.0,0.0,0.0,0.0,0.0,0.0
O0A2:atp:2022/8310/qs017:E928,Gauthier Onclin,Helsinki,2022-11-14,Q1,Challenger qualifying,2022,2022-23,Result + serve/return totals,True,True,False,False,True,False,False,False,False,False,0.336,0.0,0.0,0.0,0.0,0.0,0.0,0.0
O0A2:atp:2022/8312/ms029:KD87,Gauthier Onclin,Maia,2022-11-28,R32,Challenger main draw,2022,2022-23,Result + serve/return totals,True,True,False,False,False,True,False,False,False,False,0.553,0.0,0.0,0.0,0.0,0.0,0.0,0.0
O0A2:atp:2022/8312/qs012:F0F2,Gauthier Onclin,Maia,2022-11-28,Q2,Challenger qualifying,2022,2022-23,Result + serve/return totals,True,True,False,False,True,False,False,False,False,False,0.336,0.0,0.0,0.0,0.0,0.0,0.0,0.0
O0A2:atp:2022/8312/qs024:R0F6,Gauthier Onclin,Maia,2022-11-28,Q1,Challenger qualifying,2022,2022-23,Result + serve/return totals,True,True,False,False,True,False,False,False,False,False,0.336,0.0,0.0,0.0,0.0,0.0,0.0,0.0
O0A2:atp:2023/8134/ms001:PJ74,Gauthier Onclin,M15 Bressuire,2023-01-16,F,ITF main draw,2023,2022-23,"Result, no statistics",True,True,True,False,False,True,False,False,False,False,0.0,0.0,0.0,0.0,0.0,0.0,0.0,0.0
O0A2:atp:2023/8134/ms002:G0IW,Gauthier Onclin,M15 Bressuire,2023-01-16,SF,ITF main draw,2023,2022-23,"Result, no statistics",True,True,True,False,False,True,False,False,False,False,0.0,0.0,0.0,0.0,0.0,0.0,0.0,0.0
O0A2:atp:2023/8134/ms004:G0I2,Gauthier Onclin,M15 Bressuire,2023-01-16,QF,ITF main draw,2023,2022-23,"Result, no statistics",True,True,True,False,False,True,False,False,False,False,0.0,0.0,0.0,0.0,0.0,0.0,0.0,0.0
O0A2:atp:2023/8134/ms008:F0FF,Gauthier Onclin,M15 Bressuire,2023-01-16,R16,ITF main draw,2023,2022-23,"Result, no statistics",True,True,True,False,False,True,False,False,False,False,0.0,0.0,0.0,0.0,0.0,0.0,0.0,0.0
O0A2:atp:2023/8134/ms016:S0GF,Gauthier Onclin,M15 Bressuire,2023-01-16,R32,ITF main draw,2023,2022-23,"Result, no statistics",True,True,True,False,False,True,False,False,False,False,0.0,0.0,0.0,0.0,0.0,0.0,0.0,0.0
O0A2:atp:2023/2837/ms002:GB88,Gauthier Onclin,Ottignies-Louvain-la-Neuve,2023-01-23,SF,Challenger main draw,2023,2022-23,Result + serve/return totals,True,True,True,True,False,True,True,False,False,False,0.0,0.0,0.0,0.0,0.0,0.0,0.0,0.0
O0A2:atp:2023/2837/ms005:U120,Gauthier Onclin,Ottignies-Louvain-la-Neuve,2023-01-23,QF,Challenger main draw,2023,2022-23,Result + serve/return totals,True,True,True,True,False,True,True,False,False,False,0.0,0.0,0.0,0.0,0.0,0.0,0.0,0.0
O0A2:atp:2023/2837/ms010:G858,Gauthier Onclin,Ottignies-Louvain-la-Neuve,2023-01-23,R16,Challenger main draw,2023,2022-23,Result + serve/return totals,True,True,True,False,False,True,True,False,False,False,0.0,0.0,0.0,0.0,0.0,0.0,0.0,0.0
O0A2:atp:2023/2837/ms020:HH26,Gauthier Onclin,Ottignies-Louvain-la-Neuve,2023-01-23,R32,Challenger main draw,2023,2022-23,Result + serve/return totals,True,True,False,False,False,True,True,False,False,False,0.0,0.0,0.0,0.0,0.0,0.0,0.0,0.0
O0A2:atp:2023/2837/qs013:KI48,Gauthier Onclin,Ottignies-Louvain-la-Neuve,2023-01-23,Q2,Challenger qualifying,2023,2022-23,Result + serve/return totals,True,True,False,False,False,True,True,False,False,False,0.0,0.0,0.0,0.0,0.0,0.0,0.0,0.0
O0A2:atp:2023/2837/qs027:N897,Gauthier Onclin,Ottignies-Louvain-la-Neuve,2023-01-23,Q1,Challenger qualifying,2023,2022-23,Result + serve/return totals,True,True,False,False,False,True,True,False,False,False,0.0,0.0,0.0,0.0,0.0,0.0,0.0,0.0
O0A2:atp:2023/398/ms026:Z09D,Gauthier Onclin,Cherbourg,2023-02-13,R32,Challenger main draw,2023,2022-23,Result + serve/return totals,True,True,False,False,False,True,True,False,False,False,0.0,0.0,0.0,0.0,0.0,0.0,0.0,0.0
O0A2:atp:2023/398/qs008:MW76,Gauthier Onclin,Cherbourg,2023-02-13,Q2,Challenger qualifying,2023,2022-23,Result + serve/return totals,True,True,False,False,False,True,True,False,False,False,0.0,0.0,0.0,0.0,0.0,0.0,0.0,0.0
O0A2:atp:2023/398/qs016:BV21,Gauthier Onclin,Cherbourg,2023-02-13,Q1,Challenger qualifying,2023,2022-23,Result + serve/return totals,True,True,False,False,False,True,True,False,False,False,0.0,0.0,0.0,0.0,0.0,0.0,0.0,0.0
O0A2:atp:2023/2849/ms003:S0LA,Gauthier Onclin,Rovereto,2023-02-20,SF,Challenger main draw,2023,2022-23,Result + serve/return totals,True,True,False,False,True,False,True,False,False,False,0.0,0.0,0.0,0.0,0.0,0.0,0.0,0.0
O0A2:atp:2023/2849/ms006:KH56,Gauthier Onclin,Rovereto,2023-02-20,QF,Challenger main draw,2023,2022-23,Result + serve/return totals,True,True,False,False,False,True,True,False,False,False,0.0,0.0,0.0,0.0,0.0,0.0,0.0,0.0
O0A2:atp:2023/2849/ms012:S0RF,Gauthier Onclin,Rovereto,2023-02-20,R16,Challenger main draw,2023,2022-23,Result + serve/return totals,True,True,False,False,False,True,True,False,False,False,0.0,0.0,0.0,0.0,0.0,0.0,0.0,0.0
O0A2:atp:2023/2849/ms025:R685,Gauthier Onclin,Rovereto,2023-02-20,R32,Challenger main draw,2023,2022-23,Result + serve/return totals,True,True,False,False,False,True,True,False,False,False,0.0,0.0,0.0,0.0,0.0,0.0,0.0,0.0
O0A2:atp:2023/9516/ms015:S0LA,Gauthier Onclin,Lugano,2023-03-06,R16,Challenger main draw,2023,2022-23,Result + serve/return totals,True,True,False,False,True,False,True,False,False,False,0.0,0.0,0.0,0.0,0.0,0.0,0.0,0.0
O0A2:atp:2023/9516/ms030:A09T,Gauthier Onclin,Lugano,2023-03-06,R32,Challenger main draw,2023,2022-23,Result + serve/return totals,True,True,False,False,True,False,True,False,False,False,0.0,0.0,0.0,0.0,0.0,0.0,0.0,0.0
O0A2:atp:2023/9516/qs008:A622,Gauthier Onclin,Lugano,2023-03-06,Q2,Challenger qualifying,2023,2022-23,Result + serve/return totals,True,True,False,False,True,False,True,False,False,False,0.0,0.0,0.0,0.0,0.0,0.0,0.0,0.0
O0A2:atp:2023/9516/qs016:D0HX,Gauthier Onclin,Lugano,2023-03-06,Q1,Challenger qualifying,2023,2022-23,Result + serve/return totals,True,True,False,False,True,False,True,False,False,False,0.0,0.0,0.0,0.0,0.0,0.0,0.0,0.0
O0A2:atp:2023/1796/ms014:L0GH,Gauthier Onclin,St. Brieuc,2023-03-20,R16,Challenger main draw,2023,2022-23,Result + serve/return totals,True,True,False,False,True,False,True,False,False,False,0.0,0.0,0.0,0.0,0.0,0.0,0.0,0.0
O0A2:atp:2023/1796/ms028:M0HU,Gauthier Onclin,St. Brieuc,2023-03-20,R32,Challenger main draw,2023,2022-23,Result + serve/return totals,True,True,False,False,True,False,True,False,False,False,0.0,0.0,0.0,0.0,0.0,0.0,0.0,0.0
O0A2:atp:2023/7874/ms022:I306,Gauthier Onclin,Lille,2023-03-27,R32,Challenger main draw,2023,2022-23,Result + serve/return totals,True,True,False,False,True,False,True,False,False,False,0.0,0.0,0.0,0.0,0.0,0.0,0.0,0.0
O0A2:atp:2023/9817/ms006:C0JP,Gauthier Onclin,Roseto Degli Abruzzi,2023-04-17,QF,Challenger main draw,2023,2022-23,Result + serve/return totals,True,True,False,False,False,True,True,False,False,False,0.0,0.0,0.0,0.0,0.0,0.0,0.0,0.0
O0A2:atp:2023/9817/ms012:F0A4,Gauthier Onclin,Roseto Degli Abruzzi,2023-04-17,R16,Challenger main draw,2023,2022-23,Result + serve/return totals,True,True,False,False,False,True,True,False,False,False,0.0,0.0,0.0,0.0,0.0,0.0,0.0,0.0
O0A2:atp:2023/9817/ms024:SP80,Gauthier Onclin,Roseto Degli Abruzzi,2023-04-17,R32,Challenger main draw,2023,2022-23,Result + serve/return totals,True,True,False,False,True,False,True,False,False,False,0.0,0.0,0.0,0.0,0.0,0.0,0.0,0.0
O0A2:atp:2023/1797/ms005:KH56,Gauthier Onclin,Ostrava,2023-04-24,QF,Challenger main draw,2023,2022-23,Result + serve/return totals,True,True,False,False,False,True,True,False,False,False,0.0,0.0,0.0,0.0,0.0,0.0,0.0,0.0
O0A2:atp:2023/1797/ms011:S0GD,Gauthier Onclin,Ostrava,2023-04-24,R16,Challenger main draw,2023,2022-23,Result + serve/return totals,True,True,False,False,False,True,True,False,False,False,0.0,0.0,0.0,0.0,0.0,0.0,0.0,0.0
O0A2:atp:2023/1797/ms022:SS25,Gauthier Onclin,Ostrava,2023-04-24,R32,Challenger main draw,2023,2022-23,Result + serve/return totals,True,True,False,False,False,True,True,False,False,False,0.0,0.0,0.0,0.0,0.0,0.0,0.0,0.0
O0A2:atp:2023/7707/ms017:TA12,Gauthier Onclin,Francavilla al Mare,2023-05-08,R32,Challenger main draw,2023,2022-23,Result + serve/return totals,True,True,False,False,False,True,True,False,False,False,0.0,0.0,0.0,0.0,0.0,0.0,0.0,0.0
O0A2:atp:2023/3824/ms014:HH26,Gauthier Onclin,Bordeaux,2023-05-15,R16,Challenger main draw,2023,2022-23,Result + serve/return totals,True,True,False,False,False,True,True,False,False,False,0.0,0.0,0.0,0.0,0.0,0.0,0.0,0.0
O0A2:atp:2023/3824/ms029:Y218,Gauthier Onclin,Bordeaux,2023-05-15,R32,Challenger main draw,2023,2022-23,Result + serve/return totals,True,True,False,False,False,True,True,False,False,False,0.0,0.0,0.0,0.0,0.0,0.0,0.0,0.0
O0A2:atp:2023/3824/qs006:A887,Gauthier Onclin,Bordeaux,2023-05-15,Q2,Challenger qualifying,2023,2022-23,Result + serve/return totals,True,True,False,False,False,True,True,False,False,False,0.0,0.0,0.0,0.0,0.0,0.0,0.0,0.0
O0A2:atp:2023/3824/qs012:D787,Gauthier Onclin,Bordeaux,2023-05-15,Q1,Challenger qualifying,2023,2022-23,Result + serve/return totals,True,True,False,False,False,True,True,False,False,False,0.0,0.0,0.0,0.0,0.0,0.0,0.0,0.0
O0A2:atp:2023/520/qs049:T0A1,Gauthier Onclin,Roland Garros,2023-05-29,Q2,Tour qualifying,2023,2022-23,Result + serve/return totals,True,True,True,False,False,True,True,False,False,False,0.0,0.0,0.0,0.0,0.0,0.0,0.0,0.0
O0A2:atp:2023/520/qs098:I0A7,Gauthier Onclin,Roland Garros,2023-05-29,Q1,Tour qualifying,2023,2022-23,Result + serve/return totals,True,True,True,True,False,True,True,False,False,True,0.0,0.0,0.0,0.0,0.0,0.0,0.0,0.0
O0A2:atp:2023/9005/qs021:SY67,Gauthier Onclin,Ilkley,2023-06-19,Q1,Challenger qualifying,2023,2022-23,Result + serve/return totals,True,True,False,False,False,True,True,False,False,False,0.0,0.0,0.0,0.0,0.0,0.0,0.0,0.0
O0A2:atp:2023/3463/ms004:D0CG,Gauthier Onclin,Milan,2023-07-03,QF,Challenger main draw,2023,2022-23,Result + serve/return totals,True,True,False,False,True,False,True,False,False,False,0.0,0.0,0.0,0.0,0.0,0.0,0.0,0.0
O0A2:atp:2023/3463/ms009:G983,Gauthier Onclin,Milan,2023-07-03,R16,Challenger main draw,2023,2022-23,Result + serve/return totals,True,True,False,False,True,False,True,False,False,False,0.0,0.0,0.0,0.0,0.0,0.0,0.0,0.0
O0A2:atp:2023/3463/ms018:LI03,Gauthier Onclin,Milan,2023-07-03,R32,Challenger main draw,2023,2022-23,Result + serve/return totals,True,True,False,False,True,False,True,False,False,False,0.0,0.0,0.0,0.0,0.0,0.0,0.0,0.0
O0A2:atp:2023/540/qs037:MN13,Gauthier Onclin,Wimbledon,2023-07-03,Q2,Tour qualifying,2023,2022-23,Result + serve/return totals,True,True,True,False,False,True,True,False,False,False,0.0,0.0,0.0,0.0,0.0,0.0,0.0,0.0
O0A2:atp:2023/540/qs075:T0A1,Gauthier Onclin,Wimbledon,2023-07-03,Q1,Tour qualifying,2023,2022-23,Result + serve/return totals,True,True,True,False,False,True,True,False,False,False,0.0,0.0,0.0,0.0,0.0,0.0,0.0,0.0
O0A2:atp:2023/8394/ms025:C882,Gauthier Onclin,Iasi,2023-07-10,R32,Challenger main draw,2023,2022-23,Result + serve/return totals,True,True,False,False,True,False,True,False,False,False,0.0,0.0,0.0,0.0,0.0,0.0,0.0,0.0
O0A2:atp:2023/9198/ms006:M0AC,Gauthier Onclin,Amersfoort,2023-07-17,QF,Challenger main draw,2023,2022-23,Result + serve/return totals,True,True,False,False,True,False,True,False,False,False,0.0,0.0,0.0,0.0,0.0,0.0,0.0,0.0
O0A2:atp:2023/9198/ms012:D0H9,Gauthier Onclin,Amersfoort,2023-07-17,R16,Challenger main draw,2023,2022-23,Result + serve/return totals,True,True,False,False,True,False,True,False,False,False,0.0,0.0,0.0,0.0,0.0,0.0,0.0,0.0
O0A2:atp:2023/9198/ms025:RB60,Gauthier Onclin,Amersfoort,2023-07-17,R32,Challenger main draw,2023,2022-23,Result + serve/return totals,True,True,False,False,True,False,True,False,False,False,0.0,0.0,0.0,0.0,0.0,0.0,0.0,0.0
O0A2:atp:2023/9542/ms006:PD31,Gauthier Onclin,Luedenscheid,2023-07-31,QF,Challenger main draw,2023,2022-23,Result + serve/return totals,True,True,False,False,True,False,True,False,False,False,0.0,0.0,0.0,0.0,0.0,0.0,0.0,0.0
O0A2:atp:2023/9542/ms012:RH59,Gauthier Onclin,Luedenscheid,2023-07-31,R16,Challenger main draw,2023,2022-23,Result + serve/return totals,True,True,False,False,True,False,True,False,False,False,0.0,0.0,0.0,0.0,0.0,0.0,0.0,0.0
O0A2:atp:2023/9542/ms024:CH12,Gauthier Onclin,Luedenscheid,2023-07-31,R32,Challenger main draw,2023,2022-23,Result + serve/return totals,True,True,False,False,True,False,True,False,False,False,0.0,0.0,0.0,0.0,0.0,0.0,0.0,0.0
O0A2:atp:2023/6809/ms012:R0ED,Gauthier Onclin,Meerbusch,2023-08-07,R16,Challenger main draw,2023,2022-23,Result + serve/return totals,True,True,False,False,True,False,True,False,False,False,0.0,0.0,0.0,0.0,0.0,0.0,0.0,0.0
O0A2:atp:2023/6809/ms024:C0MH,Gauthier Onclin,Meerbusch,2023-08-07,R32,Challenger main draw,2023,2022-23,Result + serve/return totals,True,True,False,False,True,False,True,False,False,False,0.0,0.0,0.0,0.0,0.0,0.0,0.0,0.0
O0A2:atp:2023/560/qs051:SY67,Gauthier Onclin,US Open,2023-08-28,Q2,Tour qualifying,2023,2022-23,Result + serve/return totals,True,True,False,False,False,True,True,False,False,False,0.0,0.0,0.0,0.0,0.0,0.0,0.37,0.0
O0A2:atp:2023/560/qs102:TA29,Gauthier Onclin,US Open,2023-08-28,Q1,Tour qualifying,2023,2022-23,Result + serve/return totals,True,True,True,False,False,True,True,False,False,False,0.0,0.0,0.0,0.0,0.0,0.0,0.37,0.0
O0A2:atp:2023/7083/ms019:CH05,Gauthier Onclin,Istanbul,2023-09-04,R32,Challenger main draw,2023,2022-23,Result + serve/return totals,True,True,False,False,False,True,True,False,False,False,0.0,0.0,0.0,0.0,0.0,0.0,0.0,0.0
O0A2:atp:2023/3503/ms009:BM95,Gauthier Onclin,Rennes,2023-09-11,R16,Challenger main draw,2023,2022-23,Result + serve/return totals,True,True,False,False,False,True,True,False,False,False,0.0,0.0,0.0,0.0,0.0,0.0,0.0,0.0
O0A2:atp:2023/3503/ms018:Z0A1,Gauthier Onclin,Rennes,2023-09-11,R32,Challenger main draw,2023,2022-23,Result + serve/return totals,True,True,False,False,False,True,True,False,False,False,0.0,0.0,0.0,0.0,0.0,0.0,0.0,0.0
O0A2:atp:2023/7485/qs006:M0GZ,Gauthier Onclin,Antwerp,2023-10-16,Q2,Tour qualifying,2023,2022-23,Result + serve/return totals,True,True,False,False,False,True,True,False,False,False,0.0,0.0,0.0,0.0,0.0,0.0,0.0,0.0
O0A2:atp:2023/7485/qs012:C0BC,Gauthier Onclin,Antwerp,2023-10-16,Q1,Tour qualifying,2023,2022-23,Result + serve/return totals,True,True,False,False,False,True,True,False,False,False,0.0,0.0,0.0,0.0,0.0,0.0,0.0,0.0
O0A2:atp:2023/6204/ms031:K0HC,Gauthier Onclin,Ortisei,2023-10-23,R32,Challenger main draw,2023,2022-23,Result + serve/return totals,True,True,False,False,False,True,True,False,False,False,0.0,0.0,0.0,0.0,0.0,0.0,0.0,0.0
O0A2:atp:2023/854/ms019:A829,Gauthier Onclin,Bergamo,2023-10-30,R32,Challenger main draw,2023,2022-23,Result + serve/return totals,True,True,False,False,False,True,True,False,False,False,0.0,0.0,0.0,0.0,0.0,0.0,0.0,0.0
O0A2:atp:2023/8310/qs011:N663,Gauthier Onclin,Helsinki,2023-11-06,Q2,Challenger qualifying,2023,2022-23,Result + serve/return totals,True,True,False,False,False,True,True,False,False,False,0.0,0.0,0.0,0.0,0.0,0.0,0.0,0.0
O0A2:atp:2023/8310/qs022:M0W0,Gauthier Onclin,Helsinki,2023-11-06,Q1,Challenger qualifying,2023,2022-23,Result + serve/return totals,True,True,False,False,False,True,True,False,False,False,0.0,0.0,0.0,0.0,0.0,0.0,0.0,0.0
O0A2:atp:2023/2899/ms013:C0E9,Gauthier Onclin,Danderyd,2023-11-13,R16,Challenger main draw,2023,2022-23,"Result, no statistics",True,True,False,False,False,True,False,False,False,False,0.0,0.0,0.0,0.0,0.0,0.0,0.0,0.0
O0A2:atp:2023/2899/ms026:B0JG,Gauthier Onclin,Danderyd,2023-11-13,R32,Challenger main draw,2023,2022-23,Result + serve/return totals,True,True,False,False,False,True,True,False,False,False,0.0,0.0,0.0,0.0,0.0,0.0,0.0,0.0
O0A2:atp:2024/2791/ms004:PF39,Gauthier Onclin,Nonthaburi 1,2024-01-01,QF,Challenger main draw,2024,2024,Result + serve/return totals,True,True,True,False,False,True,True,False,False,False,0.0,1.0,0.0,0.0,0.0,0.0,0.0,0.0
O0A2:atp:2024/2791/ms008:D864,Gauthier Onclin,Nonthaburi 1,2024-01-01,R16,Challenger main draw,2024,2024,Result + serve/return totals,True,True,True,False,False,True,True,False,False,False,0.0,1.0,0.0,0.0,0.0,0.0,0.0,0.0
O0A2:atp:2024/2791/ms017:U134,Gauthier Onclin,Nonthaburi 1,2024-01-01,R32,Challenger main draw,2024,2024,Result + serve/return totals,True,True,True,False,False,True,True,False,False,False,0.0,1.0,0.0,0.0,0.0,0.0,0.0,0.0
O0A2:atp:2024/2801/ms009:G0GD,Gauthier Onclin,Nonthaburi 3,2024-01-15,R16,Challenger main draw,2024,2024,Result + serve/return totals,True,True,False,False,True,False,True,False,False,False,0.0,1.0,0.0,0.0,0.0,0.0,0.0,0.0
O0A2:atp:2024/2801/ms018:T09X,Gauthier Onclin,Nonthaburi 3,2024-01-15,R32,Challenger main draw,2024,2024,Result + serve/return totals,True,True,False,False,True,False,True,False,False,False,0.0,1.0,0.0,0.0,0.0,0.0,0.0,0.0
O0A2:atp:2024/580/qs088:K0AZ,Gauthier Onclin,Australian Open,2024-01-15,Q1,Tour qualifying,2024,2024,Result + serve/return totals,True,True,True,False,False,True,True,False,False,False,0.0,1.0,0.0,0.0,0.0,0.0,0.0,0.0
O0A2:atp:2024/2837/ms012:R0FS,Gauthier Onclin,Ottignies-Louvain-la-Neuve,2024-01-22,R16,Challenger main draw,2024,2024,Result + serve/return totals,True,True,False,False,True,False,False,False,False,False,0.0,1.0,0.0,0.0,0.0,0.0,0.0,0.0
O0A2:atp:2024/2837/ms025:Y171,Gauthier Onclin,Ottignies-Louvain-la-Neuve,2024-01-22,R32,Challenger main draw,2024,2024,Result + serve/return totals,True,True,False,False,True,False,True,False,False,False,0.0,1.0,0.0,0.0,0.0,0.0,0.0,0.0
O0A2:atp:2024/7808/ms014:W09E,Gauthier Onclin,Bengaluru,2024-02-12,R16,Challenger main draw,2024,2024,Result + serve/return totals,True,True,False,False,True,False,True,False,False,False,0.0,1.0,0.0,0.0,0.0,0.0,0.0,0.0
O0A2:atp:2024/7808/ms029:FC49,Gauthier Onclin,Bengaluru,2024-02-12,R32,Challenger main draw,2024,2024,Result + serve/return totals,True,True,False,False,True,False,True,False,False,False,0.0,1.0,0.0,0.0,0.0,0.0,0.0,0.0
O0A2:atp:2024/7100/ms026:W857,Gauthier Onclin,Pune,2024-02-19,R32,Challenger main draw,2024,2024,Result + serve/return totals,True,True,False,False,True,False,True,False,False,False,0.0,1.0,0.0,0.0,0.0,0.0,0.0,0.0
O0A2:atp:2024/6961/ms031:W09E,Gauthier Onclin,New Delhi,2024-02-26,R32,Challenger main draw,2024,2024,Result + serve/return totals,True,True,False,False,True,False,True,False,False,False,0.0,1.0,0.0,0.0,0.0,0.0,0.0,0.0
O0A2:atp:2024/4575/ms006:V717,Gauthier Onclin,M25 Creteil,2024-03-11,QF,ITF main draw,2024,2024,"Result, no statistics",True,True,False,False,True,False,False,False,False,False,0.0,0.0,0.0,0.0,0.0,0.0,0.0,0.0
O0A2:atp:2024/4575/ms013:O0AD,Gauthier Onclin,M25 Creteil,2024-03-11,R16,ITF main draw,2024,2024,"Result, no statistics",True,True,False,False,True,False,False,False,False,False,0.0,0.0,0.0,0.0,0.0,0.0,0.0,0.0
O0A2:atp:2024/4575/ms027:G0I2,Gauthier Onclin,M25 Creteil,2024-03-11,R32,ITF main draw,2024,2024,"Result, no statistics",True,True,False,False,True,False,False,False,False,False,0.0,0.0,0.0,0.0,0.0,0.0,0.0,0.0
O0A2:atp:2024/4590/ms006:C0JP,Gauthier Onclin,M25 Toulouse-Balma,2024-03-18,QF,ITF main draw,2024,2024,"Result, no statistics",True,True,True,False,False,True,False,False,False,False,0.0,0.0,0.0,0.0,0.0,0.0,0.0,0.0
O0A2:atp:2024/4590/ms012:V717,Gauthier Onclin,M25 Toulouse-Balma,2024-03-18,R16,ITF main draw,2024,2024,"Result, no statistics",True,True,True,False,False,True,False,False,False,False,0.0,0.0,0.0,0.0,0.0,0.0,0.0,0.0
O0A2:atp:2024/4590/ms024:HA71,Gauthier Onclin,M25 Toulouse-Balma,2024-03-18,R32,ITF main draw,2024,2024,"Result, no statistics",True,True,False,False,True,False,False,False,False,False,0.0,0.0,0.0,0.0,0.0,0.0,0.0,0.0
O0A2:atp:2024/4606/ms001:K0E6,Gauthier Onclin,M25 Saint Dizier,2024-03-25,F,ITF main draw,2024,2024,"Result, no statistics",True,True,True,False,False,True,False,False,False,False,0.0,0.0,0.0,0.0,0.0,0.0,0.0,0.0
O0A2:atp:2024/4606/ms003:G0CV,Gauthier Onclin,M25 Saint Dizier,2024-03-25,SF,ITF main draw,2024,2024,"Result, no statistics",True,True,True,False,False,True,False,False,False,False,0.0,0.0,0.0,0.0,0.0,0.0,0.0,0.0
O0A2:atp:2024/4606/ms007:G0GW,Gauthier Onclin,M25 Saint Dizier,2024-03-25,QF,ITF main draw,2024,2024,"Result, no statistics",True,True,True,False,False,True,False,False,False,False,0.0,0.0,0.0,0.0,0.0,0.0,0.0,0.0
O0A2:atp:2024/4606/ms015:FC25,Gauthier Onclin,M25 Saint Dizier,2024-03-25,R16,ITF main draw,2024,2024,"Result, no statistics",True,True,True,False,False,True,False,False,False,False,0.0,0.0,0.0,0.0,0.0,0.0,0.0,0.0
O0A2:atp:2024/4606/ms031:F0BJ,Gauthier Onclin,M25 Saint Dizier,2024-03-25,R32,ITF main draw,2024,2024,"Result, no statistics",True,True,True,False,False,True,False,False,False,False,0.0,0.0,0.0,0.0,0.0,0.0,0.0,0.0
O0A2:atp:2024/9514/ms020:D0C1,Gauthier Onclin,Oeiras 3,2024-04-15,R32,Challenger main draw,2024,2024,Result + serve/return totals,True,True,True,False,False,True,True,False,False,False,0.0,1.0,0.0,0.0,0.0,0.0,0.0,0.0
O0A2:atp:2024/9514/qs012:K0HC,Gauthier Onclin,Oeiras 3,2024-04-15,Q2,Challenger qualifying,2024,2024,Result + serve/return totals,True,True,True,False,False,True,True,False,False,False,0.0,1.0,0.0,0.0,0.0,0.0,0.0,0.0
O0A2:atp:2024/9514/qs025:D0CN,Gauthier Onclin,Oeiras 3,2024-04-15,Q1,Challenger qualifying,2024,2024,Result + serve/return totals,True,True,True,False,False,True,True,False,False,False,0.0,1.0,0.0,0.0,0.0,0.0,0.0,0.0
O0A2:atp:2024/1797/ms014:DB59,Gauthier Onclin,Ostrava,2024-04-22,R16,Challenger main draw,2024,2024,Result + serve/return totals,True,True,True,False,False,True,True,False,False,False,0.0,1.0,0.0,0.0,0.0,0.0,0.0,0.0
O0A2:atp:2024/1797/ms029:KC33,Gauthier Onclin,Ostrava,2024-04-22,R32,Challenger main draw,2024,2024,Result + serve/return totals,True,True,True,False,False,True,True,False,False,False,0.0,1.0,0.0,0.0,0.0,0.0,0.0,0.0
O0A2:atp:2024/600/ms001:V708,Gauthier Onclin,Prague 2,2024-05-06,F,Challenger main draw,2024,2024,Result + serve/return totals,True,True,True,False,False,True,True,False,False,False,0.0,1.0,0.0,0.0,0.0,0.0,0.0,0.0
O0A2:atp:2024/600/ms003:MV14,Gauthier Onclin,Prague 2,2024-05-06,SF,Challenger main draw,2024,2024,Result + serve/return totals,True,True,True,False,False,True,True,False,False,False,0.0,1.0,0.0,0.0,0.0,0.0,0.0,0.0
O0A2:atp:2024/600/ms007:BV25,Gauthier Onclin,Prague 2,2024-05-06,QF,Challenger main draw,2024,2024,Result + serve/return totals,True,True,True,False,False,True,True,False,False,False,0.0,1.0,0.0,0.0,0.0,0.0,0.0,0.0
O0A2:atp:2024/600/ms014:RB60,Gauthier Onclin,Prague 2,2024-05-06,R16,Challenger main draw,2024,2024,Result + serve/return totals,True,True,True,False,False,True,True,False,False,False,0.0,1.0,0.0,0.0,0.0,0.0,0.0,0.0
O0A2:atp:2024/600/ms029:BO10,Gauthier Onclin,Prague 2,2024-05-06,R32,Challenger main draw,2024,2024,Result + serve/return totals,True,True,True,False,False,True,True,False,False,False,0.0,1.0,0.0,0.0,0.0,0.0,0.0,0.0
O0A2:atp:2024/2871/ms025:Z09Z,Gauthier Onclin,Oeiras 4,2024-05-13,R32,Challenger main draw,2024,2024,Result + serve/return totals,True,True,True,False,False,True,True,False,False,False,0.0,1.0,0.0,0.0,0.0,0.0,0.0,0.0
O0A2:atp:2024/2869/ms019:MQ75,Gauthier Onclin,Skopje,2024-05-20,R32,Challenger main draw,2024,2024,Result + serve/return totals,True,True,True,False,False,True,True,False,False,False,0.0,1.0,0.0,0.0,0.0,0.0,0.0,0.0
O0A2:atp:2024/558/ms029:J0AZ,Gauthier Onclin,Prostejov,2024-06-03,R32,Challenger main draw,2024,2024,Result + serve/return totals,True,True,False,False,True,False,True,False,False,False,0.0,1.0,0.0,0.0,0.0,0.0,0.0,0.0
O0A2:atp:2024/7536/ms017:T09X,Gauthier Onclin,Lyon,2024-06-10,R32,Challenger main draw,2024,2024,Result + serve/return totals,True,True,False,False,True,False,True,False,False,False,0.0,1.0,0.0,0.0,0.0,0.0,0.0,0.0
O0A2:atp:2024/4764/ms002:K0CJ,Gauthier Onclin,M25 Duffel,2024-06-17,SF,ITF main draw,2024,2024,"Result, no statistics",True,True,False,False,True,False,False,False,False,False,0.0,0.0,0.0,0.0,0.0,0.0,0.0,0.0
O0A2:atp:2024/4764/ms004:H0CX,Gauthier Onclin,M25 Duffel,2024-06-17,QF,ITF main draw,2024,2024,"Result, no statistics",True,True,False,False,True,False,False,False,False,False,0.0,0.0,0.0,0.0,0.0,0.0,0.0,0.0
O0A2:atp:2024/4764/ms008:R0LR,Gauthier Onclin,M25 Duffel,2024-06-17,R16,ITF main draw,2024,2024,"Result, no statistics",True,True,False,False,True,False,False,False,False,False,0.0,0.0,0.0,0.0,0.0,0.0,0.0,0.0
O0A2:atp:2024/4764/ms016:V0IJ,Gauthier Onclin,M25 Duffel,2024-06-17,R32,ITF main draw,2024,2024,"Result, no statistics",True,True,False,False,True,False,False,False,False,False,0.0,0.0,0.0,0.0,0.0,0.0,0.0,0.0
O0A2:atp:2024/3463/ms019:GE28,Gauthier Onclin,Milan,2024-06-24,R32,Challenger main draw,2024,2024,Result + serve/return totals,True,True,False,False,True,False,True,False,False,False,0.0,1.0,0.0,0.0,0.0,0.0,0.0,0.0
O0A2:atp:2024/4360/ms003:SR81,Gauthier Onclin,M25 Kassel,2024-07-08,SF,ITF main draw,2024,2024,"Result, no statistics",True,True,True,False,False,True,True,False,False,False,0.0,0.0,0.0,0.0,0.0,0.0,0.0,0.0
O0A2:atp:2024/4360/ms007:S0LT,Gauthier Onclin,M25 Kassel,2024-07-08,QF,ITF main draw,2024,2024,"Result, no statistics",True,True,False,False,True,False,True,False,False,False,0.0,0.0,0.0,0.0,0.0,0.0,0.0,0.0
O0A2:atp:2024/4360/ms015:B0NF,Gauthier Onclin,M25 Kassel,2024-07-08,R16,ITF main draw,2024,2024,"Result, no statistics",True,True,False,False,True,False,True,False,False,False,0.0,0.0,0.0,0.0,0.0,0.0,0.0,0.0
O0A2:atp:2024/4360/ms031:Z09W,Gauthier Onclin,M25 Kassel,2024-07-08,R32,ITF main draw,2024,2024,"Result, no statistics",True,True,False,False,True,False,True,False,False,False,0.0,0.0,0.0,0.0,0.0,0.0,0.0,0.0
O0A2:atp:2024/4361/ms001:R0E0,Gauthier Onclin,M25 Esch/Alzette,2024-07-15,F,ITF main draw,2024,2024,"Result, no statistics",True,True,True,False,False,True,False,False,False,False,0.0,0.0,0.0,0.0,0.0,0.0,0.0,0.0
O0A2:atp:2024/4361/ms002:L0DM,Gauthier Onclin,M25 Esch/Alzette,2024-07-15,SF,ITF main draw,2024,2024,"Result, no statistics",True,True,True,False,False,True,False,False,False,False,0.0,0.0,0.0,0.0,0.0,0.0,0.0,0.0
O0A2:atp:2024/4361/ms004:B0C3,Gauthier Onclin,M25 Esch/Alzette,2024-07-15,QF,ITF main draw,2024,2024,"Result, no statistics",True,True,True,False,False,True,False,False,False,False,0.0,0.0,0.0,0.0,0.0,0.0,0.0,0.0
O0A2:atp:2024/4361/ms008:G0M3,Gauthier Onclin,M25 Esch/Alzette,2024-07-15,R16,ITF main draw,2024,2024,"Result, no statistics",True,True,True,False,False,True,False,False,False,False,0.0,0.0,0.0,0.0,0.0,0.0,0.0,0.0
O0A2:atp:2024/4361/ms016:CN70,Gauthier Onclin,M25 Esch/Alzette,2024-07-15,R32,ITF main draw,2024,2024,"Result, no statistics",True,True,True,False,False,True,False,False,False,False,0.0,0.0,0.0,0.0,0.0,0.0,0.0,0.0
O0A2:atp:2024/221/ms012:DF88,Gauthier Onclin,Tampere,2024-07-22,R16,Challenger main draw,2024,2024,Result + serve/return totals,True,True,True,False,False,True,True,False,False,False,0.0,1.0,0.0,0.0,0.0,0.0,0.0,0.0
O0A2:atp:2024/221/ms025:L949,Gauthier Onclin,Tampere,2024-07-22,R32,Challenger main draw,2024,2024,Result + serve/return totals,True,True,True,False,False,True,True,False,False,False,0.0,1.0,0.0,0.0,0.0,0.0,0.0,0.0
O0A2:atp:2024/9542/ms011:RB60,Gauthier Onclin,Luedenscheid,2024-07-29,R16,Challenger main draw,2024,2024,Result + serve/return totals,True,True,True,False,False,True,True,False,False,False,0.0,1.0,0.0,0.0,0.0,0.0,0.0,0.0
O0A2:atp:2024/9542/ms022:Z419,Gauthier Onclin,Luedenscheid,2024-07-29,R32,Challenger main draw,2024,2024,Result + serve/return totals,True,True,True,False,False,True,True,False,False,False,0.0,1.0,0.0,0.0,0.0,0.0,0.0,0.0
O0A2:atp:2024/7181/ms001:KD87,Gauthier Onclin,M25 Sintra,2024-10-07,F,ITF main draw,2024,2024,"Result, no statistics",True,True,True,False,False,True,True,False,False,False,0.0,0.0,0.0,0.0,0.0,0.0,0.0,0.0
O0A2:atp:2024/7181/ms003:BK19,Gauthier Onclin,M25 Sintra,2024-10-07,SF,ITF main draw,2024,2024,"Result, no statistics",True,True,True,False,False,True,True,False,False,False,0.0,0.0,0.0,0.0,0.0,0.0,0.0,0.0
O0A2:atp:2024/7181/ms006:SN54,Gauthier Onclin,M25 Sintra,2024-10-07,QF,ITF main draw,2024,2024,"Result, no statistics",True,True,True,False,False,True,False,False,False,False,0.0,0.0,0.0,0.0,0.0,0.0,0.0,0.0
O0A2:atp:2024/7181/ms013:B0JP,Gauthier Onclin,M25 Sintra,2024-10-07,R16,ITF main draw,2024,2024,"Result, no statistics",True,True,True,False,False,True,True,False,False,False,0.0,0.0,0.0,0.0,0.0,0.0,0.0,0.0
O0A2:atp:2024/7181/ms027:F0A3,Gauthier Onclin,M25 Sintra,2024-10-07,R32,ITF main draw,2024,2024,"Result, no statistics",True,True,True,False,False,True,True,False,False,False,0.0,0.0,0.0,0.0,0.0,0.0,0.0,0.0
O0A2:atp:2024/4451/ms001:SN54,Gauthier Onclin,M25 Sintra,2024-10-14,F,ITF main draw,2024,2024,"Result, no statistics",True,True,False,False,True,False,True,False,False,False,0.0,0.0,0.0,0.0,0.0,0.0,0.0,0.0
O0A2:atp:2024/4451/ms002:A09P,Gauthier Onclin,M25 Sintra,2024-10-14,SF,ITF main draw,2024,2024,"Result, no statistics",True,True,True,False,False,True,True,False,False,False,0.0,0.0,0.0,0.0,0.0,0.0,0.0,0.0
O0A2:atp:2024/4451/ms004:D985,Gauthier Onclin,M25 Sintra,2024-10-14,QF,ITF main draw,2024,2024,"Result, no statistics",True,True,True,False,False,True,True,False,False,False,0.0,0.0,0.0,0.0,0.0,0.0,0.0,0.0
O0A2:atp:2024/4451/ms008:R0IL,Gauthier Onclin,M25 Sintra,2024-10-14,R16,ITF main draw,2024,2024,"Result, no statistics",True,True,True,False,False,True,True,False,False,False,0.0,0.0,0.0,0.0,0.0,0.0,0.0,0.0
O0A2:atp:2024/4451/ms016:Z350,Gauthier Onclin,M25 Sintra,2024-10-14,R32,ITF main draw,2024,2024,"Result, no statistics",True,True,True,False,False,True,True,False,False,False,0.0,0.0,0.0,0.0,0.0,0.0,0.0,0.0
O0A2:atp:2024/6681/ms020:K0DB,Gauthier Onclin,M25 Heraklion,2024-10-28,R32,ITF main draw,2024,2024,"Result, no statistics",True,True,False,False,True,False,True,False,False,False,0.0,0.0,0.0,0.0,0.0,0.0,0.0,0.0
O0A2:atp:2024/6684/ms002:BU70,Gauthier Onclin,M25 Heraklion,2024-11-04,SF,ITF main draw,2024,2024,"Result, no statistics",True,True,False,False,True,False,True,False,False,False,0.0,0.0,0.0,0.0,0.0,0.0,0.0,0.0
O0A2:atp:2024/6684/ms004:O0BE,Gauthier Onclin,M25 Heraklion,2024-11-04,QF,ITF main draw,2024,2024,"Result, no statistics",True,True,False,False,True,False,True,False,False,False,0.0,0.0,0.0,0.0,0.0,0.0,0.0,0.0
O0A2:atp:2024/6684/ms008:H0D1,Gauthier Onclin,M25 Heraklion,2024-11-04,R16,ITF main draw,2024,2024,"Result, no statistics",True,True,False,False,True,False,True,False,False,False,0.0,0.0,0.0,0.0,0.0,0.0,0.0,0.0
O0A2:atp:2024/6684/ms016:B0TK,Gauthier Onclin,M25 Heraklion,2024-11-04,R32,ITF main draw,2024,2024,"Result, no statistics",True,True,False,False,True,False,True,False,False,False,0.0,0.0,0.0,0.0,0.0,0.0,0.0,0.0
O0A2:atp:2024/4466/ms007:SN54,Gauthier Onclin,M25 Vale do Lobo,2024-11-11,QF,ITF main draw,2024,2024,"Result, no statistics",True,True,False,False,True,False,False,False,False,False,0.0,0.0,0.0,0.0,0.0,0.0,0.0,0.0
O0A2:atp:2024/4466/ms015:E0AU,Gauthier Onclin,M25 Vale do Lobo,2024-11-11,R16,ITF main draw,2024,2024,"Result, no statistics",True,True,False,False,True,False,True,False,False,False,0.0,0.0,0.0,0.0,0.0,0.0,0.0,0.0
O0A2:atp:2024/4466/ms031:GF96,Gauthier Onclin,M25 Vale do Lobo,2024-11-11,R32,ITF main draw,2024,2024,"Result, no statistics",True,True,False,False,True,False,True,False,False,False,0.0,0.0,0.0,0.0,0.0,0.0,0.0,0.0
O0A2:atp:2024/4468/ms001:SN54,Gauthier Onclin,M25 Vale do Lobo,2024-11-18,F,ITF main draw,2024,2024,"Result, no statistics",True,True,True,False,False,True,True,False,False,False,0.0,0.0,0.0,0.0,0.0,0.0,0.0,0.0
O0A2:atp:2024/4468/ms002:A0ES,Gauthier Onclin,M25 Vale do Lobo,2024-11-18,SF,ITF main draw,2024,2024,"Result, no statistics",True,True,True,False,False,True,True,False,False,False,0.0,0.0,0.0,0.0,0.0,0.0,0.0,0.0
O0A2:atp:2024/4468/ms004:G0G2,Gauthier Onclin,M25 Vale do Lobo,2024-11-18,QF,ITF main draw,2024,2024,"Result, no statistics",True,True,True,False,False,True,True,False,False,False,0.0,0.0,0.0,0.0,0.0,0.0,0.0,0.0
O0A2:atp:2024/4468/ms008:B0BJ,Gauthier Onclin,M25 Vale do Lobo,2024-11-18,R16,ITF main draw,2024,2024,"Result, no statistics",True,True,True,False,False,True,True,False,False,False,0.0,0.0,0.0,0.0,0.0,0.0,0.0,0.0
O0A2:atp:2024/4468/ms016:F0BJ,Gauthier Onclin,M25 Vale do Lobo,2024-11-18,R32,ITF main draw,2024,2024,"Result, no statistics",True,True,False,False,True,False,True,False,False,False,0.0,0.0,0.0,0.0,0.0,0.0,0.0,0.0
O0A2:atp:2024/4257/ms001:GA79,Gauthier Onclin,M25 Monastir,2024-11-25,F,ITF main draw,2024,2024,"Result, no statistics",True,True,True,False,False,True,True,False,False,False,0.0,0.0,0.0,0.0,0.0,0.0,0.0,0.0
O0A2:atp:2024/4257/ms002:K966,Gauthier Onclin,M25 Monastir,2024-11-25,SF,ITF main draw,2024,2024,"Result, no statistics",True,True,True,False,False,True,True,False,False,False,0.0,0.0,0.0,0.0,0.0,0.0,0.0,0.0
O0A2:atp:2024/4257/ms004:P0HP,Gauthier Onclin,M25 Monastir,2024-11-25,QF,ITF main draw,2024,2024,"Result, no statistics",True,True,True,False,False,True,True,False,False,False,0.0,0.0,0.0,0.0,0.0,0.0,0.0,0.0
O0A2:atp:2024/4257/ms008:I0BR,Gauthier Onclin,M25 Monastir,2024-11-25,R16,ITF main draw,2024,2024,"Result, no statistics",True,True,True,False,False,True,True,False,False,False,0.0,0.0,0.0,0.0,0.0,0.0,0.0,0.0
O0A2:atp:2024/4257/ms016:MN49,Gauthier Onclin,M25 Monastir,2024-11-25,R32,ITF main draw,2024,2024,"Result, no statistics",True,True,True,False,False,True,True,False,False,False,0.0,0.0,0.0,0.0,0.0,0.0,0.0,0.0
O0A2:atp:2025/580/ms098:O522,Gauthier Onclin,Australian Open,2025-01-13,R128,Tour main draw,2025,2025-26,Result + serve/return totals,True,True,True,False,False,True,True,False,False,False,0.0,1.0,0.0,0.0,1.0,1.0,0.0,0.0
O0A2:atp:2025/580/qs022:MK66,Gauthier Onclin,Australian Open,2025-01-13,Q3,Tour qualifying,2025,2025-26,Result + serve/return totals,True,True,True,False,False,True,True,False,False,False,0.0,1.0,0.0,0.0,0.0,0.0,0.0,0.0
O0A2:atp:2025/580/qs044:K0AZ,Gauthier Onclin,Australian Open,2025-01-13,Q2,Tour qualifying,2025,2025-26,Result + serve/return totals,True,True,True,False,False,True,True,False,False,False,0.0,1.0,0.0,0.0,0.0,0.0,0.0,0.0
O0A2:atp:2025/580/qs089:B0FV,Gauthier Onclin,Australian Open,2025-01-13,Q1,Tour qualifying,2025,2025-26,Result + serve/return totals,True,True,True,False,False,True,True,False,False,False,0.0,1.0,0.0,0.0,0.0,0.0,0.0,0.0
O0A2:atp:2025/7916/ms024:H0BF,Gauthier Onclin,Glasgow,2025-02-17,R32,Challenger main draw,2025,2025-26,Result + serve/return totals,True,True,True,False,False,True,True,False,False,False,0.0,1.0,1.0,0.0,0.0,0.0,0.0,0.0
O0A2:atp:2025/9516/ms031:CG80,Gauthier Onclin,Lugano,2025-02-24,R32,Challenger main draw,2025,2025-26,Result + serve/return totals,True,True,True,False,False,True,True,False,False,False,0.0,1.0,1.0,0.0,0.0,0.0,0.0,0.0
O0A2:atp:2025/2973/ms023:K0E6,Gauthier Onclin,Thionville,2025-03-03,R32,Challenger main draw,2025,2025-26,Result + serve/return totals,True,True,False,False,True,False,True,False,False,False,0.0,1.0,1.0,0.0,0.0,0.0,0.0,0.0
O0A2:atp:2025/398/ms009:RH24,Gauthier Onclin,Cherbourg,2025-03-10,R16,Challenger main draw,2025,2025-26,Result + serve/return totals,True,True,False,False,True,False,True,False,False,False,0.0,1.0,1.0,0.0,0.0,0.0,0.0,0.0
O0A2:atp:2025/398/ms019:H0BF,Gauthier Onclin,Cherbourg,2025-03-10,R32,Challenger main draw,2025,2025-26,Result + serve/return totals,True,True,False,False,True,False,True,False,False,False,0.0,1.0,1.0,0.0,0.0,0.0,0.0,0.0
O0A2:atp:2025/2911/ms012:PH64,Gauthier Onclin,Naples,2025-03-24,R16,Challenger main draw,2025,2025-26,Result + serve/return totals,True,True,False,False,True,False,True,False,False,False,0.0,1.0,1.0,0.0,0.0,0.0,0.0,0.0
O0A2:atp:2025/2911/ms024:F510,Gauthier Onclin,Naples,2025-03-24,R32,Challenger main draw,2025,2025-26,Result + serve/return totals,True,True,False,False,True,False,True,False,False,False,0.0,1.0,1.0,0.0,0.0,0.0,0.0,0.0
O0A2:atp:2025/7494/ms019:DG80,Gauthier Onclin,Barletta,2025-03-31,R32,Challenger main draw,2025,2025-26,Result + serve/return totals,True,True,False,False,True,False,True,False,False,False,0.0,1.0,1.0,0.0,0.0,0.0,0.0,0.0
O0A2:atp:2025/4626/ms001:D0H9,Gauthier Onclin,M25 Santa Margherita di Pula,2025-04-07,F,ITF main draw,2025,2025-26,Result + serve/return totals,True,True,False,False,False,True,True,False,False,False,0.0,0.0,0.0,1.0,0.0,0.0,0.0,0.0
O0A2:atp:2025/4626/ms002:H0CX,Gauthier Onclin,M25 Santa Margherita di Pula,2025-04-07,SF,ITF main draw,2025,2025-26,Result + serve/return totals,True,True,False,False,True,False,True,False,False,False,0.0,0.0,0.0,1.0,0.0,0.0,0.0,0.0
O0A2:atp:2025/4626/ms004:O639,Gauthier Onclin,M25 Santa Margherita di Pula,2025-04-07,QF,ITF main draw,2025,2025-26,Result + serve/return totals,True,True,False,False,True,False,True,False,False,False,0.0,0.0,0.0,1.0,0.0,0.0,0.0,0.0
O0A2:atp:2025/4626/ms008:P0ME,Gauthier Onclin,M25 Santa Margherita di Pula,2025-04-07,R16,ITF main draw,2025,2025-26,Result + serve/return totals,True,True,False,False,True,False,True,False,False,False,0.0,0.0,0.0,1.0,0.0,0.0,0.0,0.0
O0A2:atp:2025/4626/ms016:M0R4,Gauthier Onclin,M25 Santa Margherita di Pula,2025-04-07,R32,ITF main draw,2025,2025-26,Result + serve/return totals,True,True,False,False,True,False,True,False,False,False,0.0,0.0,0.0,1.0,0.0,0.0,0.0,0.0
O0A2:atp:2025/4635/ms004:FC49,Gauthier Onclin,M25 Santa Margherita di Pula,2025-04-14,QF,ITF main draw,2025,2025-26,Result + serve/return totals,True,True,False,False,False,True,True,False,False,False,0.0,0.0,0.0,1.0,0.0,0.0,0.0,0.0
O0A2:atp:2025/4635/ms008:F0CJ,Gauthier Onclin,M25 Santa Margherita di Pula,2025-04-14,R16,ITF main draw,2025,2025-26,Result + serve/return totals,True,True,False,False,False,True,True,False,False,False,0.0,0.0,0.0,1.0,0.0,0.0,0.0,0.0
O0A2:atp:2025/4635/ms016:LC12,Gauthier Onclin,M25 Santa Margherita di Pula,2025-04-14,R32,ITF main draw,2025,2025-26,Result + serve/return totals,True,True,False,False,False,True,True,False,False,False,0.0,0.0,0.0,1.0,0.0,0.0,0.0,0.0
O0A2:atp:2025/1797/ms003:P09O,Gauthier Onclin,Ostrava,2025-04-28,SF,Challenger main draw,2025,2025-26,Result + serve/return totals,True,True,True,False,False,True,True,False,False,False,0.0,1.0,1.0,0.0,0.0,0.0,0.0,0.0
O0A2:atp:2025/1797/ms007:B0OV,Gauthier Onclin,Ostrava,2025-04-28,QF,Challenger main draw,2025,2025-26,Result + serve/return totals,True,True,True,False,False,True,True,False,False,False,0.0,1.0,1.0,0.0,0.0,0.0,0.0,0.0
O0A2:atp:2025/1797/ms014:B0MM,Gauthier Onclin,Ostrava,2025-04-28,R16,Challenger main draw,2025,2025-26,Result + serve/return totals,True,True,True,False,False,True,True,False,False,False,0.0,1.0,1.0,0.0,0.0,0.0,0.0,0.0
O0A2:atp:2025/1797/ms028:W0BH,Gauthier Onclin,Ostrava,2025-04-28,R32,Challenger main draw,2025,2025-26,Result + serve/return totals,True,True,True,False,False,True,True,False,False,False,0.0,1.0,1.0,0.0,0.0,0.0,0.0,0.0
O0A2:atp:2025/9500/ms017:P0AY,Gauthier Onclin,Zagreb,2025-05-12,R32,Challenger main draw,2025,2025-26,Result + serve/return totals,True,True,True,False,False,True,True,False,False,False,0.0,1.0,1.0,0.0,0.0,0.0,0.0,0.0
O0A2:atp:2025/520/qs108:C0C8,Gauthier Onclin,Roland Garros,2025-05-26,Q1,Tour qualifying,2025,2025-26,Result + serve/return totals,True,True,True,False,False,True,True,False,False,False,0.0,1.0,0.0,0.0,0.0,0.0,0.0,0.0
O0A2:atp:2025/7015/ms025:S0GR,Gauthier Onclin,Vicenza,2025-05-26,R32,Challenger main draw,2025,2025-26,Result + serve/return totals,True,True,True,False,False,True,True,False,False,False,0.0,1.0,1.0,0.0,0.0,0.0,0.0,0.0
O0A2:atp:2025/460/ms010:D0H9,Gauthier Onclin,Heilbronn - Bad Rappenau,2025-06-02,R16,Challenger main draw,2025,2025-26,Result + serve/return totals,True,True,True,False,False,True,True,False,False,False,0.0,1.0,1.0,0.0,0.0,0.0,0.0,0.0
O0A2:atp:2025/460/ms021:M0IF,Gauthier Onclin,Heilbronn - Bad Rappenau,2025-06-02,R32,Challenger main draw,2025,2025-26,Result + serve/return totals,True,True,False,True,False,True,True,False,False,False,0.0,1.0,1.0,0.0,0.0,0.0,0.0,0.0
O0A2:atp:2025/7536/ms002:M0N7,Gauthier Onclin,Lyon,2025-06-09,SF,Challenger main draw,2025,2025-26,Result + serve/return totals,True,True,True,False,False,True,True,False,False,False,0.0,1.0,1.0,0.0,0.0,0.0,0.0,0.0
O0A2:atp:2025/7536/ms004:CD85,Gauthier Onclin,Lyon,2025-06-09,QF,Challenger main draw,2025,2025-26,Result + serve/return totals,True,True,True,False,False,True,True,False,False,False,0.0,1.0,1.0,0.0,0.0,0.0,0.0,0.0
O0A2:atp:2025/7536/ms009:PJ74,Gauthier Onclin,Lyon,2025-06-09,R16,Challenger main draw,2025,2025-26,Result + serve/return totals,True,True,True,False,False,True,True,False,False,False,0.0,1.0,1.0,0.0,0.0,0.0,0.0,0.0
O0A2:atp:2025/7536/ms019:FA43,Gauthier Onclin,Lyon,2025-06-09,R32,Challenger main draw,2025,2025-26,Result + serve/return totals,True,True,True,False,False,True,True,False,False,False,0.0,1.0,1.0,0.0,0.0,0.0,0.0,0.0
O0A2:atp:2025/540/qs035:M0JZ,Gauthier Onclin,Wimbledon,2025-06-30,Q2,Tour qualifying,2025,2025-26,Result + serve/return totals,True,True,False,False,True,False,True,False,False,False,0.0,1.0,0.0,0.0,0.0,0.0,1.0,0.0
O0A2:atp:2025/540/qs070:LB66,Gauthier Onclin,Wimbledon,2025-06-30,Q1,Tour qualifying,2025,2025-26,Result + serve/return totals,True,True,True,False,False,True,True,False,False,False,0.0,1.0,0.0,0.0,0.0,0.0,1.0,0.0
O0A2:atp:2025/9198/ms007:D0H9,Gauthier Onclin,Bunschoten,2025-07-14,QF,Challenger main draw,2025,2025-26,Result + serve/return totals,True,True,False,False,True,False,True,False,False,False,0.0,1.0,1.0,0.0,0.0,0.0,0.0,0.0
O0A2:atp:2025/9198/ms014:H0CX,Gauthier Onclin,Bunschoten,2025-07-14,R16,Challenger main draw,2025,2025-26,Result + serve/return totals,True,True,False,False,True,False,True,False,False,False,0.0,1.0,1.0,0.0,0.0,0.0,0.0,0.0
O0A2:atp:2025/9198/ms028:GA79,Gauthier Onclin,Bunschoten,2025-07-14,R32,Challenger main draw,2025,2025-26,Result + serve/return totals,True,True,False,False,True,False,True,False,False,False,0.0,1.0,1.0,0.0,0.0,0.0,0.0,0.0
O0A2:atp:2025/221/ms015:E0AC,Gauthier Onclin,Tampere,2025-07-21,R16,Challenger main draw,2025,2025-26,Result + serve/return totals,True,True,False,False,True,False,True,False,False,False,0.0,1.0,1.0,0.0,0.0,0.0,0.0,0.0
O0A2:atp:2025/221/ms031:T0EI,Gauthier Onclin,Tampere,2025-07-21,R32,Challenger main draw,2025,2025-26,Result + serve/return totals,True,True,False,False,True,False,True,False,False,False,0.0,1.0,1.0,0.0,0.0,0.0,0.0,0.0
O0A2:atp:2025/2789/ms031:P0HW,Gauthier Onclin,Grodzisk Mazowiecki,2025-08-04,R32,Challenger main draw,2025,2025-26,Result + serve/return totals,True,True,False,False,True,False,True,False,False,False,0.0,1.0,1.0,0.0,0.0,0.0,0.0,0.0
O0A2:atp:2025/560/qs084:BG23,Gauthier Onclin,US Open,2025-08-25,Q1,Tour qualifying,2025,2025-26,Result + serve/return totals,True,True,False,False,True,False,True,False,False,False,0.0,1.0,0.0,0.0,0.0,0.0,0.6,0.0
O0A2:atp:2025/6313/ms018:Z0A1,Gauthier Onclin,Shanghai,2025-09-01,R32,Challenger main draw,2025,2025-26,Result + serve/return totals,True,True,False,False,True,False,True,False,False,False,0.0,1.0,1.0,0.0,0.0,0.0,0.0,0.0
O0A2:atp:2025/2937/ms006:HD68,Gauthier Onclin,Guangzhou (Huangpu),2025-09-08,QF,Challenger main draw,2025,2025-26,Result + serve/return totals,True,True,True,False,False,True,True,False,False,False,0.0,1.0,1.0,0.0,0.0,0.0,0.0,0.0
O0A2:atp:2025/2937/ms013:M0OQ,Gauthier Onclin,Guangzhou (Huangpu),2025-09-08,R16,Challenger main draw,2025,2025-26,Result + serve/return totals,True,True,True,False,False,True,True,False,False,False,0.0,1.0,1.0,0.0,0.0,0.0,0.0,0.0
O0A2:atp:2025/2937/ms026:S0O6,Gauthier Onclin,Guangzhou (Huangpu),2025-09-08,R32,Challenger main draw,2025,2025-26,Result + serve/return totals,True,True,False,False,True,False,True,False,False,False,0.0,1.0,1.0,0.0,0.0,0.0,0.0,0.0
O0A2:atp:2025/4713/qs006:B0NN,Gauthier Onclin,Hangzhou,2025-09-15,Q2,Tour qualifying,2025,2025-26,Result + serve/return totals,True,True,True,False,False,True,True,False,False,False,0.0,1.0,1.0,0.0,0.0,0.0,0.0,1.0
O0A2:atp:2025/4713/qs013:B0EJ,Gauthier Onclin,Hangzhou,2025-09-15,Q1,Tour qualifying,2025,2025-26,Result + serve/return totals,True,True,True,False,False,True,True,False,False,False,0.0,1.0,1.0,0.0,0.0,0.0,0.0,1.0
O0A2:atp:2025/3013/ms015:MK66,Gauthier Onclin,Jingshan,2025-09-22,R16,Challenger main draw,2025,2025-26,Result + serve/return totals,True,True,True,False,False,True,True,False,False,False,0.0,1.0,1.0,0.0,0.0,0.0,0.0,0.0
O0A2:atp:2025/3013/ms030:H09F,Gauthier Onclin,Jingshan,2025-09-22,R32,Challenger main draw,2025,2025-26,Result + serve/return totals,True,True,True,False,False,True,True,False,False,False,0.0,1.0,1.0,0.0,0.0,0.0,0.0,0.0
O0A2:atp:2025/5014/qs026:H09N,Gauthier Onclin,ATP Masters 1000 Shanghai,2025-09-29,Q2,Tour qualifying,2025,2025-26,Result + serve/return totals,True,True,True,False,False,True,True,False,False,False,0.0,1.0,1.0,0.0,0.0,0.0,0.0,1.0
O0A2:atp:2025/5014/qs052:D994,Gauthier Onclin,ATP Masters 1000 Shanghai,2025-09-29,Q1,Tour qualifying,2025,2025-26,Result + serve/return totals,True,True,True,False,False,True,True,False,False,False,0.0,1.0,1.0,0.0,0.0,0.0,0.0,1.0
O0A2:atp:2025/7485/qs013:B0PG,Gauthier Onclin,Brussels,2025-10-13,Q1,Tour qualifying,2025,2025-26,Result + serve/return totals,True,True,True,False,False,True,True,False,False,False,0.0,1.0,1.0,0.0,0.0,0.0,0.0,1.0
O0A2:atp:2025/8297/ms027:S0AK,Gauthier Onclin,Hamburg,2025-10-20,R32,Challenger main draw,2025,2025-26,Result + serve/return totals,True,True,True,False,False,True,True,False,False,False,0.0,1.0,1.0,0.0,0.0,0.0,0.0,0.0
O0A2:atp:2025/3035/ms027:C0P0,Gauthier Onclin,Monastir,2025-10-27,R32,Challenger main draw,2025,2025-26,Result + serve/return totals,True,True,True,False,False,True,True,False,False,False,0.0,1.0,1.0,0.0,0.0,0.0,0.0,0.0
O0A2:atp:2025/8310/ms019:V0AM,Gauthier Onclin,Helsinki,2025-11-03,R32,Challenger main draw,2025,2025-26,Result + serve/return totals,True,True,True,False,False,True,True,False,False,False,0.0,1.0,1.0,0.0,0.0,0.0,0.0,0.0
O0A2:atp:2025/2963/ms018:V0DZ,Gauthier Onclin,Lyon (Décines-Charpieu),2025-11-10,R32,Challenger main draw,2025,2025-26,Result + serve/return totals,True,True,True,False,False,True,True,False,False,False,0.0,1.0,1.0,0.0,0.0,0.0,0.0,0.0
O0A2:atp:2026/2205/ms027:D0DW,Gauthier Onclin,Noumea,2026-01-05,R32,Challenger main draw,2026,2025-26,Result + serve/return totals,True,True,True,False,False,True,True,False,False,False,0.0,1.0,1.0,0.0,0.0,0.0,0.0,0.0
O0A2:atp:2026/2831/ms025:G0BY,Gauthier Onclin,Oeiras 1,2026-01-19,R32,Challenger main draw,2026,2025-26,Result + serve/return totals,True,True,True,False,False,True,True,False,False,False,0.0,1.0,1.0,0.0,0.0,0.0,0.0,0.0
O0A2:atp:2026/580/qs126:D0DT,Gauthier Onclin,Australian Open,2026-01-19,Q1,Tour qualifying,2026,2025-26,Result + serve/return totals,True,True,True,False,False,True,True,False,False,False,0.0,1.0,0.0,0.0,0.0,0.0,1.0,0.0
O0A2:atp:2026/9623/ms019:L0CF,Gauthier Onclin,Tenerife 1,2026-02-02,R32,Challenger main draw,2026,2025-26,Result + serve/return totals,True,True,True,False,False,True,False,False,False,False,0.0,1.0,1.0,0.0,0.0,0.0,0.0,0.0
O0A2:atp:2026/4534/ms002:S0BT,Gauthier Onclin,M25 Vila Real de Santo Antonio,2026-02-09,SF,ITF main draw,2026,2025-26,Result + serve/return totals,True,True,False,False,True,False,True,False,False,False,0.0,0.0,0.0,1.0,0.0,0.0,0.0,0.0
O0A2:atp:2026/4534/ms005:E698,Gauthier Onclin,M25 Vila Real de Santo Antonio,2026-02-09,QF,ITF main draw,2026,2025-26,Result + serve/return totals,True,True,False,False,True,False,True,False,False,False,0.0,0.0,0.0,1.0,0.0,0.0,0.0,0.0
O0A2:atp:2026/4534/ms010:F0BJ,Gauthier Onclin,M25 Vila Real de Santo Antonio,2026-02-09,R16,ITF main draw,2026,2025-26,Result + serve/return totals,True,True,False,False,True,False,True,False,False,False,0.0,0.0,0.0,1.0,0.0,0.0,0.0,0.0
O0A2:atp:2026/4534/ms020:V0C4,Gauthier Onclin,M25 Vila Real de Santo Antonio,2026-02-09,R32,ITF main draw,2026,2025-26,Result + serve/return totals,True,True,False,False,True,False,True,False,False,False,0.0,0.0,0.0,1.0,0.0,0.0,0.0,0.0
O0A2:atp:2026/4543/ms001:M0NJ,Gauthier Onclin,M25 Vila Real de Santo Antonio,2026-02-16,F,ITF main draw,2026,2025-26,Result + serve/return totals,True,True,False,False,True,False,True,False,False,False,0.0,0.0,0.0,1.0,0.0,0.0,0.0,0.0
O0A2:atp:2026/4543/ms002:B0JE,Gauthier Onclin,M25 Vila Real de Santo Antonio,2026-02-16,SF,ITF main draw,2026,2025-26,Result + serve/return totals,True,True,False,False,True,False,True,False,False,False,0.0,0.0,0.0,1.0,0.0,0.0,0.0,0.0
O0A2:atp:2026/4543/ms005:P0K4,Gauthier Onclin,M25 Vila Real de Santo Antonio,2026-02-16,QF,ITF main draw,2026,2025-26,Result + serve/return totals,True,True,False,False,True,False,False,False,False,False,0.0,0.0,0.0,1.0,0.0,0.0,0.0,0.0
O0A2:atp:2026/4543/ms011:G0I3,Gauthier Onclin,M25 Vila Real de Santo Antonio,2026-02-16,R16,ITF main draw,2026,2025-26,Result + serve/return totals,True,True,False,False,True,False,True,False,False,False,0.0,0.0,0.0,1.0,0.0,0.0,0.0,0.0
O0A2:atp:2026/4543/ms023:M0I0,Gauthier Onclin,M25 Vila Real de Santo Antonio,2026-02-16,R32,ITF main draw,2026,2025-26,Result + serve/return totals,True,True,False,False,True,False,True,False,False,False,0.0,0.0,0.0,1.0,0.0,0.0,0.0,0.0
O0A2:atp:2026/4555/ms006:P0K4,Gauthier Onclin,M25 Vale do Lobo,2026-02-23,QF,ITF main draw,2026,2025-26,Result + serve/return totals,True,True,False,False,False,True,True,False,False,False,0.0,0.0,0.0,1.0,0.0,0.0,0.0,0.0
O0A2:atp:2026/4555/ms012:M0DQ,Gauthier Onclin,M25 Vale do Lobo,2026-02-23,R16,ITF main draw,2026,2025-26,Result + serve/return totals,True,True,False,False,True,False,True,False,False,False,0.0,0.0,0.0,1.0,0.0,0.0,0.0,0.0
O0A2:atp:2026/4555/ms024:K0DP,Gauthier Onclin,M25 Vale do Lobo,2026-02-23,R32,ITF main draw,2026,2025-26,Result + serve/return totals,True,True,False,False,True,False,True,False,False,False,0.0,0.0,0.0,1.0,0.0,0.0,0.0,0.0
O0A2:atp:2026/398/ms006:R09X,Gauthier Onclin,Cherbourg,2026-03-09,QF,Challenger main draw,2026,2025-26,Result + serve/return totals,True,True,True,False,False,True,True,False,False,False,0.0,1.0,1.0,0.0,0.0,0.0,0.0,0.0
O0A2:atp:2026/398/ms013:PJ74,Gauthier Onclin,Cherbourg,2026-03-09,R16,Challenger main draw,2026,2025-26,Result + serve/return totals,True,True,True,False,False,True,True,False,False,False,0.0,1.0,1.0,0.0,0.0,0.0,0.0,0.0
O0A2:atp:2026/398/ms026:G0GW,Gauthier Onclin,Cherbourg,2026-03-09,R32,Challenger main draw,2026,2025-26,Result + serve/return totals,True,True,True,False,False,True,True,False,False,False,0.0,1.0,1.0,0.0,0.0,0.0,0.0,0.0
O0A2:atp:2026/4590/ms001:DC76,Gauthier Onclin,M25 Toulouse-Balma,2026-03-16,F,ITF main draw,2026,2025-26,Result + serve/return totals,True,True,False,False,False,True,False,False,False,False,0.0,0.0,0.0,1.0,0.0,0.0,0.0,0.0
O0A2:atp:2026/4590/ms003:P0MG,Gauthier Onclin,M25 Toulouse-Balma,2026-03-16,SF,ITF main draw,2026,2025-26,Result + serve/return totals,True,True,False,False,False,True,True,False,False,False,0.0,0.0,0.0,1.0,0.0,0.0,0.0,0.0
O0A2:atp:2026/4590/ms007:G0LG,Gauthier Onclin,M25 Toulouse-Balma,2026-03-16,QF,ITF main draw,2026,2025-26,Result + serve/return totals,True,True,False,False,False,True,True,False,False,False,0.0,0.0,0.0,1.0,0.0,0.0,0.0,0.0
O0A2:atp:2026/4590/ms015:S0QZ,Gauthier Onclin,M25 Toulouse-Balma,2026-03-16,R16,ITF main draw,2026,2025-26,Result + serve/return totals,True,True,False,False,False,True,True,False,False,False,0.0,0.0,0.0,1.0,0.0,0.0,0.0,0.0
O0A2:atp:2026/4590/ms031:J0EM,Gauthier Onclin,M25 Toulouse-Balma,2026-03-16,R32,ITF main draw,2026,2025-26,Result + serve/return totals,True,True,False,False,False,True,True,False,False,False,0.0,0.0,0.0,1.0,0.0,0.0,0.0,0.0
O0A2:atp:2026/4606/ms002:S0LA,Gauthier Onclin,M25 Saint Dizier,2026-03-23,SF,ITF main draw,2026,2025-26,Result + serve/return totals,True,True,False,False,False,True,False,False,False,False,0.0,0.0,0.0,1.0,0.0,0.0,0.0,0.0
O0A2:atp:2026/4606/ms004:DC76,Gauthier Onclin,M25 Saint Dizier,2026-03-23,QF,ITF main draw,2026,2025-26,Result + serve/return totals,True,True,False,False,False,True,False,False,False,False,0.0,0.0,0.0,1.0,0.0,0.0,0.0,0.0
O0A2:atp:2026/4606/ms008:V0D0,Gauthier Onclin,M25 Saint Dizier,2026-03-23,R16,ITF main draw,2026,2025-26,Result + serve/return totals,True,True,False,False,False,True,False,False,False,False,0.0,0.0,0.0,1.0,0.0,0.0,0.0,0.0
O0A2:atp:2026/4606/ms016:D0OR,Gauthier Onclin,M25 Saint Dizier,2026-03-23,R32,ITF main draw,2026,2025-26,Result + serve/return totals,True,True,False,False,False,True,False,False,False,False,0.0,0.0,0.0,1.0,0.0,0.0,0.0,0.0
O0A2:atp:2026/5274/ms001:L0ID,Gauthier Onclin,M25 Monastir,2026-04-06,F,ITF main draw,2026,2025-26,Result + serve/return totals,True,True,True,True,False,True,False,False,False,False,0.0,0.0,0.0,1.0,0.0,0.0,0.0,0.0
O0A2:atp:2026/5274/ms002:K0E6,Gauthier Onclin,M25 Monastir,2026-04-06,SF,ITF main draw,2026,2025-26,Result + serve/return totals,True,True,False,False,False,True,False,False,False,False,0.0,0.0,0.0,1.0,0.0,0.0,0.0,0.0
O0A2:atp:2026/5274/ms004:I09N,Gauthier Onclin,M25 Monastir,2026-04-06,QF,ITF main draw,2026,2025-26,Result + serve/return totals,True,True,False,False,False,True,False,False,False,False,0.0,0.0,0.0,1.0,0.0,0.0,0.0,0.0
O0A2:atp:2026/5274/ms008:C0PC,Gauthier Onclin,M25 Monastir,2026-04-06,R16,ITF main draw,2026,2025-26,Result + serve/return totals,True,True,False,False,False,True,False,False,False,False,0.0,0.0,0.0,1.0,0.0,0.0,0.0,0.0
O0A2:atp:2026/5274/ms016:D0J9,Gauthier Onclin,M25 Monastir,2026-04-06,R32,ITF main draw,2026,2025-26,Result + serve/return totals,True,True,False,False,False,True,False,False,False,False,0.0,0.0,0.0,1.0,0.0,0.0,0.0,0.0
O0A2:atp:2026/2995/ms001:S0EX,Gauthier Onclin,Abidjan 1,2026-04-20,F,Challenger main draw,2026,2025-26,Result + serve/return totals,True,True,False,False,True,False,True,False,False,False,0.0,1.0,1.0,0.0,0.0,0.0,0.0,0.0
O0A2:atp:2026/2995/ms002:HB48,Gauthier Onclin,Abidjan 1,2026-04-20,SF,Challenger main draw,2026,2025-26,Result + serve/return totals,True,True,False,False,True,False,True,False,False,False,0.0,1.0,1.0,0.0,0.0,0.0,0.0,0.0
O0A2:atp:2026/2995/ms004:A09Q,Gauthier Onclin,Abidjan 1,2026-04-20,QF,Challenger main draw,2026,2025-26,Result + serve/return totals,True,True,False,False,True,False,False,False,False,False,0.0,1.0,1.0,0.0,0.0,0.0,0.0,0.0
O0A2:atp:2026/2995/ms008:B0ME,Gauthier Onclin,Abidjan 1,2026-04-20,R16,Challenger main draw,2026,2025-26,Result + serve/return totals,True,True,False,False,True,False,True,False,False,False,0.0,1.0,1.0,0.0,0.0,0.0,0.0,0.0
O0A2:atp:2026/2995/ms016:S0GV,Gauthier Onclin,Abidjan 1,2026-04-20,R32,Challenger main draw,2026,2025-26,Result + serve/return totals,True,True,True,False,False,True,True,False,False,False,0.0,1.0,1.0,0.0,0.0,0.0,0.0,0.0
O0A2:atp:2026/2997/ms001:MP01,Gauthier Onclin,Abidjan 2,2026-04-27,F,Challenger main draw,2026,2025-26,Result + serve/return totals,True,True,False,False,True,False,True,False,False,False,0.0,1.0,1.0,0.0,0.0,0.0,0.0,0.0
O0A2:atp:2026/2997/ms002:C0HB,Gauthier Onclin,Abidjan 2,2026-04-27,SF,Challenger main draw,2026,2025-26,Result + serve/return totals,True,True,False,False,True,False,True,False,False,False,0.0,1.0,1.0,0.0,0.0,0.0,0.0,0.0
O0A2:atp:2026/2997/ms004:A09Q,Gauthier Onclin,Abidjan 2,2026-04-27,QF,Challenger main draw,2026,2025-26,Result + serve/return totals,True,True,False,False,True,False,True,False,False,False,0.0,1.0,1.0,0.0,0.0,0.0,0.0,0.0
O0A2:atp:2026/2997/ms008:G0I3,Gauthier Onclin,Abidjan 2,2026-04-27,R16,Challenger main draw,2026,2025-26,Result + serve/return totals,True,True,False,False,True,False,True,False,False,False,0.0,1.0,1.0,0.0,0.0,0.0,0.0,0.0
O0A2:atp:2026/2997/ms016:W0AX,Gauthier Onclin,Abidjan 2,2026-04-27,R32,Challenger main draw,2026,2025-26,Result + serve/return totals,True,True,False,False,True,False,True,False,False,False,0.0,1.0,1.0,0.0,0.0,0.0,0.0,0.0
O0A2:atp:2026/2993/ms023:K09F,Gauthier Onclin,Chisinau,2026-05-25,R32,Challenger main draw,2026,2025-26,Result + serve/return totals,True,True,True,False,False,True,True,False,False,False,0.0,1.0,1.0,0.0,0.0,0.0,0.0,0.0
O0A2:atp:2026/460/ms023:M0BN,Gauthier Onclin,Bad Rappenau,2026-06-01,R32,Challenger main draw,2026,2025-26,Point-by-point sequence,False,True,True,False,False,True,True,True,False,False,0.0,1.0,1.0,0.0,0.0,0.0,0.0,0.0
O0A2:atp:2026/321/ms012:M0GZ,Gauthier Onclin,Stuttgart,2026-06-08,R16,Tour main draw,2026,2025-26,Result + serve/return totals,True,True,True,False,False,True,True,False,False,False,0.0,1.0,1.0,0.0,1.0,1.0,0.0,1.0
O0A2:atp:2026/321/ms025:M0CI,Gauthier Onclin,Stuttgart,2026-06-08,R32,Tour main draw,2026,2025-26,Point-by-point sequence,False,True,True,False,False,True,True,True,False,False,0.0,1.0,1.0,0.0,1.0,1.0,0.0,1.0
O0A2:atp:2026/321/qs006:HH06,Gauthier Onclin,Stuttgart,2026-06-08,Q2,Tour qualifying,2026,2025-26,Point-by-point sequence,False,True,True,False,False,True,True,True,False,False,0.0,1.0,1.0,0.0,0.0,0.0,0.0,1.0
O0A2:atp:2026/321/qs013:LF26,Gauthier Onclin,Stuttgart,2026-06-08,Q1,Tour qualifying,2026,2025-26,Result + serve/return totals,True,True,True,False,False,True,True,False,False,False,0.0,1.0,1.0,0.0,0.0,0.0,0.0,1.0
O0A2:atp:2026/3115/ms027:J0AZ,Gauthier Onclin,Dublin,2026-06-15,R32,Challenger main draw,2026,2025-26,Point-by-point sequence,False,True,True,False,False,True,True,True,False,False,0.0,1.0,1.0,0.0,0.0,0.0,0.0,0.0
O0A2:atp:2026/540/qs037:M0HU,Gauthier Onclin,Wimbledon,2026-06-29,Q2,Tour qualifying,2026,2025-26,Point-by-point sequence,False,True,True,False,False,True,True,True,False,False,0.0,1.0,0.0,0.0,0.0,0.0,1.0,0.0
O0A2:atp:2026/540/qs074:GA79,Gauthier Onclin,Wimbledon,2026-06-29,Q1,Tour qualifying,2026,2025-26,Point-by-point sequence,False,True,True,False,False,True,True,True,False,False,0.0,1.0,0.0,0.0,0.0,0.0,1.0,0.0
O0A2:atp:2026/3101/ms008:B0C5,Gauthier Onclin,Liege,2026-07-06,R16,Challenger main draw,2026,2025-26,Result + serve/return totals,True,True,True,False,False,True,True,False,False,False,0.0,1.0,1.0,0.0,0.0,0.0,0.0,0.0
O0A2:atp:2026/3101/ms016:C0MH,Gauthier Onclin,Liege,2026-07-06,R32,Challenger main draw,2026,2025-26,Result + serve/return totals,True,True,True,False,False,True,True,False,False,False,0.0,1.0,1.0,0.0,0.0,0.0,0.0,0.0
O0A2:atp:2026/9198/ms031:B0T6,Gauthier Onclin,Bunschoten,2026-07-13,R32,Challenger main draw,2026,2025-26,Result + serve/return totals,True,True,True,False,False,True,True,False,False,False,0.0,1.0,1.0,0.0,0.0,0.0,0.0,0.0
O0A2:atp:2026/221/ms002:D0LJ,Gauthier Onclin,Tampere,2026-07-20,SF,Challenger main draw,2026,2025-26,Result + serve/return totals,True,True,True,False,False,True,True,False,False,False,0.0,1.0,1.0,0.0,0.0,0.0,0.0,0.0
O0A2:atp:2026/221/ms005:G0IB,Gauthier Onclin,Tampere,2026-07-20,QF,Challenger main draw,2026,2025-26,Result + serve/return totals,True,True,True,False,False,True,True,False,False,False,0.0,1.0,1.0,0.0,0.0,0.0,0.0,0.0
O0A2:atp:2026/221/ms010:V0D0,Gauthier Onclin,Tampere,2026-07-20,R16,Challenger main draw,2026,2025-26,Result + serve/return totals,True,True,True,False,False,True,True,False,False,False,0.0,1.0,1.0,0.0,0.0,0.0,0.0,0.0
O0A2:atp:2026/221/ms020:A0CJ,Gauthier Onclin,Tampere,2026-07-20,R32,Challenger main draw,2026,2025-26,Result + serve/return totals,True,True,True,False,False,True,True,False,False,False,0.0,1.0,1.0,0.0,0.0,0.0,0.0,0.0
O0A2:atp:2026/3131/ms010:AG08,Gauthier Onclin,"Brownsburg, IN",2026-08-10,R16,Challenger main draw,2026,2025-26,Result + serve/return totals,True,True,False,False,True,False,False,False,False,False,0.0,1.0,1.0,0.0,0.0,0.0,0.0,0.0
O0A2:atp:2026/3131/ms020:Z0AK,Gauthier Onclin,"Brownsburg, IN",2026-08-10,R32,Challenger main draw,2026,2025-26,Result + serve/return totals,True,True,True,False,False,True,True,False,False,False,0.0,1.0,1.0,0.0,0.0,0.0,0.0,0.0
O0A2:atp:2026/3009/ms010:KI82,Gauthier Onclin,Cancun,2026-08-17,R16,Challenger main draw,2026,2025-26,Result + serve/return totals,True,True,False,False,True,False,False,False,False,False,0.0,1.0,1.0,0.0,0.0,0.0,0.0,0.0
O0A2:atp:2026/3009/ms021:S0GR,Gauthier Onclin,Cancun,2026-08-17,R32,Challenger main draw,2026,2025-26,Result + serve/return totals,True,True,False,False,True,False,False,False,False,False,0.0,1.0,1.0,0.0,0.0,0.0,0.0,0.0
O0A2:atp:2026/3009/qs004:M0HT,Gauthier Onclin,Cancun,2026-08-17,Q2,Challenger qualifying,2026,2025-26,"Listed only, no result",True,True,False,False,True,False,False,False,False,False,0.0,1.0,1.0,0.0,0.0,0.0,0.0,0.0
O0A2:atp:2026/3009/qs008:S0DL,Gauthier Onclin,Cancun,2026-08-17,Q1,Challenger qualifying,2026,2025-26,Missing,True,True,False,False,True,False,False,False,False,False,0.0,1.0,1.0,0.0,0.0,0.0,0.0,0.0
O0A2:atp:2026/560/qs122:SS25,Gauthier Onclin,US Open,2026-08-31,Q1,Tour qualifying,2026,2025-26,Result + serve/return totals,True,True,False,False,True,False,False,False,False,False,0.0,1.0,0.0,0.0,0.0,0.0,0.99,0.0
O0A2:atp:2026/9120/ms024:P0MG,Gauthier Onclin,Cassis,2026-09-07,R32,Challenger main draw,2026,2025-26,Result + serve/return totals,True,True,False,False,True,False,False,False,False,False,0.0,1.0,1.0,0.0,0.0,0.0,0.0,0.0
O0A2:atp:2026/5122/ms000:R09X,Gauthier Onclin,AUT vs BEL Qualifiers R2,2026-09-14,RR,Davis Cup,2026,2025-26,Result + serve/return totals,True,True,False,False,True,False,False,False,False,False,0.0,0.0,0.0,0.0,0.0,0.0,0.0,0.0
P0HY:atp:2021/6870/ms011:B0AM,Samuele Pieri,M15 Cairo,2021-07-26,R16,ITF main draw,2021,2019-21,"Result, no statistics",True,True,True,False,False,True,False,False,False,False,0.0,0.0,0.0,0.0,0.0,0.0,0.0,0.0
P0HY:atp:2021/6870/ms022:G0D4,Samuele Pieri,M15 Cairo,2021-07-26,R32,ITF main draw,2021,2019-21,"Result, no statistics",True,True,True,False,False,True,False,False,False,False,0.0,0.0,0.0,0.0,0.0,0.0,0.0,0.0
P0HY:atp:2021/6874/ms024:B0AM,Samuele Pieri,M15 Cairo,2021-08-02,R32,ITF main draw,2021,2019-21,"Result, no statistics",True,True,True,False,False,True,False,False,False,False,0.0,0.0,0.0,0.0,0.0,0.0,0.0,0.0
P0HY:atp:2022/6850/ms026:M0CD,Samuele Pieri,M15 Cairo,2022-04-18,R32,ITF main draw,2022,2022-23,"Result, no statistics",True,True,True,False,False,True,False,False,False,False,0.0,0.0,0.0,0.0,0.0,0.0,0.0,0.0
P0HY:atp:2022/764/ms010:BV17,Samuele Pieri,M15 Bergamo,2022-06-27,R16,ITF main draw,2022,2022-23,"Result, no statistics",True,True,False,False,True,False,False,False,False,False,0.0,0.0,0.0,0.0,0.0,0.0,0.0,0.0
P0HY:atp:2022/764/ms021:C0KV,Samuele Pieri,M15 Bergamo,2022-06-27,R32,ITF main draw,2022,2022-23,"Result, no statistics",True,True,False,False,True,False,False,False,False,False,0.0,0.0,0.0,0.0,0.0,0.0,0.0,0.0
P0HY:atp:2022/900/ms008:LC12,Samuele Pieri,M25 Casinalbo,2022-07-04,R16,ITF main draw,2022,2022-23,"Result, no statistics",True,True,True,False,False,True,False,False,False,False,0.0,0.0,0.0,0.0,0.0,0.0,0.0,0.0
P0HY:atp:2022/900/ms017:FA42,Samuele Pieri,M25 Casinalbo,2022-07-04,R32,ITF main draw,2022,2022-23,"Result, no statistics",True,True,False,False,True,False,False,False,False,False,0.0,0.0,0.0,0.0,0.0,0.0,0.0,0.0
P0HY:atp:2023/8180/ms012:V0D4,Samuele Pieri,M15 Antalya,2023-02-20,R16,ITF main draw,2023,2022-23,"Result, no statistics",True,True,True,False,False,True,False,False,False,False,0.0,0.0,0.0,0.0,0.0,0.0,0.0,0.0
P0HY:atp:2023/8180/ms025:L0G3,Samuele Pieri,M15 Antalya,2023-02-20,R32,ITF main draw,2023,2022-23,"Result, no statistics",True,True,True,False,False,True,False,False,False,False,0.0,0.0,0.0,0.0,0.0,0.0,0.0,0.0
P0HY:itf:1164942835,Samuele Pieri,M15 Antalya,2023-02-20,Q3,ITF qualifying,2023,2022-23,Missing,True,True,True,False,False,True,False,False,False,False,0.0,0.0,0.0,0.0,0.0,0.0,0.0,0.0
P0HY:itf:1164942850,Samuele Pieri,M15 Antalya,2023-02-20,Q2,ITF qualifying,2023,2022-23,Missing,True,True,True,False,False,True,False,False,False,False,0.0,0.0,0.0,0.0,0.0,0.0,0.0,0.0
P0HY:itf:1164942880,Samuele Pieri,M15 Antalya,2023-02-20,Q1,ITF qualifying,2023,2022-23,Missing,True,True,False,False,False,True,False,False,False,False,0.0,0.0,0.0,0.0,0.0,0.0,0.0,0.0
P0HY:atp:2023/8230/ms015:KE36,Samuele Pieri,M15 Antalya,2023-02-27,R16,ITF main draw,2023,2022-23,"Result, no statistics",True,True,True,False,False,True,False,False,False,False,0.0,0.0,0.0,0.0,0.0,0.0,0.0,0.0
P0HY:atp:2023/8230/ms031:M0AC,Samuele Pieri,M15 Antalya,2023-02-27,R32,ITF main draw,2023,2022-23,"Result, no statistics",True,True,True,False,False,True,False,False,False,False,0.0,0.0,0.0,0.0,0.0,0.0,0.0,0.0
P0HY:itf:1165110749,Samuele Pieri,M15 Antalya,2023-02-27,Q3,ITF qualifying,2023,2022-23,Missing,True,True,False,False,False,True,False,False,False,False,0.0,0.0,0.0,0.0,0.0,0.0,0.0,0.0
P0HY:itf:1165110763,Samuele Pieri,M15 Antalya,2023-02-27,Q2,ITF qualifying,2023,2022-23,Missing,True,True,True,False,False,True,False,False,False,False,0.0,0.0,0.0,0.0,0.0,0.0,0.0,0.0
P0HY:itf:1165110791,Samuele Pieri,M15 Antalya,2023-02-27,Q1,ITF qualifying,2023,2022-23,Missing,True,True,False,False,False,True,False,False,False,False,0.0,0.0,0.0,0.0,0.0,0.0,0.0,0.0
P0HY:itf:1165305355,Samuele Pieri,M15 Antalya,2023-03-06,Q1,ITF qualifying,2023,2022-23,Missing,True,True,False,False,False,True,False,False,False,False,0.0,0.0,0.0,0.0,0.0,0.0,0.0,0.0
P0HY:atp:2023/8250/ms013:TG52,Samuele Pieri,M15 Antalya,2023-03-13,R16,ITF main draw,2023,2022-23,"Result, no statistics",True,True,True,False,False,True,False,False,False,False,0.0,0.0,0.0,0.0,0.0,0.0,0.0,0.0
P0HY:atp:2023/8250/ms027:O09S,Samuele Pieri,M15 Antalya,2023-03-13,R32,ITF main draw,2023,2022-23,"Result, no statistics",True,True,True,False,False,True,False,False,False,False,0.0,0.0,0.0,0.0,0.0,0.0,0.0,0.0
P0HY:itf:1166300042,Samuele Pieri,M25 Santa Margherita di Pula,2023-04-10,Q2,ITF qualifying,2023,2022-23,Missing,True,True,False,False,True,False,False,False,False,False,0.0,0.0,0.0,0.0,0.0,0.0,0.0,0.0
P0HY:itf:1166300054,Samuele Pieri,M25 Santa Margherita di Pula,2023-04-10,Q1,ITF qualifying,2023,2022-23,Missing,True,True,False,False,False,True,False,False,False,False,0.0,0.0,0.0,0.0,0.0,0.0,0.0,0.0
P0HY:atp:2023/8242/ms023:R0B6,Samuele Pieri,M25 Santa Margherita di Pula,2023-04-17,R32,ITF main draw,2023,2022-23,"Result, no statistics",True,True,False,False,True,False,False,False,False,False,0.0,0.0,0.0,0.0,0.0,0.0,0.0,0.0
P0HY:itf:1166502877,Samuele Pieri,M25 Santa Margherita di Pula,2023-04-17,Q2,ITF qualifying,2023,2022-23,Missing,True,True,False,False,True,False,False,False,False,False,0.0,0.0,0.0,0.0,0.0,0.0,0.0,0.0
P0HY:itf:1166502887,Samuele Pieri,M25 Santa Margherita di Pula,2023-04-17,Q1,ITF qualifying,2023,2022-23,Missing,True,True,False,False,True,False,False,False,False,False,0.0,0.0,0.0,0.0,0.0,0.0,0.0,0.0
P0HY:atp:2023/4329/ms006:PL38,Samuele Pieri,M15 Alaminos-Larnaca,2023-04-24,QF,ITF main draw,2023,2022-23,"Result, no statistics",True,True,False,False,True,False,False,False,False,False,0.0,0.0,0.0,0.0,0.0,0.0,0.0,0.0
P0HY:atp:2023/4329/ms012:M0CD,Samuele Pieri,M15 Alaminos-Larnaca,2023-04-24,R16,ITF main draw,2023,2022-23,"Result, no statistics",True,True,False,False,True,False,False,False,False,False,0.0,0.0,0.0,0.0,0.0,0.0,0.0,0.0
P0HY:atp:2023/4329/ms025:R0HP,Samuele Pieri,M15 Alaminos-Larnaca,2023-04-24,R32,ITF main draw,2023,2022-23,"Result, no statistics",True,True,False,False,True,False,False,False,False,False,0.0,0.0,0.0,0.0,0.0,0.0,0.0,0.0
P0HY:itf:1166739270,Samuele Pieri,M15 Alaminos-Larnaca,2023-04-24,Q3,ITF qualifying,2023,2022-23,Missing,True,True,False,False,True,False,False,False,False,False,0.0,0.0,0.0,0.0,0.0,0.0,0.0,0.0
P0HY:itf:1166739278,Samuele Pieri,M15 Alaminos-Larnaca,2023-04-24,Q2,ITF qualifying,2023,2022-23,Missing,True,True,False,False,True,False,False,False,False,False,0.0,0.0,0.0,0.0,0.0,0.0,0.0,0.0
P0HY:atp:2023/4330/ms030:D0H9,Samuele Pieri,M15 Alaminos-Larnaca,2023-05-01,R32,ITF main draw,2023,2022-23,"Result, no statistics",True,True,True,False,False,True,False,False,False,False,0.0,0.0,0.0,0.0,0.0,0.0,0.0,0.0
P0HY:itf:1166954260,Samuele Pieri,M15 Alaminos-Larnaca,2023-05-01,Q3,ITF qualifying,2023,2022-23,Missing,True,True,False,False,True,False,False,False,False,False,0.0,0.0,0.0,0.0,0.0,0.0,0.0,0.0
P0HY:itf:1166954273,Samuele Pieri,M15 Alaminos-Larnaca,2023-05-01,Q2,ITF qualifying,2023,2022-23,Missing,True,True,False,False,True,False,False,False,False,False,0.0,0.0,0.0,0.0,0.0,0.0,0.0,0.0
P0HY:itf:1167699149,Samuele Pieri,M15 Kursumlijska Banja,2023-05-22,Q2,ITF qualifying,2023,2022-23,Missing,True,True,True,False,False,True,False,False,False,False,0.0,0.0,0.0,0.0,0.0,0.0,0.0,0.0
P0HY:atp:2023/4194/ms014:N679,Samuele Pieri,M25 Rome,2023-05-29,R16,ITF main draw,2023,2022-23,"Result, no statistics",True,True,True,False,False,True,True,False,False,False,0.0,0.0,0.0,0.0,0.0,0.0,0.0,0.0
P0HY:atp:2023/4194/ms028:H09N,Samuele Pieri,M25 Rome,2023-05-29,R32,ITF main draw,2023,2022-23,"Result, no statistics",True,True,True,False,False,True,True,False,False,False,0.0,0.0,0.0,0.0,0.0,0.0,0.0,0.0
P0HY:itf:1167867686,Samuele Pieri,M25 Rome,2023-05-29,Q3,ITF qualifying,2023,2022-23,Missing,True,True,True,False,False,True,False,False,False,False,0.0,0.0,0.0,0.0,0.0,0.0,0.0,0.0
P0HY:itf:1167867700,Samuele Pieri,M25 Rome,2023-05-29,Q2,ITF qualifying,2023,2022-23,Missing,True,True,False,False,False,True,False,False,False,False,0.0,0.0,0.0,0.0,0.0,0.0,0.0,0.0
P0HY:atp:2023/8214/ms022:P0FY,Samuele Pieri,M15 Frascati,2023-06-05,R32,ITF main draw,2023,2022-23,"Result, no statistics",True,True,False,False,False,True,True,False,False,False,0.0,0.0,0.0,0.0,0.0,0.0,0.0,0.0
P0HY:itf:1168075306,Samuele Pieri,M15 Frascati,2023-06-05,Q2,ITF qualifying,2023,2022-23,Missing,True,True,True,False,False,True,False,False,False,False,0.0,0.0,0.0,0.0,0.0,0.0,0.0,0.0
P0HY:itf:1168075316,Samuele Pieri,M15 Frascati,2023-06-05,Q1,ITF qualifying,2023,2022-23,Missing,True,True,True,False,False,True,False,False,False,False,0.0,0.0,0.0,0.0,0.0,0.0,0.0,0.0
P0HY:atp:2023/764/ms014:P0DR,Samuele Pieri,M15 Chieti,2023-06-12,R16,ITF main draw,2023,2022-23,"Result, no statistics",True,True,True,False,False,True,True,False,False,False,0.0,0.0,0.0,0.0,0.0,0.0,0.0,0.0
P0HY:atp:2023/764/ms029:BU48,Samuele Pieri,M15 Chieti,2023-06-12,R32,ITF main draw,2023,2022-23,"Result, no statistics",True,True,True,False,False,True,True,False,False,False,0.0,0.0,0.0,0.0,0.0,0.0,0.0,0.0
P0HY:itf:1168335898,Samuele Pieri,M15 Chieti,2023-06-12,Q2,ITF qualifying,2023,2022-23,Missing,True,True,False,False,False,True,False,False,False,False,0.0,0.0,0.0,0.0,0.0,0.0,0.0,0.0
P0HY:itf:1168335907,Samuele Pieri,M15 Chieti,2023-06-12,Q1,ITF qualifying,2023,2022-23,Missing,True,True,False,False,False,True,False,False,False,False,0.0,0.0,0.0,0.0,0.0,0.0,0.0,0.0
P0HY:atp:2023/4222/ms025:FA42,Samuele Pieri,M25 Cattolica,2023-06-19,R32,ITF main draw,2023,2022-23,"Result, no statistics",True,True,True,False,False,True,False,False,False,False,0.0,0.0,0.0,0.0,0.0,0.0,0.0,0.0
P0HY:atp:2023/900/ms015:FA42,Samuele Pieri,M15 Bergamo,2023-06-26,R16,ITF main draw,2023,2022-23,"Result, no statistics",True,True,False,False,True,False,True,False,False,False,0.0,0.0,0.0,0.0,0.0,0.0,0.0,0.0
P0HY:atp:2023/900/ms031:V821,Samuele Pieri,M15 Bergamo,2023-06-26,R32,ITF main draw,2023,2022-23,"Result, no statistics",True,True,False,False,True,False,True,False,False,False,0.0,0.0,0.0,0.0,0.0,0.0,0.0,0.0
P0HY:itf:1168818549,Samuele Pieri,M15 Bergamo,2023-06-26,Q2,ITF qualifying,2023,2022-23,Missing,True,True,True,False,False,True,False,False,False,False,0.0,0.0,0.0,0.0,0.0,0.0,0.0,0.0
P0HY:itf:1168818557,Samuele Pieri,M15 Bergamo,2023-06-26,Q1,ITF qualifying,2023,2022-23,Missing,True,True,True,False,False,True,False,False,False,False,0.0,0.0,0.0,0.0,0.0,0.0,0.0,0.0
P0HY:atp:2023/4167/ms015:CD00,Samuele Pieri,M25 Biella,2023-07-03,R16,ITF main draw,2023,2022-23,"Result, no statistics",True,True,False,False,True,False,True,False,False,False,0.0,0.0,0.0,0.0,0.0,0.0,0.0,0.0
P0HY:atp:2023/4167/ms030:F0BC,Samuele Pieri,M25 Biella,2023-07-03,R32,ITF main draw,2023,2022-23,"Result, no statistics",True,True,False,False,True,False,True,False,False,False,0.0,0.0,0.0,0.0,0.0,0.0,0.0,0.0
P0HY:atp:2023/9868/ms011:B0HA,Samuele Pieri,M15 Gubbio,2023-07-17,R16,ITF main draw,2023,2022-23,"Result, no statistics",True,True,False,False,True,False,True,False,False,False,0.0,0.0,0.0,0.0,0.0,0.0,0.0,0.0
P0HY:atp:2023/9868/ms023:P0DR,Samuele Pieri,M15 Gubbio,2023-07-17,R32,ITF main draw,2023,2022-23,"Result, no statistics",True,True,False,False,True,False,True,False,False,False,0.0,0.0,0.0,0.0,0.0,0.0,0.0,0.0
P0HY:itf:1169464996,Samuele Pieri,M15 Gubbio,2023-07-17,Q2,ITF qualifying,2023,2022-23,Missing,True,True,False,False,True,False,False,False,False,False,0.0,0.0,0.0,0.0,0.0,0.0,0.0,0.0
P0HY:itf:1169465011,Samuele Pieri,M15 Gubbio,2023-07-17,Q1,ITF qualifying,2023,2022-23,Missing,True,True,False,False,True,False,False,False,False,False,0.0,0.0,0.0,0.0,0.0,0.0,0.0,0.0
P0HY:atp:2023/4180/ms013:TG52,Samuele Pieri,M15 Perugia,2023-07-24,R16,ITF main draw,2023,2022-23,"Result, no statistics",True,True,True,False,False,True,True,False,False,False,0.0,0.0,0.0,0.0,0.0,0.0,0.0,0.0
P0HY:atp:2023/4180/ms026:M0CD,Samuele Pieri,M15 Perugia,2023-07-24,R32,ITF main draw,2023,2022-23,"Result, no statistics",True,True,True,False,False,True,False,False,False,False,0.0,0.0,0.0,0.0,0.0,0.0,0.0,0.0
P0HY:itf:1169663423,Samuele Pieri,M15 Perugia,2023-07-24,Q3,ITF qualifying,2023,2022-23,Missing,True,True,False,False,True,False,False,False,False,False,0.0,0.0,0.0,0.0,0.0,0.0,0.0,0.0
P0HY:itf:1169663434,Samuele Pieri,M15 Perugia,2023-07-24,Q2,ITF qualifying,2023,2022-23,Missing,True,True,False,False,True,False,False,False,False,False,0.0,0.0,0.0,0.0,0.0,0.0,0.0,0.0
P0HY:atp:2023/4188/ms013:O639,Samuele Pieri,M25 Bolzano,2023-07-31,R16,ITF main draw,2023,2022-23,"Result, no statistics",True,True,True,False,False,True,False,False,False,False,0.0,0.0,0.0,0.0,0.0,0.0,0.0,0.0
P0HY:atp:2023/4188/ms026:P0JK,Samuele Pieri,M25 Bolzano,2023-07-31,R32,ITF main draw,2023,2022-23,"Result, no statistics",True,True,True,False,False,True,True,False,False,False,0.0,0.0,0.0,0.0,0.0,0.0,0.0,0.0
P0HY:atp:2023/4239/ms018:P0FY,Samuele Pieri,M25 Lesa,2023-08-21,R32,ITF main draw,2023,2022-23,"Result, no statistics",True,True,True,False,False,True,True,False,False,False,0.0,0.0,0.0,0.0,0.0,0.0,0.0,0.0
P0HY:atp:2023/4394/ms020:T0AA,Samuele Pieri,M15 Bucharest,2023-08-28,R32,ITF main draw,2023,2022-23,"Result, no statistics",True,True,True,False,False,True,False,False,False,False,0.0,0.0,0.0,0.0,0.0,0.0,0.0,0.0
P0HY:atp:2023/1755/ms030:M0AA,Samuele Pieri,M15 Constanta,2023-09-04,R32,ITF main draw,2023,2022-23,"Result, no statistics",True,True,True,False,False,True,False,False,False,False,0.0,0.0,0.0,0.0,0.0,0.0,0.0,0.0
P0HY:atp:2023/9451/ms027:P0GP,Samuele Pieri,M15 Monastir,2023-09-25,R32,ITF main draw,2023,2022-23,"Result, no statistics",True,True,True,False,False,True,False,False,False,False,0.0,0.0,0.0,0.0,0.0,0.0,0.0,0.0
P0HY:atp:2023/8346/ms010:C0JX,Samuele Pieri,M15 Monastir,2023-10-02,R16,ITF main draw,2023,2022-23,"Result, no statistics",True,True,False,False,True,False,False,False,False,False,0.0,0.0,0.0,0.0,0.0,0.0,0.0,0.0
P0HY:atp:2023/8346/ms020:A0EU,Samuele Pieri,M15 Monastir,2023-10-02,R32,ITF main draw,2023,2022-23,"Result, no statistics",True,True,True,False,False,True,False,False,False,False,0.0,0.0,0.0,0.0,0.0,0.0,0.0,0.0
P0HY:atp:2023/4459/ms011:P0FY,Samuele Pieri,M15 Selva Gardena,2023-10-30,R16,ITF main draw,2023,2022-23,"Result, no statistics",True,True,False,False,True,False,True,False,False,False,0.0,0.0,0.0,0.0,0.0,0.0,0.0,0.0
P0HY:atp:2023/4459/ms022:M0IC,Samuele Pieri,M15 Selva Gardena,2023-10-30,R32,ITF main draw,2023,2022-23,"Result, no statistics",True,True,False,False,True,False,True,False,False,False,0.0,0.0,0.0,0.0,0.0,0.0,0.0,0.0
P0HY:itf:1173276937,Samuele Pieri,M15 Monastir,2023-11-06,Q2,ITF qualifying,2023,2022-23,Missing,True,True,False,False,True,False,False,False,False,False,0.0,0.0,0.0,0.0,0.0,0.0,0.0,0.0
P0HY:itf:1173276949,Samuele Pieri,M15 Monastir,2023-11-06,Q1,ITF qualifying,2023,2022-23,Missing,True,True,False,False,True,False,False,False,False,False,0.0,0.0,0.0,0.0,0.0,0.0,0.0,0.0
P0HY:atp:2023/8345/ms004:MO35,Samuele Pieri,M15 Antalya,2023-11-27,QF,ITF main draw,2023,2022-23,"Result, no statistics",True,True,False,False,True,False,False,False,False,False,0.0,0.0,0.0,0.0,0.0,0.0,0.0,0.0
P0HY:atp:2023/8345/ms009:M0HO,Samuele Pieri,M15 Antalya,2023-11-27,R16,ITF main draw,2023,2022-23,"Result, no statistics",True,True,False,False,True,False,False,False,False,False,0.0,0.0,0.0,0.0,0.0,0.0,0.0,0.0
P0HY:atp:2023/8345/ms018:G0ND,Samuele Pieri,M15 Antalya,2023-11-27,R32,ITF main draw,2023,2022-23,"Result, no statistics",True,True,False,False,True,False,False,False,False,False,0.0,0.0,0.0,0.0,0.0,0.0,0.0,0.0
P0HY:atp:2023/6446/ms003:A0EA,Samuele Pieri,M15 Antalya,2023-12-18,SF,ITF main draw,2023,2022-23,"Result, no statistics",True,True,True,False,False,True,False,False,False,False,0.0,0.0,0.0,0.0,0.0,0.0,0.0,0.0
P0HY:atp:2023/6446/ms007:C0FR,Samuele Pieri,M15 Antalya,2023-12-18,QF,ITF main draw,2023,2022-23,"Result, no statistics",True,True,False,False,True,False,False,False,False,False,0.0,0.0,0.0,0.0,0.0,0.0,0.0,0.0
P0HY:atp:2023/6446/ms015:N0CJ,Samuele Pieri,M15 Antalya,2023-12-18,R16,ITF main draw,2023,2022-23,"Result, no statistics",True,True,False,False,True,False,False,False,False,False,0.0,0.0,0.0,0.0,0.0,0.0,0.0,0.0
P0HY:atp:2023/6446/ms030:J468,Samuele Pieri,M15 Antalya,2023-12-18,R32,ITF main draw,2023,2022-23,"Result, no statistics",True,True,False,False,True,False,False,False,False,False,0.0,0.0,0.0,0.0,0.0,0.0,0.0,0.0
P0HY:atp:2024/4502/ms025:M0N7,Samuele Pieri,M25 Antalya,2024-02-05,R32,ITF main draw,2024,2024,"Result, no statistics",True,True,True,False,False,True,False,False,False,False,0.0,0.0,0.0,0.0,0.0,0.0,0.0,0.0
P0HY:atp:2024/4564/ms006:B0OT,Samuele Pieri,M15 Heraklion,2024-03-04,QF,ITF main draw,2024,2024,"Result, no statistics",True,True,True,False,False,True,False,False,False,False,0.0,0.0,0.0,0.0,0.0,0.0,0.0,0.0
P0HY:atp:2024/4564/ms012:CN70,Samuele Pieri,M15 Heraklion,2024-03-04,R16,ITF main draw,2024,2024,"Result, no statistics",True,True,True,False,False,True,False,False,False,False,0.0,0.0,0.0,0.0,0.0,0.0,0.0,0.0
P0HY:atp:2024/4564/ms024:KD02,Samuele Pieri,M15 Heraklion,2024-03-04,R32,ITF main draw,2024,2024,"Result, no statistics",True,True,True,False,False,True,False,False,False,False,0.0,0.0,0.0,0.0,0.0,0.0,0.0,0.0
P0HY:atp:2024/4576/ms009:S0F7,Samuele Pieri,M15 Heraklion,2024-03-11,R16,ITF main draw,2024,2024,"Result, no statistics",True,True,False,False,True,False,False,False,False,False,0.0,0.0,0.0,0.0,0.0,0.0,0.0,0.0
P0HY:atp:2024/4576/ms018:E0CI,Samuele Pieri,M15 Heraklion,2024-03-11,R32,ITF main draw,2024,2024,"Result, no statistics",True,True,True,False,False,True,False,False,False,False,0.0,0.0,0.0,0.0,0.0,0.0,0.0,0.0
P0HY:atp:2024/4597/ms008:T0EI,Samuele Pieri,M15 Heraklion,2024-03-18,R16,ITF main draw,2024,2024,"Result, no statistics",True,True,False,False,True,False,False,False,False,False,0.0,0.0,0.0,0.0,0.0,0.0,0.0,0.0
P0HY:atp:2024/4597/ms017:V0G2,Samuele Pieri,M15 Heraklion,2024-03-18,R32,ITF main draw,2024,2024,"Result, no statistics",True,True,False,False,True,False,False,False,False,False,0.0,0.0,0.0,0.0,0.0,0.0,0.0,0.0
P0HY:atp:2024/4618/ms003:M0K4,Samuele Pieri,M25 Santa Margherita di Pula,2024-04-01,SF,ITF main draw,2024,2024,"Result, no statistics",True,True,False,False,True,False,False,False,False,False,0.0,0.0,0.0,0.0,0.0,0.0,0.0,0.0
P0HY:atp:2024/4618/ms007:KI48,Samuele Pieri,M25 Santa Margherita di Pula,2024-04-01,QF,ITF main draw,2024,2024,"Result, no statistics",True,True,False,False,True,False,False,False,False,False,0.0,0.0,0.0,0.0,0.0,0.0,0.0,0.0
P0HY:atp:2024/4618/ms014:C0KO,Samuele Pieri,M25 Santa Margherita di Pula,2024-04-01,R16,ITF main draw,2024,2024,"Result, no statistics",True,True,False,False,True,False,False,False,False,False,0.0,0.0,0.0,0.0,0.0,0.0,0.0,0.0
P0HY:atp:2024/4618/ms028:SO20,Samuele Pieri,M25 Santa Margherita di Pula,2024-04-01,R32,ITF main draw,2024,2024,"Result, no statistics",True,True,False,False,True,False,False,False,False,False,0.0,0.0,0.0,0.0,0.0,0.0,0.0,0.0
P0HY:atp:2024/4626/ms014:S0RF,Samuele Pieri,M25 Santa Margherita di Pula,2024-04-08,R16,ITF main draw,2024,2024,"Result, no statistics",True,True,True,False,False,True,False,False,False,False,0.0,0.0,0.0,0.0,0.0,0.0,0.0,0.0
P0HY:atp:2024/4626/ms029:SZ36,Samuele Pieri,M25 Santa Margherita di Pula,2024-04-08,R32,ITF main draw,2024,2024,"Result, no statistics",True,True,False,False,True,False,False,False,False,False,0.0,0.0,0.0,0.0,0.0,0.0,0.0,0.0
P0HY:atp:2024/4646/ms010:P0B2,Samuele Pieri,M25 Santa Margherita di Pula,2024-04-22,R16,ITF main draw,2024,2024,"Result, no statistics",True,True,True,False,False,True,False,False,False,False,0.0,0.0,0.0,0.0,0.0,0.0,0.0,0.0
P0HY:atp:2024/4646/ms020:H0CX,Samuele Pieri,M25 Santa Margherita di Pula,2024-04-22,R32,ITF main draw,2024,2024,"Result, no statistics",True,True,False,False,False,True,False,False,False,False,0.0,0.0,0.0,0.0,0.0,0.0,0.0,0.0
P0HY:atp:2024/2861/qs014:PH64,Samuele Pieri,Cagliari,2024-04-29,Q1,Challenger qualifying,2024,2024,Result + serve/return totals,True,True,True,False,False,True,True,False,False,False,0.0,1.0,0.0,0.0,0.0,0.0,0.0,0.0
P0HY:atp:2024/7707/qs026:D0A2,Samuele Pieri,Francavilla al Mare,2024-05-06,Q1,Challenger qualifying,2024,2024,Result + serve/return totals,True,True,True,False,False,True,True,False,False,False,0.0,1.0,0.0,0.0,0.0,0.0,0.0,0.0
P0HY:atp:2024/4675/ms030:C0C5,Samuele Pieri,M25 Reggio Emilia,2024-05-13,R32,ITF main draw,2024,2024,"Result, no statistics",True,True,True,False,False,True,True,False,False,False,0.0,0.0,0.0,0.0,0.0,0.0,0.0,0.0
P0HY:atp:2024/4696/ms004:P0FY,Samuele Pieri,M15 Cervia,2024-05-20,QF,ITF main draw,2024,2024,"Result, no statistics",True,True,True,False,False,True,True,False,False,False,0.0,0.0,0.0,0.0,0.0,0.0,0.0,0.0
P0HY:atp:2024/4696/ms008:C0LK,Samuele Pieri,M15 Cervia,2024-05-20,R16,ITF main draw,2024,2024,"Result, no statistics",True,True,True,True,False,True,True,False,False,False,0.0,0.0,0.0,0.0,0.0,0.0,0.0,0.0
P0HY:atp:2024/4696/ms017:V0HM,Samuele Pieri,M15 Cervia,2024-05-20,R32,ITF main draw,2024,2024,"Result, no statistics",True,True,True,False,False,True,True,False,False,False,0.0,0.0,0.0,0.0,0.0,0.0,0.0,0.0
P0HY:atp:2024/4733/ms004:R0JW,Samuele Pieri,M15 Chieti,2024-06-10,QF,ITF main draw,2024,2024,"Result, no statistics",True,True,True,False,False,True,True,False,False,False,0.0,0.0,0.0,0.0,0.0,0.0,0.0,0.0
P0HY:atp:2024/4733/ms008:P0DR,Samuele Pieri,M15 Chieti,2024-06-10,R16,ITF main draw,2024,2024,"Result, no statistics",True,True,True,False,False,True,True,False,False,False,0.0,0.0,0.0,0.0,0.0,0.0,0.0,0.0
P0HY:atp:2024/4733/ms017:O0AX,Samuele Pieri,M15 Chieti,2024-06-10,R32,ITF main draw,2024,2024,"Result, no statistics",True,True,True,False,False,True,True,False,False,False,0.0,0.0,0.0,0.0,0.0,0.0,0.0,0.0
P0HY:atp:2024/9835/qs020:A887,Samuele Pieri,Sassuolo,2024-06-17,Q1,Challenger qualifying,2024,2024,Result + serve/return totals,True,True,True,False,False,True,True,False,False,False,0.0,1.0,0.0,0.0,0.0,0.0,0.0,0.0
P0HY:atp:2024/900/ms029:C0LK,Samuele Pieri,M15 Bergamo,2024-06-24,R32,ITF main draw,2024,2024,"Result, no statistics",True,True,False,False,True,False,True,False,False,False,0.0,0.0,0.0,0.0,0.0,0.0,0.0,0.0
P0HY:atp:2024/4168/ms004:A0I1,Samuele Pieri,M15 Store,2024-07-01,QF,ITF main draw,2024,2024,"Result, no statistics",True,True,False,False,True,False,False,False,False,False,0.0,0.0,0.0,0.0,0.0,0.0,0.0,0.0
P0HY:atp:2024/4168/ms009:BU64,Samuele Pieri,M15 Store,2024-07-01,R16,ITF main draw,2024,2024,"Result, no statistics",True,True,False,False,True,False,False,False,False,False,0.0,0.0,0.0,0.0,0.0,0.0,0.0,0.0
P0HY:atp:2024/4168/ms019:K0C5,Samuele Pieri,M15 Store,2024-07-01,R32,ITF main draw,2024,2024,"Result, no statistics",True,True,False,False,True,False,False,False,False,False,0.0,0.0,0.0,0.0,0.0,0.0,0.0,0.0
P0HY:atp:2024/9868/ms001:P0JG,Samuele Pieri,M15 Gubbio,2024-07-15,F,ITF main draw,2024,2024,"Result, no statistics",True,True,False,False,True,False,True,False,False,False,0.0,0.0,0.0,0.0,0.0,0.0,0.0,0.0
P0HY:atp:2024/9868/ms003:S0UM,Samuele Pieri,M15 Gubbio,2024-07-15,SF,ITF main draw,2024,2024,"Result, no statistics",True,True,False,False,True,False,True,False,False,False,0.0,0.0,0.0,0.0,0.0,0.0,0.0,0.0
P0HY:atp:2024/9868/ms007:N724,Samuele Pieri,M15 Gubbio,2024-07-15,QF,ITF main draw,2024,2024,"Result, no statistics",True,True,False,False,True,False,True,False,False,False,0.0,0.0,0.0,0.0,0.0,0.0,0.0,0.0
P0HY:atp:2024/9868/ms014:C0KO,Samuele Pieri,M15 Gubbio,2024-07-15,R16,ITF main draw,2024,2024,"Result, no statistics",True,True,False,False,True,False,True,False,False,False,0.0,0.0,0.0,0.0,0.0,0.0,0.0,0.0
P0HY:atp:2024/9868/ms028:M0K2,Samuele Pieri,M15 Gubbio,2024-07-15,R32,ITF main draw,2024,2024,"Result, no statistics",True,True,False,False,True,False,True,False,False,False,0.0,0.0,0.0,0.0,0.0,0.0,0.0,0.0
P0HY:atp:2024/4180/ms011:M0N4,Samuele Pieri,M15 Perugia,2024-07-22,R16,ITF main draw,2024,2024,"Result, no statistics",True,True,True,False,False,True,True,False,False,False,0.0,0.0,0.0,0.0,0.0,0.0,0.0,0.0
P0HY:atp:2024/4180/ms023:B0PH,Samuele Pieri,M15 Perugia,2024-07-22,R32,ITF main draw,2024,2024,"Result, no statistics",True,True,True,False,False,True,True,False,False,False,0.0,0.0,0.0,0.0,0.0,0.0,0.0,0.0
P0HY:atp:2024/4188/ms030:B0G4,Samuele Pieri,M25 Bolzano,2024-07-29,R32,ITF main draw,2024,2024,"Result, no statistics",True,True,True,False,False,True,True,False,False,False,0.0,0.0,0.0,0.0,0.0,0.0,0.0,0.0
P0HY:atp:2024/4420/ms013:G0A0,Samuele Pieri,M25 Santa Margherita di Pula,2024-09-23,R16,ITF main draw,2024,2024,"Result, no statistics",True,True,True,False,False,True,False,False,False,False,0.0,0.0,0.0,0.0,0.0,0.0,0.0,0.0
P0HY:atp:2024/4420/ms026:M0J6,Samuele Pieri,M25 Santa Margherita di Pula,2024-09-23,R32,ITF main draw,2024,2024,"Result, no statistics",True,True,True,False,False,True,False,False,False,False,0.0,0.0,0.0,0.0,0.0,0.0,0.0,0.0
P0HY:atp:2024/4438/ms023:WB19,Samuele Pieri,M25 Santa Margherita di Pula,2024-09-30,R32,ITF main draw,2024,2024,"Result, no statistics",True,True,True,False,False,True,False,False,False,False,0.0,0.0,0.0,0.0,0.0,0.0,0.0,0.0
P0HY:atp:2024/4864/ms007:N0DB,Samuele Pieri,M15 Bol,2024-10-14,QF,ITF main draw,2024,2024,"Result, no statistics",True,True,True,True,False,True,False,False,False,False,0.0,0.0,0.0,0.0,0.0,0.0,0.0,0.0
P0HY:atp:2024/4864/ms014:B0RN,Samuele Pieri,M15 Bol,2024-10-14,R16,ITF main draw,2024,2024,"Result, no statistics",True,True,True,False,False,True,True,False,False,False,0.0,0.0,0.0,0.0,0.0,0.0,0.0,0.0
P0HY:atp:2024/4864/ms028:FA42,Samuele Pieri,M15 Bol,2024-10-14,R32,ITF main draw,2024,2024,"Result, no statistics",True,True,True,False,False,True,True,False,False,False,0.0,0.0,0.0,0.0,0.0,0.0,0.0,0.0
P0HY:atp:2024/4472/ms009:C0NN,Samuele Pieri,M15 San Gregorio di Catania,2024-11-04,R16,ITF main draw,2024,2024,"Result, no statistics",True,True,True,False,False,True,True,False,False,False,0.0,0.0,0.0,0.0,0.0,0.0,0.0,0.0
P0HY:atp:2024/4472/ms018:I09N,Samuele Pieri,M15 San Gregorio di Catania,2024-11-04,R32,ITF main draw,2024,2024,"Result, no statistics",True,True,True,False,False,True,True,False,False,False,0.0,0.0,0.0,0.0,0.0,0.0,0.0,0.0
P0HY:atp:2024/4881/ms010:T0CU,Samuele Pieri,M15 San Gregorio di Catania,2024-11-11,R16,ITF main draw,2024,2024,"Result, no statistics",True,True,False,False,True,False,True,False,False,False,0.0,0.0,0.0,0.0,0.0,0.0,0.0,0.0
P0HY:atp:2024/4881/ms021:P0JK,Samuele Pieri,M15 San Gregorio di Catania,2024-11-11,R32,ITF main draw,2024,2024,"Result, no statistics",True,True,False,False,True,False,False,False,False,False,0.0,0.0,0.0,0.0,0.0,0.0,0.0,0.0
P0HY:atp:2025/4908/ms027:DH55,Samuele Pieri,M15 Valencia,2025-02-03,R32,ITF main draw,2025,2025-26,Result + serve/return totals,True,True,False,False,True,False,True,False,False,False,0.0,0.0,0.0,1.0,0.0,0.0,0.0,0.0
P0HY:atp:2025/4918/ms014:A0EA,Samuele Pieri,M15 Valencia,2025-02-10,R16,ITF main draw,2025,2025-26,Result + serve/return totals,True,True,False,False,True,False,True,False,False,False,0.0,0.0,0.0,1.0,0.0,0.0,0.0,0.0
P0HY:atp:2025/4918/ms029:Z0B7,Samuele Pieri,M15 Valencia,2025-02-10,R32,ITF main draw,2025,2025-26,"Result, no statistics",True,True,False,False,True,False,False,False,False,False,0.0,0.0,0.0,1.0,0.0,0.0,0.0,0.0
P0HY:atp:2025/4552/ms009:D0CN,Samuele Pieri,M15 Villena,2025-02-24,R16,ITF main draw,2025,2025-26,Result + serve/return totals,True,True,False,False,True,False,True,False,False,False,0.0,0.0,0.0,1.0,0.0,0.0,0.0,0.0
P0HY:atp:2025/4552/ms018:C0SL,Samuele Pieri,M15 Villena,2025-02-24,R32,ITF main draw,2025,2025-26,Result + serve/return totals,True,True,False,False,True,False,True,False,False,False,0.0,0.0,0.0,1.0,0.0,0.0,0.0,0.0
P0HY:atp:2025/4568/ms026:C0Q4,Samuele Pieri,M15 Torello,2025-03-03,R32,ITF main draw,2025,2025-26,"Listed only, no result",True,True,False,False,True,False,True,False,False,False,0.0,0.0,0.0,1.0,0.0,0.0,0.0,0.0
P0HY:atp:2025/4563/ms004:N0DB,Samuele Pieri,M15 Porec,2025-03-10,QF,ITF main draw,2025,2025-26,Result + serve/return totals,True,True,False,True,False,True,False,False,False,False,0.0,0.0,0.0,1.0,0.0,0.0,0.0,0.0
P0HY:atp:2025/4563/ms008:D0L3,Samuele Pieri,M15 Porec,2025-03-10,R16,ITF main draw,2025,2025-26,Result + serve/return totals,True,True,False,False,True,False,True,False,False,False,0.0,0.0,0.0,1.0,0.0,0.0,0.0,0.0
P0HY:atp:2025/4563/ms017:O0AI,Samuele Pieri,M15 Porec,2025-03-10,R32,ITF main draw,2025,2025-26,Result + serve/return totals,True,True,False,False,True,False,True,False,False,False,0.0,0.0,0.0,1.0,0.0,0.0,0.0,0.0
P0HY:atp:2025/4618/ms019:B0PE,Samuele Pieri,M25 Santa Margherita di Pula,2025-03-31,R32,ITF main draw,2025,2025-26,Result + serve/return totals,True,True,False,False,False,True,True,False,False,False,0.0,0.0,0.0,1.0,0.0,0.0,0.0,0.0
P0HY:atp:2025/4626/ms013:S0CG,Samuele Pieri,M25 Santa Margherita di Pula,2025-04-07,R16,ITF main draw,2025,2025-26,Result + serve/return totals,True,True,False,False,False,True,True,False,False,False,0.0,0.0,0.0,1.0,0.0,0.0,0.0,0.0
P0HY:atp:2025/4626/ms026:M0O0,Samuele Pieri,M25 Santa Margherita di Pula,2025-04-07,R32,ITF main draw,2025,2025-26,Result + serve/return totals,True,True,False,True,False,True,True,False,False,False,0.0,0.0,0.0,1.0,0.0,0.0,0.0,0.0
P0HY:atp:2025/4676/ms011:M0DE,Samuele Pieri,M15 Prijedor,2025-05-12,R16,ITF main draw,2025,2025-26,Result + serve/return totals,True,True,False,False,False,True,True,False,False,False,0.0,0.0,0.0,1.0,0.0,0.0,0.0,0.0
P0HY:atp:2025/4676/ms023:S1AC,Samuele Pieri,M15 Prijedor,2025-05-12,R32,ITF main draw,2025,2025-26,Result + serve/return totals,True,True,False,False,False,True,True,False,False,False,0.0,0.0,0.0,1.0,0.0,0.0,0.0,0.0
P0HY:atp:2025/4696/ms017:C0LK,Samuele Pieri,M25 Cervia,2025-05-19,R32,ITF main draw,2025,2025-26,Result + serve/return totals,True,True,False,False,False,True,True,False,False,False,0.0,0.0,0.0,1.0,0.0,0.0,0.0,0.0
P0HY:atp:2025/4724/ms006:F0CJ,Samuele Pieri,M15 Caltanissetta,2025-06-02,QF,ITF main draw,2025,2025-26,Result + serve/return totals,True,True,False,False,False,True,True,False,False,False,0.0,0.0,0.0,1.0,0.0,0.0,0.0,0.0
P0HY:atp:2025/4724/ms012:H0DW,Samuele Pieri,M15 Caltanissetta,2025-06-02,R16,ITF main draw,2025,2025-26,"Listed only, no result",True,True,False,False,False,True,True,False,False,False,0.0,0.0,0.0,1.0,0.0,0.0,0.0,0.0
P0HY:atp:2025/4724/ms024:W712,Samuele Pieri,M15 Caltanissetta,2025-06-02,R32,ITF main draw,2025,2025-26,"Listed only, no result",True,True,False,False,False,True,True,False,False,False,0.0,0.0,0.0,1.0,0.0,0.0,0.0,0.0
P0HY:atp:2025/4733/ms007:S0W4,Samuele Pieri,M15 Messina,2025-06-09,QF,ITF main draw,2025,2025-26,Result + serve/return totals,True,True,False,False,False,True,True,False,False,False,0.0,0.0,0.0,1.0,0.0,0.0,0.0,0.0
P0HY:atp:2025/4733/ms014:M0UQ,Samuele Pieri,M15 Messina,2025-06-09,R16,ITF main draw,2025,2025-26,Result + serve/return totals,True,True,False,False,False,True,True,False,False,False,0.0,0.0,0.0,1.0,0.0,0.0,0.0,0.0
P0HY:atp:2025/4733/ms028:G0I3,Samuele Pieri,M15 Messina,2025-06-09,R32,ITF main draw,2025,2025-26,Result + serve/return totals,True,True,False,False,False,True,True,False,False,False,0.0,0.0,0.0,1.0,0.0,0.0,0.0,0.0
P0HY:atp:2025/4168/ms031:A0I1,Samuele Pieri,M15 Store,2025-06-30,R32,ITF main draw,2025,2025-26,Result + serve/return totals,True,True,False,False,True,False,True,False,False,False,0.0,0.0,0.0,1.0,0.0,0.0,0.0,0.0
P0HY:atp:2025/4127/ms014:R0JW,Samuele Pieri,M15 Litija,2025-07-07,R16,ITF main draw,2025,2025-26,Result + serve/return totals,True,True,False,False,True,False,True,False,False,False,0.0,0.0,0.0,1.0,0.0,0.0,0.0,0.0
P0HY:atp:2025/4127/ms029:M0R4,Samuele Pieri,M15 Litija,2025-07-07,R32,ITF main draw,2025,2025-26,Result + serve/return totals,True,True,False,False,True,False,True,False,False,False,0.0,0.0,0.0,1.0,0.0,0.0,0.0,0.0
P0HY:atp:2025/9868/ms003:P0I6,Samuele Pieri,M15 Gubbio,2025-07-14,SF,ITF main draw,2025,2025-26,Result + serve/return totals,True,True,False,False,False,True,False,False,False,False,0.0,0.0,0.0,1.0,0.0,0.0,0.0,0.0
P0HY:atp:2025/9868/ms006:G0DD,Samuele Pieri,M15 Gubbio,2025-07-14,QF,ITF main draw,2025,2025-26,Result + serve/return totals,True,True,False,False,True,False,False,False,False,False,0.0,0.0,0.0,1.0,0.0,0.0,0.0,0.0
P0HY:atp:2025/9868/ms012:T0FO,Samuele Pieri,M15 Gubbio,2025-07-14,R16,ITF main draw,2025,2025-26,Result + serve/return totals,True,True,False,False,True,False,False,False,False,False,0.0,0.0,0.0,1.0,0.0,0.0,0.0,0.0
P0HY:atp:2025/9868/ms024:B0PH,Samuele Pieri,M15 Gubbio,2025-07-14,R32,ITF main draw,2025,2025-26,Result + serve/return totals,True,True,False,False,True,False,False,False,False,False,0.0,0.0,0.0,1.0,0.0,0.0,0.0,0.0
P0HY:atp:2025/4986/ms012:WB19,Samuele Pieri,M15 Segrate,2025-07-21,R16,ITF main draw,2025,2025-26,Result + serve/return totals,True,True,False,False,False,True,False,False,False,False,0.0,0.0,0.0,1.0,0.0,0.0,0.0,0.0
P0HY:atp:2025/4986/ms025:B0HA,Samuele Pieri,M15 Segrate,2025-07-21,R32,ITF main draw,2025,2025-26,Result + serve/return totals,True,True,False,False,False,True,False,False,False,False,0.0,0.0,0.0,1.0,0.0,0.0,0.0,0.0
P0HY:atp:2025/4377/ms006:P0FJ,Samuele Pieri,M15 Curtea de Arges,2025-08-04,QF,ITF main draw,2025,2025-26,Result + serve/return totals,True,True,False,False,False,True,False,False,False,False,0.0,0.0,0.0,1.0,0.0,0.0,0.0,0.0
P0HY:atp:2025/4377/ms012:C0SD,Samuele Pieri,M15 Curtea de Arges,2025-08-04,R16,ITF main draw,2025,2025-26,Result + serve/return totals,True,True,False,False,False,True,False,False,False,False,0.0,0.0,0.0,1.0,0.0,0.0,0.0,0.0
P0HY:atp:2025/4377/ms024:G0ME,Samuele Pieri,M15 Curtea de Arges,2025-08-04,R32,ITF main draw,2025,2025-26,Result + serve/return totals,True,True,False,False,False,True,False,False,False,False,0.0,0.0,0.0,1.0,0.0,0.0,0.0,0.0
P0HY:atp:2025/4384/ms001:C0B2,Samuele Pieri,M15 Targu Jiu,2025-08-11,F,ITF main draw,2025,2025-26,Result + serve/return totals,True,True,False,False,False,True,False,False,False,False,0.0,0.0,0.0,1.0,0.0,0.0,0.0,0.0
P0HY:atp:2025/4384/ms003:T0AA,Samuele Pieri,M15 Targu Jiu,2025-08-11,SF,ITF main draw,2025,2025-26,Result + serve/return totals,True,True,False,False,False,True,False,False,False,False,0.0,0.0,0.0,1.0,0.0,0.0,0.0,0.0
P0HY:atp:2025/4384/ms006:P0MT,Samuele Pieri,M15 Targu Jiu,2025-08-11,QF,ITF main draw,2025,2025-26,Result + serve/return totals,True,True,False,True,False,True,False,False,False,False,0.0,0.0,0.0,1.0,0.0,0.0,0.0,0.0
P0HY:atp:2025/4384/ms013:S0R5,Samuele Pieri,M15 Targu Jiu,2025-08-11,R16,ITF main draw,2025,2025-26,Result + serve/return totals,True,True,False,False,False,True,False,False,False,False,0.0,0.0,0.0,1.0,0.0,0.0,0.0,0.0
P0HY:atp:2025/4384/ms026:P0NV,Samuele Pieri,M15 Targu Jiu,2025-08-11,R32,ITF main draw,2025,2025-26,Result + serve/return totals,True,True,False,False,False,True,False,False,False,False,0.0,0.0,0.0,1.0,0.0,0.0,0.0,0.0
P0HY:atp:2025/4392/ms001:O639,Samuele Pieri,M15 Forli,2025-08-25,F,ITF main draw,2025,2025-26,Result + serve/return totals,True,True,False,False,False,True,False,False,False,False,0.0,0.0,0.0,1.0,0.0,0.0,0.0,0.0
P0HY:atp:2025/4392/ms003:R0K4,Samuele Pieri,M15 Forli,2025-08-25,SF,ITF main draw,2025,2025-26,Result + serve/return totals,True,True,False,False,False,True,False,False,False,False,0.0,0.0,0.0,1.0,0.0,0.0,0.0,0.0
P0HY:atp:2025/4392/ms007:R0B3,Samuele Pieri,M15 Forli,2025-08-25,QF,ITF main draw,2025,2025-26,Result + serve/return totals,True,True,False,True,False,True,False,False,False,False,0.0,0.0,0.0,1.0,0.0,0.0,0.0,0.0
P0HY:atp:2025/4392/ms014:C0RX,Samuele Pieri,M15 Forli,2025-08-25,R16,ITF main draw,2025,2025-26,Result + serve/return totals,True,True,False,False,False,True,False,False,False,False,0.0,0.0,0.0,1.0,0.0,0.0,0.0,0.0
P0HY:atp:2025/4392/ms028:S0VZ,Samuele Pieri,M15 Forli,2025-08-25,R32,ITF main draw,2025,2025-26,Result + serve/return totals,True,True,False,False,False,True,False,False,False,False,0.0,0.0,0.0,1.0,0.0,0.0,0.0,0.0
P0HY:atp:2025/7085/qs016:M0EA,Samuele Pieri,Biella,2025-09-08,Q1,Challenger qualifying,2025,2025-26,Result + serve/return totals,True,True,True,False,False,True,True,False,False,False,0.0,1.0,1.0,0.0,0.0,0.0,0.0,0.0
P0HY:atp:2025/4408/ms010:T0FH,Samuele Pieri,M15 Melilla,2025-09-15,R16,ITF main draw,2025,2025-26,Result + serve/return totals,True,True,False,False,False,True,False,False,False,False,0.0,0.0,0.0,1.0,0.0,0.0,0.0,0.0
P0HY:atp:2025/4408/ms020:P0LD,Samuele Pieri,M15 Melilla,2025-09-15,R32,ITF main draw,2025,2025-26,"Result, no statistics",True,True,False,False,False,True,False,False,False,False,0.0,0.0,0.0,1.0,0.0,0.0,0.0,0.0
P0HY:atp:2025/4791/ms005:P0NT,Samuele Pieri,M15 Slovenj Gradec,2025-09-22,QF,ITF main draw,2025,2025-26,Result + serve/return totals,True,True,False,False,True,False,False,False,False,False,0.0,0.0,0.0,1.0,0.0,0.0,0.0,0.0
P0HY:atp:2025/4791/ms010:S1AJ,Samuele Pieri,M15 Slovenj Gradec,2025-09-22,R16,ITF main draw,2025,2025-26,Result + serve/return totals,True,True,False,False,True,False,False,False,False,False,0.0,0.0,0.0,1.0,0.0,0.0,0.0,0.0
P0HY:atp:2025/4791/ms020:A0HZ,Samuele Pieri,M15 Slovenj Gradec,2025-09-22,R32,ITF main draw,2025,2025-26,Result + serve/return totals,True,True,False,False,True,False,False,False,False,False,0.0,0.0,0.0,1.0,0.0,0.0,0.0,0.0
P0HY:atp:2025/4444/ms021:A0HZ,Samuele Pieri,M25 Santa Margherita di Pula,2025-09-29,R32,ITF main draw,2025,2025-26,Result + serve/return totals,True,True,False,False,True,False,False,False,False,False,0.0,0.0,0.0,1.0,0.0,0.0,0.0,0.0
P0HY:atp:2025/4863/ms018:P0O9,Samuele Pieri,M15 Offenbach,2025-10-13,R32,ITF main draw,2025,2025-26,Result + serve/return totals,True,True,False,False,True,False,False,False,False,False,0.0,0.0,0.0,1.0,0.0,0.0,0.0,0.0
P0HY:atp:2025/5169/ms019:S0H9,Samuele Pieri,M25 Sheffield,2025-10-20,R32,ITF main draw,2025,2025-26,Result + serve/return totals,True,True,False,False,True,False,True,False,False,False,0.0,0.0,0.0,1.0,0.0,0.0,0.0,0.0
P0HY:atp:2025/4459/ms020:F0GU,Samuele Pieri,M15 Selva Gardena,2025-10-27,R32,ITF main draw,2025,2025-26,Result + serve/return totals,True,True,False,False,True,False,False,False,False,False,0.0,0.0,0.0,1.0,0.0,0.0,0.0,0.0
P0HY:atp:2025/8335/ms003:G0EU,Samuele Pieri,M15 Antalya,2025-11-10,SF,ITF main draw,2025,2025-26,Result + serve/return totals,True,True,False,False,False,True,False,False,False,False,0.0,0.0,0.0,1.0,0.0,0.0,0.0,0.0
P0HY:atp:2025/8335/ms006:Y0BB,Samuele Pieri,M15 Antalya,2025-11-10,QF,ITF main draw,2025,2025-26,Result + serve/return totals,True,True,False,False,False,True,False,False,False,False,0.0,0.0,0.0,1.0,0.0,0.0,0.0,0.0
P0HY:atp:2025/8335/ms013:M0HO,Samuele Pieri,M15 Antalya,2025-11-10,R16,ITF main draw,2025,2025-26,Result + serve/return totals,True,True,False,False,False,True,False,False,False,False,0.0,0.0,0.0,1.0,0.0,0.0,0.0,0.0
P0HY:atp:2025/8335/ms027:O0BE,Samuele Pieri,M15 Antalya,2025-11-10,R32,ITF main draw,2025,2025-26,Result + serve/return totals,True,True,False,False,True,False,False,False,False,False,0.0,0.0,0.0,1.0,0.0,0.0,0.0,0.0
P0HY:atp:2025/9450/ms001:G0EU,Samuele Pieri,M25 Antalya,2025-11-17,F,ITF main draw,2025,2025-26,Result + serve/return totals,True,True,False,False,False,True,True,False,False,False,0.0,0.0,0.0,1.0,0.0,0.0,0.0,0.0
P0HY:atp:2025/9450/ms003:A0J5,Samuele Pieri,M25 Antalya,2025-11-17,SF,ITF main draw,2025,2025-26,Result + serve/return totals,True,True,False,False,False,True,True,False,False,False,0.0,0.0,0.0,1.0,0.0,0.0,0.0,0.0
P0HY:atp:2025/9450/ms006:O0BE,Samuele Pieri,M25 Antalya,2025-11-17,QF,ITF main draw,2025,2025-26,Result + serve/return totals,True,True,False,False,False,True,True,False,False,False,0.0,0.0,0.0,1.0,0.0,0.0,0.0,0.0
P0HY:atp:2025/9450/ms012:Y0BB,Samuele Pieri,M25 Antalya,2025-11-17,R16,ITF main draw,2025,2025-26,Result + serve/return totals,True,True,False,False,False,True,True,False,False,False,0.0,0.0,0.0,1.0,0.0,0.0,0.0,0.0
P0HY:atp:2025/9450/ms024:KI71,Samuele Pieri,M25 Antalya,2025-11-17,R32,ITF main draw,2025,2025-26,Result + serve/return totals,True,True,False,False,False,True,True,False,False,False,0.0,0.0,0.0,1.0,0.0,0.0,0.0,0.0
P0HY:atp:2025/8348/ms013:MW54,Samuele Pieri,M15 Antalya,2025-12-01,R16,ITF main draw,2025,2025-26,Result + serve/return totals,True,True,False,False,False,True,False,False,False,False,0.0,0.0,0.0,1.0,0.0,0.0,0.0,0.0
P0HY:atp:2025/8348/ms027:C0KO,Samuele Pieri,M15 Antalya,2025-12-01,R32,ITF main draw,2025,2025-26,Result + serve/return totals,True,True,False,False,False,True,False,False,False,False,0.0,0.0,0.0,1.0,0.0,0.0,0.0,0.0
P0HY:atp:2025/6442/ms015:H0GW,Samuele Pieri,M15 Antalya,2025-12-08,R16,ITF main draw,2025,2025-26,Result + serve/return totals,True,True,False,False,False,True,False,False,False,False,0.0,0.0,0.0,1.0,0.0,0.0,0.0,0.0
P0HY:atp:2025/6442/ms031:D0IF,Samuele Pieri,M15 Antalya,2025-12-08,R32,ITF main draw,2025,2025-26,Result + serve/return totals,True,True,False,True,False,True,False,False,False,False,0.0,0.0,0.0,1.0,0.0,0.0,0.0,0.0
P0HY:atp:2025/6446/ms001:N561,Samuele Pieri,M15 Antalya,2025-12-15,F,ITF main draw,2025,2025-26,Result + serve/return totals,True,True,False,False,False,True,False,False,False,False,0.0,0.0,0.0,1.0,0.0,0.0,0.0,0.0
P0HY:atp:2025/6446/ms002:C0HX,Samuele Pieri,M15 Antalya,2025-12-15,SF,ITF main draw,2025,2025-26,Result + serve/return totals,True,True,False,False,False,True,False,False,False,False,0.0,0.0,0.0,1.0,0.0,0.0,0.0,0.0
P0HY:atp:2025/6446/ms004:W0F2,Samuele Pieri,M15 Antalya,2025-12-15,QF,ITF main draw,2025,2025-26,Result + serve/return totals,True,True,False,False,False,True,False,False,False,False,0.0,0.0,0.0,1.0,0.0,0.0,0.0,0.0
P0HY:atp:2025/6446/ms008:F0C4,Samuele Pieri,M15 Antalya,2025-12-15,R16,ITF main draw,2025,2025-26,Result + serve/return totals,True,True,False,False,False,True,False,False,False,False,0.0,0.0,0.0,1.0,0.0,0.0,0.0,0.0
P0HY:atp:2025/6446/ms016:H0GW,Samuele Pieri,M15 Antalya,2025-12-15,R32,ITF main draw,2025,2025-26,Result + serve/return totals,True,True,False,False,False,True,False,False,False,False,0.0,0.0,0.0,1.0,0.0,0.0,0.0,0.0
P0HY:atp:2026/4502/ms014:W0F8,Samuele Pieri,M15 Antalya,2026-02-02,R16,ITF main draw,2026,2025-26,Result + serve/return totals,True,True,False,False,True,False,False,False,False,False,0.0,0.0,0.0,1.0,0.0,0.0,0.0,0.0
P0HY:atp:2026/4502/ms028:A0NF,Samuele Pieri,M15 Antalya,2026-02-02,R32,ITF main draw,2026,2025-26,Result + serve/return totals,True,True,False,False,False,True,False,False,False,False,0.0,0.0,0.0,1.0,0.0,0.0,0.0,0.0
P0HY:atp:2026/4530/ms002:B0C0,Samuele Pieri,M25 Antalya,2026-02-09,SF,ITF main draw,2026,2025-26,Result + serve/return totals,True,True,False,False,True,False,True,False,False,False,0.0,0.0,0.0,1.0,0.0,0.0,0.0,0.0
P0HY:atp:2026/4530/ms004:RB60,Samuele Pieri,M25 Antalya,2026-02-09,QF,ITF main draw,2026,2025-26,Result + serve/return totals,True,True,False,False,True,False,True,False,False,False,0.0,0.0,0.0,1.0,0.0,0.0,0.0,0.0
P0HY:atp:2026/4530/ms008:KG49,Samuele Pieri,M25 Antalya,2026-02-09,R16,ITF main draw,2026,2025-26,Result + serve/return totals,True,True,False,False,True,False,True,False,False,False,0.0,0.0,0.0,1.0,0.0,0.0,0.0,0.0
P0HY:atp:2026/4530/ms016:J09X,Samuele Pieri,M25 Antalya,2026-02-09,R32,ITF main draw,2026,2025-26,Result + serve/return totals,True,True,False,False,True,False,True,False,False,False,0.0,0.0,0.0,1.0,0.0,0.0,0.0,0.0
P0HY:atp:2026/2913/ms023:K0EP,Samuele Pieri,Kigali 1,2026-03-02,R32,Challenger main draw,2026,2025-26,Result + serve/return totals,True,True,True,False,False,True,True,False,False,False,0.0,1.0,1.0,0.0,0.0,0.0,0.0,0.0
P0HY:atp:2026/2913/qs012:M09M,Samuele Pieri,Kigali 1,2026-03-02,Q2,Challenger qualifying,2026,2025-26,Result + serve/return totals,True,True,True,False,False,True,True,False,False,False,0.0,1.0,1.0,0.0,0.0,0.0,0.0,0.0
P0HY:atp:2026/2913/qs024:W0AJ,Samuele Pieri,Kigali 1,2026-03-02,Q1,Challenger qualifying,2026,2025-26,Result + serve/return totals,True,True,False,False,True,False,True,False,False,False,0.0,1.0,1.0,0.0,0.0,0.0,0.0,0.0
P0HY:atp:2026/2915/qs020:DH46,Samuele Pieri,Kigali 2,2026-03-09,Q1,Challenger qualifying,2026,2025-26,Result + serve/return totals,True,True,True,False,False,True,True,False,False,False,0.0,1.0,1.0,0.0,0.0,0.0,0.0,0.0
P0HY:atp:2026/9472/ms026:M0E1,Samuele Pieri,Zadar,2026-03-16,R32,Challenger main draw,2026,2025-26,Result + serve/return totals,True,True,True,False,False,True,True,False,False,False,0.0,1.0,1.0,0.0,0.0,0.0,0.0,0.0
P0HY:atp:2026/9472/qs013:C0MH,Samuele Pieri,Zadar,2026-03-16,Q2,Challenger qualifying,2026,2025-26,Result + serve/return totals,True,True,True,False,False,True,True,False,False,False,0.0,1.0,1.0,0.0,0.0,0.0,0.0,0.0
P0HY:atp:2026/9472/qs026:R0K3,Samuele Pieri,Zadar,2026-03-16,Q1,Challenger qualifying,2026,2025-26,Result + serve/return totals,True,True,True,False,False,True,True,False,False,False,0.0,1.0,1.0,0.0,0.0,0.0,0.0,0.0
P0HY:atp:2026/2955/ms031:D0C1,Samuele Pieri,Alicante (Montemar),2026-03-23,R32,Challenger main draw,2026,2025-26,Result + serve/return totals,True,True,True,False,False,True,False,False,False,False,0.0,1.0,1.0,0.0,0.0,0.0,0.0,0.0
P0HY:atp:2026/2955/qs011:Y171,Samuele Pieri,Alicante (Montemar),2026-03-23,Q2,Challenger qualifying,2026,2025-26,Result + serve/return totals,True,True,True,False,False,True,False,False,False,False,0.0,1.0,1.0,0.0,0.0,0.0,0.0,0.0
P0HY:atp:2026/2955/qs023:B0HF,Samuele Pieri,Alicante (Montemar),2026-03-23,Q1,Challenger qualifying,2026,2025-26,Result + serve/return totals,True,True,True,False,False,True,False,False,False,False,0.0,1.0,1.0,0.0,0.0,0.0,0.0,0.0
P0HY:atp:2026/2987/qs021:P0EV,Samuele Pieri,Menorca,2026-03-30,Q1,Challenger qualifying,2026,2025-26,Result + serve/return totals,True,True,True,False,False,True,True,False,False,False,0.0,1.0,1.0,0.0,0.0,0.0,0.0,0.0
P0HY:atp:2026/4626/ms014:P0O9,Samuele Pieri,M25 Santa Margherita di Pula,2026-04-06,R16,ITF main draw,2026,2025-26,Result + serve/return totals,True,True,True,True,False,True,False,False,False,False,0.0,0.0,0.0,1.0,0.0,0.0,0.0,0.0
P0HY:atp:2026/4626/ms028:C0BB,Samuele Pieri,M25 Santa Margherita di Pula,2026-04-06,R32,ITF main draw,2026,2025-26,Result + serve/return totals,True,True,False,False,False,True,False,False,False,False,0.0,0.0,0.0,1.0,0.0,0.0,0.0,0.0
P0HY:atp:2026/7736/ms018:O0BR,Samuele Pieri,Shymkent 1,2026-04-20,R32,Challenger main draw,2026,2025-26,Result + serve/return totals,True,True,True,False,False,True,True,False,False,False,0.0,1.0,1.0,0.0,0.0,0.0,0.0,0.0
P0HY:atp:2026/9192/ms012:G0IW,Samuele Pieri,Shymkent 2,2026-04-27,R16,Challenger main draw,2026,2025-26,Result + serve/return totals,True,True,True,False,False,True,True,False,False,False,0.0,1.0,1.0,0.0,0.0,0.0,0.0,0.0
P0HY:atp:2026/9192/ms025:W0BB,Samuele Pieri,Shymkent 2,2026-04-27,R32,Challenger main draw,2026,2025-26,Result + serve/return totals,True,True,True,False,False,True,True,False,False,False,0.0,1.0,1.0,0.0,0.0,0.0,0.0,0.0
P0HY:atp:2026/4675/ms004:G0A0,Samuele Pieri,M25 Reggio Emilia,2026-05-11,QF,ITF main draw,2026,2025-26,Result + serve/return totals,True,True,False,False,True,False,True,False,False,False,0.0,0.0,0.0,1.0,0.0,0.0,0.0,0.0
P0HY:atp:2026/4675/ms009:P0FV,Samuele Pieri,M25 Reggio Emilia,2026-05-11,R16,ITF main draw,2026,2025-26,Result + serve/return totals,True,True,False,False,False,True,True,False,False,False,0.0,0.0,0.0,1.0,0.0,0.0,0.0,0.0
P0HY:atp:2026/4675/ms019:B0QK,Samuele Pieri,M25 Reggio Emilia,2026-05-11,R32,ITF main draw,2026,2025-26,Result + serve/return totals,True,True,False,False,False,True,True,False,False,False,0.0,0.0,0.0,1.0,0.0,0.0,0.0,0.0
P0HY:atp:2026/5295/ms001:SR81,Samuele Pieri,M15 Klagenfurt,2026-05-18,F,ITF main draw,2026,2025-26,Result + serve/return totals,True,True,False,False,True,False,True,False,False,False,0.0,0.0,0.0,1.0,0.0,0.0,0.0,0.0
P0HY:atp:2026/5295/ms003:K0DP,Samuele Pieri,M15 Klagenfurt,2026-05-18,SF,ITF main draw,2026,2025-26,Result + serve/return totals,True,True,False,False,True,False,True,False,False,False,0.0,0.0,0.0,1.0,0.0,0.0,0.0,0.0
P0HY:atp:2026/5295/ms007:S0S9,Samuele Pieri,M15 Klagenfurt,2026-05-18,QF,ITF main draw,2026,2025-26,Result + serve/return totals,True,True,False,False,True,False,True,False,False,False,0.0,0.0,0.0,1.0,0.0,0.0,0.0,0.0
P0HY:atp:2026/5295/ms015:H0I7,Samuele Pieri,M15 Klagenfurt,2026-05-18,R16,ITF main draw,2026,2025-26,Result + serve/return totals,True,True,False,False,True,False,True,False,False,False,0.0,0.0,0.0,1.0,0.0,0.0,0.0,0.0
P0HY:atp:2026/5295/ms031:S0I7,Samuele Pieri,M15 Klagenfurt,2026-05-18,R32,ITF main draw,2026,2025-26,Result + serve/return totals,True,True,False,False,True,False,True,False,False,False,0.0,0.0,0.0,1.0,0.0,0.0,0.0,0.0
P0HY:atp:2026/7015/ms009:D0LJ,Samuele Pieri,Vicenza,2026-05-25,R16,Challenger main draw,2026,2025-26,Result + serve/return totals,True,True,True,False,False,True,True,False,False,False,0.0,1.0,1.0,0.0,0.0,0.0,0.0,0.0
P0HY:atp:2026/7015/ms019:K0EP,Samuele Pieri,Vicenza,2026-05-25,R32,Challenger main draw,2026,2025-26,Result + serve/return totals,True,True,False,False,True,False,True,False,False,False,0.0,1.0,1.0,0.0,0.0,0.0,0.0,0.0
P0HY:atp:2026/7015/qs011:N0CJ,Samuele Pieri,Vicenza,2026-05-25,Q2,Challenger qualifying,2026,2025-26,Result + serve/return totals,True,True,False,False,True,False,True,False,False,False,0.0,1.0,1.0,0.0,0.0,0.0,0.0,0.0
P0HY:atp:2026/7015/qs023:B0TF,Samuele Pieri,Vicenza,2026-05-25,Q1,Challenger qualifying,2026,2025-26,Result + serve/return totals,True,True,False,False,True,False,True,False,False,False,0.0,1.0,1.0,0.0,0.0,0.0,0.0,0.0
P0HY:atp:2026/3085/ms021:RB60,Samuele Pieri,Cattolica,2026-06-08,R32,Challenger main draw,2026,2025-26,Point-by-point sequence,False,True,True,False,False,True,True,True,False,False,0.0,1.0,1.0,0.0,0.0,0.0,0.0,0.0
P0HY:atp:2026/3085/qs012:F0A4,Samuele Pieri,Cattolica,2026-06-08,Q2,Challenger qualifying,2026,2025-26,"Listed only, no result",True,True,True,False,False,True,True,False,False,False,0.0,1.0,1.0,0.0,0.0,0.0,0.0,0.0
P0HY:atp:2026/3085/qs025:O639,Samuele Pieri,Cattolica,2026-06-08,Q1,Challenger qualifying,2026,2025-26,"Listed only, no result",True,True,True,False,False,True,True,False,False,False,0.0,1.0,1.0,0.0,0.0,0.0,0.0,0.0
P0HY:atp:2026/4159/ms007:R0ED,Samuele Pieri,M25 Brussels,2026-06-22,QF,ITF main draw,2026,2025-26,Point-by-point sequence,False,True,False,False,False,True,True,True,False,False,0.0,0.0,0.0,1.0,0.0,0.0,0.0,0.0
P0HY:atp:2026/4159/ms015:H0EH,Samuele Pieri,M25 Brussels,2026-06-22,R16,ITF main draw,2026,2025-26,Point-by-point sequence,False,True,False,False,False,True,True,True,False,False,0.0,0.0,0.0,1.0,0.0,0.0,0.0,0.0
P0HY:atp:2026/4159/ms031:W712,Samuele Pieri,M25 Brussels,2026-06-22,R32,ITF main draw,2026,2025-26,Point-by-point sequence,False,True,False,False,False,True,True,True,False,False,0.0,0.0,0.0,1.0,0.0,0.0,0.0,0.0
P0HY:atp:2026/1214/ms020:F0F4,Samuele Pieri,Troyes,2026-06-29,R32,Challenger main draw,2026,2025-26,Point-by-point sequence,False,True,True,False,False,True,True,True,False,False,0.0,1.0,1.0,0.0,0.0,0.0,0.0,0.0
P0HY:atp:2026/526/ms027:K0FY,Samuele Pieri,Braunschweig,2026-07-06,R32,Challenger main draw,2026,2025-26,Result + serve/return totals,True,True,True,False,False,True,True,False,False,False,0.0,1.0,1.0,0.0,0.0,0.0,0.0,0.0
P0HY:atp:2026/526/qs012:M0AC,Samuele Pieri,Braunschweig,2026-07-06,Q2,Challenger qualifying,2026,2025-26,"Listed only, no result",True,True,True,False,False,True,True,False,False,False,0.0,1.0,1.0,0.0,0.0,0.0,0.0,0.0
P0HY:atp:2026/526/qs024:L0CH,Samuele Pieri,Braunschweig,2026-07-06,Q1,Challenger qualifying,2026,2025-26,"Listed only, no result",True,True,True,False,False,True,True,False,False,False,0.0,1.0,1.0,0.0,0.0,0.0,0.0,0.0
P0HY:atp:2026/2120/qs022:T0FK,Samuele Pieri,Cordenons,2026-07-13,Q1,Challenger qualifying,2026,2025-26,"Listed only, no result",True,True,True,False,False,True,True,False,False,False,0.0,1.0,1.0,0.0,0.0,0.0,0.0,0.0
P0HY:atp:2026/2785/qs025:N0CJ,Samuele Pieri,Zug,2026-07-20,Q1,Challenger qualifying,2026,2025-26,"Listed only, no result",True,True,True,False,False,True,True,False,False,False,0.0,1.0,1.0,0.0,0.0,0.0,0.0,0.0
P0HY:atp:2026/2935/ms011:GJ16,Samuele Pieri,Bonn,2026-07-27,R16,Challenger main draw,2026,2025-26,Result + serve/return totals,True,True,True,False,False,True,True,False,False,False,0.0,1.0,1.0,0.0,0.0,0.0,0.0,0.0
P0HY:atp:2026/2935/ms022:B0QC,Samuele Pieri,Bonn,2026-07-27,R32,Challenger main draw,2026,2025-26,Result + serve/return totals,True,True,True,False,False,True,True,False,False,False,0.0,1.0,1.0,0.0,0.0,0.0,0.0,0.0
P0HY:atp:2026/2935/qs011:L0DB,Samuele Pieri,Bonn,2026-07-27,Q2,Challenger qualifying,2026,2025-26,"Listed only, no result",True,True,True,False,False,True,True,False,False,False,0.0,1.0,1.0,0.0,0.0,0.0,0.0,0.0
P0HY:atp:2026/2935/qs023:K0IV,Samuele Pieri,Bonn,2026-07-27,Q1,Challenger qualifying,2026,2025-26,"Listed only, no result",True,True,True,False,False,True,True,False,False,False,0.0,1.0,1.0,0.0,0.0,0.0,0.0,0.0
P0HY:atp:2026/3169/ms008:C0MH,Samuele Pieri,Plovdiv 2,2026-08-03,R16,Challenger main draw,2026,2025-26,Result + serve/return totals,True,True,True,False,False,True,True,False,False,False,0.0,1.0,1.0,0.0,0.0,0.0,0.0,0.0
P0HY:atp:2026/3169/ms016:B0FI,Samuele Pieri,Plovdiv 2,2026-08-03,R32,Challenger main draw,2026,2025-26,Result + serve/return totals,True,True,True,False,False,True,True,False,False,False,0.0,1.0,1.0,0.0,0.0,0.0,0.0,0.0
P0HY:atp:2026/8297/qs020:Z239,Samuele Pieri,Hamburg,2026-08-10,Q1,Challenger qualifying,2026,2025-26,"Listed only, no result",True,True,True,False,False,True,True,False,False,False,0.0,1.0,1.0,0.0,0.0,0.0,0.0,0.0
P0HY:atp:2026/4182/ms015:G0LR,Samuele Pieri,M25 Slovenj Gradec,2026-08-17,R16,ITF main draw,2026,2025-26,"Listed only, no result",True,True,False,False,False,True,False,False,False,False,0.0,0.0,0.0,1.0,0.0,0.0,0.0,0.0
P0HY:atp:2026/4182/ms031:V0GB,Samuele Pieri,M25 Slovenj Gradec,2026-08-17,R32,ITF main draw,2026,2025-26,"Listed only, no result",True,True,False,False,False,True,False,False,False,False,0.0,0.0,0.0,1.0,0.0,0.0,0.0,0.0
P0HY:atp:2026/4176/ms001:D0I0,Samuele Pieri,M25 Maribor,2026-08-24,F,ITF main draw,2026,2025-26,"Listed only, no result",True,True,False,False,True,False,False,False,False,False,0.0,0.0,0.0,1.0,0.0,0.0,0.0,0.0
P0HY:atp:2026/4176/ms002:S0QZ,Samuele Pieri,M25 Maribor,2026-08-24,SF,ITF main draw,2026,2025-26,"Listed only, no result",True,True,False,False,True,False,False,False,False,False,0.0,0.0,0.0,1.0,0.0,0.0,0.0,0.0
P0HY:atp:2026/4176/ms004:D0JZ,Samuele Pieri,M25 Maribor,2026-08-24,QF,ITF main draw,2026,2025-26,"Listed only, no result",True,True,False,False,True,False,False,False,False,False,0.0,0.0,0.0,1.0,0.0,0.0,0.0,0.0
P0HY:atp:2026/4176/ms008:T0HW,Samuele Pieri,M25 Maribor,2026-08-24,R16,ITF main draw,2026,2025-26,"Listed only, no result",True,True,False,False,True,False,False,False,False,False,0.0,0.0,0.0,1.0,0.0,0.0,0.0,0.0
P0HY:atp:2026/4176/ms016:D0N2,Samuele Pieri,M25 Maribor,2026-08-24,R32,ITF main draw,2026,2025-26,"Listed only, no result",True,True,False,False,False,True,False,False,False,False,0.0,0.0,0.0,1.0,0.0,0.0,0.0,0.0
P0HY:atp:2026/7085/ms010:B0GY,Samuele Pieri,Biella,2026-09-14,R16,Challenger main draw,2026,2025-26,Result + serve/return totals,True,True,False,False,True,False,False,False,False,False,0.0,1.0,1.0,0.0,0.0,0.0,0.0,0.0
P0HY:atp:2026/7085/ms021:P0I6,Samuele Pieri,Biella,2026-09-14,R32,Challenger main draw,2026,2025-26,Result + serve/return totals,True,True,False,False,True,False,False,False,False,False,0.0,1.0,1.0,0.0,0.0,0.0,0.0,0.0
P0I6:atp:2021/6294/ms015:A0AB,Gabriele Piraino,M15 Antalya,2021-05-03,R16,ITF main draw,2021,2019-21,"Result, no statistics",True,True,True,False,False,True,False,False,False,False,0.0,0.0,0.0,0.0,0.0,0.0,0.0,0.0
P0I6:atp:2021/6294/ms030:TD55,Gabriele Piraino,M15 Antalya,2021-05-03,R32,ITF main draw,2021,2019-21,"Result, no statistics",True,True,True,False,False,True,False,False,False,False,0.0,0.0,0.0,0.0,0.0,0.0,0.0,0.0
P0I6:atp:2021/8214/ms002:BH80,Gabriele Piraino,M15 Perugia,2021-07-19,SF,ITF main draw,2021,2019-21,"Result, no statistics",True,True,False,False,True,False,False,False,False,False,0.0,0.0,0.0,0.0,0.0,0.0,0.0,0.0
P0I6:atp:2021/8214/ms005:P0FY,Gabriele Piraino,M15 Perugia,2021-07-19,QF,ITF main draw,2021,2019-21,"Result, no statistics",True,True,False,False,True,False,False,False,False,False,0.0,0.0,0.0,0.0,0.0,0.0,0.0,0.0
P0I6:atp:2021/8214/ms011:M0K2,Gabriele Piraino,M15 Perugia,2021-07-19,R16,ITF main draw,2021,2019-21,"Result, no statistics",True,True,False,False,True,False,False,False,False,False,0.0,0.0,0.0,0.0,0.0,0.0,0.0,0.0
P0I6:atp:2021/8214/ms023:GF20,Gabriele Piraino,M15 Perugia,2021-07-19,R32,ITF main draw,2021,2019-21,"Result, no statistics",True,True,True,False,False,True,False,False,False,False,0.0,0.0,0.0,0.0,0.0,0.0,0.0,0.0
P0I6:atp:2021/2120/qs005:G892,Gabriele Piraino,Cordenons,2021-08-02,Q2,Challenger qualifying,2021,2019-21,Result + serve/return totals,True,True,False,False,True,False,False,False,False,False,0.336,0.0,0.0,0.0,0.0,0.0,0.0,0.0
P0I6:atp:2021/2120/qs011:O507,Gabriele Piraino,Cordenons,2021-08-02,Q1,Challenger qualifying,2021,2019-21,Result + serve/return totals,True,True,False,False,True,False,False,False,False,False,0.336,0.0,0.0,0.0,0.0,0.0,0.0,0.0
P0I6:atp:2021/9566/ms019:MI69,Gabriele Piraino,M15 Pescara,2021-08-16,R32,ITF main draw,2021,2019-21,"Result, no statistics",True,True,False,False,True,False,False,False,False,False,0.0,0.0,0.0,0.0,0.0,0.0,0.0,0.0
P0I6:atp:2021/7494/qs005:VA08,Gabriele Piraino,Barletta,2021-08-23,Q2,Challenger qualifying,2021,2019-21,Result + serve/return totals,True,True,False,False,True,False,False,False,False,False,0.336,0.0,0.0,0.0,0.0,0.0,0.0,0.0
P0I6:atp:2021/7494/qs011:LF29,Gabriele Piraino,Barletta,2021-08-23,Q1,Challenger qualifying,2021,2019-21,Result + serve/return totals,True,True,False,False,True,False,False,False,False,False,0.336,0.0,0.0,0.0,0.0,0.0,0.0,0.0
P0I6:atp:2021/3473/qs013:AA27,Gabriele Piraino,Como,2021-08-30,Q1,Challenger qualifying,2021,2019-21,Result + serve/return totals,True,True,False,False,True,False,False,False,False,False,0.336,0.0,0.0,0.0,0.0,0.0,0.0,0.0
P0I6:atp:2021/9586/ms019:LI03,Gabriele Piraino,M15 Ulcinj,2021-09-06,R32,ITF main draw,2021,2019-21,"Result, no statistics",True,True,True,False,False,True,False,False,False,False,0.0,0.0,0.0,0.0,0.0,0.0,0.0,0.0
P0I6:atp:2021/9596/ms010:L0DM,Gabriele Piraino,M15 Ulcinj,2021-09-13,R16,ITF main draw,2021,2019-21,"Result, no statistics",True,True,True,False,False,True,False,False,False,False,0.0,0.0,0.0,0.0,0.0,0.0,0.0,0.0
P0I6:atp:2021/9596/ms021:Z0BH,Gabriele Piraino,M15 Ulcinj,2021-09-13,R32,ITF main draw,2021,2019-21,"Result, no statistics",True,True,True,False,False,True,False,False,False,False,0.0,0.0,0.0,0.0,0.0,0.0,0.0,0.0
P0I6:atp:2021/9601/ms027:MI69,Gabriele Piraino,M15 Ulcinj,2021-09-20,R32,ITF main draw,2021,2019-21,"Result, no statistics",True,True,True,False,False,True,False,False,False,False,0.0,0.0,0.0,0.0,0.0,0.0,0.0,0.0
P0I6:atp:2022/8166/ms015:VA25,Gabriele Piraino,M15 Monastir,2022-01-10,R16,ITF main draw,2022,2022-23,"Result, no statistics",True,True,True,False,False,True,False,False,False,False,0.0,0.0,0.0,0.0,0.0,0.0,0.0,0.0
P0I6:atp:2022/8166/ms030:BV08,Gabriele Piraino,M15 Monastir,2022-01-10,R32,ITF main draw,2022,2022-23,"Result, no statistics",True,True,True,False,False,True,False,False,False,False,0.0,0.0,0.0,0.0,0.0,0.0,0.0,0.0
P0I6:atp:2022/8173/ms027:VA25,Gabriele Piraino,M15 Monastir,2022-01-17,R32,ITF main draw,2022,2022-23,"Result, no statistics",True,True,False,False,True,False,False,False,False,False,0.0,0.0,0.0,0.0,0.0,0.0,0.0,0.0
P0I6:atp:2022/8230/ms012:N0CS,Gabriele Piraino,M15 Antalya,2022-02-28,R16,ITF main draw,2022,2022-23,"Result, no statistics",True,True,False,False,True,False,False,False,False,False,0.0,0.0,0.0,0.0,0.0,0.0,0.0,0.0
P0I6:atp:2022/8230/ms025:J468,Gabriele Piraino,M15 Antalya,2022-02-28,R32,ITF main draw,2022,2022-23,"Result, no statistics",True,True,False,False,True,False,False,False,False,False,0.0,0.0,0.0,0.0,0.0,0.0,0.0,0.0
P0I6:atp:2022/9817/qs023:CH19,Gabriele Piraino,Roseto Degli Abruzzi 1,2022-03-07,Q1,Challenger qualifying,2022,2022-23,Result + serve/return totals,True,True,False,False,True,False,False,False,False,False,0.336,0.0,0.0,0.0,0.0,0.0,0.0,0.0
P0I6:atp:2022/8153/ms011:W09X,Gabriele Piraino,M15 Palmanova,2022-03-21,R16,ITF main draw,2022,2022-23,"Result, no statistics",True,True,True,False,False,True,False,False,False,False,0.0,0.0,0.0,0.0,0.0,0.0,0.0,0.0
P0I6:atp:2022/8153/ms023:P0CY,Gabriele Piraino,M15 Palmanova,2022-03-21,R32,ITF main draw,2022,2022-23,"Result, no statistics",True,True,True,False,False,True,False,False,False,False,0.0,0.0,0.0,0.0,0.0,0.0,0.0,0.0
P0I6:atp:2022/8232/ms025:GB94,Gabriele Piraino,M25 Santa Margherita di Pula,2022-04-11,R32,ITF main draw,2022,2022-23,"Result, no statistics",True,True,True,False,False,True,False,False,False,False,0.0,0.0,0.0,0.0,0.0,0.0,0.0,0.0
P0I6:atp:2022/599/ms003:M0IF,Gabriele Piraino,M25 Santa Margherita di Pula,2022-04-18,SF,ITF main draw,2022,2022-23,"Result, no statistics",True,True,False,False,True,False,False,False,False,False,0.0,0.0,0.0,0.0,0.0,0.0,0.0,0.0
P0I6:atp:2022/599/ms006:G0EU,Gabriele Piraino,M25 Santa Margherita di Pula,2022-04-18,QF,ITF main draw,2022,2022-23,"Result, no statistics",True,True,False,False,True,False,False,False,False,False,0.0,0.0,0.0,0.0,0.0,0.0,0.0,0.0
P0I6:atp:2022/599/ms012:FC49,Gabriele Piraino,M25 Santa Margherita di Pula,2022-04-18,R16,ITF main draw,2022,2022-23,"Result, no statistics",True,True,False,False,True,False,False,False,False,False,0.0,0.0,0.0,0.0,0.0,0.0,0.0,0.0
P0I6:atp:2022/599/ms025:S0SN,Gabriele Piraino,M25 Santa Margherita di Pula,2022-04-18,R32,ITF main draw,2022,2022-23,"Result, no statistics",True,True,False,False,True,False,False,False,False,False,0.0,0.0,0.0,0.0,0.0,0.0,0.0,0.0
P0I6:atp:2022/8253/ms031:LC12,Gabriele Piraino,M25 Santa Margherita di Pula,2022-04-25,R32,ITF main draw,2022,2022-23,"Result, no statistics",True,True,False,False,True,False,False,False,False,False,0.0,0.0,0.0,0.0,0.0,0.0,0.0,0.0
P0I6:atp:2022/6295/ms013:C09G,Gabriele Piraino,M15 Antalya,2022-05-16,R16,ITF main draw,2022,2022-23,"Result, no statistics",True,True,False,False,True,False,False,False,False,False,0.0,0.0,0.0,0.0,0.0,0.0,0.0,0.0
P0I6:atp:2022/6295/ms026:KI91,Gabriele Piraino,M15 Antalya,2022-05-16,R32,ITF main draw,2022,2022-23,"Result, no statistics",True,True,False,False,True,False,False,False,False,False,0.0,0.0,0.0,0.0,0.0,0.0,0.0,0.0
P0I6:atp:2022/9528/ms007:C09G,Gabriele Piraino,M15 Antalya,2022-05-23,QF,ITF main draw,2022,2022-23,"Result, no statistics",True,True,True,False,False,True,False,False,False,False,0.0,0.0,0.0,0.0,0.0,0.0,0.0,0.0
P0I6:atp:2022/9528/ms014:S0R2,Gabriele Piraino,M15 Antalya,2022-05-23,R16,ITF main draw,2022,2022-23,"Result, no statistics",True,True,True,False,False,True,False,False,False,False,0.0,0.0,0.0,0.0,0.0,0.0,0.0,0.0
P0I6:atp:2022/9528/ms028:F0E3,Gabriele Piraino,M15 Antalya,2022-05-23,R32,ITF main draw,2022,2022-23,"Result, no statistics",True,True,True,False,False,True,False,False,False,False,0.0,0.0,0.0,0.0,0.0,0.0,0.0,0.0
P0I6:atp:2022/9001/qs026:BC76,Gabriele Piraino,Perugia,2022-06-06,Q1,Challenger qualifying,2022,2022-23,Result + serve/return totals,True,True,False,False,False,True,False,False,False,False,0.336,0.0,0.0,0.0,0.0,0.0,0.0,0.0
P0I6:atp:2022/9835/qs027:BC76,Gabriele Piraino,Montechiarugolo-Parma,2022-06-13,Q1,Challenger qualifying,2022,2022-23,Result + serve/return totals,True,True,False,False,False,True,False,False,False,False,0.336,0.0,0.0,0.0,0.0,0.0,0.0,0.0
P0I6:atp:2022/900/ms007:F0A4,Gabriele Piraino,M25 Casinalbo,2022-07-04,QF,ITF main draw,2022,2022-23,"Result, no statistics",True,True,True,False,False,True,False,False,False,False,0.0,0.0,0.0,0.0,0.0,0.0,0.0,0.0
P0I6:atp:2022/900/ms015:LI03,Gabriele Piraino,M25 Casinalbo,2022-07-04,R16,ITF main draw,2022,2022-23,"Result, no statistics",True,True,True,False,False,True,False,False,False,False,0.0,0.0,0.0,0.0,0.0,0.0,0.0,0.0
P0I6:atp:2022/900/ms030:B0GT,Gabriele Piraino,M25 Casinalbo,2022-07-04,R32,ITF main draw,2022,2022-23,"Result, no statistics",True,True,True,False,False,True,False,False,False,False,0.0,0.0,0.0,0.0,0.0,0.0,0.0,0.0
P0I6:atp:2022/9566/ms004:D0HD,Gabriele Piraino,M15 Gubbio,2022-07-18,QF,ITF main draw,2022,2022-23,"Result, no statistics",True,True,True,False,False,True,False,False,False,False,0.0,0.0,0.0,0.0,0.0,0.0,0.0,0.0
P0I6:atp:2022/9566/ms008:TG67,Gabriele Piraino,M15 Gubbio,2022-07-18,R16,ITF main draw,2022,2022-23,"Result, no statistics",True,True,True,False,False,True,False,False,False,False,0.0,0.0,0.0,0.0,0.0,0.0,0.0,0.0
P0I6:atp:2022/9566/ms017:B0GR,Gabriele Piraino,M15 Gubbio,2022-07-18,R32,ITF main draw,2022,2022-23,"Result, no statistics",True,True,True,False,False,True,False,False,False,False,0.0,0.0,0.0,0.0,0.0,0.0,0.0,0.0
P0I6:atp:2022/4153/ms001:A0BA,Gabriele Piraino,M25 Padova,2022-08-08,F,ITF main draw,2022,2022-23,"Result, no statistics",True,True,False,False,True,False,False,False,False,False,0.0,0.0,0.0,0.0,0.0,0.0,0.0,0.0
P0I6:atp:2022/4153/ms002:T0CU,Gabriele Piraino,M25 Padova,2022-08-08,SF,ITF main draw,2022,2022-23,"Result, no statistics",True,True,False,False,True,False,False,False,False,False,0.0,0.0,0.0,0.0,0.0,0.0,0.0,0.0
P0I6:atp:2022/4153/ms005:L0CX,Gabriele Piraino,M25 Padova,2022-08-08,QF,ITF main draw,2022,2022-23,"Result, no statistics",True,True,False,False,True,False,False,False,False,False,0.0,0.0,0.0,0.0,0.0,0.0,0.0,0.0
P0I6:atp:2022/4153/ms011:GF20,Gabriele Piraino,M25 Padova,2022-08-08,R16,ITF main draw,2022,2022-23,"Result, no statistics",True,True,False,False,True,False,False,False,False,False,0.0,0.0,0.0,0.0,0.0,0.0,0.0,0.0
P0I6:atp:2022/4153/ms022:A0CJ,Gabriele Piraino,M25 Padova,2022-08-08,R32,ITF main draw,2022,2022-23,"Result, no statistics",True,True,True,False,False,True,False,False,False,False,0.0,0.0,0.0,0.0,0.0,0.0,0.0,0.0
P0I6:atp:2022/8322/ms019:RE27,Gabriele Piraino,M15 Craiova,2022-08-15,R32,ITF main draw,2022,2022-23,"Result, no statistics",True,True,False,False,True,False,False,False,False,False,0.0,0.0,0.0,0.0,0.0,0.0,0.0,0.0
P0I6:atp:2022/4167/ms003:A0BA,Gabriele Piraino,M25 Lesa,2022-08-22,SF,ITF main draw,2022,2022-23,"Result, no statistics",True,True,False,False,True,False,False,False,False,False,0.0,0.0,0.0,0.0,0.0,0.0,0.0,0.0
P0I6:atp:2022/4167/ms006:C0HV,Gabriele Piraino,M25 Lesa,2022-08-22,QF,ITF main draw,2022,2022-23,"Result, no statistics",True,True,False,False,True,False,False,False,False,False,0.0,0.0,0.0,0.0,0.0,0.0,0.0,0.0
P0I6:atp:2022/4167/ms013:B0HA,Gabriele Piraino,M25 Lesa,2022-08-22,R16,ITF main draw,2022,2022-23,"Result, no statistics",True,True,False,False,True,False,False,False,False,False,0.0,0.0,0.0,0.0,0.0,0.0,0.0,0.0
P0I6:atp:2022/4167/ms027:FC49,Gabriele Piraino,M25 Lesa,2022-08-22,R32,ITF main draw,2022,2022-23,"Result, no statistics",True,True,False,False,True,False,False,False,False,False,0.0,0.0,0.0,0.0,0.0,0.0,0.0,0.0
P0I6:atp:2022/3473/qs020:A0AB,Gabriele Piraino,Como,2022-08-29,Q1,Challenger qualifying,2022,2022-23,Result + serve/return totals,True,True,False,False,True,False,False,False,False,False,0.336,0.0,0.0,0.0,0.0,0.0,0.0,0.0
P0I6:atp:2022/4188/ms009:N679,Gabriele Piraino,M25 Santa Margherita di Pula,2022-09-12,R16,ITF main draw,2022,2022-23,"Result, no statistics",True,True,True,False,False,True,False,False,False,False,0.0,0.0,0.0,0.0,0.0,0.0,0.0,0.0
P0I6:atp:2022/4188/ms018:D0JJ,Gabriele Piraino,M25 Santa Margherita di Pula,2022-09-12,R32,ITF main draw,2022,2022-23,"Result, no statistics",True,True,True,False,False,True,False,False,False,False,0.0,0.0,0.0,0.0,0.0,0.0,0.0,0.0
P0I6:atp:2022/1763/ms010:L987,Gabriele Piraino,Genoa,2022-09-19,R16,Challenger main draw,2022,2022-23,Result + serve/return totals,True,True,False,False,False,True,False,False,False,False,0.553,0.0,0.0,0.0,0.0,0.0,0.0,0.0
P0I6:atp:2022/1763/ms021:MW76,Gabriele Piraino,Genoa,2022-09-19,R32,Challenger main draw,2022,2022-23,Result + serve/return totals,True,True,False,False,False,True,False,False,False,False,0.553,0.0,0.0,0.0,0.0,0.0,0.0,0.0
P0I6:atp:2022/1763/qs012:WB19,Gabriele Piraino,Genoa,2022-09-19,Q2,Challenger qualifying,2022,2022-23,Result + serve/return totals,True,True,False,False,False,True,False,False,False,False,0.336,0.0,0.0,0.0,0.0,0.0,0.0,0.0
P0I6:atp:2022/1763/qs025:V0F0,Gabriele Piraino,Genoa,2022-09-19,Q1,Challenger qualifying,2022,2022-23,Result + serve/return totals,True,True,False,False,False,True,False,False,False,False,0.336,0.0,0.0,0.0,0.0,0.0,0.0,0.0
P0I6:atp:2022/9190/qs016:VA70,Gabriele Piraino,Parma,2022-10-03,Q1,Challenger qualifying,2022,2022-23,Result + serve/return totals,True,True,False,True,False,True,False,False,False,False,0.336,0.0,0.0,0.0,0.0,0.0,0.0,0.0
P0I6:atp:2022/4236/ms021:F0A4,Gabriele Piraino,M25 Santa Margherita di Pula,2022-10-10,R32,ITF main draw,2022,2022-23,"Result, no statistics",True,True,True,False,False,True,False,False,False,False,0.0,0.0,0.0,0.0,0.0,0.0,0.0,0.0
P0I6:atp:2022/4239/ms011:WB19,Gabriele Piraino,M25 Santa Margherita di Pula,2022-10-17,R16,ITF main draw,2022,2022-23,"Result, no statistics",True,True,True,False,False,True,False,False,False,False,0.0,0.0,0.0,0.0,0.0,0.0,0.0,0.0
P0I6:atp:2022/4239/ms022:S0KT,Gabriele Piraino,M25 Santa Margherita di Pula,2022-10-17,R32,ITF main draw,2022,2022-23,"Result, no statistics",True,True,True,False,False,True,False,False,False,False,0.0,0.0,0.0,0.0,0.0,0.0,0.0,0.0
P0I6:atp:2023/8172/ms001:R0EB,Gabriele Piraino,M25 Vila Real de Santo Antonio,2023-02-06,F,ITF main draw,2023,2022-23,"Result, no statistics",True,True,False,False,True,False,False,False,False,False,0.0,0.0,0.0,0.0,0.0,0.0,0.0,0.0
P0I6:atp:2023/8172/ms002:V0B2,Gabriele Piraino,M25 Vila Real de Santo Antonio,2023-02-06,SF,ITF main draw,2023,2022-23,"Result, no statistics",True,True,False,False,True,False,False,False,False,False,0.0,0.0,0.0,0.0,0.0,0.0,0.0,0.0
P0I6:atp:2023/8172/ms004:PI96,Gabriele Piraino,M25 Vila Real de Santo Antonio,2023-02-06,QF,ITF main draw,2023,2022-23,"Result, no statistics",True,True,False,False,True,False,False,False,False,False,0.0,0.0,0.0,0.0,0.0,0.0,0.0,0.0
P0I6:atp:2023/8172/ms009:O482,Gabriele Piraino,M25 Vila Real de Santo Antonio,2023-02-06,R16,ITF main draw,2023,2022-23,"Result, no statistics",True,True,False,False,True,False,False,False,False,False,0.0,0.0,0.0,0.0,0.0,0.0,0.0,0.0
P0I6:atp:2023/8172/ms018:P0LD,Gabriele Piraino,M25 Vila Real de Santo Antonio,2023-02-06,R32,ITF main draw,2023,2022-23,"Result, no statistics",True,True,False,False,True,False,False,False,False,False,0.0,0.0,0.0,0.0,0.0,0.0,0.0,0.0
P0I6:atp:2023/8178/ms018:J476,Gabriele Piraino,M25 Vila Real de Santo Antonio,2023-02-13,R32,ITF main draw,2023,2022-23,"Result, no statistics",True,True,False,False,True,False,False,False,False,False,0.0,0.0,0.0,0.0,0.0,0.0,0.0,0.0
P0I6:atp:2023/8192/ms027:D0L3,Gabriele Piraino,M15 Porec,2023-03-06,R32,ITF main draw,2023,2022-23,"Result, no statistics",True,True,False,False,True,False,False,False,False,False,0.0,0.0,0.0,0.0,0.0,0.0,0.0,0.0
P0I6:atp:2023/8153/ms025:D776,Gabriele Piraino,M25 Palmanova,2023-03-13,R32,ITF main draw,2023,2022-23,"Result, no statistics",True,True,False,False,True,False,True,False,False,False,0.0,0.0,0.0,0.0,0.0,0.0,0.0,0.0
P0I6:atp:2023/8238/ms012:H0CX,Gabriele Piraino,M25 Palmanova,2023-03-20,R16,ITF main draw,2023,2022-23,"Result, no statistics",True,True,True,False,False,True,True,False,False,False,0.0,0.0,0.0,0.0,0.0,0.0,0.0,0.0
P0I6:atp:2023/8238/ms025:P0ID,Gabriele Piraino,M25 Palmanova,2023-03-20,R32,ITF main draw,2023,2022-23,"Result, no statistics",True,True,True,False,False,True,True,False,False,False,0.0,0.0,0.0,0.0,0.0,0.0,0.0,0.0
P0I6:atp:2023/7494/ms030:I0A7,Gabriele Piraino,Barletta,2023-04-03,R32,Challenger main draw,2023,2022-23,Result + serve/return totals,True,True,False,False,False,True,True,False,False,False,0.0,0.0,0.0,0.0,0.0,0.0,0.0,0.0
P0I6:atp:2023/7494/qs009:J400,Gabriele Piraino,Barletta,2023-04-03,Q2,Challenger qualifying,2023,2022-23,Result + serve/return totals,True,True,False,False,False,True,True,False,False,False,0.0,0.0,0.0,0.0,0.0,0.0,0.0,0.0
P0I6:atp:2023/7494/qs019:N897,Gabriele Piraino,Barletta,2023-04-03,Q1,Challenger qualifying,2023,2022-23,Result + serve/return totals,True,True,False,False,False,True,True,False,False,False,0.0,0.0,0.0,0.0,0.0,0.0,0.0,0.0
P0I6:atp:2023/8232/ms026:O482,Gabriele Piraino,M25 Santa Margherita di Pula,2023-04-10,R32,ITF main draw,2023,2022-23,"Result, no statistics",True,True,True,False,False,True,False,False,False,False,0.0,0.0,0.0,0.0,0.0,0.0,0.0,0.0
P0I6:atp:2023/9817/ms021:D0C1,Gabriele Piraino,Roseto Degli Abruzzi,2023-04-17,R32,Challenger main draw,2023,2022-23,Result + serve/return totals,True,True,False,False,False,True,True,False,False,False,0.0,0.0,0.0,0.0,0.0,0.0,0.0,0.0
P0I6:atp:2023/9817/qs011:BU70,Gabriele Piraino,Roseto Degli Abruzzi,2023-04-17,Q2,Challenger qualifying,2023,2022-23,Result + serve/return totals,True,True,False,False,False,True,True,False,False,False,0.0,0.0,0.0,0.0,0.0,0.0,0.0,0.0
P0I6:atp:2023/9817/qs023:DA85,Gabriele Piraino,Roseto Degli Abruzzi,2023-04-17,Q1,Challenger qualifying,2023,2022-23,Result + serve/return totals,True,True,False,False,False,True,True,False,False,False,0.0,0.0,0.0,0.0,0.0,0.0,0.0,0.0
P0I6:atp:2023/2151/ms009:DA86,Gabriele Piraino,Rome,2023-04-24,R16,Challenger main draw,2023,2022-23,Result + serve/return totals,True,True,False,False,False,True,True,False,False,False,0.0,0.0,0.0,0.0,0.0,0.0,0.0,0.0
P0I6:atp:2023/2151/ms018:F840,Gabriele Piraino,Rome,2023-04-24,R32,Challenger main draw,2023,2022-23,Result + serve/return totals,True,True,False,False,False,True,True,False,False,False,0.0,0.0,0.0,0.0,0.0,0.0,0.0,0.0
P0I6:atp:2023/7707/ms022:ML57,Gabriele Piraino,Francavilla al Mare,2023-05-08,R32,Challenger main draw,2023,2022-23,Result + serve/return totals,True,True,False,False,True,False,True,False,False,False,0.0,0.0,0.0,0.0,0.0,0.0,0.0,0.0
P0I6:atp:2023/2863/ms017:BI47,Gabriele Piraino,Turin,2023-05-15,R32,Challenger main draw,2023,2022-23,Result + serve/return totals,True,True,False,False,True,False,True,False,False,False,0.0,0.0,0.0,0.0,0.0,0.0,0.0,0.0
P0I6:atp:2023/7015/ms029:TA12,Gabriele Piraino,Vicenza,2023-05-29,R32,Challenger main draw,2023,2022-23,Result + serve/return totals,True,True,False,False,True,False,True,False,False,False,0.0,0.0,0.0,0.0,0.0,0.0,0.0,0.0
P0I6:atp:2023/4222/ms014:DG80,Gabriele Piraino,M25 Cattolica,2023-06-19,R16,ITF main draw,2023,2022-23,"Result, no statistics",True,True,False,False,True,False,True,False,False,False,0.0,0.0,0.0,0.0,0.0,0.0,0.0,0.0
P0I6:atp:2023/4222/ms028:F0DG,Gabriele Piraino,M25 Cattolica,2023-06-19,R32,ITF main draw,2023,2022-23,"Result, no statistics",True,True,False,False,True,False,True,False,False,False,0.0,0.0,0.0,0.0,0.0,0.0,0.0,0.0
P0I6:atp:2023/2877/qs020:BK19,Gabriele Piraino,Modena,2023-06-26,Q1,Challenger qualifying,2023,2022-23,Result + serve/return totals,True,True,False,False,False,True,True,False,False,False,0.0,0.0,0.0,0.0,0.0,0.0,0.0,0.0
P0I6:atp:2023/3463/qs019:M0EY,Gabriele Piraino,Milan,2023-07-03,Q1,Challenger qualifying,2023,2022-23,Result + serve/return totals,True,True,False,False,False,True,True,False,False,False,0.0,0.0,0.0,0.0,0.0,0.0,0.0,0.0
P0I6:atp:2023/3945/ms025:BE90,Gabriele Piraino,San Benedetto Del Tronto,2023-07-10,R32,Challenger main draw,2023,2022-23,Result + serve/return totals,True,True,False,False,False,True,True,False,False,False,0.0,0.0,0.0,0.0,0.0,0.0,0.0,0.0
P0I6:atp:2023/3945/qs011:PG20,Gabriele Piraino,San Benedetto Del Tronto,2023-07-10,Q2,Challenger qualifying,2023,2022-23,Result + serve/return totals,True,True,False,False,False,True,True,False,False,False,0.0,0.0,0.0,0.0,0.0,0.0,0.0,0.0
P0I6:atp:2023/3945/qs023:R0B6,Gabriele Piraino,San Benedetto Del Tronto,2023-07-10,Q1,Challenger qualifying,2023,2022-23,Result + serve/return totals,True,True,False,False,False,True,True,False,False,False,0.0,0.0,0.0,0.0,0.0,0.0,0.0,0.0
P0I6:atp:2023/9351/ms028:KH56,Gabriele Piraino,Trieste,2023-07-17,R32,Challenger main draw,2023,2022-23,Result + serve/return totals,True,True,False,False,False,True,True,False,False,False,0.0,0.0,0.0,0.0,0.0,0.0,0.0,0.0
P0I6:atp:2023/4180/ms007:M0EN,Gabriele Piraino,M15 Perugia,2023-07-24,QF,ITF main draw,2023,2022-23,"Result, no statistics",True,True,True,False,False,True,True,False,False,False,0.0,0.0,0.0,0.0,0.0,0.0,0.0,0.0
P0I6:atp:2023/4180/ms015:C0C1,Gabriele Piraino,M15 Perugia,2023-07-24,R16,ITF main draw,2023,2022-23,"Result, no statistics",True,True,True,False,False,True,True,False,False,False,0.0,0.0,0.0,0.0,0.0,0.0,0.0,0.0
P0I6:atp:2023/4180/ms031:C0C5,Gabriele Piraino,M15 Perugia,2023-07-24,R32,ITF main draw,2023,2022-23,"Result, no statistics",True,True,True,False,False,True,True,False,False,False,0.0,0.0,0.0,0.0,0.0,0.0,0.0,0.0
P0I6:atp:2023/9540/qs025:DG80,Gabriele Piraino,San Marino,2023-07-31,Q1,Challenger qualifying,2023,2022-23,Result + serve/return totals,True,True,False,False,False,True,True,False,False,False,0.0,0.0,0.0,0.0,0.0,0.0,0.0,0.0
P0I6:atp:2023/8392/qs022:Z246,Gabriele Piraino,Todi,2023-08-14,Q1,Challenger qualifying,2023,2022-23,Result + serve/return totals,True,True,False,False,False,True,True,False,False,False,0.0,0.0,0.0,0.0,0.0,0.0,0.0,0.0
P0I6:atp:2023/9550/qs021:KH77,Gabriele Piraino,Prague 3,2023-08-21,Q1,Challenger qualifying,2023,2022-23,Result + serve/return totals,True,True,False,False,False,True,True,False,False,False,0.0,0.0,0.0,0.0,0.0,0.0,0.0,0.0
P0I6:atp:2023/4392/ms013:S0BA,Gabriele Piraino,M15 Forli,2023-08-28,R16,ITF main draw,2023,2022-23,"Result, no statistics",True,True,False,False,True,False,True,False,False,False,0.0,0.0,0.0,0.0,0.0,0.0,0.0,0.0
P0I6:atp:2023/4392/ms027:B0GI,Gabriele Piraino,M15 Forli,2023-08-28,R32,ITF main draw,2023,2022-23,"Result, no statistics",True,True,True,False,False,True,True,False,False,False,0.0,0.0,0.0,0.0,0.0,0.0,0.0,0.0
P0I6:atp:2023/1763/qs019:C0HV,Gabriele Piraino,Genoa,2023-09-04,Q1,Challenger qualifying,2023,2022-23,Result + serve/return totals,True,True,False,False,True,False,True,False,False,False,0.0,0.0,0.0,0.0,0.0,0.0,0.0,0.0
P0I6:atp:2023/4404/ms002:M0E1,Gabriele Piraino,M25 Santa Margherita di Pula,2023-09-18,SF,ITF main draw,2023,2022-23,"Result, no statistics",True,True,False,False,True,False,False,False,False,False,0.0,0.0,0.0,0.0,0.0,0.0,0.0,0.0
P0I6:atp:2023/4404/ms005:L0DB,Gabriele Piraino,M25 Santa Margherita di Pula,2023-09-18,QF,ITF main draw,2023,2022-23,"Result, no statistics",True,True,False,False,True,False,False,False,False,False,0.0,0.0,0.0,0.0,0.0,0.0,0.0,0.0
P0I6:atp:2023/4404/ms010:S0BA,Gabriele Piraino,M25 Santa Margherita di Pula,2023-09-18,R16,ITF main draw,2023,2022-23,"Result, no statistics",True,True,False,False,True,False,False,False,False,False,0.0,0.0,0.0,0.0,0.0,0.0,0.0,0.0
P0I6:atp:2023/4404/ms020:C0KO,Gabriele Piraino,M25 Santa Margherita di Pula,2023-09-18,R32,ITF main draw,2023,2022-23,"Result, no statistics",True,True,False,False,True,False,False,False,False,False,0.0,0.0,0.0,0.0,0.0,0.0,0.0,0.0
P0I6:atp:2023/4420/ms008:P0B2,Gabriele Piraino,M25 Santa Margherita di Pula,2023-09-25,R16,ITF main draw,2023,2022-23,"Result, no statistics",True,True,False,False,True,False,False,False,False,False,0.0,0.0,0.0,0.0,0.0,0.0,0.0,0.0
P0I6:atp:2023/4420/ms016:O482,Gabriele Piraino,M25 Santa Margherita di Pula,2023-09-25,R32,ITF main draw,2023,2022-23,"Result, no statistics",True,True,False,False,True,False,False,False,False,False,0.0,0.0,0.0,0.0,0.0,0.0,0.0,0.0
P0I6:atp:2023/4438/ms001:S0GZ,Gabriele Piraino,M25 Santa Margherita di Pula,2023-10-02,F,ITF main draw,2023,2022-23,"Result, no statistics",True,True,True,False,False,True,True,False,False,False,0.0,0.0,0.0,0.0,0.0,0.0,0.0,0.0
P0I6:atp:2023/4438/ms002:O482,Gabriele Piraino,M25 Santa Margherita di Pula,2023-10-02,SF,ITF main draw,2023,2022-23,"Result, no statistics",True,True,True,False,False,True,False,False,False,False,0.0,0.0,0.0,0.0,0.0,0.0,0.0,0.0
P0I6:atp:2023/4438/ms005:S0RF,Gabriele Piraino,M25 Santa Margherita di Pula,2023-10-02,QF,ITF main draw,2023,2022-23,"Result, no statistics",True,True,True,False,False,True,False,False,False,False,0.0,0.0,0.0,0.0,0.0,0.0,0.0,0.0
P0I6:atp:2023/4438/ms010:M0IC,Gabriele Piraino,M25 Santa Margherita di Pula,2023-10-02,R16,ITF main draw,2023,2022-23,"Result, no statistics",True,True,True,False,False,True,False,False,False,False,0.0,0.0,0.0,0.0,0.0,0.0,0.0,0.0
P0I6:atp:2023/4438/ms020:R0B6,Gabriele Piraino,M25 Santa Margherita di Pula,2023-10-02,R32,ITF main draw,2023,2022-23,"Result, no statistics",True,True,False,False,True,False,False,False,False,False,0.0,0.0,0.0,0.0,0.0,0.0,0.0,0.0
P0I6:atp:2023/4444/ms019:FC49,Gabriele Piraino,M25 Santa Margherita di Pula,2023-10-09,R32,ITF main draw,2023,2022-23,"Result, no statistics",True,True,True,False,False,True,False,False,False,False,0.0,0.0,0.0,0.0,0.0,0.0,0.0,0.0
P0I6:atp:2023/4453/ms016:RB60,Gabriele Piraino,M25 Santa Margherita di Pula,2023-10-23,R32,ITF main draw,2023,2022-23,"Result, no statistics",True,True,True,False,False,True,False,False,False,False,0.0,0.0,0.0,0.0,0.0,0.0,0.0,0.0
P0I6:atp:2023/8369/ms027:KI48,Gabriele Piraino,M25 Monastir,2023-11-13,R32,ITF main draw,2023,2022-23,"Result, no statistics",True,True,True,False,False,True,False,False,False,False,0.0,0.0,0.0,0.0,0.0,0.0,0.0,0.0
P0I6:atp:2023/4472/ms001:M0EA,Gabriele Piraino,M15 San Gregorio di Catania,2023-11-27,F,ITF main draw,2023,2022-23,"Result, no statistics",True,True,True,False,False,True,False,False,False,False,0.0,0.0,0.0,0.0,0.0,0.0,0.0,0.0
P0I6:atp:2023/4472/ms002:CE25,Gabriele Piraino,M15 San Gregorio di Catania,2023-11-27,SF,ITF main draw,2023,2022-23,"Result, no statistics",True,True,True,False,False,True,True,False,False,False,0.0,0.0,0.0,0.0,0.0,0.0,0.0,0.0
P0I6:atp:2023/4472/ms005:R0HK,Gabriele Piraino,M15 San Gregorio di Catania,2023-11-27,QF,ITF main draw,2023,2022-23,"Result, no statistics",True,True,True,False,False,True,False,False,False,False,0.0,0.0,0.0,0.0,0.0,0.0,0.0,0.0
P0I6:atp:2023/4472/ms010:I09I,Gabriele Piraino,M15 San Gregorio di Catania,2023-11-27,R16,ITF main draw,2023,2022-23,"Result, no statistics",True,True,True,False,False,True,True,False,False,False,0.0,0.0,0.0,0.0,0.0,0.0,0.0,0.0
P0I6:atp:2023/4472/ms020:J540,Gabriele Piraino,M15 San Gregorio di Catania,2023-11-27,R32,ITF main draw,2023,2022-23,"Result, no statistics",True,True,True,False,False,True,True,False,False,False,0.0,0.0,0.0,0.0,0.0,0.0,0.0,0.0
P0I6:atp:2024/4534/ms029:C0P0,Gabriele Piraino,M25 Vila Real de Santo Antonio,2024-02-12,R32,ITF main draw,2024,2024,"Result, no statistics",True,True,False,False,True,False,False,False,False,False,0.0,0.0,0.0,0.0,0.0,0.0,0.0,0.0
P0I6:atp:2024/4543/ms024:DC76,Gabriele Piraino,M25 Vila Real de Santo,2024-02-19,R32,ITF main draw,2024,2024,"Result, no statistics",True,True,False,False,True,False,False,False,False,False,0.0,0.0,0.0,0.0,0.0,0.0,0.0,0.0
P0I6:atp:2024/4555/ms013:G0FW,Gabriele Piraino,M25 Faro,2024-02-26,R16,ITF main draw,2024,2024,"Result, no statistics",True,True,False,False,True,False,False,False,False,False,0.0,0.0,0.0,0.0,0.0,0.0,0.0,0.0
P0I6:atp:2024/4555/ms026:F0CJ,Gabriele Piraino,M25 Faro,2024-02-26,R32,ITF main draw,2024,2024,"Result, no statistics",True,True,False,False,True,False,False,False,False,False,0.0,0.0,0.0,0.0,0.0,0.0,0.0,0.0
P0I6:atp:2024/4582/ms019:K0EU,Gabriele Piraino,M25 Vale de Lobo,2024-03-11,R32,ITF main draw,2024,2024,"Result, no statistics",True,True,False,False,True,False,False,False,False,False,0.0,0.0,0.0,0.0,0.0,0.0,0.0,0.0
P0I6:atp:2024/4598/ms029:SN54,Gabriele Piraino,M25 Loule,2024-03-18,R32,ITF main draw,2024,2024,"Result, no statistics",True,True,True,False,False,True,False,False,False,False,0.0,0.0,0.0,0.0,0.0,0.0,0.0,0.0
P0I6:atp:2024/4609/ms007:R0EB,Gabriele Piraino,M25 Santa Margherita di Pula,2024-03-25,QF,ITF main draw,2024,2024,"Result, no statistics",True,True,True,False,False,True,False,False,False,False,0.0,0.0,0.0,0.0,0.0,0.0,0.0,0.0
P0I6:atp:2024/4609/ms014:CE25,Gabriele Piraino,M25 Santa Margherita di Pula,2024-03-25,R16,ITF main draw,2024,2024,"Result, no statistics",True,True,True,False,False,True,True,False,False,False,0.0,0.0,0.0,0.0,0.0,0.0,0.0,0.0
P0I6:atp:2024/4609/ms029:C0BB,Gabriele Piraino,M25 Santa Margherita di Pula,2024-03-25,R32,ITF main draw,2024,2024,"Result, no statistics",True,True,True,False,False,True,True,False,False,False,0.0,0.0,0.0,0.0,0.0,0.0,0.0,0.0
P0I6:atp:2024/4618/ms029:C0KO,Gabriele Piraino,M25 Santa Margherita di Pula,2024-04-01,R32,ITF main draw,2024,2024,"Result, no statistics",True,True,True,False,False,True,False,False,False,False,0.0,0.0,0.0,0.0,0.0,0.0,0.0,0.0
P0I6:atp:2024/4635/ms001:KI71,Gabriele Piraino,M25 Santa Margherita di Pula,2024-04-15,F,ITF main draw,2024,2024,Missing,True,True,False,False,True,False,False,False,False,False,0.0,0.0,0.0,0.0,0.0,0.0,0.0,0.0
P0I6:atp:2024/4635/ms002:C0BH,Gabriele Piraino,M25 Santa Margherita di Pula,2024-04-15,SF,ITF main draw,2024,2024,Missing,True,True,False,False,True,False,False,False,False,False,0.0,0.0,0.0,0.0,0.0,0.0,0.0,0.0
P0I6:atp:2024/4635/ms005:G0I3,Gabriele Piraino,M25 Santa Margherita di Pula,2024-04-15,QF,ITF main draw,2024,2024,"Result, no statistics",True,True,False,False,True,False,False,False,False,False,0.0,0.0,0.0,0.0,0.0,0.0,0.0,0.0
P0I6:atp:2024/4635/ms010:K0DP,Gabriele Piraino,M25 Santa Margherita di Pula,2024-04-15,R16,ITF main draw,2024,2024,"Result, no statistics",True,True,True,False,False,True,False,False,False,False,0.0,0.0,0.0,0.0,0.0,0.0,0.0,0.0
P0I6:atp:2024/4635/ms021:KG53,Gabriele Piraino,M25 Santa Margherita di Pula,2024-04-15,R32,ITF main draw,2024,2024,"Result, no statistics",True,True,True,False,False,True,False,False,False,False,0.0,0.0,0.0,0.0,0.0,0.0,0.0,0.0
P0I6:atp:2024/4646/ms011:I09N,Gabriele Piraino,M25 Santa Margherita di Pula,2024-04-22,R16,ITF main draw,2024,2024,"Result, no statistics",True,True,False,False,True,False,False,False,False,False,0.0,0.0,0.0,0.0,0.0,0.0,0.0,0.0
P0I6:atp:2024/4646/ms022:KG53,Gabriele Piraino,M25 Santa Margherita di Pula,2024-04-22,R32,ITF main draw,2024,2024,"Result, no statistics",True,True,False,False,True,False,False,False,False,False,0.0,0.0,0.0,0.0,0.0,0.0,0.0,0.0
P0I6:atp:2024/7707/ms004:D0DW,Gabriele Piraino,Francavilla al Mare,2024-05-06,QF,Challenger main draw,2024,2024,Result + serve/return totals,True,True,False,False,True,False,True,False,False,False,0.0,1.0,0.0,0.0,0.0,0.0,0.0,0.0
P0I6:atp:2024/7707/ms009:B0EJ,Gabriele Piraino,Francavilla al Mare,2024-05-06,R16,Challenger main draw,2024,2024,Result + serve/return totals,True,True,False,False,True,False,True,False,False,False,0.0,1.0,0.0,0.0,0.0,0.0,0.0,0.0
P0I6:atp:2024/7707/ms018:Q02L,Gabriele Piraino,Francavilla al Mare,2024-05-06,R32,Challenger main draw,2024,2024,Result + serve/return totals,True,True,False,False,True,False,True,False,False,False,0.0,1.0,0.0,0.0,0.0,0.0,0.0,0.0
P0I6:atp:2024/4724/ms007:M0GY,Gabriele Piraino,M15 Caltanissetta,2024-06-03,QF,ITF main draw,2024,2024,"Result, no statistics",True,True,False,False,True,False,True,False,False,False,0.0,0.0,0.0,0.0,0.0,0.0,0.0,0.0
P0I6:atp:2024/4724/ms015:B0Q9,Gabriele Piraino,M15 Caltanissetta,2024-06-03,R16,ITF main draw,2024,2024,"Result, no statistics",True,True,False,False,True,False,True,False,False,False,0.0,0.0,0.0,0.0,0.0,0.0,0.0,0.0
P0I6:atp:2024/4724/ms031:V0HU,Gabriele Piraino,M15 Caltanissetta,2024-06-03,R32,ITF main draw,2024,2024,"Result, no statistics",True,True,False,False,True,False,True,False,False,False,0.0,0.0,0.0,0.0,0.0,0.0,0.0,0.0
P0I6:atp:2024/9835/qs022:WB19,Gabriele Piraino,Sassuolo,2024-06-17,Q1,Challenger qualifying,2024,2024,Result + serve/return totals,True,True,False,False,True,False,True,False,False,False,0.0,1.0,0.0,0.0,0.0,0.0,0.0,0.0
P0I6:atp:2024/3463/qs023:BI47,Gabriele Piraino,Milan,2024-06-24,Q1,Challenger qualifying,2024,2024,Result + serve/return totals,True,True,False,False,True,False,True,False,False,False,0.0,1.0,0.0,0.0,0.0,0.0,0.0,0.0
P0I6:atp:2024/2877/ms011:PH64,Gabriele Piraino,Modena,2024-07-01,R16,Challenger main draw,2024,2024,Result + serve/return totals,True,True,True,False,False,True,True,False,False,False,0.0,1.0,0.0,0.0,0.0,0.0,0.0,0.0
P0I6:atp:2024/2877/ms022:F0A4,Gabriele Piraino,Modena,2024-07-01,R32,Challenger main draw,2024,2024,Result + serve/return totals,True,True,False,False,True,False,True,False,False,False,0.0,1.0,0.0,0.0,0.0,0.0,0.0,0.0
P0I6:atp:2024/4172/ms011:D0D9,Gabriele Piraino,M25 Padova,2024-07-08,R16,ITF main draw,2024,2024,"Result, no statistics",True,True,True,False,False,True,True,False,False,False,0.0,0.0,0.0,0.0,0.0,0.0,0.0,0.0
P0I6:atp:2024/4172/ms023:S0NO,Gabriele Piraino,M25 Padova,2024-07-08,R32,ITF main draw,2024,2024,"Result, no statistics",True,True,True,False,False,True,True,False,False,False,0.0,0.0,0.0,0.0,0.0,0.0,0.0,0.0
P0I6:atp:2024/472/ms022:D916,Gabriele Piraino,Pozoblanco,2024-07-15,R32,Challenger main draw,2024,2024,Result + serve/return totals,True,True,True,False,False,True,True,False,False,False,0.0,1.0,0.0,0.0,0.0,0.0,0.0,0.0
P0I6:atp:2024/9540/qs023:V821,Gabriele Piraino,San Marino,2024-07-29,Q1,Challenger qualifying,2024,2024,Result + serve/return totals,True,True,True,False,False,True,True,False,False,False,0.0,1.0,0.0,0.0,0.0,0.0,0.0,0.0
P0I6:atp:2024/2120/qs027:C0HV,Gabriele Piraino,Cordenons,2024-08-05,Q1,Challenger qualifying,2024,2024,Result + serve/return totals,True,True,True,False,False,True,True,False,False,False,0.0,1.0,0.0,0.0,0.0,0.0,0.0,0.0
P0I6:atp:2024/8392/ms017:L0C1,Gabriele Piraino,Todi,2024-08-12,R32,Challenger main draw,2024,2024,Result + serve/return totals,True,True,True,False,False,True,True,False,False,False,0.0,1.0,0.0,0.0,0.0,0.0,0.0,0.0
P0I6:atp:2024/4392/ms008:B0VX,Gabriele Piraino,M15 Forli,2024-08-26,R16,ITF main draw,2024,2024,"Result, no statistics",True,True,True,False,False,True,True,False,False,False,0.0,0.0,0.0,0.0,0.0,0.0,0.0,0.0
P0I6:atp:2024/4392/ms016:V0HU,Gabriele Piraino,M15 Forli,2024-08-26,R32,ITF main draw,2024,2024,"Result, no statistics",True,True,True,False,False,True,True,False,False,False,0.0,0.0,0.0,0.0,0.0,0.0,0.0,0.0
P0I6:atp:2024/4793/ms001:E0AC,Gabriele Piraino,M15 Bologna,2024-09-02,F,ITF main draw,2024,2024,"Listed only, no result",True,True,True,False,False,True,True,False,False,False,0.0,0.0,0.0,0.0,0.0,0.0,0.0,0.0
P0I6:atp:2024/4793/ms003:KI71,Gabriele Piraino,M15 Bologna,2024-09-02,SF,ITF main draw,2024,2024,"Result, no statistics",True,True,True,False,False,True,True,False,False,False,0.0,0.0,0.0,0.0,0.0,0.0,0.0,0.0
P0I6:atp:2024/4793/ms007:I09N,Gabriele Piraino,M15 Bologna,2024-09-02,QF,ITF main draw,2024,2024,"Result, no statistics",False,False,False,False,False,True,False,False,False,False,0.0,0.0,0.0,0.0,0.0,0.0,0.0,0.0
P0I6:atp:2024/4793/ms015:DA85,Gabriele Piraino,M15 Bologna,2024-09-02,R16,ITF main draw,2024,2024,"Result, no statistics",True,True,True,False,False,True,True,False,False,False,0.0,0.0,0.0,0.0,0.0,0.0,0.0,0.0
P0I6:atp:2024/4793/ms031:D0DY,Gabriele Piraino,M15 Bologna,2024-09-02,R32,ITF main draw,2024,2024,"Result, no statistics",True,True,True,False,False,True,True,False,False,False,0.0,0.0,0.0,0.0,0.0,0.0,0.0,0.0
P0I6:atp:2024/4404/ms004:G0EU,Gabriele Piraino,M25 Santa Margherita di Pula,2024-09-16,QF,ITF main draw,2024,2024,"Result, no statistics",True,True,True,False,False,True,False,False,False,False,0.0,0.0,0.0,0.0,0.0,0.0,0.0,0.0
P0I6:atp:2024/4404/ms009:L0DB,Gabriele Piraino,M25 Santa Margherita di Pula,2024-09-16,R16,ITF main draw,2024,2024,"Result, no statistics",True,True,True,False,False,True,False,False,False,False,0.0,0.0,0.0,0.0,0.0,0.0,0.0,0.0
P0I6:atp:2024/4404/ms019:O0BG,Gabriele Piraino,M25 Santa Margherita di Pula,2024-09-16,R32,ITF main draw,2024,2024,"Result, no statistics",True,True,True,False,False,True,False,False,False,False,0.0,0.0,0.0,0.0,0.0,0.0,0.0,0.0
P0I6:atp:2024/4420/ms030:D0JZ,Gabriele Piraino,M25 Santa Margherita di Pula,2024-09-23,R32,ITF main draw,2024,2024,"Result, no statistics",True,True,True,False,False,True,False,False,False,False,0.0,0.0,0.0,0.0,0.0,0.0,0.0,0.0
P0I6:atp:2024/4438/ms002:C0NN,Gabriele Piraino,M25 Santa Margherita di Pula,2024-09-30,SF,ITF main draw,2024,2024,"Result, no statistics",True,True,False,False,True,False,False,False,False,False,0.0,0.0,0.0,0.0,0.0,0.0,0.0,0.0
P0I6:atp:2024/4438/ms004:O639,Gabriele Piraino,M25 Santa Margherita di Pula,2024-09-30,QF,ITF main draw,2024,2024,"Result, no statistics",True,True,False,False,True,False,False,False,False,False,0.0,0.0,0.0,0.0,0.0,0.0,0.0,0.0
P0I6:atp:2024/4438/ms009:B0F0,Gabriele Piraino,M25 Santa Margherita di Pula,2024-09-30,R16,ITF main draw,2024,2024,"Result, no statistics",True,True,False,False,True,False,False,False,False,False,0.0,0.0,0.0,0.0,0.0,0.0,0.0,0.0
P0I6:atp:2024/4438/ms019:D0JZ,Gabriele Piraino,M25 Santa Margherita di Pula,2024-09-30,R32,ITF main draw,2024,2024,"Result, no statistics",True,True,False,False,True,False,False,False,False,False,0.0,0.0,0.0,0.0,0.0,0.0,0.0,0.0
P0I6:atp:2024/4444/ms026:C0NN,Gabriele Piraino,M25 Santa Margherita di Pula,2024-10-07,R32,ITF main draw,2024,2024,"Result, no statistics",True,True,False,False,True,False,False,False,False,False,0.0,0.0,0.0,0.0,0.0,0.0,0.0,0.0
P0I6:atp:2024/4448/ms018:M0RO,Gabriele Piraino,M25 Santa Margherita di Pula,2024-10-14,R32,ITF main draw,2024,2024,"Result, no statistics",True,True,False,False,True,False,False,False,False,False,0.0,0.0,0.0,0.0,0.0,0.0,0.0,0.0
P0I6:atp:2024/4453/ms011:S0CG,Gabriele Piraino,M25 Santa Margherita di Pula,2024-10-21,R16,ITF main draw,2024,2024,"Result, no statistics",True,True,False,False,True,False,False,False,False,False,0.0,0.0,0.0,0.0,0.0,0.0,0.0,0.0
P0I6:atp:2024/4453/ms022:T0H5,Gabriele Piraino,M25 Santa Margherita di Pula,2024-10-21,R32,ITF main draw,2024,2024,"Result, no statistics",True,True,False,False,True,False,False,False,False,False,0.0,0.0,0.0,0.0,0.0,0.0,0.0,0.0
P0I6:atp:2024/4472/ms001:C0NN,Gabriele Piraino,M15 San Gregorio di Catania,2024-11-04,F,ITF main draw,2024,2024,"Result, no statistics",True,True,True,False,False,True,True,False,False,False,0.0,0.0,0.0,0.0,0.0,0.0,0.0,0.0
P0I6:atp:2024/4472/ms003:KI71,Gabriele Piraino,M15 San Gregorio di Catania,2024-11-04,SF,ITF main draw,2024,2024,"Result, no statistics",False,False,False,False,False,True,False,False,False,False,0.0,0.0,0.0,0.0,0.0,0.0,0.0,0.0
P0I6:atp:2024/4472/ms007:GA79,Gabriele Piraino,M15 San Gregorio di Catania,2024-11-04,QF,ITF main draw,2024,2024,"Result, no statistics",True,True,True,False,False,True,False,False,False,False,0.0,0.0,0.0,0.0,0.0,0.0,0.0,0.0
P0I6:atp:2024/4472/ms014:L0DB,Gabriele Piraino,M15 San Gregorio di Catania,2024-11-04,R16,ITF main draw,2024,2024,"Result, no statistics",True,True,False,False,True,False,True,False,False,False,0.0,0.0,0.0,0.0,0.0,0.0,0.0,0.0
P0I6:atp:2024/4472/ms028:C0C1,Gabriele Piraino,M15 San Gregorio di Catania,2024-11-04,R32,ITF main draw,2024,2024,"Result, no statistics",True,True,False,False,True,False,True,False,False,False,0.0,0.0,0.0,0.0,0.0,0.0,0.0,0.0
P0I6:atp:2024/4881/ms020:T0CU,Gabriele Piraino,M15 San Gregorio di Catania,2024-11-11,R32,ITF main draw,2024,2024,"Result, no statistics",True,True,True,False,False,True,False,False,False,False,0.0,0.0,0.0,0.0,0.0,0.0,0.0,0.0
P0I6:atp:2025/8155/ms001:F0F4,Gabriele Piraino,M15 Antalya,2025-01-20,F,ITF main draw,2025,2025-26,Result + serve/return totals,True,True,False,False,False,True,True,False,False,False,0.0,0.0,0.0,1.0,0.0,0.0,0.0,0.0
P0I6:atp:2025/8155/ms003:BE67,Gabriele Piraino,M15 Antalya,2025-01-20,SF,ITF main draw,2025,2025-26,Result + serve/return totals,True,True,False,False,False,True,True,False,False,False,0.0,0.0,0.0,1.0,0.0,0.0,0.0,0.0
P0I6:atp:2025/8155/ms007:P0J1,Gabriele Piraino,M15 Antalya,2025-01-20,QF,ITF main draw,2025,2025-26,"Listed only, no result",True,True,False,False,False,True,True,False,False,False,0.0,0.0,0.0,1.0,0.0,0.0,0.0,0.0
P0I6:atp:2025/8155/ms014:A0G8,Gabriele Piraino,M15 Antalya,2025-01-20,R16,ITF main draw,2025,2025-26,"Listed only, no result",True,True,False,False,False,True,True,False,False,False,0.0,0.0,0.0,1.0,0.0,0.0,0.0,0.0
P0I6:atp:2025/8155/ms028:V993,Gabriele Piraino,M15 Antalya,2025-01-20,R32,ITF main draw,2025,2025-26,"Listed only, no result",True,True,False,False,False,True,True,False,False,False,0.0,0.0,0.0,1.0,0.0,0.0,0.0,0.0
P0I6:atp:2025/4486/ms023:P0G5,Gabriele Piraino,M25 Antalya,2025-01-27,R32,ITF main draw,2025,2025-26,Result + serve/return totals,True,True,False,False,False,True,True,False,False,False,0.0,0.0,0.0,1.0,0.0,0.0,0.0,0.0
P0I6:atp:2025/4502/ms003:M0E1,Gabriele Piraino,M25 Antalya,2025-02-03,SF,ITF main draw,2025,2025-26,Result + serve/return totals,True,True,False,False,False,True,True,False,False,False,0.0,0.0,0.0,1.0,0.0,0.0,0.0,0.0
P0I6:atp:2025/4502/ms007:S0LR,Gabriele Piraino,M25 Antalya,2025-02-03,QF,ITF main draw,2025,2025-26,Result + serve/return totals,True,True,False,True,False,True,True,False,False,False,0.0,0.0,0.0,1.0,0.0,0.0,0.0,0.0
P0I6:atp:2025/4502/ms015:P0AY,Gabriele Piraino,M25 Antalya,2025-02-03,R16,ITF main draw,2025,2025-26,Result + serve/return totals,True,True,False,False,False,True,True,False,False,False,0.0,0.0,0.0,1.0,0.0,0.0,0.0,0.0
P0I6:atp:2025/4502/ms030:L0GW,Gabriele Piraino,M25 Antalya,2025-02-03,R32,ITF main draw,2025,2025-26,Result + serve/return totals,True,True,False,False,False,True,True,False,False,False,0.0,0.0,0.0,1.0,0.0,0.0,0.0,0.0
P0I6:atp:2025/4918/ms005:L0C1,Gabriele Piraino,M15 Valencia,2025-02-10,QF,ITF main draw,2025,2025-26,Result + serve/return totals,True,True,False,False,False,True,True,False,False,False,0.0,0.0,0.0,1.0,0.0,0.0,0.0,0.0
P0I6:atp:2025/4918/ms010:L0AT,Gabriele Piraino,M15 Valencia,2025-02-10,R16,ITF main draw,2025,2025-26,Result + serve/return totals,True,True,False,False,False,True,True,False,False,False,0.0,0.0,0.0,1.0,0.0,0.0,0.0,0.0
P0I6:atp:2025/4918/ms020:C0OI,Gabriele Piraino,M15 Valencia,2025-02-10,R32,ITF main draw,2025,2025-26,Result + serve/return totals,True,True,False,False,False,True,True,False,False,False,0.0,0.0,0.0,1.0,0.0,0.0,0.0,0.0
P0I6:atp:2025/4552/ms020:M0GB,Gabriele Piraino,M15 Villena,2025-02-24,R32,ITF main draw,2025,2025-26,Result + serve/return totals,True,True,False,False,False,True,True,False,False,False,0.0,0.0,0.0,1.0,0.0,0.0,0.0,0.0
P0I6:atp:2025/4613/ms007:F0A3,Gabriele Piraino,M15 Antalya,2025-03-24,QF,ITF main draw,2025,2025-26,Result + serve/return totals,True,True,False,False,False,True,True,False,False,False,0.0,0.0,0.0,1.0,0.0,0.0,0.0,0.0
P0I6:atp:2025/4613/ms015:M0NU,Gabriele Piraino,M15 Antalya,2025-03-24,R16,ITF main draw,2025,2025-26,Result + serve/return totals,True,True,False,True,False,True,True,False,False,False,0.0,0.0,0.0,1.0,0.0,0.0,0.0,0.0
P0I6:atp:2025/4613/ms031:A0F7,Gabriele Piraino,M15 Antalya,2025-03-24,R32,ITF main draw,2025,2025-26,Result + serve/return totals,True,True,False,False,False,True,True,False,False,False,0.0,0.0,0.0,1.0,0.0,0.0,0.0,0.0
P0I6:atp:2025/4646/ms001:A0EA,Gabriele Piraino,M25 Santa Margherita di Pula,2025-04-21,F,ITF main draw,2025,2025-26,Result + serve/return totals,True,True,False,False,True,False,True,False,False,False,0.0,0.0,0.0,1.0,0.0,0.0,0.0,0.0
P0I6:atp:2025/4646/ms002:B0PE,Gabriele Piraino,M25 Santa Margherita di Pula,2025-04-21,SF,ITF main draw,2025,2025-26,Result + serve/return totals,True,True,False,False,True,False,True,False,False,False,0.0,0.0,0.0,1.0,0.0,0.0,0.0,0.0
P0I6:atp:2025/4646/ms004:CI14,Gabriele Piraino,M25 Santa Margherita di Pula,2025-04-21,QF,ITF main draw,2025,2025-26,Result + serve/return totals,True,True,False,False,True,False,False,False,False,False,0.0,0.0,0.0,1.0,0.0,0.0,0.0,0.0
P0I6:atp:2025/4646/ms009:P0DR,Gabriele Piraino,M25 Santa Margherita di Pula,2025-04-21,R16,ITF main draw,2025,2025-26,Result + serve/return totals,True,True,False,False,True,False,True,False,False,False,0.0,0.0,0.0,1.0,0.0,0.0,0.0,0.0
P0I6:atp:2025/4646/ms018:F0CJ,Gabriele Piraino,M25 Santa Margherita di Pula,2025-04-21,R32,ITF main draw,2025,2025-26,Result + serve/return totals,True,True,False,False,True,False,True,False,False,False,0.0,0.0,0.0,1.0,0.0,0.0,0.0,0.0
P0I6:atp:2025/416/qs048:T0AP,Gabriele Piraino,ATP Masters 1000 Rome,2025-05-05,Q1,Tour qualifying,2025,2025-26,Result + serve/return totals,True,True,False,False,True,False,True,False,False,False,0.0,1.0,1.0,0.0,0.0,0.0,0.0,1.0
P0I6:atp:2025/4696/ms004:BU10,Gabriele Piraino,M25 Cervia,2025-05-19,QF,ITF main draw,2025,2025-26,Result + serve/return totals,True,True,False,False,True,False,True,False,False,False,0.0,0.0,0.0,1.0,0.0,0.0,0.0,0.0
P0I6:atp:2025/4696/ms009:G0EU,Gabriele Piraino,M25 Cervia,2025-05-19,R16,ITF main draw,2025,2025-26,Result + serve/return totals,True,True,False,False,True,False,True,False,False,False,0.0,0.0,0.0,1.0,0.0,0.0,0.0,0.0
P0I6:atp:2025/4696/ms019:I09N,Gabriele Piraino,M25 Cervia,2025-05-19,R32,ITF main draw,2025,2025-26,Result + serve/return totals,True,True,False,False,True,False,True,False,False,False,0.0,0.0,0.0,1.0,0.0,0.0,0.0,0.0
P0I6:atp:2025/7015/qs023:S0WT,Gabriele Piraino,Vicenza,2025-05-26,Q1,Challenger qualifying,2025,2025-26,Result + serve/return totals,True,True,True,False,False,True,True,False,False,False,0.0,1.0,1.0,0.0,0.0,0.0,0.0,0.0
P0I6:atp:2025/4724/ms008:M0EN,Gabriele Piraino,M15 Caltanissetta,2025-06-02,R16,ITF main draw,2025,2025-26,"Listed only, no result",True,True,False,False,False,True,True,False,False,False,0.0,0.0,0.0,1.0,0.0,0.0,0.0,0.0
P0I6:atp:2025/4724/ms016:P0OH,Gabriele Piraino,M15 Caltanissetta,2025-06-02,R32,ITF main draw,2025,2025-26,"Listed only, no result",True,True,False,False,False,True,True,False,False,False,0.0,0.0,0.0,1.0,0.0,0.0,0.0,0.0
P0I6:atp:2025/9001/ms016:PH64,Gabriele Piraino,Perugia,2025-06-09,R32,Challenger main draw,2025,2025-26,Result + serve/return totals,True,True,True,False,False,True,True,False,False,False,0.0,1.0,1.0,0.0,0.0,0.0,0.0,0.0
P0I6:atp:2025/9001/qs013:R0HP,Gabriele Piraino,Perugia,2025-06-09,Q2,Challenger qualifying,2025,2025-26,Result + serve/return totals,True,True,True,False,False,True,True,False,False,False,0.0,1.0,1.0,0.0,0.0,0.0,0.0,0.0
P0I6:atp:2025/9001/qs027:GH33,Gabriele Piraino,Perugia,2025-06-09,Q1,Challenger qualifying,2025,2025-26,Result + serve/return totals,True,True,True,False,False,True,True,False,False,False,0.0,1.0,1.0,0.0,0.0,0.0,0.0,0.0
P0I6:atp:2025/9835/qs023:CF01,Gabriele Piraino,Sassuolo,2025-06-16,Q1,Challenger qualifying,2025,2025-26,Result + serve/return totals,True,True,True,False,False,True,True,False,False,False,0.0,1.0,1.0,0.0,0.0,0.0,0.0,0.0
P0I6:atp:2025/3463/ms016:P0HW,Gabriele Piraino,Milan,2025-06-23,R32,Challenger main draw,2025,2025-26,Result + serve/return totals,True,True,True,False,False,True,True,False,False,False,0.0,1.0,1.0,0.0,0.0,0.0,0.0,0.0
P0I6:atp:2025/2877/qs027:K0EU,Gabriele Piraino,Modena,2025-06-30,Q1,Challenger qualifying,2025,2025-26,Result + serve/return totals,True,True,True,False,False,True,True,False,False,False,0.0,1.0,1.0,0.0,0.0,0.0,0.0,0.0
P0I6:atp:2025/9868/ms001:M0NX,Gabriele Piraino,M15 Gubbio,2025-07-14,F,ITF main draw,2025,2025-26,Result + serve/return totals,True,True,False,False,False,True,False,False,False,False,0.0,0.0,0.0,1.0,0.0,0.0,0.0,0.0
P0I6:atp:2025/9868/ms003:P0HY,Gabriele Piraino,M15 Gubbio,2025-07-14,SF,ITF main draw,2025,2025-26,Result + serve/return totals,True,True,False,False,False,True,False,False,False,False,0.0,0.0,0.0,1.0,0.0,0.0,0.0,0.0
P0I6:atp:2025/9868/ms007:R0JW,Gabriele Piraino,M15 Gubbio,2025-07-14,QF,ITF main draw,2025,2025-26,Result + serve/return totals,True,True,False,False,False,True,False,False,False,False,0.0,0.0,0.0,1.0,0.0,0.0,0.0,0.0
P0I6:atp:2025/9868/ms015:L0G4,Gabriele Piraino,M15 Gubbio,2025-07-14,R16,ITF main draw,2025,2025-26,Result + serve/return totals,True,True,False,True,False,True,False,False,False,False,0.0,0.0,0.0,1.0,0.0,0.0,0.0,0.0
P0I6:atp:2025/9868/ms031:B0QK,Gabriele Piraino,M15 Gubbio,2025-07-14,R32,ITF main draw,2025,2025-26,"Result, no statistics",True,True,False,False,False,True,False,False,False,False,0.0,0.0,0.0,1.0,0.0,0.0,0.0,0.0
P0I6:atp:2025/4372/ms001:P0MG,Gabriele Piraino,M25 Wetzlar,2025-07-28,F,ITF main draw,2025,2025-26,Result + serve/return totals,True,True,False,False,False,True,True,False,False,False,0.0,0.0,0.0,1.0,0.0,0.0,0.0,0.0
P0I6:atp:2025/4372/ms002:C0B2,Gabriele Piraino,M25 Wetzlar,2025-07-28,SF,ITF main draw,2025,2025-26,Result + serve/return totals,True,True,False,False,False,True,True,False,False,False,0.0,0.0,0.0,1.0,0.0,0.0,0.0,0.0
P0I6:atp:2025/4372/ms005:L0AT,Gabriele Piraino,M25 Wetzlar,2025-07-28,QF,ITF main draw,2025,2025-26,Result + serve/return totals,True,True,False,True,False,True,True,False,False,False,0.0,0.0,0.0,1.0,0.0,0.0,0.0,0.0
P0I6:atp:2025/4372/ms011:M0V7,Gabriele Piraino,M25 Wetzlar,2025-07-28,R16,ITF main draw,2025,2025-26,Result + serve/return totals,True,True,False,False,False,True,True,False,False,False,0.0,0.0,0.0,1.0,0.0,0.0,0.0,0.0
P0I6:atp:2025/4372/ms023:M0NO,Gabriele Piraino,M25 Wetzlar,2025-07-28,R32,ITF main draw,2025,2025-26,Result + serve/return totals,True,True,False,False,False,True,True,False,False,False,0.0,0.0,0.0,1.0,0.0,0.0,0.0,0.0
P0I6:atp:2025/2120/ms010:N0CS,Gabriele Piraino,Cordenons,2025-08-04,R16,Challenger main draw,2025,2025-26,Result + serve/return totals,True,True,True,False,False,True,True,False,False,False,0.0,1.0,1.0,0.0,0.0,0.0,0.0,0.0
P0I6:atp:2025/2120/ms021:SO20,Gabriele Piraino,Cordenons,2025-08-04,R32,Challenger main draw,2025,2025-26,Result + serve/return totals,True,True,True,False,False,True,True,False,False,False,0.0,1.0,1.0,0.0,0.0,0.0,0.0,0.0
P0I6:atp:2025/1763/qs008:C0BB,Gabriele Piraino,Genoa,2025-09-01,Q2,Challenger qualifying,2025,2025-26,Result + serve/return totals,True,True,False,False,True,False,True,False,False,False,0.0,1.0,1.0,0.0,0.0,0.0,0.0,0.0
P0I6:atp:2025/1763/qs016:R0HK,Gabriele Piraino,Genoa,2025-09-01,Q1,Challenger qualifying,2025,2025-26,Result + serve/return totals,True,True,True,False,False,True,True,False,False,False,0.0,1.0,1.0,0.0,0.0,0.0,0.0,0.0
P0I6:atp:2025/7085/ms025:S0GV,Gabriele Piraino,Biella,2025-09-08,R32,Challenger main draw,2025,2025-26,Result + serve/return totals,True,True,False,False,True,False,True,False,False,False,0.0,1.0,1.0,0.0,0.0,0.0,0.0,0.0
P0I6:atp:2025/2891/ms010:KH56,Gabriele Piraino,Bad Waltersdorf,2025-09-15,R16,Challenger main draw,2025,2025-26,Result + serve/return totals,True,True,False,False,True,False,True,False,False,False,0.0,1.0,1.0,0.0,0.0,0.0,0.0,0.0
P0I6:atp:2025/2891/ms020:T0A1,Gabriele Piraino,Bad Waltersdorf,2025-09-15,R32,Challenger main draw,2025,2025-26,Result + serve/return totals,True,True,False,False,True,False,True,False,False,False,0.0,1.0,1.0,0.0,0.0,0.0,0.0,0.0
P0I6:atp:2025/2891/qs013:DB59,Gabriele Piraino,Bad Waltersdorf,2025-09-15,Q2,Challenger qualifying,2025,2025-26,Result + serve/return totals,True,True,False,False,True,False,True,False,False,False,0.0,1.0,1.0,0.0,0.0,0.0,0.0,0.0
P0I6:atp:2025/2891/qs026:R0AY,Gabriele Piraino,Bad Waltersdorf,2025-09-15,Q1,Challenger qualifying,2025,2025-26,Result + serve/return totals,True,True,False,False,True,False,True,False,False,False,0.0,1.0,1.0,0.0,0.0,0.0,0.0,0.0
P0I6:atp:2025/4444/ms003:R0JW,Gabriele Piraino,M25 Santa Margherita di Pula,2025-09-29,SF,ITF main draw,2025,2025-26,Result + serve/return totals,True,True,False,False,False,True,True,False,False,False,0.0,0.0,0.0,1.0,0.0,0.0,0.0,0.0
P0I6:atp:2025/4444/ms006:WB19,Gabriele Piraino,M25 Santa Margherita di Pula,2025-09-29,QF,ITF main draw,2025,2025-26,Result + serve/return totals,True,True,False,False,False,True,True,False,False,False,0.0,0.0,0.0,1.0,0.0,0.0,0.0,0.0
P0I6:atp:2025/4444/ms013:S0QZ,Gabriele Piraino,M25 Santa Margherita di Pula,2025-09-29,R16,ITF main draw,2025,2025-26,Result + serve/return totals,True,True,False,False,True,False,True,False,False,False,0.0,0.0,0.0,1.0,0.0,0.0,0.0,0.0
P0I6:atp:2025/4444/ms027:P0O9,Gabriele Piraino,M25 Santa Margherita di Pula,2025-09-29,R32,ITF main draw,2025,2025-26,Result + serve/return totals,True,True,False,False,True,False,True,False,False,False,0.0,0.0,0.0,1.0,0.0,0.0,0.0,0.0
P0I6:atp:2025/4448/ms005:G0I3,Gabriele Piraino,M25 Santa Margherita di Pula,2025-10-06,QF,ITF main draw,2025,2025-26,Result + serve/return totals,True,True,False,False,False,True,True,False,False,False,0.0,0.0,0.0,1.0,0.0,0.0,0.0,0.0
P0I6:atp:2025/4448/ms010:A0OE,Gabriele Piraino,M25 Santa Margherita di Pula,2025-10-06,R16,ITF main draw,2025,2025-26,Result + serve/return totals,True,True,False,False,False,True,True,False,False,False,0.0,0.0,0.0,1.0,0.0,0.0,0.0,0.0
P0I6:atp:2025/4448/ms020:C0C1,Gabriele Piraino,M25 Santa Margherita di Pula,2025-10-06,R32,ITF main draw,2025,2025-26,Result + serve/return totals,True,True,False,False,False,True,True,False,False,False,0.0,0.0,0.0,1.0,0.0,0.0,0.0,0.0
P0I6:atp:2025/2955/ms005:C0NN,Gabriele Piraino,Montemar,2025-11-17,QF,Challenger main draw,2025,2025-26,Result + serve/return totals,True,True,True,False,False,True,True,False,False,False,0.0,1.0,1.0,0.0,0.0,0.0,0.0,0.0
P0I6:atp:2025/2955/ms010:M0N7,Gabriele Piraino,Montemar,2025-11-17,R16,Challenger main draw,2025,2025-26,Result + serve/return totals,True,True,True,False,False,True,True,False,False,False,0.0,1.0,1.0,0.0,0.0,0.0,0.0,0.0
P0I6:atp:2025/2955/ms021:B0LN,Gabriele Piraino,Montemar,2025-11-17,R32,Challenger main draw,2025,2025-26,Result + serve/return totals,True,True,True,False,False,True,True,False,False,False,0.0,1.0,1.0,0.0,0.0,0.0,0.0,0.0
P0I6:atp:2026/8141/ms010:TD47,Gabriele Piraino,M25 Antalya,2026-01-05,R16,ITF main draw,2026,2025-26,Result + serve/return totals,True,True,False,False,False,True,True,False,False,False,0.0,0.0,0.0,1.0,0.0,0.0,0.0,0.0
P0I6:atp:2026/8141/ms020:S1FX,Gabriele Piraino,M25 Antalya,2026-01-05,R32,ITF main draw,2026,2025-26,Result + serve/return totals,True,True,False,False,False,True,True,False,False,False,0.0,0.0,0.0,1.0,0.0,0.0,0.0,0.0
P0I6:atp:2026/8150/ms013:O0AI,Gabriele Piraino,M25 Antalya,2026-01-12,R16,ITF main draw,2026,2025-26,Result + serve/return totals,True,True,False,False,False,True,True,False,False,False,0.0,0.0,0.0,1.0,0.0,0.0,0.0,0.0
P0I6:atp:2026/8150/ms027:M0EN,Gabriele Piraino,M25 Antalya,2026-01-12,R32,ITF main draw,2026,2025-26,Result + serve/return totals,True,True,False,False,False,True,True,False,False,False,0.0,0.0,0.0,1.0,0.0,0.0,0.0,0.0
P0I6:atp:2026/8155/ms012:H0HC,Gabriele Piraino,M25 Antalya,2026-01-19,R16,ITF main draw,2026,2025-26,Missing,True,True,False,False,False,True,False,False,False,False,0.0,0.0,0.0,1.0,0.0,0.0,0.0,0.0
P0I6:atp:2026/8155/ms024:W0F8,Gabriele Piraino,M25 Antalya,2026-01-19,R32,ITF main draw,2026,2025-26,"Listed only, no result",True,True,False,False,False,True,True,False,False,False,0.0,0.0,0.0,1.0,0.0,0.0,0.0,0.0
P0I6:atp:2026/9623/ms013:TA12,Gabriele Piraino,Tenerife 1,2026-02-02,R16,Challenger main draw,2026,2025-26,Result + serve/return totals,True,True,True,False,False,True,True,False,False,False,0.0,1.0,1.0,0.0,0.0,0.0,0.0,0.0
P0I6:atp:2026/9623/ms026:K0E6,Gabriele Piraino,Tenerife 1,2026-02-02,R32,Challenger main draw,2026,2025-26,Result + serve/return totals,True,True,True,False,False,True,False,False,False,False,0.0,1.0,1.0,0.0,0.0,0.0,0.0,0.0
P0I6:atp:2026/2839/ms028:HG86,Gabriele Piraino,Tenerife 2,2026-02-09,R32,Challenger main draw,2026,2025-26,Result + serve/return totals,True,True,True,False,False,True,True,False,False,False,0.0,1.0,1.0,0.0,0.0,0.0,0.0,0.0
P0I6:atp:2026/2839/qs008:B0OU,Gabriele Piraino,Tenerife 2,2026-02-09,Q2,Challenger qualifying,2026,2025-26,Result + serve/return totals,True,True,True,False,False,True,True,False,False,False,0.0,1.0,1.0,0.0,0.0,0.0,0.0,0.0
P0I6:atp:2026/2839/qs017:K0HB,Gabriele Piraino,Tenerife 2,2026-02-09,Q1,Challenger qualifying,2026,2025-26,Result + serve/return totals,True,True,True,False,False,True,True,False,False,False,0.0,1.0,1.0,0.0,0.0,0.0,0.0,0.0
P0I6:atp:2026/9516/ms026:GE28,Gabriele Piraino,Lugano,2026-02-23,R32,Challenger main draw,2026,2025-26,Result + serve/return totals,True,True,False,False,True,False,True,False,False,False,0.0,1.0,1.0,0.0,0.0,0.0,0.0,0.0
P0I6:atp:2026/9516/qs010:N0CJ,Gabriele Piraino,Lugano,2026-02-23,Q2,Challenger qualifying,2026,2025-26,Result + serve/return totals,True,True,False,False,True,False,True,False,False,False,0.0,1.0,1.0,0.0,0.0,0.0,0.0,0.0
P0I6:atp:2026/9516/qs020:O0BE,Gabriele Piraino,Lugano,2026-02-23,Q1,Challenger qualifying,2026,2025-26,Result + serve/return totals,True,True,False,False,True,False,True,False,False,False,0.0,1.0,1.0,0.0,0.0,0.0,0.0,0.0
P0I6:atp:2026/2983/ms028:X01C,Gabriele Piraino,Hersonissos 1,2026-03-02,R32,Challenger main draw,2026,2025-26,Result + serve/return totals,True,True,False,False,True,False,True,False,False,False,0.0,1.0,1.0,0.0,0.0,0.0,0.0,0.0
P0I6:atp:2026/2983/qs010:F0BP,Gabriele Piraino,Hersonissos 1,2026-03-02,Q2,Challenger qualifying,2026,2025-26,Result + serve/return totals,True,True,False,False,True,False,True,False,False,False,0.0,1.0,1.0,0.0,0.0,0.0,0.0,0.0
P0I6:atp:2026/2983/qs020:A0C5,Gabriele Piraino,Hersonissos 1,2026-03-02,Q1,Challenger qualifying,2026,2025-26,Result + serve/return totals,True,True,False,False,True,False,True,False,False,False,0.0,1.0,1.0,0.0,0.0,0.0,0.0,0.0
P0I6:atp:2026/2985/ms027:CG33,Gabriele Piraino,Hersonissos 2,2026-03-09,R32,Challenger main draw,2026,2025-26,Result + serve/return totals,True,True,False,False,True,False,True,False,False,False,0.0,1.0,1.0,0.0,0.0,0.0,0.0,0.0
P0I6:atp:2026/2911/ms030:C0NB,Gabriele Piraino,Naples,2026-03-23,R32,Challenger main draw,2026,2025-26,Result + serve/return totals,True,True,False,False,True,False,False,False,False,False,0.0,1.0,1.0,0.0,0.0,0.0,0.0,0.0
P0I6:atp:2026/7494/qs009:LC12,Gabriele Piraino,Barletta,2026-03-30,Q2,Challenger qualifying,2026,2025-26,"Listed only, no result",True,True,False,False,True,False,True,False,False,False,0.0,1.0,1.0,0.0,0.0,0.0,0.0,0.0
P0I6:atp:2026/7494/qs018:V0KL,Gabriele Piraino,Barletta,2026-03-30,Q1,Challenger qualifying,2026,2025-26,"Listed only, no result",True,True,False,False,True,False,True,False,False,False,0.0,1.0,1.0,0.0,0.0,0.0,0.0,0.0
P0I6:atp:2026/7707/ms018:K0FY,Gabriele Piraino,Francavilla al Mare,2026-05-04,R32,Challenger main draw,2026,2025-26,Result + serve/return totals,True,True,True,False,False,True,True,False,False,False,0.0,1.0,1.0,0.0,0.0,0.0,0.0,0.0
P0I6:atp:2026/4675/ms001:G0A0,Gabriele Piraino,M25 Reggio Emilia,2026-05-11,F,ITF main draw,2026,2025-26,Result + serve/return totals,True,True,False,False,False,True,False,False,False,False,0.0,0.0,0.0,1.0,0.0,0.0,0.0,0.0
P0I6:atp:2026/4675/ms003:M0EN,Gabriele Piraino,M25 Reggio Emilia,2026-05-11,SF,ITF main draw,2026,2025-26,Result + serve/return totals,True,True,False,False,False,True,True,False,False,False,0.0,0.0,0.0,1.0,0.0,0.0,0.0,0.0
P0I6:atp:2026/4675/ms007:B0PE,Gabriele Piraino,M25 Reggio Emilia,2026-05-11,QF,ITF main draw,2026,2025-26,Result + serve/return totals,True,True,False,False,False,True,True,False,False,False,0.0,0.0,0.0,1.0,0.0,0.0,0.0,0.0
P0I6:atp:2026/4675/ms014:B0PH,Gabriele Piraino,M25 Reggio Emilia,2026-05-11,R16,ITF main draw,2026,2025-26,Result + serve/return totals,True,True,True,True,False,True,True,False,False,False,0.0,0.0,0.0,1.0,0.0,0.0,0.0,0.0
P0I6:atp:2026/4675/ms028:B0VX,Gabriele Piraino,M25 Reggio Emilia,2026-05-11,R32,ITF main draw,2026,2025-26,Result + serve/return totals,True,True,False,False,False,True,True,False,False,False,0.0,0.0,0.0,1.0,0.0,0.0,0.0,0.0
P0I6:atp:2026/3095/ms008:G0A0,Gabriele Piraino,Cervia,2026-05-18,R16,Challenger main draw,2026,2025-26,Result + serve/return totals,True,True,True,False,False,True,True,False,False,False,0.0,1.0,1.0,0.0,0.0,0.0,0.0,0.0
P0I6:atp:2026/3095/ms017:R0B6,Gabriele Piraino,Cervia,2026-05-18,R32,Challenger main draw,2026,2025-26,Result + serve/return totals,True,True,True,False,False,True,True,False,False,False,0.0,1.0,1.0,0.0,0.0,0.0,0.0,0.0
P0I6:atp:2026/4724/ms003:P0B2,Gabriele Piraino,M25 Caltanissetta,2026-06-01,SF,ITF main draw,2026,2025-26,Point-by-point sequence,False,True,False,False,False,True,True,True,False,False,0.0,0.0,0.0,1.0,0.0,0.0,0.0,0.0
P0I6:atp:2026/4724/ms007:I09U,Gabriele Piraino,M25 Caltanissetta,2026-06-01,QF,ITF main draw,2026,2025-26,Point-by-point sequence,False,True,False,False,False,True,True,True,False,False,0.0,0.0,0.0,1.0,0.0,0.0,0.0,0.0
P0I6:atp:2026/4724/ms015:ML51,Gabriele Piraino,M25 Caltanissetta,2026-06-01,R16,ITF main draw,2026,2025-26,Point-by-point sequence,False,True,False,False,False,True,True,True,False,False,0.0,0.0,0.0,1.0,0.0,0.0,0.0,0.0
P0I6:atp:2026/4724/ms031:L0G4,Gabriele Piraino,M25 Caltanissetta,2026-06-01,R32,ITF main draw,2026,2025-26,Point-by-point sequence,False,True,True,True,False,True,True,True,False,False,0.0,0.0,0.0,1.0,0.0,0.0,0.0,0.0
P0I6:atp:2026/4733/ms001:T0CU,Gabriele Piraino,M15 Messina,2026-06-08,F,ITF main draw,2026,2025-26,Point-by-point sequence,False,True,False,False,False,True,True,True,False,False,0.0,0.0,0.0,1.0,0.0,0.0,0.0,0.0
P0I6:atp:2026/4733/ms002:Z0C9,Gabriele Piraino,M15 Messina,2026-06-08,SF,ITF main draw,2026,2025-26,Point-by-point sequence,False,True,True,True,False,True,True,True,False,False,0.0,0.0,0.0,1.0,0.0,0.0,0.0,0.0
P0I6:atp:2026/4733/ms004:B0PH,Gabriele Piraino,M15 Messina,2026-06-08,QF,ITF main draw,2026,2025-26,"Listed only, no result",True,True,False,False,False,True,True,False,False,False,0.0,0.0,0.0,1.0,0.0,0.0,0.0,0.0
P0I6:atp:2026/4733/ms008:C0S4,Gabriele Piraino,M15 Messina,2026-06-08,R16,ITF main draw,2026,2025-26,"Listed only, no result",True,True,False,False,False,True,False,False,False,False,0.0,0.0,0.0,1.0,0.0,0.0,0.0,0.0
P0I6:atp:2026/4733/ms016:R0KM,Gabriele Piraino,M15 Messina,2026-06-08,R32,ITF main draw,2026,2025-26,Point-by-point sequence,False,True,False,False,False,True,True,True,False,False,0.0,0.0,0.0,1.0,0.0,0.0,0.0,0.0
P0I6:atp:2026/3149/ms026:A0HZ,Gabriele Piraino,Plovdiv,2026-06-22,R32,Challenger main draw,2026,2025-26,Point-by-point sequence,False,True,True,False,False,True,True,True,False,False,0.0,1.0,1.0,0.0,0.0,0.0,0.0,0.0
P0I6:atp:2026/9540/qs027:KC04,Gabriele Piraino,San Marino,2026-07-27,Q1,Challenger qualifying,2026,2025-26,"Listed only, no result",True,True,True,False,False,True,True,False,False,False,0.0,1.0,1.0,0.0,0.0,0.0,0.0,0.0
P0I6:atp:2026/3169/ms001:N0CJ,Gabriele Piraino,Plovdiv 2,2026-08-03,F,Challenger main draw,2026,2025-26,Result + serve/return totals,True,True,False,False,True,False,True,False,False,False,0.0,1.0,1.0,0.0,0.0,0.0,0.0,0.0
P0I6:atp:2026/3169/ms002:S0CG,Gabriele Piraino,Plovdiv 2,2026-08-03,SF,Challenger main draw,2026,2025-26,Result + serve/return totals,True,True,False,False,True,False,True,False,False,False,0.0,1.0,1.0,0.0,0.0,0.0,0.0,0.0
P0I6:atp:2026/3169/ms004:C0MH,Gabriele Piraino,Plovdiv 2,2026-08-03,QF,Challenger main draw,2026,2025-26,Result + serve/return totals,True,True,True,False,False,True,True,False,False,False,0.0,1.0,1.0,0.0,0.0,0.0,0.0,0.0
P0I6:atp:2026/3169/ms009:M0UR,Gabriele Piraino,Plovdiv 2,2026-08-03,R16,Challenger main draw,2026,2025-26,Result + serve/return totals,True,True,True,False,False,True,True,False,False,False,0.0,1.0,1.0,0.0,0.0,0.0,0.0,0.0
P0I6:atp:2026/3169/ms018:C0LK,Gabriele Piraino,Plovdiv 2,2026-08-03,R32,Challenger main draw,2026,2025-26,Result + serve/return totals,True,True,True,False,False,True,True,False,False,False,0.0,1.0,1.0,0.0,0.0,0.0,0.0,0.0
P0I6:atp:2026/8392/ms024:S0GZ,Gabriele Piraino,Todi,2026-08-10,R32,Challenger main draw,2026,2025-26,Result + serve/return totals,True,True,False,False,True,False,True,False,False,False,0.0,1.0,1.0,0.0,0.0,0.0,0.0,0.0
P0I6:atp:2026/4239/ms016:C0RX,Gabriele Piraino,M25 Lesa,2026-08-17,R32,ITF main draw,2026,2025-26,"Listed only, no result",True,True,False,False,True,False,False,False,False,False,0.0,0.0,0.0,1.0,0.0,0.0,0.0,0.0
P0I6:atp:2026/3171/ms021:O0AI,Gabriele Piraino,Plovdiv 3,2026-08-31,R32,Challenger main draw,2026,2025-26,Result + serve/return totals,True,True,False,False,True,False,False,False,False,False,0.0,1.0,1.0,0.0,0.0,0.0,0.0,0.0
P0I6:atp:2026/1763/ms012:DB63,Gabriele Piraino,Genoa (Nuova Valletta),2026-09-07,R16,Challenger main draw,2026,2025-26,Result + serve/return totals,True,True,False,False,True,False,False,False,False,False,0.0,1.0,1.0,0.0,0.0,0.0,0.0,0.0
P0I6:atp:2026/1763/ms025:F0F4,Gabriele Piraino,Genoa (Nuova Valletta),2026-09-07,R32,Challenger main draw,2026,2025-26,Result + serve/return totals,True,True,False,False,True,False,False,False,False,False,0.0,1.0,1.0,0.0,0.0,0.0,0.0,0.0
P0I6:atp:2026/7085/ms021:P0HY,Gabriele Piraino,Biella,2026-09-14,R32,Challenger main draw,2026,2025-26,Result + serve/return totals,True,True,False,False,True,False,False,False,False,False,0.0,1.0,1.0,0.0,0.0,0.0,0.0,0.0
S0GZ:atp:2017/7814/ms018:G676,Nikolas Sanchez Izquierdo,Spain F27,2017-08-28,R32,ITF main draw,2017,2012-18,"Result, no statistics",True,True,True,False,False,True,False,False,False,False,0.0,0.0,0.0,0.0,0.0,0.0,0.0,0.0
S0GZ:atp:2017/3394/ms029:CO01,Nikolas Sanchez Izquierdo,Spain F33,2017-10-09,R32,ITF main draw,2017,2012-18,"Result, no statistics",True,True,True,False,False,True,False,False,False,False,0.0,0.0,0.0,0.0,0.0,0.0,0.0,0.0
S0GZ:atp:2017/7478/ms002:RB60,Nikolas Sanchez Izquierdo,Tunisia F36,2017-11-20,SF,ITF main draw,2017,2012-18,"Result, no statistics",True,True,True,False,False,True,False,False,False,False,0.0,0.0,0.0,0.0,0.0,0.0,0.0,0.0
S0GZ:atp:2017/7478/ms004:D916,Nikolas Sanchez Izquierdo,Tunisia F36,2017-11-20,QF,ITF main draw,2017,2012-18,"Result, no statistics",True,True,True,False,False,True,False,False,False,False,0.0,0.0,0.0,0.0,0.0,0.0,0.0,0.0
S0GZ:atp:2017/7478/ms009:BT68,Nikolas Sanchez Izquierdo,Tunisia F36,2017-11-20,R16,ITF main draw,2017,2012-18,"Result, no statistics",True,True,False,False,False,True,False,False,False,False,0.0,0.0,0.0,0.0,0.0,0.0,0.0,0.0
S0GZ:atp:2017/7478/ms018:HB88,Nikolas Sanchez Izquierdo,Tunisia F36,2017-11-20,R32,ITF main draw,2017,2012-18,"Result, no statistics",True,True,True,False,False,True,False,False,False,False,0.0,0.0,0.0,0.0,0.0,0.0,0.0,0.0
S0GZ:atp:2017/7860/ms020:RB60,Nikolas Sanchez Izquierdo,Tunisia F37,2017-11-27,R32,ITF main draw,2017,2012-18,"Result, no statistics",True,True,True,False,False,True,False,False,False,False,0.0,0.0,0.0,0.0,0.0,0.0,0.0,0.0
S0GZ:atp:2017/7872/ms013:BH08,Nikolas Sanchez Izquierdo,Tunisia F40,2017-12-18,R16,ITF main draw,2017,2012-18,Missing,True,True,True,False,False,True,False,False,False,False,0.0,0.0,0.0,0.0,0.0,0.0,0.0,0.0
S0GZ:atp:2017/7872/ms026:DG47,Nikolas Sanchez Izquierdo,Tunisia F40,2017-12-18,R32,ITF main draw,2017,2012-18,Missing,True,True,True,False,False,True,False,False,False,False,0.0,0.0,0.0,0.0,0.0,0.0,0.0,0.0
S0GZ:atp:2018/267/ms022:O674,Nikolas Sanchez Izquierdo,Spain F4,2018-02-05,R32,ITF main draw,2018,2012-18,"Result, no statistics",True,True,True,False,False,True,False,False,False,False,0.0,0.0,0.0,0.0,0.0,0.0,0.0,0.0
S0GZ:atp:2018/7211/ms014:TC48,Nikolas Sanchez Izquierdo,Tunisia F10,2018-03-12,R16,ITF main draw,2018,2012-18,"Result, no statistics",True,True,False,False,True,False,False,False,False,False,0.0,0.0,0.0,0.0,0.0,0.0,0.0,0.0
S0GZ:atp:2018/7211/ms029:LD45,Nikolas Sanchez Izquierdo,Tunisia F10,2018-03-12,R32,ITF main draw,2018,2012-18,"Result, no statistics",True,True,False,False,True,False,False,False,False,False,0.0,0.0,0.0,0.0,0.0,0.0,0.0,0.0
S0GZ:atp:2018/295/ms021:CG47,Nikolas Sanchez Izquierdo,Spain F7,2018-03-19,R32,ITF main draw,2018,2012-18,"Result, no statistics",True,True,False,False,True,False,False,False,False,False,0.0,0.0,0.0,0.0,0.0,0.0,0.0,0.0
S0GZ:atp:2018/331/ms021:SQ97,Nikolas Sanchez Izquierdo,Spain F9,2018-04-16,R32,ITF main draw,2018,2012-18,"Result, no statistics",True,True,False,False,True,False,False,False,False,False,0.0,0.0,0.0,0.0,0.0,0.0,0.0,0.0
S0GZ:atp:2018/3560/ms012:U09H,Nikolas Sanchez Izquierdo,Israel F5,2018-04-30,R16,ITF main draw,2018,2012-18,"Result, no statistics",True,True,True,False,False,True,False,False,False,False,0.0,0.0,0.0,0.0,0.0,0.0,0.0,0.0
S0GZ:atp:2018/3560/ms024:CO11,Nikolas Sanchez Izquierdo,Israel F5,2018-04-30,R32,ITF main draw,2018,2012-18,"Result, no statistics",True,True,False,False,True,False,False,False,False,False,0.0,0.0,0.0,0.0,0.0,0.0,0.0,0.0
S0GZ:atp:2018/3563/ms013:DB93,Nikolas Sanchez Izquierdo,Israel F6,2018-05-07,R16,ITF main draw,2018,2012-18,"Result, no statistics",True,True,True,False,False,True,False,False,False,False,0.0,0.0,0.0,0.0,0.0,0.0,0.0,0.0
S0GZ:atp:2018/3563/ms026:G0BH,Nikolas Sanchez Izquierdo,Israel F6,2018-05-07,R32,ITF main draw,2018,2012-18,"Result, no statistics",True,True,True,False,False,True,False,False,False,False,0.0,0.0,0.0,0.0,0.0,0.0,0.0,0.0
S0GZ:atp:2018/704/ms013:SH91,Nikolas Sanchez Izquierdo,Spain F11,2018-05-14,R16,ITF main draw,2018,2012-18,"Result, no statistics",True,True,True,False,False,True,False,False,False,False,0.0,0.0,0.0,0.0,0.0,0.0,0.0,0.0
S0GZ:atp:2018/704/ms026:MW53,Nikolas Sanchez Izquierdo,Spain F11,2018-05-14,R32,ITF main draw,2018,2012-18,"Result, no statistics",True,True,True,False,False,True,False,False,False,False,0.0,0.0,0.0,0.0,0.0,0.0,0.0,0.0
S0GZ:atp:2018/808/ms013:Z301,Nikolas Sanchez Izquierdo,Spain F12,2018-05-21,R16,ITF main draw,2018,2012-18,"Result, no statistics",True,True,True,False,False,True,False,False,False,False,0.0,0.0,0.0,0.0,0.0,0.0,0.0,0.0
S0GZ:atp:2018/808/ms026:CG47,Nikolas Sanchez Izquierdo,Spain F12,2018-05-21,R32,ITF main draw,2018,2012-18,"Result, no statistics",True,True,True,False,False,True,False,False,False,False,0.0,0.0,0.0,0.0,0.0,0.0,0.0,0.0
S0GZ:atp:2018/809/ms025:L0BM,Nikolas Sanchez Izquierdo,Spain F13,2018-05-28,R32,ITF main draw,2018,2012-18,"Result, no statistics",True,True,True,False,False,True,False,False,False,False,0.0,0.0,0.0,0.0,0.0,0.0,0.0,0.0
S0GZ:atp:2018/7404/ms019:KF31,Nikolas Sanchez Izquierdo,Tunisia F24,2018-06-18,R32,ITF main draw,2018,2012-18,"Result, no statistics",True,True,True,False,False,True,False,False,False,False,0.0,0.0,0.0,0.0,0.0,0.0,0.0,0.0
S0GZ:atp:2018/7405/ms003:N830,Nikolas Sanchez Izquierdo,Tunisia F25,2018-06-25,SF,ITF main draw,2018,2012-18,"Result, no statistics",True,True,False,False,True,False,False,False,False,False,0.0,0.0,0.0,0.0,0.0,0.0,0.0,0.0
S0GZ:atp:2018/7405/ms006:PL93,Nikolas Sanchez Izquierdo,Tunisia F25,2018-06-25,QF,ITF main draw,2018,2012-18,"Result, no statistics",True,True,False,False,True,False,False,False,False,False,0.0,0.0,0.0,0.0,0.0,0.0,0.0,0.0
S0GZ:atp:2018/7405/ms012:CO01,Nikolas Sanchez Izquierdo,Tunisia F25,2018-06-25,R16,ITF main draw,2018,2012-18,"Result, no statistics",True,True,False,False,True,False,False,False,False,False,0.0,0.0,0.0,0.0,0.0,0.0,0.0,0.0
S0GZ:atp:2018/7405/ms025:N724,Nikolas Sanchez Izquierdo,Tunisia F25,2018-06-25,R32,ITF main draw,2018,2012-18,"Result, no statistics",True,True,True,False,False,True,False,False,False,False,0.0,0.0,0.0,0.0,0.0,0.0,0.0,0.0
S0GZ:atp:2018/644/ms004:LC58,Nikolas Sanchez Izquierdo,Morocco F1,2018-07-16,QF,ITF main draw,2018,2012-18,"Result, no statistics",True,True,False,False,True,False,False,False,False,False,0.0,0.0,0.0,0.0,0.0,0.0,0.0,0.0
S0GZ:atp:2018/644/ms009:BI66,Nikolas Sanchez Izquierdo,Morocco F1,2018-07-16,R16,ITF main draw,2018,2012-18,"Result, no statistics",True,True,False,False,True,False,False,False,False,False,0.0,0.0,0.0,0.0,0.0,0.0,0.0,0.0
S0GZ:atp:2018/644/ms018:L0CK,Nikolas Sanchez Izquierdo,Morocco F1,2018-07-16,R32,ITF main draw,2018,2012-18,"Result, no statistics",True,True,False,False,True,False,False,False,False,False,0.0,0.0,0.0,0.0,0.0,0.0,0.0,0.0
S0GZ:atp:2018/1702/ms023:SY86,Nikolas Sanchez Izquierdo,Spain F23,2018-08-13,R32,ITF main draw,2018,2012-18,"Result, no statistics",True,True,True,False,False,True,False,False,False,False,0.0,0.0,0.0,0.0,0.0,0.0,0.0,0.0
S0GZ:atp:2018/6387/ms008:CH12,Nikolas Sanchez Izquierdo,Belgium F9,2018-08-20,R16,ITF main draw,2018,2012-18,"Result, no statistics",True,True,True,False,False,True,False,False,False,False,0.0,0.0,0.0,0.0,0.0,0.0,0.0,0.0
S0GZ:atp:2018/6387/ms017:PM06,Nikolas Sanchez Izquierdo,Belgium F9,2018-08-20,R32,ITF main draw,2018,2012-18,"Result, no statistics",True,True,True,False,False,True,False,False,False,False,0.0,0.0,0.0,0.0,0.0,0.0,0.0,0.0
S0GZ:atp:2018/6876/ms003:GG65,Nikolas Sanchez Izquierdo,Belgium F10,2018-08-27,SF,ITF main draw,2018,2012-18,"Result, no statistics",True,True,True,False,False,True,False,False,False,False,0.0,0.0,0.0,0.0,0.0,0.0,0.0,0.0
S0GZ:atp:2018/6876/ms007:DH54,Nikolas Sanchez Izquierdo,Belgium F10,2018-08-27,QF,ITF main draw,2018,2012-18,"Result, no statistics",True,True,True,False,False,True,False,False,False,False,0.0,0.0,0.0,0.0,0.0,0.0,0.0,0.0
S0GZ:atp:2018/6876/ms014:MV75,Nikolas Sanchez Izquierdo,Belgium F10,2018-08-27,R16,ITF main draw,2018,2012-18,"Result, no statistics",True,True,True,False,False,True,False,False,False,False,0.0,0.0,0.0,0.0,0.0,0.0,0.0,0.0
S0GZ:atp:2018/6876/ms028:TC46,Nikolas Sanchez Izquierdo,Belgium F10,2018-08-27,R32,ITF main draw,2018,2012-18,"Result, no statistics",True,True,True,False,False,True,False,False,False,False,0.0,0.0,0.0,0.0,0.0,0.0,0.0,0.0
S0GZ:atp:2018/6442/ms004:SH91,Nikolas Sanchez Izquierdo,Turkey F28,2018-09-17,QF,ITF main draw,2018,2012-18,"Result, no statistics",True,True,True,False,False,True,False,False,False,False,0.0,0.0,0.0,0.0,0.0,0.0,0.0,0.0
S0GZ:atp:2018/6442/ms009:K767,Nikolas Sanchez Izquierdo,Turkey F28,2018-09-17,R16,ITF main draw,2018,2012-18,"Result, no statistics",True,True,False,False,False,True,False,False,False,False,0.0,0.0,0.0,0.0,0.0,0.0,0.0,0.0
S0GZ:atp:2018/6442/ms018:S0AJ,Nikolas Sanchez Izquierdo,Turkey F28,2018-09-17,R32,ITF main draw,2018,2012-18,"Result, no statistics",True,True,True,False,False,True,False,False,False,False,0.0,0.0,0.0,0.0,0.0,0.0,0.0,0.0
S0GZ:atp:2018/6446/ms003:KI71,Nikolas Sanchez Izquierdo,Turkey F29,2018-09-24,SF,ITF main draw,2018,2012-18,"Result, no statistics",True,True,False,False,True,False,False,False,False,False,0.0,0.0,0.0,0.0,0.0,0.0,0.0,0.0
S0GZ:atp:2018/6446/ms006:T0CE,Nikolas Sanchez Izquierdo,Turkey F29,2018-09-24,QF,ITF main draw,2018,2012-18,"Result, no statistics",True,True,False,False,True,False,False,False,False,False,0.0,0.0,0.0,0.0,0.0,0.0,0.0,0.0
S0GZ:atp:2018/6446/ms012:W0B8,Nikolas Sanchez Izquierdo,Turkey F29,2018-09-24,R16,ITF main draw,2018,2012-18,"Result, no statistics",True,True,True,False,False,True,False,False,False,False,0.0,0.0,0.0,0.0,0.0,0.0,0.0,0.0
S0GZ:atp:2018/6446/ms024:O483,Nikolas Sanchez Izquierdo,Turkey F29,2018-09-24,R32,ITF main draw,2018,2012-18,"Result, no statistics",True,True,True,False,False,True,False,False,False,False,0.0,0.0,0.0,0.0,0.0,0.0,0.0,0.0
S0GZ:atp:2018/1709/ms006:C0DB,Nikolas Sanchez Izquierdo,Spain F30,2018-10-01,QF,ITF main draw,2018,2012-18,Missing,True,True,False,False,True,False,False,False,False,False,0.0,0.0,0.0,0.0,0.0,0.0,0.0,0.0
S0GZ:atp:2018/1709/ms012:BE44,Nikolas Sanchez Izquierdo,Spain F30,2018-10-01,R16,ITF main draw,2018,2012-18,Missing,True,True,False,False,True,False,False,False,False,False,0.0,0.0,0.0,0.0,0.0,0.0,0.0,0.0
S0GZ:atp:2018/1709/ms024:MH81,Nikolas Sanchez Izquierdo,Spain F30,2018-10-01,R32,ITF main draw,2018,2012-18,Missing,True,True,False,False,True,False,False,False,False,False,0.0,0.0,0.0,0.0,0.0,0.0,0.0,0.0
S0GZ:atp:2018/2176/ms001:GB13,Nikolas Sanchez Izquierdo,Spain F31,2018-10-08,F,ITF main draw,2018,2012-18,Missing,True,True,True,False,False,True,False,False,False,False,0.0,0.0,0.0,0.0,0.0,0.0,0.0,0.0
S0GZ:atp:2018/2176/ms002:GB71,Nikolas Sanchez Izquierdo,Spain F31,2018-10-08,SF,ITF main draw,2018,2012-18,Missing,True,True,False,False,False,True,False,False,False,False,0.0,0.0,0.0,0.0,0.0,0.0,0.0,0.0
S0GZ:atp:2018/2176/ms004:SS61,Nikolas Sanchez Izquierdo,Spain F31,2018-10-08,QF,ITF main draw,2018,2012-18,Missing,True,True,False,False,True,False,False,False,False,False,0.0,0.0,0.0,0.0,0.0,0.0,0.0,0.0
S0GZ:atp:2018/2176/ms009:MT97,Nikolas Sanchez Izquierdo,Spain F31,2018-10-08,R16,ITF main draw,2018,2012-18,Missing,True,True,False,False,True,False,False,False,False,False,0.0,0.0,0.0,0.0,0.0,0.0,0.0,0.0
S0GZ:atp:2018/2176/ms018:PL64,Nikolas Sanchez Izquierdo,Spain F31,2018-10-08,R32,ITF main draw,2018,2012-18,Missing,True,True,False,False,True,False,False,False,False,False,0.0,0.0,0.0,0.0,0.0,0.0,0.0,0.0
S0GZ:atp:2018/7860/ms009:RH46,Nikolas Sanchez Izquierdo,Tunisia F37,2018-10-22,R16,ITF main draw,2018,2012-18,"Result, no statistics",True,True,True,False,False,True,False,False,False,False,0.0,0.0,0.0,0.0,0.0,0.0,0.0,0.0
S0GZ:atp:2018/7860/ms019:O09A,Nikolas Sanchez Izquierdo,Tunisia F37,2018-10-22,R32,ITF main draw,2018,2012-18,"Result, no statistics",True,True,True,False,False,True,False,False,False,False,0.0,0.0,0.0,0.0,0.0,0.0,0.0,0.0
S0GZ:atp:2018/6635/ms011:F840,Nikolas Sanchez Izquierdo,Turkey F36,2018-11-12,R16,ITF main draw,2018,2012-18,"Result, no statistics",True,True,True,False,False,True,False,False,False,False,0.0,0.0,0.0,0.0,0.0,0.0,0.0,0.0
S0GZ:atp:2018/6635/ms022:S0H2,Nikolas Sanchez Izquierdo,Turkey F36,2018-11-12,R32,ITF main draw,2018,2012-18,"Result, no statistics",True,True,True,False,False,True,False,False,False,False,0.0,0.0,0.0,0.0,0.0,0.0,0.0,0.0
S0GZ:atp:2018/6640/ms009:RH54,Nikolas Sanchez Izquierdo,Turkey F37,2018-11-19,R16,ITF main draw,2018,2012-18,"Result, no statistics",True,True,True,False,False,True,False,False,False,False,0.0,0.0,0.0,0.0,0.0,0.0,0.0,0.0
S0GZ:atp:2018/6640/ms019:P0AV,Nikolas Sanchez Izquierdo,Turkey F37,2018-11-19,R32,ITF main draw,2018,2012-18,"Result, no statistics",True,True,True,False,False,True,False,False,False,False,0.0,0.0,0.0,0.0,0.0,0.0,0.0,0.0
S0GZ:atp:2019/8139/ms012:V762,Nikolas Sanchez Izquierdo,M15 Manacor,2019-01-14,R16,ITF main draw,2019,2019-21,"Result, no statistics",True,True,False,False,True,False,False,False,False,False,0.0,0.0,0.0,0.0,0.0,0.0,0.0,0.0
S0GZ:atp:2019/8139/ms024:PG13,Nikolas Sanchez Izquierdo,M15 Manacor,2019-01-14,R32,ITF main draw,2019,2019-21,"Result, no statistics",True,True,False,False,True,False,False,False,False,False,0.0,0.0,0.0,0.0,0.0,0.0,0.0,0.0
S0GZ:atp:2019/8148/ms024:C0AU,Nikolas Sanchez Izquierdo,M15 Palmanova,2019-01-21,R32,ITF main draw,2019,2019-21,"Result, no statistics",True,True,False,False,True,False,False,False,False,False,0.0,0.0,0.0,0.0,0.0,0.0,0.0,0.0
S0GZ:atp:2019/8153/ms021:L0C1,Nikolas Sanchez Izquierdo,M15 Palmanova,2019-01-28,R32,ITF main draw,2019,2019-21,"Result, no statistics",True,True,False,False,True,False,False,False,False,False,0.0,0.0,0.0,0.0,0.0,0.0,0.0,0.0
S0GZ:atp:2019/8199/ms023:KI82,Nikolas Sanchez Izquierdo,M15 Tabarka,2019-03-11,R32,ITF main draw,2019,2019-21,"Result, no statistics",True,True,False,False,True,False,False,False,False,False,0.0,0.0,0.0,0.0,0.0,0.0,0.0,0.0
S0GZ:atp:2019/8212/ms005:Z301,Nikolas Sanchez Izquierdo,M15 Tabarka,2019-03-18,QF,ITF main draw,2019,2019-21,"Result, no statistics",True,True,False,False,False,True,False,False,False,False,0.0,0.0,0.0,0.0,0.0,0.0,0.0,0.0
S0GZ:atp:2019/8212/ms011:DH54,Nikolas Sanchez Izquierdo,M15 Tabarka,2019-03-18,R16,ITF main draw,2019,2019-21,"Result, no statistics",True,True,True,False,False,True,False,False,False,False,0.0,0.0,0.0,0.0,0.0,0.0,0.0,0.0
S0GZ:atp:2019/8212/ms023:RE27,Nikolas Sanchez Izquierdo,M15 Tabarka,2019-03-18,R32,ITF main draw,2019,2019-21,"Result, no statistics",True,True,False,False,True,False,False,False,False,False,0.0,0.0,0.0,0.0,0.0,0.0,0.0,0.0
S0GZ:atp:2019/8222/ms001:BU54,Nikolas Sanchez Izquierdo,M15 Tabarka,2019-03-25,F,ITF main draw,2019,2019-21,"Result, no statistics",True,True,True,False,False,True,False,False,False,False,0.0,0.0,0.0,0.0,0.0,0.0,0.0,0.0
S0GZ:atp:2019/8222/ms003:D0DB,Nikolas Sanchez Izquierdo,M15 Tabarka,2019-03-25,SF,ITF main draw,2019,2019-21,"Result, no statistics",True,True,True,False,False,True,False,False,False,False,0.0,0.0,0.0,0.0,0.0,0.0,0.0,0.0
S0GZ:atp:2019/8222/ms007:CN78,Nikolas Sanchez Izquierdo,M15 Tabarka,2019-03-25,QF,ITF main draw,2019,2019-21,"Result, no statistics",True,True,True,False,False,True,False,False,False,False,0.0,0.0,0.0,0.0,0.0,0.0,0.0,0.0
S0GZ:atp:2019/8222/ms014:J0AZ,Nikolas Sanchez Izquierdo,M15 Tabarka,2019-03-25,R16,ITF main draw,2019,2019-21,"Result, no statistics",True,True,True,False,False,True,False,False,False,False,0.0,0.0,0.0,0.0,0.0,0.0,0.0,0.0
S0GZ:atp:2019/8222/ms028:C09G,Nikolas Sanchez Izquierdo,M15 Tabarka,2019-03-25,R32,ITF main draw,2019,2019-21,"Result, no statistics",True,True,True,False,False,True,False,False,False,False,0.0,0.0,0.0,0.0,0.0,0.0,0.0,0.0
S0GZ:atp:2019/8238/ms007:E830,Nikolas Sanchez Izquierdo,M15 Reus,2019-04-08,QF,ITF main draw,2019,2019-21,"Result, no statistics",True,True,True,False,False,True,False,False,False,False,0.0,0.0,0.0,0.0,0.0,0.0,0.0,0.0
S0GZ:atp:2019/8238/ms015:L0B4,Nikolas Sanchez Izquierdo,M15 Reus,2019-04-08,R16,ITF main draw,2019,2019-21,"Result, no statistics",True,True,True,False,False,True,False,False,False,False,0.0,0.0,0.0,0.0,0.0,0.0,0.0,0.0
S0GZ:atp:2019/8238/ms031:TC09,Nikolas Sanchez Izquierdo,M15 Reus,2019-04-08,R32,ITF main draw,2019,2019-21,"Result, no statistics",True,True,True,False,False,True,False,False,False,False,0.0,0.0,0.0,0.0,0.0,0.0,0.0,0.0
S0GZ:atp:2019/8249/ms004:BV25,Nikolas Sanchez Izquierdo,M15 Tabarka,2019-04-15,QF,ITF main draw,2019,2019-21,"Result, no statistics",True,True,False,False,True,False,False,False,False,False,0.0,0.0,0.0,0.0,0.0,0.0,0.0,0.0
S0GZ:atp:2019/8249/ms009:J521,Nikolas Sanchez Izquierdo,M15 Tabarka,2019-04-15,R16,ITF main draw,2019,2019-21,"Result, no statistics",True,True,True,False,False,True,False,False,False,False,0.0,0.0,0.0,0.0,0.0,0.0,0.0,0.0
S0GZ:atp:2019/8249/ms019:P0ER,Nikolas Sanchez Izquierdo,M15 Tabarka,2019-04-15,R32,ITF main draw,2019,2019-21,"Result, no statistics",True,True,True,False,False,True,False,False,False,False,0.0,0.0,0.0,0.0,0.0,0.0,0.0,0.0
S0GZ:atp:2019/8252/ms001:V762,Nikolas Sanchez Izquierdo,M25 Angers,2019-04-22,F,ITF main draw,2019,2019-21,"Result, no statistics",True,True,False,False,True,False,False,False,False,False,0.0,0.0,0.0,0.0,0.0,0.0,0.0,0.0
S0GZ:atp:2019/8252/ms002:V812,Nikolas Sanchez Izquierdo,M25 Angers,2019-04-22,SF,ITF main draw,2019,2019-21,"Result, no statistics",True,True,False,False,True,False,False,False,False,False,0.0,0.0,0.0,0.0,0.0,0.0,0.0,0.0
S0GZ:atp:2019/8252/ms004:SK51,Nikolas Sanchez Izquierdo,M25 Angers,2019-04-22,QF,ITF main draw,2019,2019-21,"Result, no statistics",True,True,False,False,True,False,False,False,False,False,0.0,0.0,0.0,0.0,0.0,0.0,0.0,0.0
S0GZ:atp:2019/8252/ms009:T09X,Nikolas Sanchez Izquierdo,M25 Angers,2019-04-22,R16,ITF main draw,2019,2019-21,"Result, no statistics",True,True,False,False,True,False,False,False,False,False,0.0,0.0,0.0,0.0,0.0,0.0,0.0,0.0
S0GZ:atp:2019/8252/ms019:CN78,Nikolas Sanchez Izquierdo,M25 Angers,2019-04-22,R32,ITF main draw,2019,2019-21,"Result, no statistics",True,True,False,False,True,False,False,False,False,False,0.0,0.0,0.0,0.0,0.0,0.0,0.0,0.0
S0GZ:atp:2019/331/ms005:LF26,Nikolas Sanchez Izquierdo,M15 Valldoreix,2019-05-13,QF,ITF main draw,2019,2019-21,"Result, no statistics",True,True,True,False,False,True,False,False,False,False,0.0,0.0,0.0,0.0,0.0,0.0,0.0,0.0
S0GZ:atp:2019/331/ms011:A09T,Nikolas Sanchez Izquierdo,M15 Valldoreix,2019-05-13,R16,ITF main draw,2019,2019-21,"Result, no statistics",True,True,False,False,True,False,False,False,False,False,0.0,0.0,0.0,0.0,0.0,0.0,0.0,0.0
S0GZ:atp:2019/331/ms022:K0BJ,Nikolas Sanchez Izquierdo,M15 Valldoreix,2019-05-13,R32,ITF main draw,2019,2019-21,"Result, no statistics",True,True,False,False,True,False,False,False,False,False,0.0,0.0,0.0,0.0,0.0,0.0,0.0,0.0
S0GZ:atp:2019/389/ms031:GE28,Nikolas Sanchez Izquierdo,M25 Vic,2019-05-20,R32,ITF main draw,2019,2019-21,"Result, no statistics",True,True,True,False,False,True,False,False,False,False,0.0,0.0,0.0,0.0,0.0,0.0,0.0,0.0
S0GZ:atp:2019/7386/ms007:HB35,Nikolas Sanchez Izquierdo,M15 Tabarka,2019-05-27,QF,ITF main draw,2019,2019-21,"Result, no statistics",True,True,True,False,False,True,False,False,False,False,0.0,0.0,0.0,0.0,0.0,0.0,0.0,0.0
S0GZ:atp:2019/7386/ms015:B0BJ,Nikolas Sanchez Izquierdo,M15 Tabarka,2019-05-27,R16,ITF main draw,2019,2019-21,"Result, no statistics",True,True,True,False,False,True,False,False,False,False,0.0,0.0,0.0,0.0,0.0,0.0,0.0,0.0
S0GZ:atp:2019/7386/ms031:J378,Nikolas Sanchez Izquierdo,M15 Tabarka,2019-05-27,R32,ITF main draw,2019,2019-21,"Result, no statistics",True,True,True,False,False,True,False,False,False,False,0.0,0.0,0.0,0.0,0.0,0.0,0.0,0.0
S0GZ:atp:2019/7400/ms001:O660,Nikolas Sanchez Izquierdo,M15 Tabarka,2019-06-03,F,ITF main draw,2019,2019-21,"Result, no statistics",True,True,False,False,True,False,False,False,False,False,0.0,0.0,0.0,0.0,0.0,0.0,0.0,0.0
S0GZ:atp:2019/7400/ms003:SK69,Nikolas Sanchez Izquierdo,M15 Tabarka,2019-06-03,SF,ITF main draw,2019,2019-21,"Result, no statistics",True,True,False,False,True,False,False,False,False,False,0.0,0.0,0.0,0.0,0.0,0.0,0.0,0.0
S0GZ:atp:2019/7400/ms006:M0HC,Nikolas Sanchez Izquierdo,M15 Tabarka,2019-06-03,QF,ITF main draw,2019,2019-21,"Result, no statistics",True,True,True,False,False,True,False,False,False,False,0.0,0.0,0.0,0.0,0.0,0.0,0.0,0.0
S0GZ:atp:2019/7400/ms013:CO01,Nikolas Sanchez Izquierdo,M15 Tabarka,2019-06-03,R16,ITF main draw,2019,2019-21,"Result, no statistics",True,True,True,False,False,True,False,False,False,False,0.0,0.0,0.0,0.0,0.0,0.0,0.0,0.0
S0GZ:atp:2019/7400/ms027:F703,Nikolas Sanchez Izquierdo,M15 Tabarka,2019-06-03,R32,ITF main draw,2019,2019-21,"Result, no statistics",True,True,True,False,False,True,False,False,False,False,0.0,0.0,0.0,0.0,0.0,0.0,0.0,0.0
S0GZ:atp:2019/7404/ms010:MP94,Nikolas Sanchez Izquierdo,M15 Tabarka,2019-06-17,R16,ITF main draw,2019,2019-21,"Result, no statistics",True,True,False,False,True,False,False,False,False,False,0.0,0.0,0.0,0.0,0.0,0.0,0.0,0.0
S0GZ:atp:2019/7404/ms020:R0DR,Nikolas Sanchez Izquierdo,M15 Tabarka,2019-06-17,R32,ITF main draw,2019,2019-21,"Result, no statistics",True,True,False,False,True,False,False,False,False,False,0.0,0.0,0.0,0.0,0.0,0.0,0.0,0.0
S0GZ:atp:2019/368/ms008:SX91,Nikolas Sanchez Izquierdo,M25 Montauban,2019-06-24,R16,ITF main draw,2019,2019-21,"Result, no statistics",True,True,False,False,True,False,False,False,False,False,0.0,0.0,0.0,0.0,0.0,0.0,0.0,0.0
S0GZ:atp:2019/368/ms017:M0GZ,Nikolas Sanchez Izquierdo,M25 Montauban,2019-06-24,R32,ITF main draw,2019,2019-21,"Result, no statistics",True,True,False,False,True,False,False,False,False,False,0.0,0.0,0.0,0.0,0.0,0.0,0.0,0.0
S0GZ:atp:2019/1587/ms018:CG35,Nikolas Sanchez Izquierdo,M25 Getxo,2019-07-08,R32,ITF main draw,2019,2019-21,"Result, no statistics",True,True,False,False,True,False,False,False,False,False,0.0,0.0,0.0,0.0,0.0,0.0,0.0,0.0
S0GZ:atp:2019/3618/ms019:BE67,Nikolas Sanchez Izquierdo,Nur-Sultan - CH,2019-07-15,R32,Challenger main draw,2019,2019-21,Result + serve/return totals,True,True,False,False,True,False,False,False,False,False,0.553,0.0,0.0,0.0,0.0,0.0,0.0,0.0
S0GZ:atp:2019/3618/ms038:MJ69,Nikolas Sanchez Izquierdo,Nur-Sultan - CH,2019-07-15,R64,Challenger main draw,2019,2019-21,Result + serve/return totals,True,True,False,False,True,False,False,False,False,False,0.553,0.0,0.0,0.0,0.0,0.0,0.0,0.0
S0GZ:atp:2019/6594/ms011:PG13,Nikolas Sanchez Izquierdo,M25 Denia,2019-07-22,R16,ITF main draw,2019,2019-21,"Result, no statistics",True,True,False,False,True,False,False,False,False,False,0.0,0.0,0.0,0.0,0.0,0.0,0.0,0.0
S0GZ:atp:2019/6594/ms023:M0AA,Nikolas Sanchez Izquierdo,M25 Denia,2019-07-22,R32,ITF main draw,2019,2019-21,"Result, no statistics",True,True,False,False,True,False,False,False,False,False,0.0,0.0,0.0,0.0,0.0,0.0,0.0,0.0
S0GZ:atp:2019/1591/ms004:L0AT,Nikolas Sanchez Izquierdo,M15 Xativa,2019-07-29,QF,ITF main draw,2019,2019-21,"Result, no statistics",True,True,True,False,False,True,False,False,False,False,0.0,0.0,0.0,0.0,0.0,0.0,0.0,0.0
S0GZ:atp:2019/1591/ms008:CO01,Nikolas Sanchez Izquierdo,M15 Xativa,2019-07-29,R16,ITF main draw,2019,2019-21,"Result, no statistics",True,True,True,False,False,True,False,False,False,False,0.0,0.0,0.0,0.0,0.0,0.0,0.0,0.0
S0GZ:atp:2019/1591/ms016:TG93,Nikolas Sanchez Izquierdo,M15 Xativa,2019-07-29,R32,ITF main draw,2019,2019-21,"Result, no statistics",True,True,True,False,False,True,False,False,False,False,0.0,0.0,0.0,0.0,0.0,0.0,0.0,0.0
S0GZ:atp:2019/240/ms003:U182,Nikolas Sanchez Izquierdo,M25 Vogau,2019-08-05,SF,ITF main draw,2019,2019-21,"Result, no statistics",True,True,True,False,False,True,False,False,False,False,0.0,0.0,0.0,0.0,0.0,0.0,0.0,0.0
S0GZ:atp:2019/240/ms007:BM05,Nikolas Sanchez Izquierdo,M25 Vogau,2019-08-05,QF,ITF main draw,2019,2019-21,"Result, no statistics",True,True,True,False,False,True,False,False,False,False,0.0,0.0,0.0,0.0,0.0,0.0,0.0,0.0
S0GZ:atp:2019/240/ms014:D935,Nikolas Sanchez Izquierdo,M25 Vogau,2019-08-05,R16,ITF main draw,2019,2019-21,"Result, no statistics",True,True,True,False,False,True,False,False,False,False,0.0,0.0,0.0,0.0,0.0,0.0,0.0,0.0
S0GZ:atp:2019/240/ms028:VA27,Nikolas Sanchez Izquierdo,M25 Vogau,2019-08-05,R32,ITF main draw,2019,2019-21,"Result, no statistics",True,True,True,False,False,True,False,False,False,False,0.0,0.0,0.0,0.0,0.0,0.0,0.0,0.0
S0GZ:atp:2019/1755/ms003:TC11,Nikolas Sanchez Izquierdo,M25 Pitesti,2019-08-12,SF,ITF main draw,2019,2019-21,"Result, no statistics",True,True,True,False,False,True,False,False,False,False,0.0,0.0,0.0,0.0,0.0,0.0,0.0,0.0
S0GZ:atp:2019/1755/ms007:T0AA,Nikolas Sanchez Izquierdo,M25 Pitesti,2019-08-12,QF,ITF main draw,2019,2019-21,"Result, no statistics",True,True,True,False,False,True,False,False,False,False,0.0,0.0,0.0,0.0,0.0,0.0,0.0,0.0
S0GZ:atp:2019/1755/ms015:M0DQ,Nikolas Sanchez Izquierdo,M25 Pitesti,2019-08-12,R16,ITF main draw,2019,2019-21,"Result, no statistics",True,True,True,False,False,True,False,False,False,False,0.0,0.0,0.0,0.0,0.0,0.0,0.0,0.0
S0GZ:atp:2019/1755/ms031:DD67,Nikolas Sanchez Izquierdo,M25 Pitesti,2019-08-12,R32,ITF main draw,2019,2019-21,"Result, no statistics",True,True,True,False,False,True,False,False,False,False,0.0,0.0,0.0,0.0,0.0,0.0,0.0,0.0
S0GZ:atp:2019/1594/ms012:E830,Nikolas Sanchez Izquierdo,M25 Santander,2019-08-19,R16,ITF main draw,2019,2019-21,"Result, no statistics",True,True,True,False,False,True,False,False,False,False,0.0,0.0,0.0,0.0,0.0,0.0,0.0,0.0
S0GZ:atp:2019/1594/ms025:G820,Nikolas Sanchez Izquierdo,M25 Santander,2019-08-19,R32,ITF main draw,2019,2019-21,"Result, no statistics",True,True,True,False,False,True,False,False,False,False,0.0,0.0,0.0,0.0,0.0,0.0,0.0,0.0
S0GZ:atp:2019/448/ms061:LB51,Nikolas Sanchez Izquierdo,Szczecin - CH,2019-09-09,R64,Challenger main draw,2019,2019-21,Result + serve/return totals,True,True,True,False,False,True,False,False,False,False,0.553,0.0,0.0,0.0,0.0,0.0,0.0,0.0
S0GZ:atp:2019/6590/ms013:LC12,Nikolas Sanchez Izquierdo,Sibiu - CH,2019-09-16,R16,Challenger main draw,2019,2019-21,Result + serve/return totals,True,True,False,False,True,False,False,False,False,False,0.553,0.0,0.0,0.0,0.0,0.0,0.0,0.0
S0GZ:atp:2019/6590/ms026:Z419,Nikolas Sanchez Izquierdo,Sibiu - CH,2019-09-16,R32,Challenger main draw,2019,2019-21,Result + serve/return totals,True,True,False,False,True,False,False,False,False,False,0.553,0.0,0.0,0.0,0.0,0.0,0.0,0.0
S0GZ:atp:2019/6590/ms053:TC09,Nikolas Sanchez Izquierdo,Sibiu - CH,2019-09-16,R64,Challenger main draw,2019,2019-21,Result + serve/return totals,True,True,False,False,False,True,False,False,False,False,0.553,0.0,0.0,0.0,0.0,0.0,0.0,0.0
S0GZ:atp:2019/2137/ms005:F840,Nikolas Sanchez Izquierdo,M25 Santa Margherita Di Pula,2019-09-23,QF,ITF main draw,2019,2019-21,"Result, no statistics",True,True,False,False,True,False,False,False,False,False,0.0,0.0,0.0,0.0,0.0,0.0,0.0,0.0
S0GZ:atp:2019/2137/ms010:M0HC,Nikolas Sanchez Izquierdo,M25 Santa Margherita Di Pula,2019-09-23,R16,ITF main draw,2019,2019-21,"Result, no statistics",True,True,False,False,True,False,False,False,False,False,0.0,0.0,0.0,0.0,0.0,0.0,0.0,0.0
S0GZ:atp:2019/2137/ms020:M0J6,Nikolas Sanchez Izquierdo,M25 Santa Margherita Di Pula,2019-09-23,R32,ITF main draw,2019,2019-21,"Result, no statistics",True,True,False,False,True,False,False,False,False,False,0.0,0.0,0.0,0.0,0.0,0.0,0.0,0.0
S0GZ:atp:2019/1707/ms002:N830,Nikolas Sanchez Izquierdo,M15 Sabadell,2019-09-30,SF,ITF main draw,2019,2019-21,"Result, no statistics",True,True,True,False,False,True,False,False,False,False,0.0,0.0,0.0,0.0,0.0,0.0,0.0,0.0
S0GZ:atp:2019/1707/ms004:KI71,Nikolas Sanchez Izquierdo,M15 Sabadell,2019-09-30,QF,ITF main draw,2019,2019-21,"Result, no statistics",True,True,True,False,False,True,False,False,False,False,0.0,0.0,0.0,0.0,0.0,0.0,0.0,0.0
S0GZ:atp:2019/1707/ms008:L0CX,Nikolas Sanchez Izquierdo,M15 Sabadell,2019-09-30,R16,ITF main draw,2019,2019-21,"Result, no statistics",True,True,False,False,True,False,False,False,False,False,0.0,0.0,0.0,0.0,0.0,0.0,0.0,0.0
S0GZ:atp:2019/1707/ms016:H0DU,Nikolas Sanchez Izquierdo,M15 Sabadell,2019-09-30,R32,ITF main draw,2019,2019-21,"Result, no statistics",True,True,False,False,True,False,False,False,False,False,0.0,0.0,0.0,0.0,0.0,0.0,0.0,0.0
S0GZ:atp:2019/1709/ms027:G0AV,Nikolas Sanchez Izquierdo,M25 Riba - Roja de Turia,2019-10-07,R32,ITF main draw,2019,2019-21,"Result, no statistics",True,True,True,False,False,True,False,False,False,False,0.0,0.0,0.0,0.0,0.0,0.0,0.0,0.0
S0GZ:atp:2019/8344/ms016:D0CN,Nikolas Sanchez Izquierdo,M15 Benicarlo,2019-10-21,R32,ITF main draw,2019,2019-21,"Result, no statistics",True,True,True,False,False,True,False,False,False,False,0.0,0.0,0.0,0.0,0.0,0.0,0.0,0.0
S0GZ:atp:2020/8146/ms001:MI08,Nikolas Sanchez Izquierdo,M15 Cairo,2020-01-13,F,ITF main draw,2020,2019-21,"Result, no statistics",True,True,True,False,False,True,False,False,False,False,0.0,0.0,0.0,0.0,0.0,0.0,0.0,0.0
S0GZ:atp:2020/8146/ms003:CH19,Nikolas Sanchez Izquierdo,M15 Cairo,2020-01-13,SF,ITF main draw,2020,2019-21,"Result, no statistics",True,True,True,False,False,True,False,False,False,False,0.0,0.0,0.0,0.0,0.0,0.0,0.0,0.0
S0GZ:atp:2020/8146/ms007:HH36,Nikolas Sanchez Izquierdo,M15 Cairo,2020-01-13,QF,ITF main draw,2020,2019-21,"Result, no statistics",True,True,True,False,False,True,False,False,False,False,0.0,0.0,0.0,0.0,0.0,0.0,0.0,0.0
S0GZ:atp:2020/8146/ms015:VA67,Nikolas Sanchez Izquierdo,M15 Cairo,2020-01-13,R16,ITF main draw,2020,2019-21,"Result, no statistics",True,True,True,False,False,True,False,False,False,False,0.0,0.0,0.0,0.0,0.0,0.0,0.0,0.0
S0GZ:atp:2020/8146/ms031:J738,Nikolas Sanchez Izquierdo,M15 Cairo,2020-01-13,R32,ITF main draw,2020,2019-21,"Result, no statistics",True,True,True,False,False,True,False,False,False,False,0.0,0.0,0.0,0.0,0.0,0.0,0.0,0.0
S0GZ:atp:2020/8152/ms001:PL53,Nikolas Sanchez Izquierdo,M15 Cairo,2020-01-20,F,ITF main draw,2020,2019-21,"Result, no statistics",True,True,False,False,True,False,False,False,False,False,0.0,0.0,0.0,0.0,0.0,0.0,0.0,0.0
S0GZ:atp:2020/8152/ms002:PG69,Nikolas Sanchez Izquierdo,M15 Cairo,2020-01-20,SF,ITF main draw,2020,2019-21,"Result, no statistics",True,True,False,False,True,False,False,False,False,False,0.0,0.0,0.0,0.0,0.0,0.0,0.0,0.0
S0GZ:atp:2020/8152/ms004:F0DD,Nikolas Sanchez Izquierdo,M15 Cairo,2020-01-20,QF,ITF main draw,2020,2019-21,"Result, no statistics",True,True,False,False,True,False,False,False,False,False,0.0,0.0,0.0,0.0,0.0,0.0,0.0,0.0
S0GZ:atp:2020/8152/ms008:RH90,Nikolas Sanchez Izquierdo,M15 Cairo,2020-01-20,R16,ITF main draw,2020,2019-21,"Result, no statistics",True,True,True,False,False,True,False,False,False,False,0.0,0.0,0.0,0.0,0.0,0.0,0.0,0.0
S0GZ:atp:2020/8152/ms016:CO01,Nikolas Sanchez Izquierdo,M15 Cairo,2020-01-20,R32,ITF main draw,2020,2019-21,"Result, no statistics",True,True,True,False,False,True,False,False,False,False,0.0,0.0,0.0,0.0,0.0,0.0,0.0,0.0
S0GZ:atp:2020/8148/ms001:O635,Nikolas Sanchez Izquierdo,M15 Palmanova,2020-02-10,F,ITF main draw,2020,2019-21,"Result, no statistics",True,True,False,False,True,False,False,False,False,False,0.0,0.0,0.0,0.0,0.0,0.0,0.0,0.0
S0GZ:atp:2020/8148/ms003:HA33,Nikolas Sanchez Izquierdo,M15 Palmanova,2020-02-10,SF,ITF main draw,2020,2019-21,"Result, no statistics",True,True,False,False,True,False,False,False,False,False,0.0,0.0,0.0,0.0,0.0,0.0,0.0,0.0
S0GZ:atp:2020/8148/ms007:PL53,Nikolas Sanchez Izquierdo,M15 Palmanova,2020-02-10,QF,ITF main draw,2020,2019-21,"Result, no statistics",True,True,False,False,True,False,False,False,False,False,0.0,0.0,0.0,0.0,0.0,0.0,0.0,0.0
S0GZ:atp:2020/8148/ms015:P0CT,Nikolas Sanchez Izquierdo,M15 Palmanova,2020-02-10,R16,ITF main draw,2020,2019-21,"Result, no statistics",True,True,False,False,True,False,False,False,False,False,0.0,0.0,0.0,0.0,0.0,0.0,0.0,0.0
S0GZ:atp:2020/8148/ms031:S0O1,Nikolas Sanchez Izquierdo,M15 Palmanova,2020-02-10,R32,ITF main draw,2020,2019-21,"Result, no statistics",True,True,False,False,True,False,False,False,False,False,0.0,0.0,0.0,0.0,0.0,0.0,0.0,0.0
S0GZ:atp:2020/8180/ms001:F0BT,Nikolas Sanchez Izquierdo,M15 Antalya,2020-02-17,F,ITF main draw,2020,2019-21,"Result, no statistics",True,True,True,False,False,True,False,False,False,False,0.0,0.0,0.0,0.0,0.0,0.0,0.0,0.0
S0GZ:atp:2020/8180/ms002:HB35,Nikolas Sanchez Izquierdo,M15 Antalya,2020-02-17,SF,ITF main draw,2020,2019-21,"Result, no statistics",True,True,True,False,False,True,False,False,False,False,0.0,0.0,0.0,0.0,0.0,0.0,0.0,0.0
S0GZ:atp:2020/8180/ms005:BM45,Nikolas Sanchez Izquierdo,M15 Antalya,2020-02-17,QF,ITF main draw,2020,2019-21,"Result, no statistics",True,True,True,False,False,True,False,False,False,False,0.0,0.0,0.0,0.0,0.0,0.0,0.0,0.0
S0GZ:atp:2020/8180/ms010:MO35,Nikolas Sanchez Izquierdo,M15 Antalya,2020-02-17,R16,ITF main draw,2020,2019-21,"Result, no statistics",True,True,True,False,False,True,False,False,False,False,0.0,0.0,0.0,0.0,0.0,0.0,0.0,0.0
S0GZ:atp:2020/8180/ms020:I09I,Nikolas Sanchez Izquierdo,M15 Antalya,2020-02-17,R32,ITF main draw,2020,2019-21,"Result, no statistics",True,True,True,False,False,True,False,False,False,False,0.0,0.0,0.0,0.0,0.0,0.0,0.0,0.0
S0GZ:atp:2020/8230/ms013:KC33,Nikolas Sanchez Izquierdo,M25 Antalya,2020-02-24,R16,ITF main draw,2020,2019-21,"Result, no statistics",True,True,True,False,False,True,False,False,False,False,0.0,0.0,0.0,0.0,0.0,0.0,0.0,0.0
S0GZ:atp:2020/8230/ms026:V0B2,Nikolas Sanchez Izquierdo,M25 Antalya,2020-02-24,R32,ITF main draw,2020,2019-21,"Result, no statistics",True,True,True,False,False,True,False,False,False,False,0.0,0.0,0.0,0.0,0.0,0.0,0.0,0.0
S0GZ:atp:2020/8238/ms024:E830,Nikolas Sanchez Izquierdo,M25 Murcia,2020-03-02,R32,ITF main draw,2020,2019-21,"Result, no statistics",True,True,True,False,False,True,False,False,False,False,0.0,0.0,0.0,0.0,0.0,0.0,0.0,0.0
S0GZ:atp:2020/8392/qs014:GH92,Nikolas Sanchez Izquierdo,Todi,2020-08-17,Q1,Challenger qualifying,2020,2019-21,Result + serve/return totals,True,True,False,False,False,True,False,False,False,False,0.336,0.0,0.0,0.0,0.0,0.0,0.0,0.0
S0GZ:atp:2020/9401/ms003:HA33,Nikolas Sanchez Izquierdo,M15 Anif,2020-08-24,SF,ITF main draw,2020,2019-21,"Result, no statistics",True,True,False,False,True,False,False,False,False,False,0.0,0.0,0.0,0.0,0.0,0.0,0.0,0.0
S0GZ:atp:2020/9401/ms007:DB93,Nikolas Sanchez Izquierdo,M15 Anif,2020-08-24,QF,ITF main draw,2020,2019-21,"Result, no statistics",True,True,False,False,True,False,False,False,False,False,0.0,0.0,0.0,0.0,0.0,0.0,0.0,0.0
S0GZ:atp:2020/9401/ms015:F0A4,Nikolas Sanchez Izquierdo,M15 Anif,2020-08-24,R16,ITF main draw,2020,2019-21,"Result, no statistics",True,True,True,False,False,True,False,False,False,False,0.0,0.0,0.0,0.0,0.0,0.0,0.0,0.0
S0GZ:atp:2020/9401/ms031:A0CJ,Nikolas Sanchez Izquierdo,M15 Anif,2020-08-24,R32,ITF main draw,2020,2019-21,"Result, no statistics",True,True,True,False,False,True,False,False,False,False,0.0,0.0,0.0,0.0,0.0,0.0,0.0,0.0
S0GZ:atp:2020/6595/ms026:CG04,Nikolas Sanchez Izquierdo,M25 Prague,2020-09-14,R32,ITF main draw,2020,2019-21,"Result, no statistics",True,True,False,False,True,False,False,False,False,False,0.0,0.0,0.0,0.0,0.0,0.0,0.0,0.0
S0GZ:atp:2020/9357/ms020:CE25,Nikolas Sanchez Izquierdo,Forli,2020-09-21,R32,Challenger main draw,2020,2019-21,Result + serve/return totals,True,True,False,False,True,False,False,False,False,False,0.553,0.0,0.0,0.0,0.0,0.0,0.0,0.0
S0GZ:atp:2020/9357/qs005:RC04,Nikolas Sanchez Izquierdo,Forli,2020-09-21,Q2,Challenger qualifying,2020,2019-21,Result + serve/return totals,True,True,False,False,True,False,False,False,False,False,0.336,0.0,0.0,0.0,0.0,0.0,0.0,0.0
S0GZ:atp:2020/9357/qs011:SO96,Nikolas Sanchez Izquierdo,Forli,2020-09-21,Q1,Challenger qualifying,2020,2019-21,Result + serve/return totals,True,True,False,False,True,False,False,False,False,False,0.336,0.0,0.0,0.0,0.0,0.0,0.0,0.0
S0GZ:atp:2020/7461/ms025:C0C8,Nikolas Sanchez Izquierdo,M25 Pardubice,2020-09-28,R32,ITF main draw,2020,2019-21,"Result, no statistics",True,True,False,False,True,False,False,False,False,False,0.0,0.0,0.0,0.0,0.0,0.0,0.0,0.0
S0GZ:atp:2020/9132/qs007:N0AE,Nikolas Sanchez Izquierdo,Barcelona,2020-10-05,Q2,Challenger qualifying,2020,2019-21,Result + serve/return totals,True,True,False,False,False,True,False,False,False,False,0.336,0.0,0.0,0.0,0.0,0.0,0.0,0.0
S0GZ:atp:2020/9132/qs015:BK19,Nikolas Sanchez Izquierdo,Barcelona,2020-10-05,Q1,Challenger qualifying,2020,2019-21,Result + serve/return totals,True,True,False,False,True,False,False,False,False,False,0.336,0.0,0.0,0.0,0.0,0.0,0.0,0.0
S0GZ:atp:2020/812/ms023:D917,Nikolas Sanchez Izquierdo,M25 Rodez,2020-10-12,R32,ITF main draw,2020,2019-21,"Result, no statistics",True,True,True,False,False,True,False,False,False,False,0.0,0.0,0.0,0.0,0.0,0.0,0.0,0.0
S0GZ:atp:2020/2136/ms030:V942,Nikolas Sanchez Izquierdo,M25 Hamburg,2020-10-19,R32,ITF main draw,2020,2019-21,"Result, no statistics",True,True,True,False,False,True,False,False,False,False,0.0,0.0,0.0,0.0,0.0,0.0,0.0,0.0
S0GZ:atp:2020/7181/ms012:CG04,Nikolas Sanchez Izquierdo,M25 Vale do Lobo,2020-10-26,R16,ITF main draw,2020,2019-21,"Result, no statistics",True,True,True,False,False,True,False,False,False,False,0.0,0.0,0.0,0.0,0.0,0.0,0.0,0.0
S0GZ:atp:2020/7181/ms025:R0A7,Nikolas Sanchez Izquierdo,M25 Vale do Lobo,2020-10-26,R32,ITF main draw,2020,2019-21,"Result, no statistics",True,True,True,False,False,True,False,False,False,False,0.0,0.0,0.0,0.0,0.0,0.0,0.0,0.0
S0GZ:atp:2020/1704/ms003:BV25,Nikolas Sanchez Izquierdo,M15 Valldoriex,2020-11-09,SF,ITF main draw,2020,2019-21,"Result, no statistics",True,True,False,False,True,False,False,False,False,False,0.0,0.0,0.0,0.0,0.0,0.0,0.0,0.0
S0GZ:atp:2020/1704/ms006:CG04,Nikolas Sanchez Izquierdo,M15 Valldoriex,2020-11-09,QF,ITF main draw,2020,2019-21,"Result, no statistics",True,True,True,False,False,True,False,False,False,False,0.0,0.0,0.0,0.0,0.0,0.0,0.0,0.0
S0GZ:atp:2020/1704/ms013:MW18,Nikolas Sanchez Izquierdo,M15 Valldoriex,2020-11-09,R16,ITF main draw,2020,2019-21,"Result, no statistics",True,True,True,False,False,True,False,False,False,False,0.0,0.0,0.0,0.0,0.0,0.0,0.0,0.0
S0GZ:atp:2020/1704/ms027:V09T,Nikolas Sanchez Izquierdo,M15 Valldoriex,2020-11-09,R32,ITF main draw,2020,2019-21,"Result, no statistics",True,True,True,False,False,True,False,False,False,False,0.0,0.0,0.0,0.0,0.0,0.0,0.0,0.0
S0GZ:atp:2020/1705/ms002:TA29,Nikolas Sanchez Izquierdo,M15 Villena,2020-11-16,SF,ITF main draw,2020,2019-21,"Result, no statistics",True,True,False,False,True,False,False,False,False,False,0.0,0.0,0.0,0.0,0.0,0.0,0.0,0.0
S0GZ:atp:2020/1705/ms005:PL53,Nikolas Sanchez Izquierdo,M15 Villena,2020-11-16,QF,ITF main draw,2020,2019-21,"Result, no statistics",True,True,False,False,True,False,False,False,False,False,0.0,0.0,0.0,0.0,0.0,0.0,0.0,0.0
S0GZ:atp:2020/1705/ms010:GE28,Nikolas Sanchez Izquierdo,M15 Villena,2020-11-16,R16,ITF main draw,2020,2019-21,"Result, no statistics",True,True,False,False,True,False,False,False,False,False,0.0,0.0,0.0,0.0,0.0,0.0,0.0,0.0
S0GZ:atp:2020/1705/ms020:MW18,Nikolas Sanchez Izquierdo,M15 Villena,2020-11-16,R32,ITF main draw,2020,2019-21,"Result, no statistics",True,True,False,False,True,False,False,False,False,False,0.0,0.0,0.0,0.0,0.0,0.0,0.0,0.0
S0GZ:atp:2020/8312/qs005:A0CJ,Nikolas Sanchez Izquierdo,Maia,2020-11-30,Q2,Challenger qualifying,2020,2019-21,Result + serve/return totals,True,True,False,False,True,False,False,False,False,False,0.336,0.0,0.0,0.0,0.0,0.0,0.0,0.0
S0GZ:atp:2020/8312/qs011:H808,Nikolas Sanchez Izquierdo,Maia,2020-11-30,Q1,Challenger qualifying,2020,2019-21,Result + serve/return totals,True,True,False,False,True,False,False,False,False,False,0.336,0.0,0.0,0.0,0.0,0.0,0.0,0.0
S0GZ:atp:2021/398/qs014:AC55,Nikolas Sanchez Izquierdo,Cherbourg,2021-02-08,Q1,Challenger qualifying,2021,2019-21,Result + serve/return totals,True,True,False,False,True,False,False,False,False,False,0.336,0.0,0.0,0.0,0.0,0.0,0.0,0.0
S0GZ:atp:2021/9456/qs005:MV14,Nikolas Sanchez Izquierdo,Gran Canaria 1,2021-02-22,Q2,Challenger qualifying,2021,2019-21,Result + serve/return totals,True,True,False,False,True,False,False,False,False,False,0.336,0.0,0.0,0.0,0.0,0.0,0.0,0.0
S0GZ:atp:2021/9456/qs011:Q02I,Nikolas Sanchez Izquierdo,Gran Canaria 1,2021-02-22,Q1,Challenger qualifying,2021,2019-21,Missing,True,True,False,False,True,False,False,False,False,False,0.336,0.0,0.0,0.0,0.0,0.0,0.0,0.0
S0GZ:atp:2021/9458/ms014:G983,Nikolas Sanchez Izquierdo,Gran Canaria 2,2021-03-01,R16,Challenger main draw,2021,2019-21,Result + serve/return totals,True,True,False,False,True,False,False,False,False,False,0.553,0.0,0.0,0.0,0.0,0.0,0.0,0.0
S0GZ:atp:2021/9458/ms029:PH64,Nikolas Sanchez Izquierdo,Gran Canaria 2,2021-03-01,R32,Challenger main draw,2021,2019-21,Result + serve/return totals,True,True,False,False,True,False,False,False,False,False,0.553,0.0,0.0,0.0,0.0,0.0,0.0,0.0
S0GZ:atp:2021/8153/ms001:N0AM,Nikolas Sanchez Izquierdo,M15 La Nucia,2021-03-08,F,ITF main draw,2021,2019-21,"Result, no statistics",True,True,True,False,False,True,False,False,False,False,0.0,0.0,0.0,0.0,0.0,0.0,0.0,0.0
S0GZ:atp:2021/8153/ms003:L0CX,Nikolas Sanchez Izquierdo,M15 La Nucia,2021-03-08,SF,ITF main draw,2021,2019-21,"Result, no statistics",True,True,True,False,False,True,False,False,False,False,0.0,0.0,0.0,0.0,0.0,0.0,0.0,0.0
S0GZ:atp:2021/8153/ms006:K0BJ,Nikolas Sanchez Izquierdo,M15 La Nucia,2021-03-08,QF,ITF main draw,2021,2019-21,"Result, no statistics",True,True,True,False,False,True,False,False,False,False,0.0,0.0,0.0,0.0,0.0,0.0,0.0,0.0
S0GZ:atp:2021/8153/ms013:S09Y,Nikolas Sanchez Izquierdo,M15 La Nucia,2021-03-08,R16,ITF main draw,2021,2019-21,"Result, no statistics",True,True,False,False,True,False,False,False,False,False,0.0,0.0,0.0,0.0,0.0,0.0,0.0,0.0
S0GZ:atp:2021/8153/ms027:M0GZ,Nikolas Sanchez Izquierdo,M15 La Nucia,2021-03-08,R32,ITF main draw,2021,2019-21,"Result, no statistics",True,True,False,False,True,False,False,False,False,False,0.0,0.0,0.0,0.0,0.0,0.0,0.0,0.0
S0GZ:atp:2021/9472/ms008:ML57,Nikolas Sanchez Izquierdo,Zadar,2021-03-22,R16,Challenger main draw,2021,2019-21,Result + serve/return totals,True,True,True,False,False,True,False,False,False,False,0.553,0.0,0.0,0.0,0.0,0.0,0.0,0.0
S0GZ:atp:2021/9472/ms017:PH42,Nikolas Sanchez Izquierdo,Zadar,2021-03-22,R32,Challenger main draw,2021,2019-21,Result + serve/return totals,True,True,True,False,False,True,False,False,False,False,0.553,0.0,0.0,0.0,0.0,0.0,0.0,0.0
S0GZ:atp:2021/9472/qs005:ML73,Nikolas Sanchez Izquierdo,Zadar,2021-03-22,Q2,Challenger qualifying,2021,2019-21,Result + serve/return totals,True,True,True,False,False,True,False,False,False,False,0.336,0.0,0.0,0.0,0.0,0.0,0.0,0.0
S0GZ:atp:2021/9472/qs010:C0E9,Nikolas Sanchez Izquierdo,Zadar,2021-03-22,Q1,Challenger qualifying,2021,2019-21,Result + serve/return totals,True,True,False,False,False,True,False,False,False,False,0.336,0.0,0.0,0.0,0.0,0.0,0.0,0.0
S0GZ:atp:2021/7878/ms028:D923,Nikolas Sanchez Izquierdo,Marbella,2021-03-29,R32,Challenger main draw,2021,2019-21,Result + serve/return totals,True,True,True,False,False,True,False,False,False,False,0.553,0.0,0.0,0.0,0.0,0.0,0.0,0.0
S0GZ:atp:2021/7878/qs007:S0GR,Nikolas Sanchez Izquierdo,Marbella,2021-03-29,Q2,Challenger qualifying,2021,2019-21,Result + serve/return totals,True,True,True,False,False,True,False,False,False,False,0.336,0.0,0.0,0.0,0.0,0.0,0.0,0.0
S0GZ:atp:2021/7878/qs014:G0EJ,Nikolas Sanchez Izquierdo,Marbella,2021-03-29,Q1,Challenger qualifying,2021,2019-21,Result + serve/return totals,True,True,False,False,False,True,False,False,False,False,0.336,0.0,0.0,0.0,0.0,0.0,0.0,0.0
S0GZ:atp:2021/8211/ms013:D0DW,Nikolas Sanchez Izquierdo,M25 Reus,2021-04-12,R16,ITF main draw,2021,2019-21,"Result, no statistics",True,True,True,False,False,True,False,False,False,False,0.0,0.0,0.0,0.0,0.0,0.0,0.0,0.0
S0GZ:atp:2021/8211/ms027:J0AZ,Nikolas Sanchez Izquierdo,M25 Reus,2021-04-12,R32,ITF main draw,2021,2019-21,"Result, no statistics",True,True,True,False,False,True,False,False,False,False,0.0,0.0,0.0,0.0,0.0,0.0,0.0,0.0
S0GZ:atp:2021/8183/ms027:F664,Nikolas Sanchez Izquierdo,M25 Angers,2021-04-19,R32,ITF main draw,2021,2019-21,"Result, no statistics",True,True,True,False,False,True,False,False,False,False,0.0,0.0,0.0,0.0,0.0,0.0,0.0,0.0
S0GZ:atp:2021/829/ms029:D0C1,Nikolas Sanchez Izquierdo,M25 Prague,2021-05-10,R32,ITF main draw,2021,2019-21,"Result, no statistics",True,True,False,False,True,False,False,False,False,False,0.0,0.0,0.0,0.0,0.0,0.0,0.0,0.0
S0GZ:atp:2021/844/ms025:W09X,Nikolas Sanchez Izquierdo,M25 Vic,2021-05-17,R32,ITF main draw,2021,2019-21,"Result, no statistics",True,True,False,False,True,False,False,False,False,False,0.0,0.0,0.0,0.0,0.0,0.0,0.0,0.0
S0GZ:atp:2021/9505/ms007:S0GR,Nikolas Sanchez Izquierdo,Oeiras 4,2021-05-24,QF,Challenger main draw,2021,2019-21,Result + serve/return totals,True,True,False,False,True,False,False,False,False,False,0.553,0.0,0.0,0.0,0.0,0.0,0.0,0.0
S0GZ:atp:2021/9505/ms015:W857,Nikolas Sanchez Izquierdo,Oeiras 4,2021-05-24,R16,Challenger main draw,2021,2019-21,Result + serve/return totals,True,True,False,False,True,False,False,False,False,False,0.553,0.0,0.0,0.0,0.0,0.0,0.0,0.0
S0GZ:atp:2021/9505/ms030:BU54,Nikolas Sanchez Izquierdo,Oeiras 4,2021-05-24,R32,Challenger main draw,2021,2019-21,Result + serve/return totals,True,True,False,False,True,False,False,False,False,False,0.553,0.0,0.0,0.0,0.0,0.0,0.0,0.0
S0GZ:atp:2021/9505/qs005:CN78,Nikolas Sanchez Izquierdo,Oeiras 4,2021-05-24,Q2,Challenger qualifying,2021,2019-21,Result + serve/return totals,True,True,False,False,True,False,False,False,False,False,0.336,0.0,0.0,0.0,0.0,0.0,0.0,0.0
S0GZ:atp:2021/9505/qs011:G0F4,Nikolas Sanchez Izquierdo,Oeiras 4,2021-05-24,Q1,Challenger qualifying,2021,2019-21,Result + serve/return totals,True,True,False,False,True,False,False,False,False,False,0.336,0.0,0.0,0.0,0.0,0.0,0.0,0.0
S0GZ:atp:2021/7536/qs013:E830,Nikolas Sanchez Izquierdo,Lyon,2021-06-07,Q1,Challenger qualifying,2021,2019-21,Result + serve/return totals,True,True,False,False,True,False,False,False,False,False,0.336,0.0,0.0,0.0,0.0,0.0,0.0,0.0
S0GZ:atp:2021/7009/ms017:GH33,Nikolas Sanchez Izquierdo,Aix en Provence,2021-06-14,R32,Challenger main draw,2021,2019-21,Result + serve/return totals,True,True,False,False,True,False,False,False,False,False,0.553,0.0,0.0,0.0,0.0,0.0,0.0,0.0
S0GZ:atp:2021/7009/qs005:GG65,Nikolas Sanchez Izquierdo,Aix en Provence,2021-06-14,Q2,Challenger qualifying,2021,2019-21,Result + serve/return totals,True,True,False,False,True,False,False,False,False,False,0.336,0.0,0.0,0.0,0.0,0.0,0.0,0.0
S0GZ:atp:2021/7009/qs010:MO41,Nikolas Sanchez Izquierdo,Aix en Provence,2021-06-14,Q1,Challenger qualifying,2021,2019-21,Result + serve/return totals,True,True,False,False,True,False,False,False,False,False,0.336,0.0,0.0,0.0,0.0,0.0,0.0,0.0
S0GZ:atp:2021/3463/qs013:LF26,Nikolas Sanchez Izquierdo,Milan,2021-06-21,Q1,Challenger qualifying,2021,2019-21,Result + serve/return totals,True,True,False,False,False,True,False,False,False,False,0.336,0.0,0.0,0.0,0.0,0.0,0.0,0.0
S0GZ:atp:2021/347/ms009:W09B,Nikolas Sanchez Izquierdo,M25 Bourg-en-Bresse,2021-06-28,R16,ITF main draw,2021,2019-21,"Result, no statistics",True,True,True,False,False,True,False,False,False,False,0.0,0.0,0.0,0.0,0.0,0.0,0.0,0.0
S0GZ:atp:2021/347/ms019:E678,Nikolas Sanchez Izquierdo,M25 Bourg-en-Bresse,2021-06-28,R32,ITF main draw,2021,2019-21,"Result, no statistics",True,True,True,False,False,True,False,False,False,False,0.0,0.0,0.0,0.0,0.0,0.0,0.0,0.0
S0GZ:atp:2021/599/ms005:BO10,Nikolas Sanchez Izquierdo,M25 Casinalbo,2021-07-05,QF,ITF main draw,2021,2019-21,"Result, no statistics",True,True,True,False,False,True,False,False,False,False,0.0,0.0,0.0,0.0,0.0,0.0,0.0,0.0
S0GZ:atp:2021/599/ms010:RE27,Nikolas Sanchez Izquierdo,M25 Casinalbo,2021-07-05,R16,ITF main draw,2021,2019-21,"Result, no statistics",True,True,True,False,False,True,False,False,False,False,0.0,0.0,0.0,0.0,0.0,0.0,0.0,0.0
S0GZ:atp:2021/599/ms020:RB73,Nikolas Sanchez Izquierdo,M25 Casinalbo,2021-07-05,R32,ITF main draw,2021,2019-21,"Result, no statistics",True,True,True,False,False,True,False,False,False,False,0.0,0.0,0.0,0.0,0.0,0.0,0.0,0.0
S0GZ:atp:2021/8394/ms022:I0A7,Nikolas Sanchez Izquierdo,Iasi,2021-07-12,R32,Challenger main draw,2021,2019-21,Result + serve/return totals,True,True,True,False,False,True,False,False,False,False,0.553,0.0,0.0,0.0,0.0,0.0,0.0,0.0
S0GZ:atp:2021/783/ms016:L397,Nikolas Sanchez Izquierdo,Segovia,2021-07-26,R32,Challenger main draw,2021,2019-21,Result + serve/return totals,True,True,True,False,False,True,False,False,False,False,0.553,0.0,0.0,0.0,0.0,0.0,0.0,0.0
S0GZ:atp:2021/2120/qs009:F0A4,Nikolas Sanchez Izquierdo,Cordenons,2021-08-02,Q1,Challenger qualifying,2021,2019-21,Result + serve/return totals,True,True,False,False,False,True,False,False,False,False,0.336,0.0,0.0,0.0,0.0,0.0,0.0,0.0
S0GZ:atp:2021/9540/qs006:LF26,Nikolas Sanchez Izquierdo,San Marino,2021-08-09,Q2,Challenger qualifying,2021,2019-21,Result + serve/return totals,True,True,True,True,False,True,False,False,False,False,0.336,0.0,0.0,0.0,0.0,0.0,0.0,0.0
S0GZ:atp:2021/9540/qs013:A0FC,Nikolas Sanchez Izquierdo,San Marino,2021-08-09,Q1,Challenger qualifying,2021,2019-21,Result + serve/return totals,True,True,True,False,False,True,False,False,False,False,0.336,0.0,0.0,0.0,0.0,0.0,0.0,0.0
S0GZ:atp:2021/1520/ms001:D0CG,Nikolas Sanchez Izquierdo,M25 Prostejov,2021-08-16,F,ITF main draw,2021,2019-21,"Result, no statistics",True,True,False,False,True,False,False,False,False,False,0.0,0.0,0.0,0.0,0.0,0.0,0.0,0.0
S0GZ:atp:2021/1520/ms003:RG42,Nikolas Sanchez Izquierdo,M25 Prostejov,2021-08-16,SF,ITF main draw,2021,2019-21,"Result, no statistics",True,True,False,False,True,False,False,False,False,False,0.0,0.0,0.0,0.0,0.0,0.0,0.0,0.0
S0GZ:atp:2021/1520/ms006:P09O,Nikolas Sanchez Izquierdo,M25 Prostejov,2021-08-16,QF,ITF main draw,2021,2019-21,"Result, no statistics",True,True,False,False,True,False,False,False,False,False,0.0,0.0,0.0,0.0,0.0,0.0,0.0,0.0
S0GZ:atp:2021/1520/ms013:K0FY,Nikolas Sanchez Izquierdo,M25 Prostejov,2021-08-16,R16,ITF main draw,2021,2019-21,"Result, no statistics",True,True,False,False,True,False,False,False,False,False,0.0,0.0,0.0,0.0,0.0,0.0,0.0,0.0
S0GZ:atp:2021/1520/ms027:P0BQ,Nikolas Sanchez Izquierdo,M25 Prostejov,2021-08-16,R32,ITF main draw,2021,2019-21,"Result, no statistics",True,True,True,False,False,True,False,False,False,False,0.0,0.0,0.0,0.0,0.0,0.0,0.0,0.0
S0GZ:atp:2021/9550/ms026:AA27,Nikolas Sanchez Izquierdo,Prague III,2021-08-23,R32,Challenger main draw,2021,2019-21,Result + serve/return totals,True,True,False,False,True,False,False,False,False,False,0.553,0.0,0.0,0.0,0.0,0.0,0.0,0.0
S0GZ:atp:2021/784/ms019:BS86,Nikolas Sanchez Izquierdo,Seville,2021-09-06,R32,Challenger main draw,2021,2019-21,Result + serve/return totals,True,True,False,False,True,False,False,False,False,False,0.553,0.0,0.0,0.0,0.0,0.0,0.0,0.0
S0GZ:atp:2021/1702/ms002:N0BG,Nikolas Sanchez Izquierdo,M25 Madrid,2021-09-13,SF,ITF main draw,2021,2019-21,"Result, no statistics",True,True,False,False,False,True,False,False,False,False,0.0,0.0,0.0,0.0,0.0,0.0,0.0,0.0
S0GZ:atp:2021/1702/ms005:M0JZ,Nikolas Sanchez Izquierdo,M25 Madrid,2021-09-13,QF,ITF main draw,2021,2019-21,"Result, no statistics",True,True,True,False,False,True,False,False,False,False,0.0,0.0,0.0,0.0,0.0,0.0,0.0,0.0
S0GZ:atp:2021/1702/ms010:B0GB,Nikolas Sanchez Izquierdo,M25 Madrid,2021-09-13,R16,ITF main draw,2021,2019-21,"Result, no statistics",True,True,True,False,False,True,False,False,False,False,0.0,0.0,0.0,0.0,0.0,0.0,0.0,0.0
S0GZ:atp:2021/1702/ms020:D0CG,Nikolas Sanchez Izquierdo,M25 Madrid,2021-09-13,R32,ITF main draw,2021,2019-21,"Result, no statistics",True,True,False,False,True,False,False,False,False,False,0.0,0.0,0.0,0.0,0.0,0.0,0.0,0.0
S0GZ:atp:2021/7913/ms003:MM66,Nikolas Sanchez Izquierdo,Braga,2021-09-20,SF,Challenger main draw,2021,2019-21,Result + serve/return totals,True,True,False,False,False,True,False,False,False,False,0.553,0.0,0.0,0.0,0.0,0.0,0.0,0.0
S0GZ:atp:2021/7913/ms007:DA81,Nikolas Sanchez Izquierdo,Braga,2021-09-20,QF,Challenger main draw,2021,2019-21,Result + serve/return totals,True,True,True,False,False,True,False,False,False,False,0.553,0.0,0.0,0.0,0.0,0.0,0.0,0.0
S0GZ:atp:2021/7913/ms014:CC66,Nikolas Sanchez Izquierdo,Braga,2021-09-20,R16,Challenger main draw,2021,2019-21,Result + serve/return totals,True,True,True,False,False,True,False,False,False,False,0.553,0.0,0.0,0.0,0.0,0.0,0.0,0.0
S0GZ:atp:2021/7913/ms028:D916,Nikolas Sanchez Izquierdo,Braga,2021-09-20,R32,Challenger main draw,2021,2019-21,Result + serve/return totals,True,True,True,False,False,True,False,False,False,False,0.553,0.0,0.0,0.0,0.0,0.0,0.0,0.0
S0GZ:atp:2021/7913/qs006:F664,Nikolas Sanchez Izquierdo,Braga,2021-09-20,Q2,Challenger qualifying,2021,2019-21,Result + serve/return totals,True,True,False,False,False,True,False,False,False,False,0.336,0.0,0.0,0.0,0.0,0.0,0.0,0.0
S0GZ:atp:2021/7913/qs012:R0GO,Nikolas Sanchez Izquierdo,Braga,2021-09-20,Q1,Challenger qualifying,2021,2019-21,Result + serve/return totals,True,True,False,False,False,True,False,False,False,False,0.336,0.0,0.0,0.0,0.0,0.0,0.0,0.0
S0GZ:atp:2021/9171/ms031:GJ37,Nikolas Sanchez Izquierdo,Murcia,2021-09-27,R32,Challenger main draw,2021,2019-21,Result + serve/return totals,True,True,True,False,False,True,False,False,False,False,0.553,0.0,0.0,0.0,0.0,0.0,0.0,0.0
S0GZ:atp:2021/9132/ms025:G681,Nikolas Sanchez Izquierdo,Barcelona,2021-10-04,R32,Challenger main draw,2021,2019-21,Result + serve/return totals,True,True,False,False,False,True,False,False,False,False,0.553,0.0,0.0,0.0,0.0,0.0,0.0,0.0
S0GZ:atp:2021/7395/ms021:FA43,Nikolas Sanchez Izquierdo,Buenos Aires,2021-10-18,R32,Challenger main draw,2021,2019-21,Result + serve/return totals,True,True,True,False,False,True,False,False,False,False,0.553,0.0,0.0,0.0,0.0,0.0,0.0,0.0
S0GZ:atp:2021/9162/qs004:K0BJ,Nikolas Sanchez Izquierdo,Pau,2021-11-15,Q2,Challenger qualifying,2021,2019-21,Result + serve/return totals,True,True,True,True,False,True,False,False,False,False,0.336,0.0,0.0,0.0,0.0,0.0,0.0,0.0
S0GZ:atp:2021/9162/qs008:M09U,Nikolas Sanchez Izquierdo,Pau,2021-11-15,Q1,Challenger qualifying,2021,2019-21,Result + serve/return totals,True,True,False,False,False,True,False,False,False,False,0.336,0.0,0.0,0.0,0.0,0.0,0.0,0.0
S0GZ:atp:2021/9631/ms022:C0E9,Nikolas Sanchez Izquierdo,Bari,2021-11-22,R32,Challenger main draw,2021,2019-21,Result + serve/return totals,True,True,False,False,True,False,False,False,False,False,0.553,0.0,0.0,0.0,0.0,0.0,0.0,0.0
S0GZ:atp:2021/9639/ms030:C0AK,Nikolas Sanchez Izquierdo,Antalya 3,2021-11-29,R32,Challenger main draw,2021,2019-21,Result + serve/return totals,True,True,False,False,True,False,False,False,False,False,0.553,0.0,0.0,0.0,0.0,0.0,0.0,0.0
S0GZ:atp:2021/8312/ms024:BU54,Nikolas Sanchez Izquierdo,Maia,2021-12-06,R32,Challenger main draw,2021,2019-21,Result + serve/return totals,True,True,False,False,True,False,False,False,False,False,0.553,0.0,0.0,0.0,0.0,0.0,0.0,0.0
S0GZ:atp:2021/9653/ms006:BT72,Nikolas Sanchez Izquierdo,Maia 2,2021-12-13,QF,Challenger main draw,2021,2019-21,Result + serve/return totals,True,True,False,False,True,False,False,False,False,False,0.553,0.0,0.0,0.0,0.0,0.0,0.0,0.0
S0GZ:atp:2021/9653/ms013:E698,Nikolas Sanchez Izquierdo,Maia 2,2021-12-13,R16,Challenger main draw,2021,2019-21,Result + serve/return totals,True,True,False,False,True,False,False,False,False,False,0.553,0.0,0.0,0.0,0.0,0.0,0.0,0.0
S0GZ:atp:2021/9653/ms026:BV25,Nikolas Sanchez Izquierdo,Maia 2,2021-12-13,R32,Challenger main draw,2021,2019-21,Result + serve/return totals,True,True,False,False,True,False,False,False,False,False,0.553,0.0,0.0,0.0,0.0,0.0,0.0,0.0
S0GZ:atp:2022/8135/ms001:M0HT,Nikolas Sanchez Izquierdo,M15 Villena,2022-01-31,F,ITF main draw,2022,2022-23,"Result, no statistics",True,True,True,False,False,True,False,False,False,False,0.0,0.0,0.0,0.0,0.0,0.0,0.0,0.0
S0GZ:atp:2022/8135/ms002:HB31,Nikolas Sanchez Izquierdo,M15 Villena,2022-01-31,SF,ITF main draw,2022,2022-23,"Result, no statistics",True,True,True,False,False,True,False,False,False,False,0.0,0.0,0.0,0.0,0.0,0.0,0.0,0.0
S0GZ:atp:2022/8135/ms004:CD00,Nikolas Sanchez Izquierdo,M15 Villena,2022-01-31,QF,ITF main draw,2022,2022-23,"Result, no statistics",True,True,True,False,False,True,False,False,False,False,0.0,0.0,0.0,0.0,0.0,0.0,0.0,0.0
S0GZ:atp:2022/8135/ms008:D0CN,Nikolas Sanchez Izquierdo,M15 Villena,2022-01-31,R16,ITF main draw,2022,2022-23,"Result, no statistics",True,True,False,False,True,False,False,False,False,False,0.0,0.0,0.0,0.0,0.0,0.0,0.0,0.0
S0GZ:atp:2022/8135/ms016:G0CV,Nikolas Sanchez Izquierdo,M15 Villena,2022-01-31,R32,ITF main draw,2022,2022-23,"Result, no statistics",True,True,False,False,True,False,False,False,False,False,0.0,0.0,0.0,0.0,0.0,0.0,0.0,0.0
S0GZ:atp:2022/9808/qs024:RC04,Nikolas Sanchez Izquierdo,Forli 4,2022-02-14,Q1,Challenger qualifying,2022,2022-23,Result + serve/return totals,True,True,False,False,False,True,False,False,False,False,0.336,0.0,0.0,0.0,0.0,0.0,0.0,0.0
S0GZ:atp:2022/9162/qs026:F0F1,Nikolas Sanchez Izquierdo,Pau,2022-02-21,Q1,Challenger qualifying,2022,2022-23,Result + serve/return totals,True,True,False,False,False,True,False,False,False,False,0.336,0.0,0.0,0.0,0.0,0.0,0.0,0.0
S0GZ:atp:2022/9456/ms011:A0CJ,Nikolas Sanchez Izquierdo,Gran Canaria,2022-02-28,R16,Challenger main draw,2022,2022-23,Result + serve/return totals,True,True,False,False,False,True,False,False,False,False,0.553,0.0,0.0,0.0,0.0,0.0,0.0,0.0
S0GZ:atp:2022/9456/ms023:GA79,Nikolas Sanchez Izquierdo,Gran Canaria,2022-02-28,R32,Challenger main draw,2022,2022-23,Result + serve/return totals,True,True,False,False,False,True,False,False,False,False,0.553,0.0,0.0,0.0,0.0,0.0,0.0,0.0
S0GZ:atp:2022/9817/ms002:TE16,Nikolas Sanchez Izquierdo,Roseto Degli Abruzzi 1,2022-03-07,SF,Challenger main draw,2022,2022-23,Result + serve/return totals,True,True,False,False,False,True,False,False,False,False,0.553,0.0,0.0,0.0,0.0,0.0,0.0,0.0
S0GZ:atp:2022/9817/ms005:R685,Nikolas Sanchez Izquierdo,Roseto Degli Abruzzi 1,2022-03-07,QF,Challenger main draw,2022,2022-23,Result + serve/return totals,True,True,False,False,False,True,False,False,False,False,0.553,0.0,0.0,0.0,0.0,0.0,0.0,0.0
S0GZ:atp:2022/9817/ms010:Z419,Nikolas Sanchez Izquierdo,Roseto Degli Abruzzi 1,2022-03-07,R16,Challenger main draw,2022,2022-23,Result + serve/return totals,True,True,False,False,False,True,False,False,False,False,0.553,0.0,0.0,0.0,0.0,0.0,0.0,0.0
S0GZ:atp:2022/9817/ms021:M0IF,Nikolas Sanchez Izquierdo,Roseto Degli Abruzzi 1,2022-03-07,R32,Challenger main draw,2022,2022-23,Result + serve/return totals,True,True,False,False,False,True,False,False,False,False,0.553,0.0,0.0,0.0,0.0,0.0,0.0,0.0
S0GZ:atp:2022/9817/qs008:E811,Nikolas Sanchez Izquierdo,Roseto Degli Abruzzi 1,2022-03-07,Q2,Challenger qualifying,2022,2022-23,Result + serve/return totals,True,True,False,False,False,True,False,False,False,False,0.336,0.0,0.0,0.0,0.0,0.0,0.0,0.0
S0GZ:atp:2022/9817/qs016:N480,Nikolas Sanchez Izquierdo,Roseto Degli Abruzzi 1,2022-03-07,Q1,Challenger qualifying,2022,2022-23,Result + serve/return totals,True,True,False,False,False,True,False,False,False,False,0.336,0.0,0.0,0.0,0.0,0.0,0.0,0.0
S0GZ:atp:2022/9518/qs016:W712,Nikolas Sanchez Izquierdo,Oeiras 1,2022-03-28,Q1,Challenger qualifying,2022,2022-23,Result + serve/return totals,True,True,False,False,False,True,False,False,False,False,0.336,0.0,0.0,0.0,0.0,0.0,0.0,0.0
S0GZ:atp:2022/425/qs019:GF95,Nikolas Sanchez Izquierdo,Barcelona,2022-04-18,Q1,Tour qualifying,2022,2022-23,Result + serve/return totals,True,True,False,False,False,True,False,False,False,False,0.0,0.0,0.0,0.0,0.0,0.0,0.0,0.0
S0GZ:atp:2022/9697/ms016:MH30,Nikolas Sanchez Izquierdo,Mauthausen,2022-05-02,R32,Challenger main draw,2022,2022-23,Result + serve/return totals,True,True,False,False,True,False,False,False,False,False,0.553,0.0,0.0,0.0,0.0,0.0,0.0,0.0
S0GZ:atp:2022/9697/qs011:RH62,Nikolas Sanchez Izquierdo,Mauthausen,2022-05-02,Q2,Challenger qualifying,2022,2022-23,Result + serve/return totals,True,True,False,False,True,False,False,False,False,False,0.336,0.0,0.0,0.0,0.0,0.0,0.0,0.0
S0GZ:atp:2022/9697/qs022:N663,Nikolas Sanchez Izquierdo,Mauthausen,2022-05-02,Q1,Challenger qualifying,2022,2022-23,Result + serve/return totals,True,True,False,False,False,True,False,False,False,False,0.336,0.0,0.0,0.0,0.0,0.0,0.0,0.0
S0GZ:atp:2022/460/qs013:K0DP,Nikolas Sanchez Izquierdo,Heilbronn,2022-05-09,Q2,Challenger qualifying,2022,2022-23,Result + serve/return totals,True,True,False,False,True,False,False,False,False,False,0.336,0.0,0.0,0.0,0.0,0.0,0.0,0.0
S0GZ:atp:2022/460/qs026:G0GZ,Nikolas Sanchez Izquierdo,Heilbronn,2022-05-09,Q1,Challenger qualifying,2022,2022-23,Result + serve/return totals,True,True,False,False,True,False,False,False,False,False,0.336,0.0,0.0,0.0,0.0,0.0,0.0,0.0
S0GZ:atp:2022/1541/ms012:Z371,Nikolas Sanchez Izquierdo,Tunis,2022-05-16,R16,Challenger main draw,2022,2022-23,Result + serve/return totals,True,True,False,False,True,False,False,False,False,False,0.553,0.0,0.0,0.0,0.0,0.0,0.0,0.0
S0GZ:atp:2022/1541/ms025:V717,Nikolas Sanchez Izquierdo,Tunis,2022-05-16,R32,Challenger main draw,2022,2022-23,Result + serve/return totals,True,True,False,False,True,False,False,False,False,False,0.553,0.0,0.0,0.0,0.0,0.0,0.0,0.0
S0GZ:atp:2022/331/ms031:LF29,Nikolas Sanchez Izquierdo,M25 Mataro,2022-05-23,R32,ITF main draw,2022,2022-23,"Result, no statistics",True,True,False,False,True,False,False,False,False,False,0.0,0.0,0.0,0.0,0.0,0.0,0.0,0.0
S0GZ:atp:2022/6757/ms007:V0DZ,Nikolas Sanchez Izquierdo,Blois,2022-06-13,QF,Challenger main draw,2022,2022-23,Result + serve/return totals,True,True,False,False,False,True,False,False,False,False,0.553,0.0,0.0,0.0,0.0,0.0,0.0,0.0
S0GZ:atp:2022/6757/ms014:SP80,Nikolas Sanchez Izquierdo,Blois,2022-06-13,R16,Challenger main draw,2022,2022-23,Result + serve/return totals,True,True,False,False,True,False,False,False,False,False,0.553,0.0,0.0,0.0,0.0,0.0,0.0,0.0
S0GZ:atp:2022/6757/ms029:SK94,Nikolas Sanchez Izquierdo,Blois,2022-06-13,R32,Challenger main draw,2022,2022-23,Result + serve/return totals,True,True,False,False,True,False,False,False,False,False,0.553,0.0,0.0,0.0,0.0,0.0,0.0,0.0
S0GZ:atp:2022/6757/qs008:SX91,Nikolas Sanchez Izquierdo,Blois,2022-06-13,Q2,Challenger qualifying,2022,2022-23,Result + serve/return totals,True,True,False,False,True,False,False,False,False,False,0.336,0.0,0.0,0.0,0.0,0.0,0.0,0.0
S0GZ:atp:2022/6757/qs017:F0A3,Nikolas Sanchez Izquierdo,Blois,2022-06-13,Q1,Challenger qualifying,2022,2022-23,Result + serve/return totals,True,True,False,False,True,False,False,False,False,False,0.336,0.0,0.0,0.0,0.0,0.0,0.0,0.0
S0GZ:atp:2022/9514/ms015:BF23,Nikolas Sanchez Izquierdo,Oeiras 3,2022-06-20,R16,Challenger main draw,2022,2022-23,Result + serve/return totals,True,True,False,False,False,True,False,False,False,False,0.553,0.0,0.0,0.0,0.0,0.0,0.0,0.0
S0GZ:atp:2022/9514/ms030:LI39,Nikolas Sanchez Izquierdo,Oeiras 3,2022-06-20,R32,Challenger main draw,2022,2022-23,Result + serve/return totals,True,True,False,False,False,True,False,False,False,False,0.553,0.0,0.0,0.0,0.0,0.0,0.0,0.0
S0GZ:atp:2022/1214/ms005:BV24,Nikolas Sanchez Izquierdo,Troyes,2022-06-27,QF,Challenger main draw,2022,2022-23,Result + serve/return totals,True,True,False,False,False,True,False,False,False,False,0.553,0.0,0.0,0.0,0.0,0.0,0.0,0.0
S0GZ:atp:2022/1214/ms010:S0GR,Nikolas Sanchez Izquierdo,Troyes,2022-06-27,R16,Challenger main draw,2022,2022-23,Result + serve/return totals,True,True,False,False,False,True,False,False,False,False,0.553,0.0,0.0,0.0,0.0,0.0,0.0,0.0
S0GZ:atp:2022/1214/ms021:A0AB,Nikolas Sanchez Izquierdo,Troyes,2022-06-27,R32,Challenger main draw,2022,2022-23,Result + serve/return totals,True,True,False,False,False,True,False,False,False,False,0.553,0.0,0.0,0.0,0.0,0.0,0.0,0.0
S0GZ:atp:2022/8394/ms011:MW75,Nikolas Sanchez Izquierdo,Iasi,2022-07-11,R16,Challenger main draw,2022,2022-23,Result + serve/return totals,True,True,False,False,False,True,False,False,False,False,0.553,0.0,0.0,0.0,0.0,0.0,0.0,0.0
S0GZ:atp:2022/8394/ms022:A0FC,Nikolas Sanchez Izquierdo,Iasi,2022-07-11,R32,Challenger main draw,2022,2022-23,Result + serve/return totals,True,True,False,False,False,True,False,False,False,False,0.553,0.0,0.0,0.0,0.0,0.0,0.0,0.0
S0GZ:atp:2022/3945/ms026:F0CJ,Nikolas Sanchez Izquierdo,San Benedetto Del Tronto,2022-07-25,R32,Challenger main draw,2022,2022-23,Result + serve/return totals,True,True,False,False,False,True,False,False,False,False,0.553,0.0,0.0,0.0,0.0,0.0,0.0,0.0
S0GZ:atp:2022/2120/ms018:G858,Nikolas Sanchez Izquierdo,Cordenons,2022-08-01,R32,Challenger main draw,2022,2022-23,Result + serve/return totals,True,True,False,False,False,True,False,False,False,False,0.553,0.0,0.0,0.0,0.0,0.0,0.0,0.0
S0GZ:atp:2022/9540/ms004:J09X,Nikolas Sanchez Izquierdo,San Marino,2022-08-08,QF,Challenger main draw,2022,2022-23,Result + serve/return totals,True,True,False,False,False,True,False,False,False,False,0.553,0.0,0.0,0.0,0.0,0.0,0.0,0.0
S0GZ:atp:2022/9540/ms009:H756,Nikolas Sanchez Izquierdo,San Marino,2022-08-08,R16,Challenger main draw,2022,2022-23,Result + serve/return totals,True,True,False,False,False,True,False,False,False,False,0.553,0.0,0.0,0.0,0.0,0.0,0.0,0.0
S0GZ:atp:2022/9540/ms019:MP20,Nikolas Sanchez Izquierdo,San Marino,2022-08-08,R32,Challenger main draw,2022,2022-23,Result + serve/return totals,True,True,False,False,False,True,False,False,False,False,0.553,0.0,0.0,0.0,0.0,0.0,0.0,0.0
S0GZ:atp:2022/1607/ms013:MW54,Nikolas Sanchez Izquierdo,Banja Luka,2022-08-22,R16,Challenger main draw,2022,2022-23,Result + serve/return totals,True,True,False,False,True,False,False,False,False,False,0.553,0.0,0.0,0.0,0.0,0.0,0.0,0.0
S0GZ:atp:2022/1607/ms027:SF41,Nikolas Sanchez Izquierdo,Banja Luka,2022-08-22,R32,Challenger main draw,2022,2022-23,Result + serve/return totals,True,True,False,False,True,False,False,False,False,False,0.553,0.0,0.0,0.0,0.0,0.0,0.0,0.0
S0GZ:atp:2022/2793/ms009:D0DW,Nikolas Sanchez Izquierdo,Toulouse,2022-08-29,R16,Challenger main draw,2022,2022-23,Result + serve/return totals,True,True,False,False,True,False,False,False,False,False,0.553,0.0,0.0,0.0,0.0,0.0,0.0,0.0
S0GZ:atp:2022/2793/ms018:A0CJ,Nikolas Sanchez Izquierdo,Toulouse,2022-08-29,R32,Challenger main draw,2022,2022-23,Result + serve/return totals,True,True,False,False,True,False,False,False,False,False,0.553,0.0,0.0,0.0,0.0,0.0,0.0,0.0
S0GZ:atp:2022/784/ms011:D874,Nikolas Sanchez Izquierdo,Seville,2022-09-05,R16,Challenger main draw,2022,2022-23,Result + serve/return totals,True,True,False,False,True,False,False,False,False,False,0.553,0.0,0.0,0.0,0.0,0.0,0.0,0.0
S0GZ:atp:2022/784/ms022:MP83,Nikolas Sanchez Izquierdo,Seville,2022-09-05,R32,Challenger main draw,2022,2022-23,Result + serve/return totals,True,True,False,False,True,False,False,False,False,False,0.553,0.0,0.0,0.0,0.0,0.0,0.0,0.0
S0GZ:atp:2022/448/ms027:MW02,Nikolas Sanchez Izquierdo,Szczecin,2022-09-12,R32,Challenger main draw,2022,2022-23,Result + serve/return totals,True,True,False,False,True,False,False,False,False,False,0.553,0.0,0.0,0.0,0.0,0.0,0.0,0.0
S0GZ:atp:2022/7913/ms015:TE16,Nikolas Sanchez Izquierdo,Braga,2022-09-19,R16,Challenger main draw,2022,2022-23,Result + serve/return totals,True,True,False,False,True,False,False,False,False,False,0.553,0.0,0.0,0.0,0.0,0.0,0.0,0.0
S0GZ:atp:2022/7913/ms030:SN54,Nikolas Sanchez Izquierdo,Braga,2022-09-19,R32,Challenger main draw,2022,2022-23,Result + serve/return totals,True,True,False,False,True,False,False,False,False,False,0.553,0.0,0.0,0.0,0.0,0.0,0.0,0.0
S0GZ:atp:2022/7742/qs016:A0ES,Nikolas Sanchez Izquierdo,Lisbon,2022-09-26,Q1,Challenger qualifying,2022,2022-23,Result + serve/return totals,True,True,False,False,True,False,False,False,False,False,0.336,0.0,0.0,0.0,0.0,0.0,0.0,0.0
S0GZ:atp:2022/9190/ms015:L987,Nikolas Sanchez Izquierdo,Parma,2022-10-03,R16,Challenger main draw,2022,2022-23,Result + serve/return totals,True,True,False,False,False,True,False,False,False,False,0.553,0.0,0.0,0.0,0.0,0.0,0.0,0.0
S0GZ:atp:2022/9190/ms030:I0A7,Nikolas Sanchez Izquierdo,Parma,2022-10-03,R32,Challenger main draw,2022,2022-23,Result + serve/return totals,True,True,False,False,False,True,False,False,False,False,0.553,0.0,0.0,0.0,0.0,0.0,0.0,0.0
S0GZ:atp:2022/2807/qs005:GH33,Nikolas Sanchez Izquierdo,Gijon,2022-10-10,Q2,Tour qualifying,2022,2022-23,Result + serve/return totals,True,True,False,False,False,True,False,False,False,False,0.0,0.0,0.0,0.0,0.0,0.0,0.0,0.0
S0GZ:atp:2022/2807/qs011:N830,Nikolas Sanchez Izquierdo,Gijon,2022-10-10,Q1,Tour qualifying,2022,2022-23,Result + serve/return totals,True,True,False,False,False,True,False,False,False,False,0.0,0.0,0.0,0.0,0.0,0.0,0.0,0.0
S0GZ:atp:2022/7391/ms018:P0DF,Nikolas Sanchez Izquierdo,Guayaquil,2022-10-31,R32,Challenger main draw,2022,2022-23,Result + serve/return totals,True,True,False,False,False,True,False,False,False,False,0.553,0.0,0.0,0.0,0.0,0.0,0.0,0.0
S0GZ:atp:2022/9625/ms010:V0DZ,Nikolas Sanchez Izquierdo,Roanne,2022-11-07,R16,Challenger main draw,2022,2022-23,Result + serve/return totals,True,True,False,False,False,True,False,False,False,False,0.553,0.0,0.0,0.0,0.0,0.0,0.0,0.0
S0GZ:atp:2022/9625/ms021:CI14,Nikolas Sanchez Izquierdo,Roanne,2022-11-07,R32,Challenger main draw,2022,2022-23,Result + serve/return totals,True,True,False,False,False,True,False,False,False,False,0.553,0.0,0.0,0.0,0.0,0.0,0.0,0.0
S0GZ:atp:2022/2823/ms008:MM66,Nikolas Sanchez Izquierdo,Valencia,2022-11-21,R16,Challenger main draw,2022,2022-23,Result + serve/return totals,True,True,False,False,False,True,False,False,False,False,0.553,0.0,0.0,0.0,0.0,0.0,0.0,0.0
S0GZ:atp:2022/2823/ms016:G983,Nikolas Sanchez Izquierdo,Valencia,2022-11-21,R32,Challenger main draw,2022,2022-23,Result + serve/return totals,True,True,False,False,False,True,False,False,False,False,0.553,0.0,0.0,0.0,0.0,0.0,0.0,0.0
S0GZ:atp:2022/2825/ms025:RB60,Nikolas Sanchez Izquierdo,Maspalomas,2022-11-28,R32,Challenger main draw,2022,2022-23,Result + serve/return totals,True,True,False,False,False,True,False,False,False,False,0.553,0.0,0.0,0.0,0.0,0.0,0.0,0.0
S0GZ:atp:2023/2833/ms024:S483,Nikolas Sanchez Izquierdo,Oeiras 2,2023-01-09,R32,Challenger main draw,2023,2022-23,Result + serve/return totals,True,True,False,False,False,True,True,False,False,False,0.0,0.0,0.0,0.0,0.0,0.0,0.0,0.0
S0GZ:atp:2023/9623/ms031:P0CT,Nikolas Sanchez Izquierdo,Tenerife 1,2023-01-16,R32,Challenger main draw,2023,2022-23,Result + serve/return totals,True,True,False,False,False,True,True,False,False,False,0.0,0.0,0.0,0.0,0.0,0.0,0.0,0.0
S0GZ:atp:2023/8148/ms004:R0FP,Nikolas Sanchez Izquierdo,M25 Manacor,2023-01-23,QF,ITF main draw,2023,2022-23,"Result, no statistics",True,True,False,False,True,False,True,False,False,False,0.0,0.0,0.0,0.0,0.0,0.0,0.0,0.0
S0GZ:atp:2023/8148/ms008:M0MW,Nikolas Sanchez Izquierdo,M25 Manacor,2023-01-23,R16,ITF main draw,2023,2022-23,"Result, no statistics",True,True,False,False,True,False,True,False,False,False,0.0,0.0,0.0,0.0,0.0,0.0,0.0,0.0
S0GZ:atp:2023/8148/ms016:L0AT,Nikolas Sanchez Izquierdo,M25 Manacor,2023-01-23,R32,ITF main draw,2023,2022-23,"Result, no statistics",True,True,False,False,True,False,True,False,False,False,0.0,0.0,0.0,0.0,0.0,0.0,0.0,0.0
S0GZ:atp:2023/2839/qs022:LF29,Nikolas Sanchez Izquierdo,Tenerife 2,2023-01-30,Q1,Challenger qualifying,2023,2022-23,Result + serve/return totals,True,True,False,False,True,False,True,False,False,False,0.0,0.0,0.0,0.0,0.0,0.0,0.0,0.0
S0GZ:atp:2023/398/ms030:DA86,Nikolas Sanchez Izquierdo,Cherbourg,2023-02-13,R32,Challenger main draw,2023,2022-23,Result + serve/return totals,True,True,False,False,True,False,True,False,False,False,0.0,0.0,0.0,0.0,0.0,0.0,0.0,0.0
S0GZ:atp:2023/8248/ms007:E0AU,Nikolas Sanchez Izquierdo,M25 Torello,2023-02-27,QF,ITF main draw,2023,2022-23,"Result, no statistics",True,True,False,False,True,False,True,False,False,False,0.0,0.0,0.0,0.0,0.0,0.0,0.0,0.0
S0GZ:atp:2023/8248/ms015:B0HF,Nikolas Sanchez Izquierdo,M25 Torello,2023-02-27,R16,ITF main draw,2023,2022-23,"Result, no statistics",True,True,False,False,True,False,True,False,False,False,0.0,0.0,0.0,0.0,0.0,0.0,0.0,0.0
S0GZ:atp:2023/8248/ms031:CH19,Nikolas Sanchez Izquierdo,M25 Torello,2023-02-27,R32,ITF main draw,2023,2022-23,"Result, no statistics",True,True,False,False,True,False,True,False,False,False,0.0,0.0,0.0,0.0,0.0,0.0,0.0,0.0
S0GZ:atp:2023/9430/ms025:CE25,Nikolas Sanchez Izquierdo,Antalya,2023-03-06,R32,Challenger main draw,2023,2022-23,Result + serve/return totals,True,True,False,False,True,False,True,False,False,False,0.0,0.0,0.0,0.0,0.0,0.0,0.0,0.0
S0GZ:atp:2023/2827/ms030:G983,Nikolas Sanchez Izquierdo,Szekesfehervar,2023-03-13,R32,Challenger main draw,2023,2022-23,Result + serve/return totals,True,True,False,False,True,False,True,False,False,False,0.0,0.0,0.0,0.0,0.0,0.0,0.0,0.0
S0GZ:atp:2023/2853/ms031:GF95,Nikolas Sanchez Izquierdo,Les Franqueses del Valles,2023-03-20,R32,Challenger main draw,2023,2022-23,Result + serve/return totals,True,True,False,False,False,True,True,False,False,False,0.0,0.0,0.0,0.0,0.0,0.0,0.0,0.0
S0GZ:atp:2023/2855/qs021:D916,Nikolas Sanchez Izquierdo,Girona,2023-03-27,Q1,Challenger qualifying,2023,2022-23,Result + serve/return totals,True,True,False,False,False,True,True,False,False,False,0.0,0.0,0.0,0.0,0.0,0.0,0.0,0.0
S0GZ:atp:2023/8211/ms006:M0L2,Nikolas Sanchez Izquierdo,M25 Reus,2023-04-03,QF,ITF main draw,2023,2022-23,"Result, no statistics",True,True,True,False,False,True,True,False,False,False,0.0,0.0,0.0,0.0,0.0,0.0,0.0,0.0
S0GZ:atp:2023/8211/ms013:PI96,Nikolas Sanchez Izquierdo,M25 Reus,2023-04-03,R16,ITF main draw,2023,2022-23,"Result, no statistics",True,True,True,False,False,True,True,False,False,False,0.0,0.0,0.0,0.0,0.0,0.0,0.0,0.0
S0GZ:atp:2023/8211/ms027:G0GZ,Nikolas Sanchez Izquierdo,M25 Reus,2023-04-03,R32,ITF main draw,2023,2022-23,"Result, no statistics",True,True,True,False,False,True,True,False,False,False,0.0,0.0,0.0,0.0,0.0,0.0,0.0,0.0
S0GZ:atp:2023/9687/ms030:D0CN,Nikolas Sanchez Izquierdo,Madrid,2023-04-10,R32,Challenger main draw,2023,2022-23,Result + serve/return totals,True,True,False,False,False,True,True,False,False,False,0.0,0.0,0.0,0.0,0.0,0.0,0.0,0.0
S0GZ:atp:2023/9687/qs010:BV25,Nikolas Sanchez Izquierdo,Madrid,2023-04-10,Q2,Challenger qualifying,2023,2022-23,Result + serve/return totals,True,True,False,False,False,True,True,False,False,False,0.0,0.0,0.0,0.0,0.0,0.0,0.0,0.0
S0GZ:atp:2023/9687/qs021:J0DZ,Nikolas Sanchez Izquierdo,Madrid,2023-04-10,Q1,Challenger qualifying,2023,2022-23,"Listed only, no result",True,True,False,False,False,True,True,False,False,False,0.0,0.0,0.0,0.0,0.0,0.0,0.0,0.0
S0GZ:atp:2023/8253/ms007:O639,Nikolas Sanchez Izquierdo,M25 Santa Margherita di Pula,2023-04-24,QF,ITF main draw,2023,2022-23,"Result, no statistics",True,True,True,False,False,True,False,False,False,False,0.0,0.0,0.0,0.0,0.0,0.0,0.0,0.0
S0GZ:atp:2023/8253/ms015:C0OW,Nikolas Sanchez Izquierdo,M25 Santa Margherita di Pula,2023-04-24,R16,ITF main draw,2023,2022-23,"Result, no statistics",True,True,True,False,False,True,False,False,False,False,0.0,0.0,0.0,0.0,0.0,0.0,0.0,0.0
S0GZ:atp:2023/8253/ms031:C0KO,Nikolas Sanchez Izquierdo,M25 Santa Margherita di Pula,2023-04-24,R32,ITF main draw,2023,2022-23,"Result, no statistics",True,True,True,False,False,True,False,False,False,False,0.0,0.0,0.0,0.0,0.0,0.0,0.0,0.0
S0GZ:atp:2023/9879/ms010:BK19,Nikolas Sanchez Izquierdo,M25 Sabadell,2023-05-01,R16,ITF main draw,2023,2022-23,"Result, no statistics",True,True,False,False,True,False,True,False,False,False,0.0,0.0,0.0,0.0,0.0,0.0,0.0,0.0
S0GZ:atp:2023/9879/ms020:K0BJ,Nikolas Sanchez Izquierdo,M25 Sabadell,2023-05-01,R32,ITF main draw,2023,2022-23,"Result, no statistics",True,True,True,False,False,True,True,False,False,False,0.0,0.0,0.0,0.0,0.0,0.0,0.0,0.0
S0GZ:atp:2023/275/ms001:M0EY,Nikolas Sanchez Izquierdo,M25 Valldoreix,2023-05-08,F,ITF main draw,2023,2022-23,"Result, no statistics",True,True,False,False,True,False,True,False,False,False,0.0,0.0,0.0,0.0,0.0,0.0,0.0,0.0
S0GZ:atp:2023/275/ms003:HB48,Nikolas Sanchez Izquierdo,M25 Valldoreix,2023-05-08,SF,ITF main draw,2023,2022-23,"Result, no statistics",True,True,False,False,True,False,True,False,False,False,0.0,0.0,0.0,0.0,0.0,0.0,0.0,0.0
S0GZ:atp:2023/275/ms006:LC11,Nikolas Sanchez Izquierdo,M25 Valldoreix,2023-05-08,QF,ITF main draw,2023,2022-23,"Result, no statistics",True,True,False,False,True,False,True,False,False,False,0.0,0.0,0.0,0.0,0.0,0.0,0.0,0.0
S0GZ:atp:2023/275/ms013:K0BH,Nikolas Sanchez Izquierdo,M25 Valldoreix,2023-05-08,R16,ITF main draw,2023,2022-23,"Result, no statistics",True,True,False,False,True,False,True,False,False,False,0.0,0.0,0.0,0.0,0.0,0.0,0.0,0.0
S0GZ:atp:2023/275/ms027:P0I7,Nikolas Sanchez Izquierdo,M25 Valldoreix,2023-05-08,R32,ITF main draw,2023,2022-23,"Result, no statistics",True,True,False,False,True,False,True,False,False,False,0.0,0.0,0.0,0.0,0.0,0.0,0.0,0.0
S0GZ:atp:2023/810/ms013:J476,Nikolas Sanchez Izquierdo,M25 Gurb,2023-05-15,R16,ITF main draw,2023,2022-23,"Result, no statistics",True,True,False,False,True,False,True,False,False,False,0.0,0.0,0.0,0.0,0.0,0.0,0.0,0.0
S0GZ:atp:2023/810/ms027:K0HL,Nikolas Sanchez Izquierdo,M25 Gurb,2023-05-15,R32,ITF main draw,2023,2022-23,"Result, no statistics",True,True,False,False,True,False,True,False,False,False,0.0,0.0,0.0,0.0,0.0,0.0,0.0,0.0
S0GZ:atp:2023/809/ms001:S0KT,Nikolas Sanchez Izquierdo,M25 Mataro,2023-05-22,F,ITF main draw,2023,2022-23,"Result, no statistics",True,True,True,False,False,True,True,False,False,False,0.0,0.0,0.0,0.0,0.0,0.0,0.0,0.0
S0GZ:atp:2023/809/ms003:K0HL,Nikolas Sanchez Izquierdo,M25 Mataro,2023-05-22,SF,ITF main draw,2023,2022-23,"Result, no statistics",True,True,True,False,False,True,True,False,False,False,0.0,0.0,0.0,0.0,0.0,0.0,0.0,0.0
S0GZ:atp:2023/809/ms007:V0DP,Nikolas Sanchez Izquierdo,M25 Mataro,2023-05-22,QF,ITF main draw,2023,2022-23,"Result, no statistics",True,True,True,False,False,True,True,False,False,False,0.0,0.0,0.0,0.0,0.0,0.0,0.0,0.0
S0GZ:atp:2023/809/ms015:SX90,Nikolas Sanchez Izquierdo,M25 Mataro,2023-05-22,R16,ITF main draw,2023,2022-23,"Result, no statistics",True,True,False,False,True,False,True,False,False,False,0.0,0.0,0.0,0.0,0.0,0.0,0.0,0.0
S0GZ:atp:2023/809/ms031:S0YI,Nikolas Sanchez Izquierdo,M25 Mataro,2023-05-22,R32,ITF main draw,2023,2022-23,"Result, no statistics",True,True,False,False,True,False,True,False,False,False,0.0,0.0,0.0,0.0,0.0,0.0,0.0,0.0
S0GZ:atp:2023/7536/qs018:P0GN,Nikolas Sanchez Izquierdo,Lyon,2023-06-12,Q1,Challenger qualifying,2023,2022-23,Result + serve/return totals,True,True,False,False,False,True,True,False,False,False,0.0,0.0,0.0,0.0,0.0,0.0,0.0,0.0
S0GZ:atp:2023/6757/ms003:J0AZ,Nikolas Sanchez Izquierdo,Blois,2023-06-19,SF,Challenger main draw,2023,2022-23,Result + serve/return totals,True,True,False,False,False,True,True,False,False,False,0.0,0.0,0.0,0.0,0.0,0.0,0.0,0.0
S0GZ:atp:2023/6757/ms007:D750,Nikolas Sanchez Izquierdo,Blois,2023-06-19,QF,Challenger main draw,2023,2022-23,Result + serve/return totals,True,True,False,False,False,True,True,False,False,False,0.0,0.0,0.0,0.0,0.0,0.0,0.0,0.0
S0GZ:atp:2023/6757/ms015:MO44,Nikolas Sanchez Izquierdo,Blois,2023-06-19,R16,Challenger main draw,2023,2022-23,Result + serve/return totals,True,True,False,False,False,True,True,False,False,False,0.0,0.0,0.0,0.0,0.0,0.0,0.0,0.0
S0GZ:atp:2023/6757/ms030:E811,Nikolas Sanchez Izquierdo,Blois,2023-06-19,R32,Challenger main draw,2023,2022-23,Result + serve/return totals,True,True,False,False,False,True,True,False,False,False,0.0,0.0,0.0,0.0,0.0,0.0,0.0,0.0
S0GZ:atp:2023/6757/qs010:HG90,Nikolas Sanchez Izquierdo,Blois,2023-06-19,Q2,Challenger qualifying,2023,2022-23,Result + serve/return totals,True,True,False,False,False,True,True,False,False,False,0.0,0.0,0.0,0.0,0.0,0.0,0.0,0.0
S0GZ:atp:2023/6757/qs020:P0D0,Nikolas Sanchez Izquierdo,Blois,2023-06-19,Q1,Challenger qualifying,2023,2022-23,Result + serve/return totals,True,True,False,False,False,True,True,False,False,False,0.0,0.0,0.0,0.0,0.0,0.0,0.0,0.0
S0GZ:atp:2023/1214/ms026:DC48,Nikolas Sanchez Izquierdo,Troyes,2023-07-03,R32,Challenger main draw,2023,2022-23,Result + serve/return totals,True,True,False,False,False,True,True,False,False,False,0.0,0.0,0.0,0.0,0.0,0.0,0.0,0.0
S0GZ:atp:2023/4361/ms001:V0BP,Nikolas Sanchez Izquierdo,M25 Esch/Alzette,2023-07-10,F,ITF main draw,2023,2022-23,"Result, no statistics",True,True,True,False,False,True,False,False,False,False,0.0,0.0,0.0,0.0,0.0,0.0,0.0,0.0
S0GZ:atp:2023/4361/ms002:B0PG,Nikolas Sanchez Izquierdo,M25 Esch/Alzette,2023-07-10,SF,ITF main draw,2023,2022-23,"Result, no statistics",True,True,True,False,False,True,False,False,False,False,0.0,0.0,0.0,0.0,0.0,0.0,0.0,0.0
S0GZ:atp:2023/4361/ms004:Z0C9,Nikolas Sanchez Izquierdo,M25 Esch/Alzette,2023-07-10,QF,ITF main draw,2023,2022-23,"Result, no statistics",True,True,True,False,False,True,False,False,False,False,0.0,0.0,0.0,0.0,0.0,0.0,0.0,0.0
S0GZ:atp:2023/4361/ms008:K0FY,Nikolas Sanchez Izquierdo,M25 Esch/Alzette,2023-07-10,R16,ITF main draw,2023,2022-23,"Result, no statistics",True,True,True,False,False,True,False,False,False,False,0.0,0.0,0.0,0.0,0.0,0.0,0.0,0.0
S0GZ:atp:2023/4361/ms016:K572,Nikolas Sanchez Izquierdo,M25 Esch/Alzette,2023-07-10,R32,ITF main draw,2023,2022-23,"Result, no statistics",True,True,True,False,False,True,False,False,False,False,0.0,0.0,0.0,0.0,0.0,0.0,0.0,0.0
S0GZ:atp:2023/221/ms012:A0CJ,Nikolas Sanchez Izquierdo,Tampere,2023-07-17,R16,Challenger main draw,2023,2022-23,Result + serve/return totals,True,True,False,False,True,False,True,False,False,False,0.0,0.0,0.0,0.0,0.0,0.0,0.0,0.0
S0GZ:atp:2023/221/ms024:LI03,Nikolas Sanchez Izquierdo,Tampere,2023-07-17,R32,Challenger main draw,2023,2022-23,Result + serve/return totals,True,True,False,False,False,True,True,False,False,False,0.0,0.0,0.0,0.0,0.0,0.0,0.0,0.0
S0GZ:atp:2023/9540/ms015:MU94,Nikolas Sanchez Izquierdo,San Marino,2023-07-31,R16,Challenger main draw,2023,2022-23,Result + serve/return totals,True,True,False,False,True,False,True,False,False,False,0.0,0.0,0.0,0.0,0.0,0.0,0.0,0.0
S0GZ:atp:2023/9540/ms030:TE16,Nikolas Sanchez Izquierdo,San Marino,2023-07-31,R32,Challenger main draw,2023,2022-23,Result + serve/return totals,True,True,False,False,True,False,True,False,False,False,0.0,0.0,0.0,0.0,0.0,0.0,0.0,0.0
S0GZ:atp:2023/1607/ms022:A0CJ,Nikolas Sanchez Izquierdo,Banja Luka,2023-08-07,R32,Challenger main draw,2023,2022-23,Result + serve/return totals,True,True,False,False,True,False,True,False,False,False,0.0,0.0,0.0,0.0,0.0,0.0,0.0,0.0
S0GZ:atp:2023/8266/ms019:M0BN,Nikolas Sanchez Izquierdo,Augsburg,2023-08-21,R32,Challenger main draw,2023,2022-23,Result + serve/return totals,True,True,False,False,True,False,True,False,False,False,0.0,0.0,0.0,0.0,0.0,0.0,0.0,0.0
S0GZ:atp:2023/3473/ms017:N0CS,Nikolas Sanchez Izquierdo,Como,2023-08-28,R32,Challenger main draw,2023,2022-23,Result + serve/return totals,True,True,False,False,False,True,True,False,False,False,0.0,0.0,0.0,0.0,0.0,0.0,0.0,0.0
S0GZ:atp:2023/784/ms014:L0CX,Nikolas Sanchez Izquierdo,Seville,2023-09-04,R16,Challenger main draw,2023,2022-23,Result + serve/return totals,True,True,False,False,False,True,True,False,False,False,0.0,0.0,0.0,0.0,0.0,0.0,0.0,0.0
S0GZ:atp:2023/784/ms029:DC76,Nikolas Sanchez Izquierdo,Seville,2023-09-04,R32,Challenger main draw,2023,2022-23,Result + serve/return totals,True,True,False,False,False,True,True,False,False,False,0.0,0.0,0.0,0.0,0.0,0.0,0.0,0.0
S0GZ:atp:2023/6590/ms016:P09O,Nikolas Sanchez Izquierdo,Sibiu,2023-09-18,R32,Challenger main draw,2023,2022-23,Result + serve/return totals,True,True,False,False,False,True,True,False,False,False,0.0,0.0,0.0,0.0,0.0,0.0,0.0,0.0
S0GZ:atp:2023/7913/qs010:S0AR,Nikolas Sanchez Izquierdo,Braga,2023-09-25,Q2,Challenger qualifying,2023,2022-23,Result + serve/return totals,True,True,False,False,False,True,True,False,False,False,0.0,0.0,0.0,0.0,0.0,0.0,0.0,0.0
S0GZ:atp:2023/7913/qs021:VA15,Nikolas Sanchez Izquierdo,Braga,2023-09-25,Q1,Challenger qualifying,2023,2022-23,Result + serve/return totals,True,True,False,False,False,True,True,False,False,False,0.0,0.0,0.0,0.0,0.0,0.0,0.0,0.0
S0GZ:atp:2023/4438/ms001:P0I6,Nikolas Sanchez Izquierdo,M25 Santa Margherita di Pula,2023-10-02,F,ITF main draw,2023,2022-23,"Result, no statistics",True,True,True,False,False,True,True,False,False,False,0.0,0.0,0.0,0.0,0.0,0.0,0.0,0.0
S0GZ:atp:2023/4438/ms003:F0CJ,Nikolas Sanchez Izquierdo,M25 Santa Margherita di Pula,2023-10-02,SF,ITF main draw,2023,2022-23,"Result, no statistics",True,True,True,False,False,True,False,False,False,False,0.0,0.0,0.0,0.0,0.0,0.0,0.0,0.0
S0GZ:atp:2023/4438/ms007:I09N,Nikolas Sanchez Izquierdo,M25 Santa Margherita di Pula,2023-10-02,QF,ITF main draw,2023,2022-23,"Result, no statistics",True,True,True,False,False,True,False,False,False,False,0.0,0.0,0.0,0.0,0.0,0.0,0.0,0.0
S0GZ:atp:2023/4438/ms015:C0BB,Nikolas Sanchez Izquierdo,M25 Santa Margherita di Pula,2023-10-02,R16,ITF main draw,2023,2022-23,"Result, no statistics",True,True,False,False,False,True,False,False,False,False,0.0,0.0,0.0,0.0,0.0,0.0,0.0,0.0
S0GZ:atp:2023/4438/ms031:ML51,Nikolas Sanchez Izquierdo,M25 Santa Margherita di Pula,2023-10-02,R32,ITF main draw,2023,2022-23,"Result, no statistics",True,True,True,False,False,True,False,False,False,False,0.0,0.0,0.0,0.0,0.0,0.0,0.0,0.0
S0GZ:atp:2023/4444/ms007:O482,Nikolas Sanchez Izquierdo,M25 Santa Margherita di Pula,2023-10-09,QF,ITF main draw,2023,2022-23,"Result, no statistics",True,True,False,False,True,False,False,False,False,False,0.0,0.0,0.0,0.0,0.0,0.0,0.0,0.0
S0GZ:atp:2023/4444/ms014:C0OW,Nikolas Sanchez Izquierdo,M25 Santa Margherita di Pula,2023-10-09,R16,ITF main draw,2023,2022-23,"Result, no statistics",True,True,False,False,True,False,False,False,False,False,0.0,0.0,0.0,0.0,0.0,0.0,0.0,0.0
S0GZ:atp:2023/4444/ms028:P0B2,Nikolas Sanchez Izquierdo,M25 Santa Margherita di Pula,2023-10-09,R32,ITF main draw,2023,2022-23,"Result, no statistics",True,True,False,False,True,False,False,False,False,False,0.0,0.0,0.0,0.0,0.0,0.0,0.0,0.0
S0GZ:atp:2023/8297/ms025:HD68,Nikolas Sanchez Izquierdo,Hamburg,2023-10-16,R32,Challenger main draw,2023,2022-23,Result + serve/return totals,True,True,False,False,True,False,True,False,False,False,0.0,0.0,0.0,0.0,0.0,0.0,0.0,0.0
S0GZ:atp:2023/4642/ms015:D0CN,Nikolas Sanchez Izquierdo,M25 Benicarlo,2023-11-06,R16,ITF main draw,2023,2022-23,"Result, no statistics",True,True,False,False,True,False,True,False,False,False,0.0,0.0,0.0,0.0,0.0,0.0,0.0,0.0
S0GZ:atp:2023/4642/ms031:B0NO,Nikolas Sanchez Izquierdo,M25 Benicarlo,2023-11-06,R32,ITF main draw,2023,2022-23,"Result, no statistics",True,True,False,False,True,False,True,False,False,False,0.0,0.0,0.0,0.0,0.0,0.0,0.0,0.0
S0GZ:atp:2023/2823/qs012:H996,Nikolas Sanchez Izquierdo,Valencia,2023-11-20,Q2,Challenger qualifying,2023,2022-23,Result + serve/return totals,True,True,False,False,True,False,True,False,False,False,0.0,0.0,0.0,0.0,0.0,0.0,0.0,0.0
S0GZ:atp:2023/2823/qs025:P0I5,Nikolas Sanchez Izquierdo,Valencia,2023-11-20,Q1,Challenger qualifying,2023,2022-23,"Listed only, no result",True,True,False,False,True,False,True,False,False,False,0.0,0.0,0.0,0.0,0.0,0.0,0.0,0.0
S0GZ:atp:2023/2825/ms024:R0FP,Nikolas Sanchez Izquierdo,Maspalomas,2023-11-27,R32,Challenger main draw,2023,2022-23,Result + serve/return totals,True,True,False,False,True,False,True,False,False,False,0.0,0.0,0.0,0.0,0.0,0.0,0.0,0.0
S0GZ:atp:2024/1210/ms023:S0AR,Nikolas Sanchez Izquierdo,Buenos Aires (Argentino) 1,2024-01-08,R32,Challenger main draw,2024,2024,Result + serve/return totals,True,True,False,False,True,False,True,False,False,False,0.0,1.0,0.0,0.0,0.0,0.0,0.0,0.0
S0GZ:atp:2024/9678/ms013:CC66,Nikolas Sanchez Izquierdo,Buenos Aires (Argentino) 2,2024-01-15,R16,Challenger main draw,2024,2024,Result + serve/return totals,True,True,True,False,False,True,True,False,False,False,0.0,1.0,0.0,0.0,0.0,0.0,0.0,0.0
S0GZ:atp:2024/9678/ms026:LF26,Nikolas Sanchez Izquierdo,Buenos Aires (Argentino) 2,2024-01-15,R32,Challenger main draw,2024,2024,Result + serve/return totals,True,True,True,False,False,True,True,False,False,False,0.0,1.0,0.0,0.0,0.0,0.0,0.0,0.0
S0GZ:atp:2024/2901/ms013:C0C8,Nikolas Sanchez Izquierdo,Punta del Este,2024-01-22,R16,Challenger main draw,2024,2024,Result + serve/return totals,True,True,True,False,False,True,True,False,False,False,0.0,1.0,0.0,0.0,0.0,0.0,0.0,0.0
S0GZ:atp:2024/2901/ms027:BS86,Nikolas Sanchez Izquierdo,Punta del Este,2024-01-22,R32,Challenger main draw,2024,2024,Result + serve/return totals,True,True,True,False,False,True,True,False,False,False,0.0,1.0,0.0,0.0,0.0,0.0,0.0,0.0
S0GZ:atp:2024/2901/qs010:LF26,Nikolas Sanchez Izquierdo,Punta del Este,2024-01-22,Q2,Challenger qualifying,2024,2024,Result + serve/return totals,True,True,True,False,False,True,True,False,False,False,0.0,1.0,0.0,0.0,0.0,0.0,0.0,0.0
S0GZ:atp:2024/2901/qs020:T0DM,Nikolas Sanchez Izquierdo,Punta del Este,2024-01-22,Q1,Challenger qualifying,2024,2024,Result + serve/return totals,True,True,True,False,False,True,True,False,False,False,0.0,1.0,0.0,0.0,0.0,0.0,0.0,0.0
S0GZ:atp:2024/2835/ms029:F0F4,Nikolas Sanchez Izquierdo,Piracicaba,2024-01-29,R32,Challenger main draw,2024,2024,Result + serve/return totals,True,True,True,False,False,True,True,False,False,False,0.0,1.0,0.0,0.0,0.0,0.0,0.0,0.0
S0GZ:atp:2024/496/qs010:Z0A1,Nikolas Sanchez Izquierdo,Marseille,2024-02-05,Q1,Tour qualifying,2024,2024,Result + serve/return totals,True,True,True,False,False,True,True,False,False,False,0.0,1.0,0.0,0.0,0.0,0.0,0.0,0.0
S0GZ:atp:2024/4568/ms016:F0C4,Nikolas Sanchez Izquierdo,M15 Torello,2024-03-04,R32,ITF main draw,2024,2024,"Result, no statistics",True,True,True,False,False,True,True,False,False,False,0.0,0.0,0.0,0.0,0.0,0.0,0.0,0.0
S0GZ:atp:2024/4581/ms004:S0BT,Nikolas Sanchez Izquierdo,M15 Les Franqueses des Valle,2024-03-11,QF,ITF main draw,2024,2024,"Result, no statistics",True,True,False,False,True,False,True,False,False,False,0.0,0.0,0.0,0.0,0.0,0.0,0.0,0.0
S0GZ:atp:2024/4581/ms008:V0HT,Nikolas Sanchez Izquierdo,M15 Les Franqueses des Valle,2024-03-11,R16,ITF main draw,2024,2024,"Result, no statistics",True,True,False,False,True,False,True,False,False,False,0.0,0.0,0.0,0.0,0.0,0.0,0.0,0.0
S0GZ:atp:2024/4581/ms016:P0MN,Nikolas Sanchez Izquierdo,M15 Les Franqueses des Valle,2024-03-11,R32,ITF main draw,2024,2024,"Result, no statistics",True,True,False,False,True,False,True,False,False,False,0.0,0.0,0.0,0.0,0.0,0.0,0.0,0.0
S0GZ:atp:2024/9171/ms025:BK19,Nikolas Sanchez Izquierdo,Murcia,2024-03-18,R32,Challenger main draw,2024,2024,Result + serve/return totals,True,True,False,False,True,False,True,False,False,False,0.0,1.0,0.0,0.0,0.0,0.0,0.0,0.0
S0GZ:atp:2024/2855/ms002:A829,Nikolas Sanchez Izquierdo,Girona,2024-03-25,SF,Challenger main draw,2024,2024,Result + serve/return totals,True,True,False,False,True,False,True,False,False,False,0.0,1.0,0.0,0.0,0.0,0.0,0.0,0.0
S0GZ:atp:2024/2855/ms005:SH90,Nikolas Sanchez Izquierdo,Girona,2024-03-25,QF,Challenger main draw,2024,2024,"Result, no statistics",True,True,False,False,True,False,False,False,False,False,0.0,1.0,0.0,0.0,0.0,0.0,0.0,0.0
S0GZ:atp:2024/2855/ms011:E698,Nikolas Sanchez Izquierdo,Girona,2024-03-25,R16,Challenger main draw,2024,2024,Result + serve/return totals,True,True,False,False,True,False,False,False,False,False,0.0,1.0,0.0,0.0,0.0,0.0,0.0,0.0
S0GZ:atp:2024/2855/ms023:L0CX,Nikolas Sanchez Izquierdo,Girona,2024-03-25,R32,Challenger main draw,2024,2024,Result + serve/return totals,True,True,False,False,True,False,True,False,False,False,0.0,1.0,0.0,0.0,0.0,0.0,0.0,0.0
S0GZ:atp:2024/2855/qs013:E698,Nikolas Sanchez Izquierdo,Girona,2024-03-25,Q2,Challenger qualifying,2024,2024,Result + serve/return totals,True,True,False,False,True,False,False,False,False,False,0.0,1.0,0.0,0.0,0.0,0.0,0.0,0.0
S0GZ:atp:2024/2855/qs026:RH69,Nikolas Sanchez Izquierdo,Girona,2024-03-25,Q1,Challenger qualifying,2024,2024,Result + serve/return totals,True,True,False,False,True,False,True,False,False,False,0.0,1.0,0.0,0.0,0.0,0.0,0.0,0.0
S0GZ:atp:2024/9132/ms013:D0C1,Nikolas Sanchez Izquierdo,Barcelona,2024-04-01,R16,Challenger main draw,2024,2024,Result + serve/return totals,True,True,False,False,True,False,True,False,False,False,0.0,1.0,0.0,0.0,0.0,0.0,0.0,0.0
S0GZ:atp:2024/9132/ms026:N0EK,Nikolas Sanchez Izquierdo,Barcelona,2024-04-01,R32,Challenger main draw,2024,2024,Result + serve/return totals,True,True,False,False,True,False,True,False,False,False,0.0,1.0,0.0,0.0,0.0,0.0,0.0,0.0
S0GZ:atp:2024/9687/qs026:TE16,Nikolas Sanchez Izquierdo,Madrid,2024-04-08,Q1,Challenger qualifying,2024,2024,Result + serve/return totals,True,True,True,True,False,True,True,False,False,False,0.0,1.0,0.0,0.0,0.0,0.0,0.0,0.0
S0GZ:atp:2024/425/qs020:M0G4,Nikolas Sanchez Izquierdo,Barcelona,2024-04-15,Q1,Tour qualifying,2024,2024,Result + serve/return totals,True,True,True,False,False,True,True,False,False,False,0.0,1.0,0.0,0.0,0.0,0.0,0.0,0.0
S0GZ:atp:2024/2151/ms027:KC04,Nikolas Sanchez Izquierdo,Rome,2024-04-22,R32,Challenger main draw,2024,2024,Result + serve/return totals,True,True,True,False,False,True,True,False,False,False,0.0,1.0,0.0,0.0,0.0,0.0,0.0,0.0
S0GZ:atp:2024/4659/ms001:D0CN,Nikolas Sanchez Izquierdo,M25 Sabadell,2024-04-29,F,ITF main draw,2024,2024,"Result, no statistics",True,True,True,False,False,True,True,False,False,False,0.0,0.0,0.0,0.0,0.0,0.0,0.0,0.0
S0GZ:atp:2024/4659/ms003:R0FP,Nikolas Sanchez Izquierdo,M25 Sabadell,2024-04-29,SF,ITF main draw,2024,2024,"Result, no statistics",True,True,True,False,False,True,True,False,False,False,0.0,0.0,0.0,0.0,0.0,0.0,0.0,0.0
S0GZ:atp:2024/4659/ms006:I0A7,Nikolas Sanchez Izquierdo,M25 Sabadell,2024-04-29,QF,ITF main draw,2024,2024,"Result, no statistics",True,True,True,False,False,True,True,False,False,False,0.0,0.0,0.0,0.0,0.0,0.0,0.0,0.0
S0GZ:atp:2024/4659/ms013:KD87,Nikolas Sanchez Izquierdo,M25 Sabadell,2024-04-29,R16,ITF main draw,2024,2024,"Result, no statistics",True,True,True,False,False,True,True,False,False,False,0.0,0.0,0.0,0.0,0.0,0.0,0.0,0.0
S0GZ:atp:2024/4659/ms027:B0VF,Nikolas Sanchez Izquierdo,M25 Sabadell,2024-04-29,R32,ITF main draw,2024,2024,"Result, no statistics",True,True,True,False,False,True,True,False,False,False,0.0,0.0,0.0,0.0,0.0,0.0,0.0,0.0
S0GZ:atp:2024/600/ms027:M0AC,Nikolas Sanchez Izquierdo,Prague 2,2024-05-06,R32,Challenger main draw,2024,2024,Result + serve/return totals,True,True,True,False,False,True,True,False,False,False,0.0,1.0,0.0,0.0,0.0,0.0,0.0,0.0
S0GZ:atp:2024/4686/ms016:DH55,Nikolas Sanchez Izquierdo,M25 Vic,2024-05-13,R32,ITF main draw,2024,2024,"Result, no statistics",True,True,True,False,False,True,True,False,False,False,0.0,0.0,0.0,0.0,0.0,0.0,0.0,0.0
S0GZ:atp:2024/7694/ms019:EA24,Nikolas Sanchez Izquierdo,Lyon,2024-05-20,R32,Tour main draw,2024,2024,Result + serve/return totals,True,True,True,False,False,True,True,False,False,False,0.0,1.0,0.0,0.0,1.0,1.0,0.0,0.0
S0GZ:atp:2024/7694/qs005:BV25,Nikolas Sanchez Izquierdo,Lyon,2024-05-20,Q2,Tour qualifying,2024,2024,Result + serve/return totals,True,True,True,False,False,True,True,False,False,False,0.0,1.0,0.0,0.0,0.0,0.0,0.0,0.0
S0GZ:atp:2024/7694/qs010:LB66,Nikolas Sanchez Izquierdo,Lyon,2024-05-20,Q1,Tour qualifying,2024,2024,Result + serve/return totals,True,True,True,False,False,True,True,False,False,False,0.0,1.0,0.0,0.0,0.0,0.0,0.0,0.0
S0GZ:atp:2024/460/ms011:GE28,Nikolas Sanchez Izquierdo,Heilbronn,2024-06-03,R16,Challenger main draw,2024,2024,Result + serve/return totals,True,True,True,False,False,True,True,False,False,False,0.0,1.0,0.0,0.0,0.0,0.0,0.0,0.0
S0GZ:atp:2024/460/ms022:SG56,Nikolas Sanchez Izquierdo,Heilbronn,2024-06-03,R32,Challenger main draw,2024,2024,Result + serve/return totals,True,True,True,False,False,True,True,False,False,False,0.0,1.0,0.0,0.0,0.0,0.0,0.0,0.0
S0GZ:atp:2024/9001/ms020:AE14,Nikolas Sanchez Izquierdo,Perugia,2024-06-10,R32,Challenger main draw,2024,2024,Result + serve/return totals,True,True,True,True,False,True,True,False,False,False,0.0,1.0,0.0,0.0,0.0,0.0,0.0,0.0
S0GZ:atp:2024/786/ms031:U182,Nikolas Sanchez Izquierdo,Poznan,2024-06-17,R32,Challenger main draw,2024,2024,Result + serve/return totals,True,True,True,False,False,True,True,False,False,False,0.0,1.0,0.0,0.0,0.0,0.0,0.0,0.0
S0GZ:atp:2024/3463/ms011:GJ16,Nikolas Sanchez Izquierdo,Milan,2024-06-24,R16,Challenger main draw,2024,2024,Result + serve/return totals,True,True,False,False,True,False,True,False,False,False,0.0,1.0,0.0,0.0,0.0,0.0,0.0,0.0
S0GZ:atp:2024/3463/ms023:P0DR,Nikolas Sanchez Izquierdo,Milan,2024-06-24,R32,Challenger main draw,2024,2024,Result + serve/return totals,True,True,False,False,True,False,True,False,False,False,0.0,1.0,0.0,0.0,0.0,0.0,0.0,0.0
S0GZ:atp:2024/2879/ms023:P09O,Nikolas Sanchez Izquierdo,Karlsruhe,2024-07-01,R32,Challenger main draw,2024,2024,Result + serve/return totals,True,True,False,False,True,False,True,False,False,False,0.0,1.0,0.0,0.0,0.0,0.0,0.0,0.0
S0GZ:atp:2024/9351/ms023:RB60,Nikolas Sanchez Izquierdo,Trieste,2024-07-08,R32,Challenger main draw,2024,2024,Result + serve/return totals,True,True,False,False,True,False,True,False,False,False,0.0,1.0,0.0,0.0,0.0,0.0,0.0,0.0
S0GZ:atp:2024/316/qs011:M0HT,Nikolas Sanchez Izquierdo,Bastad,2024-07-15,Q1,Tour qualifying,2024,2024,Result + serve/return totals,True,True,True,False,False,True,True,False,False,False,0.0,1.0,0.0,0.0,0.0,0.0,0.0,0.0
S0GZ:atp:2024/221/ms017:LC11,Nikolas Sanchez Izquierdo,Tampere,2024-07-22,R32,Challenger main draw,2024,2024,Result + serve/return totals,True,True,True,False,False,True,True,False,False,False,0.0,1.0,0.0,0.0,0.0,0.0,0.0,0.0
S0GZ:atp:2024/6795/ms011:V0B2,Nikolas Sanchez Izquierdo,Liberec,2024-07-29,R16,Challenger main draw,2024,2024,Result + serve/return totals,True,True,True,False,False,True,True,False,False,False,0.0,1.0,0.0,0.0,0.0,0.0,0.0,0.0
S0GZ:atp:2024/6795/ms022:PL64,Nikolas Sanchez Izquierdo,Liberec,2024-07-29,R32,Challenger main draw,2024,2024,Result + serve/return totals,True,True,True,False,False,True,True,False,False,False,0.0,1.0,0.0,0.0,0.0,0.0,0.0,0.0
S0GZ:atp:2024/2120/ms021:A0IK,Nikolas Sanchez Izquierdo,Cordenons,2024-08-05,R32,Challenger main draw,2024,2024,Result + serve/return totals,True,True,True,False,False,True,True,False,False,False,0.0,1.0,0.0,0.0,0.0,0.0,0.0,0.0
S0GZ:atp:2024/2043/ms012:N0CJ,Nikolas Sanchez Izquierdo,Dobrich 1,2024-08-19,R16,Challenger main draw,2024,2024,Result + serve/return totals,True,True,True,False,False,True,True,False,False,False,0.0,1.0,0.0,0.0,0.0,0.0,0.0,0.0
S0GZ:atp:2024/2043/ms025:M0KA,Nikolas Sanchez Izquierdo,Dobrich 1,2024-08-19,R32,Challenger main draw,2024,2024,Result + serve/return totals,True,True,True,False,False,True,True,False,False,False,0.0,1.0,0.0,0.0,0.0,0.0,0.0,0.0
S0GZ:atp:2024/2933/ms002:A0AB,Nikolas Sanchez Izquierdo,Porto 2,2024-08-26,SF,Challenger main draw,2024,2024,Result + serve/return totals,True,True,False,False,True,False,True,False,False,False,0.0,1.0,0.0,0.0,0.0,0.0,0.0,0.0
S0GZ:atp:2024/2933/ms005:MN20,Nikolas Sanchez Izquierdo,Porto 2,2024-08-26,QF,Challenger main draw,2024,2024,Result + serve/return totals,True,True,False,False,True,False,True,False,False,False,0.0,1.0,0.0,0.0,0.0,0.0,0.0,0.0
S0GZ:atp:2024/2933/ms011:B0OU,Nikolas Sanchez Izquierdo,Porto 2,2024-08-26,R16,Challenger main draw,2024,2024,Result + serve/return totals,True,True,True,False,False,True,True,False,False,False,0.0,1.0,0.0,0.0,0.0,0.0,0.0,0.0
S0GZ:atp:2024/2933/ms023:KI48,Nikolas Sanchez Izquierdo,Porto 2,2024-08-26,R32,Challenger main draw,2024,2024,Result + serve/return totals,True,True,True,False,False,True,True,False,False,False,0.0,1.0,0.0,0.0,0.0,0.0,0.0,0.0
S0GZ:atp:2024/784/ms021:DG80,Nikolas Sanchez Izquierdo,Seville,2024-09-02,R32,Challenger main draw,2024,2024,Result + serve/return totals,True,True,False,False,True,False,True,False,False,False,0.0,1.0,0.0,0.0,0.0,0.0,0.0,0.0
S0GZ:atp:2024/2945/ms016:R0EB,Nikolas Sanchez Izquierdo,Dobrich 2,2024-09-09,R32,Challenger main draw,2024,2024,Result + serve/return totals,True,True,False,False,True,False,True,False,False,False,0.0,1.0,0.0,0.0,0.0,0.0,0.0,0.0
S0GZ:atp:2024/6590/ms019:C0B2,Nikolas Sanchez Izquierdo,Sibiu,2024-09-16,R32,Challenger main draw,2024,2024,Result + serve/return totals,True,True,False,False,True,False,True,False,False,False,0.0,1.0,0.0,0.0,0.0,0.0,0.0,0.0
S0GZ:atp:2024/4444/ms007:CI14,Nikolas Sanchez Izquierdo,M25 Santa Margherita di Pula,2024-10-07,QF,ITF main draw,2024,2024,"Result, no statistics",True,True,True,False,False,True,False,False,False,False,0.0,0.0,0.0,0.0,0.0,0.0,0.0,0.0
S0GZ:atp:2024/4444/ms014:WB19,Nikolas Sanchez Izquierdo,M25 Santa Margherita di Pula,2024-10-07,R16,ITF main draw,2024,2024,"Result, no statistics",True,True,False,False,True,False,False,False,False,False,0.0,0.0,0.0,0.0,0.0,0.0,0.0,0.0
S0GZ:atp:2024/4444/ms028:K0DP,Nikolas Sanchez Izquierdo,M25 Santa Margherita di Pula,2024-10-07,R32,ITF main draw,2024,2024,"Result, no statistics",True,True,False,False,True,False,False,False,False,False,0.0,0.0,0.0,0.0,0.0,0.0,0.0,0.0
S0GZ:atp:2024/4465/ms003:A0EA,Nikolas Sanchez Izquierdo,M15 Valencia,2024-11-11,SF,ITF main draw,2024,2024,"Result, no statistics",True,True,True,False,False,True,True,False,False,False,0.0,0.0,0.0,0.0,0.0,0.0,0.0,0.0
S0GZ:atp:2024/4465/ms007:S0XE,Nikolas Sanchez Izquierdo,M15 Valencia,2024-11-11,QF,ITF main draw,2024,2024,"Result, no statistics",True,True,True,False,False,True,True,False,False,False,0.0,0.0,0.0,0.0,0.0,0.0,0.0,0.0
S0GZ:atp:2024/4465/ms015:F0C4,Nikolas Sanchez Izquierdo,M15 Valencia,2024-11-11,R16,ITF main draw,2024,2024,"Result, no statistics",True,True,True,False,False,True,True,False,False,False,0.0,0.0,0.0,0.0,0.0,0.0,0.0,0.0
S0GZ:atp:2024/4465/ms031:C0OI,Nikolas Sanchez Izquierdo,M15 Valencia,2024-11-11,R32,ITF main draw,2024,2024,"Result, no statistics",True,True,False,True,False,True,True,False,False,False,0.0,0.0,0.0,0.0,0.0,0.0,0.0,0.0
S0GZ:atp:2024/2955/qs012:L0C1,Nikolas Sanchez Izquierdo,Montemar,2024-11-18,Q2,Challenger qualifying,2024,2024,Result + serve/return totals,True,True,True,False,False,True,True,False,False,False,0.0,1.0,0.0,0.0,0.0,0.0,0.0,0.0
S0GZ:atp:2024/2955/qs024:C0KH,Nikolas Sanchez Izquierdo,Montemar,2024-11-18,Q1,Challenger qualifying,2024,2024,Result + serve/return totals,True,True,True,False,False,True,True,False,False,False,0.0,1.0,0.0,0.0,0.0,0.0,0.0,0.0
S0GZ:atp:2024/8312/ms024:R772,Nikolas Sanchez Izquierdo,Maia,2024-11-25,R32,Challenger main draw,2024,2024,Result + serve/return totals,True,True,True,False,False,True,True,False,False,False,0.0,1.0,0.0,0.0,0.0,0.0,0.0,0.0
S0GZ:atp:2024/8312/qs011:M0FA,Nikolas Sanchez Izquierdo,Maia,2024-11-25,Q2,Challenger qualifying,2024,2024,Result + serve/return totals,True,True,True,False,False,True,True,False,False,False,0.0,1.0,0.0,0.0,0.0,0.0,0.0,0.0
S0GZ:atp:2024/8312/qs022:PI95,Nikolas Sanchez Izquierdo,Maia,2024-11-25,Q1,Challenger qualifying,2024,2024,Result + serve/return totals,True,True,True,False,False,True,True,False,False,False,0.0,1.0,0.0,0.0,0.0,0.0,0.0,0.0
S0GZ:atp:2025/9678/qs008:A0IK,Nikolas Sanchez Izquierdo,Buenos Aires Nautico Hacoaj,2025-01-13,Q2,Challenger qualifying,2025,2025-26,Result + serve/return totals,True,True,False,False,True,False,True,False,False,False,0.0,1.0,1.0,0.0,0.0,0.0,0.0,0.0
S0GZ:atp:2025/9678/qs016:M0VX,Nikolas Sanchez Izquierdo,Buenos Aires Nautico Hacoaj,2025-01-13,Q1,Challenger qualifying,2025,2025-26,Result + serve/return totals,True,True,True,False,False,True,True,False,False,False,0.0,1.0,1.0,0.0,0.0,0.0,0.0,0.0
S0GZ:atp:2025/2901/qs021:B0GY,Nikolas Sanchez Izquierdo,Punta del Este,2025-01-20,Q1,Challenger qualifying,2025,2025-26,Result + serve/return totals,True,True,False,False,True,False,True,False,False,False,0.0,1.0,1.0,0.0,0.0,0.0,0.0,0.0
S0GZ:atp:2025/2835/ms015:CE77,Nikolas Sanchez Izquierdo,Piracicaba,2025-01-27,R16,Challenger main draw,2025,2025-26,Result + serve/return totals,True,True,False,False,True,False,True,False,False,False,0.0,1.0,1.0,0.0,0.0,0.0,0.0,0.0
S0GZ:atp:2025/2835/ms030:P0IY,Nikolas Sanchez Izquierdo,Piracicaba,2025-01-27,R32,Challenger main draw,2025,2025-26,Result + serve/return totals,True,True,False,False,True,False,True,False,False,False,0.0,1.0,1.0,0.0,0.0,0.0,0.0,0.0
S0GZ:atp:2025/2835/qs010:A0IK,Nikolas Sanchez Izquierdo,Piracicaba,2025-01-27,Q2,Challenger qualifying,2025,2025-26,Result + serve/return totals,True,True,False,False,True,False,True,False,False,False,0.0,1.0,1.0,0.0,0.0,0.0,0.0,0.0
S0GZ:atp:2025/2835/qs020:K0HN,Nikolas Sanchez Izquierdo,Piracicaba,2025-01-27,Q1,Challenger qualifying,2025,2025-26,Result + serve/return totals,True,True,False,False,True,False,True,False,False,False,0.0,1.0,1.0,0.0,0.0,0.0,0.0,0.0
S0GZ:atp:2025/2965/qs019:B0GY,Nikolas Sanchez Izquierdo,Rosario,2025-02-03,Q1,Challenger qualifying,2025,2025-26,Result + serve/return totals,True,True,False,False,True,False,True,False,False,False,0.0,1.0,1.0,0.0,0.0,0.0,0.0,0.0
S0GZ:atp:2025/4533/ms005:RH59,Nikolas Sanchez Izquierdo,M25 Punta del Este,2025-02-10,QF,ITF main draw,2025,2025-26,Result + serve/return totals,True,True,False,False,False,True,True,False,False,False,0.0,0.0,0.0,1.0,0.0,0.0,0.0,0.0
S0GZ:atp:2025/4533/ms011:V0J9,Nikolas Sanchez Izquierdo,M25 Punta del Este,2025-02-10,R16,ITF main draw,2025,2025-26,Result + serve/return totals,True,True,False,False,False,True,True,False,False,False,0.0,0.0,0.0,1.0,0.0,0.0,0.0,0.0
S0GZ:atp:2025/4533/ms023:C0S8,Nikolas Sanchez Izquierdo,M25 Punta del Este,2025-02-10,R32,ITF main draw,2025,2025-26,Result + serve/return totals,True,True,False,False,False,True,True,False,False,False,0.0,0.0,0.0,1.0,0.0,0.0,0.0,0.0
S0GZ:atp:2025/2983/ms025:P0BK,Nikolas Sanchez Izquierdo,Hersonissos 1,2025-03-03,R32,Challenger main draw,2025,2025-26,Result + serve/return totals,True,True,True,False,False,True,True,False,False,False,0.0,1.0,1.0,0.0,0.0,0.0,0.0,0.0
S0GZ:atp:2025/2985/ms022:S0KT,Nikolas Sanchez Izquierdo,Hersonissos 2,2025-03-10,R32,Challenger main draw,2025,2025-26,Shot-by-shot chart,False,False,True,False,False,True,True,False,False,False,0.0,1.0,1.0,0.0,0.0,0.0,0.0,0.0
S0GZ:atp:2025/4600/ms011:C0KH,Nikolas Sanchez Izquierdo,M25 Badalona,2025-03-17,R16,ITF main draw,2025,2025-26,"Listed only, no result",True,True,False,False,False,True,True,False,False,False,0.0,0.0,0.0,1.0,0.0,0.0,0.0,0.0
S0GZ:atp:2025/4600/ms023:M0MW,Nikolas Sanchez Izquierdo,M25 Badalona,2025-03-17,R32,ITF main draw,2025,2025-26,"Listed only, no result",True,True,False,False,False,True,True,False,False,False,0.0,0.0,0.0,1.0,0.0,0.0,0.0,0.0
S0GZ:atp:2025/4605/ms001:BV24,Nikolas Sanchez Izquierdo,M25 Tarragona,2025-03-24,F,ITF main draw,2025,2025-26,Result + serve/return totals,True,True,False,False,False,True,False,False,False,False,0.0,0.0,0.0,1.0,0.0,0.0,0.0,0.0
S0GZ:atp:2025/4605/ms003:K0CJ,Nikolas Sanchez Izquierdo,M25 Tarragona,2025-03-24,SF,ITF main draw,2025,2025-26,Result + serve/return totals,True,True,False,False,False,True,True,False,False,False,0.0,0.0,0.0,1.0,0.0,0.0,0.0,0.0
S0GZ:atp:2025/4605/ms007:S0CG,Nikolas Sanchez Izquierdo,M25 Tarragona,2025-03-24,QF,ITF main draw,2025,2025-26,Result + serve/return totals,True,True,False,False,False,True,True,False,False,False,0.0,0.0,0.0,1.0,0.0,0.0,0.0,0.0
S0GZ:atp:2025/4605/ms014:M0EY,Nikolas Sanchez Izquierdo,M25 Tarragona,2025-03-24,R16,ITF main draw,2025,2025-26,Result + serve/return totals,True,True,False,False,False,True,True,False,False,False,0.0,0.0,0.0,1.0,0.0,0.0,0.0,0.0
S0GZ:atp:2025/4605/ms029:U09T,Nikolas Sanchez Izquierdo,M25 Tarragona,2025-03-24,R32,ITF main draw,2025,2025-26,Result + serve/return totals,True,True,False,False,False,True,True,False,False,False,0.0,0.0,0.0,1.0,0.0,0.0,0.0,0.0
S0GZ:atp:2025/4616/ms001:T09X,Nikolas Sanchez Izquierdo,M25 Reus,2025-03-31,F,ITF main draw,2025,2025-26,Result + serve/return totals,True,True,False,False,True,False,True,False,False,False,0.0,0.0,0.0,1.0,0.0,0.0,0.0,0.0
S0GZ:atp:2025/4616/ms002:GE28,Nikolas Sanchez Izquierdo,M25 Reus,2025-03-31,SF,ITF main draw,2025,2025-26,Result + serve/return totals,True,True,False,False,True,False,True,False,False,False,0.0,0.0,0.0,1.0,0.0,0.0,0.0,0.0
S0GZ:atp:2025/4616/ms005:S0Y0,Nikolas Sanchez Izquierdo,M25 Reus,2025-03-31,QF,ITF main draw,2025,2025-26,Result + serve/return totals,True,True,False,False,True,False,True,False,False,False,0.0,0.0,0.0,1.0,0.0,0.0,0.0,0.0
S0GZ:atp:2025/4616/ms010:C0HN,Nikolas Sanchez Izquierdo,M25 Reus,2025-03-31,R16,ITF main draw,2025,2025-26,Result + serve/return totals,True,True,False,False,False,True,True,False,False,False,0.0,0.0,0.0,1.0,0.0,0.0,0.0,0.0
S0GZ:atp:2025/4616/ms020:PI96,Nikolas Sanchez Izquierdo,M25 Reus,2025-03-31,R32,ITF main draw,2025,2025-26,Result + serve/return totals,True,True,False,False,False,True,True,False,False,False,0.0,0.0,0.0,1.0,0.0,0.0,0.0,0.0
S0GZ:atp:2025/4646/ms010:LC12,Nikolas Sanchez Izquierdo,M25 Santa Margherita di Pula,2025-04-21,R16,ITF main draw,2025,2025-26,Result + serve/return totals,True,True,False,False,True,False,True,False,False,False,0.0,0.0,0.0,1.0,0.0,0.0,0.0,0.0
S0GZ:atp:2025/4646/ms020:O639,Nikolas Sanchez Izquierdo,M25 Santa Margherita di Pula,2025-04-21,R32,ITF main draw,2025,2025-26,Result + serve/return totals,True,True,False,False,True,False,True,False,False,False,0.0,0.0,0.0,1.0,0.0,0.0,0.0,0.0
S0GZ:atp:2025/2919/ms001:RH59,Nikolas Sanchez Izquierdo,Porto Alegre,2025-04-28,F,Challenger main draw,2025,2025-26,Result + serve/return totals,True,True,True,False,False,True,True,False,False,False,0.0,1.0,1.0,0.0,0.0,0.0,0.0,0.0
S0GZ:atp:2025/2919/ms003:B0GY,Nikolas Sanchez Izquierdo,Porto Alegre,2025-04-28,SF,Challenger main draw,2025,2025-26,Result + serve/return totals,True,True,True,False,False,True,True,False,False,False,0.0,1.0,1.0,0.0,0.0,0.0,0.0,0.0
S0GZ:atp:2025/2919/ms006:R09V,Nikolas Sanchez Izquierdo,Porto Alegre,2025-04-28,QF,Challenger main draw,2025,2025-26,Result + serve/return totals,True,True,True,True,False,True,True,False,False,False,0.0,1.0,1.0,0.0,0.0,0.0,0.0,0.0
S0GZ:atp:2025/2919/ms013:T0DM,Nikolas Sanchez Izquierdo,Porto Alegre,2025-04-28,R16,Challenger main draw,2025,2025-26,Result + serve/return totals,True,True,False,False,True,False,True,False,False,False,0.0,1.0,1.0,0.0,0.0,0.0,0.0,0.0
S0GZ:atp:2025/2919/ms026:SL94,Nikolas Sanchez Izquierdo,Porto Alegre,2025-04-28,R32,Challenger main draw,2025,2025-26,Result + serve/return totals,True,True,False,False,True,False,True,False,False,False,0.0,1.0,1.0,0.0,0.0,0.0,0.0,0.0
S0GZ:atp:2025/2923/ms025:M0OH,Nikolas Sanchez Izquierdo,Santos,2025-05-05,R32,Challenger main draw,2025,2025-26,Result + serve/return totals,True,True,True,False,False,True,True,False,False,False,0.0,1.0,1.0,0.0,0.0,0.0,0.0,0.0
S0GZ:atp:2025/4686/ms027:S0Y0,Nikolas Sanchez Izquierdo,M25 Vic,2025-05-12,R32,ITF main draw,2025,2025-26,Result + serve/return totals,True,True,False,False,False,True,True,False,False,False,0.0,0.0,0.0,1.0,0.0,0.0,0.0,0.0
S0GZ:atp:2025/4689/ms001:Z419,Nikolas Sanchez Izquierdo,M25 Mataro,2025-05-19,F,ITF main draw,2025,2025-26,Result + serve/return totals,True,True,False,False,False,True,True,False,False,False,0.0,0.0,0.0,1.0,0.0,0.0,0.0,0.0
S0GZ:atp:2025/4689/ms002:D0CN,Nikolas Sanchez Izquierdo,M25 Mataro,2025-05-19,SF,ITF main draw,2025,2025-26,Result + serve/return totals,True,True,False,False,False,True,True,False,False,False,0.0,0.0,0.0,1.0,0.0,0.0,0.0,0.0
S0GZ:atp:2025/4689/ms004:S0XE,Nikolas Sanchez Izquierdo,M25 Mataro,2025-05-19,QF,ITF main draw,2025,2025-26,Result + serve/return totals,True,True,False,False,False,True,True,False,False,False,0.0,0.0,0.0,1.0,0.0,0.0,0.0,0.0
S0GZ:atp:2025/4689/ms008:D985,Nikolas Sanchez Izquierdo,M25 Mataro,2025-05-19,R16,ITF main draw,2025,2025-26,Result + serve/return totals,True,True,False,False,False,True,True,False,False,False,0.0,0.0,0.0,1.0,0.0,0.0,0.0,0.0
S0GZ:atp:2025/4689/ms016:B0QC,Nikolas Sanchez Izquierdo,M25 Mataro,2025-05-19,R32,ITF main draw,2025,2025-26,Result + serve/return totals,True,True,False,False,False,True,True,False,False,False,0.0,0.0,0.0,1.0,0.0,0.0,0.0,0.0
S0GZ:atp:2025/558/ms029:J09X,Nikolas Sanchez Izquierdo,Prostejov,2025-06-02,R32,Challenger main draw,2025,2025-26,Result + serve/return totals,True,True,True,False,False,True,True,False,False,False,0.0,1.0,1.0,0.0,0.0,0.0,0.0,0.0
S0GZ:atp:2025/4942/ms031:D0DW,Nikolas Sanchez Izquierdo,Royan,2025-06-16,R32,Challenger main draw,2025,2025-26,Result + serve/return totals,True,True,True,False,False,True,True,False,False,False,0.0,1.0,1.0,0.0,0.0,0.0,0.0,0.0
S0GZ:atp:2025/4750/ms001:D0CN,Nikolas Sanchez Izquierdo,M25 Montauban,2025-06-23,F,ITF main draw,2025,2025-26,Result + serve/return totals,True,True,False,False,True,False,True,False,False,False,0.0,0.0,0.0,1.0,0.0,0.0,0.0,0.0
S0GZ:atp:2025/4750/ms003:SO20,Nikolas Sanchez Izquierdo,M25 Montauban,2025-06-23,SF,ITF main draw,2025,2025-26,Result + serve/return totals,True,True,False,False,True,False,True,False,False,False,0.0,0.0,0.0,1.0,0.0,0.0,0.0,0.0
S0GZ:atp:2025/4750/ms006:G0NU,Nikolas Sanchez Izquierdo,M25 Montauban,2025-06-23,QF,ITF main draw,2025,2025-26,Result + serve/return totals,True,True,False,False,True,False,True,False,False,False,0.0,0.0,0.0,1.0,0.0,0.0,0.0,0.0
S0GZ:atp:2025/4750/ms013:J0EM,Nikolas Sanchez Izquierdo,M25 Montauban,2025-06-23,R16,ITF main draw,2025,2025-26,Result + serve/return totals,True,True,False,False,False,True,True,False,False,False,0.0,0.0,0.0,1.0,0.0,0.0,0.0,0.0
S0GZ:atp:2025/4750/ms027:G0FF,Nikolas Sanchez Izquierdo,M25 Montauban,2025-06-23,R32,ITF main draw,2025,2025-26,Result + serve/return totals,True,True,False,False,False,True,True,False,False,False,0.0,0.0,0.0,1.0,0.0,0.0,0.0,0.0
S0GZ:atp:2025/1214/ms004:TA29,Nikolas Sanchez Izquierdo,Troyes,2025-06-30,QF,Challenger main draw,2025,2025-26,Result + serve/return totals,True,True,False,False,True,False,True,False,False,False,0.0,1.0,1.0,0.0,0.0,0.0,0.0,0.0
S0GZ:atp:2025/1214/ms009:R0KE,Nikolas Sanchez Izquierdo,Troyes,2025-06-30,R16,Challenger main draw,2025,2025-26,Result + serve/return totals,True,True,False,False,True,False,True,False,False,False,0.0,1.0,1.0,0.0,0.0,0.0,0.0,0.0
S0GZ:atp:2025/1214/ms018:M0E1,Nikolas Sanchez Izquierdo,Troyes,2025-06-30,R32,Challenger main draw,2025,2025-26,Result + serve/return totals,True,True,False,False,True,False,True,False,False,False,0.0,1.0,1.0,0.0,0.0,0.0,0.0,0.0
S0GZ:atp:2025/472/ms018:E698,Nikolas Sanchez Izquierdo,Pozoblanco,2025-07-14,R32,Challenger main draw,2025,2025-26,Result + serve/return totals,True,True,False,False,True,False,True,False,False,False,0.0,1.0,1.0,0.0,0.0,0.0,0.0,0.0
S0GZ:atp:2025/1591/ms007:H0DQ,Nikolas Sanchez Izquierdo,M25 Denia,2025-07-21,QF,ITF main draw,2025,2025-26,Result + serve/return totals,True,True,False,False,True,False,True,False,False,False,0.0,0.0,0.0,1.0,0.0,0.0,0.0,0.0
S0GZ:atp:2025/1591/ms015:M0RO,Nikolas Sanchez Izquierdo,M25 Denia,2025-07-21,R16,ITF main draw,2025,2025-26,"Result, no statistics",True,True,False,False,True,False,True,False,False,False,0.0,0.0,0.0,1.0,0.0,0.0,0.0,0.0
S0GZ:atp:2025/1591/ms031:S0RC,Nikolas Sanchez Izquierdo,M25 Denia,2025-07-21,R32,ITF main draw,2025,2025-26,Result + serve/return totals,True,True,False,False,True,False,True,False,False,False,0.0,0.0,0.0,1.0,0.0,0.0,0.0,0.0
S0GZ:atp:2025/2120/ms028:RH59,Nikolas Sanchez Izquierdo,Cordenons,2025-08-04,R32,Challenger main draw,2025,2025-26,Result + serve/return totals,True,True,True,False,False,True,True,False,False,False,0.0,1.0,1.0,0.0,0.0,0.0,0.0,0.0
S0GZ:atp:2025/2043/ms005:KH56,Nikolas Sanchez Izquierdo,Sofia 1,2025-08-11,QF,Challenger main draw,2025,2025-26,Result + serve/return totals,True,True,True,False,False,True,True,False,False,False,0.0,1.0,1.0,0.0,0.0,0.0,0.0,0.0
S0GZ:atp:2025/2043/ms011:S0MN,Nikolas Sanchez Izquierdo,Sofia 1,2025-08-11,R16,Challenger main draw,2025,2025-26,Result + serve/return totals,True,True,True,False,False,True,True,False,False,False,0.0,1.0,1.0,0.0,0.0,0.0,0.0,0.0
S0GZ:atp:2025/2043/ms022:M0RF,Nikolas Sanchez Izquierdo,Sofia 1,2025-08-11,R32,Challenger main draw,2025,2025-26,Result + serve/return totals,True,True,True,False,False,True,True,False,False,False,0.0,1.0,1.0,0.0,0.0,0.0,0.0,0.0
S0GZ:atp:2025/8266/ms006:S0AK,Nikolas Sanchez Izquierdo,Augsburg,2025-08-18,QF,Challenger main draw,2025,2025-26,Result + serve/return totals,True,True,True,False,False,True,True,False,False,False,0.0,1.0,1.0,0.0,0.0,0.0,0.0,0.0
S0GZ:atp:2025/8266/ms012:D0LJ,Nikolas Sanchez Izquierdo,Augsburg,2025-08-18,R16,Challenger main draw,2025,2025-26,Result + serve/return totals,True,True,True,False,False,True,True,False,False,False,0.0,1.0,1.0,0.0,0.0,0.0,0.0,0.0
S0GZ:atp:2025/8266/ms024:BV24,Nikolas Sanchez Izquierdo,Augsburg,2025-08-18,R32,Challenger main draw,2025,2025-26,Result + serve/return totals,True,True,True,False,False,True,True,False,False,False,0.0,1.0,1.0,0.0,0.0,0.0,0.0,0.0
S0GZ:atp:2025/2933/ms004:M0HT,Nikolas Sanchez Izquierdo,Porto 2,2025-08-25,QF,Challenger main draw,2025,2025-26,Result + serve/return totals,True,True,True,False,False,True,True,False,False,False,0.0,1.0,1.0,0.0,0.0,0.0,0.0,0.0
S0GZ:atp:2025/2933/ms008:D0L3,Nikolas Sanchez Izquierdo,Porto 2,2025-08-25,R16,Challenger main draw,2025,2025-26,Result + serve/return totals,True,True,True,False,False,True,True,False,False,False,0.0,1.0,1.0,0.0,0.0,0.0,0.0,0.0
S0GZ:atp:2025/2933/ms016:SX91,Nikolas Sanchez Izquierdo,Porto 2,2025-08-25,R32,Challenger main draw,2025,2025-26,Result + serve/return totals,True,True,True,False,False,True,True,False,False,False,0.0,1.0,1.0,0.0,0.0,0.0,0.0,0.0
S0GZ:atp:2025/1763/ms014:PH64,Nikolas Sanchez Izquierdo,Genoa,2025-09-01,R16,Challenger main draw,2025,2025-26,Result + serve/return totals,True,True,True,False,False,True,True,False,False,False,0.0,1.0,1.0,0.0,0.0,0.0,0.0,0.0
S0GZ:atp:2025/1763/ms029:D0L3,Nikolas Sanchez Izquierdo,Genoa,2025-09-01,R32,Challenger main draw,2025,2025-26,Result + serve/return totals,True,True,True,False,False,True,True,False,False,False,0.0,1.0,1.0,0.0,0.0,0.0,0.0,0.0
S0GZ:atp:2025/448/ms027:GE33,Nikolas Sanchez Izquierdo,Szczecin,2025-09-08,R32,Challenger main draw,2025,2025-26,Result + serve/return totals,True,True,True,False,False,True,True,False,False,False,0.0,1.0,1.0,0.0,0.0,0.0,0.0,0.0
S0GZ:atp:2025/2889/ms028:HF80,Nikolas Sanchez Izquierdo,Antofagasta,2025-09-29,R32,Challenger main draw,2025,2025-26,Result + serve/return totals,True,True,False,False,True,False,True,False,False,False,0.0,1.0,1.0,0.0,0.0,0.0,0.0,0.0
S0GZ:atp:2025/9814/ms029:CC66,Nikolas Sanchez Izquierdo,Cali,2025-10-06,R32,Challenger main draw,2025,2025-26,Result + serve/return totals,True,True,False,False,True,False,True,False,False,False,0.0,1.0,1.0,0.0,0.0,0.0,0.0,0.0
S0GZ:atp:2025/2895/ms026:B0GR,Nikolas Sanchez Izquierdo,Curitiba,2025-10-13,R32,Challenger main draw,2025,2025-26,Result + serve/return totals,True,True,False,False,True,False,True,False,False,False,0.0,1.0,1.0,0.0,0.0,0.0,0.0,0.0
S0GZ:atp:2025/4465/ms008:R0H2,Nikolas Sanchez Izquierdo,M25 Valencia,2025-11-03,R16,ITF main draw,2025,2025-26,Result + serve/return totals,True,True,False,False,True,False,True,False,False,False,0.0,0.0,0.0,1.0,0.0,0.0,0.0,0.0
S0GZ:atp:2025/4465/ms016:S0Y0,Nikolas Sanchez Izquierdo,M25 Valencia,2025-11-03,R32,ITF main draw,2025,2025-26,Result + serve/return totals,True,True,False,False,True,False,True,False,False,False,0.0,0.0,0.0,1.0,0.0,0.0,0.0,0.0
S0GZ:atp:2025/2955/ms012:KH56,Nikolas Sanchez Izquierdo,Montemar,2025-11-17,R16,Challenger main draw,2025,2025-26,Result + serve/return totals,True,True,True,False,False,True,True,False,False,False,0.0,1.0,1.0,0.0,0.0,0.0,0.0,0.0
S0GZ:atp:2025/2955/ms025:AA27,Nikolas Sanchez Izquierdo,Montemar,2025-11-17,R32,Challenger main draw,2025,2025-26,Result + serve/return totals,True,True,True,False,False,True,True,False,False,False,0.0,1.0,1.0,0.0,0.0,0.0,0.0,0.0
S0GZ:atp:2025/8312/ms030:S0CG,Nikolas Sanchez Izquierdo,Maia,2025-11-24,R32,Challenger main draw,2025,2025-26,Result + serve/return totals,True,True,True,False,False,True,True,False,False,False,0.0,1.0,1.0,0.0,0.0,0.0,0.0,0.0
S0GZ:atp:2026/1210/ms005:DC48,Nikolas Sanchez Izquierdo,Buenos Aires (Argentino) 1,2026-01-12,QF,Challenger main draw,2026,2025-26,Result + serve/return totals,True,True,True,False,False,True,True,False,False,False,0.0,1.0,1.0,0.0,0.0,0.0,0.0,0.0
S0GZ:atp:2026/1210/ms011:SG56,Nikolas Sanchez Izquierdo,Buenos Aires (Argentino) 1,2026-01-12,R16,Challenger main draw,2026,2025-26,Result + serve/return totals,True,True,True,False,False,True,True,False,False,False,0.0,1.0,1.0,0.0,0.0,0.0,0.0,0.0
S0GZ:atp:2026/1210/ms022:S0T1,Nikolas Sanchez Izquierdo,Buenos Aires (Argentino) 1,2026-01-12,R32,Challenger main draw,2026,2025-26,Result + serve/return totals,True,True,True,False,False,True,True,False,False,False,0.0,1.0,1.0,0.0,0.0,0.0,0.0,0.0
S0GZ:atp:2026/3053/ms003:V0DP,Nikolas Sanchez Izquierdo,Itajai,2026-01-19,SF,Challenger main draw,2026,2025-26,Result + serve/return totals,True,True,True,False,False,True,True,False,False,False,0.0,1.0,1.0,0.0,0.0,0.0,0.0,0.0
S0GZ:atp:2026/3053/ms006:P0CY,Nikolas Sanchez Izquierdo,Itajai,2026-01-19,QF,Challenger main draw,2026,2025-26,Result + serve/return totals,True,True,True,False,False,True,True,False,False,False,0.0,1.0,1.0,0.0,0.0,0.0,0.0,0.0
S0GZ:atp:2026/3053/ms012:L0GR,Nikolas Sanchez Izquierdo,Itajai,2026-01-19,R16,Challenger main draw,2026,2025-26,Result + serve/return totals,True,True,True,False,False,True,True,False,False,False,0.0,1.0,1.0,0.0,0.0,0.0,0.0,0.0
S0GZ:atp:2026/3053/ms024:R0A7,Nikolas Sanchez Izquierdo,Itajai,2026-01-19,R32,Challenger main draw,2026,2025-26,Result + serve/return totals,True,True,True,False,False,True,True,False,False,False,0.0,1.0,1.0,0.0,0.0,0.0,0.0,0.0
S0GZ:atp:2026/9452/ms026:R0A7,Nikolas Sanchez Izquierdo,Concepcion,2026-01-26,R32,Challenger main draw,2026,2025-26,Result + serve/return totals,True,True,False,False,True,False,True,False,False,False,0.0,1.0,1.0,0.0,0.0,0.0,0.0,0.0
S0GZ:atp:2026/2965/ms013:A0G7,Nikolas Sanchez Izquierdo,Rosario,2026-02-02,R16,Challenger main draw,2026,2025-26,Result + serve/return totals,True,True,False,False,True,False,True,False,False,False,0.0,1.0,1.0,0.0,0.0,0.0,0.0,0.0
S0GZ:atp:2026/2965/ms026:CC66,Nikolas Sanchez Izquierdo,Rosario,2026-02-02,R32,Challenger main draw,2026,2025-26,Result + serve/return totals,True,True,False,False,True,False,False,False,False,False,0.0,1.0,1.0,0.0,0.0,0.0,0.0,0.0
S0GZ:atp:2026/9695/ms012:D0CG,Nikolas Sanchez Izquierdo,Tigre 2,2026-02-23,R16,Challenger main draw,2026,2025-26,Result + serve/return totals,True,True,False,False,True,False,True,False,False,False,0.0,1.0,1.0,0.0,0.0,0.0,0.0,0.0
S0GZ:atp:2026/9695/ms024:RH59,Nikolas Sanchez Izquierdo,Tigre 2,2026-02-23,R32,Challenger main draw,2026,2025-26,Result + serve/return totals,True,True,False,False,True,False,True,False,False,False,0.0,1.0,1.0,0.0,0.0,0.0,0.0,0.0
S0GZ:atp:2026/3065/ms018:D0CG,Nikolas Sanchez Izquierdo,Brasilia,2026-03-02,R32,Challenger main draw,2026,2025-26,Result + serve/return totals,True,True,False,False,True,False,True,False,False,False,0.0,1.0,1.0,0.0,0.0,0.0,0.0,0.0
S0GZ:atp:2026/3406/ms006:R0GO,Nikolas Sanchez Izquierdo,Santiago,2026-03-09,QF,Challenger main draw,2026,2025-26,Result + serve/return totals,True,True,True,False,False,True,True,False,False,False,0.0,1.0,1.0,0.0,0.0,0.0,0.0,0.0
S0GZ:atp:2026/3406/ms012:MJ98,Nikolas Sanchez Izquierdo,Santiago,2026-03-09,R16,Challenger main draw,2026,2025-26,Result + serve/return totals,True,True,True,False,False,True,True,False,False,False,0.0,1.0,1.0,0.0,0.0,0.0,0.0,0.0
S0GZ:atp:2026/3406/ms025:K0DB,Nikolas Sanchez Izquierdo,Santiago,2026-03-09,R32,Challenger main draw,2026,2025-26,Result + serve/return totals,True,True,False,False,False,True,True,False,False,False,0.0,1.0,1.0,0.0,0.0,0.0,0.0,0.0
S0GZ:atp:2026/9171/ms023:CF59,Nikolas Sanchez Izquierdo,Murcia,2026-03-16,R32,Challenger main draw,2026,2025-26,Result + serve/return totals,True,True,True,False,False,True,True,False,False,False,0.0,1.0,1.0,0.0,0.0,0.0,0.0,0.0
S0GZ:atp:2026/2987/ms018:M0EA,Nikolas Sanchez Izquierdo,Menorca,2026-03-30,R32,Challenger main draw,2026,2025-26,Result + serve/return totals,True,True,True,False,False,True,True,False,False,False,0.0,1.0,1.0,0.0,0.0,0.0,0.0,0.0
S0GZ:atp:2026/9687/ms007:R09X,Nikolas Sanchez Izquierdo,Madrid,2026-04-06,QF,Challenger main draw,2026,2025-26,Result + serve/return totals,True,True,True,False,False,True,True,False,False,False,0.0,1.0,1.0,0.0,0.0,0.0,0.0,0.0
S0GZ:atp:2026/9687/ms014:RB60,Nikolas Sanchez Izquierdo,Madrid,2026-04-06,R16,Challenger main draw,2026,2025-26,Result + serve/return totals,True,True,True,False,False,True,True,False,False,False,0.0,1.0,1.0,0.0,0.0,0.0,0.0,0.0
S0GZ:atp:2026/9687/ms029:I0BF,Nikolas Sanchez Izquierdo,Madrid,2026-04-06,R32,Challenger main draw,2026,2025-26,Result + serve/return totals,True,True,True,False,False,True,True,False,False,False,0.0,1.0,1.0,0.0,0.0,0.0,0.0,0.0
S0GZ:atp:2026/2151/ms011:S0KT,Nikolas Sanchez Izquierdo,Rome,2026-04-20,R16,Challenger main draw,2026,2025-26,Result + serve/return totals,True,True,True,False,False,True,True,False,False,False,0.0,1.0,1.0,0.0,0.0,0.0,0.0,0.0
S0GZ:atp:2026/2151/ms022:DG80,Nikolas Sanchez Izquierdo,Rome,2026-04-20,R32,Challenger main draw,2026,2025-26,Result + serve/return totals,True,True,True,False,False,True,True,False,False,False,0.0,1.0,1.0,0.0,0.0,0.0,0.0,0.0
S0GZ:atp:2026/1797/ms001:KH56,Nikolas Sanchez Izquierdo,Ostrava,2026-04-27,F,Challenger main draw,2026,2025-26,Result + serve/return totals,True,True,False,False,True,False,True,False,False,False,0.0,1.0,1.0,0.0,0.0,0.0,0.0,0.0
S0GZ:atp:2026/1797/ms002:G0IB,Nikolas Sanchez Izquierdo,Ostrava,2026-04-27,SF,Challenger main draw,2026,2025-26,Result + serve/return totals,True,True,False,False,True,False,True,False,False,False,0.0,1.0,1.0,0.0,0.0,0.0,0.0,0.0
S0GZ:atp:2026/1797/ms004:S0GD,Nikolas Sanchez Izquierdo,Ostrava,2026-04-27,QF,Challenger main draw,2026,2025-26,Result + serve/return totals,True,True,False,False,True,False,True,False,False,False,0.0,1.0,1.0,0.0,0.0,0.0,0.0,0.0
S0GZ:atp:2026/1797/ms009:SS25,Nikolas Sanchez Izquierdo,Ostrava,2026-04-27,R16,Challenger main draw,2026,2025-26,Result + serve/return totals,True,True,True,False,False,True,True,False,False,False,0.0,1.0,1.0,0.0,0.0,0.0,0.0,0.0
S0GZ:atp:2026/1797/ms018:M0SE,Nikolas Sanchez Izquierdo,Ostrava,2026-04-27,R32,Challenger main draw,2026,2025-26,Result + serve/return totals,True,True,True,False,False,True,True,False,False,False,0.0,1.0,1.0,0.0,0.0,0.0,0.0,0.0
S0GZ:atp:2026/7707/ms014:D0CG,Nikolas Sanchez Izquierdo,Francavilla al Mare,2026-05-04,R16,Challenger main draw,2026,2025-26,Result + serve/return totals,True,True,False,False,True,False,True,False,False,False,0.0,1.0,1.0,0.0,0.0,0.0,0.0,0.0
S0GZ:atp:2026/7707/ms029:E0DD,Nikolas Sanchez Izquierdo,Francavilla al Mare,2026-05-04,R32,Challenger main draw,2026,2025-26,Result + serve/return totals,True,True,False,False,True,False,True,False,False,False,0.0,1.0,1.0,0.0,0.0,0.0,0.0,0.0
S0GZ:atp:2026/3105/ms007:J476,Nikolas Sanchez Izquierdo,Istanbul (TTF),2026-05-18,QF,Challenger main draw,2026,2025-26,Result + serve/return totals,True,True,False,False,True,False,True,False,False,False,0.0,1.0,1.0,0.0,0.0,0.0,0.0,0.0
S0GZ:atp:2026/3105/ms015:KC33,Nikolas Sanchez Izquierdo,Istanbul (TTF),2026-05-18,R16,Challenger main draw,2026,2025-26,Result + serve/return totals,True,True,False,False,True,False,True,False,False,False,0.0,1.0,1.0,0.0,0.0,0.0,0.0,0.0
S0GZ:atp:2026/3105/ms031:S0CG,Nikolas Sanchez Izquierdo,Istanbul (TTF),2026-05-18,R32,Challenger main draw,2026,2025-26,Result + serve/return totals,True,True,False,False,True,False,True,False,False,False,0.0,1.0,1.0,0.0,0.0,0.0,0.0,0.0
S0GZ:atp:2026/558/ms002:B0BI,Nikolas Sanchez Izquierdo,Prostejov,2026-06-01,SF,Challenger main draw,2026,2025-26,Point-by-point sequence,False,True,False,False,True,False,True,True,False,False,0.0,1.0,1.0,0.0,0.0,0.0,0.0,0.0
S0GZ:atp:2026/558/ms005:M0OH,Nikolas Sanchez Izquierdo,Prostejov,2026-06-01,QF,Challenger main draw,2026,2025-26,Point-by-point sequence,False,True,False,False,True,False,True,True,False,False,0.0,1.0,1.0,0.0,0.0,0.0,0.0,0.0
S0GZ:atp:2026/558/ms010:S0H2,Nikolas Sanchez Izquierdo,Prostejov,2026-06-01,R16,Challenger main draw,2026,2025-26,Point-by-point sequence,False,True,False,False,True,False,True,True,False,False,0.0,1.0,1.0,0.0,0.0,0.0,0.0,0.0
S0GZ:atp:2026/558/ms021:P0AY,Nikolas Sanchez Izquierdo,Prostejov,2026-06-01,R32,Challenger main draw,2026,2025-26,Point-by-point sequence,False,True,False,False,True,False,True,True,False,False,0.0,1.0,1.0,0.0,0.0,0.0,0.0,0.0
S0GZ:atp:2026/7536/ms007:B0EJ,Nikolas Sanchez Izquierdo,Lyon,2026-06-08,QF,Challenger main draw,2026,2025-26,Point-by-point sequence,False,True,True,False,False,True,True,True,False,False,0.0,1.0,1.0,0.0,0.0,0.0,0.0,0.0
S0GZ:atp:2026/7536/ms015:V0DZ,Nikolas Sanchez Izquierdo,Lyon,2026-06-08,R16,Challenger main draw,2026,2025-26,Result + serve/return totals,True,True,False,False,False,True,True,False,False,False,0.0,1.0,1.0,0.0,0.0,0.0,0.0,0.0
S0GZ:atp:2026/7536/ms030:B0JJ,Nikolas Sanchez Izquierdo,Lyon,2026-06-08,R32,Challenger main draw,2026,2025-26,Point-by-point sequence,False,True,True,False,False,True,True,True,False,False,0.0,1.0,1.0,0.0,0.0,0.0,0.0,0.0
S0GZ:atp:2026/9835/ms031:V0DZ,Nikolas Sanchez Izquierdo,Parma,2026-06-15,R32,Challenger main draw,2026,2025-26,Point-by-point sequence,False,True,True,False,False,True,True,True,False,False,0.0,1.0,1.0,0.0,0.0,0.0,0.0,0.0
S0GZ:atp:2026/540/qs066:KF17,Nikolas Sanchez Izquierdo,Wimbledon,2026-06-29,Q1,Tour qualifying,2026,2025-26,Point-by-point sequence,False,True,True,False,False,True,True,True,False,False,0.0,1.0,0.0,0.0,0.0,0.0,1.0,0.0
S0GZ:atp:2026/9351/ms007:DA31,Nikolas Sanchez Izquierdo,Trieste,2026-07-06,QF,Challenger main draw,2026,2025-26,Result + serve/return totals,True,True,True,False,False,True,True,False,False,False,0.0,1.0,1.0,0.0,0.0,0.0,0.0,0.0
S0GZ:atp:2026/9351/ms014:B0GY,Nikolas Sanchez Izquierdo,Trieste,2026-07-06,R16,Challenger main draw,2026,2025-26,Result + serve/return totals,True,True,True,False,False,True,True,False,False,False,0.0,1.0,1.0,0.0,0.0,0.0,0.0,0.0
S0GZ:atp:2026/9351/ms028:D0HX,Nikolas Sanchez Izquierdo,Trieste,2026-07-06,R32,Challenger main draw,2026,2025-26,Result + serve/return totals,True,True,True,False,False,True,True,False,False,False,0.0,1.0,1.0,0.0,0.0,0.0,0.0,0.0
S0GZ:atp:2026/439/qs006:P0IY,Nikolas Sanchez Izquierdo,Umag,2026-07-13,Q2,Tour qualifying,2026,2025-26,Result + serve/return totals,True,True,True,False,False,True,True,False,False,False,0.0,1.0,1.0,0.0,0.0,0.0,0.0,1.0
S0GZ:atp:2026/439/qs013:GB93,Nikolas Sanchez Izquierdo,Umag,2026-07-13,Q1,Tour qualifying,2026,2025-26,Result + serve/return totals,True,True,True,False,False,True,True,False,False,False,0.0,1.0,1.0,0.0,0.0,0.0,0.0,1.0
S0GZ:atp:2026/221/ms024:V993,Nikolas Sanchez Izquierdo,Tampere,2026-07-20,R32,Challenger main draw,2026,2025-26,Result + serve/return totals,True,True,True,False,False,True,True,False,False,False,0.0,1.0,1.0,0.0,0.0,0.0,0.0,0.0
S0GZ:atp:2026/8392/ms012:M0SE,Nikolas Sanchez Izquierdo,Todi,2026-08-10,R16,Challenger main draw,2026,2025-26,Result + serve/return totals,True,True,True,False,False,True,True,False,False,False,0.0,1.0,1.0,0.0,0.0,0.0,0.0,0.0
S0GZ:atp:2026/8392/ms024:P0I6,Nikolas Sanchez Izquierdo,Todi,2026-08-10,R32,Challenger main draw,2026,2025-26,Result + serve/return totals,True,True,True,False,False,True,True,False,False,False,0.0,1.0,1.0,0.0,0.0,0.0,0.0,0.0
S0GZ:atp:2026/2933/ms028:D0CN,Nikolas Sanchez Izquierdo,Porto (CTP),2026-08-31,R32,Challenger main draw,2026,2025-26,Result + serve/return totals,True,True,False,False,True,False,False,False,False,False,0.0,1.0,1.0,0.0,0.0,0.0,0.0,0.0
S0GZ:atp:2026/560/qs066:M0N1,Nikolas Sanchez Izquierdo,US Open,2026-08-31,Q1,Tour qualifying,2026,2025-26,Result + serve/return totals,True,True,True,False,False,True,False,False,False,False,0.0,1.0,0.0,0.0,0.0,0.0,0.99,0.0
S0GZ:atp:2026/784/ms029:RH59,Nikolas Sanchez Izquierdo,Seville,2026-09-07,R32,Challenger main draw,2026,2025-26,Result + serve/return totals,True,True,False,False,True,False,False,False,False,False,0.0,1.0,1.0,0.0,0.0,0.0,0.0,0.0
S0GZ:atp:2026/448/ms001:MJ08,Nikolas Sanchez Izquierdo,Szczecin,2026-09-14,F,Challenger main draw,2026,2025-26,Result + serve/return totals,True,True,False,False,True,False,False,False,False,False,0.0,1.0,1.0,0.0,0.0,0.0,0.0,0.0
S0GZ:atp:2026/448/ms002:M0N1,Nikolas Sanchez Izquierdo,Szczecin,2026-09-14,SF,Challenger main draw,2026,2025-26,Result + serve/return totals,True,True,False,False,True,False,False,False,False,False,0.0,1.0,1.0,0.0,0.0,0.0,0.0,0.0
S0GZ:atp:2026/448/ms004:KH56,Nikolas Sanchez Izquierdo,Szczecin,2026-09-14,QF,Challenger main draw,2026,2025-26,Result + serve/return totals,True,True,False,False,True,False,False,False,False,False,0.0,1.0,1.0,0.0,0.0,0.0,0.0,0.0
S0GZ:atp:2026/448/ms008:GE33,Nikolas Sanchez Izquierdo,Szczecin,2026-09-14,R16,Challenger main draw,2026,2025-26,Result + serve/return totals,True,True,False,False,True,False,False,False,False,False,0.0,1.0,1.0,0.0,0.0,0.0,0.0,0.0
S0GZ:atp:2026/448/ms017:B0JP,Nikolas Sanchez Izquierdo,Szczecin,2026-09-14,R32,Challenger main draw,2026,2025-26,Result + serve/return totals,True,True,False,False,True,False,False,False,False,False,0.0,1.0,1.0,0.0,0.0,0.0,0.0,0.0
V0F6:atp:2021/9589/qs011:R913,Nicolas Villalon,Santiago 2,2021-10-04,Q1,Challenger qualifying,2021,2019-21,Missing,True,True,False,False,False,True,False,False,False,False,0.336,0.0,0.0,0.0,0.0,0.0,0.0,0.0
V0F6:atp:2022/9818/qs008:V821,Nicolas Villalon,Concepcion 2,2022-03-14,Q2,Challenger qualifying,2022,2022-23,Missing,True,True,False,False,False,True,False,False,False,False,0.336,0.0,0.0,0.0,0.0,0.0,0.0,0.0
V0F6:atp:2022/9818/qs016:N830,Nicolas Villalon,Concepcion 2,2022-03-14,Q1,Challenger qualifying,2022,2022-23,Missing,True,True,False,False,False,True,False,False,False,False,0.336,0.0,0.0,0.0,0.0,0.0,0.0,0.0
V0F6:atp:2022/1202/ms017:HG90,Nicolas Villalon,Coquimbo,2022-05-09,R32,Challenger main draw,2022,2022-23,Result + serve/return totals,True,True,False,False,False,True,False,False,False,False,0.553,0.0,0.0,0.0,0.0,0.0,0.0,0.0
V0F6:atp:2022/9644/ms012:Y223,Nicolas Villalon,M15 Recife,2022-08-15,R16,ITF main draw,2022,2022-23,"Result, no statistics",True,True,True,False,False,True,False,False,False,False,0.0,0.0,0.0,0.0,0.0,0.0,0.0,0.0
V0F6:atp:2022/9644/ms025:TE14,Nicolas Villalon,M15 Recife,2022-08-15,R32,ITF main draw,2022,2022-23,"Result, no statistics",True,True,True,False,False,True,False,False,False,False,0.0,0.0,0.0,0.0,0.0,0.0,0.0,0.0
V0F6:atp:2022/388/ms025:N0B3,Nicolas Villalon,M15 Brasilia,2022-08-22,R32,ITF main draw,2022,2022-23,"Result, no statistics",True,True,True,False,False,True,False,False,False,False,0.0,0.0,0.0,0.0,0.0,0.0,0.0,0.0
V0F6:atp:2022/2819/qs018:R0FP,Nicolas Villalon,Coquimbo 2,2022-10-17,Q1,Challenger qualifying,2022,2022-23,Result + serve/return totals,True,True,False,False,False,True,False,False,False,False,0.336,0.0,0.0,0.0,0.0,0.0,0.0,0.0
V0F6:atp:2022/2829/qs010:A09P,Nicolas Villalon,Temuco,2022-11-21,Q2,Challenger qualifying,2022,2022-23,Result + serve/return totals,True,True,False,False,False,True,False,False,False,False,0.336,0.0,0.0,0.0,0.0,0.0,0.0,0.0
V0F6:atp:2022/2829/qs021:AG25,Nicolas Villalon,Temuco,2022-11-21,Q1,Challenger qualifying,2022,2022-23,Result + serve/return totals,True,True,False,False,False,True,False,False,False,False,0.336,0.0,0.0,0.0,0.0,0.0,0.0,0.0
V0F6:atp:2023/9452/qs026:SG56,Nicolas Villalon,Concepcion,2023-01-23,Q1,Challenger qualifying,2023,2022-23,Result + serve/return totals,True,True,False,False,False,True,True,False,False,False,0.0,0.0,0.0,0.0,0.0,0.0,0.0,0.0
V0F6:atp:2023/8215/ms017:H999,Nicolas Villalon,M25 Tucuman,2023-02-27,R32,ITF main draw,2023,2022-23,"Result, no statistics",True,True,True,False,False,True,False,False,False,False,0.0,0.0,0.0,0.0,0.0,0.0,0.0,0.0
V0F6:atp:2023/3406/ms028:U182,Nicolas Villalon,Santiago,2023-03-06,R32,Challenger main draw,2023,2022-23,Result + serve/return totals,True,True,False,False,False,True,True,False,False,False,0.0,0.0,0.0,0.0,0.0,0.0,0.0,0.0
V0F6:atp:2023/2851/qs027:LF26,Nicolas Villalon,Vina del Mar,2023-03-13,Q1,Challenger qualifying,2023,2022-23,Result + serve/return totals,True,True,False,False,False,True,True,False,False,False,0.0,0.0,0.0,0.0,0.0,0.0,0.0,0.0
V0F6:atp:2023/8245/ms027:B0GR,Nicolas Villalon,M15 Santo Domingo de los Tsachilas,2023-04-03,R32,ITF main draw,2023,2022-23,"Result, no statistics",True,True,False,False,True,False,False,False,False,False,0.0,0.0,0.0,0.0,0.0,0.0,0.0,0.0
V0F6:atp:2023/1202/ms021:H0C9,Nicolas Villalon,Coquimbo,2023-05-01,R32,Challenger main draw,2023,2022-23,Result + serve/return totals,True,True,False,False,True,False,True,False,False,False,0.0,0.0,0.0,0.0,0.0,0.0,0.0,0.0
V0F6:atp:2023/4332/ms015:V0D4,Nicolas Villalon,M15 Addis Ababa,2023-05-15,R16,ITF main draw,2023,2022-23,"Result, no statistics",True,True,False,False,True,False,False,False,False,False,0.0,0.0,0.0,0.0,0.0,0.0,0.0,0.0
V0F6:atp:2023/4332/ms030:SY50,Nicolas Villalon,M15 Addis Ababa,2023-05-15,R32,ITF main draw,2023,2022-23,"Result, no statistics",True,True,False,False,True,False,False,False,False,False,0.0,0.0,0.0,0.0,0.0,0.0,0.0,0.0
V0F6:atp:2023/4333/ms013:SY71,Nicolas Villalon,M15 Addis Ababa,2023-05-22,R16,ITF main draw,2023,2022-23,"Result, no statistics",True,True,True,False,False,True,False,False,False,False,0.0,0.0,0.0,0.0,0.0,0.0,0.0,0.0
V0F6:atp:2023/4333/ms026:MM67,Nicolas Villalon,M15 Addis Ababa,2023-05-22,R32,ITF main draw,2023,2022-23,"Result, no statistics",True,True,False,False,True,False,False,False,False,False,0.0,0.0,0.0,0.0,0.0,0.0,0.0,0.0
V0F6:atp:2023/4334/ms028:F0DP,Nicolas Villalon,M15 Kursumlijska Banja,2023-05-29,R32,ITF main draw,2023,2022-23,"Result, no statistics",True,True,True,False,False,True,False,False,False,False,0.0,0.0,0.0,0.0,0.0,0.0,0.0,0.0
V0F6:atp:2023/4349/ms028:P0G5,Nicolas Villalon,M15 Kursumlijska Banja,2023-06-19,R32,ITF main draw,2023,2022-23,"Result, no statistics",True,True,True,False,False,True,False,False,False,False,0.0,0.0,0.0,0.0,0.0,0.0,0.0,0.0
V0F6:atp:2023/374/ms016:CN78,Nicolas Villalon,M25 Rosario-Sante Fe,2023-06-26,R32,ITF main draw,2023,2022-23,"Result, no statistics",True,True,True,False,False,True,False,False,False,False,0.0,0.0,0.0,0.0,0.0,0.0,0.0,0.0
V0F6:atp:2023/2887/ms022:S0EK,Nicolas Villalon,Santa Fe,2023-07-03,R32,Challenger main draw,2023,2022-23,Result + serve/return totals,True,True,False,False,True,False,True,False,False,False,0.0,0.0,0.0,0.0,0.0,0.0,0.0,0.0
V0F6:atp:2023/2887/qs012:A0G1,Nicolas Villalon,Santa Fe,2023-07-03,Q2,Challenger qualifying,2023,2022-23,Result + serve/return totals,True,True,False,False,True,False,True,False,False,False,0.0,0.0,0.0,0.0,0.0,0.0,0.0,0.0
V0F6:atp:2023/2887/qs025:G0KV,Nicolas Villalon,Santa Fe,2023-07-03,Q1,Challenger qualifying,2023,2022-23,"Listed only, no result",True,True,False,False,True,False,True,False,False,False,0.0,0.0,0.0,0.0,0.0,0.0,0.0,0.0
V0F6:atp:2023/388/ms012:D0IP,Nicolas Villalon,M15 Sao Paulo,2023-08-21,R16,ITF main draw,2023,2022-23,"Result, no statistics",True,True,False,False,True,False,False,False,False,False,0.0,0.0,0.0,0.0,0.0,0.0,0.0,0.0
V0F6:atp:2023/388/ms025:C0NR,Nicolas Villalon,M15 Sao Paulo,2023-08-21,R32,ITF main draw,2023,2022-23,"Result, no statistics",True,True,False,False,True,False,False,False,False,False,0.0,0.0,0.0,0.0,0.0,0.0,0.0,0.0
V0F6:atp:2023/8303/ms005:F0BV,Nicolas Villalon,M15 Cochabamba,2023-11-13,QF,ITF main draw,2023,2022-23,"Result, no statistics",True,True,True,False,False,True,False,False,False,False,0.0,0.0,0.0,0.0,0.0,0.0,0.0,0.0
V0F6:atp:2023/8303/ms011:P0IY,Nicolas Villalon,M15 Cochabamba,2023-11-13,R16,ITF main draw,2023,2022-23,"Result, no statistics",True,True,True,False,False,True,False,False,False,False,0.0,0.0,0.0,0.0,0.0,0.0,0.0,0.0
V0F6:atp:2023/8303/ms022:A0LI,Nicolas Villalon,M15 Cochabamba,2023-11-13,R32,ITF main draw,2023,2022-23,"Result, no statistics",True,True,True,True,False,True,False,False,False,False,0.0,0.0,0.0,0.0,0.0,0.0,0.0,0.0
V0F6:atp:2023/4246/ms029:P0IY,Nicolas Villalon,M15 Santa Cruz,2023-11-20,R32,ITF main draw,2023,2022-23,"Result, no statistics",True,True,True,False,False,True,False,False,False,False,0.0,0.0,0.0,0.0,0.0,0.0,0.0,0.0
V0F6:atp:2023/2829/qs024:AG08,Nicolas Villalon,Temuco,2023-11-27,Q1,Challenger qualifying,2023,2022-23,Result + serve/return totals,True,True,False,False,False,True,True,False,False,False,0.0,0.0,0.0,0.0,0.0,0.0,0.0,0.0
V0F6:atp:2023/4476/ms016:V821,Nicolas Villalon,M15 Concepcion,2023-12-04,R32,ITF main draw,2023,2022-23,"Result, no statistics",True,True,True,False,False,True,False,False,False,False,0.0,0.0,0.0,0.0,0.0,0.0,0.0,0.0
V0F6:atp:2023/4477/ms030:S0IV,Nicolas Villalon,M15 Concepcion,2023-12-11,R32,ITF main draw,2023,2022-23,"Result, no statistics",True,True,True,False,False,True,False,False,False,False,0.0,0.0,0.0,0.0,0.0,0.0,0.0,0.0
V0F6:atp:2024/4595/ms028:S0IV,Nicolas Villalon,M25 Maceio,2024-03-18,R32,ITF main draw,2024,2024,"Result, no statistics",True,True,True,False,False,True,False,False,False,False,0.0,0.0,0.0,0.0,0.0,0.0,0.0,0.0
V0F6:atp:2024/4623/ms028:B0EZ,Nicolas Villalon,M15 Quillota,2024-04-08,R32,ITF main draw,2024,2024,"Result, no statistics",True,True,False,False,True,False,False,False,False,False,0.0,0.0,0.0,0.0,0.0,0.0,0.0,0.0
V0F6:atp:2024/4631/ms012:T0AF,Nicolas Villalon,M15 Santiago,2024-04-15,R16,ITF main draw,2024,2024,"Result, no statistics",True,True,False,False,True,False,False,False,False,False,0.0,0.0,0.0,0.0,0.0,0.0,0.0,0.0
V0F6:atp:2024/4631/ms025:V948,Nicolas Villalon,M15 Santiago,2024-04-15,R32,ITF main draw,2024,2024,"Result, no statistics",True,True,False,False,True,False,False,False,False,False,0.0,0.0,0.0,0.0,0.0,0.0,0.0,0.0
V0F6:atp:2024/9452/qs024:R0BT,Nicolas Villalon,Concepcion - CH,2024-04-22,Q1,Challenger qualifying,2024,2024,Result + serve/return totals,True,True,False,False,True,False,True,False,False,False,0.0,1.0,0.0,0.0,0.0,0.0,0.0,0.0
V0F6:atp:2024/4692/ms009:DC83,Nicolas Villalon,M15 Kursumlijska Banja,2024-05-20,R16,ITF main draw,2024,2024,"Result, no statistics",True,True,False,False,True,False,False,False,False,False,0.0,0.0,0.0,0.0,0.0,0.0,0.0,0.0
V0F6:atp:2024/4692/ms018:S09K,Nicolas Villalon,M15 Kursumlijska Banja,2024-05-20,R32,ITF main draw,2024,2024,"Result, no statistics",True,True,False,False,True,False,False,False,False,False,0.0,0.0,0.0,0.0,0.0,0.0,0.0,0.0
V0F6:atp:2024/4741/ms015:I0A7,Nicolas Villalon,M15 Oradea,2024-06-10,R16,ITF main draw,2024,2024,"Result, no statistics",True,True,True,False,False,True,False,False,False,False,0.0,0.0,0.0,0.0,0.0,0.0,0.0,0.0
V0F6:atp:2024/4741/ms030:H0DI,Nicolas Villalon,M15 Oradea,2024-06-10,R32,ITF main draw,2024,2024,"Result, no statistics",True,True,True,False,False,True,False,False,False,False,0.0,0.0,0.0,0.0,0.0,0.0,0.0,0.0
V0F6:atp:2024/4758/ms009:A0I6,Nicolas Villalon,M15 Cluj Napoca,2024-06-17,R16,ITF main draw,2024,2024,"Result, no statistics",True,True,True,False,False,True,False,False,False,False,0.0,0.0,0.0,0.0,0.0,0.0,0.0,0.0
V0F6:atp:2024/4758/ms019:O659,Nicolas Villalon,M15 Cluj Napoca,2024-06-17,R32,ITF main draw,2024,2024,"Result, no statistics",True,True,True,False,False,True,False,False,False,False,0.0,0.0,0.0,0.0,0.0,0.0,0.0,0.0
V0F6:atp:2024/4353/ms012:J0CM,Nicolas Villalon,M15 Belgrade,2024-06-24,R16,ITF main draw,2024,2024,"Result, no statistics",True,True,True,False,False,True,False,False,False,False,0.0,0.0,0.0,0.0,0.0,0.0,0.0,0.0
V0F6:atp:2024/4353/ms025:L0LB,Nicolas Villalon,M15 Belgrade,2024-06-24,R32,ITF main draw,2024,2024,"Result, no statistics",True,True,True,False,False,True,False,False,False,False,0.0,0.0,0.0,0.0,0.0,0.0,0.0,0.0
V0F6:atp:2024/4349/ms008:P0AY,Nicolas Villalon,M15 Kursumlijska Banja,2024-07-01,R16,ITF main draw,2024,2024,"Result, no statistics",True,True,False,False,True,False,False,False,False,False,0.0,0.0,0.0,0.0,0.0,0.0,0.0,0.0
V0F6:atp:2024/4349/ms017:P09S,Nicolas Villalon,M15 Kursumlijska Banja,2024-07-01,R32,ITF main draw,2024,2024,"Result, no statistics",True,True,False,False,True,False,False,False,False,False,0.0,0.0,0.0,0.0,0.0,0.0,0.0,0.0
V0F6:atp:2024/4344/ms017:F0C2,Nicolas Villalon,M15 Kursumlijska Banja,2024-07-08,R32,ITF main draw,2024,2024,"Result, no statistics",True,True,False,False,True,False,False,False,False,False,0.0,0.0,0.0,0.0,0.0,0.0,0.0,0.0
V0F6:atp:2024/626/ms008:SG56,Nicolas Villalon,M25 Londrina,2024-08-12,R16,ITF main draw,2024,2024,"Result, no statistics",True,True,False,False,True,False,True,False,False,False,0.0,0.0,0.0,0.0,0.0,0.0,0.0,0.0
V0F6:atp:2024/626/ms017:F0DZ,Nicolas Villalon,M25 Londrina,2024-08-12,R32,ITF main draw,2024,2024,"Result, no statistics",True,True,False,False,True,False,False,False,False,False,0.0,0.0,0.0,0.0,0.0,0.0,0.0,0.0
V0F6:atp:2024/7871/ms017:P0LG,Nicolas Villalon,M25 Arequipa,2024-08-19,R32,ITF main draw,2024,2024,"Result, no statistics",True,True,False,False,True,False,True,False,False,False,0.0,0.0,0.0,0.0,0.0,0.0,0.0,0.0
V0F6:atp:2024/4852/ms012:V0DX,Nicolas Villalon,M15 Asuncion,2024-09-23,R16,ITF main draw,2024,2024,"Result, no statistics",True,True,True,False,False,True,True,False,False,False,0.0,0.0,0.0,0.0,0.0,0.0,0.0,0.0
V0F6:atp:2024/4852/ms025:S0Y2,Nicolas Villalon,M15 Asuncion,2024-09-23,R32,ITF main draw,2024,2024,"Result, no statistics",True,True,True,False,False,True,True,False,False,False,0.0,0.0,0.0,0.0,0.0,0.0,0.0,0.0
V0F6:atp:2024/4857/ms027:P0J1,Nicolas Villalon,M25 Luque,2024-09-30,R32,ITF main draw,2024,2024,"Result, no statistics",True,True,True,False,False,True,True,False,False,False,0.0,0.0,0.0,0.0,0.0,0.0,0.0,0.0
V0F6:atp:2024/4879/ms026:A0FR,Nicolas Villalon,M15 Guatemala,2024-11-04,R32,ITF main draw,2024,2024,"Result, no statistics",True,True,True,False,False,True,True,False,False,False,0.0,0.0,0.0,0.0,0.0,0.0,0.0,0.0
V0F6:atp:2024/4883/ms011:R0M6,Nicolas Villalon,M15 Guatemala,2024-11-11,R16,ITF main draw,2024,2024,"Result, no statistics",True,True,False,False,True,False,True,False,False,False,0.0,0.0,0.0,0.0,0.0,0.0,0.0,0.0
V0F6:atp:2024/4883/ms023:R0ER,Nicolas Villalon,M15 Guatemala,2024-11-11,R32,ITF main draw,2024,2024,"Result, no statistics",True,True,False,False,True,False,True,False,False,False,0.0,0.0,0.0,0.0,0.0,0.0,0.0,0.0
V0F6:atp:2024/7476/ms024:B0QL,Nicolas Villalon,M15 Santo Domingo,2024-11-18,R32,ITF main draw,2024,2024,"Result, no statistics",True,True,False,False,True,False,True,False,False,False,0.0,0.0,0.0,0.0,0.0,0.0,0.0,0.0
V0F6:atp:2024/4476/ms007:B0GY,Nicolas Villalon,M15 Santiago,2024-11-25,QF,ITF main draw,2024,2024,"Result, no statistics",True,True,False,False,True,False,True,False,False,False,0.0,0.0,0.0,0.0,0.0,0.0,0.0,0.0
V0F6:atp:2024/4476/ms014:G0M3,Nicolas Villalon,M15 Santiago,2024-11-25,R16,ITF main draw,2024,2024,"Result, no statistics",True,True,False,False,True,False,True,False,False,False,0.0,0.0,0.0,0.0,0.0,0.0,0.0,0.0
V0F6:atp:2024/4476/ms028:G0NE,Nicolas Villalon,M15 Santiago,2024-11-25,R32,ITF main draw,2024,2024,"Result, no statistics",True,True,False,False,True,False,True,False,False,False,0.0,0.0,0.0,0.0,0.0,0.0,0.0,0.0
V0F6:atp:2024/4890/ms026:S0KY,Nicolas Villalon,M15 Santiago,2024-12-02,R32,ITF main draw,2024,2024,"Result, no statistics",True,True,False,False,True,False,True,False,False,False,0.0,0.0,0.0,0.0,0.0,0.0,0.0,0.0
V0F6:atp:2025/4901/ms014:WB25,Nicolas Villalon,M15 Santiago,2025-01-13,R16,ITF main draw,2025,2025-26,Result + serve/return totals,True,True,False,False,False,True,True,False,False,False,0.0,0.0,0.0,1.0,0.0,0.0,0.0,0.0
V0F6:atp:2025/4901/ms029:LA54,Nicolas Villalon,M15 Santiago,2025-01-13,R32,ITF main draw,2025,2025-26,Result + serve/return totals,True,True,False,False,False,True,True,False,False,False,0.0,0.0,0.0,1.0,0.0,0.0,0.0,0.0
V0F6:atp:2025/4631/ms018:B0E4,Nicolas Villalon,M15 Santiago,2025-01-20,R32,ITF main draw,2025,2025-26,"Listed only, no result",True,True,False,False,False,True,True,False,False,False,0.0,0.0,0.0,1.0,0.0,0.0,0.0,0.0
V0F6:atp:2025/3406/ms025:M0B2,Nicolas Villalon,Santiago,2025-03-10,R32,Challenger main draw,2025,2025-26,Result + serve/return totals,True,True,True,False,False,True,True,False,False,False,0.0,1.0,1.0,0.0,0.0,0.0,0.0,0.0
V0F6:atp:2025/2917/qs008:H0B7,Nicolas Villalon,Merida,2025-03-17,Q2,Challenger qualifying,2025,2025-26,Result + serve/return totals,True,True,True,False,False,True,True,False,False,False,0.0,1.0,1.0,0.0,0.0,0.0,0.0,0.0
V0F6:atp:2025/2917/qs017:P0D4,Nicolas Villalon,Merida,2025-03-17,Q1,Challenger qualifying,2025,2025-26,Result + serve/return totals,True,True,True,False,False,True,True,False,False,False,0.0,1.0,1.0,0.0,0.0,0.0,0.0,0.0
V0F6:atp:2025/9452/ms017:O376,Nicolas Villalon,Concepcion,2025-03-24,R32,Challenger main draw,2025,2025-26,Result + serve/return totals,True,True,False,False,True,False,True,False,False,False,0.0,1.0,1.0,0.0,0.0,0.0,0.0,0.0
V0F6:atp:2025/4944/ms018:G0LF,Nicolas Villalon,M25 Chacabuko,2025-03-31,R32,ITF main draw,2025,2025-26,Result + serve/return totals,True,True,False,False,True,False,True,False,False,False,0.0,0.0,0.0,1.0,0.0,0.0,0.0,0.0
V0F6:atp:2025/2927/qs024:G0D9,Nicolas Villalon,San Miguel de Tucuman,2025-04-21,Q1,Challenger qualifying,2025,2025-26,Result + serve/return totals,True,True,False,False,True,False,True,False,False,False,0.0,1.0,1.0,0.0,0.0,0.0,0.0,0.0
V0F6:atp:2025/7389/qs024:M0RG,Nicolas Villalon,Bogota,2025-05-12,Q1,Challenger qualifying,2025,2025-26,Result + serve/return totals,True,True,False,False,True,False,True,False,False,False,0.0,1.0,1.0,0.0,0.0,0.0,0.0,0.0
V0F6:atp:2025/4962/ms020:A0IK,Nicolas Villalon,M25 Coquimbo,2025-05-19,R32,ITF main draw,2025,2025-26,Result + serve/return totals,True,True,False,False,True,False,False,False,False,False,0.0,0.0,0.0,1.0,0.0,0.0,0.0,0.0
V0F6:atp:2025/4963/ms022:K0MX,Nicolas Villalon,M25 Coquimbo,2025-05-26,R32,ITF main draw,2025,2025-26,Result + serve/return totals,True,True,False,False,True,False,True,False,False,False,0.0,0.0,0.0,1.0,0.0,0.0,0.0,0.0
V0F6:atp:2025/4738/ms008:G0J9,Nicolas Villalon,M15 Kursumljiska Banja,2025-06-09,R16,ITF main draw,2025,2025-26,Result + serve/return totals,True,True,False,False,True,False,True,False,False,False,0.0,0.0,0.0,1.0,0.0,0.0,0.0,0.0
V0F6:atp:2025/4738/ms017:BU64,Nicolas Villalon,M15 Kursumljiska Banja,2025-06-09,R32,ITF main draw,2025,2025-26,Result + serve/return totals,True,True,False,False,True,False,True,False,False,False,0.0,0.0,0.0,1.0,0.0,0.0,0.0,0.0
V0F6:atp:2025/4762/ms019:N0BU,Nicolas Villalon,M15 Kursumljiska Banja,2025-06-16,R32,ITF main draw,2025,2025-26,Result + serve/return totals,True,True,False,False,True,False,True,False,False,False,0.0,0.0,0.0,1.0,0.0,0.0,0.0,0.0
V0F6:atp:2025/4353/ms016:D0HJ,Nicolas Villalon,M15 Kursumljiska Banja,2025-06-23,R32,ITF main draw,2025,2025-26,Result + serve/return totals,True,True,False,True,False,True,True,False,False,False,0.0,0.0,0.0,1.0,0.0,0.0,0.0,0.0
V0F6:atp:2025/4983/ms002:R09V,Nicolas Villalon,M15 Bucaramanga,2025-07-14,SF,ITF main draw,2025,2025-26,Result + serve/return totals,True,True,False,False,False,True,False,False,False,False,0.0,0.0,0.0,1.0,0.0,0.0,0.0,0.0
V0F6:atp:2025/4983/ms005:C0LG,Nicolas Villalon,M15 Bucaramanga,2025-07-14,QF,ITF main draw,2025,2025-26,Result + serve/return totals,True,True,False,False,False,True,False,False,False,False,0.0,0.0,0.0,1.0,0.0,0.0,0.0,0.0
V0F6:atp:2025/4983/ms011:M19S,Nicolas Villalon,M15 Bucaramanga,2025-07-14,R16,ITF main draw,2025,2025-26,Result + serve/return totals,True,True,False,False,False,True,False,False,False,False,0.0,0.0,0.0,1.0,0.0,0.0,0.0,0.0
V0F6:atp:2025/4983/ms023:S1E3,Nicolas Villalon,M15 Bucaramanga,2025-07-14,R32,ITF main draw,2025,2025-26,Result + serve/return totals,True,True,False,False,False,True,False,False,False,False,0.0,0.0,0.0,1.0,0.0,0.0,0.0,0.0
V0F6:atp:2025/4987/ms008:J0AW,Nicolas Villalon,M15 Santiago,2025-07-21,R16,ITF main draw,2025,2025-26,Result + serve/return totals,True,True,False,False,True,False,False,False,False,False,0.0,0.0,0.0,1.0,0.0,0.0,0.0,0.0
V0F6:atp:2025/4987/ms017:H0HU,Nicolas Villalon,M15 Santiago,2025-07-21,R32,ITF main draw,2025,2025-26,Result + serve/return totals,True,True,False,False,False,True,False,False,False,False,0.0,0.0,0.0,1.0,0.0,0.0,0.0,0.0
V0F6:atp:2025/4476/ms015:R0BC,Nicolas Villalon,M15 Santiago,2025-07-28,R16,ITF main draw,2025,2025-26,Result + serve/return totals,True,True,False,False,True,False,False,False,False,False,0.0,0.0,0.0,1.0,0.0,0.0,0.0,0.0
V0F6:atp:2025/4476/ms030:B0EZ,Nicolas Villalon,M15 Santiago,2025-07-28,R32,ITF main draw,2025,2025-26,Result + serve/return totals,True,True,False,False,True,False,False,False,False,False,0.0,0.0,0.0,1.0,0.0,0.0,0.0,0.0
V0F6:atp:2025/6250/qs008:BF23,Nicolas Villalon,Barranquilla,2025-08-11,Q2,Challenger qualifying,2025,2025-26,Result + serve/return totals,True,True,False,False,True,False,True,False,False,False,0.0,1.0,1.0,0.0,0.0,0.0,0.0,0.0
V0F6:atp:2025/6250/qs017:H0C9,Nicolas Villalon,Barranquilla,2025-08-11,Q1,Challenger qualifying,2025,2025-26,Result + serve/return totals,True,True,False,False,True,False,True,False,False,False,0.0,1.0,1.0,0.0,0.0,0.0,0.0,0.0
V0F6:atp:2025/4663/ms004:B0I6,Nicolas Villalon,M25 Trelew,2025-08-25,QF,ITF main draw,2025,2025-26,Missing,True,True,False,False,True,False,False,False,False,False,0.0,0.0,0.0,1.0,0.0,0.0,0.0,0.0
V0F6:atp:2025/4663/ms008:J0AW,Nicolas Villalon,M25 Trelew,2025-08-25,R16,ITF main draw,2025,2025-26,"Listed only, no result",True,True,False,False,True,False,True,False,False,False,0.0,0.0,0.0,1.0,0.0,0.0,0.0,0.0
V0F6:atp:2025/4663/ms017:C0SU,Nicolas Villalon,M25 Trelew,2025-08-25,R32,ITF main draw,2025,2025-26,"Listed only, no result",True,True,False,False,True,False,True,False,False,False,0.0,0.0,0.0,1.0,0.0,0.0,0.0,0.0
V0F6:atp:2025/2889/qs018:J0D2,Nicolas Villalon,Antofagasta,2025-09-29,Q1,Challenger qualifying,2025,2025-26,Result + serve/return totals,True,True,True,False,False,True,True,False,False,False,0.0,1.0,1.0,0.0,0.0,0.0,0.0,0.0
V0F6:atp:2025/5163/ms008:Z0BY,Nicolas Villalon,M25 Rio de Janeiro,2025-10-06,R16,ITF main draw,2025,2025-26,Result + serve/return totals,True,True,False,False,False,True,True,False,False,False,0.0,0.0,0.0,1.0,0.0,0.0,0.0,0.0
V0F6:atp:2025/5163/ms017:LA54,Nicolas Villalon,M25 Rio de Janeiro,2025-10-06,R32,ITF main draw,2025,2025-26,Result + serve/return totals,True,True,False,True,False,True,True,False,False,False,0.0,0.0,0.0,1.0,0.0,0.0,0.0,0.0
V0F6:atp:2025/4890/ms019:A0JW,Nicolas Villalon,M15 Santiago,2025-10-13,R32,ITF main draw,2025,2025-26,Result + serve/return totals,True,True,False,False,False,True,False,False,False,False,0.0,0.0,0.0,1.0,0.0,0.0,0.0,0.0
V0F6:atp:2025/5167/ms029:BU64,Nicolas Villalon,M15 Santiago,2025-10-20,R32,ITF main draw,2025,2025-26,Missing,True,True,False,False,False,True,False,False,False,False,0.0,0.0,0.0,1.0,0.0,0.0,0.0,0.0
V0F6:atp:2025/5194/ms006:N0BU,Nicolas Villalon,M15 Santiago,2025-11-17,QF,ITF main draw,2025,2025-26,Result + serve/return totals,True,True,False,False,True,False,False,False,False,False,0.0,0.0,0.0,1.0,0.0,0.0,0.0,0.0
V0F6:atp:2025/5194/ms012:B0EZ,Nicolas Villalon,M15 Santiago,2025-11-17,R16,ITF main draw,2025,2025-26,Result + serve/return totals,True,True,False,False,False,True,False,False,False,False,0.0,0.0,0.0,1.0,0.0,0.0,0.0,0.0
V0F6:atp:2025/5194/ms024:P0NK,Nicolas Villalon,M15 Santiago,2025-11-17,R32,ITF main draw,2025,2025-26,Result + serve/return totals,True,True,False,False,True,False,False,False,False,False,0.0,0.0,0.0,1.0,0.0,0.0,0.0,0.0
V0F6:atp:2025/2829/qs013:J0EL,Nicolas Villalon,Temuco,2025-11-24,Q2,Challenger qualifying,2025,2025-26,Result + serve/return totals,True,True,False,False,True,False,True,False,False,False,0.0,1.0,1.0,0.0,0.0,0.0,0.0,0.0
V0F6:atp:2025/5209/ms023:D0IN,Nicolas Villalon,M15 Lima,2025-12-08,R32,ITF main draw,2025,2025-26,Result + serve/return totals,True,True,False,False,True,False,False,False,False,False,0.0,0.0,0.0,1.0,0.0,0.0,0.0,0.0
V0F6:atp:2025/5211/ms020:C0MH,Nicolas Villalon,M15 Lima,2025-12-15,R32,ITF main draw,2025,2025-26,Result + serve/return totals,True,True,False,False,True,False,False,False,False,False,0.0,0.0,0.0,1.0,0.0,0.0,0.0,0.0
V0F6:atp:2026/4901/ms013:C0JX,Nicolas Villalon,M25 Santiago,2026-01-12,R16,ITF main draw,2026,2025-26,Result + serve/return totals,True,True,False,False,False,True,True,False,False,False,0.0,0.0,0.0,1.0,0.0,0.0,0.0,0.0
V0F6:atp:2026/4901/ms026:G0NC,Nicolas Villalon,M25 Santiago,2026-01-12,R32,ITF main draw,2026,2025-26,Result + serve/return totals,True,True,False,False,True,False,True,False,False,False,0.0,0.0,0.0,1.0,0.0,0.0,0.0,0.0
V0F6:atp:2026/4631/ms027:A0IK,Nicolas Villalon,M25 Santiago,2026-01-19,R32,ITF main draw,2026,2025-26,Result + serve/return totals,True,True,False,False,False,True,True,False,False,False,0.0,0.0,0.0,1.0,0.0,0.0,0.0,0.0
V0F6:atp:2026/9452/ms018:M0OH,Nicolas Villalon,Concepcion,2026-01-26,R32,Challenger main draw,2026,2025-26,Result + serve/return totals,True,True,True,False,False,True,True,False,False,False,0.0,1.0,1.0,0.0,0.0,0.0,0.0,0.0
V0F6:atp:2026/8996/qs014:PH64,Nicolas Villalon,Santiago,2026-02-23,Q1,Tour qualifying,2026,2025-26,Result + serve/return totals,True,True,True,False,False,True,True,False,False,False,0.0,1.0,1.0,0.0,0.0,0.0,0.0,1.0
V0F6:atp:2026/3065/qs012:S0T1,Nicolas Villalon,Brasilia,2026-03-02,Q2,Challenger qualifying,2026,2025-26,Result + serve/return totals,True,True,True,False,False,True,True,False,False,False,0.0,1.0,1.0,0.0,0.0,0.0,0.0,0.0
V0F6:atp:2026/3065/qs025:T0CH,Nicolas Villalon,Brasilia,2026-03-02,Q1,Challenger qualifying,2026,2025-26,Result + serve/return totals,True,True,True,False,False,True,True,False,False,False,0.0,1.0,1.0,0.0,0.0,0.0,0.0,0.0
V0F6:atp:2026/3406/qs012:V821,Nicolas Villalon,Santiago,2026-03-09,Q2,Challenger qualifying,2026,2025-26,Result + serve/return totals,True,True,True,False,False,True,True,False,False,False,0.0,1.0,1.0,0.0,0.0,0.0,0.0,0.0
V0F6:atp:2026/3406/qs025:D0IN,Nicolas Villalon,Santiago,2026-03-09,Q1,Challenger qualifying,2026,2025-26,Result + serve/return totals,True,True,True,False,False,True,True,False,False,False,0.0,1.0,1.0,0.0,0.0,0.0,0.0,0.0
V0F6:atp:2026/5016/ms003:S0EK,Nicolas Villalon,Bucaramanga (Floridablanca),2026-03-23,SF,Challenger main draw,2026,2025-26,Result + serve/return totals,True,True,True,False,False,True,True,False,False,False,0.0,1.0,1.0,0.0,0.0,0.0,0.0,0.0
V0F6:atp:2026/5016/ms006:L0GR,Nicolas Villalon,Bucaramanga (Floridablanca),2026-03-23,QF,Challenger main draw,2026,2025-26,Result + serve/return totals,True,True,True,False,False,True,False,False,False,False,0.0,1.0,1.0,0.0,0.0,0.0,0.0,0.0
V0F6:atp:2026/5016/ms012:J620,Nicolas Villalon,Bucaramanga (Floridablanca),2026-03-23,R16,Challenger main draw,2026,2025-26,Result + serve/return totals,True,True,True,False,False,True,False,False,False,False,0.0,1.0,1.0,0.0,0.0,0.0,0.0,0.0
V0F6:atp:2026/5016/ms025:O659,Nicolas Villalon,Bucaramanga (Floridablanca),2026-03-23,R32,Challenger main draw,2026,2025-26,Result + serve/return totals,True,True,True,False,False,True,False,False,False,False,0.0,1.0,1.0,0.0,0.0,0.0,0.0,0.0
V0F6:atp:2026/5016/qs012:R0EK,Nicolas Villalon,Bucaramanga (Floridablanca),2026-03-23,Q2,Challenger qualifying,2026,2025-26,Result + serve/return totals,True,True,True,False,False,True,False,False,False,False,0.0,1.0,1.0,0.0,0.0,0.0,0.0,0.0
V0F6:atp:2026/5016/qs025:R0ER,Nicolas Villalon,Bucaramanga (Floridablanca),2026-03-23,Q1,Challenger qualifying,2026,2025-26,Result + serve/return totals,True,True,True,False,False,True,False,False,False,False,0.0,1.0,1.0,0.0,0.0,0.0,0.0,0.0
V0F6:atp:2026/6307/qs011:F0FL,Nicolas Villalon,Campinas,2026-04-06,Q2,Challenger qualifying,2026,2025-26,Result + serve/return totals,True,True,True,False,False,True,True,False,False,False,0.0,1.0,1.0,0.0,0.0,0.0,0.0,0.0
V0F6:atp:2026/6307/qs023:I0CL,Nicolas Villalon,Campinas,2026-04-06,Q1,Challenger qualifying,2026,2025-26,"Listed only, no result",True,True,True,False,False,True,True,False,False,False,0.0,1.0,1.0,0.0,0.0,0.0,0.0,0.0
V0F6:atp:2026/9479/ms009:RH59,Nicolas Villalon,Santa Cruz de la Sierra,2026-04-13,R16,Challenger main draw,2026,2025-26,Result + serve/return totals,True,True,False,False,True,False,True,False,False,False,0.0,1.0,1.0,0.0,0.0,0.0,0.0,0.0
V0F6:atp:2026/9479/ms018:D0DK,Nicolas Villalon,Santa Cruz de la Sierra,2026-04-13,R32,Challenger main draw,2026,2025-26,Result + serve/return totals,True,True,False,False,True,False,True,False,False,False,0.0,1.0,1.0,0.0,0.0,0.0,0.0,0.0
V0F6:atp:2026/9479/qs008:S0JB,Nicolas Villalon,Santa Cruz de la Sierra,2026-04-13,Q2,Challenger qualifying,2026,2025-26,Result + serve/return totals,True,True,False,False,True,False,True,False,False,False,0.0,1.0,1.0,0.0,0.0,0.0,0.0,0.0
V0F6:atp:2026/9479/qs017:R0O5,Nicolas Villalon,Santa Cruz de la Sierra,2026-04-13,Q1,Challenger qualifying,2026,2025-26,"Listed only, no result",True,True,True,False,False,True,True,False,False,False,0.0,1.0,1.0,0.0,0.0,0.0,0.0,0.0
V0F6:atp:2026/5277/ms010:V0IZ,Nicolas Villalon,M15 Quito,2026-04-20,R16,ITF main draw,2026,2025-26,Result + serve/return totals,True,True,False,False,True,False,False,False,False,False,0.0,0.0,0.0,1.0,0.0,0.0,0.0,0.0
V0F6:atp:2026/5277/ms020:R0ER,Nicolas Villalon,M15 Quito,2026-04-20,R32,ITF main draw,2026,2025-26,Result + serve/return totals,True,True,False,False,True,False,False,False,False,False,0.0,0.0,0.0,1.0,0.0,0.0,0.0,0.0
V0F6:atp:2026/2923/qs009:T0AF,Nicolas Villalon,Santos,2026-05-04,Q2,Challenger qualifying,2026,2025-26,Result + serve/return totals,True,True,False,False,True,False,True,False,False,False,0.0,1.0,1.0,0.0,0.0,0.0,0.0,0.0
V0F6:atp:2026/2923/qs018:B0NA,Nicolas Villalon,Santos,2026-05-04,Q1,Challenger qualifying,2026,2025-26,Result + serve/return totals,True,True,False,False,True,False,True,False,False,False,0.0,1.0,1.0,0.0,0.0,0.0,0.0,0.0
V0F6:atp:2026/2981/qs008:C0GK,Nicolas Villalon,Cordoba,2026-05-11,Q2,Challenger qualifying,2026,2025-26,Result + serve/return totals,True,True,False,False,True,False,True,False,False,False,0.0,1.0,1.0,0.0,0.0,0.0,0.0,0.0
V0F6:atp:2026/5118/ms024:D0AR,Nicolas Villalon,M25 Cuiaba,2026-06-01,R32,ITF main draw,2026,2025-26,Point-by-point sequence,False,True,False,False,False,True,True,True,False,False,0.0,0.0,0.0,1.0,0.0,0.0,0.0,0.0
V0F6:atp:2026/2927/ms024:R0BC,Nicolas Villalon,San Miguel de Tucuman,2026-06-08,R32,Challenger main draw,2026,2025-26,Result + serve/return totals,True,True,True,False,False,True,False,False,False,False,0.0,1.0,1.0,0.0,0.0,0.0,0.0,0.0
V0F6:atp:2026/2927/qs009:M0IG,Nicolas Villalon,San Miguel de Tucuman,2026-06-08,Q2,Challenger qualifying,2026,2025-26,"Listed only, no result",True,True,True,False,False,True,True,False,False,False,0.0,1.0,1.0,0.0,0.0,0.0,0.0,0.0
V0F6:atp:2026/2927/qs018:Z0CM,Nicolas Villalon,San Miguel de Tucuman,2026-06-08,Q1,Challenger qualifying,2026,2025-26,"Listed only, no result",True,True,True,False,False,True,True,False,False,False,0.0,1.0,1.0,0.0,0.0,0.0,0.0,0.0
V0F6:atp:2026/2835/ms021:V821,Nicolas Villalon,Piracicaba,2026-06-22,R32,Challenger main draw,2026,2025-26,Point-by-point sequence,False,True,True,False,False,True,True,True,False,False,0.0,1.0,1.0,0.0,0.0,0.0,0.0,0.0
V0F6:atp:2026/7389/qs020:P0D4,Nicolas Villalon,Bogota,2026-07-06,Q1,Challenger qualifying,2026,2025-26,"Listed only, no result",True,True,True,False,False,True,True,False,False,False,0.0,1.0,1.0,0.0,0.0,0.0,0.0,0.0
V0F6:atp:2026/5319/ms009:C0JU,Nicolas Villalon,M15 Sao Paulo,2026-07-27,R16,ITF main draw,2026,2025-26,"Listed only, no result",True,True,False,False,False,True,True,False,False,False,0.0,0.0,0.0,1.0,0.0,0.0,0.0,0.0
V0F6:atp:2026/5319/ms019:L0NQ,Nicolas Villalon,M15 Sao Paulo,2026-07-27,R32,ITF main draw,2026,2025-26,"Listed only, no result",True,True,False,False,False,True,True,False,False,False,0.0,0.0,0.0,1.0,0.0,0.0,0.0,0.0
V0F6:atp:2026/5154/ms023:S0T1,Nicolas Villalon,M25 Londrina,2026-08-03,R32,ITF main draw,2026,2025-26,"Listed only, no result",True,True,False,False,True,False,False,False,False,False,0.0,0.0,0.0,1.0,0.0,0.0,0.0,0.0
V0F6:atp:2026/4804/ms013:E0DP,Nicolas Villalon,M15 Asuncion,2026-08-10,R16,ITF main draw,2026,2025-26,"Listed only, no result",True,True,False,False,True,False,True,False,False,False,0.0,0.0,0.0,1.0,0.0,0.0,0.0,0.0
V0F6:atp:2026/4804/ms027:P0PJ,Nicolas Villalon,M15 Asuncion,2026-08-10,R32,ITF main draw,2026,2025-26,"Listed only, no result",True,True,False,False,True,False,True,False,False,False,0.0,0.0,0.0,1.0,0.0,0.0,0.0,0.0
V0F6:atp:2026/4852/ms010:C0H5,Nicolas Villalon,M15 Asuncion,2026-08-17,R16,ITF main draw,2026,2025-26,Missing,True,True,False,False,True,False,False,False,False,False,0.0,0.0,0.0,1.0,0.0,0.0,0.0,0.0
V0F6:atp:2026/4852/ms020:BU64,Nicolas Villalon,M15 Asuncion,2026-08-17,R32,ITF main draw,2026,2025-26,Missing,True,True,False,False,True,False,False,False,False,False,0.0,0.0,0.0,1.0,0.0,0.0,0.0,0.0
V0F6:atp:2026/4663/ms015:A0K2,Nicolas Villalon,M15 Trelew,2026-08-31,R16,ITF main draw,2026,2025-26,Missing,True,True,False,False,True,False,False,False,False,False,0.0,0.0,0.0,1.0,0.0,0.0,0.0,0.0
V0F6:atp:2026/4663/ms031:V0HB,Nicolas Villalon,M15 Trelew,2026-08-31,R32,ITF main draw,2026,2025-26,Missing,True,True,False,False,True,False,False,False,False,False,0.0,0.0,0.0,1.0,0.0,0.0,0.0,0.0
W09E:atp:2015/3376/ms019:TA04,Adam Walton,Australia F7,2015-10-05,R32,ITF main draw,2015,2012-18,"Result, no statistics",True,True,True,False,False,True,False,False,False,False,0.0,0.0,0.0,0.0,0.0,0.0,0.0,0.0
W09E:atp:2015/3389/ms017:MM79,Adam Walton,Australia F9,2015-10-19,R32,ITF main draw,2015,2012-18,"Result, no statistics",True,True,True,False,False,True,False,False,False,False,0.0,0.0,0.0,0.0,0.0,0.0,0.0,0.0
W09E:atp:2016/7393/qs017:TD23,Adam Walton,Canberra,2016-01-11,Q1,Challenger qualifying,2016,2012-18,Result + serve/return totals,True,True,False,False,False,True,False,False,False,False,0.336,0.0,0.0,0.0,0.0,0.0,0.0,0.0
W09E:atp:2016/380/ms025:BU58,Adam Walton,Australia F1,2016-02-22,R32,ITF main draw,2016,2012-18,"Result, no statistics",True,True,True,False,False,True,False,False,False,False,0.0,0.0,0.0,0.0,0.0,0.0,0.0,0.0
W09E:atp:2016/1515/ms011:J393,Adam Walton,Australia F6,2016-09-26,R16,ITF main draw,2016,2012-18,"Result, no statistics",True,True,False,False,True,False,False,False,False,False,0.0,0.0,0.0,0.0,0.0,0.0,0.0,0.0
W09E:atp:2016/1515/ms022:E0A5,Adam Walton,Australia F6,2016-09-26,R32,ITF main draw,2016,2012-18,"Result, no statistics",True,True,True,False,False,True,False,False,False,False,0.0,0.0,0.0,0.0,0.0,0.0,0.0,0.0
W09E:atp:2016/3376/ms011:PH71,Adam Walton,Australia F7,2016-10-03,R16,ITF main draw,2016,2012-18,"Result, no statistics",True,True,True,False,False,True,False,False,False,False,0.0,0.0,0.0,0.0,0.0,0.0,0.0,0.0
W09E:atp:2016/3376/ms022:F034,Adam Walton,Australia F7,2016-10-03,R32,ITF main draw,2016,2012-18,"Result, no statistics",True,True,False,False,True,False,False,False,False,False,0.0,0.0,0.0,0.0,0.0,0.0,0.0,0.0
W09E:atp:2017/363/qs019:SN44,Adam Walton,Knoxville,2017-11-06,Q1,Challenger qualifying,2017,2012-18,Result + serve/return totals,True,True,False,False,False,True,False,False,False,False,0.336,0.0,0.0,0.0,0.0,0.0,0.0,0.0
W09E:atp:2019/382/ms001:G0AB,Adam Walton,M15 Champaign,2019-09-09,F,ITF main draw,2019,2019-21,"Result, no statistics",True,True,True,False,False,True,False,False,False,False,0.0,0.0,0.0,0.0,0.0,0.0,0.0,0.0
W09E:atp:2019/382/ms002:P0DF,Adam Walton,M15 Champaign,2019-09-09,SF,ITF main draw,2019,2019-21,"Result, no statistics",True,True,False,False,False,True,False,False,False,False,0.0,0.0,0.0,0.0,0.0,0.0,0.0,0.0
W09E:atp:2019/382/ms005:F974,Adam Walton,M15 Champaign,2019-09-09,QF,ITF main draw,2019,2019-21,"Result, no statistics",True,True,True,False,False,True,False,False,False,False,0.0,0.0,0.0,0.0,0.0,0.0,0.0,0.0
W09E:atp:2019/382/ms010:CF10,Adam Walton,M15 Champaign,2019-09-09,R16,ITF main draw,2019,2019-21,"Result, no statistics",True,True,False,False,False,True,False,False,False,False,0.0,0.0,0.0,0.0,0.0,0.0,0.0,0.0
W09E:atp:2019/382/ms021:KI26,Adam Walton,M15 Champaign,2019-09-09,R32,ITF main draw,2019,2019-21,"Result, no statistics",True,True,True,False,False,True,False,False,False,False,0.0,0.0,0.0,0.0,0.0,0.0,0.0,0.0
W09E:atp:2021/710/ms030:Z0AK,Adam Walton,"M15 Champaign, IL",2021-09-13,R32,ITF main draw,2021,2019-21,"Result, no statistics",True,True,False,False,True,False,False,False,False,False,0.0,0.0,0.0,0.0,0.0,0.0,0.0,0.0
W09E:atp:2021/363/ms031:AE14,Adam Walton,Knoxville,2021-11-08,R32,Challenger main draw,2021,2019-21,Result + serve/return totals,True,True,False,False,True,False,False,False,False,False,0.553,0.0,0.0,0.0,0.0,0.0,0.0,0.0
W09E:atp:2022/734/ms016:SZ28,Adam Walton,M15 South Bend,2022-06-20,R32,ITF main draw,2022,2022-23,"Result, no statistics",True,True,False,False,True,False,False,False,False,False,0.0,0.0,0.0,0.0,0.0,0.0,0.0,0.0
W09E:atp:2022/535/ms001:TC01,Adam Walton,M15 Waco,2022-07-04,F,ITF main draw,2022,2022-23,"Result, no statistics",True,True,True,False,False,True,False,False,False,False,0.0,0.0,0.0,0.0,0.0,0.0,0.0,0.0
W09E:atp:2022/535/ms003:M0ON,Adam Walton,M15 Waco,2022-07-04,SF,ITF main draw,2022,2022-23,"Result, no statistics",True,True,True,False,False,True,False,False,False,False,0.0,0.0,0.0,0.0,0.0,0.0,0.0,0.0
W09E:atp:2022/535/ms006:HH42,Adam Walton,M15 Waco,2022-07-04,QF,ITF main draw,2022,2022-23,"Result, no statistics",True,True,True,False,False,True,False,False,False,False,0.0,0.0,0.0,0.0,0.0,0.0,0.0,0.0
W09E:atp:2022/535/ms012:I426,Adam Walton,M15 Waco,2022-07-04,R16,ITF main draw,2022,2022-23,"Result, no statistics",True,True,True,False,False,True,False,False,False,False,0.0,0.0,0.0,0.0,0.0,0.0,0.0,0.0
W09E:atp:2022/535/ms025:W0AJ,Adam Walton,M15 Waco,2022-07-04,R32,ITF main draw,2022,2022-23,"Result, no statistics",True,True,True,False,False,True,False,False,False,False,0.0,0.0,0.0,0.0,0.0,0.0,0.0,0.0
W09E:atp:2022/8273/ms001:Y223,Adam Walton,M15 Cancun,2022-07-11,F,ITF main draw,2022,2022-23,"Result, no statistics",True,True,True,False,False,True,False,False,False,False,0.0,0.0,0.0,0.0,0.0,0.0,0.0,0.0
W09E:atp:2022/8273/ms002:I426,Adam Walton,M15 Cancun,2022-07-11,SF,ITF main draw,2022,2022-23,"Result, no statistics",True,True,True,False,False,True,False,False,False,False,0.0,0.0,0.0,0.0,0.0,0.0,0.0,0.0
W09E:atp:2022/8273/ms005:S0EK,Adam Walton,M15 Cancun,2022-07-11,QF,ITF main draw,2022,2022-23,"Result, no statistics",True,True,True,False,False,True,False,False,False,False,0.0,0.0,0.0,0.0,0.0,0.0,0.0,0.0
W09E:atp:2022/8273/ms010:O09L,Adam Walton,M15 Cancun,2022-07-11,R16,ITF main draw,2022,2022-23,"Result, no statistics",True,True,True,False,False,True,False,False,False,False,0.0,0.0,0.0,0.0,0.0,0.0,0.0,0.0
W09E:atp:2022/8273/ms020:F0BV,Adam Walton,M15 Cancun,2022-07-11,R32,ITF main draw,2022,2022-23,"Result, no statistics",True,True,True,False,False,True,False,False,False,False,0.0,0.0,0.0,0.0,0.0,0.0,0.0,0.0
W09E:atp:2022/4134/ms003:S0EK,Adam Walton,M15 Cancun,2022-07-18,SF,ITF main draw,2022,2022-23,"Result, no statistics",True,True,False,False,True,False,False,False,False,False,0.0,0.0,0.0,0.0,0.0,0.0,0.0,0.0
W09E:atp:2022/4134/ms007:AB70,Adam Walton,M15 Cancun,2022-07-18,QF,ITF main draw,2022,2022-23,"Result, no statistics",True,True,False,False,True,False,False,False,False,False,0.0,0.0,0.0,0.0,0.0,0.0,0.0,0.0
W09E:atp:2022/4134/ms015:GB41,Adam Walton,M15 Cancun,2022-07-18,R16,ITF main draw,2022,2022-23,"Result, no statistics",True,True,False,False,True,False,False,False,False,False,0.0,0.0,0.0,0.0,0.0,0.0,0.0,0.0
W09E:atp:2022/4134/ms030:B0I5,Adam Walton,M15 Cancun,2022-07-18,R32,ITF main draw,2022,2022-23,"Result, no statistics",True,True,False,False,True,False,False,False,False,False,0.0,0.0,0.0,0.0,0.0,0.0,0.0,0.0
W09E:atp:2022/4156/ms002:A0B6,Adam Walton,M15 Cancun,2022-08-08,SF,ITF main draw,2022,2022-23,"Result, no statistics",True,True,False,False,True,False,False,False,False,False,0.0,0.0,0.0,0.0,0.0,0.0,0.0,0.0
W09E:atp:2022/4156/ms005:Z0AK,Adam Walton,M15 Cancun,2022-08-08,QF,ITF main draw,2022,2022-23,"Result, no statistics",True,True,False,False,True,False,False,False,False,False,0.0,0.0,0.0,0.0,0.0,0.0,0.0,0.0
W09E:atp:2022/4156/ms010:R0F1,Adam Walton,M15 Cancun,2022-08-08,R16,ITF main draw,2022,2022-23,"Result, no statistics",True,True,False,False,True,False,False,False,False,False,0.0,0.0,0.0,0.0,0.0,0.0,0.0,0.0
W09E:atp:2022/4156/ms020:WB36,Adam Walton,M15 Cancun,2022-08-08,R32,ITF main draw,2022,2022-23,"Result, no statistics",True,True,False,False,True,False,False,False,False,False,0.0,0.0,0.0,0.0,0.0,0.0,0.0,0.0
W09E:atp:2022/4161/ms001:PG56,Adam Walton,M15 Cancun,2022-08-15,F,ITF main draw,2022,2022-23,"Result, no statistics",True,True,True,False,False,True,False,False,False,False,0.0,0.0,0.0,0.0,0.0,0.0,0.0,0.0
W09E:atp:2022/4161/ms002:A0B6,Adam Walton,M15 Cancun,2022-08-15,SF,ITF main draw,2022,2022-23,"Result, no statistics",True,True,True,False,False,True,False,False,False,False,0.0,0.0,0.0,0.0,0.0,0.0,0.0,0.0
W09E:atp:2022/4161/ms005:RH88,Adam Walton,M15 Cancun,2022-08-15,QF,ITF main draw,2022,2022-23,"Result, no statistics",True,True,True,False,False,True,False,False,False,False,0.0,0.0,0.0,0.0,0.0,0.0,0.0,0.0
W09E:atp:2022/4161/ms010:A0IY,Adam Walton,M15 Cancun,2022-08-15,R16,ITF main draw,2022,2022-23,"Result, no statistics",True,True,True,False,False,True,False,False,False,False,0.0,0.0,0.0,0.0,0.0,0.0,0.0,0.0
W09E:atp:2022/4161/ms020:S0WP,Adam Walton,M15 Cancun,2022-08-15,R32,ITF main draw,2022,2022-23,"Result, no statistics",True,True,True,False,False,True,False,False,False,False,0.0,0.0,0.0,0.0,0.0,0.0,0.0,0.0
W09E:atp:2022/4171/ms001:AG08,Adam Walton,M15 Cancun,2022-08-22,F,ITF main draw,2022,2022-23,"Result, no statistics",True,True,True,False,False,True,False,False,False,False,0.0,0.0,0.0,0.0,0.0,0.0,0.0,0.0
W09E:atp:2022/4171/ms002:HH32,Adam Walton,M15 Cancun,2022-08-22,SF,ITF main draw,2022,2022-23,"Result, no statistics",True,True,True,False,False,True,False,False,False,False,0.0,0.0,0.0,0.0,0.0,0.0,0.0,0.0
W09E:atp:2022/4171/ms004:CJ60,Adam Walton,M15 Cancun,2022-08-22,QF,ITF main draw,2022,2022-23,"Result, no statistics",True,True,True,False,False,True,False,False,False,False,0.0,0.0,0.0,0.0,0.0,0.0,0.0,0.0
W09E:atp:2022/4171/ms009:RH88,Adam Walton,M15 Cancun,2022-08-22,R16,ITF main draw,2022,2022-23,"Result, no statistics",True,True,True,False,False,True,False,False,False,False,0.0,0.0,0.0,0.0,0.0,0.0,0.0,0.0
W09E:atp:2022/4171/ms019:W0AK,Adam Walton,M15 Cancun,2022-08-22,R32,ITF main draw,2022,2022-23,"Result, no statistics",True,True,True,False,False,True,False,False,False,False,0.0,0.0,0.0,0.0,0.0,0.0,0.0,0.0
W09E:atp:2022/4186/ms005:M0OQ,Adam Walton,M25 Darwin,2022-09-12,QF,ITF main draw,2022,2022-23,"Result, no statistics",True,True,False,False,True,False,False,False,False,False,0.0,0.0,0.0,0.0,0.0,0.0,0.0,0.0
W09E:atp:2022/4186/ms011:EA27,Adam Walton,M25 Darwin,2022-09-12,R16,ITF main draw,2022,2022-23,"Result, no statistics",True,True,False,False,True,False,False,False,False,False,0.0,0.0,0.0,0.0,0.0,0.0,0.0,0.0
W09E:atp:2022/4186/ms023:P0LA,Adam Walton,M25 Darwin,2022-09-12,R32,ITF main draw,2022,2022-23,"Result, no statistics",True,True,True,False,False,True,False,False,False,False,0.0,0.0,0.0,0.0,0.0,0.0,0.0,0.0
W09E:atp:2022/4192/ms003:S0IA,Adam Walton,M25 Darwin,2022-09-19,SF,ITF main draw,2022,2022-23,"Result, no statistics",True,True,False,False,True,False,False,False,False,False,0.0,0.0,0.0,0.0,0.0,0.0,0.0,0.0
W09E:atp:2022/4192/ms006:M0OQ,Adam Walton,M25 Darwin,2022-09-19,QF,ITF main draw,2022,2022-23,"Result, no statistics",True,True,False,False,True,False,False,False,False,False,0.0,0.0,0.0,0.0,0.0,0.0,0.0,0.0
W09E:atp:2022/4192/ms012:C0MS,Adam Walton,M25 Darwin,2022-09-19,R16,ITF main draw,2022,2022-23,"Result, no statistics",True,True,False,False,True,False,False,False,False,False,0.0,0.0,0.0,0.0,0.0,0.0,0.0,0.0
W09E:atp:2022/4192/ms024:M0CE,Adam Walton,M25 Darwin,2022-09-19,R32,ITF main draw,2022,2022-23,"Result, no statistics",True,True,False,False,True,False,False,False,False,False,0.0,0.0,0.0,0.0,0.0,0.0,0.0,0.0
W09E:atp:2022/4227/ms002:BI81,Adam Walton,M25 Cairns,2022-10-03,SF,ITF main draw,2022,2022-23,"Result, no statistics",True,True,True,False,False,True,False,False,False,False,0.0,0.0,0.0,0.0,0.0,0.0,0.0,0.0
W09E:atp:2022/4227/ms005:M0OQ,Adam Walton,M25 Cairns,2022-10-03,QF,ITF main draw,2022,2022-23,"Result, no statistics",True,True,True,False,False,True,False,False,False,False,0.0,0.0,0.0,0.0,0.0,0.0,0.0,0.0
W09E:atp:2022/4227/ms011:DC38,Adam Walton,M25 Cairns,2022-10-03,R16,ITF main draw,2022,2022-23,"Result, no statistics",True,True,True,False,False,True,False,False,False,False,0.0,0.0,0.0,0.0,0.0,0.0,0.0,0.0
W09E:atp:2022/4227/ms023:V0D2,Adam Walton,M25 Cairns,2022-10-03,R32,ITF main draw,2022,2022-23,"Result, no statistics",True,True,True,False,False,True,False,False,False,False,0.0,0.0,0.0,0.0,0.0,0.0,0.0,0.0
W09E:atp:2022/4235/ms005:SZ28,Adam Walton,M25 Cairns,2022-10-10,QF,ITF main draw,2022,2022-23,"Result, no statistics",True,True,True,False,False,True,False,False,False,False,0.0,0.0,0.0,0.0,0.0,0.0,0.0,0.0
W09E:atp:2022/4235/ms011:S0TQ,Adam Walton,M25 Cairns,2022-10-10,R16,ITF main draw,2022,2022-23,"Result, no statistics",True,True,True,False,False,True,False,False,False,False,0.0,0.0,0.0,0.0,0.0,0.0,0.0,0.0
W09E:atp:2022/4235/ms023:G0KI,Adam Walton,M25 Cairns,2022-10-10,R32,ITF main draw,2022,2022-23,"Result, no statistics",True,True,True,False,False,True,False,False,False,False,0.0,0.0,0.0,0.0,0.0,0.0,0.0,0.0
W09E:atp:2022/7586/ms029:R0DC,Adam Walton,Playford,2022-10-24,R32,Challenger main draw,2022,2022-23,Result + serve/return totals,True,True,False,False,False,True,False,False,False,False,0.553,0.0,0.0,0.0,0.0,0.0,0.0,0.0
W09E:atp:2022/2817/ms006:G09C,Adam Walton,Sydney,2022-10-31,QF,Challenger main draw,2022,2022-23,Result + serve/return totals,True,True,False,False,False,True,False,False,False,False,0.553,0.0,0.0,0.0,0.0,0.0,0.0,0.0
W09E:atp:2022/2817/ms013:V832,Adam Walton,Sydney,2022-10-31,R16,Challenger main draw,2022,2022-23,Result + serve/return totals,True,True,False,False,False,True,False,False,False,False,0.553,0.0,0.0,0.0,0.0,0.0,0.0,0.0
W09E:atp:2022/2817/ms026:EA27,Adam Walton,Sydney,2022-10-31,R32,Challenger main draw,2022,2022-23,Result + serve/return totals,True,True,False,False,False,True,False,False,False,False,0.553,0.0,0.0,0.0,0.0,0.0,0.0,0.0
W09E:atp:2022/363/ms018:S0K7,Adam Walton,Knoxville,2022-11-07,R32,Challenger main draw,2022,2022-23,Result + serve/return totals,True,True,False,False,False,True,False,False,False,False,0.553,0.0,0.0,0.0,0.0,0.0,0.0,0.0
W09E:atp:2022/637/ms020:E865,Adam Walton,Champaign,2022-11-14,R32,Challenger main draw,2022,2022-23,Result + serve/return totals,True,True,False,False,True,False,False,False,False,False,0.553,0.0,0.0,0.0,0.0,0.0,0.0,0.0
W09E:atp:2023/7393/qs024:CG94,Adam Walton,Canberra,2023-01-02,Q1,Challenger qualifying,2023,2022-23,Result + serve/return totals,True,True,False,False,True,False,True,False,False,False,0.0,0.0,0.0,0.0,0.0,0.0,0.0,0.0
W09E:atp:2023/580/qs058:G967,Adam Walton,Australian Open,2023-01-16,Q2,Tour qualifying,2023,2022-23,Result + serve/return totals,True,True,False,False,True,False,True,False,False,False,0.0,0.0,0.0,0.0,0.0,0.0,0.0,0.0
W09E:atp:2023/580/qs116:A596,Adam Walton,Australian Open,2023-01-16,Q1,Tour qualifying,2023,2022-23,Result + serve/return totals,True,True,False,False,True,False,False,False,False,False,0.0,0.0,0.0,0.0,0.0,0.0,0.0,0.0
W09E:atp:2023/5018/ms005:PG94,Adam Walton,Burnie,2023-01-30,QF,Challenger main draw,2023,2022-23,Result + serve/return totals,True,True,False,False,True,False,True,False,False,False,0.0,0.0,0.0,0.0,0.0,0.0,0.0,0.0
W09E:atp:2023/5018/ms011:SL92,Adam Walton,Burnie,2023-01-30,R16,Challenger main draw,2023,2022-23,Result + serve/return totals,True,True,False,False,True,False,True,False,False,False,0.0,0.0,0.0,0.0,0.0,0.0,0.0,0.0
W09E:atp:2023/5018/ms022:M0B2,Adam Walton,Burnie,2023-01-30,R32,Challenger main draw,2023,2022-23,Result + serve/return totals,True,True,False,False,True,False,True,False,False,False,0.0,0.0,0.0,0.0,0.0,0.0,0.0,0.0
W09E:atp:2023/8175/ms005:N707,Adam Walton,M25 Burnie,2023-02-06,QF,ITF main draw,2023,2022-23,"Result, no statistics",True,True,True,False,False,True,False,False,False,False,0.0,0.0,0.0,0.0,0.0,0.0,0.0,0.0
W09E:atp:2023/8175/ms010:SL92,Adam Walton,M25 Burnie,2023-02-06,R16,ITF main draw,2023,2022-23,"Result, no statistics",True,True,False,False,True,False,False,False,False,False,0.0,0.0,0.0,0.0,0.0,0.0,0.0,0.0
W09E:atp:2023/8175/ms020:O498,Adam Walton,M25 Burnie,2023-02-06,R32,ITF main draw,2023,2022-23,"Result, no statistics",True,True,False,False,True,False,False,False,False,False,0.0,0.0,0.0,0.0,0.0,0.0,0.0,0.0
W09E:atp:2023/7197/ms003:SZ28,Adam Walton,M25 Santo Domingo,2023-02-13,SF,ITF main draw,2023,2022-23,"Result, no statistics",True,True,True,False,False,True,False,False,False,False,0.0,0.0,0.0,0.0,0.0,0.0,0.0,0.0
W09E:atp:2023/7197/ms006:M0NB,Adam Walton,M25 Santo Domingo,2023-02-13,QF,ITF main draw,2023,2022-23,"Result, no statistics",True,True,True,False,False,True,False,False,False,False,0.0,0.0,0.0,0.0,0.0,0.0,0.0,0.0
W09E:atp:2023/7197/ms012:H0C9,Adam Walton,M25 Santo Domingo,2023-02-13,R16,ITF main draw,2023,2022-23,"Result, no statistics",True,True,True,False,False,True,False,False,False,False,0.0,0.0,0.0,0.0,0.0,0.0,0.0,0.0
W09E:atp:2023/7197/ms024:B0QW,Adam Walton,M25 Santo Domingo,2023-02-13,R32,ITF main draw,2023,2022-23,"Result, no statistics",True,True,True,False,False,True,False,False,False,False,0.0,0.0,0.0,0.0,0.0,0.0,0.0,0.0
W09E:atp:2023/7468/ms001:BI81,Adam Walton,M25 Santo Domingo,2023-02-20,F,ITF main draw,2023,2022-23,"Result, no statistics",True,True,True,False,False,True,False,False,False,False,0.0,0.0,0.0,0.0,0.0,0.0,0.0,0.0
W09E:atp:2023/7468/ms003:SZ28,Adam Walton,M25 Santo Domingo,2023-02-20,SF,ITF main draw,2023,2022-23,"Result, no statistics",True,True,True,False,False,True,False,False,False,False,0.0,0.0,0.0,0.0,0.0,0.0,0.0,0.0
W09E:atp:2023/7468/ms007:SG56,Adam Walton,M25 Santo Domingo,2023-02-20,QF,ITF main draw,2023,2022-23,"Result, no statistics",True,True,True,False,False,True,False,False,False,False,0.0,0.0,0.0,0.0,0.0,0.0,0.0,0.0
W09E:atp:2023/7468/ms014:R0J0,Adam Walton,M25 Santo Domingo,2023-02-20,R16,ITF main draw,2023,2022-23,"Result, no statistics",True,True,True,False,False,True,False,False,False,False,0.0,0.0,0.0,0.0,0.0,0.0,0.0,0.0
W09E:atp:2023/7468/ms028:BP79,Adam Walton,M25 Santo Domingo,2023-02-20,R32,ITF main draw,2023,2022-23,"Result, no statistics",True,True,True,False,False,True,False,False,False,False,0.0,0.0,0.0,0.0,0.0,0.0,0.0,0.0
W09E:atp:2023/7911/qs023:D0DT,Adam Walton,Puerto Vallarta,2023-03-06,Q1,Challenger qualifying,2023,2022-23,Result + serve/return totals,True,True,False,False,False,True,True,False,False,False,0.0,0.0,0.0,0.0,0.0,0.0,0.0,0.0
W09E:atp:2023/8191/ms020:K0HL,Adam Walton,"M25 Bakersfield, CA",2023-03-13,R32,ITF main draw,2023,2022-23,"Result, no statistics",True,True,True,False,False,True,True,False,False,False,0.0,0.0,0.0,0.0,0.0,0.0,0.0,0.0
W09E:atp:2023/8201/ms031:R0D3,Adam Walton,"M25 Calabasas, CA",2023-03-20,R32,ITF main draw,2023,2022-23,"Result, no statistics",True,True,False,False,False,True,False,False,False,False,0.0,0.0,0.0,0.0,0.0,0.0,0.0,0.0
W09E:atp:2023/213/ms018:R0A7,Adam Walton,San Luis Potosi,2023-04-03,R32,Challenger main draw,2023,2022-23,Result + serve/return totals,True,True,False,False,False,True,True,False,False,False,0.0,0.0,0.0,0.0,0.0,0.0,0.0,0.0
W09E:atp:2023/2867/ms013:BP41,Adam Walton,Leon,2023-04-10,R16,Challenger main draw,2023,2022-23,Result + serve/return totals,True,True,False,False,True,False,True,False,False,False,0.0,0.0,0.0,0.0,0.0,0.0,0.0,0.0
W09E:atp:2023/2867/ms026:V0DP,Adam Walton,Leon,2023-04-10,R32,Challenger main draw,2023,2022-23,Result + serve/return totals,True,True,False,False,True,False,True,False,False,False,0.0,0.0,0.0,0.0,0.0,0.0,0.0,0.0
W09E:atp:2023/2867/qs011:L0GH,Adam Walton,Leon,2023-04-10,Q2,Challenger qualifying,2023,2022-23,Result + serve/return totals,True,True,False,False,True,False,True,False,False,False,0.0,0.0,0.0,0.0,0.0,0.0,0.0,0.0
W09E:atp:2023/2867/qs022:A0KG,Adam Walton,Leon,2023-04-10,Q1,Challenger qualifying,2023,2022-23,"Listed only, no result",True,True,False,False,True,False,True,False,False,False,0.0,0.0,0.0,0.0,0.0,0.0,0.0,0.0
W09E:atp:2023/6963/ms025:P0J1,Adam Walton,Morelos,2023-04-17,R32,Challenger main draw,2023,2022-23,Result + serve/return totals,True,True,False,False,True,False,True,False,False,False,0.0,0.0,0.0,0.0,0.0,0.0,0.0,0.0
W09E:atp:2023/6608/ms002:K0E6,Adam Walton,M25 Tbilisi,2023-04-24,SF,ITF main draw,2023,2022-23,"Result, no statistics",True,True,True,False,False,True,False,False,False,False,0.0,0.0,0.0,0.0,0.0,0.0,0.0,0.0
W09E:atp:2023/6608/ms004:P0EA,Adam Walton,M25 Tbilisi,2023-04-24,QF,ITF main draw,2023,2022-23,"Result, no statistics",True,True,True,False,False,True,False,False,False,False,0.0,0.0,0.0,0.0,0.0,0.0,0.0,0.0
W09E:atp:2023/6608/ms008:DH46,Adam Walton,M25 Tbilisi,2023-04-24,R16,ITF main draw,2023,2022-23,"Result, no statistics",True,True,True,False,False,True,False,False,False,False,0.0,0.0,0.0,0.0,0.0,0.0,0.0,0.0
W09E:atp:2023/6608/ms016:AD04,Adam Walton,M25 Tbilisi,2023-04-24,R32,ITF main draw,2023,2022-23,"Result, no statistics",True,True,False,False,True,False,False,False,False,False,0.0,0.0,0.0,0.0,0.0,0.0,0.0,0.0
W09E:atp:2023/6632/ms001:K0HO,Adam Walton,M15 Tbilisi,2023-05-01,F,ITF main draw,2023,2022-23,"Result, no statistics",True,True,True,False,False,True,False,False,False,False,0.0,0.0,0.0,0.0,0.0,0.0,0.0,0.0
W09E:atp:2023/6632/ms002:EA27,Adam Walton,M15 Tbilisi,2023-05-01,SF,ITF main draw,2023,2022-23,"Result, no statistics",True,True,True,False,False,True,False,False,False,False,0.0,0.0,0.0,0.0,0.0,0.0,0.0,0.0
W09E:atp:2023/6632/ms004:T0AG,Adam Walton,M15 Tbilisi,2023-05-01,QF,ITF main draw,2023,2022-23,"Result, no statistics",True,True,True,False,False,True,False,False,False,False,0.0,0.0,0.0,0.0,0.0,0.0,0.0,0.0
W09E:atp:2023/6632/ms008:Z09B,Adam Walton,M15 Tbilisi,2023-05-01,R16,ITF main draw,2023,2022-23,"Result, no statistics",True,True,True,False,False,True,False,False,False,False,0.0,0.0,0.0,0.0,0.0,0.0,0.0,0.0
W09E:atp:2023/6632/ms016:L09D,Adam Walton,M15 Tbilisi,2023-05-01,R32,ITF main draw,2023,2022-23,"Result, no statistics",True,True,True,False,False,True,False,False,False,False,0.0,0.0,0.0,0.0,0.0,0.0,0.0,0.0
W09E:atp:2023/9188/ms003:Z09Z,Adam Walton,Little Rock,2023-05-29,SF,Challenger main draw,2023,2022-23,Result + serve/return totals,True,True,False,False,False,True,True,False,False,False,0.0,0.0,0.0,0.0,0.0,0.0,0.0,0.0
W09E:atp:2023/9188/ms006:GK06,Adam Walton,Little Rock,2023-05-29,QF,Challenger main draw,2023,2022-23,Result + serve/return totals,True,True,False,False,False,True,True,False,False,False,0.0,0.0,0.0,0.0,0.0,0.0,0.0,0.0
W09E:atp:2023/9188/ms013:R0A7,Adam Walton,Little Rock,2023-05-29,R16,Challenger main draw,2023,2022-23,Result + serve/return totals,True,True,False,False,False,True,True,False,False,False,0.0,0.0,0.0,0.0,0.0,0.0,0.0,0.0
W09E:atp:2023/9188/ms027:PG94,Adam Walton,Little Rock,2023-05-29,R32,Challenger main draw,2023,2022-23,Result + serve/return totals,True,True,False,False,False,True,True,False,False,False,0.0,0.0,0.0,0.0,0.0,0.0,0.0,0.0
W09E:atp:2023/9188/qs008:MP13,Adam Walton,Little Rock,2023-05-29,Q2,Challenger qualifying,2023,2022-23,Result + serve/return totals,True,True,False,False,False,True,True,False,False,False,0.0,0.0,0.0,0.0,0.0,0.0,0.0,0.0
W09E:atp:2023/9188/qs016:B0S5,Adam Walton,Little Rock,2023-05-29,Q1,Challenger qualifying,2023,2022-23,Result + serve/return totals,True,True,False,False,False,True,True,False,False,False,0.0,0.0,0.0,0.0,0.0,0.0,0.0,0.0
W09E:atp:2023/2873/ms022:SL08,Adam Walton,Tyler,2023-06-05,R32,Challenger main draw,2023,2022-23,Result + serve/return totals,True,True,False,False,True,False,True,False,False,False,0.0,0.0,0.0,0.0,0.0,0.0,0.0,0.0
W09E:atp:2023/2873/qs009:MP13,Adam Walton,Tyler,2023-06-05,Q2,Challenger qualifying,2023,2022-23,Result + serve/return totals,True,True,False,False,False,True,True,False,False,False,0.0,0.0,0.0,0.0,0.0,0.0,0.0,0.0
W09E:atp:2023/2873/qs018:AB54,Adam Walton,Tyler,2023-06-05,Q1,Challenger qualifying,2023,2022-23,Result + serve/return totals,True,True,False,False,False,True,True,False,False,False,0.0,0.0,0.0,0.0,0.0,0.0,0.0,0.0
W09E:atp:2023/2875/ms006:N552,Adam Walton,Palmas del Mar,2023-06-12,QF,Challenger main draw,2023,2022-23,Result + serve/return totals,True,True,False,False,True,False,True,False,False,False,0.0,0.0,0.0,0.0,0.0,0.0,0.0,0.0
W09E:atp:2023/2875/ms013:SF89,Adam Walton,Palmas del Mar,2023-06-12,R16,Challenger main draw,2023,2022-23,Result + serve/return totals,True,True,False,False,True,False,True,False,False,False,0.0,0.0,0.0,0.0,0.0,0.0,0.0,0.0
W09E:atp:2023/2875/ms027:PG94,Adam Walton,Palmas del Mar,2023-06-12,R32,Challenger main draw,2023,2022-23,Result + serve/return totals,True,True,False,False,True,False,True,False,False,False,0.0,0.0,0.0,0.0,0.0,0.0,0.0,0.0
W09E:atp:2023/534/ms001:CF10,Adam Walton,M25 Tulsa,2023-06-19,F,ITF main draw,2023,2022-23,"Result, no statistics",True,True,True,False,False,True,True,False,False,False,0.0,0.0,0.0,0.0,0.0,0.0,0.0,0.0
W09E:atp:2023/534/ms002:M0CW,Adam Walton,M25 Tulsa,2023-06-19,SF,ITF main draw,2023,2022-23,"Result, no statistics",True,True,True,False,False,True,True,False,False,False,0.0,0.0,0.0,0.0,0.0,0.0,0.0,0.0
W09E:atp:2023/534/ms004:Q02L,Adam Walton,M25 Tulsa,2023-06-19,QF,ITF main draw,2023,2022-23,"Result, no statistics",True,True,True,False,False,True,True,False,False,False,0.0,0.0,0.0,0.0,0.0,0.0,0.0,0.0
W09E:atp:2023/534/ms008:C0HT,Adam Walton,M25 Tulsa,2023-06-19,R16,ITF main draw,2023,2022-23,"Result, no statistics",True,True,False,False,True,False,True,False,False,False,0.0,0.0,0.0,0.0,0.0,0.0,0.0,0.0
W09E:atp:2023/534/ms016:RH21,Adam Walton,M25 Tulsa,2023-06-19,R32,ITF main draw,2023,2022-23,"Result, no statistics",True,True,False,False,True,False,True,False,False,False,0.0,0.0,0.0,0.0,0.0,0.0,0.0,0.0
W09E:atp:2023/2883/ms021:N552,Adam Walton,Bloomfield Hills,2023-07-03,R32,Challenger main draw,2023,2022-23,Result + serve/return totals,True,True,False,False,False,True,True,False,False,False,0.0,0.0,0.0,0.0,0.0,0.0,0.0,0.0
W09E:atp:2023/2797/ms011:M0GZ,Adam Walton,Chicago,2023-07-10,R16,Challenger main draw,2023,2022-23,Result + serve/return totals,True,True,False,False,False,True,True,False,False,False,0.0,0.0,0.0,0.0,0.0,0.0,0.0,0.0
W09E:atp:2023/2797/ms022:S0JA,Adam Walton,Chicago,2023-07-10,R32,Challenger main draw,2023,2022-23,Result + serve/return totals,True,True,False,False,False,True,True,False,False,False,0.0,0.0,0.0,0.0,0.0,0.0,0.0,0.0
W09E:atp:2023/877/ms013:J620,Adam Walton,Granby,2023-07-17,R16,Challenger main draw,2023,2022-23,Result + serve/return totals,True,True,False,False,False,True,True,False,False,False,0.0,0.0,0.0,0.0,0.0,0.0,0.0,0.0
W09E:atp:2023/877/ms027:PD07,Adam Walton,Granby,2023-07-17,R32,Challenger main draw,2023,2022-23,Result + serve/return totals,True,True,False,False,False,True,True,False,False,False,0.0,0.0,0.0,0.0,0.0,0.0,0.0,0.0
W09E:atp:2023/59/ms017:J553,Adam Walton,Salinas,2023-07-24,R32,Challenger main draw,2023,2022-23,Result + serve/return totals,True,True,False,False,True,False,True,False,False,False,0.0,0.0,0.0,0.0,0.0,0.0,0.0,0.0
W09E:atp:2023/586/ms014:BV27,Adam Walton,Lexington,2023-07-31,R16,Challenger main draw,2023,2022-23,Result + serve/return totals,True,True,False,False,True,False,True,False,False,False,0.0,0.0,0.0,0.0,0.0,0.0,0.0,0.0
W09E:atp:2023/586/ms028:J620,Adam Walton,Lexington,2023-07-31,R32,Challenger main draw,2023,2022-23,Result + serve/return totals,True,True,False,False,True,False,True,False,False,False,0.0,0.0,0.0,0.0,0.0,0.0,0.0,0.0
W09E:atp:2023/9560/ms001:MW18,Adam Walton,Cary 1,2023-08-07,F,Challenger main draw,2023,2022-23,Result + serve/return totals,True,True,False,False,False,True,True,False,False,False,0.0,0.0,0.0,0.0,0.0,0.0,0.0,0.0
W09E:atp:2023/9560/ms003:BI23,Adam Walton,Cary 1,2023-08-07,SF,Challenger main draw,2023,2022-23,Result + serve/return totals,True,True,False,False,False,True,True,False,False,False,0.0,0.0,0.0,0.0,0.0,0.0,0.0,0.0
W09E:atp:2023/9560/ms007:H0BH,Adam Walton,Cary 1,2023-08-07,QF,Challenger main draw,2023,2022-23,Result + serve/return totals,True,True,False,False,True,False,True,False,False,True,0.0,0.0,0.0,0.0,0.0,0.0,0.0,0.0
W09E:atp:2023/9560/ms014:HD68,Adam Walton,Cary 1,2023-08-07,R16,Challenger main draw,2023,2022-23,Result + serve/return totals,True,True,False,False,True,False,True,False,False,False,0.0,0.0,0.0,0.0,0.0,0.0,0.0,0.0
W09E:atp:2023/9560/ms029:Z09Z,Adam Walton,Cary 1,2023-08-07,R32,Challenger main draw,2023,2022-23,Result + serve/return totals,True,True,False,False,True,False,True,False,False,False,0.0,0.0,0.0,0.0,0.0,0.0,0.0,0.0
W09E:atp:2023/2885/ms014:D994,Adam Walton,"Stanford, CA",2023-08-14,R16,Challenger main draw,2023,2022-23,Result + serve/return totals,True,True,False,False,False,True,True,False,False,False,0.0,0.0,0.0,0.0,0.0,0.0,0.0,0.0
W09E:atp:2023/2885/ms029:S0K7,Adam Walton,"Stanford, CA",2023-08-14,R32,Challenger main draw,2023,2022-23,Result + serve/return totals,True,True,False,False,False,True,True,False,False,False,0.0,0.0,0.0,0.0,0.0,0.0,0.0,0.0
W09E:atp:2023/6242/qs008:KG27,Adam Walton,Winston-Salem,2023-08-21,Q1,Tour qualifying,2023,2022-23,Result + serve/return totals,True,True,False,False,False,True,True,False,False,False,0.0,0.0,0.0,0.0,0.0,0.0,0.0,0.0
W09E:atp:2023/7316/ms010:K0A3,Adam Walton,Cary 2,2023-09-11,R16,Challenger main draw,2023,2022-23,Result + serve/return totals,True,True,False,False,False,True,True,False,False,False,0.0,0.0,0.0,0.0,0.0,0.0,0.0,0.0
W09E:atp:2023/7316/ms020:KC12,Adam Walton,Cary 2,2023-09-11,R32,Challenger main draw,2023,2022-23,Result + serve/return totals,True,True,False,False,False,True,True,False,False,False,0.0,0.0,0.0,0.0,0.0,0.0,0.0,0.0
W09E:atp:2023/8281/ms014:S0N0,Adam Walton,Columbus 2,2023-09-18,R16,Challenger main draw,2023,2022-23,Result + serve/return totals,True,True,False,False,False,True,True,False,False,False,0.0,0.0,0.0,0.0,0.0,0.0,0.0,0.0
W09E:atp:2023/8281/ms028:M0GZ,Adam Walton,Columbus 2,2023-09-18,R32,Challenger main draw,2023,2022-23,Result + serve/return totals,True,True,False,False,False,True,True,False,False,False,0.0,0.0,0.0,0.0,0.0,0.0,0.0,0.0
W09E:atp:2023/2803/ms007:PH78,Adam Walton,Charleston,2023-09-25,QF,Challenger main draw,2023,2022-23,Result + serve/return totals,True,True,False,False,True,False,True,False,False,False,0.0,0.0,0.0,0.0,0.0,0.0,0.0,0.0
W09E:atp:2023/2803/ms014:DF88,Adam Walton,Charleston,2023-09-25,R16,Challenger main draw,2023,2022-23,Result + serve/return totals,True,True,False,False,True,False,True,False,False,False,0.0,0.0,0.0,0.0,0.0,0.0,0.0,0.0
W09E:atp:2023/2803/ms028:ML73,Adam Walton,Charleston,2023-09-25,R32,Challenger main draw,2023,2022-23,Result + serve/return totals,True,True,False,False,True,False,True,False,False,False,0.0,0.0,0.0,0.0,0.0,0.0,0.0,0.0
W09E:atp:2023/1768/ms001:S0K7,Adam Walton,Tiburon,2023-10-02,F,Challenger main draw,2023,2022-23,Result + serve/return totals,True,True,False,False,True,False,True,False,False,False,0.0,0.0,0.0,0.0,0.0,0.0,0.0,0.0
W09E:atp:2023/1768/ms002:S0N0,Adam Walton,Tiburon,2023-10-02,SF,Challenger main draw,2023,2022-23,Result + serve/return totals,True,True,False,False,True,False,True,False,False,False,0.0,0.0,0.0,0.0,0.0,0.0,0.0,0.0
W09E:atp:2023/1768/ms005:TA46,Adam Walton,Tiburon,2023-10-02,QF,Challenger main draw,2023,2022-23,Result + serve/return totals,True,True,False,False,True,False,True,False,False,False,0.0,0.0,0.0,0.0,0.0,0.0,0.0,0.0
W09E:atp:2023/1768/ms011:T0HA,Adam Walton,Tiburon,2023-10-02,R16,Challenger main draw,2023,2022-23,Result + serve/return totals,True,True,False,False,True,False,True,False,False,False,0.0,0.0,0.0,0.0,0.0,0.0,0.0,0.0
W09E:atp:2023/1768/ms023:PD07,Adam Walton,Tiburon,2023-10-02,R32,Challenger main draw,2023,2022-23,Result + serve/return totals,True,True,False,False,True,False,True,False,False,False,0.0,0.0,0.0,0.0,0.0,0.0,0.0,0.0
W09E:atp:2023/7339/ms019:B0NN,Adam Walton,Fairfield,2023-10-09,R32,Challenger main draw,2023,2022-23,Result + serve/return totals,True,True,False,False,True,False,True,False,False,False,0.0,0.0,0.0,0.0,0.0,0.0,0.0,0.0
W09E:atp:2023/8297/ms007:ME89,Adam Walton,Hamburg,2023-10-16,QF,Challenger main draw,2023,2022-23,Result + serve/return totals,True,True,False,False,False,True,True,False,False,False,0.0,0.0,0.0,0.0,0.0,0.0,0.0,0.0
W09E:atp:2023/8297/ms015:SO20,Adam Walton,Hamburg,2023-10-16,R16,Challenger main draw,2023,2022-23,Result + serve/return totals,True,True,False,False,False,True,True,False,False,False,0.0,0.0,0.0,0.0,0.0,0.0,0.0,0.0
W09E:atp:2023/8297/ms031:KI48,Adam Walton,Hamburg,2023-10-16,R32,Challenger main draw,2023,2022-23,Result + serve/return totals,True,True,False,False,True,False,True,False,False,False,0.0,0.0,0.0,0.0,0.0,0.0,0.0,0.0
W09E:atp:2023/6055/ms024:M0NL,Adam Walton,Charlottesville,2023-10-30,R32,Challenger main draw,2023,2022-23,Result + serve/return totals,True,True,False,False,False,True,True,False,False,False,0.0,0.0,0.0,0.0,0.0,0.0,0.0,0.0
W09E:atp:2024/7203/ms001:S0IA,Adam Walton,Burnie 2,2024-02-05,F,Challenger main draw,2024,2024,Result + serve/return totals,True,True,False,False,True,False,True,False,False,False,0.0,1.0,0.0,0.0,0.0,0.0,0.0,0.0
W09E:atp:2024/7203/ms002:S0N0,Adam Walton,Burnie 2,2024-02-05,SF,Challenger main draw,2024,2024,Result + serve/return totals,True,True,False,False,True,False,True,False,False,False,0.0,1.0,0.0,0.0,0.0,0.0,0.0,0.0
W09E:atp:2024/7203/ms004:S0TI,Adam Walton,Burnie 2,2024-02-05,QF,Challenger main draw,2024,2024,Result + serve/return totals,True,True,False,False,True,False,True,False,False,False,0.0,1.0,0.0,0.0,0.0,0.0,0.0,0.0
W09E:atp:2024/7203/ms008:I0B0,Adam Walton,Burnie 2,2024-02-05,R16,Challenger main draw,2024,2024,Result + serve/return totals,True,True,False,False,True,False,True,False,False,False,0.0,1.0,0.0,0.0,0.0,0.0,0.0,0.0
W09E:atp:2024/7203/ms016:B0OT,Adam Walton,Burnie 2,2024-02-05,R32,Challenger main draw,2024,2024,Result + serve/return totals,True,True,False,False,True,False,True,False,False,False,0.0,1.0,0.0,0.0,0.0,0.0,0.0,0.0
W09E:atp:2024/7808/ms007:N897,Adam Walton,Bengaluru,2024-02-12,QF,Challenger main draw,2024,2024,Result + serve/return totals,True,True,True,False,False,True,True,False,False,False,0.0,1.0,0.0,0.0,0.0,0.0,0.0,0.0
W09E:atp:2024/7808/ms014:O0A2,Adam Walton,Bengaluru,2024-02-12,R16,Challenger main draw,2024,2024,Result + serve/return totals,True,True,False,False,True,False,True,False,False,False,0.0,1.0,0.0,0.0,0.0,0.0,0.0,0.0
W09E:atp:2024/7808/ms028:DH23,Adam Walton,Bengaluru,2024-02-12,R32,Challenger main draw,2024,2024,Result + serve/return totals,True,True,False,False,True,False,True,False,False,False,0.0,1.0,0.0,0.0,0.0,0.0,0.0,0.0
W09E:atp:2024/7100/ms001:VA25,Adam Walton,Pune,2024-02-19,F,Challenger main draw,2024,2024,Result + serve/return totals,True,True,True,False,False,True,True,False,False,False,0.0,1.0,0.0,0.0,0.0,0.0,0.0,0.0
W09E:atp:2024/7100/ms003:A0CJ,Adam Walton,Pune,2024-02-19,SF,Challenger main draw,2024,2024,Result + serve/return totals,True,True,True,False,False,True,True,False,False,False,0.0,1.0,0.0,0.0,0.0,0.0,0.0,0.0
W09E:atp:2024/7100/ms006:MP13,Adam Walton,Pune,2024-02-19,QF,Challenger main draw,2024,2024,"Result, no statistics",True,True,False,True,False,True,False,False,False,False,0.0,1.0,0.0,0.0,0.0,0.0,0.0,0.0
W09E:atp:2024/7100/ms013:W857,Adam Walton,Pune,2024-02-19,R16,Challenger main draw,2024,2024,Result + serve/return totals,True,True,True,False,False,True,True,False,False,False,0.0,1.0,0.0,0.0,0.0,0.0,0.0,0.0
W09E:atp:2024/7100/ms027:C0JP,Adam Walton,Pune,2024-02-19,R32,Challenger main draw,2024,2024,Result + serve/return totals,True,True,True,False,False,True,True,False,False,False,0.0,1.0,0.0,0.0,0.0,0.0,0.0,0.0
W09E:atp:2024/6961/ms015:BU54,Adam Walton,New Delhi,2024-02-26,R16,Challenger main draw,2024,2024,Result + serve/return totals,True,True,True,False,False,True,True,False,False,False,0.0,1.0,0.0,0.0,0.0,0.0,0.0,0.0
W09E:atp:2024/6961/ms031:O0A2,Adam Walton,New Delhi,2024-02-26,R32,Challenger main draw,2024,2024,Result + serve/return totals,True,True,True,False,False,True,True,False,False,False,0.0,1.0,0.0,0.0,0.0,0.0,0.0,0.0
W09E:atp:2024/404/qs032:SX91,Adam Walton,ATP Masters 1000 Indian Wells,2024-03-04,Q1,Tour qualifying,2024,2024,Result + serve/return totals,True,True,True,False,False,True,True,False,False,False,0.0,1.0,0.0,0.0,0.0,0.0,0.0,0.0
W09E:atp:2024/9167/ms028:C0H0,Adam Walton,Phoenix,2024-03-11,R32,Challenger main draw,2024,2024,Result + serve/return totals,True,True,True,False,False,True,True,False,False,False,0.0,1.0,0.0,0.0,0.0,0.0,0.0,0.0
W09E:atp:2024/9167/qs011:BI23,Adam Walton,Phoenix,2024-03-11,Q2,Challenger qualifying,2024,2024,Result + serve/return totals,True,True,True,False,False,True,True,False,False,False,0.0,1.0,0.0,0.0,0.0,0.0,0.0,0.0
W09E:atp:2024/9167/qs023:K926,Adam Walton,Phoenix,2024-03-11,Q1,Challenger qualifying,2024,2024,Result + serve/return totals,True,True,True,False,False,True,True,False,False,False,0.0,1.0,0.0,0.0,0.0,0.0,0.0,0.0
W09E:atp:2024/403/ms081:AG37,Adam Walton,ATP Masters 1000 Miami,2024-03-18,R128,Tour main draw,2024,2024,Result + serve/return totals,True,True,False,False,True,False,True,False,False,False,0.0,1.0,0.0,0.0,1.0,1.0,0.0,0.0
W09E:atp:2024/403/qs023:MO44,Adam Walton,ATP Masters 1000 Miami,2024-03-18,Q2,Tour qualifying,2024,2024,Result + serve/return totals,True,True,False,False,True,False,True,False,False,False,0.0,1.0,0.0,0.0,0.0,0.0,0.0,0.0
W09E:atp:2024/403/qs047:MJ08,Adam Walton,ATP Masters 1000 Miami,2024-03-18,Q1,Tour qualifying,2024,2024,Result + serve/return totals,True,True,False,False,True,False,True,False,False,False,0.0,1.0,0.0,0.0,0.0,0.0,0.0,0.0
W09E:atp:2024/8375/ms031:GK06,Adam Walton,Mexico City,2024-04-01,R32,Challenger main draw,2024,2024,Result + serve/return totals,True,True,False,False,True,False,True,False,False,False,0.0,1.0,0.0,0.0,0.0,0.0,0.0,0.0
W09E:atp:2024/6963/ms003:M0GZ,Adam Walton,Cuernavaca (Morelos),2024-04-08,SF,Challenger main draw,2024,2024,Result + serve/return totals,True,True,False,False,True,False,False,False,False,False,0.0,1.0,0.0,0.0,0.0,0.0,0.0,0.0
W09E:atp:2024/6963/ms006:Z09Z,Adam Walton,Cuernavaca (Morelos),2024-04-08,QF,Challenger main draw,2024,2024,Result + serve/return totals,True,True,False,False,True,False,True,False,False,False,0.0,1.0,0.0,0.0,0.0,0.0,0.0,0.0
W09E:atp:2024/6963/ms013:BP41,Adam Walton,Cuernavaca (Morelos),2024-04-08,R16,Challenger main draw,2024,2024,Result + serve/return totals,True,True,False,False,True,False,True,False,False,False,0.0,1.0,0.0,0.0,0.0,0.0,0.0,0.0
W09E:atp:2024/6963/ms027:A09P,Adam Walton,Cuernavaca (Morelos),2024-04-08,R32,Challenger main draw,2024,2024,Result + serve/return totals,True,True,False,False,True,False,True,False,False,False,0.0,1.0,0.0,0.0,0.0,0.0,0.0,0.0
W09E:atp:2024/2867/ms001:M0GZ,Adam Walton,Acapulco,2024-04-15,F,Challenger main draw,2024,2024,Result + serve/return totals,True,True,True,False,False,True,True,False,False,False,0.0,1.0,0.0,0.0,0.0,0.0,0.0,0.0
W09E:atp:2024/2867/ms002:GK06,Adam Walton,Acapulco,2024-04-15,SF,Challenger main draw,2024,2024,Result + serve/return totals,True,True,True,False,False,True,True,False,False,False,0.0,1.0,0.0,0.0,0.0,0.0,0.0,0.0
W09E:atp:2024/2867/ms005:S0N0,Adam Walton,Acapulco,2024-04-15,QF,Challenger main draw,2024,2024,Result + serve/return totals,True,True,True,False,False,True,True,False,False,False,0.0,1.0,0.0,0.0,0.0,0.0,0.0,0.0
W09E:atp:2024/2867/ms010:M0CW,Adam Walton,Acapulco,2024-04-15,R16,Challenger main draw,2024,2024,Result + serve/return totals,True,True,True,False,False,True,True,False,False,False,0.0,1.0,0.0,0.0,0.0,0.0,0.0,0.0
W09E:atp:2024/2867/ms020:BV21,Adam Walton,Acapulco,2024-04-15,R32,Challenger main draw,2024,2024,Result + serve/return totals,True,True,True,False,False,True,True,False,False,False,0.0,1.0,0.0,0.0,0.0,0.0,0.0,0.0
W09E:atp:2024/6965/ms001:S0N0,Adam Walton,Guangzhou,2024-04-29,F,Challenger main draw,2024,2024,Result + serve/return totals,True,True,True,False,False,True,True,False,False,False,0.0,1.0,0.0,0.0,0.0,0.0,0.0,0.0
W09E:atp:2024/6965/ms003:Y09V,Adam Walton,Guangzhou,2024-04-29,SF,Challenger main draw,2024,2024,Result + serve/return totals,True,True,True,False,False,True,True,False,False,False,0.0,1.0,0.0,0.0,0.0,0.0,0.0,0.0
W09E:atp:2024/6965/ms006:Z09Z,Adam Walton,Guangzhou,2024-04-29,QF,Challenger main draw,2024,2024,Result + serve/return totals,True,True,True,False,False,True,True,False,False,False,0.0,1.0,0.0,0.0,0.0,0.0,0.0,0.0
W09E:atp:2024/6965/ms013:BI81,Adam Walton,Guangzhou,2024-04-29,R16,Challenger main draw,2024,2024,Result + serve/return totals,True,True,True,False,False,True,True,False,False,False,0.0,1.0,0.0,0.0,0.0,0.0,0.0,0.0
W09E:atp:2024/6965/ms027:Z0CQ,Adam Walton,Guangzhou,2024-04-29,R32,Challenger main draw,2024,2024,Result + serve/return totals,True,True,True,False,False,True,True,False,False,False,0.0,1.0,0.0,0.0,0.0,0.0,0.0,0.0
W09E:atp:2024/2921/ms005:K0E6,Adam Walton,Wuxi,2024-05-06,QF,Challenger main draw,2024,2024,Result + serve/return totals,True,True,True,False,False,True,True,False,False,False,0.0,1.0,0.0,0.0,0.0,0.0,0.0,0.0
W09E:atp:2024/2921/ms010:BI81,Adam Walton,Wuxi,2024-05-06,R16,Challenger main draw,2024,2024,Result + serve/return totals,True,True,True,False,False,True,True,False,False,False,0.0,1.0,0.0,0.0,0.0,0.0,0.0,0.0
W09E:atp:2024/2921/ms020:M0OQ,Adam Walton,Wuxi,2024-05-06,R32,Challenger main draw,2024,2024,Result + serve/return totals,True,True,True,False,False,True,True,False,False,False,0.0,1.0,0.0,0.0,0.0,0.0,0.0,0.0
W09E:atp:2024/2278/ms001:ME89,Adam Walton,Taipei,2024-05-13,F,Challenger main draw,2024,2024,Result + serve/return totals,True,True,False,False,True,False,True,False,False,False,0.0,1.0,0.0,0.0,0.0,0.0,0.0,0.0
W09E:atp:2024/2278/ms003:D994,Adam Walton,Taipei,2024-05-13,SF,Challenger main draw,2024,2024,Result + serve/return totals,True,True,False,False,True,False,True,False,False,False,0.0,1.0,0.0,0.0,0.0,0.0,0.0,0.0
W09E:atp:2024/2278/ms006:BE90,Adam Walton,Taipei,2024-05-13,QF,Challenger main draw,2024,2024,Result + serve/return totals,True,True,True,False,False,True,True,False,False,False,0.0,1.0,0.0,0.0,0.0,0.0,0.0,0.0
W09E:atp:2024/2278/ms013:N652,Adam Walton,Taipei,2024-05-13,R16,Challenger main draw,2024,2024,Result + serve/return totals,True,True,True,False,False,True,True,False,False,False,0.0,1.0,0.0,0.0,0.0,0.0,0.0,0.0
W09E:atp:2024/2278/ms027:S0AQ,Adam Walton,Taipei,2024-05-13,R32,Challenger main draw,2024,2024,Result + serve/return totals,True,True,True,False,False,True,True,False,False,False,0.0,1.0,0.0,0.0,0.0,0.0,0.0,0.0
W09E:atp:2024/520/ms077:RC91,Adam Walton,Roland Garros,2024-05-27,R128,Tour main draw,2024,2024,Result + serve/return totals,True,True,False,False,True,False,True,False,False,False,0.0,1.0,0.0,0.0,1.0,1.0,0.0,0.0
W09E:atp:2024/7297/ms031:E687,Adam Walton,Surbiton,2024-06-03,R32,Challenger main draw,2024,2024,Result + serve/return totals,True,True,False,False,True,False,True,False,False,False,0.0,1.0,0.0,0.0,0.0,0.0,0.0,0.0
W09E:atp:2024/440/qs010:HH06,Adam Walton,'s-Hertogenbosch,2024-06-10,Q1,Tour qualifying,2024,2024,Result + serve/return totals,True,True,False,False,True,False,True,False,False,False,0.0,1.0,0.0,0.0,0.0,0.0,0.0,0.0
W09E:atp:2024/500/qs013:H997,Adam Walton,Halle,2024-06-17,Q1,Tour qualifying,2024,2024,Result + serve/return totals,True,True,False,False,True,False,True,False,False,False,0.0,1.0,0.0,0.0,0.0,0.0,0.0,0.0
W09E:atp:2024/8994/ms009:J0A4,Adam Walton,Mallorca,2024-06-24,R16,Tour main draw,2024,2024,Result + serve/return totals,True,True,True,False,False,True,True,False,False,False,0.0,1.0,0.0,0.0,1.0,1.0,0.0,0.0
W09E:atp:2024/8994/ms019:H997,Adam Walton,Mallorca,2024-06-24,R32,Tour main draw,2024,2024,Result + serve/return totals,True,True,False,False,True,False,True,False,False,False,0.0,1.0,0.0,0.0,1.0,1.0,0.0,0.0
W09E:atp:2024/8994/qs007:MN20,Adam Walton,Mallorca,2024-06-24,Q2,Tour qualifying,2024,2024,Result + serve/return totals,True,True,False,False,True,False,True,False,False,False,0.0,1.0,0.0,0.0,0.0,0.0,0.0,0.0
W09E:atp:2024/8994/qs014:J476,Adam Walton,Mallorca,2024-06-24,Q1,Tour qualifying,2024,2024,Result + serve/return totals,True,True,False,False,True,False,True,False,False,False,0.0,1.0,0.0,0.0,0.0,0.0,0.0,0.0
W09E:atp:2024/540/ms048:C0DF,Adam Walton,Wimbledon,2024-07-01,R64,Tour main draw,2024,2024,Point-by-point sequence,False,True,True,False,False,True,True,False,False,False,0.0,1.0,0.0,0.0,1.0,1.0,0.0,0.0
W09E:atp:2024/540/ms097:CE77,Adam Walton,Wimbledon,2024-07-01,R128,Tour main draw,2024,2024,Point-by-point sequence,False,True,True,False,False,True,True,False,False,False,0.0,1.0,0.0,0.0,1.0,1.0,0.0,0.0
W09E:atp:2024/877/ms016:AG08,Adam Walton,Granby,2024-07-15,R32,Challenger main draw,2024,2024,Result + serve/return totals,True,True,True,False,False,True,True,False,False,False,0.0,1.0,0.0,0.0,0.0,0.0,0.0,0.0
W09E:atp:2024/6116/ms014:RC91,Adam Walton,Atlanta,2024-07-22,R16,Tour main draw,2024,2024,Result + serve/return totals,True,True,True,True,False,True,True,False,False,False,0.0,1.0,0.0,0.0,1.0,1.0,0.0,0.0
W09E:atp:2024/6116/ms028:KI95,Adam Walton,Atlanta,2024-07-22,R32,Tour main draw,2024,2024,Result + serve/return totals,True,True,True,False,False,True,True,False,False,False,0.0,1.0,0.0,0.0,1.0,1.0,0.0,0.0
W09E:atp:2024/6116/qs005:B0GG,Adam Walton,Atlanta,2024-07-22,Q2,Tour qualifying,2024,2024,Result + serve/return totals,True,True,True,False,False,True,True,False,False,False,0.0,1.0,0.0,0.0,0.0,0.0,0.0,0.0
W09E:atp:2024/6116/qs010:M0HU,Adam Walton,Atlanta,2024-07-22,Q1,Tour qualifying,2024,2024,Result + serve/return totals,True,True,True,True,False,True,True,False,False,False,0.0,1.0,0.0,0.0,0.0,0.0,0.0,0.0
W09E:atp:2024/418/ms054:HC21,Adam Walton,Washington,2024-07-29,R64,Tour main draw,2024,2024,Result + serve/return totals,True,True,True,False,False,True,True,False,False,False,0.0,1.0,0.0,0.0,1.0,1.0,0.0,0.0
W09E:atp:2024/421/qs023:HD68,Adam Walton,ATP Masters 1000 Canada,2024-08-05,Q1,Tour qualifying,2024,2024,Result + serve/return totals,True,True,True,False,False,True,True,False,False,False,0.0,1.0,0.0,0.0,0.0,0.0,0.0,0.0
W09E:atp:2024/7316/ms027:B0NN,Adam Walton,Cary,2024-08-12,R32,Challenger main draw,2024,2024,Result + serve/return totals,True,True,True,False,False,True,True,False,False,False,0.0,1.0,0.0,0.0,0.0,0.0,0.0,0.0
W09E:atp:2024/6242/ms061:E865,Adam Walton,Winston-Salem,2024-08-19,R64,Tour main draw,2024,2024,Result + serve/return totals,True,True,True,False,False,True,True,False,False,False,0.0,1.0,0.0,0.0,1.0,1.0,0.0,0.0
W09E:atp:2024/560/ms110:MP20,Adam Walton,US Open,2024-08-26,R128,Tour main draw,2024,2024,Point-by-point sequence,False,True,True,False,False,True,True,False,False,False,0.0,1.0,0.0,0.0,1.0,1.0,0.0,0.0
W09E:atp:2024/7581/ms021:KI63,Adam Walton,Chengdu,2024-09-16,R32,Tour main draw,2024,2024,Result + serve/return totals,True,True,True,False,False,True,True,False,False,False,0.0,1.0,0.0,0.0,1.0,1.0,0.0,0.0
W09E:atp:2024/2939/ms007:W0BH,Adam Walton,Nonthaburi 4,2024-09-23,QF,Challenger main draw,2024,2024,Result + serve/return totals,True,True,False,False,True,False,True,False,False,False,0.0,1.0,0.0,0.0,0.0,0.0,0.0,0.0
W09E:atp:2024/2939/ms015:BI81,Adam Walton,Nonthaburi 4,2024-09-23,R16,Challenger main draw,2024,2024,Result + serve/return totals,True,True,False,False,True,False,True,False,False,False,0.0,1.0,0.0,0.0,0.0,0.0,0.0,0.0
W09E:atp:2024/2939/ms031:H09F,Adam Walton,Nonthaburi 4,2024-09-23,R32,Challenger main draw,2024,2024,Result + serve/return totals,True,True,False,False,True,False,True,False,False,False,0.0,1.0,0.0,0.0,0.0,0.0,0.0,0.0
W09E:atp:2024/5014/qs018:A0GC,Adam Walton,ATP Masters 1000 Shanghai,2024-09-30,Q2,Tour qualifying,2024,2024,Result + serve/return totals,True,True,False,False,True,False,True,False,False,False,0.0,1.0,0.0,0.0,0.0,0.0,0.0,0.0
W09E:atp:2024/5014/qs036:K0HC,Adam Walton,ATP Masters 1000 Shanghai,2024-09-30,Q1,Tour qualifying,2024,2024,Result + serve/return totals,True,True,False,False,True,False,True,False,False,False,0.0,1.0,0.0,0.0,0.0,0.0,0.0,0.0
W09E:atp:2024/2947/ms004:D994,Adam Walton,Hangzhou,2024-10-07,QF,Challenger main draw,2024,2024,Result + serve/return totals,True,True,True,False,False,True,True,False,False,False,0.0,1.0,0.0,0.0,0.0,0.0,0.0,0.0
W09E:atp:2024/2947/ms009:SX90,Adam Walton,Hangzhou,2024-10-07,R16,Challenger main draw,2024,2024,Result + serve/return totals,True,True,False,False,True,False,True,False,False,False,0.0,1.0,0.0,0.0,0.0,0.0,0.0,0.0
W09E:atp:2024/2947/ms019:BV16,Adam Walton,Hangzhou,2024-10-07,R32,Challenger main draw,2024,2024,Result + serve/return totals,True,True,False,False,True,False,True,False,False,False,0.0,1.0,0.0,0.0,0.0,0.0,0.0,0.0
W09E:atp:2024/7797/ms003:MK66,Adam Walton,Shenzhen (Longhua),2024-10-14,SF,Challenger main draw,2024,2024,Result + serve/return totals,True,True,True,False,False,True,False,False,False,False,0.0,1.0,0.0,0.0,0.0,0.0,0.0,0.0
W09E:atp:2024/7797/ms007:M0OQ,Adam Walton,Shenzhen (Longhua),2024-10-14,QF,Challenger main draw,2024,2024,Result + serve/return totals,True,True,True,False,False,True,True,False,False,False,0.0,1.0,0.0,0.0,0.0,0.0,0.0,0.0
W09E:atp:2024/7797/ms015:SX90,Adam Walton,Shenzhen (Longhua),2024-10-14,R16,Challenger main draw,2024,2024,Result + serve/return totals,True,True,True,False,False,True,True,False,False,False,0.0,1.0,0.0,0.0,0.0,0.0,0.0,0.0
W09E:atp:2024/7797/ms031:C0AJ,Adam Walton,Shenzhen (Longhua),2024-10-14,R32,Challenger main draw,2024,2024,Result + serve/return totals,True,True,True,False,False,True,True,False,False,False,0.0,1.0,0.0,0.0,0.0,0.0,0.0,0.0
W09E:atp:2024/2949/ms001:DA81,Adam Walton,Taipei 2,2024-10-21,F,Challenger main draw,2024,2024,Result + serve/return totals,True,True,True,False,False,True,True,False,False,False,0.0,1.0,0.0,0.0,0.0,0.0,0.0,0.0
W09E:atp:2024/2949/ms002:V832,Adam Walton,Taipei 2,2024-10-21,SF,Challenger main draw,2024,2024,Result + serve/return totals,True,True,True,False,False,True,True,False,False,False,0.0,1.0,0.0,0.0,0.0,0.0,0.0,0.0
W09E:atp:2024/2949/ms005:MK66,Adam Walton,Taipei 2,2024-10-21,QF,Challenger main draw,2024,2024,Result + serve/return totals,True,True,True,False,False,True,True,False,False,False,0.0,1.0,0.0,0.0,0.0,0.0,0.0,0.0
W09E:atp:2024/2949/ms010:H0B5,Adam Walton,Taipei 2,2024-10-21,R16,Challenger main draw,2024,2024,Result + serve/return totals,True,True,True,False,False,True,True,False,False,False,0.0,1.0,0.0,0.0,0.0,0.0,0.0,0.0
W09E:atp:2024/2949/ms020:E768,Adam Walton,Taipei 2,2024-10-21,R32,Challenger main draw,2024,2024,Result + serve/return totals,True,True,True,False,False,True,True,False,False,False,0.0,1.0,0.0,0.0,0.0,0.0,0.0,0.0
W09E:atp:2024/363/ms016:H09P,Adam Walton,Knoxville,2024-11-04,R32,Challenger main draw,2024,2024,Result + serve/return totals,True,True,True,False,False,True,True,False,False,False,0.0,1.0,0.0,0.0,0.0,0.0,0.0,0.0
W09E:atp:2024/637/ms016:Q02L,Adam Walton,Champaign,2024-11-11,R32,Challenger main draw,2024,2024,Result + serve/return totals,True,True,True,False,False,True,True,False,False,False,0.0,1.0,0.0,0.0,0.0,0.0,0.0,0.0
W09E:atp:2025/339/ms020:TD51,Adam Walton,Brisbane,2024-12-30,R32,Tour main draw,2024,2024,Result + serve/return totals,True,True,True,False,False,True,True,False,False,False,0.0,1.0,0.0,0.0,1.0,1.0,0.0,0.0
W09E:atp:2025/8998/ms021:C0H0,Adam Walton,Adelaide,2025-01-06,R32,Tour main draw,2025,2025-26,Result + serve/return totals,True,True,True,False,False,True,True,False,False,False,0.0,1.0,1.0,0.0,1.0,1.0,0.0,1.0
W09E:atp:2025/8998/qs006:H0BH,Adam Walton,Adelaide,2025-01-06,Q2,Tour qualifying,2025,2025-26,Result + serve/return totals,True,True,True,False,False,True,True,False,False,False,0.0,1.0,1.0,0.0,0.0,0.0,0.0,1.0
W09E:atp:2025/8998/qs013:L987,Adam Walton,Adelaide,2025-01-06,Q1,Tour qualifying,2025,2025-26,Result + serve/return totals,True,True,True,False,False,True,True,False,False,False,0.0,1.0,1.0,0.0,0.0,0.0,0.0,1.0
W09E:atp:2025/580/ms122:HB64,Adam Walton,Australian Open,2025-01-13,R128,Tour main draw,2025,2025-26,Result + serve/return totals,True,True,True,False,False,True,True,False,False,False,0.0,1.0,0.0,0.0,1.0,1.0,0.0,0.0
W09E:atp:2025/2967/ms003:S0N0,Adam Walton,Brisbane 1,2025-01-27,SF,Challenger main draw,2025,2025-26,Result + serve/return totals,True,True,False,False,True,False,True,False,False,False,0.0,1.0,1.0,0.0,0.0,0.0,0.0,0.0
W09E:atp:2025/2967/ms007:TA46,Adam Walton,Brisbane 1,2025-01-27,QF,Challenger main draw,2025,2025-26,Result + serve/return totals,True,True,False,False,True,False,True,False,False,False,0.0,1.0,1.0,0.0,0.0,0.0,0.0,0.0
W09E:atp:2025/2967/ms015:H0BA,Adam Walton,Brisbane 1,2025-01-27,R16,Challenger main draw,2025,2025-26,Result + serve/return totals,True,True,False,False,True,False,True,False,False,False,0.0,1.0,1.0,0.0,0.0,0.0,0.0,0.0
W09E:atp:2025/2967/ms031:I0B0,Adam Walton,Brisbane 1,2025-01-27,R32,Challenger main draw,2025,2025-26,Result + serve/return totals,True,True,False,False,True,False,True,False,False,False,0.0,1.0,1.0,0.0,0.0,0.0,0.0,0.0
W09E:atp:2025/2969/ms001:KB95,Adam Walton,Brisbane 2,2025-02-03,F,Challenger main draw,2025,2025-26,Result + serve/return totals,True,True,True,False,False,True,True,False,False,False,0.0,1.0,1.0,0.0,0.0,0.0,0.0,0.0
W09E:atp:2025/2969/ms002:J553,Adam Walton,Brisbane 2,2025-02-03,SF,Challenger main draw,2025,2025-26,Result + serve/return totals,True,True,True,False,False,True,True,False,False,False,0.0,1.0,1.0,0.0,0.0,0.0,0.0,0.0
W09E:atp:2025/2969/ms004:I0B0,Adam Walton,Brisbane 2,2025-02-03,QF,Challenger main draw,2025,2025-26,Result + serve/return totals,True,True,True,False,False,True,True,False,False,False,0.0,1.0,1.0,0.0,0.0,0.0,0.0,0.0
W09E:atp:2025/2969/ms008:MI01,Adam Walton,Brisbane 2,2025-02-03,R16,Challenger main draw,2025,2025-26,Result + serve/return totals,True,True,False,False,True,False,True,False,False,False,0.0,1.0,1.0,0.0,0.0,0.0,0.0,0.0
W09E:atp:2025/2969/ms016:N0AL,Adam Walton,Brisbane 2,2025-02-03,R32,Challenger main draw,2025,2025-26,Result + serve/return totals,True,True,False,False,True,False,True,False,False,False,0.0,1.0,1.0,0.0,0.0,0.0,0.0,0.0
W09E:atp:2025/499/ms021:T0HA,Adam Walton,Delray Beach,2025-02-10,R32,Tour main draw,2025,2025-26,Result + serve/return totals,True,True,True,False,False,True,True,False,False,False,0.0,1.0,1.0,0.0,1.0,1.0,0.0,1.0
W09E:atp:2025/807/ms026:GC88,Adam Walton,Acapulco,2025-02-24,R32,Tour main draw,2025,2025-26,Result + serve/return totals,True,True,True,False,False,True,True,False,False,False,0.0,1.0,1.0,0.0,1.0,1.0,0.0,1.0
W09E:atp:2025/807/qs005:K0AZ,Adam Walton,Acapulco,2025-02-24,Q2,Tour qualifying,2025,2025-26,Result + serve/return totals,True,True,True,False,False,True,True,False,False,False,0.0,1.0,1.0,0.0,0.0,0.0,0.0,1.0
W09E:atp:2025/807/qs011:ME82,Adam Walton,Acapulco,2025-02-24,Q1,Tour qualifying,2025,2025-26,Result + serve/return totals,True,True,True,False,False,True,True,False,False,False,0.0,1.0,1.0,0.0,0.0,0.0,0.0,1.0
W09E:atp:2025/404/ms062:SU55,Adam Walton,ATP Masters 1000 Indian Wells,2025-03-03,R64,Tour main draw,2025,2025-26,Result + serve/return totals,True,True,True,False,False,True,True,False,False,False,0.0,1.0,1.0,0.0,1.0,1.0,0.0,1.0
W09E:atp:2025/404/ms125:Z0A1,Adam Walton,ATP Masters 1000 Indian Wells,2025-03-03,R128,Tour main draw,2025,2025-26,Result + serve/return totals,True,True,True,False,False,True,True,False,False,False,0.0,1.0,1.0,0.0,1.0,1.0,0.0,1.0
W09E:atp:2025/404/qs024:MP01,Adam Walton,ATP Masters 1000 Indian Wells,2025-03-03,Q2,Tour qualifying,2025,2025-26,Result + serve/return totals,True,True,True,False,False,True,True,False,False,False,0.0,1.0,1.0,0.0,0.0,0.0,0.0,1.0
W09E:atp:2025/404/qs048:LB66,Adam Walton,ATP Masters 1000 Indian Wells,2025-03-03,Q1,Tour qualifying,2025,2025-26,Result + serve/return totals,True,True,True,False,False,True,True,False,False,False,0.0,1.0,1.0,0.0,0.0,0.0,0.0,1.0
W09E:atp:2025/9167/ms025:G09O,Adam Walton,Phoenix,2025-03-10,R32,Challenger main draw,2025,2025-26,Result + serve/return totals,True,True,True,False,False,True,True,False,False,False,0.0,1.0,1.0,0.0,0.0,0.0,0.0,0.0
W09E:atp:2025/403/ms010:FB98,Adam Walton,ATP Masters 1000 Miami,2025-03-17,R16,Tour main draw,2025,2025-26,Result + serve/return totals,True,True,True,False,False,True,True,False,False,False,0.0,1.0,1.0,0.0,1.0,1.0,0.0,1.0
W09E:atp:2025/403/ms021:W0BH,Adam Walton,ATP Masters 1000 Miami,2025-03-17,R32,Tour main draw,2025,2025-26,Result + serve/return totals,True,True,True,False,False,True,True,False,False,False,0.0,1.0,1.0,0.0,1.0,1.0,0.0,1.0
W09E:atp:2025/403/ms042:D0FJ,Adam Walton,ATP Masters 1000 Miami,2025-03-17,R64,Tour main draw,2025,2025-26,Result + serve/return totals,True,True,True,False,False,True,True,False,False,False,0.0,1.0,1.0,0.0,1.0,1.0,0.0,1.0
W09E:atp:2025/403/qs023:S0N0,Adam Walton,ATP Masters 1000 Miami,2025-03-17,Q2,Tour qualifying,2025,2025-26,Result + serve/return totals,True,True,True,False,False,True,True,False,False,False,0.0,1.0,1.0,0.0,0.0,0.0,0.0,1.0
W09E:atp:2025/403/qs046:K926,Adam Walton,ATP Masters 1000 Miami,2025-03-17,Q1,Tour qualifying,2025,2025-26,Result + serve/return totals,True,True,True,False,False,True,True,False,False,False,0.0,1.0,1.0,0.0,0.0,0.0,0.0,1.0
W09E:atp:2025/717/ms015:TD51,Adam Walton,Houston,2025-03-31,R16,Tour main draw,2025,2025-26,Result + serve/return totals,True,True,False,False,True,False,True,False,False,False,0.0,1.0,1.0,0.0,1.0,1.0,0.0,1.0
W09E:atp:2025/717/ms030:MP01,Adam Walton,Houston,2025-03-31,R32,Tour main draw,2025,2025-26,Result + serve/return totals,True,True,True,False,False,True,True,False,False,False,0.0,1.0,1.0,0.0,1.0,1.0,0.0,1.0
W09E:atp:2025/1741/ms001:A0GC,Adam Walton,Busan,2025-04-14,F,Challenger main draw,2025,2025-26,Result + serve/return totals,True,True,True,False,False,True,True,False,False,False,0.0,1.0,1.0,0.0,0.0,0.0,0.0,0.0
W09E:atp:2025/1741/ms002:KB95,Adam Walton,Busan,2025-04-14,SF,Challenger main draw,2025,2025-26,Result + serve/return totals,True,True,True,False,False,True,False,False,False,False,0.0,1.0,1.0,0.0,0.0,0.0,0.0,0.0
W09E:atp:2025/1741/ms004:U134,Adam Walton,Busan,2025-04-14,QF,Challenger main draw,2025,2025-26,Result + serve/return totals,True,True,False,False,True,False,True,False,False,False,0.0,1.0,1.0,0.0,0.0,0.0,0.0,0.0
W09E:atp:2025/1741/ms008:S0AQ,Adam Walton,Busan,2025-04-14,R16,Challenger main draw,2025,2025-26,Result + serve/return totals,True,True,False,False,True,False,True,False,False,False,0.0,1.0,1.0,0.0,0.0,0.0,0.0,0.0
W09E:atp:2025/1741/ms016:N09U,Adam Walton,Busan,2025-04-14,R32,Challenger main draw,2025,2025-26,Result + serve/return totals,True,True,False,False,True,False,True,False,False,False,0.0,1.0,1.0,0.0,0.0,0.0,0.0,0.0
W09E:atp:2025/7490/ms008:KB95,Adam Walton,Gwangju,2025-04-21,R16,Challenger main draw,2025,2025-26,Result + serve/return totals,True,True,True,False,False,True,True,False,False,False,0.0,1.0,1.0,0.0,0.0,0.0,0.0,0.0
W09E:atp:2025/7490/ms016:S0MN,Adam Walton,Gwangju,2025-04-21,R32,Challenger main draw,2025,2025-26,Result + serve/return totals,True,True,True,False,False,True,True,False,False,False,0.0,1.0,1.0,0.0,0.0,0.0,0.0,0.0
W09E:atp:2025/6965/ms008:K0E6,Adam Walton,Guangzhou,2025-04-28,R16,Challenger main draw,2025,2025-26,Result + serve/return totals,True,True,True,False,False,True,True,False,False,False,0.0,1.0,1.0,0.0,0.0,0.0,0.0,0.0
W09E:atp:2025/6965/ms016:I0B0,Adam Walton,Guangzhou,2025-04-28,R32,Challenger main draw,2025,2025-26,Result + serve/return totals,True,True,True,False,False,True,True,False,False,False,0.0,1.0,1.0,0.0,0.0,0.0,0.0,0.0
W09E:atp:2025/2921/ms016:I0B0,Adam Walton,Wuxi,2025-05-05,R32,Challenger main draw,2025,2025-26,Result + serve/return totals,True,True,True,False,False,True,True,False,False,False,0.0,1.0,1.0,0.0,0.0,0.0,0.0,0.0
W09E:atp:2025/520/ms034:RE44,Adam Walton,Roland Garros,2025-05-26,R64,Tour main draw,2025,2025-26,Result + serve/return totals,True,True,True,False,False,True,True,False,False,False,0.0,1.0,0.0,0.0,1.0,1.0,0.0,0.0
W09E:atp:2025/520/ms069:MN13,Adam Walton,Roland Garros,2025-05-26,R128,Tour main draw,2025,2025-26,Result + serve/return totals,True,True,True,False,False,True,True,False,False,False,0.0,1.0,0.0,0.0,1.0,1.0,0.0,0.0
W09E:atp:2025/440/qs008:E687,Adam Walton,'s-Hertogenbosch,2025-06-09,Q1,Tour qualifying,2025,2025-26,Result + serve/return totals,True,True,True,False,False,True,True,False,False,False,0.0,1.0,1.0,0.0,0.0,0.0,0.0,1.0
W09E:atp:2025/311/ms016:A0E2,Adam Walton,London / Queen's Club,2025-06-16,R32,Tour main draw,2025,2025-26,Shot-by-shot chart,False,False,True,False,False,True,True,False,False,False,0.0,1.0,1.0,0.0,1.0,1.0,0.0,1.0
W09E:atp:2025/311/qs005:V832,Adam Walton,London / Queen's Club,2025-06-16,Q2,Tour qualifying,2025,2025-26,Result + serve/return totals,True,True,True,False,False,True,True,False,False,False,0.0,1.0,1.0,0.0,0.0,0.0,0.0,1.0
W09E:atp:2025/311/qs010:M0JF,Adam Walton,London / Queen's Club,2025-06-16,Q1,Tour qualifying,2025,2025-26,Result + serve/return totals,True,True,True,False,False,True,True,False,False,False,0.0,1.0,1.0,0.0,0.0,0.0,0.0,1.0
W09E:atp:2025/8994/qs012:H09P,Adam Walton,Mallorca,2025-06-23,Q1,Tour qualifying,2025,2025-26,Result + serve/return totals,True,True,True,False,False,True,True,False,False,False,0.0,1.0,1.0,0.0,0.0,0.0,0.0,1.0
W09E:atp:2025/540/ms089:C0H0,Adam Walton,Wimbledon,2025-06-30,R128,Tour main draw,2025,2025-26,Result + serve/return totals,True,True,True,False,False,True,True,False,False,False,0.0,1.0,0.0,0.0,1.0,1.0,1.0,0.0
W09E:atp:2025/7480/ms003:SU55,Adam Walton,Los Cabos,2025-07-14,SF,Tour main draw,2025,2025-26,Result + serve/return totals,True,True,False,False,True,False,True,False,False,False,0.0,1.0,1.0,0.0,1.0,1.0,0.0,1.0
W09E:atp:2025/7480/ms007:D994,Adam Walton,Los Cabos,2025-07-14,QF,Tour main draw,2025,2025-26,Result + serve/return totals,True,True,False,False,True,False,True,False,False,False,0.0,1.0,1.0,0.0,1.0,1.0,0.0,1.0
W09E:atp:2025/7480/ms014:B0NN,Adam Walton,Los Cabos,2025-07-14,R16,Tour main draw,2025,2025-26,Result + serve/return totals,True,True,True,False,False,True,True,False,False,False,0.0,1.0,1.0,0.0,1.0,1.0,0.0,1.0
W09E:atp:2025/7480/ms028:P0J1,Adam Walton,Los Cabos,2025-07-14,R32,Tour main draw,2025,2025-26,Result + serve/return totals,True,True,True,False,False,True,True,False,False,False,0.0,1.0,1.0,0.0,1.0,1.0,0.0,1.0
W09E:atp:2025/421/ms032:Z355,Adam Walton,ATP Masters 1000 Canada,2025-07-28,R64,Tour main draw,2025,2025-26,Result + serve/return totals,True,True,False,False,True,False,True,False,False,False,0.0,1.0,1.0,0.0,1.0,1.0,0.0,1.0
W09E:atp:2025/421/ms065:BM95,Adam Walton,ATP Masters 1000 Canada,2025-07-28,R128,Tour main draw,2025,2025-26,Result + serve/return totals,True,True,False,False,True,False,True,False,False,False,0.0,1.0,1.0,0.0,1.0,1.0,0.0,1.0
W09E:atp:2025/422/ms025:L0BV,Adam Walton,ATP Masters 1000 Cincinnati,2025-08-04,R32,Tour main draw,2025,2025-26,Result + serve/return totals,True,True,False,False,True,False,True,False,False,False,0.0,1.0,1.0,0.0,1.0,1.0,0.0,1.0
W09E:atp:2025/422/ms051:MM58,Adam Walton,ATP Masters 1000 Cincinnati,2025-08-04,R64,Tour main draw,2025,2025-26,Result + serve/return totals,True,True,False,False,True,False,True,False,False,False,0.0,1.0,1.0,0.0,1.0,1.0,0.0,1.0
W09E:atp:2025/422/ms102:N0BS,Adam Walton,ATP Masters 1000 Cincinnati,2025-08-04,R128,Tour main draw,2025,2025-26,Result + serve/return totals,True,True,False,False,True,False,True,False,False,False,0.0,1.0,1.0,0.0,1.0,1.0,0.0,1.0
W09E:atp:2025/6242/ms038:V812,Adam Walton,Winston-Salem,2025-08-18,R64,Tour main draw,2025,2025-26,Result + serve/return totals,True,True,False,False,True,False,True,False,False,False,0.0,1.0,1.0,0.0,1.0,1.0,0.0,1.0
W09E:atp:2025/560/ms042:W0BH,Adam Walton,US Open,2025-08-25,R64,Tour main draw,2025,2025-26,Result + serve/return totals,True,True,False,False,True,False,True,False,False,False,0.0,1.0,0.0,0.0,1.0,1.0,0.99,0.0
W09E:atp:2025/560/ms084:HH26,Adam Walton,US Open,2025-08-25,R128,Tour main draw,2025,2025-26,Result + serve/return totals,True,True,False,False,True,False,True,False,False,False,0.0,1.0,0.0,0.0,1.0,1.0,0.99,0.0
W09E:atp:2025/4713/ms029:K0AH,Adam Walton,Hangzhou,2025-09-15,R32,Tour main draw,2025,2025-26,Result + serve/return totals,True,True,True,False,False,True,True,False,False,False,0.0,1.0,1.0,0.0,1.0,1.0,0.0,1.0
W09E:atp:2025/329/qs013:S0UV,Adam Walton,Tokyo,2025-09-22,Q1,Tour qualifying,2025,2025-26,Result + serve/return totals,True,True,True,False,False,True,True,False,False,False,0.0,1.0,1.0,0.0,0.0,0.0,0.0,1.0
W09E:atp:2025/5014/ms122:B0GG,Adam Walton,ATP Masters 1000 Shanghai,2025-09-29,R128,Tour main draw,2025,2025-26,Result + serve/return totals,True,True,True,False,False,True,True,False,False,False,0.0,1.0,1.0,0.0,1.0,1.0,0.0,1.0
W09E:atp:2025/7746/ms015:H09P,Adam Walton,Jinan,2025-10-06,R16,Challenger main draw,2025,2025-26,Result + serve/return totals,True,True,True,False,False,True,True,False,False,False,0.0,1.0,1.0,0.0,0.0,0.0,0.0,0.0
W09E:atp:2025/7746/ms031:SX90,Adam Walton,Jinan,2025-10-06,R32,Challenger main draw,2025,2025-26,Result + serve/return totals,True,True,True,False,False,True,True,False,False,False,0.0,1.0,1.0,0.0,0.0,0.0,0.0,0.0
W09E:atp:2025/9410/ms015:MM58,Adam Walton,Almaty,2025-10-13,R16,Tour main draw,2025,2025-26,Result + serve/return totals,True,True,True,False,False,True,True,False,False,False,0.0,1.0,1.0,0.0,1.0,1.0,0.0,1.0
W09E:atp:2025/9410/ms030:S0N0,Adam Walton,Almaty,2025-10-13,R32,Tour main draw,2025,2025-26,Result + serve/return totals,True,True,True,False,False,True,True,False,False,False,0.0,1.0,1.0,0.0,1.0,1.0,0.0,1.0
W09E:atp:2025/328/qs013:C977,Adam Walton,Basel,2025-10-20,Q1,Tour qualifying,2025,2025-26,Result + serve/return totals,True,True,True,False,False,True,True,False,False,False,0.0,1.0,1.0,0.0,0.0,0.0,0.0,1.0
W09E:atp:2025/352/qs025:V832,Adam Walton,ATP Masters 1000 Paris,2025-10-27,Q1,Tour qualifying,2025,2025-26,Result + serve/return totals,True,True,True,False,False,True,True,False,False,False,0.0,1.0,1.0,0.0,0.0,0.0,0.0,1.0
W09E:atp:2025/5100/ms017:TE30,Adam Walton,Athens,2025-11-03,R32,Tour main draw,2025,2025-26,Result + serve/return totals,True,True,True,False,False,True,True,False,False,False,0.0,1.0,1.0,0.0,1.0,1.0,0.0,1.0
W09E:atp:2026/339/ms026:H0BH,Adam Walton,Brisbane,2026-01-05,R32,Tour main draw,2026,2025-26,Result + serve/return totals,True,True,True,False,False,True,True,False,False,False,0.0,1.0,1.0,0.0,1.0,1.0,0.0,1.0
W09E:atp:2026/8998/qs006:HB64,Adam Walton,Adelaide,2026-01-12,Q2,Tour qualifying,2026,2025-26,Result + serve/return totals,True,True,True,False,False,True,True,False,False,False,0.0,1.0,1.0,0.0,0.0,0.0,0.0,1.0
W09E:atp:2026/8998/qs012:DC38,Adam Walton,Adelaide,2026-01-12,Q1,Tour qualifying,2026,2025-26,Result + serve/return totals,True,True,True,False,False,True,True,False,False,False,0.0,1.0,1.0,0.0,0.0,0.0,0.0,1.0
W09E:atp:2026/580/ms064:A0E2,Adam Walton,Australian Open,2026-01-19,R128,Tour main draw,2026,2025-26,Result + serve/return totals,True,True,True,False,False,True,True,False,False,True,0.0,1.0,0.0,0.0,1.0,1.0,1.0,0.0
W09E:atp:2026/2967/ms016:N707,Adam Walton,Brisbane 1,2026-02-02,R32,Challenger main draw,2026,2025-26,Result + serve/return totals,True,True,False,False,True,False,False,False,False,False,0.0,1.0,1.0,0.0,0.0,0.0,0.0,0.0
W09E:atp:2026/424/ms030:ME82,Adam Walton,Dallas,2026-02-09,R32,Tour main draw,2026,2025-26,Result + serve/return totals,True,True,False,False,True,False,True,False,False,False,0.0,1.0,1.0,0.0,1.0,1.0,0.0,1.0
W09E:atp:2026/499/ms009:PL56,Adam Walton,Delray Beach,2026-02-16,R16,Tour main draw,2026,2025-26,Result + serve/return totals,True,True,False,False,True,False,True,False,False,False,0.0,1.0,1.0,0.0,1.0,1.0,0.0,1.0
W09E:atp:2026/499/ms018:D0F6,Adam Walton,Delray Beach,2026-02-16,R32,Tour main draw,2026,2025-26,Result + serve/return totals,True,True,False,False,True,False,True,False,False,False,0.0,1.0,1.0,0.0,1.0,1.0,0.0,1.0
W09E:atp:2026/499/qs004:SY67,Adam Walton,Delray Beach,2026-02-16,Q2,Tour qualifying,2026,2025-26,Result + serve/return totals,True,True,False,False,True,False,True,False,False,False,0.0,1.0,1.0,0.0,0.0,0.0,0.0,1.0
W09E:atp:2026/499/qs008:MW18,Adam Walton,Delray Beach,2026-02-16,Q1,Tour qualifying,2026,2025-26,Result + serve/return totals,True,True,False,False,True,False,True,False,False,False,0.0,1.0,1.0,0.0,0.0,0.0,0.0,1.0
W09E:atp:2026/807/ms025:K0AZ,Adam Walton,Acapulco,2026-02-23,R32,Tour main draw,2026,2025-26,Result + serve/return totals,True,True,False,False,True,False,True,False,False,False,0.0,1.0,1.0,0.0,1.0,1.0,0.0,1.0
W09E:atp:2026/404/ms057:T0HA,Adam Walton,ATP Masters 1000 Indian Wells,2026-03-02,R64,Tour main draw,2026,2025-26,Result + serve/return totals,True,True,True,False,False,True,True,False,False,False,0.0,1.0,1.0,0.0,1.0,1.0,0.0,1.0
W09E:atp:2026/404/ms114:HB64,Adam Walton,ATP Masters 1000 Indian Wells,2026-03-02,R128,Tour main draw,2026,2025-26,Result + serve/return totals,True,True,False,False,True,False,True,False,False,False,0.0,1.0,1.0,0.0,1.0,1.0,0.0,1.0
W09E:atp:2026/2975/ms002:B0GG,Adam Walton,Cap Cana,2026-03-09,SF,Challenger main draw,2026,2025-26,Result + serve/return totals,True,True,True,False,False,True,True,False,False,False,0.0,1.0,1.0,0.0,0.0,0.0,0.0,0.0
W09E:atp:2026/2975/ms004:KI95,Adam Walton,Cap Cana,2026-03-09,QF,Challenger main draw,2026,2025-26,Result + serve/return totals,True,True,True,False,False,True,True,False,False,False,0.0,1.0,1.0,0.0,0.0,0.0,0.0,0.0
W09E:atp:2026/2975/ms009:AG08,Adam Walton,Cap Cana,2026-03-09,R16,Challenger main draw,2026,2025-26,Result + serve/return totals,True,True,True,False,False,True,True,False,False,False,0.0,1.0,1.0,0.0,0.0,0.0,0.0,0.0
W09E:atp:2026/2975/ms019:J551,Adam Walton,Cap Cana,2026-03-09,R32,Challenger main draw,2026,2025-26,Result + serve/return totals,True,True,True,False,False,True,True,False,False,False,0.0,1.0,1.0,0.0,0.0,0.0,0.0,0.0
W09E:atp:2026/403/ms059:M0NI,Adam Walton,ATP Masters 1000 Miami,2026-03-16,R64,Tour main draw,2026,2025-26,Result + serve/return totals,True,True,True,False,False,True,True,False,False,False,0.0,1.0,1.0,0.0,1.0,1.0,0.0,1.0
W09E:atp:2026/403/ms118:B0BI,Adam Walton,ATP Masters 1000 Miami,2026-03-16,R128,Tour main draw,2026,2025-26,Result + serve/return totals,True,True,True,False,False,True,True,False,False,False,0.0,1.0,1.0,0.0,1.0,1.0,0.0,1.0
W09E:atp:2026/403/qs021:H0BH,Adam Walton,ATP Masters 1000 Miami,2026-03-16,Q2,Tour qualifying,2026,2025-26,Result + serve/return totals,True,True,True,False,False,True,True,False,False,False,0.0,1.0,1.0,0.0,0.0,0.0,0.0,1.0
W09E:atp:2026/403/qs042:R0E0,Adam Walton,ATP Masters 1000 Miami,2026-03-16,Q1,Tour qualifying,2026,2025-26,Result + serve/return totals,True,True,True,False,False,True,True,False,False,False,0.0,1.0,1.0,0.0,0.0,0.0,0.0,1.0
W09E:atp:2026/2991/ms031:P0AY,Adam Walton,Morelia,2026-03-23,R32,Challenger main draw,2026,2025-26,Result + serve/return totals,True,True,True,False,False,True,False,False,False,False,0.0,1.0,1.0,0.0,0.0,0.0,0.0,0.0
W09E:atp:2026/717/ms022:B0FV,Adam Walton,Houston,2026-03-30,R32,Tour main draw,2026,2025-26,Result + serve/return totals,True,True,True,False,False,True,True,False,False,False,0.0,1.0,1.0,0.0,1.0,1.0,0.0,1.0
W09E:atp:2026/1741/ms007:Y09V,Adam Walton,Busan,2026-04-13,QF,Challenger main draw,2026,2025-26,Result + serve/return totals,True,True,True,False,False,True,False,False,False,False,0.0,1.0,1.0,0.0,0.0,0.0,0.0,0.0
W09E:atp:2026/1741/ms015:T0BW,Adam Walton,Busan,2026-04-13,R16,Challenger main draw,2026,2025-26,Result + serve/return totals,True,True,True,False,False,True,True,False,False,False,0.0,1.0,1.0,0.0,0.0,0.0,0.0,0.0
W09E:atp:2026/1741/ms031:H09F,Adam Walton,Busan,2026-04-13,R32,Challenger main draw,2026,2025-26,Result + serve/return totals,True,True,True,False,False,True,True,False,False,False,0.0,1.0,1.0,0.0,0.0,0.0,0.0,0.0
W09E:atp:2026/1536/ms060:KE29,Adam Walton,ATP Masters 1000 Madrid,2026-04-20,R64,Tour main draw,2026,2025-26,Result + serve/return totals,True,True,True,False,False,True,True,False,False,False,0.0,1.0,1.0,0.0,1.0,1.0,0.0,1.0
W09E:atp:2026/1536/ms121:L0IL,Adam Walton,ATP Masters 1000 Madrid,2026-04-20,R128,Tour main draw,2026,2025-26,Result + serve/return totals,True,True,True,False,False,True,True,False,False,False,0.0,1.0,1.0,0.0,1.0,1.0,0.0,1.0
W09E:atp:2026/3083/ms001:W0BH,Adam Walton,Jiujiang,2026-04-27,F,Challenger main draw,2026,2025-26,Result + serve/return totals,True,True,False,False,True,False,True,False,False,False,0.0,1.0,1.0,0.0,0.0,0.0,0.0,0.0
W09E:atp:2026/3083/ms002:BI81,Adam Walton,Jiujiang,2026-04-27,SF,Challenger main draw,2026,2025-26,Result + serve/return totals,True,True,False,False,True,False,True,False,False,False,0.0,1.0,1.0,0.0,0.0,0.0,0.0,0.0
W09E:atp:2026/3083/ms005:GK06,Adam Walton,Jiujiang,2026-04-27,QF,Challenger main draw,2026,2025-26,Result + serve/return totals,True,True,False,False,True,False,True,False,False,False,0.0,1.0,1.0,0.0,0.0,0.0,0.0,0.0
W09E:atp:2026/3083/ms010:W857,Adam Walton,Jiujiang,2026-04-27,R16,Challenger main draw,2026,2025-26,Result + serve/return totals,True,True,True,False,False,True,True,False,False,False,0.0,1.0,1.0,0.0,0.0,0.0,0.0,0.0
W09E:atp:2026/3083/ms020:C0AJ,Adam Walton,Jiujiang,2026-04-27,R32,Challenger main draw,2026,2025-26,Result + serve/return totals,True,True,True,False,False,True,True,False,False,False,0.0,1.0,1.0,0.0,0.0,0.0,0.0,0.0
W09E:atp:2026/2921/ms004:Y09V,Adam Walton,Wuxi,2026-05-04,QF,Challenger main draw,2026,2025-26,Result + serve/return totals,True,True,False,False,True,False,True,False,False,False,0.0,1.0,1.0,0.0,0.0,0.0,0.0,0.0
W09E:atp:2026/2921/ms008:M0OQ,Adam Walton,Wuxi,2026-05-04,R16,Challenger main draw,2026,2025-26,Result + serve/return totals,True,True,False,False,True,False,True,False,False,False,0.0,1.0,1.0,0.0,0.0,0.0,0.0,0.0
W09E:atp:2026/2921/ms016:H09F,Adam Walton,Wuxi,2026-05-04,R32,Challenger main draw,2026,2025-26,Result + serve/return totals,True,True,False,False,True,False,True,False,False,False,0.0,1.0,1.0,0.0,0.0,0.0,0.0,0.0
W09E:atp:2026/520/ms047:S0K7,Adam Walton,Roland Garros,2026-05-25,R64,Tour main draw,2026,2025-26,Result + serve/return totals,True,True,False,False,True,False,True,False,False,False,0.0,1.0,0.0,0.0,1.0,1.0,0.0,0.0
W09E:atp:2026/520/ms095:MM58,Adam Walton,Roland Garros,2026-05-25,R128,Tour main draw,2026,2025-26,Result + serve/return totals,True,True,False,False,True,False,True,False,False,True,0.0,1.0,0.0,0.0,1.0,1.0,0.0,0.0
W09E:atp:2026/2873/ms001:I0B0,Adam Walton,Tyler,2026-06-01,F,Challenger main draw,2026,2025-26,Point-by-point sequence,False,True,True,False,False,True,True,True,False,False,0.0,1.0,1.0,0.0,0.0,0.0,0.0,0.0
W09E:atp:2026/2873/ms002:D0DP,Adam Walton,Tyler,2026-06-01,SF,Challenger main draw,2026,2025-26,Point-by-point sequence,False,True,True,False,False,True,True,True,False,False,0.0,1.0,1.0,0.0,0.0,0.0,0.0,0.0
W09E:atp:2026/2873/ms004:L0ER,Adam Walton,Tyler,2026-06-01,QF,Challenger main draw,2026,2025-26,Point-by-point sequence,False,True,True,False,False,True,True,True,False,False,0.0,1.0,1.0,0.0,0.0,0.0,0.0,0.0
W09E:atp:2026/2873/ms008:M0NP,Adam Walton,Tyler,2026-06-01,R16,Challenger main draw,2026,2025-26,Point-by-point sequence,False,True,True,False,False,True,True,True,False,False,0.0,1.0,1.0,0.0,0.0,0.0,0.0,0.0
W09E:atp:2026/2873/ms016:W857,Adam Walton,Tyler,2026-06-01,R32,Challenger main draw,2026,2025-26,Point-by-point sequence,False,True,False,False,True,False,True,True,False,False,0.0,1.0,1.0,0.0,0.0,0.0,0.0,0.0
W09E:atp:2026/311/qs015:W0AH,Adam Walton,London / Queen's Club,2026-06-15,Q1,Tour qualifying,2026,2025-26,Point-by-point sequence,False,True,True,False,False,True,True,True,False,False,0.0,1.0,1.0,0.0,0.0,0.0,0.0,1.0
W09E:atp:2026/8994/ms015:DH50,Adam Walton,Mallorca,2026-06-22,R16,Tour main draw,2026,2025-26,Point-by-point sequence,False,True,True,False,False,True,True,True,False,False,0.0,1.0,1.0,0.0,1.0,1.0,0.0,1.0
W09E:atp:2026/8994/ms030:KE17,Adam Walton,Mallorca,2026-06-22,R32,Tour main draw,2026,2025-26,Point-by-point sequence,False,True,True,False,False,True,True,True,False,False,0.0,1.0,1.0,0.0,1.0,1.0,0.0,1.0
W09E:atp:2026/8994/qs005:G0IW,Adam Walton,Mallorca,2026-06-22,Q2,Tour qualifying,2026,2025-26,Point-by-point sequence,False,True,True,False,False,True,True,True,False,False,0.0,1.0,1.0,0.0,0.0,0.0,0.0,1.0
W09E:atp:2026/8994/qs010:B0PE,Adam Walton,Mallorca,2026-06-22,Q1,Tour qualifying,2026,2025-26,Point-by-point sequence,False,True,True,False,False,True,True,True,False,False,0.0,1.0,1.0,0.0,0.0,0.0,0.0,1.0
W09E:atp:2026/540/ms081:P0HW,Adam Walton,Wimbledon,2026-06-29,R128,Tour main draw,2026,2025-26,Point-by-point sequence,False,True,True,False,False,True,True,True,False,False,0.0,1.0,0.0,0.0,1.0,1.0,1.0,0.0
W09E:atp:2026/315/ms001:F0BY,Adam Walton,Newport,2026-07-06,F,Challenger main draw,2026,2025-26,Result + serve/return totals,True,True,True,False,False,True,True,False,False,False,0.0,1.0,1.0,0.0,0.0,0.0,0.0,0.0
W09E:atp:2026/315/ms003:M0QI,Adam Walton,Newport,2026-07-06,SF,Challenger main draw,2026,2025-26,Result + serve/return totals,True,True,True,False,False,True,True,False,False,False,0.0,1.0,1.0,0.0,0.0,0.0,0.0,0.0
W09E:atp:2026/315/ms006:G0IX,Adam Walton,Newport,2026-07-06,QF,Challenger main draw,2026,2025-26,Result + serve/return totals,True,True,True,False,False,True,True,False,False,False,0.0,1.0,1.0,0.0,0.0,0.0,0.0,0.0
W09E:atp:2026/315/ms013:TA46,Adam Walton,Newport,2026-07-06,R16,Challenger main draw,2026,2025-26,Result + serve/return totals,True,True,True,False,False,True,True,False,False,False,0.0,1.0,1.0,0.0,0.0,0.0,0.0,0.0
W09E:atp:2026/315/ms027:MK66,Adam Walton,Newport,2026-07-06,R32,Challenger main draw,2026,2025-26,Result + serve/return totals,True,True,True,False,False,True,True,False,False,False,0.0,1.0,1.0,0.0,0.0,0.0,0.0,0.0
W09E:atp:2026/2883/ms007:Z0BZ,Adam Walton,Bloomfield Hills,2026-07-20,QF,Challenger main draw,2026,2025-26,Result + serve/return totals,True,True,True,False,False,True,True,False,False,False,0.0,1.0,1.0,0.0,0.0,0.0,0.0,0.0
W09E:atp:2026/2883/ms015:KD46,Adam Walton,Bloomfield Hills,2026-07-20,R16,Challenger main draw,2026,2025-26,Result + serve/return totals,True,True,True,False,False,True,True,False,False,False,0.0,1.0,1.0,0.0,0.0,0.0,0.0,0.0
W09E:atp:2026/2883/ms031:B0I5,Adam Walton,Bloomfield Hills,2026-07-20,R32,Challenger main draw,2026,2025-26,Result + serve/return totals,True,True,True,False,False,True,True,False,False,False,0.0,1.0,1.0,0.0,0.0,0.0,0.0,0.0
W09E:atp:2026/7480/ms030:S0GD,Adam Walton,Los Cabos,2026-07-27,R32,Tour main draw,2026,2025-26,Result + serve/return totals,True,True,True,False,False,True,True,False,False,False,0.0,1.0,1.0,0.0,1.0,1.0,0.0,1.0
W09E:atp:2026/421/ms094:B0CD,Adam Walton,ATP Masters 1000 Canada,2026-08-03,R128,Tour main draw,2026,2025-26,Result + serve/return totals,True,True,True,False,False,True,True,False,False,False,0.0,1.0,1.0,0.0,1.0,1.0,0.0,1.0
W09E:atp:2026/421/qs023:B0F8,Adam Walton,ATP Masters 1000 Canada,2026-08-03,Q1,Tour qualifying,2026,2025-26,Result + serve/return totals,True,True,True,False,False,True,True,False,False,False,0.0,1.0,1.0,0.0,0.0,0.0,0.0,1.0
W09E:atp:2026/422/ms028:F0F2,Adam Walton,ATP Masters 1000 Cincinnati,2026-08-10,R32,Tour main draw,2026,2025-26,Result + serve/return totals,True,True,False,False,True,False,False,False,False,False,0.0,1.0,1.0,0.0,1.0,1.0,0.0,1.0
W09E:atp:2026/422/ms057:B0ID,Adam Walton,ATP Masters 1000 Cincinnati,2026-08-10,R64,Tour main draw,2026,2025-26,Result + serve/return totals,True,True,False,False,True,False,False,False,False,False,0.0,1.0,1.0,0.0,1.0,1.0,0.0,1.0
W09E:atp:2026/422/ms114:M0AW,Adam Walton,ATP Masters 1000 Cincinnati,2026-08-10,R128,Tour main draw,2026,2025-26,Result + serve/return totals,True,True,False,False,True,False,False,False,False,False,0.0,1.0,1.0,0.0,1.0,1.0,0.0,1.0
W09E:atp:2026/6242/ms027:B0ID,Adam Walton,Winston-Salem,2026-08-24,R32,Tour main draw,2026,2025-26,Result + serve/return totals,True,True,False,False,True,False,False,False,False,False,0.0,1.0,1.0,0.0,1.0,1.0,0.0,1.0
W09E:atp:2026/6242/ms054:D0C1,Adam Walton,Winston-Salem,2026-08-24,R64,Tour main draw,2026,2025-26,Result + serve/return totals,True,True,False,False,True,False,False,False,False,False,0.0,1.0,1.0,0.0,1.0,1.0,0.0,1.0
W09E:atp:2026/560/ms125:WB32,Adam Walton,US Open,2026-08-31,R128,Tour main draw,2026,2025-26,Result + serve/return totals,True,True,False,False,True,False,False,False,False,False,0.0,1.0,0.0,0.0,1.0,1.0,0.99,0.0
