ref_id,code,player,event_name,event_type,event_date,round,opp_first,opp_last,score,level,year,sofa_status,sofa_id,sofa_ts,sofa_tournament,sofa_category,sofa_round,sofa_opponent,name_score,round_agree,place_agree,days_outside_window,first_to_serve,final_result_only,event_state,pbp_marker
CH12:atp:2012/488/ms008:BA79,CH12,Jan Choinski,Germany F9,FU,2012-07-09,R16,Andre,Begemann,6-3 4-6 0-6,ITF main draw,2012,absent,,,,,,,,,,,,,,False
CH12:atp:2012/488/ms017:U113,CH12,Jan Choinski,Germany F9,FU,2012-07-09,R32,Laslo,Urrutia Fuentes,4-6 6-0 7-6(5),ITF main draw,2012,absent,,,,,,,,,,,,,,False
CH12:atp:2012/2140/ms019:V635,CH12,Jan Choinski,Germany F16,FU,2012-08-27,R32,Francois-Arthur,Vibert,4-6 3-6,ITF main draw,2012,absent,,,,,,,,,,,,,,False
CH12:atp:2013/572/ms014:F980,CH12,Jan Choinski,Germany F7,FU,2013-06-24,R16,Lukas,Finzelberg,1-6 1-6,ITF main draw,2013,absent,,,,,,,,,,,,,,False
CH12:atp:2013/572/ms029:MQ41,CH12,Jan Choinski,Germany F7,FU,2013-06-24,R32,Luca,Marquard,6-3 3-6 7-6(5),ITF main draw,2013,absent,,,,,,,,,,,,,,False
CH12:atp:2013/551/ms030:Y171,CH12,Jan Choinski,Germany F8,FU,2013-07-01,R32,Denis,Yevseyev,6-7(4) 1-6,ITF main draw,2013,absent,,,,,,,,,,,,,,False
CH12:atp:2013/205/ms021:Z198,CH12,Jan Choinski,Germany F10,FU,2013-07-15,R32,Caio,Zampieri,3-6 4-6,ITF main draw,2013,absent,,,,,,,,,,,,,,False
CH12:atp:2013/3673/ms014:MN20,CH12,Jan Choinski,Germany F18,FU,2013-10-07,R16,Daniel,Masur,6-2 4-6 1-6,ITF main draw,2013,linked,4531852,1381399200.0,"Germany F18, Singles",ITF Men,absent,Daniel Masur,3.0,0.0,1.0,0.0,absent,false,finished,False
CH12:atp:2013/3673/ms028:W534,CH12,Jan Choinski,Germany F18,FU,2013-10-07,R32,Torsten,Wietoska,4-6 6-0 6-4,ITF main draw,2013,absent,,,,,,,,,,,,,,False
CH12:atp:2013/6666/ms022:DA91,CH12,Jan Choinski,Germany F20,FU,2013-10-21,R32,Michel,Dornbusch,6-1 3-6 3-6,ITF main draw,2013,linked,4588848,1382536800.0,"Germany F20, Singles",ITF Men,absent,Michel Dornbusch,3.0,0.0,1.0,0.0,absent,false,finished,False
CH12:atp:2014/321/qs013:MG54,CH12,Jan Choinski,Stuttgart,250,2014-07-07,Q2,Yann,Marti,2-6 7-6(4) 2-6,Tour qualifying,2014,linked,5664174,1404651600.0,"Stuttgart, Germany, Qualifying",ATP,Qualification,Yann Marti,3.0,1.0,1.0,0.0,absent,false,finished,False
CH12:atp:2014/321/qs026:E243,CH12,Jan Choinski,Stuttgart,250,2014-07-07,Q1,David,Estruch,6-3 6-3,Tour qualifying,2014,linked,5663382,1404569400.0,"Stuttgart, Germany, Qualifying",ATP,Qualification,D. Estruch Mano,1.0,1.0,1.0,0.0,absent,false,finished,False
CH12:atp:2014/551/ms031:T911,CH12,Jan Choinski,Germany F8,FU,2014-07-14,R32,Peter,Torebko,2-6 1-6,ITF main draw,2014,linked,5709246,1405438200.0,"Germany F8, Singles",ITF Men,absent,Peter Torebko,3.0,0.0,1.0,0.0,1,false,finished,True
CH12:atp:2014/488/ms022:MM51,CH12,Jan Choinski,Germany F9,FU,2014-07-21,R32,Kim,Moellers,6-3 4-6 1-3,ITF main draw,2014,linked,5752630,1406121900.0,"Germany F9, Singles",ITF Men,absent,Kim Moellers,3.0,0.0,1.0,0.0,1,false,finished,True
CH12:atp:2014/205/ms006:K760,CH12,Jan Choinski,Germany F10,FU,2014-07-28,QF,Evgeny,Korolev,3-6 5-7,ITF main draw,2014,linked,5796938,1406804400.0,"Germany F10, Singles",ITF Men,absent,Evgeny Korolev,3.0,0.0,1.0,0.0,2,false,finished,True
CH12:atp:2014/205/ms012:TB79,CH12,Jan Choinski,Germany F10,FU,2014-07-28,R16,Maxime,Tchoutakian,7-5 6-4,ITF main draw,2014,linked,5791846,1406728800.0,"Germany F10, Singles",ITF Men,absent,Maxime Tchoutakian,3.0,0.0,1.0,0.0,1,false,finished,True
CH12:atp:2014/205/ms025:PB97,CH12,Jan Choinski,Germany F10,FU,2014-07-28,R32,Andrei,Plotniy,6-1 6-2,ITF main draw,2014,linked,5784346,1406642100.0,"Germany F10, Singles",ITF Men,absent,Andrei Plotniy,3.0,0.0,1.0,0.0,1,false,finished,True
CH12:atp:2014/232/ms001:H997,CH12,Jan Choinski,Germany F12,FU,2014-08-11,F,Yannick,Hanfmann,5-7 1-6,ITF main draw,2014,linked,5881628,1408273200.0,"Germany F12, Singles",ITF Men,absent,Yannick Hanfmann,3.0,0.0,1.0,0.0,1,false,finished,True
CH12:atp:2014/232/ms003:HB31,CH12,Jan Choinski,Germany F12,FU,2014-08-11,SF,Johannes,Haerteis,7-6(5) 6-0,ITF main draw,2014,linked,5878842,1408186800.0,"Germany F12, Singles",ITF Men,absent,Johannes Haerteis,3.0,0.0,1.0,0.0,1,false,finished,True
CH12:atp:2014/232/ms006:LA01,CH12,Jan Choinski,Germany F12,FU,2014-08-11,QF,Marko,Lenz,4-6 6-1 7-5,ITF main draw,2014,linked,5873082,1408107600.0,"Germany F12, Singles",ITF Men,absent,Marko Lenz,3.0,0.0,1.0,0.0,absent,false,finished,False
CH12:atp:2014/232/ms013:W725,CH12,Jan Choinski,Germany F12,FU,2014-08-11,R16,Paul,Woerner,6-3 5-7 6-3,ITF main draw,2014,linked,5864664,1408030500.0,"Germany F12, Singles",ITF Men,absent,Paul Woerner,3.0,0.0,1.0,0.0,1,false,finished,True
CH12:atp:2014/232/ms026:GC03,CH12,Jan Choinski,Germany F12,FU,2014-08-11,R32,Teri,Groll,6-4 6-1,ITF main draw,2014,linked,5855284,1407847800.0,"Germany F12, Singles",ITF Men,absent,Teri Groll,3.0,0.0,1.0,0.0,1,false,finished,True
CH12:atp:2014/7111/ms001:CG32,CH12,Jan Choinski,Belgium F12,FU,2014-08-18,F,Julien,Cagnina,3-6 6-4 7-6(3),ITF main draw,2014,linked,5937464,1408806000.0,"Belgium F12, Singles",ITF Men,absent,Julien Cagnina,3.0,0.0,1.0,0.0,1,false,finished,True
CH12:atp:2014/7111/ms003:SS61,CH12,Jan Choinski,Belgium F12,FU,2014-08-18,SF,Omar,Salman,7-6(4) 6-1,ITF main draw,2014,linked,5930296,1408714200.0,"Belgium F12, Singles",ITF Men,absent,Omar Salman,3.0,0.0,1.0,0.0,2,false,finished,True
CH12:atp:2014/7111/ms006:GC98,CH12,Jan Choinski,Belgium F12,FU,2014-08-18,QF,Juan Matias,Gonzalez Carrasco,7-6(5) 7-6(2),ITF main draw,2014,linked,5919044,1408631700.0,"Belgium F12, Singles",ITF Men,absent,J. Gonzalez Carrasco,1.0,0.0,1.0,0.0,2,false,finished,True
CH12:atp:2014/7111/ms013:PF36,CH12,Jan Choinski,Belgium F12,FU,2014-08-18,R16,David,Perez Sanz,6-4 6-2,ITF main draw,2014,linked,5909830,1408545000.0,"Belgium F12, Singles",ITF Men,absent,David Perez Sanz,3.0,0.0,1.0,0.0,2,false,finished,True
CH12:atp:2014/7111/ms026:TG55,CH12,Jan Choinski,Belgium F12,FU,2014-08-18,R32,Lucas,Trentin,6-1 6-2,ITF main draw,2014,linked,5899356,1408458900.0,"Belgium F12, Singles",ITF Men,absent,Lucas Trentin,3.0,0.0,1.0,0.0,1,false,finished,True
CH12:atp:2014/3628/ms022:MA38,CH12,Jan Choinski,Trnava,CH,2014-09-15,R32,Jan,Mertl,1-6 0-6,Challenger main draw,2014,linked,6074362,1410854400.0,"Trnava, Slovakia",Challenger,1/16-finals (R32),Jan Mertl,3.0,0.0,1.0,0.0,absent,false,finished,False
CH12:atp:2014/4085/ms016:N670,CH12,Jan Choinski,France F20,FU,2014-09-22,R32,Hugo,Nys,3-6 7-6(5) 5-7,ITF main draw,2014,linked,6128832,1411488000.0,"France F20, Singles",ITF Men,absent,Hugo Nys,3.0,0.0,1.0,0.0,1,false,finished,True
CH12:atp:2014/2136/ms014:F762,CH12,Jan Choinski,Germany F14,FU,2014-09-29,R16,Florian,Fallert,5-7 4-6,ITF main draw,2014,unobserved,,,,,,,,,,,,,,False
CH12:atp:2014/2136/ms029:HB04,CH12,Jan Choinski,Germany F14,FU,2014-09-29,R32,Christian,Hirschmueller,6-3 6-3,ITF main draw,2014,unobserved,,,,,,,,,,,,,,False
CH12:atp:2014/2139/ms009:KC51,CH12,Jan Choinski,Germany F15,FU,2014-10-06,R16,Peter,Kobelt,6-4 2-6 6-7(6),ITF main draw,2014,unobserved,,,,,,,,,,,,,,False
CH12:atp:2014/2139/ms018:N824,CH12,Jan Choinski,Germany F15,FU,2014-10-06,R32,Pavel,Nejedly,7-5 6-2,ITF main draw,2014,unobserved,,,,,,,,,,,,,,False
CH12:atp:2014/2140/ms022:W655,CH12,Jan Choinski,Germany F16,FU,2014-10-13,R32,Matthias,Wunner,4-6 2-6,ITF main draw,2014,unobserved,,,,,,,,,,,,,,False
CH12:atp:2014/6668/ms025:MM56,CH12,Jan Choinski,Turkey F40,FU,2014-11-10,R32,Denys,Mylokostov,4-6 6-1 3-6,ITF main draw,2014,unobserved,,,,,,,,,,,,,,False
CH12:atp:2014/6676/ms002:RB00,CH12,Jan Choinski,Turkey F41,FU,2014-11-17,SF,Ricardo,Rodriguez - Pace,6-7(5) 6-7(4),ITF main draw,2014,linked,6440715,1416652800.0,"Turkey F41, Singles",ITF Men,absent,Ricardo Rodríguez-Pace,3.0,0.0,1.0,0.0,1,false,finished,True
CH12:atp:2014/6676/ms005:CH05,CH12,Jan Choinski,Turkey F41,FU,2014-11-17,QF,Altug,Celikbilek,6-2 1-6 6-4,ITF main draw,2014,linked,6438143,1416555000.0,"Turkey F41, Singles",ITF Men,absent,Altug Celikbilek,3.0,0.0,1.0,0.0,1,false,finished,True
CH12:atp:2014/6676/ms010:V600,CH12,Jan Choinski,Turkey F41,FU,2014-11-17,R16,Tucker,Vorster,6-4 7-6(7) 6-3,ITF main draw,2014,linked,6434495,1416470400.0,"Turkey F41, Singles",ITF Men,absent,Tucker Vorster,3.0,0.0,1.0,0.0,1,false,finished,True
CH12:atp:2014/6676/ms021:GJ37,CH12,Jan Choinski,Turkey F41,FU,2014-11-17,R32,Tallon,Griekspoor,6-3 6-4,ITF main draw,2014,unobserved,,,,,,,,,,,,,,False
CH12:atp:2014/6677/ms000:V600,CH12,Jan Choinski,Turkey F42,FU,2014-11-24,R32,Tucker,Vorster,1-6 1-6,ITF main draw,2014,linked,6458599,1416992400.0,"Turkey F42, Singles",ITF Men,absent,Tucker Vorster,3.0,0.0,1.0,0.0,2,false,finished,True
CH12:atp:2015/114/ms000:AE14,CH12,Jan Choinski,Germany F1,FU,2015-01-05,R32,Daniel,Altmaier,7-5 7-6(3),ITF main draw,2015,linked,6576346,1420534800.0,"Germany F1, Singles",ITF Men,absent,Daniel Altmaier,3.0,0.0,1.0,0.0,2,false,finished,True
CH12:atp:2015/114/ms000:I236,CH12,Jan Choinski,Germany F1,FU,2015-01-05,R16,Uladzimir,Ignatik,6-4 4-6 4-6,ITF main draw,2015,linked,6577366,1420729200.0,"Germany F1, Singles",ITF Men,absent,Uladzimir Ignatik,3.0,0.0,1.0,0.0,1,false,finished,True
CH12:atp:2015/120/ms000:H844,CH12,Jan Choinski,Germany F2,FU,2015-01-12,R32,Pirmin,Haenle,6-4 4-6 6-7(5),ITF main draw,2015,linked,6582130,1421238900.0,"Germany F2, Singles",ITF Men,absent,Pirmin Haenle,3.0,0.0,1.0,0.0,2,false,finished,True
CH12:atp:2015/179/ms000:I236,CH12,Jan Choinski,Germany F3,FU,2015-01-19,R32,Uladzimir,Ignatik,4-6 7-6(4) 3-6,ITF main draw,2015,linked,6658495,1421847300.0,"Germany F3, Singles",ITF Men,absent,Uladzimir Ignatik,3.0,0.0,1.0,0.0,absent,false,finished,False
CH12:atp:2015/3477/ms000:MM66,CH12,Jan Choinski,Turkey F4,FU,2015-01-26,R32,Nikola,Milojevic,2-6 0-6,ITF main draw,2015,linked,6664676,1422352200.0,"Turkey F4, Singles",ITF Men,absent,Nikola Milojevic,3.0,0.0,1.0,0.0,1,false,finished,True
CH12:atp:2015/3625/ms000:RA24,CH12,Jan Choinski,Turkey F5,FU,2015-02-02,R32,Ruan,Roelofse,5-7 5-7,ITF main draw,2015,linked,6670026,1422954300.0,"Turkey F5, Singles",ITF Men,absent,Ruan Roelofse,3.0,0.0,1.0,0.0,2,false,finished,True
CH12:atp:2015/265/ms031:MG08,CH12,Jan Choinski,France F4,FU,2015-03-02,R32,Yannick,Mertens,2-6 1-6,ITF main draw,2015,linked,6692374,1425319800.0,"France F4, Singles",ITF Men,absent,Yannick Mertens,3.0,0.0,1.0,0.0,2,false,finished,True
CH12:atp:2015/180/ms017:AC55,CH12,Jan Choinski,Great Britain F4,FU,2015-03-16,R32,Sander,Arends,3-6 6-4 5-7,ITF main draw,2015,linked,6704801,1426602900.0,"Great Britain F4, Singles",ITF Men,absent,Sander Arends,3.0,0.0,1.0,0.0,2,false,finished,True
CH12:atp:2015/522/ms003:CB14,CH12,Jan Choinski,Great Britain F5,FU,2015-03-23,SF,Daniel,Cox,1-6 6-7(4),ITF main draw,2015,unobserved,,,,,,,,,,,,,,False
CH12:atp:2015/522/ms007:F751,CH12,Jan Choinski,Great Britain F5,FU,2015-03-23,QF,Tom,Farquharson,6-1 3-6 6-3,ITF main draw,2015,unobserved,,,,,,,,,,,,,,False
CH12:atp:2015/522/ms014:BK05,CH12,Jan Choinski,Great Britain F5,FU,2015-03-23,R16,Luke,Bambridge,1-6 6-4 7-6(2),ITF main draw,2015,unobserved,,,,,,,,,,,,,,False
CH12:atp:2015/522/ms029:CG82,CH12,Jan Choinski,Great Britain F5,FU,2015-03-23,R32,Robert,Carter,1-6 6-2 6-2,ITF main draw,2015,unobserved,,,,,,,,,,,,,,False
CH12:atp:2015/308/qs025:BC72,CH12,Jan Choinski,Munich,250,2015-04-27,Q1,Daniel,Brands,6-7(3) 3-6,Tour qualifying,2015,unobserved,,,,,,,,,,,,,,False
CH12:atp:2015/349/ms008:DA31,CH12,Jan Choinski,Sweden F2,FU,2015-05-04,R16,Hugo,Dellien,6-2 2-6 4-6,ITF main draw,2015,unobserved,,,,,,,,,,,,,,False
CH12:atp:2015/349/ms017:BH94,CH12,Jan Choinski,Sweden F2,FU,2015-05-04,R32,Tobias,Blomgren,6-0,ITF main draw,2015,unobserved,,,,,,,,,,,,,,False
CH12:atp:2015/460/ms018:CA99,CH12,Jan Choinski,Heilbronn,CH,2015-05-11,R32,Marius,Copil,6-7(6) 5-7,Challenger main draw,2015,unobserved,,,,,,,,,,,,,,False
CH12:atp:2015/805/ms007:MF78,CH12,Jan Choinski,Czech Republic F2,FU,2015-05-18,QF,Marek,Michalicka,4-6 7-6(1) 3-6,ITF main draw,2015,linked,6749242,1432285200.0,"Czech Republic F2, Singles",ITF Men,absent,M. Michalička,1.0,0.0,1.0,0.0,1,false,finished,True
CH12:atp:2015/805/ms014:W715,CH12,Jan Choinski,Czech Republic F2,FU,2015-05-18,R16,Hannes,Wagner,6-1 6-2,ITF main draw,2015,linked,6748815,1432205700.0,"Czech Republic F2, Singles",ITF Men,absent,Hannes Wagner,3.0,0.0,1.0,0.0,2,false,finished,True
CH12:atp:2015/805/ms028:HH22,CH12,Jan Choinski,Czech Republic F2,FU,2015-05-18,R32,Milan,Habrman,7-5 6-4,ITF main draw,2015,linked,6747439,1432035900.0,"Czech Republic F2, Singles",ITF Men,absent,Milan Habrman,3.0,0.0,1.0,0.0,2,false,finished,True
CH12:atp:2015/829/ms002:SE78,CH12,Jan Choinski,Czech Republic F3,FU,2015-05-25,SF,Adrian,Sikora,3-6 6-7(3),ITF main draw,2015,linked,6753608,1432981500.0,"Czech Republic F3, Singles",ITF Men,absent,Adrian Sikora,3.0,0.0,1.0,0.0,2,false,finished,True
CH12:atp:2015/829/ms005:MF78,CH12,Jan Choinski,Czech Republic F3,FU,2015-05-25,QF,Marek,Michalicka,6-3 6-4,ITF main draw,2015,linked,6753340,1432894500.0,"Czech Republic F3, Singles",ITF Men,absent,M. Michalička,1.0,0.0,1.0,0.0,1,false,finished,True
CH12:atp:2015/829/ms011:MI33,CH12,Jan Choinski,Czech Republic F3,FU,2015-05-25,R16,Petr,Michnev,7-6(2) 7-6(5),ITF main draw,2015,linked,6752788,1432809000.0,"Czech Republic F3, Singles",ITF Men,absent,Petr Michnev,3.0,0.0,1.0,0.0,2,false,finished,True
CH12:atp:2015/829/ms023:HH36,CH12,Jan Choinski,Czech Republic F3,FU,2015-05-25,R32,Petr,Hajek,6-3 6-1,ITF main draw,2015,linked,6751552,1432630800.0,"Czech Republic F3, Singles",ITF Men,absent,P. Hájek,1.0,0.0,1.0,0.0,2,false,finished,True
CH12:atp:2015/396/qs009:E678,CH12,Jan Choinski,Furth,CH,2015-06-01,Q2,Jonathan,Eysseric,3-6 1-6,Challenger qualifying,2015,absent,,,,,,,,,,,,,,False
CH12:atp:2015/396/qs018:PG10,CH12,Jan Choinski,Furth,CH,2015-06-01,Q1,Janis,Podzus,6-2 6-0,Challenger qualifying,2015,absent,,,,,,,,,,,,,,False
CH12:atp:2015/321/qs011:B678,CH12,Jan Choinski,Stuttgart,250,2015-06-08,Q2,Michael,Berrer,1-6 6-7(2),Tour qualifying,2015,linked,6758739,1433674800.0,"Stuttgart, Germany, Qualifying",ATP,Qualification,Michael Berrer,3.0,1.0,1.0,0.0,1,false,finished,True
CH12:atp:2015/321/qs022:KB43,CH12,Jan Choinski,Stuttgart,250,2015-06-08,Q1,Robin,Kern,6-0 4-0,Tour qualifying,2015,linked,6758366,1433590200.0,"Stuttgart, Germany, Qualifying",ATP,Qualification,Robin Kern,3.0,1.0,1.0,0.0,absent,false,finished,False
CH12:atp:2015/795/ms009:W586,CH12,Jan Choinski,Netherlands F1,FU,2015-06-15,R16,Jean-Marc,Werner,4-6 6-2 2-6,ITF main draw,2015,linked,6770016,1434629700.0,"Netherlands F1, Singles",ITF Men,absent,Jean-Marc Werner,3.0,0.0,1.0,0.0,1,false,finished,True
CH12:atp:2015/795/ms018:VA27,CH12,Jan Choinski,Netherlands F1,FU,2015-06-15,R32,Mick,Veldheer,6-0 6-4,ITF main draw,2015,linked,6767661,1434531600.0,"Netherlands F1, Singles",ITF Men,absent,Mick Veldheer,3.0,0.0,1.0,0.0,2,false,finished,True
CH12:atp:2015/4066/ms004:N661,CH12,Jan Choinski,Belgium F3,FU,2015-06-22,QF,Marvin,Netuschil,4-6 4-6,ITF main draw,2015,linked,6781314,1435237200.0,"Belgium F3, Singles",ITF Men,absent,Marvin Netuschil,3.0,0.0,1.0,0.0,2,false,finished,True
CH12:atp:2015/4066/ms009:DH45,CH12,Jan Choinski,Belgium F3,FU,2015-06-22,R16,Nicolas,De Plaen,6-2 6-1,ITF main draw,2015,linked,6779216,1435132800.0,"Belgium F3, Singles",ITF Men,absent,N. De Plaen,1.0,0.0,1.0,0.0,2,false,finished,True
CH12:atp:2015/4066/ms019:MN85,CH12,Jan Choinski,Belgium F3,FU,2015-06-22,R32,Tristan,Meraut,6-2 6-2,ITF main draw,2015,linked,6777266,1435046400.0,"Belgium F3, Singles",ITF Men,absent,Tristan Meraut,3.0,0.0,1.0,0.0,1,false,finished,True
CH12:atp:2015/6156/ms023:CA33,CH12,Jan Choinski,Marburg,CH,2015-06-29,R32,Inigo,Cervantes,3-6 4-6,Challenger main draw,2015,linked,6785632,1435654800.0,"Marburg, Germany",Challenger,1/16-finals (R32),Inigo Cervantes,3.0,0.0,1.0,0.0,absent,false,finished,False
CH12:atp:2015/572/ms012:Z349,CH12,Jan Choinski,Germany F7,FU,2015-07-13,R16,Anton,Zaitcev,6-3 3-6 2-6,ITF main draw,2015,unobserved,,,,,,,,,,,,,,False
CH12:atp:2015/572/ms025:PL54,CH12,Jan Choinski,Germany F7,FU,2015-07-13,R32,Bjoern,Petersen,6-4 6-4,ITF main draw,2015,linked,6807956,1436950800.0,"Germany F7, Singles",ITF Men,absent,Bjoern Petersen,3.0,0.0,1.0,0.0,2,false,finished,True
CH12:atp:2015/551/ms001:N663,CH12,Jan Choinski,Germany F8,FU,2015-07-20,F,Maximilian,Neuchrist,7-6(5) 4-6 3-6,ITF main draw,2015,unobserved,,,,,,,,,,,,,,False
CH12:atp:2015/551/ms002:F591,CH12,Jan Choinski,Germany F8,FU,2015-07-20,SF,Matteo,Fago,6-2 6-1,ITF main draw,2015,unobserved,,,,,,,,,,,,,,False
CH12:atp:2015/551/ms004:V691,CH12,Jan Choinski,Germany F8,FU,2015-07-20,QF,George,Von Massow,6-4 6-1,ITF main draw,2015,unobserved,,,,,,,,,,,,,,False
CH12:atp:2015/551/ms009:O456,CH12,Jan Choinski,Germany F8,FU,2015-07-20,R16,Julian,Onken,7-6(0) 6-2,ITF main draw,2015,unobserved,,,,,,,,,,,,,,False
CH12:atp:2015/551/ms019:PB97,CH12,Jan Choinski,Germany F8,FU,2015-07-20,R32,Andrei,Plotniy,6-2 6-1,ITF main draw,2015,unobserved,,,,,,,,,,,,,,False
CH12:atp:2015/488/ms013:V691,CH12,Jan Choinski,Germany F9,FU,2015-07-27,R16,George,Von Massow,3-6 5-7,ITF main draw,2015,unobserved,,,,,,,,,,,,,,False
CH12:atp:2015/488/ms027:DB61,CH12,Jan Choinski,Germany F9,FU,2015-07-27,R32,Pavle,Daljev,6-2 6-1,ITF main draw,2015,unobserved,,,,,,,,,,,,,,False
CH12:atp:2015/205/ms001:DA31,CH12,Jan Choinski,Germany F10,FU,2015-08-03,F,Hugo,Dellien,3-6 3-6,ITF main draw,2015,linked,6849304,1439039700.0,"Germany F10, Singles",ITF Men,Final,Hugo Dellien,3.0,2.0,1.0,0.0,absent,false,finished,False
CH12:atp:2015/205/ms003:L996,CH12,Jan Choinski,Germany F10,FU,2015-08-03,SF,Juan,Lizariturry,4-6 6-4 6-0,ITF main draw,2015,linked,6848246,1438945200.0,"Germany F10, Singles",ITF Men,Semifinals,Juan Lizariturry,3.0,2.0,1.0,0.0,2,false,finished,True
CH12:atp:2015/205/ms006:A725,CH12,Jan Choinski,Germany F10,FU,2015-08-03,QF,Vadim,Alekseenko,6-3 6-1,ITF main draw,2015,unobserved,,,,,,,,,,,,,,False
CH12:atp:2015/205/ms012:O484,CH12,Jan Choinski,Germany F10,FU,2015-08-03,R16,Adrian,Obert,6-3 6-2,ITF main draw,2015,unobserved,,,,,,,,,,,,,,False
CH12:atp:2015/205/ms024:WB25,CH12,Jan Choinski,Germany F10,FU,2015-08-03,R32,Louis,Wessels,7-6(5) 6-3,ITF main draw,2015,unobserved,,,,,,,,,,,,,,False
CH12:atp:2015/6876/ms006:BL05,CH12,Jan Choinski,Belgium F10,FU,2015-08-10,QF,Romain,Barbosa,2-6 6-7(1),ITF main draw,2015,linked,6858247,1439560200.0,"Belgium F10, Singles",ITF Men,Quarterfinals,Romain Barbosa,3.0,2.0,1.0,0.0,2,false,finished,True
CH12:atp:2015/6876/ms013:O482,CH12,Jan Choinski,Belgium F10,FU,2015-08-10,R16,Gonzalo,Oliveira,2-6 6-2 6-2,ITF main draw,2015,linked,6856761,1439452800.0,"Belgium F10, Singles",ITF Men,1/8-finals (R16),Gonçalo Oliveira,1.0,0.0,1.0,0.0,2,false,finished,True
CH12:atp:2015/6876/ms027:BP62,CH12,Jan Choinski,Belgium F10,FU,2015-08-10,R32,Dennis,Bogaert,6-3 7-6(5),ITF main draw,2015,linked,6854510,1439301600.0,"Belgium F10, Singles",ITF Men,1/16-finals (R32),Dennis Bogaert,3.0,0.0,1.0,0.0,1,false,finished,True
CH12:atp:2015/1698/ms028:H997,CH12,Jan Choinski,Netherlands F5,FU,2015-08-17,R32,Yannick,Hanfmann,2-6 1-6,ITF main draw,2015,linked,6866150,1439971200.0,"Netherlands F5, Singles",ITF Men,1/16-finals (R32),Yannick Hanfmann,3.0,0.0,1.0,0.0,1,false,finished,True
CH12:atp:2015/6201/ms004:MH16,CH12,Jan Choinski,Netherlands F6,FU,2015-08-24,QF,Yannick,Maden,3-6 2-6,ITF main draw,2015,linked,6874079,1440748800.0,"Netherlands F6, Singles",ITF Men,Quarterfinals,Yannick Maden,3.0,2.0,1.0,0.0,2,false,finished,True
CH12:atp:2015/6201/ms008:CD00,CH12,Jan Choinski,Netherlands F6,FU,2015-08-24,R16,Maxime,Chazal,2-2,ITF main draw,2015,linked,6872588,1440671100.0,"Netherlands F6, Singles",ITF Men,1/8-finals (R16),Maxime Chazal,3.0,0.0,1.0,0.0,absent,false,finished,False
CH12:atp:2015/6201/ms017:V750,CH12,Jan Choinski,Netherlands F6,FU,2015-08-24,R32,Colin,Van Beem,6-0 6-2,ITF main draw,2015,linked,6870969,1440512700.0,"Netherlands F6, Singles",ITF Men,1/16-finals (R32),C. Van Beem,1.0,0.0,1.0,0.0,2,false,finished,True
CH12:atp:2015/812/ms012:H997,CH12,Jan Choinski,France F18,FU,2015-09-14,R16,Yannick,Hanfmann,4-6 6-2 3-6,ITF main draw,2015,linked,6902289,1442413800.0,"France F18, Singles",ITF Men,1/8-finals (R16),Yannick Hanfmann,3.0,0.0,1.0,0.0,2,false,finished,True
CH12:atp:2015/812/ms024:PL93,CH12,Jan Choinski,France F18,FU,2015-09-14,R32,Nino,Portales,6-3 6-3,ITF main draw,2015,linked,6901151,1442305800.0,"France F18, Singles",ITF Men,1/16-finals (R32),Nino Portales,3.0,0.0,1.0,0.0,2,false,finished,True
CH12:atp:2015/813/ms002:A789,CH12,Jan Choinski,France F19,FU,2015-09-21,SF,Maxime,Authom,6-2 4-6 4-6,ITF main draw,2015,unobserved,,,,,,,,,,,,,,False
CH12:atp:2015/813/ms005:V886,CH12,Jan Choinski,France F19,FU,2015-09-21,QF,Pablo,Vivero Gonzalez,6-3 7-6(4),ITF main draw,2015,linked,6913179,1443182400.0,"France F19, Singles",ITF Men,Quarterfinals,P. Vivero González,1.0,2.0,1.0,0.0,2,false,finished,True
CH12:atp:2015/813/ms011:AC55,CH12,Jan Choinski,France F19,FU,2015-09-21,R16,Sander,Arends,6-0 6-3,ITF main draw,2015,linked,6909425,1443002400.0,"France F19, Singles",ITF Men,1/8-finals (R16),Sander Arends,3.0,0.0,1.0,0.0,2,false,finished,True
CH12:atp:2015/813/ms023:RH54,CH12,Jan Choinski,France F19,FU,2015-09-21,R32,Rayane,Roumane,3-6 6-1 6-0,ITF main draw,2015,linked,6909020,1442921400.0,"France F19, Singles",ITF Men,1/16-finals (R32),Rayane Roumane,3.0,0.0,1.0,0.0,1,false,finished,True
CH12:atp:2015/4085/ms001:HH26,CH12,Jan Choinski,France F20,FU,2015-09-28,F,Ugo,Humbert,6-3 7-6(2),ITF main draw,2015,unobserved,,,,,,,,,,,,,,False
CH12:atp:2015/4085/ms003:GF95,CH12,Jan Choinski,France F20,FU,2015-09-28,SF,Hugo,Grenier,6-2 6-3,ITF main draw,2015,unobserved,,,,,,,,,,,,,,False
CH12:atp:2015/4085/ms006:CN78,CH12,Jan Choinski,France F20,FU,2015-09-28,QF,Lucas,Catarina,6-2 6-0,ITF main draw,2015,unobserved,,,,,,,,,,,,,,False
CH12:atp:2015/4085/ms013:WA94,CH12,Jan Choinski,France F20,FU,2015-09-28,R16,Till,Wegner,6-4 6-2,ITF main draw,2015,unobserved,,,,,,,,,,,,,,False
CH12:atp:2015/4085/ms027:LC13,CH12,Jan Choinski,France F20,FU,2015-09-28,R32,Thomas,Le Boulch,3-6 6-4 7-5,ITF main draw,2015,unobserved,,,,,,,,,,,,,,False
CH12:atp:2015/2139/ms001:MJ71,CH12,Jan Choinski,Germany F15,FU,2015-10-05,F,Mats,Moraing,4-6 6-3 2-6,ITF main draw,2015,unobserved,,,,,,,,,,,,,,False
CH12:atp:2015/2139/ms002:K909,CH12,Jan Choinski,Germany F15,FU,2015-10-05,SF,Andriej,Kapas,6-4 6-4,ITF main draw,2015,unobserved,,,,,,,,,,,,,,False
CH12:atp:2015/2139/ms005:GC03,CH12,Jan Choinski,Germany F15,FU,2015-10-05,QF,Teri,Groll,6-4 6-4,ITF main draw,2015,unobserved,,,,,,,,,,,,,,False
CH12:atp:2015/2139/ms011:HB31,CH12,Jan Choinski,Germany F15,FU,2015-10-05,R16,Johannes,Haerteis,6-7(4) 6-1 6-2,ITF main draw,2015,unobserved,,,,,,,,,,,,,,False
CH12:atp:2015/2139/ms023:SU13,CH12,Jan Choinski,Germany F15,FU,2015-10-05,R32,Tim,Sandkaulen,6-3 6-2,ITF main draw,2015,unobserved,,,,,,,,,,,,,,False
CH12:atp:2015/7164/ms006:AD41,CH12,Jan Choinski,Norway F1,FU,2015-10-19,QF,Daniel,Appelgren,6-7(9) 3-6,ITF main draw,2015,linked,6935796,1445509200.0,"Norway F1, Singles",ITF Men,Quarterfinals,Daniel Appelgren,3.0,2.0,1.0,0.0,1,false,finished,True
CH12:atp:2015/7164/ms013:SL51,CH12,Jan Choinski,Norway F1,FU,2015-10-19,R16,Matej,Sabanov,7-5 6-3,ITF main draw,2015,linked,6935184,1445414400.0,"Norway F1, Singles",ITF Men,Round of 16,Matej Sabanov,3.0,2.0,1.0,0.0,2,false,finished,True
CH12:atp:2015/7164/ms027:W642,CH12,Jan Choinski,Norway F1,FU,2015-10-19,R32,Bartosz,Wojnar,6-1 6-4,ITF main draw,2015,linked,6932913,1445241600.0,"Norway F1, Singles",ITF Men,Round of 32,Bartosz Wojnar,3.0,2.0,1.0,0.0,1,false,finished,True
CH12:atp:2015/7188/ms003:DC76,CH12,Jan Choinski,Norway F2,FU,2015-10-26,SF,Viktor,Durasovic,1-6 5-7,ITF main draw,2015,linked,6941703,1446217200.0,"Norway F2, Singles",ITF Men,Semifinals,Viktor Durasović,3.0,2.0,1.0,0.0,2,false,finished,True
CH12:atp:2015/7188/ms006:PL54,CH12,Jan Choinski,Norway F2,FU,2015-10-26,QF,Bjoern,Petersen,4-6 6-4 6-2,ITF main draw,2015,linked,6941038,1446124500.0,"Norway F2, Singles",ITF Men,Quarterfinals,Bjoern Petersen,3.0,2.0,1.0,0.0,2,false,finished,True
CH12:atp:2015/7188/ms013:SU61,CH12,Jan Choinski,Norway F2,FU,2015-10-26,R16,Jonathan,Stenberg,6-1 6-2,ITF main draw,2015,linked,6940275,1446033300.0,"Norway F2, Singles",ITF Men,Round of 16,Jonathan Stenberg,3.0,2.0,1.0,0.0,2,false,finished,True
CH12:atp:2015/7188/ms027:GJ37,CH12,Jan Choinski,Norway F2,FU,2015-10-26,R32,Tallon,Griekspoor,5-7 6-1 2-0,ITF main draw,2015,linked,6939005,1445936400.0,"Norway F2, Singles",ITF Men,Round of 32,Tallon Griekspoor,3.0,2.0,1.0,0.0,2,false,finished,True
CH12:atp:2015/7432/ms013:MM78,CH12,Jan Choinski,Norway F3,FU,2015-11-02,R16,Jonathan,Mridha,6-7(2) 4-6,ITF main draw,2015,linked,6944609,1446632700.0,"Norway F3, Singles",ITF Men,Round of 16,Jonathan Mridha,3.0,2.0,1.0,0.0,1,false,finished,True
CH12:atp:2015/7432/ms027:F696,CH12,Jan Choinski,Norway F3,FU,2015-11-02,R32,Adrian,Forberg Skogeng,6-2 6-2,ITF main draw,2015,linked,6943676,1446558300.0,"Norway F3, Singles",ITF Men,Round of 32,A. Forberg Skogeng,1.0,2.0,1.0,0.0,2,false,finished,True
CH12:atp:2016/114/ms007:BA86,CH12,Jan Choinski,Germany F1,FU,2016-01-11,QF,Andreas,Beck,4-6 5-7,ITF main draw,2016,linked,6983702,1452876900.0,"Germany F1, Singles",ITF Men,Quarterfinals,Andreas Beck,3.0,2.0,1.0,0.0,1,false,finished,True
CH12:atp:2016/114/ms014:MH16,CH12,Jan Choinski,Germany F1,FU,2016-01-11,R16,Yannick,Maden,3-6 7-5 6-3,ITF main draw,2016,linked,6983212,1452769200.0,"Germany F1, Singles",ITF Men,Round of 16,Yannick Maden,3.0,2.0,1.0,0.0,2,false,finished,True
CH12:atp:2016/114/ms028:SU09,CH12,Jan Choinski,Germany F1,FU,2016-01-11,R32,Philipp,Scholz,6-7(4) 6-3 6-4,ITF main draw,2016,linked,6982382,1452704400.0,"Germany F1, Singles",ITF Men,Round of 32,Philipp Scholz,3.0,2.0,1.0,0.0,2,false,finished,True
CH12:atp:2016/120/ms029:V763,CH12,Jan Choinski,Germany F2,FU,2016-01-18,R32,Filip,Veger,2-6 6-4 6-7(5),ITF main draw,2016,linked,6986720,1453215600.0,"Germany F2, Singles",ITF Men,Round of 32,Filip Veger,3.0,2.0,1.0,0.0,1,false,finished,True
CH12:atp:2016/179/ms010:I236,CH12,Jan Choinski,Germany F3,FU,2016-01-25,R16,Uladzimir,Ignatik,5-7 4-6,ITF main draw,2016,linked,6992885,1453986000.0,"Germany F3, Singles",ITF Men,Round of 16,Uladzimir Ignatik,3.0,2.0,1.0,0.0,2,false,finished,True
CH12:atp:2016/179/ms021:RA82,CH12,Jan Choinski,Germany F3,FU,2016-01-25,R32,Yannik,Reuter,6-4 6-3,ITF main draw,2016,linked,6992285,1453921800.0,"Germany F3, Singles",ITF Men,Round of 32,Yannik Reuter,3.0,2.0,1.0,0.0,2,false,finished,True
CH12:atp:2016/1513/ms001:I236,CH12,Jan Choinski,Switzerland F1,FU,2016-02-08,F,Uladzimir,Ignatik,4-6 3-6,ITF main draw,2016,unobserved,,,,,,,,,,,,,,False
CH12:atp:2016/1513/ms002:I305,CH12,Jan Choinski,Switzerland F1,FU,2016-02-08,SF,Ilya,Ivashka,7-6(5) 7-6(3),ITF main draw,2016,linked,7003546,1455294600.0,"Switzerland F1, Singles",ITF Men,Semifinals,Ilya Ivashka,3.0,2.0,1.0,0.0,1,false,finished,True
CH12:atp:2016/1513/ms004:D499,CH12,Jan Choinski,Switzerland F1,FU,2016-02-08,QF,Frank,Dancevic,6-3 6-4,ITF main draw,2016,linked,7002566,1455189900.0,"Switzerland F1, Singles",ITF Men,Quarterfinals,Frank Dancevic,3.0,2.0,1.0,0.0,1,false,finished,True
CH12:atp:2016/1513/ms009:RA15,CH12,Jan Choinski,Switzerland F1,FU,2016-02-08,R16,Elie,Rousset,4-6 6-4 6-1,ITF main draw,2016,linked,7001940,1455101100.0,"Switzerland F1, Singles",ITF Men,Round of 16,Elie Rousset,3.0,2.0,1.0,0.0,2,false,finished,True
CH12:atp:2016/1513/ms018:BF27,CH12,Jan Choinski,Switzerland F1,FU,2016-02-08,R32,Adrien,Bossel,4-6 7-6(6) 6-3,ITF main draw,2016,linked,7001150,1455021600.0,"Switzerland F1, Singles",ITF Men,Round of 32,Adrien Bossel,3.0,2.0,1.0,0.0,1,false,finished,True
CH12:atp:2016/1523/ms025:N661,CH12,Jan Choinski,Switzerland F2,FU,2016-02-15,R32,Marvin,Netuschil,4-6 2-6,ITF main draw,2016,unobserved,,,,,,,,,,,,,,False
CH12:atp:2016/265/ms008:MG08,CH12,Jan Choinski,France F4,FU,2016-02-29,R16,Yannick,Mertens,4-6 1-6,ITF main draw,2016,unobserved,,,,,,,,,,,,,,False
CH12:atp:2016/265/ms017:BU54,CH12,Jan Choinski,France F4,FU,2016-02-29,R32,Geoffrey,Blancaneaux,7-5 4-6 6-3,ITF main draw,2016,unobserved,,,,,,,,,,,,,,False
CH12:atp:2016/452/ms005:MP01,CH12,Jan Choinski,U.S.A. F10,FU,2016-03-14,QF,Michael,Mmoh,4-6 4-6,ITF main draw,2016,unobserved,,,,,,,,,,,,,,False
CH12:atp:2016/452/ms010:SK69,CH12,Jan Choinski,U.S.A. F10,FU,2016-03-14,R16,Joao Pedro,Sorgi,6-1 6-4,ITF main draw,2016,unobserved,,,,,,,,,,,,,,False
CH12:atp:2016/452/ms020:MF78,CH12,Jan Choinski,U.S.A. F10,FU,2016-03-14,R32,Marek,Michalicka,6-3 7-5,ITF main draw,2016,unobserved,,,,,,,,,,,,,,False
CH12:atp:2016/454/ms029:SK69,CH12,Jan Choinski,U.S.A. F11,FU,2016-03-21,R32,Joao Pedro,Sorgi,4-6 3-6,ITF main draw,2016,unobserved,,,,,,,,,,,,,,False
CH12:atp:2016/458/ms006:H624,CH12,Jan Choinski,U.S.A. F12,FU,2016-04-04,QF,Ryan,Haviland,1-6 2-6,ITF main draw,2016,linked,7047953,1460136900.0,"USA F12, Singles",ITF Men,absent,Ryan Haviland,3.0,0.0,0.0,0.0,1,false,finished,True
CH12:atp:2016/458/ms012:MJ88,CH12,Jan Choinski,U.S.A. F12,FU,2016-04-04,R16,Felipe,Mantilla,7-5 6-2,ITF main draw,2016,linked,7047445,1460061000.0,"USA F12, Singles",ITF Men,absent,Felipe Mantilla,3.0,0.0,0.0,0.0,1,false,finished,True
CH12:atp:2016/458/ms024:TB84,CH12,Jan Choinski,U.S.A. F12,FU,2016-04-04,R32,Clay,Thompson,4-6 6-3 6-2,ITF main draw,2016,linked,7046382,1459864800.0,"USA F12, Singles",ITF Men,absent,Clay Thompson,3.0,0.0,0.0,0.0,2,false,finished,True
CH12:atp:2016/710/ms008:LA94,CH12,Jan Choinski,U.S.A. F13,FU,2016-04-11,R16,Christian,Lindell,7-6(6) 4-6 5-7,ITF main draw,2016,linked,7051865,1460646600.0,"USA F13, Singles",ITF Men,absent,Christian Lindell,3.0,0.0,0.0,0.0,1,false,finished,True
CH12:atp:2016/710/ms017:TB84,CH12,Jan Choinski,U.S.A. F13,FU,2016-04-11,R32,Clay,Thompson,6-4 6-3,ITF main draw,2016,linked,7050342,1460484000.0,"USA F13, Singles",ITF Men,absent,Clay Thompson,3.0,0.0,0.0,0.0,2,false,finished,True
CH12:atp:2016/692/qs022:PB22,CH12,Jan Choinski,Tallahassee,CH,2016-04-25,Q1,Peter,Polansky,4-6 1-6,Challenger qualifying,2016,linked,7056997,1461420000.0,"Tallahassee, USA, Qualifying",Challenger,Qualification,Peter Polansky,3.0,1.0,1.0,0.0,absent,false,finished,False
CH12:atp:2016/460/qs004:T911,CH12,Jan Choinski,Heilbronn,CH,2016-05-09,Q3,Peter,Torebko,5-7 1-4,Challenger qualifying,2016,linked,7067969,1462788000.0,"Heilbronn, Germany, Qualifying",Challenger,Qualification,Peter Torebko,3.0,1.0,1.0,0.0,absent,false,finished,False
CH12:atp:2016/460/qs009:SH77,CH12,Jan Choinski,Heilbronn,CH,2016-05-09,Q2,Artem,Smirnov,6-4 0-6 6-2,Challenger qualifying,2016,linked,7067204,1462704900.0,"Heilbronn, Germany, Qualifying",Challenger,Qualification,Artem Smirnov,3.0,1.0,1.0,0.0,absent,false,finished,False
CH12:atp:2016/460/qs018:WB25,CH12,Jan Choinski,Heilbronn,CH,2016-05-09,Q1,Louis,Wessels,7-5 6-2,Challenger qualifying,2016,linked,7066991,1462613700.0,"Heilbronn, Germany, Qualifying",Challenger,Qualification,Louis Wessels,3.0,1.0,1.0,0.0,absent,false,finished,False
CH12:atp:2016/7551/ms012:F651,CH12,Jan Choinski,Czech Republic F3,FU,2016-05-23,R16,Michal,Franek,2-6 6-0 4-6,ITF main draw,2016,linked,7077048,1464251400.0,"Czech Republic F3, Singles",ITF Men,absent,M. Franěk,1.0,0.0,1.0,0.0,1,false,finished,True
CH12:atp:2016/7551/ms024:SW51,CH12,Jan Choinski,Czech Republic F3,FU,2016-05-23,R32,Pavel,Staubert,6-3 6-2,ITF main draw,2016,linked,7076405,1464165000.0,"Czech Republic F3, Singles",ITF Men,absent,P. Štaubert,1.0,0.0,1.0,0.0,2,false,finished,True
CH12:atp:2016/396/qs021:N897,CH12,Jan Choinski,Furth,CH,2016-05-30,Q1,Sumit,Nagal,4-6 1-6,Challenger qualifying,2016,unobserved,,,,,,,,,,,,,,False
CH12:atp:2016/321/ms022:SC77,CH12,Jan Choinski,Stuttgart,250,2016-06-06,R32,Sergiy,Stakhovsky,3-6,Tour main draw,2016,unobserved,,,,,,,,,,,,,,False
CH12:atp:2016/838/ms005:GJ37,CH12,Jan Choinski,Netherlands F3,FU,2016-06-27,QF,Tallon,Griekspoor,4-6 2-6,ITF main draw,2016,unobserved,,,,,,,,,,,,,,False
CH12:atp:2016/838/ms010:BO10,CH12,Jan Choinski,Netherlands F3,FU,2016-06-27,R16,Gijs,Brouwer,6-2 6-0,ITF main draw,2016,unobserved,,,,,,,,,,,,,,False
CH12:atp:2016/838/ms020:SN86,CH12,Jan Choinski,Netherlands F3,FU,2016-06-27,R32,Moos,Sporken,6-1 6-3,ITF main draw,2016,unobserved,,,,,,,,,,,,,,False
CH12:atp:2016/2134/ms018:N663,CH12,Jan Choinski,Netherlands F4,FU,2016-07-04,R32,Maximilian,Neuchrist,4-6 4-6,ITF main draw,2016,unobserved,,,,,,,,,,,,,,False
CH12:atp:2016/572/ms011:V750,CH12,Jan Choinski,Germany F7,FU,2016-07-11,R16,Colin,Van Beem,6-7(7) 7-5 3-6,ITF main draw,2016,unobserved,,,,,,,,,,,,,,False
CH12:atp:2016/572/ms023:F762,CH12,Jan Choinski,Germany F7,FU,2016-07-11,R32,Florian,Fallert,6-1 6-4,ITF main draw,2016,unobserved,,,,,,,,,,,,,,False
CH12:atp:2016/551/ms010:H896,CH12,Jan Choinski,Germany F8,FU,2016-07-18,R16,Jose,Hernandez-Fernandez,6-7(1) 7-5 2-6,ITF main draw,2016,unobserved,,,,,,,,,,,,,,False
CH12:atp:2016/551/ms021:PE69,CH12,Jan Choinski,Germany F8,FU,2016-07-18,R32,David,Pel,6-3 6-3,ITF main draw,2016,unobserved,,,,,,,,,,,,,,False
CH12:atp:2016/488/ms026:N661,CH12,Jan Choinski,Germany F9,FU,2016-08-01,R32,Marvin,Netuschil,6-4 3-6 3-6,ITF main draw,2016,linked,7155869,1470135600.0,"Germany F9, Singles",ITF Men,absent,Marvin Netuschil,3.0,0.0,1.0,0.0,absent,false,finished,False
CH12:atp:2016/205/ms002:N661,CH12,Jan Choinski,Germany F10,FU,2016-08-08,SF,Marvin,Netuschil,3-6 4-6,ITF main draw,2016,linked,7169917,1470999600.0,"Germany F10, Singles",ITF Men,absent,Marvin Netuschil,3.0,0.0,1.0,0.0,1,false,finished,True
CH12:atp:2016/205/ms005:BH87,CH12,Jan Choinski,Germany F10,FU,2016-08-08,QF,Maverick,Banes,7-6(3),ITF main draw,2016,linked,7167738,1470919200.0,"Germany F10, Singles",ITF Men,absent,Maverick Banes,3.0,0.0,1.0,0.0,2,false,finished,True
CH12:atp:2016/205/ms011:KB43,CH12,Jan Choinski,Germany F10,FU,2016-08-08,R16,Robin,Kern,6-4 6-3,ITF main draw,2016,linked,7166695,1470827700.0,"Germany F10, Singles",ITF Men,absent,Robin Kern,3.0,0.0,1.0,0.0,2,false,finished,True
CH12:atp:2016/205/ms023:B0C5,CH12,Jan Choinski,Germany F10,FU,2016-08-08,R32,Florian,Broska,7-6(2) 6-2,ITF main draw,2016,linked,7165466,1470740400.0,"Germany F10, Singles",ITF Men,absent,Florian Broska,3.0,0.0,1.0,0.0,1,false,finished,True
CH12:atp:2016/802/ms024:N897,CH12,Jan Choinski,Poland F5,FU,2016-08-15,R32,Sumit,Nagal,4-6 5-7,ITF main draw,2016,linked,7178419,1471437900.0,"2017 Poland F5, Singles Qualifying",ITF Men,Round of 32,Sumit Nagal,3.0,0.0,1.0,0.0,2,false,finished,True
CH12:atp:2016/412/ms016:RC93,CH12,Jan Choinski,U.S.A. F28,FU,2016-09-12,R32,Martin,Redlicki,6-2 6-7(4) 4-6,ITF main draw,2016,linked,7214488,1473800400.0,"USA F28, Singles",ITF Men,absent,Martin Redlicki,3.0,0.0,0.0,0.0,1,false,finished,True
CH12:atp:2016/253/ms001:MK66,CH12,Jan Choinski,U.S.A. F29,FU,2016-09-19,F,Mackenzie,McDonald,0-6 3-6,ITF main draw,2016,linked,7233464,1474822800.0,"USA F29, Singles",ITF Men,absent,Mackenzie McDonald,3.0,0.0,0.0,0.0,1,false,finished,True
CH12:atp:2016/253/ms003:F664,CH12,Jan Choinski,U.S.A. F29,FU,2016-09-19,SF,Sebastian,Fanselow,6-4 6-4,ITF main draw,2016,linked,7232640,1474741200.0,"USA F29, Singles",ITF Men,absent,Sebastian Fanselow,3.0,0.0,0.0,0.0,2,false,finished,True
CH12:atp:2016/253/ms007:GC88,CH12,Jan Choinski,U.S.A. F29,FU,2016-09-19,QF,Marcos,Giron,6-3 5-7 6-4,ITF main draw,2016,linked,7231624,1474656000.0,"USA F29, Singles",ITF Men,absent,Marcos Giron,3.0,0.0,0.0,0.0,1,false,finished,True
CH12:atp:2016/253/ms015:RC93,CH12,Jan Choinski,U.S.A. F29,FU,2016-09-19,R16,Martin,Redlicki,7-5 4-2,ITF main draw,2016,linked,7230739,1474572600.0,"USA F29, Singles",ITF Men,absent,Martin Redlicki,3.0,0.0,0.0,0.0,2,false,finished,True
CH12:atp:2016/253/ms031:KA77,CH12,Jan Choinski,U.S.A. F29,FU,2016-09-19,R32,Shahin,Khaledan,6-3 7-6(3),ITF main draw,2016,linked,7229715,1474491000.0,"USA F29, Singles",ITF Men,absent,Shahin Khaledan,3.0,0.0,0.0,0.0,2,false,finished,True
CH12:atp:2016/1592/ms015:GB42,CH12,Jan Choinski,U.S.A. F30,FU,2016-09-26,R16,Alejandro,Gomez,4-6 4-6,ITF main draw,2016,unobserved,,,,,,,,,,,,,,False
CH12:atp:2016/1592/ms031:DA59,CH12,Jan Choinski,U.S.A. F30,FU,2016-09-26,R32,Florent,Diep,3-6 6-2 6-3,ITF main draw,2016,linked,7236260,1475079300.0,"USA F30, Singles",ITF Men,absent,Florent Diep,3.0,0.0,0.0,0.0,2,false,finished,True
CH12:atp:2016/3351/qs005:K964,CH12,Jan Choinski,Stockton,CH,2016-10-03,Q3,Brydan,Klein,7-6(6) 4-6 1-6,Challenger qualifying,2016,unobserved,,,,,,,,,,,,,,False
CH12:atp:2016/3351/qs011:LB50,CH12,Jan Choinski,Stockton,CH,2016-10-03,Q2,Mikelis,Libietis,6-1 6-3,Challenger qualifying,2016,unobserved,,,,,,,,,,,,,,False
CH12:atp:2016/3351/qs023:SU55,CH12,Jan Choinski,Stockton,CH,2016-10-03,Q1,Denis,Shapovalov,6-2 6-4,Challenger qualifying,2016,unobserved,,,,,,,,,,,,,,False
CH12:atp:2016/7339/qs027:K964,CH12,Jan Choinski,Fairfield,CH,2016-10-10,Q1,Brydan,Klein,6-7(8) 0-6,Challenger qualifying,2016,unobserved,,,,,,,,,,,,,,False
CH12:atp:2016/7645/ms011:W522,CH12,Jan Choinski,U.S.A. F33,FU,2016-10-17,R16,Rhyne,Williams,1-6 2-6,ITF main draw,2016,unobserved,,,,,,,,,,,,,,False
CH12:atp:2016/7645/ms023:S0B2,CH12,Jan Choinski,U.S.A. F33,FU,2016-10-17,R32,Timothy,Sah,6-2 6-2,ITF main draw,2016,unobserved,,,,,,,,,,,,,,False
CH12:atp:2016/7654/ms012:GE03,CH12,Jan Choinski,U.S.A. F34,FU,2016-10-24,R16,Andre,Goransson,2-6 7-6(3) 4-6,ITF main draw,2016,unobserved,,,,,,,,,,,,,,False
CH12:atp:2016/7654/ms025:M0CS,CH12,Jan Choinski,U.S.A. F34,FU,2016-10-24,R32,Gunther,Matta,6-1 6-2,ITF main draw,2016,unobserved,,,,,,,,,,,,,,False
CH12:atp:2017/114/ms005:KD87,CH12,Jan Choinski,Germany F1,FU,2017-01-09,QF,Evgeny,Karlovskiy,5-7 2-6,ITF main draw,2017,linked,7312174,1484308800.0,"Germany F1, Singles",ITF Men,absent,Evgeny Karlovskiy,3.0,0.0,1.0,0.0,absent,false,finished,False
CH12:atp:2017/114/ms011:R931,CH12,Jan Choinski,Germany F1,FU,2017-01-09,R16,Patrik,Rosenholm,6-2 6-3,ITF main draw,2017,linked,7311675,1484227200.0,"Germany F1, Singles",ITF Men,absent,Patrik Rosenholm,3.0,0.0,1.0,0.0,2,false,finished,True
CH12:atp:2017/114/ms022:H844,CH12,Jan Choinski,Germany F1,FU,2017-01-09,R32,Pirmin,Haenle,6-1 6-2,ITF main draw,2017,unobserved,,,,,,,,,,,,,,False
CH12:atp:2017/7652/ms025:BC72,CH12,Jan Choinski,Koblenz,CH,2017-01-16,R32,Daniel,Brands,3-6 5-7,Challenger main draw,2017,linked,7314359,1484679600.0,"Koblenz, Germany",Challenger,Round of 32,Daniel Brands,3.0,2.0,1.0,0.0,absent,false,finished,False
CH12:atp:2017/738/ms007:V717,CH12,Jan Choinski,Germany F3,FU,2017-01-23,QF,Alexey,Vatutin,0-6 3-6,ITF main draw,2017,linked,7322588,1485523800.0,"Germany F3, Singles",ITF Men,absent,Alexey Vatutin,3.0,0.0,1.0,0.0,1,false,finished,True
CH12:atp:2017/738/ms015:GA71,CH12,Jan Choinski,Germany F3,FU,2017-01-23,R16,Laurynas,Grigelis,6-4 7-5,ITF main draw,2017,linked,7321897,1485442200.0,"Germany F3, Singles",ITF Men,absent,Laurynas Grigelis,3.0,0.0,1.0,0.0,1,false,finished,True
CH12:atp:2017/738/ms030:E811,CH12,Jan Choinski,Germany F3,FU,2017-01-23,R32,Elmar,Ejupovic,6-3 6-3,ITF main draw,2017,linked,7321205,1485360000.0,"Germany F3, Singles",ITF Men,absent,Elmar Ejupovic,3.0,0.0,1.0,0.0,2,false,finished,True
CH12:atp:2017/238/ms023:DF92,CH12,Jan Choinski,U.S.A. F8,FU,2017-02-20,R32,Corentin,Denolly,2-6 7-6(2) 5-7,ITF main draw,2017,linked,7343283,1487692800.0,"USA F8, Singles",ITF Men,absent,Corentin Denolly,3.0,0.0,0.0,0.0,2,false,finished,True
CH12:atp:2017/431/ms013:PL56,CH12,Jan Choinski,U.S.A. F9,FU,2017-02-27,R16,Tommy,Paul,6-1 1-6 6-7(4),ITF main draw,2017,linked,7349460,1488478800.0,"USA F9, Singles",ITF Men,absent,Tommy Paul,3.0,0.0,0.0,0.0,2,false,finished,True
CH12:atp:2017/431/ms026:N763,CH12,Jan Choinski,U.S.A. F9,FU,2017-02-27,R32,Daniel,Nolan,6-2 6-3,ITF main draw,2017,linked,7348388,1488303000.0,"USA F9, Singles",ITF Men,absent,Daniel Nolan,3.0,0.0,0.0,0.0,1,false,finished,True
CH12:atp:2017/452/ms008:CG33,CH12,Jan Choinski,U.S.A. F10,FU,2017-03-13,R16,Kimmer,Coppejans,4-6 3-6,ITF main draw,2017,linked,7362613,1489715100.0,"USA F10, Singles",ITF Men,absent,Kimmer Coppejans,3.0,0.0,0.0,0.0,absent,false,finished,False
CH12:atp:2017/452/ms017:WB27,CH12,Jan Choinski,U.S.A. F10,FU,2017-03-13,R32,Jarryd,Woog,6-3 6-1,ITF main draw,2017,linked,7359891,1489543500.0,"USA F10, Singles",ITF Men,absent,Jarryd Woog,3.0,0.0,0.0,0.0,1,false,finished,True
CH12:atp:2017/454/ms014:KA98,CH12,Jan Choinski,U.S.A. F11,FU,2017-03-20,R16,Bradley,Klahn,3-6 6-3 3-6,ITF main draw,2017,linked,7368716,1490297700.0,"USA F11, Singles",ITF Men,absent,Bradley Klahn,3.0,0.0,0.0,0.0,1,false,finished,True
CH12:atp:2017/454/ms028:TA04,CH12,Jan Choinski,U.S.A. F11,FU,2017-03-20,R32,Finn,Tearney,7-5 6-7(4) 7-6(4),ITF main draw,2017,linked,7367070,1490206200.0,"USA F11, Singles",ITF Men,absent,Finn Tearney,3.0,0.0,0.0,0.0,2,false,finished,True
CH12:atp:2017/458/ms007:BC68,CH12,Jan Choinski,U.S.A. F12,FU,2017-04-03,QF,Philip,Bester,,ITF main draw,2017,unobserved,,,,,,,,,,,,,,False
CH12:atp:2017/458/ms015:SQ48,CH12,Jan Choinski,U.S.A. F12,FU,2017-04-03,R16,Ryan,Shane,7-5 6-2,ITF main draw,2017,unobserved,,,,,,,,,,,,,,False
CH12:atp:2017/458/ms031:MG08,CH12,Jan Choinski,U.S.A. F12,FU,2017-04-03,R32,Yannick,Mertens,4-6 6-4 6-1,ITF main draw,2017,linked,7377926,1491264000.0,"USA F12, Singles",ITF Men,absent,Yannick Mertens,3.0,0.0,0.0,0.0,2,false,finished,True
CH12:atp:2017/683/ms001:DA31,CH12,Jan Choinski,Sweden F1,FU,2017-05-08,F,Hugo,Dellien,7-5 4-6 6-2,ITF main draw,2017,unobserved,,,,,,,,,,,,,,False
CH12:atp:2017/683/ms002:E688,CH12,Jan Choinski,Sweden F1,FU,2017-05-08,SF,Markus,Eriksson,6-3 6-3,ITF main draw,2017,unobserved,,,,,,,,,,,,,,False
CH12:atp:2017/683/ms004:F09J,CH12,Jan Choinski,Sweden F1,FU,2017-05-08,QF,Karl,Friberg,4-6 6-1 6-4,ITF main draw,2017,unobserved,,,,,,,,,,,,,,False
CH12:atp:2017/683/ms008:PG94,CH12,Jan Choinski,Sweden F1,FU,2017-05-08,R16,Marc,Polmans,6-1 6-2,ITF main draw,2017,unobserved,,,,,,,,,,,,,,False
CH12:atp:2017/683/ms017:V691,CH12,Jan Choinski,Sweden F1,FU,2017-05-08,R32,George,Von Massow,6-3 2-6 6-4,ITF main draw,2017,unobserved,,,,,,,,,,,,,,False
CH12:atp:2017/349/ms025:Z254,CH12,Jan Choinski,Sweden F2,FU,2017-05-15,R32,Jurgen,Zopp,5-7 2-6,ITF main draw,2017,unobserved,,,,,,,,,,,,,,False
CH12:atp:2017/7551/ms002:SN44,CH12,Jan Choinski,Czech Republic F3,FU,2017-05-29,SF,Bruno,Santanna,3-6 6-4 1-6,ITF main draw,2017,linked,7426961,1496476800.0,"Czech Republic F3, Singles",ITF Men,absent,Bruno Santanna,3.0,0.0,1.0,0.0,2,false,finished,True
CH12:atp:2017/7551/ms005:MI74,CH12,Jan Choinski,Czech Republic F3,FU,2017-05-29,QF,Pascal,Meis,6-3 3-6 6-0,ITF main draw,2017,linked,7426570,1496398200.0,"Czech Republic F3, Singles",ITF Men,absent,Pascal Meis,3.0,0.0,1.0,0.0,2,false,finished,True
CH12:atp:2017/7551/ms011:LE38,CH12,Jan Choinski,Czech Republic F3,FU,2017-05-29,R16,Niels,Lootsma,7-6(5) 4-6 6-3,ITF main draw,2017,unobserved,,,,,,,,,,,,,,False
CH12:atp:2017/7551/ms022:L0B9,CH12,Jan Choinski,Czech Republic F3,FU,2017-05-29,R32,Dominik,Langmajer,6-2 6-1,ITF main draw,2017,unobserved,,,,,,,,,,,,,,False
CH12:atp:2017/207/ms002:MQ75,CH12,Jan Choinski,Poland F1,FU,2017-06-12,SF,Kamil,Majchrzak,4-6 0-6,ITF main draw,2017,linked,7440343,1497697200.0,"Poland F1, Singles",ITF Men,absent,Kamil Majchrzak,3.0,0.0,1.0,0.0,2,false,finished,True
CH12:atp:2017/207/ms005:KE69,CH12,Jan Choinski,Poland F1,FU,2017-06-12,QF,Mariano,Kestelboim,7-6(2) 6-2,ITF main draw,2017,linked,7438349,1497628800.0,"Poland F1, Singles",ITF Men,absent,Mariano Kestelboim,3.0,0.0,1.0,0.0,1,false,finished,True
CH12:atp:2017/207/ms011:CF60,CH12,Jan Choinski,Poland F1,FU,2017-06-12,R16,Pawel,Juszczak,4-6 6-0 6-4,ITF main draw,2017,linked,7436205,1497524700.0,"Poland F1, Singles",ITF Men,absent,Pawel Juszczak,3.0,0.0,1.0,0.0,2,false,finished,True
CH12:atp:2017/207/ms023:LA54,CH12,Jan Choinski,Poland F1,FU,2017-06-12,R32,Wilson,Leite,6-2 6-2,ITF main draw,2017,linked,7434710,1497356400.0,"Poland F1, Singles",ITF Men,absent,Wilson Leite,3.0,0.0,1.0,0.0,2,false,finished,True
CH12:atp:2017/214/ms027:FC26,CH12,Jan Choinski,Poland F2,FU,2017-06-19,R32,Evan,Furness,3-6 3-6,ITF main draw,2017,linked,7443134,1497959700.0,"Poland F2, Singles",ITF Men,absent,Evan Furness,3.0,0.0,1.0,0.0,2,false,finished,True
CH12:atp:2017/256/ms003:E688,CH12,Jan Choinski,Poland F3,FU,2017-06-26,SF,Markus,Eriksson,6-2 3-6 5-7,ITF main draw,2017,unobserved,,,,,,,,,,,,,,False
CH12:atp:2017/256/ms006:VA08,CH12,Jan Choinski,Poland F3,FU,2017-06-26,QF,Andrea,Vavassori,6-3 6-3,ITF main draw,2017,linked,7458575,1498817700.0,"Poland F3, Singles",ITF Men,absent,Andrea Vavassori,3.0,0.0,1.0,0.0,2,false,finished,True
CH12:atp:2017/256/ms013:M0E4,CH12,Jan Choinski,Poland F3,FU,2017-06-26,R16,Wojciech,Marek,6-2 6-2,ITF main draw,2017,linked,7457790,1498640400.0,"Poland F3, Singles",ITF Men,absent,Wojciech Marek,3.0,0.0,1.0,0.0,1,false,finished,True
CH12:atp:2017/256/ms027:AB67,CH12,Jan Choinski,Poland F3,FU,2017-06-26,R32,Adrian,Andrzejczuk,6-3 6-2,ITF main draw,2017,linked,7455135,1498479900.0,"Poland F3, Singles",ITF Men,absent,Adrian Andrzejczuk,3.0,0.0,1.0,0.0,1,false,finished,True
CH12:atp:2017/572/ms002:LA93,CH12,Jan Choinski,Germany F7,FU,2017-07-10,SF,Enrique,Lopez Perez,5-7 6-4 3-6,ITF main draw,2017,unobserved,,,,,,,,,,,,,,False
CH12:atp:2017/572/ms005:HA28,CH12,Jan Choinski,Germany F7,FU,2017-07-10,QF,Filip,Horansky,6-1 7-6(5),ITF main draw,2017,unobserved,,,,,,,,,,,,,,False
CH12:atp:2017/572/ms011:KJ00,CH12,Jan Choinski,Germany F7,FU,2017-07-10,R16,Alex,Knaff,7-6(1) 6-2,ITF main draw,2017,unobserved,,,,,,,,,,,,,,False
CH12:atp:2017/572/ms023:RH62,CH12,Jan Choinski,Germany F7,FU,2017-07-10,R32,Mats,Rosenkranz,6-3 2-6 6-0,ITF main draw,2017,unobserved,,,,,,,,,,,,,,False
CH12:atp:2017/551/ms001:Z254,CH12,Jan Choinski,Germany F8,FU,2017-07-17,F,Jurgen,Zopp,3-6 2-6,ITF main draw,2017,unobserved,,,,,,,,,,,,,,False
CH12:atp:2017/551/ms002:J400,CH12,Jan Choinski,Germany F8,FU,2017-07-17,SF,Jeremy,Jahn,7-5 6-2,ITF main draw,2017,unobserved,,,,,,,,,,,,,,False
CH12:atp:2017/551/ms005:D935,CH12,Jan Choinski,Germany F8,FU,2017-07-17,QF,Gibril,Diarra,6-1 6-4,ITF main draw,2017,unobserved,,,,,,,,,,,,,,False
CH12:atp:2017/551/ms011:LB51,CH12,Jan Choinski,Germany F8,FU,2017-07-17,R16,Julian,Lenz,5-7 7-6(4) 6-0,ITF main draw,2017,unobserved,,,,,,,,,,,,,,False
CH12:atp:2017/551/ms023:LC58,CH12,Jan Choinski,Germany F8,FU,2017-07-17,R32,Tomas,Lipovsek Puches,6-1 4-6 6-1,ITF main draw,2017,unobserved,,,,,,,,,,,,,,False
CH12:atp:2017/488/ms001:SG56,CH12,Jan Choinski,Germany F9,FU,2017-07-31,F,Daniel,Dutra da Silva,6-4 7-6(5),ITF main draw,2017,linked,7511450,1501938000.0,"Germany F9, Singles",ITF Men,Final,Daniel Dutra Da Silva,3.0,2.0,1.0,0.0,1,false,finished,True
CH12:atp:2017/488/ms003:M0AC,CH12,Jan Choinski,Germany F9,FU,2017-07-31,SF,Rudolf,Molleker,4-6 6-3 3-2,ITF main draw,2017,linked,7510585,1501862700.0,"Germany F9, Singles",ITF Men,Semifinals,Rudolf Molleker,3.0,2.0,1.0,0.0,2,false,finished,True
CH12:atp:2017/488/ms007:HH26,CH12,Jan Choinski,Germany F9,FU,2017-07-31,QF,Ugo,Humbert,6-2 6-2,ITF main draw,2017,unobserved,,,,,,,,,,,,,,False
CH12:atp:2017/488/ms014:O456,CH12,Jan Choinski,Germany F9,FU,2017-07-31,R16,Julian,Onken,6-0 6-1,ITF main draw,2017,unobserved,,,,,,,,,,,,,,False
CH12:atp:2017/488/ms028:W676,CH12,Jan Choinski,Germany F9,FU,2017-07-31,R32,Bastian,Wagner,6-3 6-2,ITF main draw,2017,unobserved,,,,,,,,,,,,,,False
CH12:atp:2017/205/ms001:E811,CH12,Jan Choinski,Germany F10,FU,2017-08-07,F,Elmar,Ejupovic,7-5 7-6(1),ITF main draw,2017,linked,7522090,1502622000.0,"Germany F10, Singles",ITF Men,Final,Elmar Ejupovic,3.0,2.0,1.0,0.0,1,false,finished,True
CH12:atp:2017/205/ms003:RA43,CH12,Jan Choinski,Germany F10,FU,2017-08-07,SF,Maciej,Rajski,7-6(5) 6-2,ITF main draw,2017,linked,7521234,1502545800.0,"Germany F10, Singles",ITF Men,Semifinals,Maciej Rajski,3.0,2.0,1.0,0.0,2,false,finished,True
CH12:atp:2017/205/ms006:LB51,CH12,Jan Choinski,Germany F10,FU,2017-08-07,QF,Julian,Lenz,3-6 7-5 7-5,ITF main draw,2017,linked,7518621,1502461800.0,"Germany F10, Singles",ITF Men,Quarterfinals,Julian Lenz,3.0,2.0,1.0,0.0,1,false,finished,True
CH12:atp:2017/205/ms012:L993,CH12,Jan Choinski,Germany F10,FU,2017-08-07,R16,Jonas,Luetjen,6-4 6-3,ITF main draw,2017,linked,7516074,1502281200.0,"Germany F10, Singles",ITF Men,Round of 16,Jonas Luetjen,3.0,2.0,1.0,0.0,2,false,finished,True
CH12:atp:2017/205/ms024:KC73,CH12,Jan Choinski,Germany F10,FU,2017-08-07,R32,Jannis,Kahlke,3-6 6-2 6-2,ITF main draw,2017,linked,7514796,1502198100.0,"Germany F10, Singles",ITF Men,Round of 32,Jannis Kahlke,3.0,2.0,1.0,0.0,2,false,finished,True
CH12:atp:2017/215/ms001:VA70,CH12,Jan Choinski,Germany F11,FU,2017-08-14,F,Mate,Valkusz,6-2 6-4,ITF main draw,2017,linked,7536918,1503226800.0,"Germany F11, Singles",ITF Men,Final,Mate Valkusz,3.0,2.0,1.0,0.0,1,false,finished,True
CH12:atp:2017/215/ms003:HG94,CH12,Jan Choinski,Germany F11,FU,2017-08-14,SF,Benjamin,Hassan,6-1 6-2,ITF main draw,2017,linked,7532881,1503152700.0,"Germany F11, Singles",ITF Men,Semifinals,Benjamin Hassan,3.0,2.0,1.0,0.0,1,false,finished,True
CH12:atp:2017/215/ms007:P09Z,CH12,Jan Choinski,Germany F11,FU,2017-08-14,QF,Alexei,Popyrin,7-5 6-3,ITF main draw,2017,linked,7532116,1503063600.0,"Germany F11, Singles",ITF Men,Quarterfinals,Alexei Popyrin,3.0,2.0,1.0,0.0,1,false,finished,True
CH12:atp:2017/215/ms015:X017,CH12,Jan Choinski,Germany F11,FU,2017-08-14,R16,Nicolas,Xiviller,6-3 6-2,ITF main draw,2017,linked,7531225,1502971500.0,"Germany F11, Singles",ITF Men,Round of 16,Nicolás Xiviller,3.0,2.0,1.0,0.0,1,false,finished,True
CH12:atp:2017/215/ms031:M0BN,CH12,Jan Choinski,Germany F11,FU,2017-08-14,R32,Marvin,Moeller,6-2 6-2,ITF main draw,2017,linked,7524153,1502901900.0,"Germany F11, Singles",ITF Men,Round of 32,Marvin Möller,1.0,2.0,1.0,0.0,2,false,finished,True
CH12:atp:2017/1768/ms014:HB05,CH12,Jan Choinski,Tiburon,CH,2017-09-25,R16,Christian,Harrison,4-6 6-7(5),Challenger main draw,2017,linked,7597865,1506621600.0,"Tiburon, USA",Challenger,Round of 16,Christian Harrison,3.0,2.0,1.0,0.0,1,false,finished,True
CH12:atp:2017/1768/ms028:RB56,CH12,Jan Choinski,Tiburon,CH,2017-09-25,R32,Ramkumar,Ramanathan,6-1 6-2,Challenger main draw,2017,linked,7596880,1506456300.0,"Tiburon, USA",Challenger,Round of 32,Ramkumar Ramanathan,3.0,2.0,1.0,0.0,absent,false,finished,False
CH12:atp:2017/1768/qs006:U120,CH12,Jan Choinski,Tiburon,CH,2017-09-25,Q3,Kaichi,Uchida,5-7 6-3 1-6,Challenger qualifying,2017,linked,7595259,1506358800.0,"Tiburon, USA, Qualifying",Challenger,Qualification,Kaichi Uchida,3.0,1.0,1.0,0.0,absent,false,finished,False
CH12:atp:2017/1768/qs013:GC87,CH12,Jan Choinski,Tiburon,CH,2017-09-25,Q2,Lucas,Gomez,6-7(5) 6-4 6-4,Challenger qualifying,2017,linked,7594333,1506272400.0,"Tiburon, USA, Qualifying",Challenger,Qualification,Lucas Gomez,3.0,1.0,1.0,0.0,absent,false,finished,False
CH12:atp:2017/1768/qs026:F664,CH12,Jan Choinski,Tiburon,CH,2017-09-25,Q1,Sebastian,Fanselow,6-3 6-4,Challenger qualifying,2017,linked,7593419,1506186000.0,"Tiburon, USA, Qualifying",Challenger,Qualification,Sebastian Fanselow,3.0,1.0,1.0,0.0,absent,false,finished,False
CH12:atp:2017/3351/ms021:KB09,CH12,Jan Choinski,Stockton,CH,2017-10-02,R32,Denis,Kudla,0-6 3-6,Challenger main draw,2017,linked,7606470,1507050000.0,"Stockton, USA",Challenger,Round of 32,Denis Kudla,3.0,2.0,1.0,0.0,absent,false,finished,False
CH12:atp:2017/3351/qs006:DB93,CH12,Jan Choinski,Stockton,CH,2017-10-02,Q3,Matias Franco,Descotte,7-6(6) 6-4,Challenger qualifying,2017,linked,7604934,1506963600.0,"Stockton, USA, Qualifying",Challenger,Qualification,Matias Franco Descotte,3.0,1.0,1.0,0.0,absent,false,finished,False
CH12:atp:2017/3351/qs012:HA47,CH12,Jan Choinski,Stockton,CH,2017-10-02,Q2,Alexios,Halebian,6-3 7-5,Challenger qualifying,2017,linked,7604124,1506877200.0,"Stockton, USA, Qualifying",Challenger,Qualification,Alexios Halebian,3.0,1.0,1.0,0.0,absent,false,finished,False
CH12:atp:2017/7339/qs023:BH02,CH12,Jan Choinski,Fairfield,CH,2017-10-09,Q1,Sekou,Bangoura,6-7(4) 2-6,Challenger qualifying,2017,unobserved,,,,,,,,,,,,,,False
CH12:atp:2017/7345/ms004:SL08,CH12,Jan Choinski,Las Vegas,CH,2017-10-16,QF,Tennys,Sandgren,1-6 0-6,Challenger main draw,2017,unobserved,,,,,,,,,,,,,,False
CH12:atp:2017/7345/ms009:G940,CH12,Jan Choinski,Las Vegas,CH,2017-10-16,R16,Sam,Groth,2-1,Challenger main draw,2017,unobserved,,,,,,,,,,,,,,False
CH12:atp:2017/7345/ms018:CJ60,CH12,Jan Choinski,Las Vegas,CH,2017-10-16,R32,Alexandr,Cozbinov,4-6 6-4 6-4,Challenger main draw,2017,unobserved,,,,,,,,,,,,,,False
CH12:atp:2017/7345/qs004:N390,CH12,Jan Choinski,Las Vegas,CH,2017-10-16,Q3,Frederik,Nielsen,6-4 6-2,Challenger qualifying,2017,unobserved,,,,,,,,,,,,,,False
CH12:atp:2017/7345/qs008:MF70,CH12,Jan Choinski,Las Vegas,CH,2017-10-16,Q2,Luis David,Martinez,7-5 6-1,Challenger qualifying,2017,unobserved,,,,,,,,,,,,,,False
CH12:atp:2017/6692/ms020:MV86,CH12,Jan Choinski,Turkey F45,FU,2017-11-27,R32,Nico,Mertens,5-7 6-7(4),ITF main draw,2017,unobserved,,,,,,,,,,,,,,False
CH12:atp:2017/6694/ms020:AB40,CH12,Jan Choinski,Turkey F46,FU,2017-12-04,R32,Albert,Alcaraz Ivorra,7-6(5) 6-7(4) 6-7(4),ITF main draw,2017,linked,7662369,1512463800.0,"Turkey F46, Singles",ITF Men,Round of 32,A. Alcaraz Ivorra,1.0,2.0,1.0,0.0,1,false,finished,True
CH12:atp:2018/114/ms008:KB92,CH12,Jan Choinski,Germany F1,FU,2018-01-08,R16,Kevin,Krawietz,5-7 6-3 3-6,ITF main draw,2018,linked,7685500,1515668400.0,"Germany F1, Singles",ITF Men,Round of 16,Kevin Krawietz,3.0,2.0,1.0,0.0,1,false,finished,True
CH12:atp:2018/114/ms016:BT42,CH12,Jan Choinski,Germany F1,FU,2018-01-08,R32,Dominik,Boehler,6-3,ITF main draw,2018,linked,7683917,1515582000.0,"Germany F1, Singles",ITF Men,Round of 32,Dominik Boehler,3.0,2.0,1.0,0.0,2,false,finished,True
CH12:atp:2018/7652/ms012:SK47,CH12,Jan Choinski,Koblenz,CH,2018-01-15,R16,Mohamed,Safwat,3-6 6-3 4-6,Challenger main draw,2018,linked,7691125,1516287600.0,"Koblenz, Germany",Challenger,Round of 16,Mohamed Safwat,3.0,2.0,1.0,0.0,1,false,finished,True
CH12:atp:2018/7652/ms024:R419,CH12,Jan Choinski,Koblenz,CH,2018-01-15,R32,Tommy,Robredo,6-1 5-7 7-6(6),Challenger main draw,2018,linked,7689119,1516126200.0,"Koblenz, Germany",Challenger,Round of 32,Tommy Robredo,3.0,2.0,1.0,0.0,1,false,finished,True
CH12:atp:2018/120/ms002:HB67,CH12,Jan Choinski,Germany F2,FU,2018-01-22,SF,Christopher,Heyman,4-6 6-4 6-7(5),ITF main draw,2018,linked,7699745,1517061000.0,"Germany F2, Singles",ITF Men,Semifinals,Christopher Heyman,3.0,2.0,1.0,0.0,1,false,finished,True
CH12:atp:2018/120/ms004:V812,CH12,Jan Choinski,Germany F2,FU,2018-01-22,QF,Botic,van de Zandschulp,6-1 6-3,ITF main draw,2018,linked,7698240,1516970400.0,"Germany F2, Singles",ITF Men,Quarterfinals,Botic Van de Zandschulp,3.0,2.0,1.0,0.0,2,false,finished,True
CH12:atp:2018/120/ms009:W483,CH12,Jan Choinski,Germany F2,FU,2018-01-22,R16,Boy,Westerhof,6-4 6-1,ITF main draw,2018,linked,7697335,1516884300.0,"Germany F2, Singles",ITF Men,Round of 16,Boy Westerhof,3.0,2.0,1.0,0.0,2,false,finished,True
CH12:atp:2018/120/ms019:LH83,CH12,Jan Choinski,Germany F2,FU,2018-01-22,R32,Robin,Lang,6-3 6-2,ITF main draw,2018,linked,7695395,1516816500.0,"Germany F2, Singles",ITF Men,Round of 32,Robin Lang,3.0,2.0,1.0,0.0,2,false,finished,True
CH12:atp:2018/1513/ms031:RA62,CH12,Jan Choinski,Switzerland F1,FU,2018-02-05,R32,Sami,Reinwein,4-6 5-7,ITF main draw,2018,linked,7709336,1518009000.0,"Switzerland F1, Singles",ITF Men,Round of 32,Sami Reinwein,3.0,2.0,1.0,0.0,2,false,finished,True
CH12:atp:2018/6963/ms026:PC78,CH12,Jan Choinski,Morelos,CH,2018-02-19,R32,Ante,Pavic,4-6 3-6,Challenger main draw,2018,linked,7722539,1519063200.0,"Morelos, Mexico",Challenger,Round of 32,A. Pavić,1.0,2.0,1.0,0.0,absent,false,finished,False
CH12:atp:2018/7851/qs014:SP05,CH12,Jan Choinski,Indian Wells,CH,2018-02-26,Q1,Evan,Song,0-6 3-6,Challenger qualifying,2018,linked,7732158,1519505100.0,"Indian Wells, USA, Qualifying",Challenger,Qualification,Evan Song,3.0,1.0,1.0,0.0,absent,false,finished,False
CH12:atp:2018/229/ms001:BK19,CH12,Jan Choinski,U.S.A. F7,FU,2018-03-12,F,Mathias,Bourgue,2-6 3-6,ITF main draw,2018,unobserved,,,,,,,,,,,,,,False
CH12:atp:2018/229/ms003:GH92,CH12,Jan Choinski,U.S.A. F7,FU,2018-03-12,SF,Borna,Gojo,6-3 6-2,ITF main draw,2018,unobserved,,,,,,,,,,,,,,False
CH12:atp:2018/229/ms006:BV27,CH12,Jan Choinski,U.S.A. F7,FU,2018-03-12,QF,Ulises,Blanch,6-1 6-2,ITF main draw,2018,linked,7752415,1521241800.0,"Usa F7, Singles",ITF Men,Quarterfinals,Ulises Blanch,3.0,2.0,0.0,0.0,1,false,finished,True
CH12:atp:2018/229/ms013:AD41,CH12,Jan Choinski,U.S.A. F7,FU,2018-03-12,R16,Daniel,Appelgren,6-1 6-2,ITF main draw,2018,linked,7752355,1521153600.0,"Usa F7, Singles",ITF Men,Round of 16,Daniel Appelgren,3.0,2.0,0.0,0.0,absent,false,finished,False
CH12:atp:2018/229/ms027:HA47,CH12,Jan Choinski,U.S.A. F7,FU,2018-03-12,R32,Alexios,Halebian,6-2 6-1,ITF main draw,2018,linked,7749112,1520970600.0,"Usa F7, Singles",ITF Men,Round of 32,Alexios Halebian,3.0,2.0,0.0,0.0,1,false,finished,True
CH12:atp:2018/213/ms007:A853,CH12,Jan Choinski,San Luis Potosi,CH,2018-03-26,QF,Marcelo,Arevalo,2-6 6-3 3-6,Challenger main draw,2018,unobserved,,,,,,,,,,,,,,False
CH12:atp:2018/213/ms015:SI82,CH12,Jan Choinski,San Luis Potosi,CH,2018-03-26,R16,Manuel,Sanchez,6-4 7-5,Challenger main draw,2018,unobserved,,,,,,,,,,,,,,False
CH12:atp:2018/213/ms031:MI43,CH12,Jan Choinski,San Luis Potosi,CH,2018-03-26,R32,Gerald,Melzer,6-1 3-1,Challenger main draw,2018,unobserved,,,,,,,,,,,,,,False
CH12:atp:2018/7705/ms004:LB84,CH12,Jan Choinski,Panama City,CH,2018-04-02,QF,Juan Ignacio,Londero,3-6 1-6,Challenger main draw,2018,unobserved,,,,,,,,,,,,,,False
CH12:atp:2018/7705/ms008:CI14,CH12,Jan Choinski,Panama City,CH,2018-04-02,R16,Jay,Clarke,6-4 6-2,Challenger main draw,2018,unobserved,,,,,,,,,,,,,,False
CH12:atp:2018/7705/ms016:MJ88,CH12,Jan Choinski,Panama City,CH,2018-04-02,R32,Felipe,Mantilla,6-7(4) 6-4 6-2,Challenger main draw,2018,unobserved,,,,,,,,,,,,,,False
CH12:atp:2018/6724/ms005:A941,CH12,Jan Choinski,Mexico City,CH,2018-04-09,QF,Facundo,Arguello,5-7 2-6,Challenger main draw,2018,unobserved,,,,,,,,,,,,,,False
CH12:atp:2018/6724/ms010:B884,CH12,Jan Choinski,Mexico City,CH,2018-04-09,R16,Carlos,Berlocq,6-3 6-4,Challenger main draw,2018,unobserved,,,,,,,,,,,,,,False
CH12:atp:2018/6724/ms021:N561,CH12,Jan Choinski,Mexico City,CH,2018-04-09,R32,Ivan,Nedelko,3-6 6-3 6-2,Challenger main draw,2018,unobserved,,,,,,,,,,,,,,False
CH12:atp:2018/5069/ms022:BF23,CH12,Jan Choinski,Sarasota,CH,2018-04-16,R32,Facundo,Bagnis,2-6 4-6,Challenger main draw,2018,linked,7780427,1523973600.0,"Sarasota, USA",Challenger,Round of 32,Facundo Bagnis,3.0,2.0,1.0,0.0,absent,false,finished,False
CH12:atp:2018/5069/qs005:U120,CH12,Jan Choinski,Sarasota,CH,2018-04-16,Q3,Kaichi,Uchida,6-1 3-6 3-6,Challenger qualifying,2018,linked,7778279,1523807100.0,"Sarasota, USA, Qualifying",Challenger,Qualification,Kaichi Uchida,3.0,1.0,1.0,0.0,absent,false,finished,False
CH12:atp:2018/5069/qs010:SR94,CH12,Jan Choinski,Sarasota,CH,2018-04-16,Q2,Samuel,Shropshire,7-5 3-6 6-3,Challenger qualifying,2018,linked,7778140,1523739600.0,"Sarasota, USA, Qualifying",Challenger,Qualification,Samuel Shropshire,3.0,1.0,1.0,0.0,absent,false,finished,False
CH12:atp:2018/692/ms030:LB84,CH12,Jan Choinski,Tallahassee,CH,2018-04-23,R32,Juan Ignacio,Londero,6-1 4-6 1-6,Challenger main draw,2018,linked,7785189,1524589200.0,"Tallahassee, USA",Challenger,Round of 32,Juan Ignacio Londero,3.0,2.0,1.0,0.0,absent,false,finished,False
CH12:atp:2018/5067/ms023:DA31,CH12,Jan Choinski,Savannah,CH,2018-04-30,R32,Hugo,Dellien,6-2 1-6 2-6,Challenger main draw,2018,linked,7791918,1525096800.0,"Sarasota, USA",Challenger,Round of 32,Hugo Dellien,3.0,2.0,0.0,0.0,1,false,finished,True
CH12:atp:2018/322/qs013:D499,CH12,Jan Choinski,Geneva,250,2018-05-21,Q1,Frank,Dancevic,6-7(4) 5-7,Tour qualifying,2018,linked,7807367,1526724900.0,"Geneva, Switzerland, Qualifying",ATP,Qualification,Frank Dancevic,3.0,1.0,1.0,0.0,absent,false,finished,False
CH12:atp:2018/520/qs055:O482,CH12,Jan Choinski,Roland Garros,GS,2018-05-28,Q2,Gonzalo,Oliveira,4-6 6-1 1-6,Tour qualifying,2018,linked,7809804,1527073500.0,"Roland Garros, Paris, France, Qualifying",ATP,Qualification,Gonçalo Oliveira,1.0,1.0,1.0,0.0,absent,false,finished,False
CH12:atp:2018/520/qs111:BK92,CH12,Jan Choinski,Roland Garros,GS,2018-05-28,Q1,Alexander,Bublik,7-5 6-4,Tour qualifying,2018,linked,7809074,1526911500.0,"Roland Garros, Paris, France, Qualifying",ATP,Qualification,Alexander Bublik,3.0,1.0,1.0,0.0,absent,false,finished,False
CH12:atp:2018/558/ms018:KH56,CH12,Jan Choinski,Prostejov,CH,2018-06-04,R32,Zdenek,Kolar,7-5 2-6 4-6,Challenger main draw,2018,linked,7817782,1528111800.0,"Prostejov, Czech Republic",Challenger,Round of 32,Zdenek Kolar,3.0,2.0,1.0,0.0,absent,false,finished,False
CH12:atp:2018/321/qs014:KB09,CH12,Jan Choinski,Stuttgart,250,2018-06-11,Q1,Denis,Kudla,6-7(4) 3-6,Tour qualifying,2018,linked,7822111,1528549200.0,"Stuttgart, Germany, Qualifying",ATP,Qualification,Denis Kudla,3.0,1.0,1.0,0.0,absent,false,finished,False
CH12:atp:2018/3627/ms028:V495,CH12,Jan Choinski,L'Aquila,CH,2018-06-18,R32,Luca,Vanni,3-6 6-4 2-6,Challenger main draw,2018,linked,7832387,1529418300.0,"Todi, Italy",Challenger,Round of 32,Luca Vanni,3.0,2.0,0.0,0.0,absent,false,finished,False
CH12:atp:2018/741/qs013:G985,CH12,Jan Choinski,Eastbourne,250,2018-06-25,Q1,Carlos,Gomez-Herrera,3-6 4-6,Tour qualifying,2018,linked,7840381,1529748000.0,"Eastbourne, Great Britain, Qualifying",ATP,Qualification,C. Gómez-Herrera,1.0,1.0,1.0,0.0,absent,false,finished,False
CH12:atp:2018/686/ms026:V812,CH12,Jan Choinski,Scheveningen,CH,2018-07-16,R32,Botic,van de Zandschulp,5-7 2-6,Challenger main draw,2018,linked,7878097,1531821600.0,"Scheveningen, Netherlands",Challenger,Round of 32,Botic Van de Zandschulp,3.0,2.0,1.0,0.0,absent,false,finished,False
CH12:atp:2018/7920/ms028:A622,CH12,Jan Choinski,Padova,CH,2018-07-23,R32,Andrea,Arnaboldi,2-6 0-6,Challenger main draw,2018,linked,7894625,1532428200.0,"Padova, Italy",Challenger,Round of 32,Andrea Arnaboldi,3.0,2.0,1.0,0.0,absent,false,finished,False
CH12:atp:2018/7922/ms015:L503,CH12,Jan Choinski,Sopot,CH,2018-07-30,R16,Paolo,Lorenzi,5-7 0-6,Challenger main draw,2018,linked,7907201,1533125400.0,"Sopot, Poland",Challenger,Round of 16,Paolo Lorenzi,3.0,2.0,1.0,0.0,absent,false,finished,False
CH12:atp:2018/7922/ms030:SJ22,CH12,Jan Choinski,Sopot,CH,2018-07-30,R32,Gleb,Sakharov,0-6 6-4 6-1,Challenger main draw,2018,linked,7904096,1533027600.0,"Sopot, Poland",Challenger,Round of 32,Gleb Sakharov,3.0,2.0,1.0,0.0,absent,false,finished,False
CH12:atp:2018/215/ms001:HG94,CH12,Jan Choinski,Germany F11,FU,2018-08-06,F,Benjamin,Hassan,6-4 3-6 6-3,ITF main draw,2018,unobserved,,,,,,,,,,,,,,False
CH12:atp:2018/215/ms002:N731,CH12,Jan Choinski,Germany F11,FU,2018-08-06,SF,Christoph,Negritu,6-4 6-3,ITF main draw,2018,unobserved,,,,,,,,,,,,,,False
CH12:atp:2018/215/ms004:S0AV,CH12,Jan Choinski,Germany F11,FU,2018-08-06,QF,Constantin,Schmitz,6-3 6-2,ITF main draw,2018,unobserved,,,,,,,,,,,,,,False
CH12:atp:2018/215/ms008:V09F,CH12,Jan Choinski,Germany F11,FU,2018-08-06,R16,Leonard,Von Hindte,7-5 7-5,ITF main draw,2018,unobserved,,,,,,,,,,,,,,False
CH12:atp:2018/215/ms016:R0E0,CH12,Jan Choinski,Germany F11,FU,2018-08-06,R32,Chris,Rodesch,6-1 7-5,ITF main draw,2018,linked,7918377,1533656700.0,"Germany F11, Singles",ITF Men,Round of 32,Chris Rodesch,3.0,2.0,1.0,0.0,2,false,finished,True
CH12:atp:2018/6809/ms001:HA28,CH12,Jan Choinski,Meerbusch,CH,2018-08-13,F,Filip,Horansky,7-6(7) 3-6 3-6,Challenger main draw,2018,unobserved,,,,,,,,,,,,,,False
CH12:atp:2018/6809/ms002:BA65,CH12,Jan Choinski,Meerbusch,CH,2018-08-13,SF,Dustin,Brown,6-4 6-3,Challenger main draw,2018,unobserved,,,,,,,,,,,,,,False
CH12:atp:2018/6809/ms004:Z419,CH12,Jan Choinski,Meerbusch,CH,2018-08-13,QF,Bernabe,Zapata Miralles,5-7 6-2 6-1,Challenger main draw,2018,unobserved,,,,,,,,,,,,,,False
CH12:atp:2018/6809/ms008:BU13,CH12,Jan Choinski,Meerbusch,CH,2018-08-13,R16,Zizou,Bergs,6-3 6-4,Challenger main draw,2018,unobserved,,,,,,,,,,,,,,False
CH12:atp:2018/6809/ms017:H804,CH12,Jan Choinski,Meerbusch,CH,2018-08-13,R32,Andreas,Haider-Maurer,6-1 6-4,Challenger main draw,2018,unobserved,,,,,,,,,,,,,,False
CH12:atp:2018/6387/ms001:SQ79,CH12,Jan Choinski,Belgium F9,FU,2018-08-20,F,Colin,Sinclair,3-6 7-6(0) 6-3,ITF main draw,2018,linked,7951365,1535288400.0,"Belgium F9, Singles",ITF Men,Final,Colin Sinclair,3.0,2.0,1.0,0.0,1,false,finished,True
CH12:atp:2018/6387/ms002:B0DQ,CH12,Jan Choinski,Belgium F9,FU,2018-08-20,SF,Samuel,Brosset,6-3 6-3,ITF main draw,2018,linked,7950760,1535198400.0,"Belgium F9, Singles",ITF Men,Semifinals,Samuel Brosset,3.0,2.0,1.0,0.0,2,false,finished,True
CH12:atp:2018/6387/ms004:A09T,CH12,Jan Choinski,Belgium F9,FU,2018-08-20,QF,Dan,Added,6-3 6-0,ITF main draw,2018,linked,7948185,1535112000.0,"Belgium F9, Singles",ITF Men,Quarterfinals,Dan Added,3.0,2.0,1.0,0.0,1,false,finished,True
CH12:atp:2018/6387/ms008:S0GZ,CH12,Jan Choinski,Belgium F9,FU,2018-08-20,R16,Nikolas,Sanchez Izquierdo,6-3 6-3,ITF main draw,2018,unobserved,,,,,,,,,,,,,,False
CH12:atp:2018/6387/ms016:M09H,CH12,Jan Choinski,Belgium F9,FU,2018-08-20,R32,Felipe,Martinez Sarrasague,6-2 6-0,ITF main draw,2018,unobserved,,,,,,,,,,,,,,False
CH12:atp:2018/7316/ms026:Y124,CH12,Jan Choinski,Cary,CH,2018-09-10,R32,Donald,Young,7-6(4) 2-6 1-6,Challenger main draw,2018,linked,7974972,1536711000.0,"Cary, USA",Challenger,Round of 32,Donald Young,3.0,2.0,1.0,0.0,2,false,finished,True
CH12:atp:2018/7318/ms029:W09G,CH12,Jan Choinski,Columbus,CH,2018-09-17,R32,J.J.,Wolf,5-7 4-6,Challenger main draw,2018,linked,7988768,1537202100.0,"Columbus, USA",Challenger,Round of 32,Jeffrey John Wolf,1.0,2.0,1.0,0.0,1,false,finished,True
CH12:atp:2018/1768/qs007:O340,CH12,Jan Choinski,Tiburon,CH,2018-09-24,Q3,Roberto,Ortega-Olmedo,6-7(1) 3-6,Challenger qualifying,2018,linked,7996424,1537808400.0,"Tiburon, USA, Qualifying",Challenger,Qualification,R. Ortega-Olmedo,1.0,1.0,1.0,0.0,absent,false,finished,False
CH12:atp:2018/1768/qs014:GB42,CH12,Jan Choinski,Tiburon,CH,2018-09-24,Q2,Alejandro,Gomez,6-4 1-6 6-0,Challenger qualifying,2018,linked,7995559,1537722000.0,"Tiburon, USA, Qualifying",Challenger,Qualification,A. Gómez,1.0,1.0,1.0,0.0,absent,false,finished,False
CH12:atp:2018/1768/qs028:J0AU,CH12,Jan Choinski,Tiburon,CH,2018-09-24,Q1,Ryder,Jackson,6-0 6-3,Challenger qualifying,2018,linked,7994920,1537635600.0,"Tiburon, USA, Qualifying",Challenger,Round of 32,Jackson Ryder,3.0,1.0,1.0,0.0,absent,false,canceled,False
CH12:atp:2018/3351/ms023:RH16,CH12,Jan Choinski,Stockton,CH,2018-10-01,R32,Casper,Ruud,3-6 0-6,Challenger main draw,2018,linked,8004112,1538499600.0,"Stockton, USA",Challenger,Round of 32,Casper Ruud,3.0,2.0,1.0,0.0,absent,false,finished,False
CH12:atp:2018/7339/qs012:HH06,CH12,Jan Choinski,Fairfield,CH,2018-10-08,Q2,Marc-Andrea,Huesler,3-6 1-6,Challenger qualifying,2018,linked,8013879,1538931600.0,"Fairfield, USA, Qualifying",Challenger,Qualification,Marc-Andrea Huesler,3.0,1.0,1.0,0.0,absent,false,finished,False
CH12:atp:2018/7339/qs024:GH46,CH12,Jan Choinski,Fairfield,CH,2018-10-08,Q1,William,Griffith,6-4 7-6(6),Challenger qualifying,2018,linked,8012654,1538853900.0,"Fairfield, USA, Qualifying",Challenger,Qualification,William Griffith,3.0,1.0,1.0,0.0,absent,false,finished,False
CH12:atp:2018/9128/ms011:RH16,CH12,Jan Choinski,Calgary,CH,2018-10-15,R16,Casper,Ruud,3-6 2-6,Challenger main draw,2018,linked,8026787,1539882000.0,"Calgary, Canada",Challenger,Round of 16,Casper Ruud,3.0,2.0,1.0,0.0,2,false,finished,True
CH12:atp:2018/9128/ms022:KE64,CH12,Jan Choinski,Calgary,CH,2018-10-15,R32,Stefan,Kozlov,6-3 6-3,Challenger main draw,2018,linked,8022936,1539635400.0,"Calgary, Canada",Challenger,Round of 32,Stefan Kozlov,3.0,2.0,1.0,0.0,2,false,finished,True
CH12:atp:2018/7345/ms026:O340,CH12,Jan Choinski,Las Vegas,CH,2018-10-22,R32,Roberto,Ortega-Olmedo,3-6 4-6,Challenger main draw,2018,linked,8031399,1540334700.0,"Las Vegas, USA",Challenger,Round of 32,R. Ortega-Olmedo,1.0,2.0,1.0,0.0,absent,false,finished,False
CH12:atp:2018/6055/qs008:BT72,CH12,Jan Choinski,Charlottesville,CH,2018-10-29,Q2,Nuno,Borges,3-6 6-1 3-6,Challenger qualifying,2018,linked,8036273,1540746900.0,"Charlottesville, USA, Qualifying",Challenger,Qualification,Nuno Borges,3.0,1.0,1.0,0.0,absent,false,finished,False
CH12:atp:2018/6055/qs016:SQ48,CH12,Jan Choinski,Charlottesville,CH,2018-10-29,Q1,Ryan,Shane,4-6 6-2 7-6(4),Challenger qualifying,2018,linked,8035425,1540676700.0,"Charlottesville, USA, Qualifying",Challenger,Qualification,Ryan Shane,3.0,1.0,1.0,0.0,absent,false,finished,False
CH12:atp:2018/363/qs016:SQ48,CH12,Jan Choinski,Knoxville,CH,2018-11-05,Q1,Ryan,Shane,6-3 1-6 6-7(5),Challenger qualifying,2018,unobserved,,,,,,,,,,,,,,False
CH12:atp:2019/9152/ms054:R0A5,CH12,Jan Choinski,Orlando,CH,2018-12-31,R64,Sam,Riffice,1-6 6-2 3-6,Challenger main draw,2018,unobserved,,,,,,,,,,,,,,False
CH12:atp:2019/7318/ms007:W09G,CH12,Jan Choinski,Columbus,CH,2019-01-07,QF,J.J.,Wolf,2-6 1-6,Challenger main draw,2019,unobserved,,,,,,,,,,,,,,False
CH12:atp:2019/7318/ms014:GA71,CH12,Jan Choinski,Columbus,CH,2019-01-07,R16,Laurynas,Grigelis,7-6(4) 4-6 6-2,Challenger main draw,2019,unobserved,,,,,,,,,,,,,,False
CH12:atp:2019/7318/ms028:BM95,CH12,Jan Choinski,Columbus,CH,2019-01-07,R32,Benjamin,Bonzi,6-3 6-3,Challenger main draw,2019,unobserved,,,,,,,,,,,,,,False
CH12:atp:2019/7318/ms057:G892,CH12,Jan Choinski,Columbus,CH,2019-01-07,R64,Alejandro,Gonzalez,6-2 6-3,Challenger main draw,2019,unobserved,,,,,,,,,,,,,,False
CH12:atp:2019/7845/ms034:HB05,CH12,Jan Choinski,Newport Beach,CH,2019-01-21,R64,Christian,Harrison,2-6 7-6(5) 4-6,Challenger main draw,2019,unobserved,,,,,,,,,,,,,,False
CH12:atp:2019/9154/ms029:BA65,CH12,Jan Choinski,Cleveland,CH,2019-01-28,R32,Dustin,Brown,6-7(5) 6-1 6-7(1),Challenger main draw,2019,unobserved,,,,,,,,,,,,,,False
CH12:atp:2019/9154/ms058:J439,CH12,Jan Choinski,Cleveland,CH,2019-01-28,R64,Tom,Jomby,6-2 2-1,Challenger main draw,2019,unobserved,,,,,,,,,,,,,,False
CH12:atp:2019/695/ms020:O522,CH12,Jan Choinski,Dallas,CH,2019-02-04,R32,Reilly,Opelka,6-4 3-6 4-6,Challenger main draw,2019,linked,8130249,1549403100.0,"Dallas, USA",Challenger,Round of 32,Reilly Opelka,3.0,2.0,1.0,0.0,1,false,finished,True
CH12:atp:2019/695/ms041:Z09K,CH12,Jan Choinski,Dallas,CH,2019-02-04,R64,Evan,Zhu,6-4 6-4,Challenger main draw,2019,linked,8126676,1549337100.0,"Dallas, USA",Challenger,Round of 64,Evan Zhu,3.0,2.0,1.0,0.0,1,false,finished,True
CH12:atp:2019/854/ms007:MJ01,CH12,Jan Choinski,Bergamo,CH,2019-02-18,QF,Roberto,Marcora,6-7(3) 3-6,Challenger main draw,2019,linked,8146627,1550829600.0,"Bergamo, Italy",Challenger,Quarterfinals,Roberto Marcora,3.0,2.0,1.0,0.0,absent,false,finished,False
CH12:atp:2019/854/ms015:CI14,CH12,Jan Choinski,Bergamo,CH,2019-02-18,R16,Jay,Clarke,7-5 1-6 6-1,Challenger main draw,2019,linked,8145426,1550741400.0,"Bergamo, Italy",Challenger,Round of 16,Jay Clarke,3.0,2.0,1.0,0.0,absent,false,finished,False
CH12:atp:2019/854/ms031:A0BA,CH12,Jan Choinski,Bergamo,CH,2019-02-18,R32,Federico,Arnaboldi,6-3 6-1,Challenger main draw,2019,linked,8144054,1550601600.0,"Bergamo, Italy",Challenger,Round of 32,Federico Arnaboldi,3.0,2.0,1.0,0.0,absent,false,finished,False
CH12:atp:2019/854/ms062:BM95,CH12,Jan Choinski,Bergamo,CH,2019-02-18,R64,Benjamin,Bonzi,6-0 4-2,Challenger main draw,2019,linked,8141310,1550502600.0,"Bergamo, Italy",Challenger,Round of 64,Benjamin Bonzi,3.0,2.0,1.0,0.0,absent,false,finished,False
CH12:atp:2019/9162/ms010:BK92,CH12,Jan Choinski,Pau,CH,2019-02-25,R16,Alexander,Bublik,4-6 2-6,Challenger main draw,2019,linked,8152903,1551362700.0,"Pau, France",Challenger,Round of 16,Alexander Bublik,3.0,2.0,0.0,0.0,1,false,finished,True
CH12:atp:2019/9162/ms021:PG32,CH12,Jan Choinski,Pau,CH,2019-02-25,R32,Adam,Pavlasek,6-4 7-5,Challenger main draw,2019,linked,8151049,1551213300.0,"Pau, France",Challenger,Round of 32,Adam Pavlasek,3.0,2.0,0.0,0.0,2,false,finished,True
CH12:atp:2019/9162/ms042:G935,CH12,Jan Choinski,Pau,CH,2019-02-25,R64,Sergio,Gutierrez-Ferrol,7-5 2-6 6-3,Challenger main draw,2019,linked,8149818,1551092400.0,"Pau, France",Challenger,Round of 64,S. Gutiérrez-Ferrol,1.0,2.0,0.0,0.0,1,false,finished,True
CH12:atp:2019/7874/ms007:MH16,CH12,Jan Choinski,Lille,CH,2019-03-18,QF,Yannick,Maden,3-6 3-6,Challenger main draw,2019,linked,8172460,1553262300.0,"Lille, France",Challenger,Quarterfinals,Yannick Maden,3.0,2.0,1.0,0.0,2,false,finished,True
CH12:atp:2019/7874/ms014:RH54,CH12,Jan Choinski,Lille,CH,2019-03-18,R16,Rayane,Roumane,4-6 6-4 7-6(4),Challenger main draw,2019,linked,8170289,1553165400.0,"Lille, France",Challenger,Round of 16,Rayane Roumane,3.0,2.0,1.0,0.0,1,false,finished,True
CH12:atp:2019/7874/ms029:H997,CH12,Jan Choinski,Lille,CH,2019-03-18,R32,Yannick,Hanfmann,6-0 6-4,Challenger main draw,2019,linked,8168396,1552990800.0,"Lille, France",Challenger,Round of 32,Yannick Hanfmann,3.0,2.0,1.0,0.0,1,false,finished,True
CH12:atp:2019/7874/ms058:HA28,CH12,Jan Choinski,Lille,CH,2019-03-18,R64,Filip,Horansky,6-4 6-4,Challenger main draw,2019,linked,8167350,1552913100.0,"Lille, France",Challenger,Round of 64,F. Horanský,1.0,2.0,1.0,0.0,1,false,finished,True
CH12:atp:2019/9171/ms021:Y268,CH12,Jan Choinski,Murcia,CH,2019-04-08,R32,Mikael,Ymer,2-6 4-6,Challenger main draw,2019,linked,8190321,1554886800.0,"Murcia, Spain",Challenger,Round of 32,Mikael Ymer,3.0,2.0,1.0,0.0,absent,false,finished,False
CH12:atp:2019/9171/ms042:V758,CH12,Jan Choinski,Murcia,CH,2019-04-08,R64,David,Vega Hernandez,6-3 6-3,Challenger main draw,2019,linked,8189110,1554800400.0,"Murcia, Spain",Challenger,Round of 64,David Vega Hernandez,3.0,2.0,1.0,0.0,1,false,finished,True
CH12:atp:2019/3824/ms061:PH64,CH12,Jan Choinski,Bordeaux,CH,2019-04-29,R64,Andrea,Pellegrino,1-2,Challenger main draw,2019,linked,8205121,1556535600.0,"Bordeaux, France",Challenger,Round of 64,Andrea Pellegrino,3.0,2.0,1.0,0.0,absent,false,finished,False
CH12:atp:2019/9005/ms042:K964,CH12,Jan Choinski,Ilkley,CH,2019-06-17,R64,Brydan,Klein,6-2 5-7 2-6,Challenger main draw,2019,linked,8250910,1560864000.0,"Ilkley, Great Britain",Challenger,Round of 64,Brydan Klein,3.0,2.0,1.0,0.0,1,false,finished,True
CH12:atp:2019/540/qs102:D994,CH12,Jan Choinski,Wimbledon,GS,2019-07-01,Q1,James,Duckworth,1-6 5-7,Tour qualifying,2019,linked,8262679,1561370400.0,"Wimbledon, London, GB, Qualifying, 1st - 2nd Round",ATP,Qualification,James Duckworth,3.0,1.0,1.0,0.0,2,false,finished,True
CH12:atp:2019/9196/ms037:AE14,CH12,Jan Choinski,Ludwigshafen,CH,2019-07-01,R64,Daniel,Altmaier,4-6 6-7(4),Challenger main draw,2019,unobserved,,,,,,,,,,,,,,False
CH12:atp:2019/9198/ms015:CG33,CH12,Jan Choinski,Amersfoort,CH,2019-07-15,R16,Kimmer,Coppejans,6-7(5) 4-6,Challenger main draw,2019,unobserved,,,,,,,,,,,,,,False
CH12:atp:2019/9198/ms030:D776,CH12,Jan Choinski,Amersfoort,CH,2019-07-15,R32,Thiemo,de Bakker,6-2 5-7 6-2,Challenger main draw,2019,unobserved,,,,,,,,,,,,,,False
CH12:atp:2019/9198/ms061:O408,CH12,Jan Choinski,Amersfoort,CH,2019-07-15,R64,Ricardo,Ojeda Lara,6-2 6-3,Challenger main draw,2019,unobserved,,,,,,,,,,,,,,False
CH12:atp:2019/600/ms028:MM66,CH12,Jan Choinski,Prague,CH,2019-07-22,R32,Nikola,Milojevic,3-6 0-6,Challenger main draw,2019,unobserved,,,,,,,,,,,,,,False
CH12:atp:2019/600/ms057:SF41,CH12,Jan Choinski,Prague,CH,2019-07-22,R64,Aldin,Setkic,6-3 6-7(3) 6-2,Challenger main draw,2019,unobserved,,,,,,,,,,,,,,False
CH12:atp:2019/7922/ms007:HA28,CH12,Jan Choinski,Sopot,CH,2019-07-29,QF,Filip,Horansky,1-6 0-6,Challenger main draw,2019,unobserved,,,,,,,,,,,,,,False
CH12:atp:2019/7922/ms015:J400,CH12,Jan Choinski,Sopot,CH,2019-07-29,R16,Jeremy,Jahn,6-3 6-7(7) 6-4,Challenger main draw,2019,unobserved,,,,,,,,,,,,,,False
CH12:atp:2019/7922/ms030:BE68,CH12,Jan Choinski,Sopot,CH,2019-07-29,R32,Tomislav,Brkic,3-6 6-4 6-3,Challenger main draw,2019,unobserved,,,,,,,,,,,,,,False
CH12:atp:2019/8266/ms046:O376,CH12,Jan Choinski,Augsburg,CH,2019-08-05,R64,Renzo,Olivo,4-6 4-6,Challenger main draw,2019,unobserved,,,,,,,,,,,,,,False
CH12:atp:2019/6809/ms003:KD70,CH12,Jan Choinski,Meerbusch,CH,2019-08-12,SF,Pedja,Krstin,4-6 1-6,Challenger main draw,2019,linked,8363769,1566045000.0,"Meerbusch, Germany",Challenger,Semifinals,Pedja Krstin,3.0,2.0,1.0,0.0,2,false,finished,True
CH12:atp:2019/6809/ms007:WB25,CH12,Jan Choinski,Meerbusch,CH,2019-08-12,QF,Louis,Wessels,6-3 6-3,Challenger main draw,2019,linked,8363494,1565963100.0,"Meerbusch, Germany",Challenger,Quarterfinals,Louis Wessels,3.0,2.0,1.0,0.0,1,false,finished,True
CH12:atp:2019/6809/ms014:KC56,CH12,Jan Choinski,Meerbusch,CH,2019-08-12,R16,Aslan,Karatsev,6-4 6-7(4) 7-6(6),Challenger main draw,2019,linked,8361172,1565953200.0,"Meerbusch, Germany",Challenger,Round of 16,Aslan Karatsev,3.0,2.0,1.0,0.0,2,false,finished,True
CH12:atp:2019/6809/ms028:M915,CH12,Jan Choinski,Meerbusch,CH,2019-08-12,R32,Daniel,Munoz de la Nava,6-2 6-4,Challenger main draw,2019,linked,8359070,1565775300.0,"Meerbusch, Germany",Challenger,Round of 32,Daniel Muñoz de la Nava,3.0,2.0,1.0,0.0,2,false,finished,True
CH12:atp:2019/3473/ms015:PG20,CH12,Jan Choinski,Como,CH,2019-08-26,R16,Dmitry,Popko,6-2 2-6 1-6,Challenger main draw,2019,linked,8389217,1567090800.0,"Como, Italy",Challenger,Round of 16,Dmitry Popko,3.0,2.0,1.0,0.0,2,false,finished,True
CH12:atp:2019/3473/ms031:CE25,CH12,Jan Choinski,Como,CH,2019-08-26,R32,Salvatore,Caruso,7-6(2) 6-2,Challenger main draw,2019,linked,8383682,1567074000.0,"Como, Italy",Challenger,Round of 32,Salvatore Caruso,3.0,2.0,1.0,0.0,2,false,finished,True
CH12:atp:2019/3473/ms062:BS86,CH12,Jan Choinski,Como,CH,2019-08-26,R64,Tomas,Barrios Vera,6-2 6-3,Challenger main draw,2019,linked,8381479,1566820800.0,"Como, Italy",Challenger,Round of 64,Tomás Barrios Vera,3.0,2.0,1.0,0.0,2,false,finished,True
CH12:atp:2019/1763/ms034:TE30,CH12,Jan Choinski,Genova,CH,2019-09-02,R64,Alejandro,Tabilo,0-6 2-6,Challenger main draw,2019,linked,8393382,1567411200.0,"Genoa, Italy",Challenger,Round of 64,Alejandro Tabilo,3.0,2.0,0.0,0.0,2,false,finished,True
CH12:atp:2019/448/ms042:BF98,CH12,Jan Choinski,Szczecin,CH,2019-09-09,R64,Alessandro,Bega,4-6 1-6,Challenger main draw,2019,linked,8401110,1568047800.0,"Szczecin, Poland",Challenger,Round of 64,Alessandro Bega,3.0,2.0,1.0,0.0,2,false,finished,True
CH12:atp:2019/9132/ms062:M915,CH12,Jan Choinski,Barcelona,CH,2019-09-30,R64,Daniel,Munoz de la Nava,3-6 6-7(5),Challenger main draw,2019,linked,8434257,1569851100.0,"Barcelona, Spain",Challenger,Round of 64,Daniel Muñoz de la Nava,3.0,2.0,1.0,0.0,1,false,finished,True
CH12:atp:2019/2136/ms001:SG13,CH12,Jan Choinski,M15 Bad Salzdetfurth,FU,2019-10-07,F,Stefan,Seifert,6-3 6-1,ITF main draw,2019,unobserved,,,,,,,,,,,,,,False
CH12:atp:2019/2136/ms003:K906,CH12,Jan Choinski,M15 Bad Salzdetfurth,FU,2019-10-07,SF,Michal,Konecny,6-4 6-3,ITF main draw,2019,unobserved,,,,,,,,,,,,,,False
CH12:atp:2019/2136/ms007:S0GV,CH12,Jan Choinski,M15 Bad Salzdetfurth,FU,2019-10-07,QF,Robert,Strombachs,3-6 7-6(5) 6-2,ITF main draw,2019,linked,8453325,1570784400.0,"Bad Salzdetfurth, Singles M-ITF-GER-14A",ITF Men,Quarterfinals,Robert Strombachs,3.0,2.0,1.0,0.0,1,false,finished,True
CH12:atp:2019/2136/ms015:KH44,CH12,Jan Choinski,M15 Bad Salzdetfurth,FU,2019-10-07,R16,Ondrej,Krstev,6-4 6-3,ITF main draw,2019,linked,8451969,1570698000.0,"Bad Salzdetfurth, Singles M-ITF-GER-14A",ITF Men,Round of 16,Ondřej Krstev,3.0,2.0,1.0,0.0,1,false,finished,True
CH12:atp:2019/2136/ms031:T0BV,CH12,Jan Choinski,M15 Bad Salzdetfurth,FU,2019-10-07,R32,Osman,Torski,6-3 6-2,ITF main draw,2019,linked,8449771,1570532400.0,"Bad Salzdetfurth, Singles M-ITF-GER-14A",ITF Men,Round of 32,Osman Torski,3.0,2.0,1.0,0.0,1,false,finished,True
CH12:atp:2019/7793/ms058:AE14,CH12,Jan Choinski,Ismaning,CH,2019-10-14,R64,Daniel,Altmaier,6-4 4-6 6-7(8),Challenger main draw,2019,unobserved,,,,,,,,,,,,,,False
CH12:atp:2019/8297/ms020:ML57,CH12,Jan Choinski,Hamburg,CH,2019-10-21,R32,Gianluca,Mager,4-6 4-6,Challenger main draw,2019,unobserved,,,,,,,,,,,,,,False
CH12:atp:2019/8297/ms041:W0AN,CH12,Jan Choinski,Hamburg,CH,2019-10-21,R64,Milan,Welte,6-3 6-0,Challenger main draw,2019,unobserved,,,,,,,,,,,,,,False
CH12:atp:2019/83/qs002:DC76,CH12,Jan Choinski,Eckental,CH,2019-10-28,Q1,Viktor,Durasovic,3-6 2-6,Challenger qualifying,2019,unobserved,,,,,,,,,,,,,,False
CH12:atp:2019/6204/ms012:HA71,CH12,Jan Choinski,Ortisei,CH,2019-11-11,R16,Antoine,Hoang,5-7 4-6,Challenger main draw,2019,unobserved,,,,,,,,,,,,,,False
CH12:atp:2019/6204/ms025:O449,CH12,Jan Choinski,Ortisei,CH,2019-11-11,R32,Oscar,Otte,7-6(9) 6-3,Challenger main draw,2019,unobserved,,,,,,,,,,,,,,False
CH12:atp:2019/6204/ms050:H896,CH12,Jan Choinski,Ortisei,CH,2019-11-11,R64,Jose,Hernandez-Fernandez,4-6 7-6(2) 6-4,Challenger main draw,2019,unobserved,,,,,,,,,,,,,,False
CH12:atp:2019/6675/ms004:SQ86,CH12,Jan Choinski,M15 Sarreguemines,FU,2019-11-18,QF,Hugo,Schott,6-4 4-6 4-6,ITF main draw,2019,linked,8506525,1574445000.0,"Sarreguemines, Singles M-ITF-FRA-22A",ITF Men,Quarterfinals,Hugo Schott,3.0,2.0,1.0,0.0,2,false,finished,True
CH12:atp:2019/6675/ms008:FC25,CH12,Jan Choinski,M15 Sarreguemines,FU,2019-11-18,R16,Boris,Fassbender,6-3 6-2,ITF main draw,2019,unobserved,,,,,,,,,,,,,,False
CH12:atp:2019/6675/ms016:RH62,CH12,Jan Choinski,M15 Sarreguemines,FU,2019-11-18,R32,Mats,Rosenkranz,4-6 6-3 7-6(3),ITF main draw,2019,unobserved,,,,,,,,,,,,,,False
CH12:atp:2019/7197/ms001:AE14,CH12,Jan Choinski,M15 Santo Domingo,FU,2019-11-25,F,Daniel,Altmaier,3-6 6-4 4-6,ITF main draw,2019,linked,8513181,1575208800.0,"Santo Domingo, Singles M-ITF-DOM-01A",ITF Men,Final,Daniel Altmaier,3.0,2.0,1.0,0.0,2,false,finished,True
CH12:atp:2019/7197/ms002:J0A4,CH12,Jan Choinski,M15 Santo Domingo,FU,2019-11-25,SF,Paul,Jubb,6-4 7-5,ITF main draw,2019,absent,,,,,,,,,,,,,,False
CH12:atp:2019/7197/ms004:H0C9,CH12,Jan Choinski,M15 Santo Domingo,FU,2019-11-25,QF,Arklon,Huertas Del Pino Cordova,6-2 6-1,ITF main draw,2019,linked,8511386,1575035700.0,"Santo Domingo, Singles M-ITF-DOM-01A",ITF Men,Quarterfinals,Arklon Huertas Del Pino Cordova,3.0,2.0,1.0,0.0,2,false,finished,True
CH12:atp:2019/7197/ms008:Z239,CH12,Jan Choinski,M15 Santo Domingo,FU,2019-11-25,R16,Federico,Zeballos,6-4 6-3,ITF main draw,2019,linked,8510741,1574947800.0,"Santo Domingo, Singles M-ITF-DOM-01A",ITF Men,Round of 16,Federico Zeballos,3.0,2.0,1.0,0.0,2,false,finished,True
CH12:atp:2019/7197/ms016:CI19,CH12,Jan Choinski,M15 Santo Domingo,FU,2019-11-25,R32,A.J.,Catanzariti,6-1 6-2,ITF main draw,2019,linked,8510015,1574865000.0,"Santo Domingo, Singles M-ITF-DOM-01A",ITF Men,Round of 32,A J Catanzariti,3.0,2.0,1.0,0.0,2,false,finished,True
CH12:atp:2019/7468/ms001:U182,CH12,Jan Choinski,M15 Santo Domingo,FU,2019-12-02,F,Camilo,Ugo Carabelli,6-0 6-0,ITF main draw,2019,unobserved,,,,,,,,,,,,,,False
CH12:atp:2019/7468/ms002:J0A4,CH12,Jan Choinski,M15 Santo Domingo,FU,2019-12-02,SF,Paul,Jubb,6-2 6-1,ITF main draw,2019,linked,8512356,1575122400.0,"Santo Domingo, Singles M-ITF-DOM-01A",ITF Men,Semifinals,Paul Jubb,3.0,2.0,1.0,0.0,1,false,finished,True
CH12:atp:2019/7468/ms004:O634,CH12,Jan Choinski,M15 Santo Domingo,FU,2019-12-02,QF,Jose,Olivares,6-1 6-4,ITF main draw,2019,unobserved,,,,,,,,,,,,,,False
CH12:atp:2019/7468/ms008:K0EU,CH12,Jan Choinski,M15 Santo Domingo,FU,2019-12-02,R16,Toby,Kodat,6-1 6-0,ITF main draw,2019,linked,8516766,1575554400.0,"Santo Domingo, Singles M-ITF-DOM-02A",ITF Men,Round of 16,Toby Alex Kodat,2.0,2.0,1.0,0.0,2,false,finished,True
CH12:atp:2019/7468/ms016:BP79,CH12,Jan Choinski,M15 Santo Domingo,FU,2019-12-02,R32,Peter,Bertran,6-2 6-1,ITF main draw,2019,linked,8514745,1575477600.0,"Santo Domingo, Singles M-ITF-DOM-02A",ITF Men,Round of 32,Peter Bertran,3.0,2.0,1.0,0.0,2,false,finished,True
CH12:atp:2020/8367/ms024:I0A7,CH12,Jan Choinski,M15 Heraklion,FU,2020-11-02,R32,Nicholas David,Ionel,3-6 4-6,ITF main draw,2020,linked,9151077,1604484600.0,"Greece F10, Singles",ITF Men,Round of 32,Nicholas David Ionel,3.0,2.0,0.0,0.0,1,false,finished,True
CH12:atp:2020/9417/ms013:FC26,CH12,Jan Choinski,M15 Heraklion,FU,2020-11-09,R16,Evan,Furness,4-6 0-6,ITF main draw,2020,linked,9166943,1605252600.0,"Heraklion, 2020 Greece F11, Singles Qualifying",ITF Men,Round of 16,Evan Furness,3.0,0.0,1.0,0.0,absent,false,finished,False
CH12:atp:2020/9417/ms027:HB48,CH12,Jan Choinski,M15 Heraklion,FU,2020-11-09,R32,Calvin,Hemery,4-2,ITF main draw,2020,unobserved,,,,,,,,,,,,,,False
CH12:atp:2020/9419/ms013:D0AR,CH12,Jan Choinski,M15 Heraklion,FU,2020-11-16,R16,Mateus,Alves,2-6 4-6,ITF main draw,2020,unobserved,,,,,,,,,,,,,,False
CH12:atp:2020/9419/ms027:J09X,CH12,Jan Choinski,M15 Heraklion,FU,2020-11-16,R32,Filip Cristian,Jianu,6-2 2-6 4-2,ITF main draw,2020,unobserved,,,,,,,,,,,,,,False
CH12:atp:2020/9421/ms027:S0AR,CH12,Jan Choinski,M15 Heraklion,FU,2020-11-23,R32,Timo,Stodder,2-6 4-6,ITF main draw,2020,unobserved,,,,,,,,,,,,,,False
CH12:atp:2021/8144/ms002:Z0AB,CH12,Jan Choinski,M15 St. Petersburg,FU,2021-02-01,SF,Alexey,Zakharov,6-7(3) 1-6,ITF main draw,2021,linked,9327068,1612598400.0,"St. Petersburg, Singles M-ITF-RUS-01A",ITF Men,Semifinals,Alexey Zakharov,3.0,2.0,1.0,0.0,1,false,finished,True
CH12:atp:2021/8144/ms004:GE28,CH12,Jan Choinski,M15 St. Petersburg,FU,2021-02-01,QF,Ivan,Gakhov,6-3 6-1,ITF main draw,2021,linked,9325314,1612520400.0,"St. Petersburg, Singles M-ITF-RUS-01A",ITF Men,Quarterfinals,Ivan Gakhov,3.0,2.0,1.0,0.0,1,false,finished,True
CH12:atp:2021/8144/ms008:P0EV,CH12,Jan Choinski,M15 St. Petersburg,FU,2021-02-01,R16,Andrew,Paulson,6-3 6-4,ITF main draw,2021,linked,9323194,1612432800.0,"St. Petersburg, Singles M-ITF-RUS-01A",ITF Men,Round of 16,Andrew Paulson,3.0,2.0,1.0,0.0,1,false,finished,True
CH12:atp:2021/8144/ms016:G0BY,CH12,Jan Choinski,M15 St. Petersburg,FU,2021-02-01,R32,Daniil,Glinka,6-1 6-4,ITF main draw,2021,linked,9320179,1612340400.0,"St. Petersburg, Singles M-ITF-RUS-01A",ITF Men,Round of 32,Daniil Glinka,3.0,2.0,1.0,0.0,2,false,finished,True
CH12:atp:2021/8190/ms002:TD47,CH12,Jan Choinski,M15 St. Petersburg,FU,2021-02-08,SF,Evgenii,Tiurnev,4-6 1-6,ITF main draw,2021,linked,9340726,1613209200.0,"St. Petersburg, Singles M-ITF-RUS-02A",ITF Men,Semifinals,Evgenii Tiurnev,3.0,2.0,1.0,0.0,1,false,finished,True
CH12:atp:2021/8190/ms004:CJ60,CH12,Jan Choinski,M15 St. Petersburg,FU,2021-02-08,QF,Alexandr,Cozbinov,6-2 6-7(4) 6-4,ITF main draw,2021,linked,9338701,1613129700.0,"St. Petersburg, Singles M-ITF-RUS-02A",ITF Men,Quarterfinals,Alexandr Cozbinov,3.0,2.0,1.0,0.0,2,false,finished,True
CH12:atp:2021/8190/ms008:DB64,CH12,Jan Choinski,M15 St. Petersburg,FU,2021-02-08,R16,Marat,Deviatiarov,6-4 6-7(5) 6-1,ITF main draw,2021,linked,9336561,1613048100.0,"St. Petersburg, Singles M-ITF-RUS-02A",ITF Men,Round of 16,Marat Deviatiarov,3.0,2.0,1.0,0.0,1,false,finished,True
CH12:atp:2021/8190/ms016:W09F,CH12,Jan Choinski,M15 St. Petersburg,FU,2021-02-08,R32,Alexander,Wolfschmidt,6-3 6-2,ITF main draw,2021,linked,9332772,1612959300.0,"St. Petersburg, Singles M-ITF-RUS-02A",ITF Men,Round of 32,Alexander Wolfschmidt,3.0,2.0,1.0,0.0,2,false,finished,True
CH12:atp:2022/8163/ms003:BV21,CH12,Jan Choinski,M25 Bath,FU,2022-01-10,SF,Charles,Broom,2-6 2-6,ITF main draw,2022,linked,10068898,1642240800.0,"Great Britain F21, Singles",ITF Men,Semifinals,Charles Broom,3.0,2.0,0.0,0.0,2,false,finished,True
CH12:atp:2022/8163/ms007:G0AO,CH12,Jan Choinski,M25 Bath,FU,2022-01-10,QF,Alastair,Gray,7-5 6-3,ITF main draw,2022,linked,10067400,1642154100.0,"Great Britain F21, Singles",ITF Men,Quarterfinals,Alastair Gray,3.0,2.0,0.0,0.0,2,false,finished,True
CH12:atp:2022/8163/ms015:W0DI,CH12,Jan Choinski,M25 Bath,FU,2022-01-10,R16,Phoenix,Weir,6-3 6-2,ITF main draw,2022,linked,10064611,1642085100.0,"Great Britain F21, Singles",ITF Men,Round of 16,Phoenix Weir,3.0,2.0,0.0,0.0,2,false,finished,True
CH12:atp:2022/8163/ms030:N754,CH12,Jan Choinski,M25 Bath,FU,2022-01-10,R32,Patrik,Niklas-Salminen,6-2 6-3,ITF main draw,2022,linked,10060648,1641911400.0,"Great Britain F21, Singles",ITF Men,Round of 32,Patrik Niklas-Salminen,3.0,2.0,0.0,0.0,1,false,finished,True
CH12:atp:2022/8224/ms003:E768,CH12,Jan Choinski,M25 Loughborough,FU,2022-01-24,SF,Antoine,Escoffier,4-6 1-3,ITF main draw,2022,linked,10101343,1643459400.0,"Loughborough, 2022 Great Britain F3, Singles",ITF Men,Semifinals,Antoine Escoffier,3.0,2.0,1.0,0.0,1,false,finished,True
CH12:atp:2022/8224/ms006:J0A4,CH12,Jan Choinski,M25 Loughborough,FU,2022-01-24,QF,Paul,Jubb,6-4 5-7 6-3,ITF main draw,2022,linked,10099081,1643388000.0,"Loughborough, 2022 Great Britain F3, Singles",ITF Men,Quarterfinals,Paul Jubb,3.0,2.0,1.0,0.0,2,false,finished,True
CH12:atp:2022/8224/ms012:L0EE,CH12,Jan Choinski,M25 Loughborough,FU,2022-01-24,R16,Daniel,Little,7-5 6-3,ITF main draw,2022,linked,10096113,1643288400.0,"Loughborough, 2022 Great Britain F3, Singles",ITF Men,Round of 16,Daniel Little,3.0,2.0,1.0,0.0,2,false,finished,True
CH12:atp:2022/8224/ms024:SO20,CH12,Jan Choinski,M25 Loughborough,FU,2022-01-24,R32,Jelle,Sels,7-6(4) 4-1,ITF main draw,2022,linked,10090707,1643118900.0,"Loughborough, 2022 Great Britain F3, Singles",ITF Men,Round of 32,Jelle Sels,3.0,2.0,1.0,0.0,absent,false,finished,False
CH12:atp:2022/8197/ms015:M0FA,CH12,Jan Choinski,M25 Loule,FU,2022-03-14,R16,Anton,Matusevich,6-3 3-6 6-7(1),ITF main draw,2022,linked,10200107,1647597600.0,"Loule, Singles M-ITF-POR-04A",ITF Men,absent,Anton Matusevich,3.0,0.0,1.0,0.0,2,false,finished,True
CH12:atp:2022/8197/ms030:D0H9,CH12,Jan Choinski,M25 Loule,FU,2022-03-14,R32,Guy,Den Ouden,7-6(5) 6-3,ITF main draw,2022,linked,10193310,1647524700.0,"Loule, Singles M-ITF-POR-04A",ITF Men,absent,Guy Den Ouden,3.0,0.0,1.0,0.0,1,false,finished,True
CH12:atp:2022/8210/ms010:M0FA,CH12,Jan Choinski,M25 Quinta Do Lago,FU,2022-03-21,R16,Anton,Matusevich,6-7(6) 5-7,ITF main draw,2022,unobserved,,,,,,,,,,,,,,False
CH12:atp:2022/8210/ms021:L0DG,CH12,Jan Choinski,M25 Quinta Do Lago,FU,2022-03-21,R32,Aleksi,Lofman,6-1 6-2,ITF main draw,2022,unobserved,,,,,,,,,,,,,,False
CH12:atp:2022/9518/qs009:D0FJ,CH12,Jan Choinski,Oeiras 1,CH,2022-03-28,Q2,Luciano,Darderi,6-1 2-6 2-6,Challenger qualifying,2022,unobserved,,,,,,,,,,,,,,False
CH12:atp:2022/9518/qs019:CC98,CH12,Jan Choinski,Oeiras 1,CH,2022-03-28,Q1,Martin,Cuevas,6-1 5-7 6-1,Challenger qualifying,2022,unobserved,,,,,,,,,,,,,,False
CH12:atp:2022/9475/qs012:LI39,CH12,Jan Choinski,Oeiras 2,CH,2022-04-04,Q2,Alexandar,Lazarov,4-6 3-6,Challenger qualifying,2022,unobserved,,,,,,,,,,,,,,False
CH12:atp:2022/9475/qs025:MI69,CH12,Jan Choinski,Oeiras 2,CH,2022-04-04,Q1,Alexis,Musialek,7-6(4) 6-1,Challenger qualifying,2022,unobserved,,,,,,,,,,,,,,False
CH12:atp:2022/3839/ms011:BV21,CH12,Jan Choinski,M25 Nottingham,FU,2022-04-11,R16,Charles,Broom,6-7(5) 7-5 6-7(2),ITF main draw,2022,unobserved,,,,,,,,,,,,,,False
CH12:atp:2022/3839/ms022:S0DH,CH12,Jan Choinski,M25 Nottingham,FU,2022-04-11,R32,Roy,Smith,6-4 7-5,ITF main draw,2022,unobserved,,,,,,,,,,,,,,False
CH12:atp:2022/9840/ms011:P0B2,CH12,Jan Choinski,M25 Nottingham,FU,2022-04-18,R16,Luca,Potenza,6-7(3) 3-6,ITF main draw,2022,unobserved,,,,,,,,,,,,,,False
CH12:atp:2022/9840/ms022:Q02D,CH12,Jan Choinski,M25 Nottingham,FU,2022-04-18,R32,David,Quayle,6-1 6-3,ITF main draw,2022,unobserved,,,,,,,,,,,,,,False
CH12:atp:2022/9842/ms008:M0F4,CH12,Jan Choinski,M25 Nottingham,FU,2022-05-02,R16,Brandon,Murphy,6-4 5-7 4-6,ITF main draw,2022,linked,10289407,1651753500.0,"Nottingham, Singles M-ITF-GBR-07A",ITF Men,Round of 16,Brandon Murphy,3.0,2.0,1.0,0.0,1,false,finished,True
CH12:atp:2022/9842/ms017:CN64,CH12,Jan Choinski,M25 Nottingham,FU,2022-05-02,R32,Alexis,Canter,6-3 6-4,ITF main draw,2022,linked,10288330,1651581000.0,"Nottingham, Singles M-ITF-GBR-07A",ITF Men,Round of 32,Alexis Canter,3.0,2.0,1.0,0.0,2,false,finished,True
CH12:atp:2022/612/ms009:F664,CH12,Jan Choinski,M25+H Kassel,FU,2022-07-11,R16,Sebastian,Fanselow,3-6 2-6,ITF main draw,2022,linked,10463749,1657788900.0,"Germany F6, Singles",ITF Men,Round of 16,Sebastian Fanselow,3.0,2.0,0.0,0.0,2,false,finished,True
CH12:atp:2022/612/ms018:F0FF,CH12,Jan Choinski,M25+H Kassel,FU,2022-07-11,R32,Philip,Florig,6-3 6-2,ITF main draw,2022,linked,10455149,1657632000.0,"Germany F6, Singles",ITF Men,Round of 32,Philip Florig,3.0,2.0,0.0,0.0,2,false,finished,True
CH12:atp:2022/572/ms004:H0A4,CH12,Jan Choinski,M25 Wetzlar,FU,2022-08-01,QF,Nick,Hardt,3-6 4-6,ITF main draw,2022,linked,10548281,1659708000.0,"Germany F7, Singles",ITF Men,Quarterfinals,Nick Hardt,3.0,2.0,0.0,0.0,2,false,finished,True
CH12:atp:2022/572/ms009:O0A2,CH12,Jan Choinski,M25 Wetzlar,FU,2022-08-01,R16,Gauthier,Onclin,6-3 3-6 6-1,ITF main draw,2022,linked,10544744,1659610800.0,"Germany F7, Singles",ITF Men,Round of 16,Gauthier Onclin,3.0,2.0,0.0,0.0,1,false,finished,True
CH12:atp:2022/572/ms018:S0GF,CH12,Jan Choinski,M25 Wetzlar,FU,2022-08-01,R32,Maik,Steiner,6-0 7-6(1),ITF main draw,2022,linked,10542216,1659528000.0,"Germany F7, Singles",ITF Men,Round of 32,Maik Steiner,3.0,2.0,0.0,0.0,1,false,finished,True
CH12:atp:2022/551/ms001:L0AT,CH12,Jan Choinski,M15 Frankfurt am Main,FU,2022-08-08,F,Imanol,Lopez Morillo,6-3 7-6(4),ITF main draw,2022,linked,10586807,1660467600.0,"Germany F8, Singles",ITF Men,Final,Imanol Lopez Morillo,3.0,2.0,0.0,0.0,2,false,finished,True
CH12:atp:2022/551/ms003:W712,CH12,Jan Choinski,M15 Frankfurt am Main,FU,2022-08-08,SF,Kai,Wehnelt,6-4 7-6(3),ITF main draw,2022,linked,10584726,1660393200.0,"Germany F8, Singles",ITF Men,Semifinals,Kai Wehnelt,3.0,2.0,0.0,0.0,2,false,finished,True
CH12:atp:2022/551/ms006:P0CD,CH12,Jan Choinski,M15 Frankfurt am Main,FU,2022-08-08,QF,Daniel,Paty,6-1 6-3,ITF main draw,2022,linked,10581824,1660296300.0,"Germany F8, Singles",ITF Men,Quarterfinals,Daniel Pátý,3.0,2.0,0.0,0.0,1,false,finished,True
CH12:atp:2022/551/ms012:SZ36,CH12,Jan Choinski,M15 Frankfurt am Main,FU,2022-08-08,R16,Niklas,Schell,,ITF main draw,2022,linked,10560250,1660213800.0,"Germany F8, Singles",ITF Men,Round of 16,Niklas Schell,3.0,2.0,0.0,0.0,absent,false,finished,False
CH12:atp:2022/551/ms024:BV18,CH12,Jan Choinski,M15 Frankfurt am Main,FU,2022-08-08,R32,Adam,Blecha,6-4 6-2,ITF main draw,2022,linked,10556360,1660139100.0,"Germany F8, Singles",ITF Men,Round of 32,Adam Blecha,3.0,2.0,0.0,0.0,2,false,finished,True
CH12:atp:2022/1607/ms009:AC58,CH12,Jan Choinski,Banja Luka,CH,2022-08-22,R16,Nicolas,Alvarez,6-1 1-6 2-5,Challenger main draw,2022,linked,10599704,1661437800.0,"Banja Luka, Bosnia & Herzegovina",Challenger,Round of 16,N. Álvarez,1.0,2.0,1.0,0.0,absent,false,finished,False
CH12:atp:2022/1607/ms019:GA79,CH12,Jan Choinski,Banja Luka,CH,2022-08-22,R32,Lorenzo,Giustino,6-2 7-6(5),Challenger main draw,2022,linked,10612366,1661180400.0,"Banja Luka, Bosnia & Herzegovina",Challenger,Round of 32,Lorenzo Giustino,3.0,2.0,1.0,0.0,absent,false,finished,False
CH12:atp:2022/448/ms005:DB59,CH12,Jan Choinski,Szczecin,CH,2022-09-12,QF,Dennis,Novak,1-6 3-6,Challenger main draw,2022,unobserved,,,,,,,,,,,,,,False
CH12:atp:2022/448/ms010:T0AP,CH12,Jan Choinski,Szczecin,CH,2022-09-12,R16,Chun-Hsin,Tseng,6-4 4-6 7-6(8),Challenger main draw,2022,unobserved,,,,,,,,,,,,,,False
CH12:atp:2022/448/ms021:J397,CH12,Jan Choinski,Szczecin,CH,2022-09-12,R32,Jerzy,Janowicz,6-3 6-4,Challenger main draw,2022,unobserved,,,,,,,,,,,,,,False
CH12:atp:2022/448/qs008:H0EH,CH12,Jan Choinski,Szczecin,CH,2022-09-12,Q2,Tim,Handel,7-5 3-6 7-5,Challenger qualifying,2022,unobserved,,,,,,,,,,,,,,False
CH12:atp:2022/448/qs017:S0AR,CH12,Jan Choinski,Szczecin,CH,2022-09-12,Q1,Timo,Stodder,4-6 7-5 6-4,Challenger qualifying,2022,unobserved,,,,,,,,,,,,,,False
CH12:atp:2022/6590/ms031:M0JZ,CH12,Jan Choinski,Sibiu,CH,2022-09-19,R32,Filip,Misolic,3-6 6-3 2-6,Challenger main draw,2022,unobserved,,,,,,,,,,,,,,False
CH12:atp:2022/6307/ms001:V836,CH12,Jan Choinski,Campinas,CH,2022-10-03,F,Juan Pablo,Varillas,6-4 6-4,Challenger main draw,2022,linked,10720523,1665331200.0,"Campinas, Brazil",Challenger,Final,Juan Pablo Varillas,3.0,2.0,1.0,0.0,absent,false,finished,False
CH12:atp:2022/6307/ms002:BU70,CH12,Jan Choinski,Campinas,CH,2022-10-03,SF,Remy,Bertola,6-4 6-4,Challenger main draw,2022,linked,10720537,1665237000.0,"Campinas, Brazil",Challenger,Semifinals,Remy Bertola,3.0,2.0,1.0,0.0,absent,false,finished,False
CH12:atp:2022/6307/ms005:MP20,CH12,Jan Choinski,Campinas,CH,2022-10-03,QF,Alexandre,Muller,6-0 1-6 6-4,Challenger main draw,2022,unobserved,,,,,,,,,,,,,,False
CH12:atp:2022/6307/ms010:T0DM,CH12,Jan Choinski,Campinas,CH,2022-10-03,R16,Juan Bautista,Torres,6-2 6-1,Challenger main draw,2022,unobserved,,,,,,,,,,,,,,False
CH12:atp:2022/6307/ms020:LB07,CH12,Jan Choinski,Campinas,CH,2022-10-03,R32,Gonzalo,Lama,6-3 6-1,Challenger main draw,2022,unobserved,,,,,,,,,,,,,,False
CH12:atp:2022/6307/qs009:Z0BY,CH12,Jan Choinski,Campinas,CH,2022-10-03,Q2,Nicolas,Zanellato,6-4 6-3,Challenger qualifying,2022,unobserved,,,,,,,,,,,,,,False
CH12:atp:2022/6307/qs019:C0JX,CH12,Jan Choinski,Campinas,CH,2022-10-03,Q1,Sean,Cuenin,7-6(5) 6-1,Challenger qualifying,2022,unobserved,,,,,,,,,,,,,,False
CH12:atp:2022/2813/ms014:H997,CH12,Jan Choinski,Rio de Janeiro,CH,2022-10-10,R16,Yannick,Hanfmann,2-6 4-6,Challenger main draw,2022,linked,10738240,1665673800.0,"Rio de Janeiro, Brazil",Challenger,Round of 16,Yannick Hanfmann,3.0,2.0,1.0,0.0,absent,false,finished,False
CH12:atp:2022/2813/ms029:PG20,CH12,Jan Choinski,Rio de Janeiro,CH,2022-10-10,R32,Dmitry,Popko,6-3 3-6 6-3,Challenger main draw,2022,linked,10749112,1665520200.0,"Rio de Janeiro, Brazil",Challenger,Round of 32,Dmitry Popko,3.0,2.0,1.0,0.0,absent,false,finished,False
CH12:atp:2022/9573/ms017:M0GZ,CH12,Jan Choinski,Ambato,CH,2022-10-17,R32,Giovanni,Mpetshi Perricard,3-6 6-7(6),Challenger main draw,2022,linked,10800316,1666121700.0,"Ambato, Ecuador",Challenger,Round of 32,Giovanni Mpetshi Perricard,3.0,2.0,1.0,0.0,absent,false,finished,False
CH12:atp:2022/6579/ms031:EA24,CH12,Jan Choinski,Lima 2,CH,2022-10-24,R32,Tomas Martin,Etcheverry,4-6 2-6,Challenger main draw,2022,linked,10838630,1666748400.0,"Lima 2, Peru",Challenger,Round of 32,Tomas Martin Etcheverry,3.0,2.0,1.0,0.0,absent,false,finished,False
CH12:atp:2022/6579/qs013:B0FV,CH12,Jan Choinski,Lima 2,CH,2022-10-24,Q2,Roman Andres,Burruchaga,6-1 6-3,Challenger qualifying,2022,linked,10836242,1666635300.0,"Lima 2, Peru, Qualifying",Challenger,absent,Roman Andres Burruchaga,3.0,1.0,1.0,0.0,absent,false,finished,False
CH12:atp:2022/6579/qs026:V846,CH12,Jan Choinski,Lima 2,CH,2022-10-24,Q1,Jose Fco.,Vidal Azorin,6-3 6-2,Challenger qualifying,2022,linked,10834888,1666548600.0,"Lima 2, Peru, Qualifying",Challenger,Qualification round 1,J. Vidal Azorin,1.0,2.0,1.0,0.0,absent,false,finished,False
CH12:atp:2022/7391/ms007:CF01,CH12,Jan Choinski,Guayaquil,CH,2022-10-31,QF,Marco,Cecchinato,1-6 3-6,Challenger main draw,2022,linked,10841548,1667590800.0,"Guayaquil, Ecuador",Challenger,Quarterfinals,Marco Cecchinato,3.0,2.0,1.0,0.0,absent,false,finished,False
CH12:atp:2022/7391/ms014:C0C8,CH12,Jan Choinski,Guayaquil,CH,2022-10-31,R16,Juan Manuel,Cerundolo,6-7(3) 6-2 6-4,Challenger main draw,2022,linked,10841551,1667487600.0,"Guayaquil, Ecuador",Challenger,Round of 16,Juan Manuel Cerundolo,3.0,2.0,1.0,0.0,absent,false,finished,False
CH12:atp:2022/7391/ms029:T0A1,CH12,Jan Choinski,Guayaquil,CH,2022-10-31,R32,Thiago Agustin,Tirante,6-3 7-6(5),Challenger main draw,2022,linked,10854294,1667406900.0,"Guayaquil, Ecuador",Challenger,Round of 32,Thiago Agustin Tirante,3.0,2.0,1.0,0.0,absent,false,finished,False
CH12:atp:2022/7391/qs009:M0N7,CH12,Jan Choinski,Guayaquil,CH,2022-10-31,Q2,Daniel,Merida,7-5 6-4,Challenger qualifying,2022,linked,10852297,1667314800.0,"Guayaquil, Ecuador, Qualifying",Challenger,absent,Daniel Merida,3.0,1.0,1.0,0.0,absent,false,finished,False
CH12:atp:2022/7391/qs018:AA49,CH12,Jan Choinski,Guayaquil,CH,2022-10-31,Q1,Boris,Arias,6-1 6-1,Challenger qualifying,2022,linked,10850307,1667228400.0,"Guayaquil, Ecuador, Qualifying",Challenger,Qualification round 1,Boris Arias,3.0,2.0,1.0,0.0,absent,false,finished,False
CH12:atp:2022/544/ms017:O660,CH12,Jan Choinski,Montevideo,CH,2022-11-07,R32,Genaro Alberto,Olivieri,5-7 5-7,Challenger main draw,2022,linked,10871201,1667940000.0,"Montevideo, Uruguay",Challenger,Round of 32,Genaro Alberto Olivieri,3.0,2.0,1.0,0.0,absent,false,finished,False
CH12:atp:2022/544/qs009:W09B,CH12,Jan Choinski,Montevideo,CH,2022-11-07,Q2,Damien,Wenger,7-6(7) 6-3,Challenger qualifying,2022,linked,10864683,1667843700.0,"Montevideo, Uruguay, Qualifying",Challenger,absent,Damien Wenger,3.0,1.0,1.0,0.0,absent,false,finished,False
CH12:atp:2022/544/qs018:F0DU,CH12,Jan Choinski,Montevideo,CH,2022-11-07,Q1,Juan Martin,Fumeaux,6-3 6-2,Challenger qualifying,2022,linked,10862992,1667757300.0,"Montevideo, Uruguay, Qualifying",Challenger,Qualification round 1,Juan Martin Fumeaux,3.0,2.0,1.0,0.0,absent,false,finished,False
CH12:atp:2022/8312/ms005:N663,CH12,Jan Choinski,Maia,CH,2022-11-28,QF,Maximilian,Neuchrist,7-6(6) 3-6 4-6,Challenger main draw,2022,unobserved,,,,,,,,,,,,,,False
CH12:atp:2022/8312/ms010:F840,CH12,Jan Choinski,Maia,CH,2022-11-28,R16,Nerman,Fatic,6-3 4-2,Challenger main draw,2022,unobserved,,,,,,,,,,,,,,False
CH12:atp:2022/8312/ms021:SS25,CH12,Jan Choinski,Maia,CH,2022-11-28,R32,Vitaliy,Sachko,6-0 6-4,Challenger main draw,2022,unobserved,,,,,,,,,,,,,,False
CH12:atp:2022/4278/ms002:BU70,CH12,Jan Choinski,M15 Madrid,FU,2022-12-05,SF,Remy,Bertola,4-6 5-7,ITF main draw,2022,unobserved,,,,,,,,,,,,,,False
CH12:atp:2022/4278/ms004:M0L2,CH12,Jan Choinski,M15 Madrid,FU,2022-12-05,QF,Alejandro,Manzanera Pertusa,6-4 6-0,ITF main draw,2022,unobserved,,,,,,,,,,,,,,False
CH12:atp:2022/4278/ms008:C0KH,CH12,Jan Choinski,M15 Madrid,FU,2022-12-05,R16,Julio,Cesar Porras,7-5 6-3,ITF main draw,2022,unobserved,,,,,,,,,,,,,,False
CH12:atp:2022/4278/ms016:S0I2,CH12,Jan Choinski,M15 Madrid,FU,2022-12-05,R32,Jonas,Schaer,6-1 7-6(3),ITF main draw,2022,unobserved,,,,,,,,,,,,,,False
CH12:atp:2023/301/qs014:L0BV,CH12,Jan Choinski,Auckland,250,2023-01-09,Q1,Jiri,Lehecka,7-5 0-6 2-6,Tour qualifying,2023,unobserved,,,,,,,,,,,,,,False
CH12:atp:2023/2801/ms009:KH56,CH12,Jan Choinski,Nonthaburi 3,CH,2023-01-16,R16,Zdenek,Kolar,4-6 6-3 0-6,Challenger main draw,2023,linked,10982775,1674022200.0,"Nonthaburi 3, Thailand",Challenger,Round of 16,Zdenek Kolar,3.0,2.0,1.0,0.0,absent,false,finished,False
CH12:atp:2023/2801/ms018:N831,CH12,Jan Choinski,Nonthaburi 3,CH,2023-01-16,R32,Jirat,Navasirisomboon,6-1 6-3,Challenger main draw,2023,unobserved,,,,,,,,,,,,,,False
CH12:atp:2023/4284/ms002:MN20,CH12,Jan Choinski,M25 Nussloch,FU,2023-01-23,SF,Daniel,Masur,2-6 5-7,ITF main draw,2023,linked,11023131,1674910500.0,"Nussloch, Singles Main, M-ITF-GER-01A",ITF Men,Semifinals,Daniel Masur,3.0,2.0,1.0,0.0,2,false,finished,True
CH12:atp:2023/4284/ms004:B0C5,CH12,Jan Choinski,M25 Nussloch,FU,2023-01-23,QF,Florian,Broska,6-3 2-6 6-2,ITF main draw,2023,linked,11019529,1674819900.0,"Nussloch, Singles Main, M-ITF-GER-01A",ITF Men,Quarterfinals,Florian Broska,3.0,2.0,1.0,0.0,1,false,finished,True
CH12:atp:2023/4284/ms008:LC11,CH12,Jan Choinski,M25 Nussloch,FU,2023-01-23,R16,Tristan,Lamasine,6-3 7-5,ITF main draw,2023,linked,11014946,1674745200.0,"Nussloch, Singles Main, M-ITF-GER-01A",ITF Men,Round of 16,Tristan Lamasine,3.0,2.0,1.0,0.0,1,false,finished,True
CH12:atp:2023/4284/ms016:CH19,CH12,Jan Choinski,M25 Nussloch,FU,2023-01-23,R32,Daniele,Capecchi,6-3 3-6 6-3,ITF main draw,2023,linked,11010979,1674648300.0,"Nussloch, Singles Main, M-ITF-GER-01A",ITF Men,Round of 32,Daniele Capecchi,3.0,2.0,1.0,0.0,1,false,finished,True
CH12:atp:2023/7652/ms009:MP20,CH12,Jan Choinski,Koblenz,CH,2023-01-30,R16,Alexandre,Muller,3-6 7-6(4) 5-7,Challenger main draw,2023,linked,11013071,1675277700.0,"Koblenz, Germany",Challenger,Round of 16,Alexandre Muller,3.0,2.0,1.0,0.0,absent,false,finished,False
CH12:atp:2023/7652/ms018:Y171,CH12,Jan Choinski,Koblenz,CH,2023-01-30,R32,Denis,Yevseyev,6-4 1-6 6-2,Challenger main draw,2023,linked,11028177,1675185000.0,"Koblenz, Germany",Challenger,Round of 32,Denis Yevseyev,3.0,2.0,1.0,0.0,absent,false,finished,False
CH12:atp:2023/398/ms002:Z0A1,CH12,Jan Choinski,Cherbourg,CH,2023-02-13,SF,Giulio,Zeppieri,4-6 6-3 3-6,Challenger main draw,2023,linked,11047238,1676731500.0,"Cherbourg, France",Challenger,Semifinals,Giulio Zeppieri,3.0,2.0,1.0,0.0,absent,false,finished,False
CH12:atp:2023/398/ms005:D0HD,CH12,Jan Choinski,Cherbourg,CH,2023-02-13,QF,Gabriel,Debru,4-6 6-4 6-4,Challenger main draw,2023,linked,11047234,1676650800.0,"Cherbourg, France",Challenger,Quarterfinals,Gabriel Debru,3.0,2.0,1.0,0.0,absent,false,finished,False
CH12:atp:2023/398/ms010:GF95,CH12,Jan Choinski,Cherbourg,CH,2023-02-13,R16,Hugo,Grenier,6-2 6-1,Challenger main draw,2023,linked,11047233,1676555700.0,"Cherbourg, France",Challenger,Round of 16,Hugo Grenier,3.0,2.0,1.0,0.0,absent,false,finished,False
CH12:atp:2023/398/ms021:Y171,CH12,Jan Choinski,Cherbourg,CH,2023-02-13,R32,Denis,Yevseyev,6-3 6-2,Challenger main draw,2023,linked,11059986,1676371500.0,"Cherbourg, France",Challenger,Round of 32,Denis Yevseyev,3.0,2.0,1.0,0.0,absent,false,finished,False
CH12:atp:2023/2849/ms008:R09X,CH12,Jan Choinski,Rovereto,CH,2023-02-20,R16,Jurij,Rodionov,2-6 6-2 4-6,Challenger main draw,2023,linked,11079795,1677162000.0,"Rovereto, Italy",Challenger,Round of 16,Jurij Rodionov,3.0,2.0,1.0,0.0,absent,false,finished,False
CH12:atp:2023/2849/ms017:G09C,CH12,Jan Choinski,Rovereto,CH,2023-02-20,R32,Marek,Gengel,6-1 6-4,Challenger main draw,2023,linked,11071397,1677064800.0,"Rovereto, Italy",Challenger,Round of 32,Marek Gengel,3.0,2.0,1.0,0.0,absent,false,finished,False
CH12:atp:2023/7911/ms024:LI10,CH12,Jan Choinski,Puerto Vallarta,CH,2023-03-06,R32,Christian,Langmo,4-6 4-6,Challenger main draw,2023,linked,11110822,1678229400.0,"Puerto Vallarta, Mexico",Challenger,Round of 32,Christian Langmo,3.0,2.0,1.0,0.0,absent,false,finished,False
CH12:atp:2023/9829/ms008:B0GY,CH12,Jan Choinski,M25 Anapoima,FU,2023-03-13,R16,Alex,Barrena,3-6 6-2 5-7,ITF main draw,2023,unobserved,,,,,,,,,,,,,,False
CH12:atp:2023/9829/ms016:P0IZ,CH12,Jan Choinski,M25 Anapoima,FU,2023-03-13,R32,Enrique,Pena,6-1 6-1,ITF main draw,2023,linked,11118969,1678752000.0,"Anapoima, Singles Main, M-ITF-COL-01A",ITF Men,Round of 32,Enrique Pena,3.0,2.0,1.0,0.0,2,false,finished,True
CH12:atp:2023/8362/ms004:R0F1,CH12,Jan Choinski,M25 Mosquera,FU,2023-03-20,QF,Johan Alexander,Rodriguez,4-6 6-3 6-7(9),ITF main draw,2023,unobserved,,,,,,,,,,,,,,False
CH12:atp:2023/8362/ms008:L0FV,CH12,Jan Choinski,M25 Mosquera,FU,2023-03-20,R16,Thijmen,Loof,7-6(5) 7-5,ITF main draw,2023,unobserved,,,,,,,,,,,,,,False
CH12:atp:2023/8362/ms016:O560,CH12,Jan Choinski,M25 Mosquera,FU,2023-03-20,R32,Juan Sebastian,Osorio,6-4 7-5,ITF main draw,2023,unobserved,,,,,,,,,,,,,,False
CH12:atp:2023/8375/ms003:T0A1,CH12,Jan Choinski,Mexico City,CH,2023-03-27,SF,Thiago Agustin,Tirante,6-7(5) 6-4 4-6,Challenger main draw,2023,unobserved,,,,,,,,,,,,,,False
CH12:atp:2023/8375/ms007:CG94,CH12,Jan Choinski,Mexico City,CH,2023-03-27,QF,Enzo,Couacaud,6-1 6-2,Challenger main draw,2023,unobserved,,,,,,,,,,,,,,False
CH12:atp:2023/8375/ms015:GE33,CH12,Jan Choinski,Mexico City,CH,2023-03-27,R16,Daniel Elahi,Galan,4-6 6-3 6-2,Challenger main draw,2023,unobserved,,,,,,,,,,,,,,False
CH12:atp:2023/8375/ms030:GK06,CH12,Jan Choinski,Mexico City,CH,2023-03-27,R32,Alexis,Galarneau,6-2 6-2,Challenger main draw,2023,unobserved,,,,,,,,,,,,,,False
CH12:atp:2023/213/ms002:KE73,CH12,Jan Choinski,San Luis Potosi,CH,2023-04-03,SF,Dominik,Koepfer,3-6 3-6,Challenger main draw,2023,linked,11174112,1680989700.0,"San Luis Potosi, Mexico",Challenger,Semifinals,Dominik Koepfer,3.0,2.0,1.0,0.0,absent,false,finished,False
CH12:atp:2023/213/ms004:T0A1,CH12,Jan Choinski,San Luis Potosi,CH,2023-04-03,QF,Thiago Agustin,Tirante,6-4 6-4,Challenger main draw,2023,linked,11174118,1680894000.0,"San Luis Potosi, Mexico",Challenger,Quarterfinals,Thiago Agustin Tirante,3.0,2.0,1.0,0.0,absent,false,finished,False
CH12:atp:2023/213/ms009:R0A7,CH12,Jan Choinski,San Luis Potosi,CH,2023-04-03,R16,Joao Lucas,Reis Da Silva,7-5 7-5,Challenger main draw,2023,unobserved,,,,,,,,,,,,,,False
CH12:atp:2023/213/ms019:MJ98,CH12,Jan Choinski,San Luis Potosi,CH,2023-04-03,R32,Facundo,Mena,4-6 7-5 6-2,Challenger main draw,2023,unobserved,,,,,,,,,,,,,,False
CH12:atp:2023/1536/qs052:GH92,CH12,Jan Choinski,ATP Masters 1000 Madrid,1000,2023-04-24,Q1,Borna,Gojo,3-6 2-6,Tour qualifying,2023,linked,11233052,1682354400.0,"Madrid, Spain, Qualifying",ATP,Qualification round 1,Borna Gojo,3.0,2.0,1.0,0.0,absent,false,finished,False
CH12:atp:2023/600/ms016:KB05,CH12,Jan Choinski,Prague 1,CH,2023-05-01,R32,Filip,Krajinovic,4-6 6-4 2-6,Challenger main draw,2023,linked,11252797,1683030600.0,"Prague 1, Czech Republic",Challenger,Round of 32,F. Krajinović,1.0,2.0,1.0,0.0,absent,false,finished,False
CH12:atp:2023/600/qs008:M0AC,CH12,Jan Choinski,Prague 1,CH,2023-05-01,Q2,Rudolf,Molleker,6-0 6-3,Challenger qualifying,2023,linked,11250633,1682929800.0,"Prague 1, Czech Republic, Qualifying",Challenger,Qualification round 1,Rudolf Molleker,3.0,1.0,1.0,0.0,absent,false,finished,False
CH12:atp:2023/600/qs016:HD68,CH12,Jan Choinski,Prague 1,CH,2023-05-01,Q1,Billy,Harris,6-4 6-4,Challenger qualifying,2023,linked,11249074,1682841600.0,"Prague 1, Czech Republic, Qualifying",Challenger,Qualification round 1,Billy Harris,3.0,2.0,1.0,0.0,absent,false,finished,False
CH12:atp:2023/416/qs027:KD46,CH12,Jan Choinski,ATP Masters 1000 Rome,1000,2023-05-08,Q2,Thanasi,Kokkinakis,2-6 2-6,Tour qualifying,2023,linked,11267532,1683622800.0,"Rome, Italy, Qualifying",ATP,Qualification round 1,Thanasi Kokkinakis,3.0,1.0,1.0,0.0,absent,false,finished,False
CH12:atp:2023/416/qs055:R09X,CH12,Jan Choinski,ATP Masters 1000 Rome,1000,2023-05-08,Q1,Jurij,Rodionov,2-6 6-1 6-2,Tour qualifying,2023,linked,11265815,1683547500.0,"Rome, Italy, Qualifying",ATP,Qualification round 1,Jurij Rodionov,3.0,2.0,1.0,0.0,absent,false,finished,False
CH12:atp:2023/2871/ms010:A829,CH12,Jan Choinski,Oeiras 4,CH,2023-05-15,R16,Radu,Albot,6-7(3) 4-6,Challenger main draw,2023,linked,11270233,1684314000.0,"Oeiras 4, Portugal",Challenger,Round of 16,Radu Albot,3.0,2.0,1.0,0.0,absent,false,finished,False
CH12:atp:2023/2871/ms021:G983,CH12,Jan Choinski,Oeiras 4,CH,2023-05-15,R32,Alessandro,Giannessi,6-3 4-6 6-4,Challenger main draw,2023,linked,11284290,1684231800.0,"Oeiras 4, Portugal",Challenger,Round of 32,Alessandro Giannessi,3.0,2.0,1.0,0.0,absent,false,finished,False
CH12:atp:2023/1204/ms013:N897,CH12,Jan Choinski,Troisdorf,CH,2023-05-29,R16,Sumit,Nagal,,Challenger main draw,2023,linked,11303339,1685633400.0,"Troisdorf, Germany",Challenger,Round of 16,Sumit Nagal,3.0,2.0,1.0,0.0,absent,false,finished,False
CH12:atp:2023/1204/ms027:PC09,CH12,Jan Choinski,Troisdorf,CH,2023-05-29,R32,Jose,Pereira,6-4 6-3,Challenger main draw,2023,linked,11318408,1685460600.0,"Troisdorf, Germany",Challenger,Round of 32,Jose Pereira,3.0,2.0,1.0,0.0,absent,false,finished,False
CH12:atp:2023/520/qs058:O513,CH12,Jan Choinski,Roland Garros,GS,2023-05-29,Q2,Sebastian,Ofner,6-3 4-6 0-6,Tour qualifying,2023,linked,11304233,1684931700.0,"French Open, Paris, France, Qualifying",ATP,Qualification round 2,Sebastian Ofner,3.0,2.0,0.0,0.0,2,false,finished,True
CH12:atp:2023/520/qs117:KC29,CH12,Jan Choinski,Roland Garros,GS,2023-05-29,Q1,Nicolas,Kicker,2-6 6-3 2-0,Tour qualifying,2023,linked,11299117,1684828800.0,"French Open, Paris, France, Qualifying",ATP,Qualification round 1,Nicolas Kicker,3.0,2.0,0.0,0.0,2,false,finished,True
CH12:atp:2023/7740/ms017:GF95,CH12,Jan Choinski,Nottingham,CH,2023-06-12,R32,Hugo,Grenier,4-6 4-6,Challenger main draw,2023,linked,11342943,1686675000.0,"Nottingham, Great Britain",Challenger,Round of 32,Hugo Grenier,3.0,2.0,1.0,0.0,absent,false,finished,False
CH12:atp:2023/311/ms028:M0EJ,CH12,Jan Choinski,London / Queen's Club,500,2023-06-19,R32,Lorenzo,Musetti,4-6 2-6,Tour main draw,2023,linked,11357850,1687192200.0,"London, Great Britain",ATP,Round of 32,Lorenzo Musetti,3.0,2.0,1.0,0.0,1,false,finished,True
CH12:atp:2023/741/ms018:BI23,CH12,Jan Choinski,Eastbourne,250,2023-06-26,R32,Liam,Broady,3-6 4-6,Tour main draw,2023,unobserved,,,,,,,,,,,,,,False
CH12:atp:2023/741/qs006:GE33,CH12,Jan Choinski,Eastbourne,250,2023-06-26,Q2,Daniel Elahi,Galan,6-7(5) 4-6,Tour qualifying,2023,unobserved,,,,,,,,,,,,,,False
CH12:atp:2023/741/qs013:H0DC,CH12,Jan Choinski,Eastbourne,250,2023-06-26,Q1,Giles,Hussey,6-3 4-6 6-2,Tour qualifying,2023,linked,11374112,1687600800.0,"Eastbourne, Great Britain, Qualifying",ATP,Qualification round 1,Giles Hussey,3.0,2.0,1.0,0.0,absent,false,finished,False
CH12:atp:2023/540/ms061:HB71,CH12,Jan Choinski,Wimbledon,GS,2023-07-03,R64,Hubert,Hurkacz,4-6 4-6 6-7(3),Tour main draw,2023,unobserved,,,,,,,,,,,,,,False
CH12:atp:2023/540/ms122:L987,CH12,Jan Choinski,Wimbledon,GS,2023-07-03,R128,Dusan,Lajovic,5-7 7-6(4) 6-2 6-2,Tour main draw,2023,unobserved,,,,,,,,,,,,,,False
CH12:atp:2023/526/ms007:K09F,CH12,Jan Choinski,Braunschweig,CH,2023-07-10,QF,Pavel,Kotov,7-6(3) 3-6 2-6,Challenger main draw,2023,unobserved,,,,,,,,,,,,,,False
CH12:atp:2023/526/ms015:H996,CH12,Jan Choinski,Braunschweig,CH,2023-07-10,R16,Pierre-Hugues,Herbert,6-7(3) 6-4 7-6(5),Challenger main draw,2023,unobserved,,,,,,,,,,,,,,False
CH12:atp:2023/526/ms031:MV14,CH12,Jan Choinski,Braunschweig,CH,2023-07-10,R32,Alex,Molcan,2-6 6-3 7-6(3),Challenger main draw,2023,unobserved,,,,,,,,,,,,,,False
CH12:atp:2023/9198/ms010:D0D2,CH12,Jan Choinski,Amersfoort,CH,2023-07-17,R16,Alec,Deckers,2-6 6-7(5),Challenger main draw,2023,unobserved,,,,,,,,,,,,,,False
CH12:atp:2023/9198/ms020:RH59,CH12,Jan Choinski,Amersfoort,CH,2023-07-17,R32,Santiago,Rodriguez Taverna,6-4 7-5,Challenger main draw,2023,unobserved,,,,,,,,,,,,,,False
CH12:atp:2023/414/ms029:Z371,CH12,Jan Choinski,Hamburg,500,2023-07-24,R32,Zhizhen,Zhang,4-6 5-7,Tour main draw,2023,linked,11465664,1690301400.0,"Hamburg, Germany",ATP,Round of 32,Zhizhen Zhang,3.0,2.0,1.0,0.0,absent,false,finished,False
CH12:atp:2023/414/qs004:GE33,CH12,Jan Choinski,Hamburg,500,2023-07-24,Q2,Daniel Elahi,Galan,6-1 4-6 6-4,Tour qualifying,2023,unobserved,,,,,,,,,,,,,,False
CH12:atp:2023/414/qs009:M0BN,CH12,Jan Choinski,Hamburg,500,2023-07-24,Q1,Marvin,Moeller,6-3 6-4,Tour qualifying,2023,unobserved,,,,,,,,,,,,,,False
CH12:atp:2023/9542/ms024:O0A2,CH12,Jan Choinski,Luedenscheid,CH,2023-07-31,R32,Gauthier,Onclin,4-6 2-6,Challenger main draw,2023,linked,11487113,1690904400.0,"Luedenscheid, Germany",Challenger,Round of 32,Gauthier Onclin,3.0,2.0,1.0,0.0,7,false,finished,False
CH12:atp:2023/6809/ms001:U182,CH12,Jan Choinski,Meerbusch,CH,2023-08-07,F,Camilo,Ugo Carabelli,6-4 6-0,Challenger main draw,2023,linked,11500881,1691924400.0,"Meerbusch, Germany",Challenger,Final,Camilo Ugo Carabelli,3.0,2.0,1.0,0.0,absent,false,finished,False
CH12:atp:2023/6809/ms003:D0DW,CH12,Jan Choinski,Meerbusch,CH,2023-08-07,SF,Titouan,Droguet,6-1 6-4,Challenger main draw,2023,linked,11500880,1691848800.0,"Meerbusch, Germany",Challenger,Semifinals,Titouan Droguet,3.0,2.0,1.0,0.0,absent,false,finished,False
CH12:atp:2023/6809/ms007:KC33,CH12,Jan Choinski,Meerbusch,CH,2023-08-07,QF,Dimitar,Kuzmanov,2-6 7-5 6-3,Challenger main draw,2023,linked,11500883,1691756100.0,"Meerbusch, Germany",Challenger,Quarterfinals,Dimitar Kuzmanov,3.0,2.0,1.0,0.0,absent,false,finished,False
CH12:atp:2023/6809/ms015:WB25,CH12,Jan Choinski,Meerbusch,CH,2023-08-07,R16,Louis,Wessels,6-2 6-7(0) 7-6(5),Challenger main draw,2023,linked,11500888,1691669700.0,"Meerbusch, Germany",Challenger,Round of 16,Louis Wessels,3.0,2.0,1.0,0.0,absent,false,finished,False
CH12:atp:2023/6809/ms031:KI74,CH12,Jan Choinski,Meerbusch,CH,2023-08-07,R32,Nicola,Kuhn,7-6(4) 6-4,Challenger main draw,2023,linked,11508645,1691490300.0,"Meerbusch, Germany",Challenger,Round of 32,Nicola Kuhn,3.0,2.0,1.0,0.0,absent,false,finished,False
CH12:atp:2023/560/qs103:SY67,CH12,Jan Choinski,US Open,GS,2023-08-28,Q1,Sho,Shimabukuro,3-6 3-6,Tour qualifying,2023,linked,11563194,1692808800.0,"US Open, New York, USA, Qualifying",ATP,Qualification round 1,Sho Shimabukuro,3.0,2.0,0.0,0.0,21,false,finished,False
CH12:atp:2023/448/ms016:KI82,CH12,Jan Choinski,Szczecin,CH,2023-09-11,R32,Vit,Kopriva,2-6 3-6,Challenger main draw,2023,linked,11630778,1694514000.0,"Szczecin, Poland",Challenger,Round of 32,Vit Kopřiva,3.0,2.0,1.0,0.0,absent,false,finished,False
CH12:atp:2023/2891/ms006:DB59,CH12,Jan Choinski,Bad Waltersdorf,CH,2023-09-18,QF,Dennis,Novak,1-6 0-6,Challenger main draw,2023,linked,11637752,1695380400.0,"Bad Waltersdorf, Austria",Challenger,Quarterfinals,Dennis Novak,3.0,2.0,1.0,0.0,absent,false,finished,False
CH12:atp:2023/2891/ms012:KH56,CH12,Jan Choinski,Bad Waltersdorf,CH,2023-09-18,R16,Zdenek,Kolar,2-6 6-3 7-5,Challenger main draw,2023,linked,11637749,1695196800.0,"Bad Waltersdorf, Austria",Challenger,Round of 16,Zdenek Kolar,3.0,2.0,1.0,0.0,absent,false,finished,False
CH12:atp:2023/2891/ms024:MO44,CH12,Jan Choinski,Bad Waltersdorf,CH,2023-09-18,R32,Pedro,Martinez,7-5 6-4,Challenger main draw,2023,linked,11649732,1695042900.0,"Bad Waltersdorf, Austria",Challenger,Round of 32,Pedro Martinez,3.0,2.0,1.0,0.0,absent,false,finished,False
CH12:atp:2023/7913/ms020:A0CJ,CH12,Jan Choinski,Braga,CH,2023-09-25,R32,Duje,Ajdukovic,6-1 3-6 3-6,Challenger main draw,2023,linked,11683525,1695652200.0,"Braga, Portugal",Challenger,Round of 32,Duje Ajduković,3.0,2.0,1.0,0.0,absent,false,finished,False
CH12:atp:2023/6307/ms009:PH64,CH12,Jan Choinski,Campinas,CH,2023-10-02,R16,Andrea,Pellegrino,4-6 6-3 3-6,Challenger main draw,2023,unobserved,,,,,,,,,,,,,,False
CH12:atp:2023/6307/ms019:R0A7,CH12,Jan Choinski,Campinas,CH,2023-10-02,R32,Joao Lucas,Reis Da Silva,4-6 6-2 6-1,Challenger main draw,2023,linked,11699515,1696276800.0,"Campinas, Brazil",Challenger,Round of 32,Joao Lucas Reis da Silva,3.0,2.0,1.0,0.0,absent,false,finished,False
CH12:atp:2023/7395/ms004:CE77,CH12,Jan Choinski,Buenos Aires,CH,2023-10-09,QF,Federico,Coria,7-5 6-7(3) 3-6,Challenger main draw,2023,unobserved,,,,,,,,,,,,,,False
CH12:atp:2023/7395/ms009:DA31,CH12,Jan Choinski,Buenos Aires,CH,2023-10-09,R16,Hugo,Dellien,6-4,Challenger main draw,2023,unobserved,,,,,,,,,,,,,,False
CH12:atp:2023/7395/ms019:MJ08,CH12,Jan Choinski,Buenos Aires,CH,2023-10-09,R32,Thiago,Monteiro,6-3 1-6 6-3,Challenger main draw,2023,unobserved,,,,,,,,,,,,,,False
CH12:atp:2023/1208/ms019:PH64,CH12,Jan Choinski,Santa Fe 2,CH,2023-10-16,R32,Andrea,Pellegrino,4-6 0-3,Challenger main draw,2023,unobserved,,,,,,,,,,,,,,False
CH12:atp:2023/7793/ms019:K0E6,CH12,Jan Choinski,Ismaning,CH,2023-10-30,R32,Alibek,Kachmazov,4-6 7-5 2-6,Challenger main draw,2023,unobserved,,,,,,,,,,,,,,False
CH12:atp:2023/341/qs008:BK19,CH12,Jan Choinski,Metz,250,2023-11-06,Q1,Mathias,Bourgue,6-7(3) 7-6(5) 2-6,Tour qualifying,2023,unobserved,,,,,,,,,,,,,,False
CH12:atp:2023/2899/ms023:N0AE,CH12,Jan Choinski,Danderyd,CH,2023-11-13,R32,Brandon,Nakashima,4-6 2-6,Challenger main draw,2023,unobserved,,,,,,,,,,,,,,False
CH12:atp:2024/336/qs004:DA81,CH12,Jan Choinski,Hong Kong,250,2024-01-01,Q2,Taro,Daniel,4-6 6-3 4-6,Tour qualifying,2024,unobserved,,,,,,,,,,,,,,False
CH12:atp:2024/336/qs009:BU13,CH12,Jan Choinski,Hong Kong,250,2024-01-01,Q1,Zizou,Bergs,6-2 6-2,Tour qualifying,2024,unobserved,,,,,,,,,,,,,,False
CH12:atp:2024/580/qs069:HG94,CH12,Jan Choinski,Australian Open,GS,2024-01-15,Q1,Benjamin,Hassan,4-6 0-6,Tour qualifying,2024,linked,11954341,1704848100.0,"Australian Open, Melbourne, Australia, Qualifying",ATP,Qualification round 1,Benjamin Hassan,3.0,2.0,1.0,0.0,2,false,finished,True
CH12:atp:2024/2837/ms007:N0AE,CH12,Jan Choinski,Ottignies-Louvain-la-Neuve,CH,2024-01-22,QF,Brandon,Nakashima,1-6 7-6(5) 5-7,Challenger main draw,2024,linked,11978543,1706275800.0,"Ottignies-Louvain-la-Neuve, Belgium",Challenger,Quarterfinals,Brandon Nakashima,3.0,2.0,1.0,0.0,1,false,finished,True
CH12:atp:2024/2837/ms015:A0AB,CH12,Jan Choinski,Ottignies-Louvain-la-Neuve,CH,2024-01-22,R16,Adrian,Andreev,7-6(6) 6-1,Challenger main draw,2024,linked,11978539,1706173200.0,"Ottignies-Louvain-la-Neuve, Belgium",Challenger,Round of 16,Adrian Andreev,3.0,2.0,1.0,0.0,1,false,finished,True
CH12:atp:2024/2837/ms030:E768,CH12,Jan Choinski,Ottignies-Louvain-la-Neuve,CH,2024-01-22,R32,Antoine,Escoffier,6-3 7-6(6),Challenger main draw,2024,linked,11994282,1706032500.0,"Ottignies-Louvain-la-Neuve, Belgium",Challenger,Round of 32,Antoine Escoffier,3.0,2.0,1.0,0.0,2,false,finished,True
CH12:atp:2024/2907/ms016:KC33,CH12,Jan Choinski,Nottingham,CH,2024-02-05,R32,Dimitar,Kuzmanov,4-6 6-1 3-6,Challenger main draw,2024,linked,12039977,1707318900.0,"Nottingham, Great Britain",Challenger,Round of 32,Dimitar Kuzmanov,3.0,2.0,1.0,0.0,1,false,finished,True
CH12:atp:2024/398/ms023:LC11,CH12,Jan Choinski,Cherbourg,CH,2024-02-12,R32,Tristan,Lamasine,4-6 6-3 6-7(3),Challenger main draw,2024,linked,12063928,1707851100.0,"Cherbourg, France",Challenger,Round of 32,Tristan Lamasine,3.0,2.0,1.0,0.0,2,false,finished,True
CH12:atp:2024/9162/ms028:PD31,CH12,Jan Choinski,Pau,CH,2024-02-19,R32,Benoit,Paire,4-6 2-6,Challenger main draw,2024,linked,12078285,1708539600.0,"Pau, France",Challenger,Round of 32,Benoit Paire,3.0,2.0,0.0,0.0,2,false,finished,True
CH12:atp:2024/7874/ms028:M0GZ,CH12,Jan Choinski,Lille,CH,2024-02-26,R32,Giovanni,Mpetshi Perricard,3-6 6-1 1-6,Challenger main draw,2024,linked,12099619,1709026200.0,"Lille, France",Challenger,Round of 32,Giovanni Mpetshi Perricard,3.0,2.0,1.0,0.0,1,false,finished,True
CH12:atp:2024/9516/ms012:M0AC,CH12,Jan Choinski,Lugano,CH,2024-03-04,R16,Rudolf,Molleker,6-7(5) 4-6,Challenger main draw,2024,linked,12109883,1709817300.0,"Lugano, Switzerland",Challenger,Round of 16,Rudolf Molleker,3.0,2.0,1.0,0.0,1,false,finished,True
CH12:atp:2024/9516/ms024:W0BH,CH12,Jan Choinski,Lugano,CH,2024-03-04,R32,Coleman,Wong,3-6 6-3 6-4,Challenger main draw,2024,linked,12121683,1709715600.0,"Lugano, Switzerland",Challenger,Round of 32,Coleman Wong,3.0,2.0,1.0,0.0,1,false,finished,True
CH12:atp:2024/8297/ms016:U134,CH12,Jan Choinski,Hamburg,CH,2024-03-11,R32,Yasutaka,Uchiyama,4-6 6-7(5),Challenger main draw,2024,linked,12145479,1710167400.0,"Hamburg, Germany",Challenger,Round of 32,Yasutaka Uchiyama,3.0,2.0,1.0,0.0,2,false,finished,True
CH12:atp:2024/9171/ms028:L0CX,CH12,Jan Choinski,Murcia,CH,2024-03-18,R32,Pablo,Llamas Ruiz,6-7(3) 6-7(6),Challenger main draw,2024,linked,12166959,1710779700.0,"Murcia, Spain",Challenger,Round of 32,Pablo Llamas Ruiz,3.0,2.0,1.0,0.0,2,false,finished,True
CH12:atp:2024/2855/ms028:D0C1,CH12,Jan Choinski,Girona,CH,2024-03-25,R32,Jesper,de Jong,3-6 3-6,Challenger main draw,2024,linked,12190262,1711458000.0,"Girona, Spain",Challenger,Round of 32,Jesper De Jong,3.0,2.0,1.0,0.0,1,false,finished,True
CH12:atp:2024/7290/ms015:HB71,CH12,Jan Choinski,Estoril,250,2024-04-01,R16,Hubert,Hurkacz,6-7(5) 4-6,Tour main draw,2024,unobserved,,,,,,,,,,,,,,False
CH12:atp:2024/7290/ms030:F0FV,CH12,Jan Choinski,Estoril,250,2024-04-01,R32,Joao,Fonseca,6-2 6-7(5) 6-4,Tour main draw,2024,unobserved,,,,,,,,,,,,,,False
CH12:atp:2024/7290/qs004:VA15,CH12,Jan Choinski,Estoril,250,2024-04-01,Q2,Duarte,Vale,6-3 6-4,Tour qualifying,2024,unobserved,,,,,,,,,,,,,,False
CH12:atp:2024/7290/qs009:R0F6,CH12,Jan Choinski,Estoril,250,2024-04-01,Q1,Francisco,Rocha,7-5 6-1,Tour qualifying,2024,unobserved,,,,,,,,,,,,,,False
CH12:atp:2024/308/qs006:HH06,CH12,Jan Choinski,Munich,250,2024-04-15,Q2,Marc-Andrea,Huesler,6-7(7) 7-6(4) 3-6,Tour qualifying,2024,unobserved,,,,,,,,,,,,,,False
CH12:atp:2024/308/qs012:H0HN,CH12,Jan Choinski,Munich,250,2024-04-15,Q1,Henri,Haupt,6-1 6-1,Tour qualifying,2024,unobserved,,,,,,,,,,,,,,False
CH12:atp:2024/9697/ms011:PF39,CH12,Jan Choinski,Mauthausen,CH,2024-05-06,R16,Lucas,Pouille,6-7(3) 3-6,Challenger main draw,2024,unobserved,,,,,,,,,,,,,,False
CH12:atp:2024/9697/ms023:HG94,CH12,Jan Choinski,Mauthausen,CH,2024-05-06,R32,Benjamin,Hassan,6-2 2-0,Challenger main draw,2024,unobserved,,,,,,,,,,,,,,False
CH12:atp:2024/2871/ms007:Y218,CH12,Jan Choinski,Oeiras 4,CH,2024-05-13,QF,Elias,Ymer,2-6 6-1 4-6,Challenger main draw,2024,unobserved,,,,,,,,,,,,,,False
CH12:atp:2024/2871/ms015:B0EJ,CH12,Jan Choinski,Oeiras 4,CH,2024-05-13,R16,Tristan,Boyer,6-4 7-5,Challenger main draw,2024,unobserved,,,,,,,,,,,,,,False
CH12:atp:2024/2871/ms031:S0K7,CH12,Jan Choinski,Oeiras 4,CH,2024-05-13,R32,Zachary,Svajda,6-3 6-0,Challenger main draw,2024,unobserved,,,,,,,,,,,,,,False
CH12:atp:2024/520/qs102:KB09,CH12,Jan Choinski,Roland Garros,GS,2024-05-27,Q1,Denis,Kudla,4-6 4-6,Tour qualifying,2024,unobserved,,,,,,,,,,,,,,False
CH12:atp:2024/460/ms003:RC04,CH12,Jan Choinski,Heilbronn,CH,2024-06-03,SF,Alexander,Ritschard,3-6 7-6(7) 4-6,Challenger main draw,2024,linked,12375543,1717861200.0,"Heilbronn, Germany",Challenger,Semifinals,Alexander Ritschard,3.0,2.0,1.0,0.0,2,false,finished,True
CH12:atp:2024/460/ms007:M0HT,CH12,Jan Choinski,Heilbronn,CH,2024-06-03,QF,Alejandro,Moro Canas,6-3 6-3,Challenger main draw,2024,linked,12375532,1717767000.0,"Heilbronn, Germany",Challenger,Quarterfinals,Alejandro Moro Canas,3.0,2.0,1.0,0.0,2,false,finished,True
CH12:atp:2024/460/ms015:HA33,CH12,Jan Choinski,Heilbronn,CH,2024-06-03,R16,Peter,Heller,6-3 6-3,Challenger main draw,2024,linked,12375537,1717598100.0,"Heilbronn, Germany",Challenger,Round of 16,Peter Heller,3.0,2.0,1.0,0.0,absent,false,finished,False
CH12:atp:2024/460/ms031:H997,CH12,Jan Choinski,Heilbronn,CH,2024-06-03,R32,Yannick,Hanfmann,6-4 6-2,Challenger main draw,2024,linked,12387380,1717509000.0,"Heilbronn, Germany",Challenger,Round of 32,Yannick Hanfmann,3.0,2.0,1.0,0.0,1,false,finished,True
CH12:atp:2024/7740/ms021:BI81,CH12,Jan Choinski,Nottingham 2,CH,2024-06-10,R32,Alex,Bolt,6-7(12) 5-7,Challenger main draw,2024,linked,12411424,1718106300.0,"Nottingham 2, Great Britain",Challenger,Round of 32,Alex Bolt,3.0,2.0,1.0,0.0,1,false,finished,True
CH12:atp:2024/311/qs011:BU13,CH12,Jan Choinski,London / Queen's Club,500,2024-06-17,Q1,Zizou,Bergs,6-7(3) 7-6(5) 2-6,Tour qualifying,2024,linked,12427034,1718535600.0,"London, Great Britain, Qualifying",ATP,Qualification round 1,Zizou Bergs,3.0,2.0,1.0,0.0,2,false,finished,True
CH12:atp:2024/741/qs013:PH71,CH12,Jan Choinski,Eastbourne,250,2024-06-24,Q1,Max,Purcell,6-7(4) 4-6,Tour qualifying,2024,linked,12449986,1719064200.0,"Eastbourne, Great Britain, Qualifying",ATP,Qualification round 1,Max Purcell,3.0,2.0,1.0,0.0,2,false,finished,True
CH12:atp:2024/540/ms098:D0FJ,CH12,Jan Choinski,Wimbledon,GS,2024-07-01,R128,Luciano,Darderi,5-7 6-4 6-2 5-7 2-6,Tour main draw,2024,linked,12477715,1719914400.0,"Wimbledon, London, Great Britain",ATP,Round of 128,Luciano Darderi,3.0,2.0,1.0,0.0,2,false,finished,True
CH12:atp:2024/9531/ms012:M0HT,CH12,Jan Choinski,Salzburg,CH,2024-07-08,R16,Alejandro,Moro Canas,5-7 4-6,Challenger main draw,2024,linked,12495748,1720607100.0,"Salzburg, Austria",Challenger,Round of 16,Alejandro Moro Canas,3.0,2.0,1.0,0.0,1,false,finished,True
CH12:atp:2024/9531/ms024:O0AD,CH12,Jan Choinski,Salzburg,CH,2024-07-08,R32,Neil,Oberleitner,7-5 6-3,Challenger main draw,2024,linked,12508846,1720453800.0,"Salzburg, Austria",Challenger,Round of 32,Neil Oberleitner,3.0,2.0,1.0,0.0,2,false,finished,True
CH12:atp:2024/9544/ms010:B0GR,CH12,Jan Choinski,Verona,CH,2024-07-22,R16,Gonzalo,Bueno,2-6 6-4 0-6,Challenger main draw,2024,linked,12565647,1721811600.0,"Verona, Italy",Challenger,Round of 16,Gonzalo Bueno,3.0,2.0,1.0,0.0,2,false,finished,True
CH12:atp:2024/9544/ms020:S0AK,CH12,Jan Choinski,Verona,CH,2024-07-22,R32,Henri,Squire,6-7(4) 6-2 7-5,Challenger main draw,2024,linked,12580886,1721721600.0,"Verona, Italy",Challenger,Round of 32,Henri Squire,3.0,2.0,1.0,0.0,2,false,finished,True
CH12:atp:2024/9542/ms019:S0AK,CH12,Jan Choinski,Luedenscheid,CH,2024-07-29,R32,Henri,Squire,2-6 2-6,Challenger main draw,2024,linked,12611460,1722259500.0,"Luedenscheid, Germany",Challenger,Round of 32,Henri Squire,3.0,2.0,1.0,0.0,1,false,finished,True
CH12:atp:2024/2935/ms004:L0IL,CH12,Jan Choinski,Bonn,CH,2024-08-05,QF,Martin,Landaluce,2-6 3-6,Challenger main draw,2024,linked,12629195,1723199400.0,"Bonn, Germany",Challenger,Quarterfinals,Martin Landaluce,3.0,2.0,1.0,0.0,1,false,finished,True
CH12:atp:2024/2935/ms008:BU54,CH12,Jan Choinski,Bonn,CH,2024-08-05,R16,Geoffrey,Blancaneaux,7-6(5) 3-6 6-3,Challenger main draw,2024,linked,12629190,1723112400.0,"Bonn, Germany",Challenger,Round of 16,Geoffrey Blancaneaux,3.0,2.0,1.0,0.0,2,false,finished,True
CH12:atp:2024/2935/ms017:T0DM,CH12,Jan Choinski,Bonn,CH,2024-08-05,R32,Juan Bautista,Torres,6-2 6-3,Challenger main draw,2024,linked,12647012,1722960000.0,"Bonn, Germany",Challenger,Round of 32,Juan Bautista Torres,3.0,2.0,1.0,0.0,2,false,finished,True
CH12:atp:2024/560/ms098:CF59,CH12,Jan Choinski,US Open,GS,2024-08-26,R128,Roberto,Carballes Baena,2-6 3-6 7-5 7-6(5) 3-6,Tour main draw,2024,unobserved,,,,,,,,,,,,,,False
CH12:atp:2024/560/qs028:C0BC,CH12,Jan Choinski,US Open,GS,2024-08-26,Q3,Maxime,Cressy,6-0 6-7(5) 7-6(10),Tour qualifying,2024,linked,12726672,1724355900.0,"US Open, New York, USA, Qualifying",ATP,Qualification round 3,Maxime Cressy,3.0,2.0,0.0,0.0,2,false,finished,True
CH12:atp:2024/560/qs056:VA25,CH12,Jan Choinski,US Open,GS,2024-08-26,Q2,Valentin,Vacherot,6-3 3-1,Tour qualifying,2024,linked,12721917,1724277900.0,"US Open, New York, USA, Qualifying",ATP,Qualification round 2,Valentin Vacherot,3.0,2.0,0.0,0.0,2,false,finished,True
CH12:atp:2024/560/qs113:CG04,CH12,Jan Choinski,US Open,GS,2024-08-26,Q1,Pedro,Cachin,6-4 6-2,Tour qualifying,2024,linked,12709408,1724195700.0,"US Open, New York, USA, Qualifying",ATP,Qualification round 1,Pedro Cachin,3.0,2.0,0.0,0.0,2,false,finished,True
CH12:atp:2024/9556/ms001:N0CS,CH12,Jan Choinski,Tulln,CH,2024-09-02,F,Lukas,Neumayer,6-4 6-1,Challenger main draw,2024,unobserved,,,,,,,,,,,,,,False
CH12:atp:2024/9556/ms002:N0D9,CH12,Jan Choinski,Tulln,CH,2024-09-02,SF,Jakub,Nicod,6-4 6-4,Challenger main draw,2024,unobserved,,,,,,,,,,,,,,False
CH12:atp:2024/9556/ms004:R0ED,CH12,Jan Choinski,Tulln,CH,2024-09-02,QF,Max Hans,Rehberg,6-1 6-1,Challenger main draw,2024,unobserved,,,,,,,,,,,,,,False
CH12:atp:2024/9556/ms008:M0BN,CH12,Jan Choinski,Tulln,CH,2024-09-02,R16,Marvin,Moeller,7-6(2) 6-7(6) 7-5,Challenger main draw,2024,unobserved,,,,,,,,,,,,,,False
CH12:atp:2024/9556/ms016:KI82,CH12,Jan Choinski,Tulln,CH,2024-09-02,R32,Vit,Kopriva,1-6 6-3 6-4,Challenger main draw,2024,unobserved,,,,,,,,,,,,,,False
CH12:atp:2024/448/ms014:BU10,CH12,Jan Choinski,Szczecin,CH,2024-09-09,R16,Jacopo,Berrettini,5-7 3-6,Challenger main draw,2024,unobserved,,,,,,,,,,,,,,False
CH12:atp:2024/448/ms029:B0OU,CH12,Jan Choinski,Szczecin,CH,2024-09-09,R32,Hynek,Barton,4-6 6-0 6-4,Challenger main draw,2024,unobserved,,,,,,,,,,,,,,False
CH12:atp:2024/2891/ms028:DB63,CH12,Jan Choinski,Bad Waltersdorf,CH,2024-09-16,R32,Laslo,Djere,6-7(4) 6-0 4-6,Challenger main draw,2024,linked,12857659,1726646400.0,"Bad Waltersdorf, Austria",Challenger,Round of 32,Laslo Djere,3.0,2.0,1.0,0.0,1,false,finished,True
CH12:atp:2024/2891/qs008:F0F4,CH12,Jan Choinski,Bad Waltersdorf,CH,2024-09-16,Q2,Kilian,Feldbausch,7-6(3) 6-3,Challenger qualifying,2024,unobserved,,,,,,,,,,,,,,False
CH12:atp:2024/2891/qs016:G0MQ,CH12,Jan Choinski,Bad Waltersdorf,CH,2024-09-16,Q1,Syl,Gaxherri,7-6(2) 6-2,Challenger qualifying,2024,unobserved,,,,,,,,,,,,,,False
CH12:atp:2024/7913/ms027:GD64,CH12,Jan Choinski,Braga,CH,2024-09-30,R32,Cristian,Garin,2-6 7-6(5) 1-6,Challenger main draw,2024,linked,12914945,1727859600.0,"Braga, Portugal",Challenger,Round of 32,Cristian Garin,3.0,2.0,1.0,0.0,2,false,finished,True
CH12:atp:2024/2823/ms005:GE33,CH12,Jan Choinski,Valencia,CH,2024-10-07,QF,Daniel Elahi,Galan,3-6 6-3 2-6,Challenger main draw,2024,linked,12928782,1728645300.0,"Valencia, Spain",Challenger,Quarterfinals,Daniel Elahi Galan,3.0,2.0,1.0,0.0,2,false,finished,True
CH12:atp:2024/2823/ms011:S0WT,CH12,Jan Choinski,Valencia,CH,2024-10-07,R16,Joel,Schwaerzler,6-3 6-2,Challenger main draw,2024,linked,12928779,1728554400.0,"Valencia, Spain",Challenger,Round of 16,Joel Schwaerzler,3.0,2.0,1.0,0.0,2,false,finished,True
CH12:atp:2024/2823/ms022:A0BA,CH12,Jan Choinski,Valencia,CH,2024-10-07,R32,Federico,Arnaboldi,6-1 6-0,Challenger main draw,2024,linked,12954808,1728381300.0,"Valencia, Spain",Challenger,Round of 32,Federico Arnaboldi,3.0,2.0,1.0,0.0,2,false,finished,True
CH12:atp:2024/2893/ms023:VA08,CH12,Jan Choinski,Olbia,CH,2024-10-14,R32,Andrea,Vavassori,4-6 0-6,Challenger main draw,2024,linked,12974436,1728985800.0,"Olbia, Italy",Challenger,Round of 32,Andrea Vavassori,3.0,2.0,1.0,0.0,2,false,finished,True
CH12:atp:2024/444/qs024:GC89,CH12,Jan Choinski,Bratislava 2,CH,2024-10-28,Q1,Egor,Gerasimov,3-6 6-7(4),Challenger qualifying,2024,linked,13038161,1730027700.0,"Bratislava 2, Slovakia, Qualifying",Challenger,Qualification round 1,Egor Gerasimov,3.0,2.0,1.0,0.0,2,false,finished,True
CH12:atp:2024/8310/ms007:N0BG,CH12,Jan Choinski,Helsinki,CH,2024-11-04,QF,Luca,Nardi,4-6 3-6,Challenger main draw,2024,linked,13051701,1731077100.0,"Helsinki, Finland",Challenger,Quarterfinals,Luca Nardi,3.0,2.0,1.0,0.0,1,false,finished,True
CH12:atp:2024/8310/ms015:F0FV,CH12,Jan Choinski,Helsinki,CH,2024-11-04,R16,Joao,Fonseca,0-6 6-1 6-2,Challenger main draw,2024,linked,13051711,1730979000.0,"Helsinki, Finland",Challenger,Round of 16,Joao Fonseca,3.0,2.0,1.0,0.0,1,false,finished,True
CH12:atp:2024/8310/ms030:K0CJ,CH12,Jan Choinski,Helsinki,CH,2024-11-04,R32,Sandro,Kopp,6-2 6-1,Challenger main draw,2024,linked,13081744,1730809200.0,"Helsinki, Finland",Challenger,Round of 32,Sandro Kopp,3.0,2.0,1.0,0.0,1,false,finished,True
CH12:atp:2025/580/qs109:D0DW,CH12,Jan Choinski,Australian Open,GS,2025-01-13,Q1,Titouan,Droguet,4-6 5-7,Tour qualifying,2025,linked,13300818,1736235300.0,"Australian Open, Melbourne, Australia, Qualifying",ATP,Qualification Round 1,Titouan Droguet,3.0,2.0,1.0,0.0,2,false,finished,True
CH12:atp:2025/2979/ms021:A0ES,CH12,Jan Choinski,Oeiras 3,CH,2025-01-20,R32,Pedro,Araujo,6-7(7) 4-6,Challenger main draw,2025,linked,13359792,1737473400.0,"Oeiras 3, Portugal",Challenger,Round of 32,Pedro Araujo,3.0,2.0,1.0,0.0,1,false,finished,True
CH12:atp:2025/9623/ms024:P0HP,CH12,Jan Choinski,Tenerife 1,CH,2025-02-03,R32,Lukas,Pokorny,4-6 4-6,Challenger main draw,2025,linked,13422830,1738669200.0,"Tenerife, Spain",Challenger,Round of 32,Lukas Pokorny,3.0,2.0,1.0,0.0,2,false,finished,True
CH12:atp:2025/2839/ms031:RH24,CH12,Jan Choinski,Tenerife 2,CH,2025-02-10,R32,Emil,Ruusuvuori,3-6 1-6,Challenger main draw,2025,linked,13450108,1739268000.0,"Tenerife 2, Spain",Challenger,Round of 32,Emil Ruusuvuori,3.0,2.0,1.0,0.0,1,false,finished,True
CH12:atp:2025/9516/ms010:V0DZ,CH12,Jan Choinski,Lugano,CH,2025-02-24,R16,Luca,Van Assche,3-6 1-6,Challenger main draw,2025,linked,13499081,1740666300.0,"Lugano, Switzerland",Challenger,Round of 16,Luca Van Assche,3.0,2.0,1.0,0.0,1,false,finished,True
CH12:atp:2025/9516/ms021:Z09F,CH12,Jan Choinski,Lugano,CH,2025-02-24,R32,Patrick,Zahraj,6-2 6-7(3) 6-3,Challenger main draw,2025,linked,13520153,1740568500.0,"Lugano, Switzerland",Challenger,Round of 32,Patrick Zahraj,3.0,2.0,1.0,0.0,1,false,finished,True
CH12:atp:2025/2973/ms007:R09X,CH12,Jan Choinski,Thionville,CH,2025-03-03,QF,Jurij,Rodionov,2-6 4-6,Challenger main draw,2025,unobserved,,,,,,,,,,,,,,False
CH12:atp:2025/2973/ms014:G0GW,CH12,Jan Choinski,Thionville,CH,2025-03-03,R16,Sascha,Gueymard Wayenburg,6-3 6-1,Challenger main draw,2025,linked,13537028,1741255200.0,"Thionville, France",Challenger,Round of 16,Sascha Gueymard Wayenburg,3.0,2.0,1.0,0.0,2,false,finished,True
CH12:atp:2025/2973/ms028:H0BF,CH12,Jan Choinski,Thionville,CH,2025-03-03,R32,Philip,Henning,6-4 6-3,Challenger main draw,2025,linked,13561570,1741093500.0,"Thionville, France",Challenger,Round of 32,Philip Henning,3.0,2.0,1.0,0.0,1,false,finished,True
CH12:atp:2025/2855/ms025:M0HT,CH12,Jan Choinski,Girona,CH,2025-03-24,R32,Alejandro,Moro Canas,3-6 4-6,Challenger main draw,2025,unobserved,,,,,,,,,,,,,,False
CH12:atp:2025/2987/ms012:P09O,CH12,Jan Choinski,Menorca,CH,2025-03-31,R16,Zsombor,Piros,4-6 4-6,Challenger main draw,2025,unobserved,,,,,,,,,,,,,,False
CH12:atp:2025/2987/ms024:RB60,CH12,Jan Choinski,Menorca,CH,2025-03-31,R32,Oriol,Roca Batalla,7-6(4) 7-5,Challenger main draw,2025,unobserved,,,,,,,,,,,,,,False
CH12:atp:2025/2989/ms004:C0JP,CH12,Jan Choinski,Monza,CH,2025-04-07,QF,Raphael,Collignon,6-3 2-6 0-2,Challenger main draw,2025,unobserved,,,,,,,,,,,,,,False
CH12:atp:2025/2989/ms009:G0IX,CH12,Jan Choinski,Monza,CH,2025-04-07,R16,Arthur,Gea,4-6 6-2 6-3,Challenger main draw,2025,unobserved,,,,,,,,,,,,,,False
CH12:atp:2025/2989/ms019:A0CJ,CH12,Jan Choinski,Monza,CH,2025-04-07,R32,Duje,Ajdukovic,7-6(6) 6-2,Challenger main draw,2025,unobserved,,,,,,,,,,,,,,False
CH12:atp:2025/9514/ms029:BV16,CH12,Jan Choinski,Oeiras 4,CH,2025-04-14,R32,Ugo,Blanchet,1-6 3-6,Challenger main draw,2025,unobserved,,,,,,,,,,,,,,False
CH12:atp:2025/600/ms013:B0PG,CH12,Jan Choinski,Prague,CH,2025-05-05,R16,Alexander,Blockx,6-4 2-6 6-7(1),Challenger main draw,2025,linked,13836294,1746693000.0,"Prague, Czech Republic",Challenger,Round of 16,Alexander Blockx,3.0,2.0,1.0,0.0,2,false,finished,True
CH12:atp:2025/600/ms026:R0GO,CH12,Jan Choinski,Prague,CH,2025-05-05,R32,Henrique,Rocha,6-3 7-5,Challenger main draw,2025,unobserved,,,,,,,,,,,,,,False
CH12:atp:2025/520/qs121:Z0A1,CH12,Jan Choinski,Roland Garros,GS,2025-05-26,Q1,Giulio,Zeppieri,4-6 6-7(5),Tour qualifying,2025,linked,13914614,1747728000.0,"French Open, Paris, France, Qualifying",ATP,Qualification Round 1,Giulio Zeppieri,3.0,2.0,0.0,0.0,absent,false,finished,False
CH12:atp:2025/460/ms026:TA29,CH12,Jan Choinski,Heilbronn - Bad Rappenau,CH,2025-06-02,R32,Marco,Trungelliti,6-7(6) 6-0 2-6,Challenger main draw,2025,linked,13959357,1748880300.0,"Heilbronn, Germany",Challenger,Round of 32,Marco Trungelliti,3.0,2.0,1.0,0.0,1,false,finished,True
CH12:atp:2025/9003/ms008:S0H2,CH12,Jan Choinski,Bratislava,CH,2025-06-09,R16,Aleksandr,Shevchenko,3-6 2-6,Challenger main draw,2025,linked,13970173,1749726900.0,"Bratislava, Slovakia",Challenger,Round of 16,Aleksandr Shevchenko,3.0,2.0,1.0,0.0,1,false,finished,True
CH12:atp:2025/9003/ms017:KC04,CH12,Jan Choinski,Bratislava,CH,2025-06-09,R32,Jozef,Kovalik,6-3 6-4,Challenger main draw,2025,linked,13982992,1749556800.0,"Bratislava, Slovakia",Challenger,Round of 32,Jozef Kovalik,3.0,2.0,1.0,0.0,2,false,finished,True
CH12:atp:2025/7740/ms010:F0F2,CH12,Jan Choinski,Nottingham 2,CH,2025-06-16,R16,Jaime,Faria,5-7 3-6,Challenger main draw,2025,linked,14017764,1750258200.0,"Nottingham 2, Great Britain",Challenger,Round of 16,Jaime Faria,3.0,2.0,1.0,0.0,1,false,finished,True
CH12:atp:2025/7740/ms021:S0JA,CH12,Jan Choinski,Nottingham 2,CH,2025-06-16,R32,Eliot,Spizzirri,5-7 6-4 6-4,Challenger main draw,2025,linked,14013559,1750080049.0,"Nottingham 2, Great Britain",Challenger,Round of 32,Eliot Spizzirri,3.0,2.0,1.0,0.0,2,false,finished,True
CH12:atp:2025/7740/qs013:J0A4,CH12,Jan Choinski,Nottingham 2,CH,2025-06-16,Q2,Paul,Jubb,6-3 6-7(3) 6-1,Challenger qualifying,2025,linked,14012842,1750010400.0,"Nottingham 2, Great Britain, Qualifying",Challenger,Qualification Final,Paul Jubb,3.0,1.0,1.0,0.0,2,false,finished,True
CH12:atp:2025/7740/qs027:K0E6,CH12,Jan Choinski,Nottingham 2,CH,2025-06-16,Q1,Alibek,Kachmazov,7-6(2) 6-7(4) 7-5,Challenger qualifying,2025,linked,14006902,1749991500.0,"Nottingham 2, Great Britain, Qualifying",Challenger,Qualification Round 1,Alibek Kachmazov,3.0,2.0,1.0,0.0,1,false,finished,True
CH12:atp:2025/1214/ms001:HB48,CH12,Jan Choinski,Troyes,CH,2025-06-30,F,Calvin,Hemery,6-4 6-7(4) 6-2,Challenger main draw,2025,linked,14053531,1751788800.0,"Troyes, France",Challenger,Final,Calvin Hemery,3.0,2.0,1.0,0.0,2,false,finished,True
CH12:atp:2025/1214/ms002:TA29,CH12,Jan Choinski,Troyes,CH,2025-06-30,SF,Marco,Trungelliti,6-4 4-6 6-4,Challenger main draw,2025,linked,14053528,1751706000.0,"Troyes, France",Challenger,Semifinals,Marco Trungelliti,3.0,2.0,1.0,0.0,1,false,finished,True
CH12:atp:2025/1214/ms005:M0G4,CH12,Jan Choinski,Troyes,CH,2025-06-30,QF,Harold,Mayot,6-2 6-3,Challenger main draw,2025,linked,14053527,1751617800.0,"Troyes, France",Challenger,Quarterfinals,Harold Mayot,3.0,2.0,1.0,0.0,1,false,finished,True
CH12:atp:2025/1214/ms010:D0HJ,CH12,Jan Choinski,Troyes,CH,2025-06-30,R16,Branko,Djuric,6-2 7-5,Challenger main draw,2025,linked,14053524,1751454300.0,"Troyes, France",Challenger,Round of 16,Branko Đurić,1.0,2.0,1.0,0.0,1,false,finished,True
CH12:atp:2025/1214/ms020:P0K5,CH12,Jan Choinski,Troyes,CH,2025-06-30,R32,Theo,Papamalamis,7-6(5) 6-3,Challenger main draw,2025,linked,14067091,1751297400.0,"Troyes, France",Challenger,Round of 32,Theo Papamalamis,3.0,2.0,1.0,0.0,2,false,finished,True
CH12:atp:2025/540/qs066:L0GH,CH12,Jan Choinski,Wimbledon,GS,2025-06-30,Q1,Mark,Lajal,6-3 4-6 3-6,Tour qualifying,2025,linked,14039639,1750680000.0,"Wimbledon, London, GB, Qualifying, 1st - 2nd Round",ATP,Qualification Round 1,Mark Lajal,3.0,2.0,1.0,0.0,1,false,finished,True
CH12:atp:2025/526/ms023:V812,CH12,Jan Choinski,Braunschweig,CH,2025-07-07,R32,Botic,van de Zandschulp,1-6 0-6,Challenger main draw,2025,linked,14112638,1751979900.0,"Braunschweig, Germany",Challenger,Round of 32,Botic Van de Zandschulp,3.0,2.0,1.0,0.0,2,false,finished,True
CH12:atp:2025/9198/ms001:CG33,CH12,Jan Choinski,Bunschoten,CH,2025-07-14,F,Kimmer,Coppejans,6-4 3-6 6-3,Challenger main draw,2025,unobserved,,,,,,,,,,,,,,False
CH12:atp:2025/9198/ms003:D0H9,CH12,Jan Choinski,Bunschoten,CH,2025-07-14,SF,Guy,Den Ouden,7-6(5) 5-7 6-2,Challenger main draw,2025,linked,14137163,1752926400.0,"Bunschoten, Netherlands",Challenger,Semifinals,Guy Den Ouden,3.0,2.0,1.0,0.0,2,false,finished,True
CH12:atp:2025/9198/ms006:HG94,CH12,Jan Choinski,Bunschoten,CH,2025-07-14,QF,Benjamin,Hassan,6-2 6-2,Challenger main draw,2025,linked,14137170,1752829200.0,"Bunschoten, Netherlands",Challenger,Quarterfinals,Benjamin Hassan,3.0,2.0,1.0,0.0,2,false,finished,True
CH12:atp:2025/9198/ms012:D0L3,CH12,Jan Choinski,Bunschoten,CH,2025-07-14,R16,Matej,Dodig,6-4 7-5,Challenger main draw,2025,linked,14137168,1752681000.0,"Bunschoten, Netherlands",Challenger,Round of 16,Matej Dodig,3.0,2.0,1.0,0.0,1,false,finished,True
CH12:atp:2025/9198/ms024:B0W4,CH12,Jan Choinski,Bunschoten,CH,2025-07-14,R32,Manvydas,Balciunas,6-1 6-2,Challenger main draw,2025,linked,14171900,1752511200.0,"Bunschoten, Netherlands",Challenger,Round of 32,Manvydas Balciunas,3.0,2.0,1.0,0.0,1,false,finished,True
CH12:atp:2025/9542/ms006:H997,CH12,Jan Choinski,Hagen,CH,2025-07-28,QF,Yannick,Hanfmann,6-7(6) 4-6,Challenger main draw,2025,unobserved,,,,,,,,,,,,,,False
CH12:atp:2025/9542/ms012:PG20,CH12,Jan Choinski,Hagen,CH,2025-07-28,R16,Dmitry,Popko,3-6 6-1 6-4,Challenger main draw,2025,unobserved,,,,,,,,,,,,,,False
CH12:atp:2025/9542/ms024:GA79,CH12,Jan Choinski,Hagen,CH,2025-07-28,R32,Lorenzo,Giustino,4-6 6-3 7-6(1),Challenger main draw,2025,unobserved,,,,,,,,,,,,,,False
CH12:atp:2025/2935/ms028:BU54,CH12,Jan Choinski,Bonn,CH,2025-08-04,R32,Geoffrey,Blancaneaux,3-6 0-6,Challenger main draw,2025,unobserved,,,,,,,,,,,,,,False
CH12:atp:2025/560/qs071:CC66,CH12,Jan Choinski,US Open,GS,2025-08-25,Q1,Andrea,Collarini,6-7(4) 4-6,Tour qualifying,2025,unobserved,,,,,,,,,,,,,,False
CH12:atp:2025/9556/ms008:S0WT,CH12,Jan Choinski,Tulln,CH,2025-09-01,R16,Joel,Schwaerzler,6-7(3) 2-6,Challenger main draw,2025,unobserved,,,,,,,,,,,,,,False
CH12:atp:2025/9556/ms016:KC04,CH12,Jan Choinski,Tulln,CH,2025-09-01,R32,Jozef,Kovalik,6-0 6-2,Challenger main draw,2025,unobserved,,,,,,,,,,,,,,False
CH12:atp:2025/448/ms028:SS25,CH12,Jan Choinski,Szczecin,CH,2025-09-08,R32,Vitaliy,Sachko,5-7 6-4 3-6,Challenger main draw,2025,unobserved,,,,,,,,,,,,,,False
CH12:atp:2025/2891/ms001:KI82,CH12,Jan Choinski,Bad Waltersdorf,CH,2025-09-15,F,Vit,Kopriva,7-5 6-4,Challenger main draw,2025,linked,14654941,1758457800.0,"Bad Waltersdorf, Austria",Challenger,Final,Vit Kopřiva,3.0,2.0,1.0,0.0,1,false,finished,True
CH12:atp:2025/2891/ms002:KH56,CH12,Jan Choinski,Bad Waltersdorf,CH,2025-09-15,SF,Zdenek,Kolar,6-4 6-2,Challenger main draw,2025,linked,14654947,1758362400.0,"Bad Waltersdorf, Austria",Challenger,Semifinals,Zdenek Kolar,3.0,2.0,1.0,0.0,2,false,finished,True
CH12:atp:2025/2891/ms004:P0CT,CH12,Jan Choinski,Bad Waltersdorf,CH,2025-09-15,QF,Francesco,Passaro,7-6(4) 6-3,Challenger main draw,2025,linked,14654938,1758268800.0,"Bad Waltersdorf, Austria",Challenger,Quarterfinals,Francesco Passaro,3.0,2.0,1.0,0.0,1,false,finished,True
CH12:atp:2025/2891/ms008:T0FI,CH12,Jan Choinski,Bad Waltersdorf,CH,2025-09-15,R16,Marko,Topo,2-6 6-1 7-6(6),Challenger main draw,2025,linked,14654939,1758192600.0,"Bad Waltersdorf, Austria",Challenger,Round of 16,Marko Topo,3.0,2.0,1.0,0.0,1,false,finished,True
CH12:atp:2025/2891/ms017:SS25,CH12,Jan Choinski,Bad Waltersdorf,CH,2025-09-15,R32,Vitaliy,Sachko,6-1 6-4,Challenger main draw,2025,linked,14680556,1757941200.0,"Bad Waltersdorf, Austria",Challenger,Round of 32,Vitaliy Sachko,3.0,2.0,1.0,0.0,2,false,finished,True
CH12:atp:2025/7742/ms011:R0GO,CH12,Jan Choinski,Lisbon,CH,2025-09-22,R16,Henrique,Rocha,1-6 4-6,Challenger main draw,2025,linked,14712418,1758715200.0,"Lisbon, Portugal",Challenger,Round of 16,Henrique Rocha,3.0,2.0,1.0,0.0,1,false,finished,True
CH12:atp:2025/7742/ms023:PH64,CH12,Jan Choinski,Lisbon,CH,2025-09-22,R32,Andrea,Pellegrino,6-2 3-6 6-1,Challenger main draw,2025,linked,14731340,1758625200.0,"Lisbon, Portugal",Challenger,Round of 32,Andrea Pellegrino,3.0,2.0,1.0,0.0,1,false,finished,True
CH12:atp:2025/2823/ms001:M0N1,CH12,Jan Choinski,Valencia,CH,2025-10-06,F,Luka,Mikrut,4-6 6-1 6-2,Challenger main draw,2025,linked,14807105,1760284800.0,"Valencia, Spain",Challenger,Final,Luka Mikrut,3.0,2.0,1.0,0.0,1,false,finished,True
CH12:atp:2025/2823/ms002:S0AK,CH12,Jan Choinski,Valencia,CH,2025-10-06,SF,Henri,Squire,6-7(2) 7-5 7-5,Challenger main draw,2025,linked,14807102,1760268300.0,"Valencia, Spain",Challenger,Semifinals,Henri Squire,3.0,2.0,1.0,0.0,1,false,finished,True
CH12:atp:2025/2823/ms004:R772,CH12,Jan Choinski,Valencia,CH,2025-10-06,QF,Albert,Ramos-Vinolas,6-4 7-5,Challenger main draw,2025,linked,14807111,1760022000.0,"Valencia, Spain",Challenger,Quarterfinals,Albert Ramos-Vinolas,3.0,2.0,1.0,0.0,2,false,finished,True
CH12:atp:2025/2823/ms009:GE28,CH12,Jan Choinski,Valencia,CH,2025-10-06,R16,Ivan,Gakhov,4-6 6-3 6-4,Challenger main draw,2025,linked,14807120,1759931700.0,"Valencia, Spain",Challenger,Round of 16,Ivan Gakhov,3.0,2.0,1.0,0.0,2,false,finished,True
CH12:atp:2025/2823/ms018:D0CN,CH12,Jan Choinski,Valencia,CH,2025-10-06,R32,Miguel,Damas,6-7(2) 6-3 6-3,Challenger main draw,2025,linked,14838656,1759825800.0,"Valencia, Spain",Challenger,Round of 32,Miguel Damas,3.0,2.0,1.0,0.0,2,false,finished,True
CH12:atp:2025/444/ms021:HD68,CH12,Jan Choinski,Bratislava 2,CH,2025-10-27,R32,Billy,Harris,2-6 3-6,Challenger main draw,2025,linked,14957362,1761651300.0,"Bratislava 2, Slovakia",Challenger,Round of 32,Billy Harris,3.0,2.0,1.0,0.0,2,false,finished,True
CH12:atp:2025/444/qs008:K0HG,CH12,Jan Choinski,Bratislava 2,CH,2025-10-27,Q2,Milos,Karol,6-3 7-6(4),Challenger qualifying,2025,linked,14952101,1761577500.0,"Bratislava 2, Slovakia, Qualifying",Challenger,Qualification Final,Miloš Karol,3.0,1.0,1.0,0.0,1,false,finished,True
CH12:atp:2025/341/ms021:SU87,CH12,Jan Choinski,Metz,250,2025-11-03,R32,Lorenzo,Sonego,6-4 4-6 4-6,Tour main draw,2025,linked,14992077,1762174800.0,"Metz, France",ATP,Round of 32,Lorenzo Sonego,3.0,2.0,1.0,0.0,2,false,finished,True
CH12:atp:2025/341/qs007:J0AZ,CH12,Jan Choinski,Metz,250,2025-11-03,Q2,Kyrian,Jacquet,6-4 5-7 6-2,Tour qualifying,2025,linked,14988104,1762077600.0,"Metz, France, Qualifying",ATP,Qualification Final,Kyrian Jacquet,3.0,1.0,1.0,0.0,1,false,finished,True
CH12:atp:2025/341/qs014:M0G4,CH12,Jan Choinski,Metz,250,2025-11-03,Q1,Harold,Mayot,5-2,Tour qualifying,2025,linked,14982059,1761991200.0,"Metz, France, Qualifying",ATP,Qualification Round 1,Harold Mayot,3.0,2.0,1.0,0.0,2,false,finished,True
CH12:atp:2025/854/ms023:T0FI,CH12,Jan Choinski,Bergamo,CH,2025-11-17,R32,Marko,Topo,6-7(3) 4-6,Challenger main draw,2025,linked,15108096,1763398800.0,"Bergamo, Italy",Challenger,Round of 32,Marko Topo,3.0,2.0,1.0,0.0,2,false,finished,True
CH12:atp:2025/8312/ms004:M0N7,CH12,Jan Choinski,Maia,CH,2025-11-24,QF,Daniel,Merida,3-6 5-7,Challenger main draw,2025,unobserved,,,,,,,,,,,,,,False
CH12:atp:2025/8312/ms008:SN54,CH12,Jan Choinski,Maia,CH,2025-11-24,R16,Frederico,Ferreira Silva,6-2 4-6 7-5,Challenger main draw,2025,unobserved,,,,,,,,,,,,,,False
CH12:atp:2025/8312/ms016:F0F4,CH12,Jan Choinski,Maia,CH,2025-11-24,R32,Kilian,Feldbausch,6-1 7-6(5),Challenger main draw,2025,unobserved,,,,,,,,,,,,,,False
CH12:atp:2026/580/qs104:R0FS,CH12,Jan Choinski,Australian Open,GS,2026-01-19,Q1,Leandro,Riedi,3-6 4-6,Tour qualifying,2026,unobserved,,,,,,,,,,,,,,False
CH12:atp:2026/375/ms022:D0DW,CH12,Jan Choinski,Montpellier,250,2026-02-02,R32,Titouan,Droguet,2-6 6-7(2),Tour main draw,2026,unobserved,,,,,,,,,,,,,,False
CH12:atp:2026/407/qs011:GF95,CH12,Jan Choinski,Rotterdam,500,2026-02-09,Q1,Hugo,Grenier,5-7 2-6,Tour qualifying,2026,unobserved,,,,,,,,,,,,,,False
CH12:atp:2026/451/ms028:M0NI,CH12,Jan Choinski,Doha,500,2026-02-16,R32,Jakub,Mensik,7-6(6) 2-6 4-6,Tour main draw,2026,unobserved,,,,,,,,,,,,,,False
CH12:atp:2026/451/qs004:HB64,CH12,Jan Choinski,Doha,500,2026-02-16,Q2,Quentin,Halys,1-6 6-3 7-6(5),Tour qualifying,2026,unobserved,,,,,,,,,,,,,,False
CH12:atp:2026/451/qs009:M0OQ,CH12,Jan Choinski,Doha,500,2026-02-16,Q1,James,McCabe,6-4 6-4,Tour qualifying,2026,unobserved,,,,,,,,,,,,,,False
CH12:atp:2026/495/qs005:M0GZ,CH12,Jan Choinski,Dubai,500,2026-02-23,Q2,Giovanni,Mpetshi Perricard,6-4 3-6 6-7(3),Tour qualifying,2026,linked,15592767,1771743600.0,"Dubai, UAE, Qualifying",ATP,Qualification Final,Giovanni Mpetshi Perricard,3.0,1.0,1.0,0.0,1,false,finished,True
CH12:atp:2026/495/qs011:D0C1,CH12,Jan Choinski,Dubai,500,2026-02-23,Q1,Jesper,de Jong,6-1 7-6(4),Tour qualifying,2026,linked,15588989,1771657200.0,"Dubai, UAE, Qualifying",ATP,Qualification Round 1,Jesper De Jong,3.0,2.0,1.0,0.0,2,false,finished,True
CH12:atp:2026/2973/ms007:B0U4,CH12,Jan Choinski,Thionville,CH,2026-03-02,QF,Nicolai,Budkov Kjaer,4-6 6-7(5),Challenger main draw,2026,linked,15624620,1772798400.0,"Thionville, France",Challenger,Quarterfinals,Nicolai Budkov Kjaer,3.0,2.0,1.0,0.0,1,false,finished,True
CH12:atp:2026/2973/ms015:SX50,CH12,Jan Choinski,Thionville,CH,2026-03-02,R16,Roman,Safiullin,4-6 7-5 7-5,Challenger main draw,2026,linked,15624630,1772653500.0,"Thionville, France",Challenger,Round of 16,Roman Safiullin,3.0,2.0,1.0,0.0,2,false,finished,True
CH12:atp:2026/2973/ms031:M0TO,CH12,Jan Choinski,Thionville,CH,2026-03-02,R32,Mae,Malige,7-6(3) 6-1,Challenger main draw,2026,linked,15638564,1772543400.0,"Thionville, France",Challenger,Round of 32,Mae Malige,3.0,2.0,1.0,0.0,2,false,finished,True
CH12:atp:2026/9171/ms009:L0CX,CH12,Jan Choinski,Murcia,CH,2026-03-16,R16,Pablo,Llamas Ruiz,2-6 7-6(4) 3-6,Challenger main draw,2026,linked,15710324,1773832500.0,"Murcia, Spain",Challenger,Round of 16,Pablo Llamas Ruiz,3.0,2.0,1.0,0.0,1,false,finished,True
CH12:atp:2026/9171/ms019:D0CN,CH12,Jan Choinski,Murcia,CH,2026-03-16,R32,Miguel,Damas,4-6 6-4 6-4,Challenger main draw,2026,linked,15736435,1773669900.0,"Murcia, Spain",Challenger,Round of 32,Miguel Damas,3.0,2.0,1.0,0.0,2,false,finished,True
CH12:atp:2026/2955/ms012:SX50,CH12,Jan Choinski,Alicante (Montemar),CH,2026-03-23,R16,Roman,Safiullin,2-6 3-6,Challenger main draw,2026,linked,15829616,1774525800.0,"Montemar, Spain",Challenger,Round of 16,Roman Safiullin,3.0,2.0,1.0,0.0,2,false,finished,True
CH12:atp:2026/2955/ms024:P0K4,CH12,Jan Choinski,Alicante (Montemar),CH,2026-03-23,R32,Tiago,Pereira,6-1 6-2,Challenger main draw,2026,linked,15856217,1774362600.0,"Montemar, Spain",Challenger,Round of 32,Tiago Pereira,3.0,2.0,1.0,0.0,1,false,finished,True
CH12:atp:2026/4462/ms026:S0KT,CH12,Jan Choinski,Bucharest,250,2026-03-30,R32,Stefanos,Sakellaridis,3-6 4-6,Tour main draw,2026,linked,15917527,1774964400.0,"Bucharest, Romania",ATP,Round of 32,Stefanos Sakellaridis,3.0,2.0,1.0,0.0,1,false,finished,True
CH12:atp:2026/410/qs023:MP20,CH12,Jan Choinski,ATP Masters 1000 Monte-Carlo,1000,2026-04-06,Q1,Alexandre,Muller,6-7(1) 3-6,Tour qualifying,2026,linked,15944205,1775309400.0,"Monte Carlo, Monaco, Qualifying",ATP,Qualifications,Alexandre Muller,3.0,1.0,1.0,0.0,1,false,finished,True
CH12:atp:2026/308/qs014:HH06,CH12,Jan Choinski,Munich,500,2026-04-13,Q1,Marc-Andrea,Huesler,4-6 6-4 4-6,Tour qualifying,2026,linked,15989238,1775898000.0,"Munich, Germany, Qualifying",ATP,Qualification Round 1,Marc-Andrea Huesler,3.0,2.0,1.0,0.0,2,false,finished,True
CH12:atp:2026/1536/qs047:R0GO,CH12,Jan Choinski,ATP Masters 1000 Madrid,1000,2026-04-20,Q1,Henrique,Rocha,6-7(5) 7-6(5) 5-7,Tour qualifying,2026,linked,16036200,1776695400.0,"Madrid, Spain, Qualifying",ATP,Qualification Round 1,Henrique Rocha,3.0,2.0,1.0,0.0,1,false,finished,True
CH12:atp:2026/9697/ms013:DB63,CH12,Jan Choinski,Mauthausen,CH,2026-04-27,R16,Laslo,Djere,6-7(2) 6-7(6),Challenger main draw,2026,linked,16050295,1777456200.0,"Mauthausen, Austria",Challenger,Round of 16,Laslo Djere,3.0,2.0,1.0,0.0,1,false,finished,True
CH12:atp:2026/9697/ms027:S0WT,CH12,Jan Choinski,Mauthausen,CH,2026-04-27,R32,Joel,Schwaerzler,6-4 4-6 6-4,Challenger main draw,2026,linked,16071381,1777368300.0,"Mauthausen, Austria",Challenger,Round of 32,Joel Schwaerzler,3.0,2.0,1.0,0.0,1,false,finished,True
CH12:atp:2026/416/qs016:GD64,CH12,Jan Choinski,ATP Masters 1000 Rome,1000,2026-05-04,Q2,Cristian,Garin,2-6 6-3 2-6,Tour qualifying,2026,linked,16125548,1777968000.0,"ATP Rome Masters, Italy, Qualifying",ATP,Qualification Final,Cristian Garin,3.0,1.0,1.0,0.0,1,false,finished,True
CH12:atp:2026/416/qs033:L987,CH12,Jan Choinski,ATP Masters 1000 Rome,1000,2026-05-04,Q1,Dusan,Lajovic,7-5 6-4,Tour qualifying,2026,linked,16119502,1777888800.0,"ATP Rome Masters, Italy, Qualifying",ATP,Qualification Round 1,Dušan Lajović,3.0,2.0,1.0,0.0,2,false,finished,True
CH12:atp:2026/9500/ms001:P09O,CH12,Jan Choinski,Zagreb,CH,2026-05-11,F,Zsombor,Piros,7-6(5) 7-6(2),Challenger main draw,2026,unobserved,,,,,,,,,,,,,,False
CH12:atp:2026/9500/ms002:F0DM,CH12,Jan Choinski,Zagreb,CH,2026-05-11,SF,Arthur,Fery,5-7 7-6(4) 6-2,Challenger main draw,2026,unobserved,,,,,,,,,,,,,,False
CH12:atp:2026/9500/ms004:R0E0,CH12,Jan Choinski,Zagreb,CH,2026-05-11,QF,Chris,Rodesch,6-7(0) 6-3 7-5,Challenger main draw,2026,linked,16135266,1778771400.0,"Zagreb, Croatia",Challenger,Quarterfinals,Chris Rodesch,3.0,2.0,1.0,0.0,2,false,finished,True
CH12:atp:2026/9500/ms008:GE33,CH12,Jan Choinski,Zagreb,CH,2026-05-11,R16,Daniel Elahi,Galan,2-6 7-6(2) 6-4,Challenger main draw,2026,linked,16135268,1778752800.0,"Zagreb, Croatia",Challenger,Round of 16,Daniel Elahi Galan,3.0,2.0,1.0,0.0,1,false,finished,True
CH12:atp:2026/9500/ms016:FA43,CH12,Jan Choinski,Zagreb,CH,2026-05-11,R32,Juan Pablo,Ficovich,2-6 6-4 6-4,Challenger main draw,2026,linked,16155397,1778659200.0,"Zagreb, Croatia",Challenger,Round of 32,Juan Pablo Ficovich,3.0,2.0,1.0,0.0,1,false,finished,True
CH12:atp:2026/520/qs056:H996,CH12,Jan Choinski,Roland Garros,GS,2026-05-25,Q2,Pierre-Hugues,Herbert,,Tour qualifying,2026,unobserved,,,,,,,,,,,,,,False
CH12:atp:2026/520/qs112:AG08,CH12,Jan Choinski,Roland Garros,GS,2026-05-25,Q1,Andy,Andrade,7-6(4) 6-4,Tour qualifying,2026,unobserved,,,,,,,,,,,,,,False
CH12:atp:2026/460/ms010:M0N1,CH12,Jan Choinski,Bad Rappenau,CH,2026-06-01,R16,Luka,Mikrut,3-6 3-6,Challenger main draw,2026,unobserved,,,,,,,,,,,,,,False
CH12:atp:2026/460/ms020:G0IB,CH12,Jan Choinski,Bad Rappenau,CH,2026-06-01,R32,Tom,Gentzsch,6-4 6-4,Challenger main draw,2026,unobserved,,,,,,,,,,,,,,False
CH12:atp:2026/9003/ms013:C0NB,CH12,Jan Choinski,Bratislava,CH,2026-06-08,R16,Federico,Cina,1-6 5-7,Challenger main draw,2026,unobserved,,,,,,,,,,,,,,False
CH12:atp:2026/9003/ms027:GB93,CH12,Jan Choinski,Bratislava,CH,2026-06-08,R32,Norbert,Gombos,6-3 6-4,Challenger main draw,2026,unobserved,,,,,,,,,,,,,,False
CH12:atp:2026/786/ms007:H0DU,CH12,Jan Choinski,Poznan,CH,2026-06-15,QF,Gustavo,Heide,6-7(5) 6-3 4-6,Challenger main draw,2026,linked,16306516,1781791500.0,"Poznan, Poland",Challenger,Quarterfinals,Gustavo Heide,3.0,2.0,1.0,0.0,2,false,finished,True
CH12:atp:2026/786/ms015:K0HC,CH12,Jan Choinski,Poznan,CH,2026-06-15,R16,Maks,Kasnikowski,6-4 2-6 6-3,Challenger main draw,2026,unobserved,,,,,,,,,,,,,,False
CH12:atp:2026/786/ms031:B0FI,CH12,Jan Choinski,Poznan,CH,2026-06-15,R32,Pedro,Boscardin Dias,7-5 6-0,Challenger main draw,2026,unobserved,,,,,,,,,,,,,,False
CH12:atp:2026/741/ms004:BU13,CH12,Jan Choinski,Eastbourne,250,2026-06-22,QF,Zizou,Bergs,3-6 3-6,Tour main draw,2026,linked,16345099,1782387600.0,"Eastbourne, Great Britain",ATP,Quarterfinals,Zizou Bergs,3.0,2.0,1.0,0.0,2,false,finished,True
CH12:atp:2026/741/ms008:G0EU,CH12,Jan Choinski,Eastbourne,250,2026-06-22,R16,Felix,Gill,6-4 6-7(4) 6-2,Tour main draw,2026,linked,16385970,1782307800.0,"Eastbourne, Great Britain",ATP,Round of 16,Felix Gill,3.0,2.0,1.0,0.0,2,false,finished,True
CH12:atp:2026/741/ms017:P09Z,CH12,Jan Choinski,Eastbourne,250,2026-06-22,R32,Alexei,Popyrin,1-6 6-2 6-2,Tour main draw,2026,linked,16373935,1782145500.0,"Eastbourne, Great Britain",ATP,Round of 32,Alexei Popyrin,3.0,2.0,1.0,0.0,2,false,finished,True
CH12:atp:2026/741/qs007:GC88,CH12,Jan Choinski,Eastbourne,250,2026-06-22,Q2,Marcos,Giron,7-5 6-7(2) 7-6(5),Tour qualifying,2026,linked,16370145,1782045000.0,"Eastbourne, Great Britain, Qualifying",ATP,Qualification Final,Marcos Giron,3.0,1.0,1.0,0.0,1,false,finished,True
CH12:atp:2026/741/qs015:WB32,CH12,Jan Choinski,Eastbourne,250,2026-06-22,Q1,Yibing,Wu,7-6(5) 6-4,Tour qualifying,2026,linked,16365476,1781977500.0,"Eastbourne, Great Britain, Qualifying",ATP,Qualification Round 1,Yibing Wu,3.0,2.0,1.0,0.0,1,false,finished,True
CH12:atp:2026/540/ms058:TD51,CH12,Jan Choinski,Wimbledon,GS,2026-06-29,R64,Frances,Tiafoe,6-4 2-6 5-7 2-6,Tour main draw,2026,linked,16385322,1783010100.0,"Wimbledon, London, Great Britain",ATP,Round of 64,Frances Tiafoe,3.0,2.0,1.0,0.0,1,false,finished,True
CH12:atp:2026/540/ms117:KI82,CH12,Jan Choinski,Wimbledon,GS,2026-06-29,R128,Vit,Kopriva,6-3 7-5 6-2,Tour main draw,2026,linked,16397384,1782839100.0,"Wimbledon, London, Great Britain",ATP,Round of 128,Vit Kopřiva,3.0,2.0,1.0,0.0,2,false,finished,True
CH12:atp:2026/526/ms001:G09O,CH12,Jan Choinski,Braunschweig,CH,2026-07-06,F,Hugo,Gaston,4-6 6-0 6-4,Challenger main draw,2026,linked,16425315,1783858500.0,"Braunschweig, Germany",Challenger,Final,Hugo Gaston,3.0,2.0,1.0,0.0,2,false,finished,True
CH12:atp:2026/526/ms002:R0FP,CH12,Jan Choinski,Braunschweig,CH,2026-07-06,SF,Daniel,Rincon,7-5 6-2,Challenger main draw,2026,linked,16425314,1783771200.0,"Braunschweig, Germany",Challenger,Semifinals,Daniel Rincon,3.0,2.0,1.0,0.0,1,false,finished,True
CH12:atp:2026/526/ms005:D0LJ,CH12,Jan Choinski,Braunschweig,CH,2026-07-06,QF,Diego,Dedura,6-4 6-1,Challenger main draw,2026,linked,16425309,1783677600.0,"Braunschweig, Germany",Challenger,Quarterfinals,Diego Dedura-Palomero,2.0,2.0,1.0,0.0,1,false,finished,True
CH12:atp:2026/526/ms010:R0ED,CH12,Jan Choinski,Braunschweig,CH,2026-07-06,R16,Max Hans,Rehberg,2-6 7-5 6-4,Challenger main draw,2026,linked,16425304,1783524300.0,"Braunschweig, Germany",Challenger,Round of 16,Max Hans Rehberg,3.0,2.0,1.0,0.0,2,false,finished,True
CH12:atp:2026/526/ms020:KC33,CH12,Jan Choinski,Braunschweig,CH,2026-07-06,R32,Dimitar,Kuzmanov,6-4 6-4,Challenger main draw,2026,linked,16457953,1783416300.0,"Braunschweig, Germany",Challenger,Round of 32,Dimitar Kuzmanov,3.0,2.0,1.0,0.0,1,false,finished,True
CH12:atp:2026/316/ms022:BG23,CH12,Jan Choinski,Bastad,250,2026-07-13,R32,Nikoloz,Basilashvili,4-6 6-7(4),Tour main draw,2026,linked,16495404,1784029800.0,"Bastad, Sweden",ATP,Round of 32,Nikoloz Basilashvili,3.0,2.0,1.0,0.0,2,false,finished,True
CH12:atp:2026/2935/ms001:M19T,CH12,Jan Choinski,Bonn,CH,2026-07-27,F,Jamie,Mackenzie,6-3 6-2,Challenger main draw,2026,linked,16593393,1785668400.0,"Bonn, Germany",Challenger,Final,Jamie Mackenzie,3.0,2.0,1.0,0.0,1,false,finished,True
CH12:atp:2026/2935/ms002:GJ16,CH12,Jan Choinski,Bonn,CH,2026-07-27,SF,Federico Agustin,Gomez,6-4 6-2,Challenger main draw,2026,linked,16593394,1785588600.0,"Bonn, Germany",Challenger,Semifinals,Federico Agustin Gomez,3.0,2.0,1.0,0.0,1,false,finished,True
CH12:atp:2026/2935/ms004:W0BU,CH12,Jan Choinski,Bonn,CH,2026-07-27,QF,Olle,Wallin,6-4 7-5,Challenger main draw,2026,linked,16593403,1785488400.0,"Bonn, Germany",Challenger,Quarterfinals,Olle Wallin,3.0,2.0,1.0,0.0,2,false,finished,True
CH12:atp:2026/2935/ms008:B0GY,CH12,Jan Choinski,Bonn,CH,2026-07-27,R16,Alex,Barrena,6-3 6-2,Challenger main draw,2026,linked,16593398,1785315600.0,"Bonn, Germany",Challenger,Round of 16,Alex Barrena,3.0,2.0,1.0,0.0,1,false,finished,True
CH12:atp:2026/2935/ms016:P0CT,CH12,Jan Choinski,Bonn,CH,2026-07-27,R32,Francesco,Passaro,6-3 6-4,Challenger main draw,2026,linked,16629547,1785156300.0,"Bonn, Germany",Challenger,Round of 32,Francesco Passaro,3.0,2.0,1.0,0.0,1,false,finished,True
CH12:atp:2026/422/ms081:T0A1,CH12,Jan Choinski,ATP Masters 1000 Cincinnati,1000,2026-08-10,R128,Thiago Agustin,Tirante,6-7(9) 7-6(7) 6-7(4),Tour main draw,2026,unobserved,,,,,,,,,,,,,,False
CH12:atp:2026/3103/ms010:DA81,CH12,Jan Choinski,Quebec City,CH,2026-08-17,R16,Taro,Daniel,4-6 3-6,Challenger main draw,2026,unobserved,,,,,,,,,,,,,,False
CH12:atp:2026/6242/ms042:R0KD,CH12,Jan Choinski,Winston-Salem,250,2026-08-24,R64,Mees,Rottgering,5-7 6-2 4-6,Tour main draw,2026,unobserved,,,,,,,,,,,,,,False
CH12:atp:2026/560/ms078:V812,CH12,Jan Choinski,US Open,GS,2026-08-31,R128,Botic,van de Zandschulp,3-6 1-6 6-7(5),Tour main draw,2026,unobserved,,,,,,,,,,,,,,False
G0BY:atp:2017/6019/ms028:DB64,G0BY,Daniil Glinka,Estonia F2,FU,2017-10-23,R32,Marat,Deviatiarov,6-3 3-6 2-6,ITF main draw,2017,linked,7628294,1508835000.0,"Estonia F2, Singles",ITF Men,Round of 32,Marat Deviatiarov,3.0,2.0,1.0,0.0,2,false,finished,True
G0BY:atp:2018/273/ms021:KG23,G0BY,Daniil Glinka,Estonia F1,FU,2018-07-16,R32,Matvey,Khomentovskiy,6-7(3) 2-6,ITF main draw,2018,linked,7879971,1531818900.0,"Estonia F1, Singles",ITF Men,Round of 32,Matvey Khomentovskiy,3.0,2.0,1.0,0.0,2,false,finished,True
G0BY:atp:2018/6874/ms010:G09C,G0BY,Daniil Glinka,Egypt F21,FU,2018-10-01,R16,Marek,Gengel,6-7(4) 4-6,ITF main draw,2018,linked,8009405,1538640000.0,"Egypt F21, Singles",ITF Men,Round of 16,Marek Gengel,3.0,2.0,1.0,0.0,2,false,finished,True
G0BY:atp:2018/6874/ms021:KG28,G0BY,Daniil Glinka,Egypt F21,FU,2018-10-01,R32,Aleksei,Khomich,7-5 6-4,ITF main draw,2018,linked,8006256,1538558400.0,"Egypt F21, Singles",ITF Men,Round of 32,Aleksei Khomich,3.0,2.0,1.0,0.0,2,false,finished,True
G0BY:atp:2018/6019/ms022:SY48,G0BY,Daniil Glinka,Estonia F2,FU,2018-10-29,R32,Karl Kiur,Saar,3-6 4-6,ITF main draw,2018,unobserved,,,,,,,,,,,,,,False
G0BY:atp:2019/8170/ms016:G681,G0BY,Daniil Glinka,M25 Aktobe,FU,2019-02-18,R32,Teymuraz,Gabashvili,6-4 2-6 3-6,ITF main draw,2019,unobserved,,,,,,,,,,,,,,False
G0BY:atp:2019/8190/ms022:MJ56,G0BY,Daniil Glinka,M25 Kazan,FU,2019-03-11,R32,Richard,Muzaev,4-6 4-6,ITF main draw,2019,unobserved,,,,,,,,,,,,,,False
G0BY:atp:2019/183/ms017:SY74,G0BY,Daniil Glinka,M25 Namangan,FU,2019-04-29,R32,Manish,Sureshkumar,2-6 0-6,ITF main draw,2019,unobserved,,,,,,,,,,,,,,False
G0BY:atp:2019/3497/ms026:G0EI,G0BY,Daniil Glinka,M15 Sozopol,FU,2019-05-06,R32,Michael,Gloeckler,6-4 4-6 4-6,ITF main draw,2019,linked,8213220,1557308100.0,"Sozopol, Singles M-ITF-BUL-01A",ITF Men,Round of 32,Michael Gloeckler,3.0,2.0,1.0,0.0,1,false,finished,True
G0BY:atp:2019/1805/ms028:PI95,G0BY,Daniil Glinka,M15 Brcko,FU,2019-05-20,R32,David,Pichler,1-6 3-6,ITF main draw,2019,linked,8223826,1558516800.0,"Brcko, Singles M-ITF-BIH-03A",ITF Men,Round of 32,David Pichler,3.0,2.0,1.0,0.0,1,false,finished,True
G0BY:atp:2019/8272/ms025:BM45,G0BY,Daniil Glinka,M25 Kiseljak,FU,2019-05-27,R32,Domagoj,Biljesko,6-4 4-6 6-7(3),ITF main draw,2019,linked,8229141,1559199600.0,"Kiseljak, Singles M-ITF-BIH-04A",ITF Men,Round of 32,Domagoj Bilješko,3.0,2.0,1.0,0.0,2,false,finished,True
G0BY:atp:2019/273/ms029:V993,G0BY,Daniil Glinka,M15 Parnu,FU,2019-07-15,R32,Eero,Vasa,4-6 2-6,ITF main draw,2019,unobserved,,,,,,,,,,,,,,False
G0BY:atp:2019/8300/ms007:DH46,G0BY,Daniil Glinka,M15 Telavi,FU,2019-07-29,QF,Alexander,Donski,3-6 5-7,ITF main draw,2019,unobserved,,,,,,,,,,,,,,False
G0BY:atp:2019/8300/ms015:SX51,G0BY,Daniil Glinka,M15 Telavi,FU,2019-07-29,R16,Saida'Lo,Saidkarimov,7-6(3) 6-7(6) 6-2,ITF main draw,2019,unobserved,,,,,,,,,,,,,,False
G0BY:atp:2019/8300/ms030:H09W,G0BY,Daniil Glinka,M15 Telavi,FU,2019-07-29,R32,Jordan,Hasson,6-4 6-1,ITF main draw,2019,unobserved,,,,,,,,,,,,,,False
G0BY:atp:2019/3638/ms004:K776,G0BY,Daniil Glinka,M15 Moscow,FU,2019-08-19,QF,Konstantin,Kravchuk,4-6 5-7,ITF main draw,2019,linked,8373506,1566552000.0,"Moscow, Singles M-ITF-RUS-04A",ITF Men,Quarterfinals,Konstantin Kravchuk,3.0,2.0,1.0,0.0,2,false,finished,True
G0BY:atp:2019/3638/ms009:P09U,G0BY,Daniil Glinka,M15 Moscow,FU,2019-08-19,R16,Alessandro,Procopio,6-2 6-4,ITF main draw,2019,linked,8372467,1566457200.0,"Moscow, Singles M-ITF-RUS-04A",ITF Men,Round of 16,Alessandro Procopio,3.0,2.0,1.0,0.0,1,false,finished,True
G0BY:atp:2019/3638/ms018:A0FM,G0BY,Daniil Glinka,M15 Moscow,FU,2019-08-19,R32,Egor,Agafonov,6-1 6-1,ITF main draw,2019,linked,8368078,1566377100.0,"Moscow, Singles M-ITF-RUS-04A",ITF Men,Round of 32,Egor Agafonov,3.0,2.0,1.0,0.0,2,false,finished,True
G0BY:atp:2019/204/ms018:RD67,G0BY,Daniil Glinka,M15 Pajulahti,FU,2019-09-16,R32,Maxim,Ratniuk,6-7(3) 7-6(3) 4-6,ITF main draw,2019,linked,8413641,1568791800.0,"Pajulahti, Singles M-ITF-FIN-02A",ITF Men,Round of 32,Maxim Ratniuk,3.0,2.0,1.0,0.0,2,false,finished,True
G0BY:atp:2019/6400/ms004:N754,G0BY,Daniil Glinka,M25 Falun,FU,2019-09-30,QF,Patrik,Niklas-Salminen,3-6 6-7(6),ITF main draw,2019,linked,8444634,1570110600.0,"Falun, Singles M-ITF-SWE-04A",ITF Men,Quarterfinals,Patrik Niklas-Salminen,3.0,2.0,1.0,0.0,2,false,finished,True
G0BY:atp:2019/6400/ms008:K0CJ,G0BY,Daniil Glinka,M25 Falun,FU,2019-09-30,R16,Sandro,Kopp,6-2 6-1,ITF main draw,2019,linked,8440905,1570020600.0,"Falun, Singles M-ITF-SWE-04A",ITF Men,Round of 16,Sandro Kopp,3.0,2.0,1.0,0.0,2,false,finished,True
G0BY:atp:2019/6400/ms016:CM79,G0BY,Daniil Glinka,M25 Falun,FU,2019-09-30,R32,Baptiste,Crepatte,4-6 6-2 6-4,ITF main draw,2019,linked,8434519,1569933600.0,"Falun, Singles M-ITF-SWE-04A",ITF Men,Round of 32,Baptiste Crepatte,3.0,2.0,1.0,0.0,1,false,finished,True
G0BY:atp:2019/6679/ms019:E811,G0BY,Daniil Glinka,M15 Olomouc,FU,2019-10-14,R32,Elmar,Ejupovic,7-6(5) 5-7 6-7(2),ITF main draw,2019,linked,8458394,1571228400.0,"Olomouc, Singles M-ITF-CZE-07A",ITF Men,Round of 32,Elmar Ejupovic,3.0,2.0,1.0,0.0,1,false,finished,True
G0BY:atp:2019/6019/ms006:MV63,G0BY,Daniil Glinka,M15 Parnu,FU,2019-10-28,QF,Lasse,Muscheites,6-3 6-7(4) 4-6,ITF main draw,2019,unobserved,,,,,,,,,,,,,,False
G0BY:atp:2019/6019/ms013:RH25,G0BY,Daniil Glinka,M15 Parnu,FU,2019-10-28,R16,Kenneth,Raisma,3-6 6-4 6-2,ITF main draw,2019,unobserved,,,,,,,,,,,,,,False
G0BY:atp:2019/6019/ms027:A09T,G0BY,Daniil Glinka,M15 Parnu,FU,2019-10-28,R32,Dan,Added,7-6(2) 6-7(3) 6-4,ITF main draw,2019,linked,8468965,1572360000.0,"Parnu, Singles M-ITF-EST-02A",ITF Men,Round of 32,Dan Added,3.0,2.0,1.0,0.0,1,false,finished,True
G0BY:atp:2019/6974/ms027:MP94,G0BY,Daniil Glinka,M15 Doha,FU,2019-12-09,R32,Adam,Moundir,2-6 6-7(3),ITF main draw,2019,unobserved,,,,,,,,,,,,,,False
G0BY:atp:2019/7230/ms027:KE05,G0BY,Daniil Glinka,M15 Doha,FU,2019-12-16,R32,Danylo,Kalenichenko,3-6 4-6,ITF main draw,2019,linked,8523666,1576675800.0,"Doha, Singles M-ITF-QAT-06A",ITF Men,Round of 32,Danylo Kalenichenko,3.0,2.0,1.0,0.0,1,false,finished,True
G0BY:atp:2020/8177/ms006:SO86,G0BY,Daniil Glinka,M15 Sharm El Sheikh,FU,2020-02-17,QF,Robin,Stanek,0-6 2-6,ITF main draw,2020,linked,8587819,1582272000.0,"Sharm El Sheikh, Singles M-ITF-EGY-06A",ITF Men,Quarterfinals,R. Staněk,1.0,2.0,1.0,0.0,2,false,finished,True
G0BY:atp:2020/8177/ms013:GK25,G0BY,Daniil Glinka,M15 Sharm El Sheikh,FU,2020-02-17,R16,Aryan,Goveas,7-6(1) 6-0,ITF main draw,2020,linked,8586618,1582191900.0,"Sharm El Sheikh, Singles M-ITF-EGY-06A",ITF Men,Round of 16,Aryan Goveas,3.0,2.0,1.0,0.0,1,false,finished,True
G0BY:atp:2020/8177/ms027:TG46,G0BY,Daniil Glinka,M15 Sharm El Sheikh,FU,2020-02-17,R32,Ryota,Tanuma,6-2 6-2,ITF main draw,2020,linked,8583779,1582113600.0,"Sharm El Sheikh, Singles M-ITF-EGY-06A",ITF Men,Round of 32,Ryota Tanuma,3.0,2.0,1.0,0.0,2,false,finished,True
G0BY:atp:2020/9268/ms000:D0B5,G0BY,Daniil Glinka,G2 EST vs GEO Round 1,DC,2020-03-02,RR,Nikoloz,Davlianidze,6-0 5-7 10-3,Davis Cup,2020,linked,8604416,1583577900.0,"Davis Cup Single Matches, Group I-V",Davis Cup,Qualification,Nikoloz Davlianidze,3.0,0.0,0.0,2.0,2,false,finished,True
G0BY:atp:2020/8187/ms014:S0AV,G0BY,Daniil Glinka,M15 Doha,FU,2020-03-09,R16,Constantin,Schmitz,3-6 3-6,ITF main draw,2020,linked,8608554,1584014100.0,"Doha, Singles M-ITF-QAT-01A",ITF Men,Round of 16,Schmitz Constantin,3.0,2.0,1.0,0.0,1,false,finished,True
G0BY:atp:2020/8187/ms029:K0A5,G0BY,Daniil Glinka,M15 Doha,FU,2020-03-09,R32,Natthasith,Kunsuwan,6-4 5-7 6-4,ITF main draw,2020,linked,8607731,1583934900.0,"Doha, Singles M-ITF-QAT-01A",ITF Men,Round of 32,Natthasith Kunsuwan,3.0,2.0,1.0,0.0,2,false,finished,True
G0BY:atp:2020/7429/ms016:HH51,G0BY,Daniil Glinka,M15 Monastir,FU,2020-09-14,R32,Benedikt,Henning,5-7 4-6,ITF main draw,2020,unobserved,,,,,,,,,,,,,,False
G0BY:atp:2020/7457/ms010:GA71,G0BY,Daniil Glinka,M15 Monastir,FU,2020-10-12,R16,Laurynas,Grigelis,3-6 3-6,ITF main draw,2020,linked,9113601,1602748500.0,"Monastir, Singles M-ITF-TUN-33A",ITF Men,Round of 16,Laurynas Grigelis,3.0,2.0,1.0,0.0,2,false,finished,True
G0BY:atp:2020/7457/ms021:M0ES,G0BY,Daniil Glinka,M15 Monastir,FU,2020-10-12,R32,Oscar,Moraing,4-6 6-4 6-3,ITF main draw,2020,linked,9110259,1602662400.0,"Monastir, Singles M-ITF-TUN-33A",ITF Men,Round of 32,Oscar Moraing,3.0,2.0,1.0,0.0,2,false,finished,True
G0BY:atp:2020/7467/ms003:M0E4,G0BY,Daniil Glinka,M15 Monastir,FU,2020-10-19,SF,Wojciech,Marek,3-6 4-6,ITF main draw,2020,linked,9132332,1603528200.0,"Monastir, Singles M-ITF-TUN-34A",ITF Men,Semifinals,Wojciech Marek,3.0,2.0,1.0,0.0,2,false,finished,True
G0BY:atp:2020/7467/ms007:W0AX,G0BY,Daniil Glinka,M15 Monastir,FU,2020-10-19,QF,Oscar,Weightman,6-3 7-6(4),ITF main draw,2020,linked,9130410,1603447800.0,"Monastir, Singles M-ITF-TUN-34A",ITF Men,Quarterfinals,Oscar Weightman,3.0,2.0,1.0,0.0,2,false,finished,True
G0BY:atp:2020/7467/ms015:TG67,G0BY,Daniil Glinka,M15 Monastir,FU,2020-10-19,R16,Kristjan,Tamm,7-5 7-6(3),ITF main draw,2020,linked,9128438,1603353600.0,"Monastir, Singles M-ITF-TUN-34A",ITF Men,Round of 16,Kristjan Tamm,3.0,2.0,1.0,0.0,2,false,finished,True
G0BY:atp:2020/7467/ms031:ML73,G0BY,Daniil Glinka,M15 Monastir,FU,2020-10-19,R32,Skander,Mansouri,7-6(4) 2-6 6-3,ITF main draw,2020,linked,9124715,1603277100.0,"Monastir, Singles M-ITF-TUN-34A",ITF Men,Round of 32,Skander Mansouri,3.0,2.0,1.0,0.0,2,false,finished,True
G0BY:atp:2020/273/ms009:VA27,G0BY,Daniil Glinka,M15 Parnu,FU,2020-11-02,R16,Mick,Veldheer,6-7(3) 6-7(4),ITF main draw,2020,linked,9152829,1604563200.0,"Estonia F1, Singles",ITF Men,Round of 16,Mick Veldheer,3.0,2.0,0.0,0.0,1,false,finished,True
G0BY:atp:2020/273/ms018:T0BY,G0BY,Daniil Glinka,M15 Parnu,FU,2020-11-02,R32,Siim,Troost,6-3 6-4,ITF main draw,2020,linked,9149382,1604390400.0,"Estonia F1, Singles",ITF Men,Round of 32,Siim Troost,3.0,2.0,0.0,0.0,2,false,finished,True
G0BY:atp:2021/8144/ms016:CH12,G0BY,Daniil Glinka,M15 St. Petersburg,FU,2021-02-01,R32,Jan,Choinski,1-6 4-6,ITF main draw,2021,unobserved,,,,,,,,,,,,,,False
G0BY:atp:2021/9464/qs013:ML73,G0BY,Daniil Glinka,St. Petersburg 1,CH,2021-03-01,Q1,Skander,Mansouri,6-3 6-7(4) 5-7,Challenger qualifying,2021,unobserved,,,,,,,,,,,,,,False
G0BY:atp:2021/9468/qs012:SR81,G0BY,Daniil Glinka,St. Petersburg 2,CH,2021-03-08,Q1,Khumoyun,Sultanov,6-7(4) 4-6,Challenger qualifying,2021,unobserved,,,,,,,,,,,,,,False
G0BY:atp:2021/6481/ms013:SK67,G0BY,Daniil Glinka,M15 St. Petersburg,FU,2021-04-05,R16,Jan,Satral,4-6 3-6,ITF main draw,2021,unobserved,,,,,,,,,,,,,,False
G0BY:atp:2021/6481/ms026:G0BD,G0BY,Daniil Glinka,M15 St. Petersburg,FU,2021-04-05,R32,Daniil,Golubev,6-0 6-0,ITF main draw,2021,unobserved,,,,,,,,,,,,,,False
G0BY:atp:2021/3638/ms010:S0MN,G0BY,Daniil Glinka,M15 St. Petersburg,FU,2021-04-12,R16,Marat,Sharipov,2-6 3-6,ITF main draw,2021,linked,9469403,1618477200.0,"St. Petersburg, Singles M-ITF-RUS-04A",ITF Men,Round of 16,Marat Sharipov,3.0,2.0,1.0,0.0,absent,false,finished,False
G0BY:atp:2021/3638/ms020:SK67,G0BY,Daniil Glinka,M15 St. Petersburg,FU,2021-04-12,R32,Jan,Satral,6-4 6-2,ITF main draw,2021,linked,9467200,1618405800.0,"St. Petersburg, Singles M-ITF-RUS-04A",ITF Men,Round of 32,J. Šátral,1.0,2.0,1.0,0.0,1,false,finished,True
G0BY:atp:2021/6293/ms031:V762,G0BY,Daniil Glinka,M15 Antalya,FU,2021-04-26,R32,Jeroen,Vanneste,1-6 1-6,ITF main draw,2021,linked,9493854,1619604600.0,"Antalya, Singles M-ITF-TUR-17A",ITF Men,Round of 32,Jeroen Vanneste,3.0,2.0,1.0,0.0,2,false,finished,True
G0BY:atp:2021/9528/ms021:C0B2,G0BY,Daniil Glinka,M15 Antalya,FU,2021-05-17,R32,Cezar,Cretu,6-7(4) 2-6,ITF main draw,2021,linked,9527155,1621382400.0,"Antalya, Singles M-ITF-TUR-20A",ITF Men,Round of 32,Cezar Cretu,3.0,2.0,1.0,0.0,2,false,finished,True
G0BY:atp:2021/7791/qs010:D0C1,G0BY,Daniil Glinka,Almaty,CH,2021-06-07,Q1,Jesper,de Jong,3-6 3-6,Challenger qualifying,2021,unobserved,,,,,,,,,,,,,,False
G0BY:atp:2021/9546/ms030:J709,G0BY,Daniil Glinka,M25 Velenje,FU,2021-07-05,R32,Ronan,Joncour,6-2 3-6 5-7,ITF main draw,2021,unobserved,,,,,,,,,,,,,,False
G0BY:atp:2021/92/ms025:B0BM,G0BY,Daniil Glinka,M25 Telfs,FU,2021-07-12,R32,Philip,Bachmaier,4-6 3-6,ITF main draw,2021,linked,9641246,1626271200.0,"Telfs, Singles M-ITF-AUT-02A",ITF Men,Round of 32,Philip Bachmaier,3.0,2.0,1.0,0.0,1,false,finished,True
G0BY:atp:2021/6917/ms030:TG90,G0BY,Daniil Glinka,M15 Castelo Branco,FU,2021-07-26,R32,Jean,Thirouin,5-7 7-5 4-6,ITF main draw,2021,linked,9674265,1627479000.0,"Castelo Branco, Singles M-ITF-POR-09A",ITF Men,Round of 32,Jean Thirouin,3.0,2.0,1.0,0.0,1,false,finished,True
G0BY:atp:2021/7445/ms003:B0GG,G0BY,Daniil Glinka,M15 Monastir,FU,2021-08-02,SF,Mattia,Bellucci,4-6 3-6,ITF main draw,2021,linked,9702515,1628321400.0,"Monastir, Singles M-ITF-TUN-31A",ITF Men,Semifinals,Mattia Bellucci,3.0,2.0,1.0,0.0,2,false,finished,True
G0BY:atp:2021/7445/ms006:W0BH,G0BY,Daniil Glinka,M15 Monastir,FU,2021-08-02,QF,Coleman,Wong,4-6 7-5 6-2,ITF main draw,2021,linked,9701433,1628235000.0,"Monastir, Singles M-ITF-TUN-31A",ITF Men,Quarterfinals,Coleman Wong,3.0,2.0,1.0,0.0,1,false,finished,True
G0BY:atp:2021/7445/ms012:B0C2,G0BY,Daniil Glinka,M15 Monastir,FU,2021-08-02,R16,Dusty H.,Boyer,6-3 7-5,ITF main draw,2021,linked,9700446,1628148000.0,"Monastir, Singles M-ITF-TUN-31A",ITF Men,Round of 16,Dusty H Boyer,3.0,2.0,1.0,0.0,1,false,finished,True
G0BY:atp:2021/7445/ms025:K0AB,G0BY,Daniil Glinka,M15 Monastir,FU,2021-08-02,R32,Adil,Kalyanpur,7-6(1) 2-0,ITF main draw,2021,linked,9700032,1628089200.0,"Monastir, Singles M-ITF-TUN-31A",ITF Men,Round of 32,Adil Kalyanpur,3.0,2.0,1.0,0.0,1,false,finished,True
G0BY:atp:2021/7450/ms027:RH59,G0BY,Daniil Glinka,M15 Monastir,FU,2021-08-09,R32,Santiago,Rodriguez Taverna,4-6 6-7(4),ITF main draw,2021,linked,9710175,1628667000.0,"Monastir, Singles M-ITF-TUN-32A",ITF Men,Round of 32,Santiago Rodriguez Taverna,3.0,2.0,1.0,0.0,2,false,finished,True
G0BY:atp:2021/9552/ms026:CG33,G0BY,Daniil Glinka,St. Tropez,CH,2021-08-30,R32,Kimmer,Coppejans,3-6 3-6,Challenger main draw,2021,unobserved,,,,,,,,,,,,,,False
G0BY:atp:2021/9552/qs006:BM05,G0BY,Daniil Glinka,St. Tropez,CH,2021-08-30,Q2,Bogdan,Bobrov,6-7(3) 3-6,Challenger qualifying,2021,unobserved,,,,,,,,,,,,,,False
G0BY:atp:2021/9552/qs013:W0BX,G0BY,Daniil Glinka,St. Tropez,CH,2021-08-30,Q1,Tennyson,Whiting,6-2 6-2,Challenger qualifying,2021,linked,9715181,1630195200.0,"Saint Tropez, France, Qualifying",Challenger,Round of 16,Tennyson Whiting,3.0,1.0,1.0,0.0,absent,false,finished,False
G0BY:atp:2021/7478/ms029:I327,G0BY,Daniil Glinka,M15 Monastir,FU,2021-09-06,R32,Guy Orly,Iradukunda,4-6 4-6,ITF main draw,2021,unobserved,,,,,,,,,,,,,,False
G0BY:atp:2021/9615/ms000:L949,G0BY,Daniil Glinka,G2 SUI vs EST Round 1,DC,2021-09-13,RR,Henri,Laaksonen,6-7(3) 4-6,Davis Cup,2021,unobserved,,,,,,,,,,,,,,False
G0BY:atp:2021/7865/ms028:M0GY,G0BY,Daniil Glinka,M15 Monastir,FU,2021-09-20,R32,Lilian,Marmousez,6-7(5) 2-6,ITF main draw,2021,unobserved,,,,,,,,,,,,,,False
G0BY:atp:2021/7869/ms020:TG46,G0BY,Daniil Glinka,M15 Monastir,FU,2021-09-27,R32,Ryota,Tanuma,4-6 3-6,ITF main draw,2021,unobserved,,,,,,,,,,,,,,False
G0BY:atp:2021/7872/ms024:VA25,G0BY,Daniil Glinka,M15 Monastir,FU,2021-10-04,R32,Valentin,Vacherot,4-6 6-3 2-6,ITF main draw,2021,unobserved,,,,,,,,,,,,,,False
G0BY:atp:2021/8120/ms012:EA13,G0BY,Daniil Glinka,M15 Monastir,FU,2021-10-11,R16,Moez,Echargui,1-6 0-6,ITF main draw,2021,linked,9885620,1634205900.0,"Monastir, Singles M-ITF-TUN-41A",ITF Men,Round of 16,Moez Echargui,3.0,2.0,1.0,0.0,1,false,finished,True
G0BY:atp:2021/8120/ms025:R0AI,G0BY,Daniil Glinka,M15 Monastir,FU,2021-10-11,R32,Stefano,Reitano,6-3 2-6 6-1,ITF main draw,2021,unobserved,,,,,,,,,,,,,,False
G0BY:atp:2021/8122/ms019:B0EK,G0BY,Daniil Glinka,M15 Monastir,FU,2021-10-18,R32,Moerani,Bouzige,1-6 2-6,ITF main draw,2021,linked,9896706,1634720400.0,"Monastir, Singles M-ITF-TUN-42A",ITF Men,Round of 32,Moerani Bouzige,3.0,2.0,1.0,0.0,2,false,finished,True
G0BY:atp:2021/9451/ms010:FC39,G0BY,Daniil Glinka,M15 Monastir,FU,2021-10-25,R16,Quentin,Folliot,3-6 3-6,ITF main draw,2021,linked,9919524,1635417000.0,"Tunisia F43, Singles",ITF Men,Round of 16,Quentin Folliot,3.0,2.0,0.0,0.0,2,false,finished,True
G0BY:atp:2021/9451/ms021:C0I7,G0BY,Daniil Glinka,M15 Monastir,FU,2021-10-25,R32,Preston,Connor,6-2 6-2,ITF main draw,2021,linked,9915213,1635256500.0,"Tunisia F43, Singles",ITF Men,Round of 32,Preston Connor,3.0,2.0,0.0,0.0,1,false,finished,True
G0BY:atp:2021/8258/ms023:H0DC,G0BY,Daniil Glinka,M15 Cancun,FU,2021-11-22,R32,Giles,Hussey,3-6 1-6,ITF main draw,2021,linked,9973003,1637676000.0,"Cancun, Singles M-ITF-MEX-06A",ITF Men,Round of 32,Giles Hussey,3.0,2.0,1.0,0.0,2,false,finished,True
G0BY:atp:2021/8262/ms024:LD22,G0BY,Daniil Glinka,M15 Cancun,FU,2021-11-29,R32,Nam Hoang,Ly,4-6 1-6,ITF main draw,2021,linked,9986888,1638460800.0,"Cancun, Singles M-ITF-MEX-07A",ITF Men,Round of 32,Nam Hoang Ly,3.0,2.0,1.0,0.0,1,false,finished,True
G0BY:atp:2022/8144/ms027:K0E6,G0BY,Daniil Glinka,M15 Kazan,FU,2022-01-17,R32,Alibek,Kachmazov,7-6(2) 3-6 2-6,ITF main draw,2022,linked,10074474,1642505700.0,"Kazan, Singles M-ITF-RUS-01A",ITF Men,Round of 32,Alibek Kachmazov,3.0,2.0,1.0,0.0,1,false,finished,True
G0BY:atp:2022/8170/ms009:HH15,G0BY,Daniil Glinka,M25 Nur-Sultan,FU,2022-02-28,R16,Mikalai,Haliak,6-7(3) 1-6,ITF main draw,2022,unobserved,,,,,,,,,,,,,,False
G0BY:atp:2022/8170/ms019:K776,G0BY,Daniil Glinka,M25 Nur-Sultan,FU,2022-02-28,R32,Konstantin,Kravchuk,6-3 6-2,ITF main draw,2022,unobserved,,,,,,,,,,,,,,False
G0BY:atp:2022/8194/ms013:B0DA,G0BY,Daniil Glinka,M15 Creteil,FU,2022-03-07,R16,Martin,Breysach,1-6 1-6,ITF main draw,2022,unobserved,,,,,,,,,,,,,,False
G0BY:atp:2022/8194/ms026:PM20,G0BY,Daniil Glinka,M15 Creteil,FU,2022-03-07,R32,Hugo,Pierre,6-4 6-2,ITF main draw,2022,unobserved,,,,,,,,,,,,,,False
G0BY:atp:2022/8156/ms023:A09T,G0BY,Daniil Glinka,M25 Trimbach,FU,2022-03-14,R32,Dan,Added,3-6 4-6,ITF main draw,2022,unobserved,,,,,,,,,,,,,,False
G0BY:atp:2022/8158/ms017:BU35,G0BY,Daniil Glinka,M25 Toulouse-Balma,FU,2022-03-21,R32,Maxence,Broville,7-5 3-6 5-7,ITF main draw,2022,unobserved,,,,,,,,,,,,,,False
G0BY:atp:2022/7328/ms024:B0DA,G0BY,Daniil Glinka,M15 Monastir,FU,2022-04-04,R32,Martin,Breysach,2-6 3-6,ITF main draw,2022,unobserved,,,,,,,,,,,,,,False
G0BY:atp:2022/9840/ms016:MI01,G0BY,Daniil Glinka,M25 Nottingham,FU,2022-04-18,R32,Hiroki,Moriya,2-6 6-7(3),ITF main draw,2022,linked,10262347,1650460800.0,"Nottingham, Singles M-ITF-GBR-06A",ITF Men,absent,Hiroki Moriya,3.0,0.0,1.0,0.0,1,false,finished,True
G0BY:atp:2022/7383/ms014:KI71,G0BY,Daniil Glinka,M15 Monastir,FU,2022-04-25,R16,Kirill,Kivattsev,6-7(6) 3-6,ITF main draw,2022,linked,10278125,1651134600.0,"Monastir, Singles M-ITF-TUN-20A",ITF Men,absent,Kirill Kivattsev,3.0,0.0,1.0,0.0,1,false,finished,True
G0BY:atp:2022/7383/ms028:BP44,G0BY,Daniil Glinka,M15 Monastir,FU,2022-04-25,R32,Gage,Brymer,6-3 7-6(3),ITF main draw,2022,linked,10273478,1650961800.0,"Monastir, Singles M-ITF-TUN-20A",ITF Men,absent,Gage Brymer,3.0,0.0,1.0,0.0,absent,false,finished,False
G0BY:atp:2022/7386/ms026:C0A0,G0BY,Daniil Glinka,M15 Monastir,FU,2022-05-02,R32,Alexander,Crnokrak,6-4 1-6 1-6,ITF main draw,2022,linked,10287442,1651653000.0,"Monastir, Singles M-ITF-TUN-21A",ITF Men,Round of 32,Alexander Crnokrak,3.0,2.0,1.0,0.0,2,false,finished,True
G0BY:atp:2022/7400/ms019:LI10,G0BY,Daniil Glinka,M25 Monastir,FU,2022-05-09,R32,Christian,Langmo,3-6 4-6,ITF main draw,2022,linked,10301503,1652177100.0,"Monastir, Singles M-ITF-TUN-22A",ITF Men,absent,Christian Langmo,3.0,0.0,1.0,0.0,1,false,finished,True
G0BY:atp:2022/9849/ms019:N0B0,G0BY,Daniil Glinka,M15 Kouvola,FU,2022-05-16,R32,Egor,Noskin,2-6 6-2 4-6,ITF main draw,2022,linked,10315573,1652889300.0,"Kouvola, Singles M-ITF-FIN-03A",ITF Men,Round of 32,Egor Noskin,3.0,2.0,1.0,0.0,2,false,finished,True
G0BY:atp:2022/7404/ms016:U134,G0BY,Daniil Glinka,M25 Monastir,FU,2022-05-23,R32,Yasutaka,Uchiyama,3-6 5-7,ITF main draw,2022,linked,10332686,1653480600.0,"Monastir, Singles M-ITF-TUN-24A",ITF Men,Round of 32,Yasutaka Uchiyama,3.0,2.0,1.0,0.0,1,false,finished,True
G0BY:atp:2022/899/ms003:F09J,G0BY,Daniil Glinka,M15 Vassa,FU,2022-05-30,SF,Karl,Friberg,6-7(4) 3-6,ITF main draw,2022,linked,10354947,1654326000.0,"Vaasa, Singles Main, M-ITF-FIN-01A",ITF Men,Semifinals,Karl Friberg,3.0,2.0,0.0,0.0,1,false,finished,True
G0BY:atp:2022/899/ms006:CH80,G0BY,Daniil Glinka,M15 Vassa,FU,2022-05-30,QF,Luca,Castelnuovo,6-1 6-4,ITF main draw,2022,linked,10352914,1654253400.0,"Vaasa, Singles Main, M-ITF-FIN-01A",ITF Men,Quarterfinals,Luca Castelnuovo,3.0,2.0,0.0,0.0,2,false,finished,True
G0BY:atp:2022/899/ms012:S0LF,G0BY,Daniil Glinka,M15 Vassa,FU,2022-05-30,R16,Leonid,Sheyngezikht,2-6 6-2 6-4,ITF main draw,2022,linked,10350293,1654164600.0,"Vaasa, Singles Main, M-ITF-FIN-01A",ITF Men,Round of 16,Leonid Sheyngezikht,3.0,2.0,0.0,0.0,2,false,finished,True
G0BY:atp:2022/899/ms024:J732,G0BY,Daniil Glinka,M15 Vassa,FU,2022-05-30,R32,Ben,Jones,6-3 6-2,ITF main draw,2022,linked,10348091,1654066800.0,"Vaasa, Singles Main, M-ITF-FIN-01A",ITF Men,Round of 32,Ben Jones,3.0,2.0,0.0,0.0,2,false,finished,True
G0BY:atp:2022/4124/ms009:M0F4,G0BY,Daniil Glinka,M15 Raanana,FU,2022-06-20,R16,Brandon,Murphy,1-6 5-7,ITF main draw,2022,unobserved,,,,,,,,,,,,,,False
G0BY:atp:2022/4124/ms019:B0ML,G0BY,Daniil Glinka,M15 Raanana,FU,2022-06-20,R32,Myroslav,Bondar,6-2 6-1,ITF main draw,2022,unobserved,,,,,,,,,,,,,,False
G0BY:atp:2022/275/ms015:M0HT,G0BY,Daniil Glinka,M25 Bakio,FU,2022-06-27,R16,Alejandro,Moro Canas,6-4 5-7 4-6,ITF main draw,2022,unobserved,,,,,,,,,,,,,,False
G0BY:atp:2022/275/ms030:B0HF,G0BY,Daniil Glinka,M25 Bakio,FU,2022-06-27,R32,Diego Augusto,Barreto Sanchez,6-1 7-6(3),ITF main draw,2022,unobserved,,,,,,,,,,,,,,False
G0BY:atp:2022/6090/ms017:SF89,G0BY,Daniil Glinka,M25 Nur-Sultan,FU,2022-07-11,R32,Rubin,Statham,6-7(4) 2-6,ITF main draw,2022,unobserved,,,,,,,,,,,,,,False
G0BY:atp:2022/9533/qs008:E0AA,G0BY,Daniil Glinka,Nur Sultan,CH,2022-07-18,Q2,Yanki,Erel,6-2 6-7(7) 2-6,Challenger qualifying,2022,linked,10487914,1658134800.0,"Nur Sultan, Kazakhstan, Qualifying",Challenger,Qualification round 1,Yanki Erel,3.0,1.0,1.0,0.0,absent,false,finished,False
G0BY:atp:2022/9533/qs017:A0HP,G0BY,Daniil Glinka,Nur Sultan,CH,2022-07-18,Q1,Arslanbek,Aitkulov,6-0 6-1,Challenger qualifying,2022,linked,10486372,1658041200.0,"Nur Sultan, Kazakhstan, Qualifying",Challenger,Qualification round 1,Arslanbek Aitkulov,3.0,2.0,1.0,0.0,absent,false,finished,False
G0BY:atp:2022/6608/ms018:P0G0,G0BY,Daniil Glinka,M25 Tbilisi,FU,2022-07-25,R32,Evgeny,Philippov,4-6 7-6(5) 4-6,ITF main draw,2022,linked,10514291,1658817000.0,"Georgia F1, Singles",ITF Men,Round of 32,Evgeny Philippov,3.0,2.0,0.0,0.0,2,false,finished,True
G0BY:atp:2022/6632/ms030:E0AA,G0BY,Daniil Glinka,M25 Tbilisi,FU,2022-08-01,R32,Yanki,Erel,4-6 6-2 3-6,ITF main draw,2022,linked,10537571,1659445500.0,"Georgia F2, Singles",ITF Men,Round of 32,Yanki Erel,3.0,2.0,0.0,0.0,2,false,finished,True
G0BY:atp:2022/7109/ms006:Y09V,G0BY,Daniil Glinka,M25 Tbilisi,FU,2022-08-08,QF,Yunchaokete,Bu,4-6 4-6,ITF main draw,2022,linked,10559646,1660204800.0,"Georgia F3, Singles",ITF Men,Quarterfinals,Yunchaokete Bu,3.0,2.0,0.0,0.0,2,false,finished,True
G0BY:atp:2022/7109/ms012:B0LQ,G0BY,Daniil Glinka,M25 Tbilisi,FU,2022-08-08,R16,Petr,Bar Biryukov,6-3 4-6 6-4,ITF main draw,2022,linked,10557181,1660111200.0,"Georgia F3, Singles",ITF Men,Round of 16,Petr Bar Biryukov,3.0,2.0,0.0,0.0,1,false,finished,True
G0BY:atp:2022/7109/ms024:SF89,G0BY,Daniil Glinka,M25 Tbilisi,FU,2022-08-08,R32,Rubin,Statham,6-4 6-4,ITF main draw,2022,linked,10554490,1660046400.0,"Georgia F3, Singles",ITF Men,Round of 32,Rubin Statham,3.0,2.0,0.0,0.0,2,false,finished,True
G0BY:atp:2022/2789/qs027:P0B2,G0BY,Daniil Glinka,Grodzisk Mazowiecki,CH,2022-08-15,Q1,Luca,Potenza,4-6 7-6(2) 5-7,Challenger qualifying,2022,linked,10586940,1660495200.0,"Grodzisk Mazowiecki, Poland, Qualifying",Challenger,Qualification round 1,Luca Potenza,3.0,2.0,1.0,0.0,absent,false,finished,False
G0BY:atp:2022/7973/ms017:MB53,G0BY,Daniil Glinka,Mallorca,CH,2022-08-29,R32,Adrian,Menendez-Maceiras,4-6 6-3 3-6,Challenger main draw,2022,linked,10649828,1661959200.0,"Mallorca, Spain",Challenger,Round of 32,A. Menendez-Maceiras,1.0,2.0,1.0,0.0,absent,false,finished,False
G0BY:atp:2022/7973/qs010:L797,G0BY,Daniil Glinka,Mallorca,CH,2022-08-29,Q2,Lukas,Lacko,6-4 2-1,Challenger qualifying,2022,linked,10646602,1661852700.0,"Mallorca, Spain, Qualifying",Challenger,Qualification round 1,Lukáš Lacko,3.0,1.0,1.0,0.0,absent,false,finished,False
G0BY:atp:2022/7973/qs021:W845,G0BY,Daniil Glinka,Mallorca,CH,2022-08-29,Q1,Szymon,Walkow,6-4 6-4,Challenger qualifying,2022,linked,10646278,1661766300.0,"Mallorca, Spain, Qualifying",Challenger,Qualification round 1,Szymon Walkow,3.0,2.0,1.0,0.0,absent,false,finished,False
G0BY:atp:2022/7316/ms029:CF10,G0BY,Daniil Glinka,Cary,CH,2022-09-12,R32,Nick,Chappell,2-6 6-7(3),Challenger main draw,2022,linked,10682561,1663092000.0,"Cary, USA",Challenger,Round of 32,Nick Chappell,3.0,2.0,1.0,0.0,absent,false,finished,False
G0BY:atp:2022/7316/qs013:M0NB,G0BY,Daniil Glinka,Cary,CH,2022-09-12,Q2,Aidan,Mayo,6-3 6-2,Challenger qualifying,2022,linked,10680418,1662998400.0,"Cary, USA, Qualifying",Challenger,Qualification round 1,Aidan Mayo,3.0,1.0,1.0,0.0,absent,false,finished,False
G0BY:atp:2022/7316/qs027:S0DH,G0BY,Daniil Glinka,Cary,CH,2022-09-12,Q1,Roy,Smith,6-1 6-4,Challenger qualifying,2022,linked,10678807,1662915000.0,"Cary, USA, Qualifying",Challenger,Qualification round 1,Roy Smith,3.0,2.0,1.0,0.0,absent,false,finished,False
G0BY:atp:2022/8281/qs012:C0E0,G0BY,Daniil Glinka,Columbus 2,CH,2022-09-19,Q2,Robert,Cash,6-3 6-7(7) 4-6,Challenger qualifying,2022,unobserved,,,,,,,,,,,,,,False
G0BY:atp:2022/8281/qs025:S0TT,G0BY,Daniil Glinka,Columbus 2,CH,2022-09-19,Q1,Preston,Stearns,7-5 6-3,Challenger qualifying,2022,unobserved,,,,,,,,,,,,,,False
G0BY:atp:2022/1768/qs010:KB37,G0BY,Daniil Glinka,Tiburon,CH,2022-10-03,Q2,Evan,King,6-7(7) 3-6,Challenger qualifying,2022,unobserved,,,,,,,,,,,,,,False
G0BY:atp:2022/1768/qs021:CO07,G0BY,Daniil Glinka,Tiburon,CH,2022-10-03,Q1,Ezekiel,Clark,6-4 6-3,Challenger qualifying,2022,unobserved,,,,,,,,,,,,,,False
G0BY:atp:2022/7339/qs020:SL08,G0BY,Daniil Glinka,Fairfield,CH,2022-10-10,Q1,Tennys,Sandgren,4-6 5-7,Challenger qualifying,2022,unobserved,,,,,,,,,,,,,,False
G0BY:atp:2022/4238/ms030:R0AR,G0BY,Daniil Glinka,"M25 Harlingen, TX",FU,2022-10-17,R32,Daniel,Rodrigues,2-6 4-6,ITF main draw,2022,unobserved,,,,,,,,,,,,,,False
G0BY:atp:2023/347/ms009:I0AP,G0BY,Daniil Glinka,M15 Creteil,FU,2023-03-06,R16,Kalin,Ivanovski,6-3 6-7(5) 1-6,ITF main draw,2023,linked,11115329,1678359600.0,"Creteil, Singles Main, M-ITF-FRA-08A",ITF Men,Round of 16,Kalin Ivanovski,3.0,2.0,1.0,0.0,2,false,finished,True
G0BY:atp:2023/347/ms018:W0AN,G0BY,Daniil Glinka,M15 Creteil,FU,2023-03-06,R32,Milan,Welte,7-6(3) 6-1,ITF main draw,2023,linked,11109644,1678207200.0,"Creteil, Singles Main, M-ITF-FRA-08A",ITF Men,Round of 32,Milan Welte,3.0,2.0,1.0,0.0,2,false,finished,True
G0BY:atp:2023/8156/ms031:Z09D,G0BY,Daniil Glinka,M25 Trimbach,FU,2023-03-13,R32,Kacper,Zuk,5-7 6-3 3-6,ITF main draw,2023,linked,11127476,1678803300.0,"Trimbach, Singles Main, M-ITF-SUI-01A",ITF Men,Round of 32,Kacper Zuk,3.0,2.0,1.0,0.0,2,false,finished,True
G0BY:atp:2023/1796/qs010:B0AY,G0BY,Daniil Glinka,St. Brieuc,CH,2023-03-20,Q2,Jurgen,Briand,4-6 3-6,Challenger qualifying,2023,linked,11143297,1679312100.0,"St. Brieuc, France, Spain, Qualifying",Challenger,Qualification round 1,Jurgen Briand,3.0,1.0,1.0,0.0,absent,false,finished,False
G0BY:atp:2023/1796/qs021:V09L,G0BY,Daniil Glinka,St. Brieuc,CH,2023-03-20,Q1,Sem,Verbeek,6-3 6-4,Challenger qualifying,2023,linked,11140804,1679240700.0,"St. Brieuc, France, Spain, Qualifying",Challenger,Qualification round 1,Sem Verbeek,3.0,2.0,1.0,0.0,absent,false,finished,False
G0BY:atp:2023/8176/ms023:K0CJ,G0BY,Daniil Glinka,M25 Trento,FU,2023-03-27,R32,Sandro,Kopp,6-7(0) 3-6,ITF main draw,2023,linked,11172954,1680109500.0,"Trento, Singles Main, M-ITF-ITA-01A",ITF Men,Round of 32,Sandro Kopp,3.0,2.0,1.0,0.0,2,false,finished,True
G0BY:atp:2023/6963/qs010:CA99,G0BY,Daniil Glinka,Morelos,CH,2023-04-17,Q2,Marius,Copil,6-7(7) 6-4 5-7,Challenger qualifying,2023,linked,11217310,1681750800.0,"Morelos, Mexico, Qualifying",Challenger,Qualification round 1,Marius Copil,3.0,1.0,1.0,0.0,absent,false,finished,False
G0BY:atp:2023/6963/qs021:R0DC,G0BY,Daniil Glinka,Morelos,CH,2023-04-17,Q1,Ajeet,Rai,7-5 6-2,Challenger qualifying,2023,linked,11215177,1681674600.0,"Morelos, Mexico, Qualifying",Challenger,Qualification round 1,Ajeet Rai,3.0,2.0,1.0,0.0,absent,false,finished,False
G0BY:atp:2023/5067/qs023:J0AZ,G0BY,Daniil Glinka,Savannah,CH,2023-04-24,Q1,Kyrian,Jacquet,6-4 6-7(4) 5-7,Challenger qualifying,2023,linked,11232289,1682250300.0,"Savannah, USA, Qualifying",Challenger,Qualification round 1,Kyrian Jacquet,3.0,2.0,1.0,0.0,absent,false,finished,False
G0BY:atp:2023/9842/ms007:L0CF,G0BY,Daniil Glinka,M25 Nottingham,FU,2023-05-01,QF,George,Loffhagen,6-7(4) 3-6,ITF main draw,2023,unobserved,,,,,,,,,,,,,,False
G0BY:atp:2023/9842/ms015:W0AH,G0BY,Daniil Glinka,M25 Nottingham,FU,2023-05-01,R16,Harry,Wendelken,6-2 6-2,ITF main draw,2023,unobserved,,,,,,,,,,,,,,False
G0BY:atp:2023/9842/ms030:S0E0,G0BY,Daniil Glinka,M25 Nottingham,FU,2023-05-01,R32,Tiran,Sanghera,7-6(0) 7-5,ITF main draw,2023,unobserved,,,,,,,,,,,,,,False
G0BY:atp:2023/7402/ms007:M0BW,G0BY,Daniil Glinka,M15 Monastir,FU,2023-05-08,QF,Ye Cong,Mo,5-7 3-6,ITF main draw,2023,unobserved,,,,,,,,,,,,,,False
G0BY:atp:2023/7402/ms015:B0JJ,G0BY,Daniil Glinka,M15 Monastir,FU,2023-05-08,R16,Robin,Bertrand,7-5 3-6 7-5,ITF main draw,2023,unobserved,,,,,,,,,,,,,,False
G0BY:atp:2023/7402/ms030:CN07,G0BY,Daniil Glinka,M15 Monastir,FU,2023-05-08,R32,Shohei,Chikami,2-6 6-1 6-0,ITF main draw,2023,unobserved,,,,,,,,,,,,,,False
G0BY:atp:2023/7404/ms013:GJ05,G0BY,Daniil Glinka,M15 Monastir,FU,2023-05-15,R16,Alexis,Gautier,4-6 3-6,ITF main draw,2023,unobserved,,,,,,,,,,,,,,False
G0BY:atp:2023/7404/ms026:J0D4,G0BY,Daniil Glinka,M15 Monastir,FU,2023-05-15,R32,Jeremy,Jin,6-2 7-6(5),ITF main draw,2023,unobserved,,,,,,,,,,,,,,False
G0BY:atp:2023/7405/ms002:G0I2,G0BY,Daniil Glinka,M15 Monastir,FU,2023-05-22,SF,Adrien,Gobat,6-7(6) 5-7,ITF main draw,2023,linked,11312231,1685178000.0,"Monastir, Singles Main, M-ITF-TUN-25A",ITF Men,Semifinals,Adrien Gobat,3.0,2.0,1.0,0.0,2,false,finished,True
G0BY:atp:2023/7405/ms004:B0JJ,G0BY,Daniil Glinka,M15 Monastir,FU,2023-05-22,QF,Robin,Bertrand,4-6 6-3 6-1,ITF main draw,2023,linked,11311799,1685102400.0,"Monastir, Singles Main, M-ITF-TUN-25A",ITF Men,Quarterfinals,Robin Bertrand,3.0,2.0,1.0,0.0,1,false,finished,True
G0BY:atp:2023/7405/ms009:A0ES,G0BY,Daniil Glinka,M15 Monastir,FU,2023-05-22,R16,Pedro,Araujo,6-2 6-4,ITF main draw,2023,unobserved,,,,,,,,,,,,,,False
G0BY:atp:2023/7405/ms019:S0R5,G0BY,Daniil Glinka,M15 Monastir,FU,2023-05-22,R32,Ilya,Snitari,3-6 6-1 6-4,ITF main draw,2023,unobserved,,,,,,,,,,,,,,False
G0BY:atp:2023/7429/ms010:M0DQ,G0BY,Daniil Glinka,M15 Monastir,FU,2023-06-19,R16,Vladislav,Melnic,6-3 4-6 4-6,ITF main draw,2023,linked,11365662,1687443000.0,"Monastir, Singles Main, M-ITF-TUN-29A",ITF Men,Round of 16,Vladislav Melnic,3.0,2.0,1.0,0.0,2,false,finished,True
G0BY:atp:2023/7429/ms020:S0RD,G0BY,Daniil Glinka,M15 Monastir,FU,2023-06-19,R32,Adit,Sinha,6-0 4-6 6-4,ITF main draw,2023,linked,11361600,1687352400.0,"Monastir, Singles Main, M-ITF-TUN-29A",ITF Men,Round of 32,Adit Sinha,3.0,2.0,1.0,0.0,1,false,finished,True
G0BY:atp:2023/7433/ms031:B0OI,G0BY,Daniil Glinka,M15 Monastir,FU,2023-06-26,R32,Billy,Blaydes,3-6 7-5 1-6,ITF main draw,2023,linked,11381026,1687966500.0,"Monastir, Singles Main, M-ITF-TUN-30A",ITF Men,Round of 32,Billy Blaydes,3.0,2.0,1.0,0.0,absent,false,finished,False
G0BY:atp:2023/9533/qs010:Z09B,G0BY,Daniil Glinka,Astana,CH,2023-07-24,Q2,Alexander,Zgirovsky,7-6(4) 2-6 4-6,Challenger qualifying,2023,linked,11464824,1690171200.0,"Astana, Kazakhstan, Qualifying",Challenger,absent,Alexander Zgirovsky,3.0,1.0,1.0,0.0,3,false,finished,False
G0BY:atp:2023/9533/qs021:M0O8,G0BY,Daniil Glinka,Astana,CH,2023-07-24,Q1,Mykhailo,Mossur,6-4 6-2,Challenger qualifying,2023,linked,11463454,1690095300.0,"Astana, Kazakhstan, Qualifying",Challenger,Qualification round 1,Mykhailo Mossur,3.0,2.0,1.0,0.0,absent,false,finished,False
G0BY:atp:2023/6090/ms019:TF58,G0BY,Daniil Glinka,M25 Astana,FU,2023-07-31,R32,Yusuke,Takahashi,4-6 2-6,ITF main draw,2023,linked,11493363,1690964100.0,"Astana, Singles Main, M-ITF-KAZ-05A",ITF Men,Round of 32,Yusuke Takahashi,3.0,2.0,1.0,0.0,2,false,finished,True
G0BY:atp:2023/4142/ms001:P0HT,G0BY,Daniil Glinka,M25 Roehampton,FU,2023-08-07,F,Jack,Pinnington Jones,4-6 6-7(3),ITF main draw,2023,unobserved,,,,,,,,,,,,,,False
G0BY:atp:2023/4142/ms003:J0A4,G0BY,Daniil Glinka,M25 Roehampton,FU,2023-08-07,SF,Paul,Jubb,5-7 7-6(8),ITF main draw,2023,linked,11527906,1691838600.0,"London, Singles Main, M-ITF-GBR-11A",ITF Men,Semifinals,Paul Jubb,3.0,2.0,0.0,0.0,2,false,finished,True
G0BY:atp:2023/4142/ms007:T0GR,G0BY,Daniil Glinka,M25 Roehampton,FU,2023-08-07,QF,Oliver,Tarvet,5-7 6-4 6-2,ITF main draw,2023,linked,11524421,1691751900.0,"London, Singles Main, M-ITF-GBR-11A",ITF Men,Quarterfinals,Oliver Tarvet,3.0,2.0,0.0,0.0,1,false,finished,True
G0BY:atp:2023/4142/ms014:D0A2,G0BY,Daniil Glinka,M25 Roehampton,FU,2023-08-07,R16,Matthew,Dellavedova,6-2 6-4,ITF main draw,2023,linked,11520622,1691677200.0,"London, Singles Main, M-ITF-GBR-11A",ITF Men,Round of 16,Matthew Dellavedova,3.0,2.0,0.0,0.0,2,false,finished,True
G0BY:atp:2023/4142/ms029:L0AF,G0BY,Daniil Glinka,M25 Roehampton,FU,2023-08-07,R32,Ewen,Lumsden,6-1 6-3,ITF main draw,2023,linked,11513824,1691488800.0,"London, Singles Main, M-ITF-GBR-11A",ITF Men,Round of 32,Ewen Lumsden,3.0,2.0,0.0,0.0,1,false,finished,True
G0BY:atp:2023/6917/ms022:V426,G0BY,Daniil Glinka,M25 Idanha-a-Nova,FU,2023-08-21,R32,Ricardo,Villacorta-Alonso,6-1 5-7 1-6,ITF main draw,2023,unobserved,,,,,,,,,,,,,,False
G0BY:atp:2023/9120/qs025:V717,G0BY,Daniil Glinka,Cassis,CH,2023-09-04,Q1,Alexey,Vatutin,7-5 3-6 4-6,Challenger qualifying,2023,unobserved,,,,,,,,,,,,,,False
G0BY:atp:2023/728/ms010:LC11,G0BY,Daniil Glinka,M25+H Plaisir,FU,2023-09-11,R16,Tristan,Lamasine,6-4 2-6 1-6,ITF main draw,2023,unobserved,,,,,,,,,,,,,,False
G0BY:atp:2023/728/ms021:PM20,G0BY,Daniil Glinka,M25+H Plaisir,FU,2023-09-11,R32,Hugo,Pierre,6-3 7-6(4),ITF main draw,2023,unobserved,,,,,,,,,,,,,,False
G0BY:atp:2023/6802/ms007:D0DT,G0BY,Daniil Glinka,M25 Setubal,FU,2023-09-18,QF,Martin,Damm,6-7(8) 6-7(2),ITF main draw,2023,unobserved,,,,,,,,,,,,,,False
G0BY:atp:2023/6802/ms015:Z09D,G0BY,Daniil Glinka,M25 Setubal,FU,2023-09-18,R16,Kacper,Zuk,6-4 6-3,ITF main draw,2023,unobserved,,,,,,,,,,,,,,False
G0BY:atp:2023/6802/ms030:M0QF,G0BY,Daniil Glinka,M25 Setubal,FU,2023-09-18,R32,Daniel,Marincas,6-0 6-0,ITF main draw,2023,unobserved,,,,,,,,,,,,,,False
G0BY:atp:2023/813/ms001:S0EX,G0BY,Daniil Glinka,M15 Forbach,FU,2023-09-25,F,Hamish,Stewart,6-4 6-4,ITF main draw,2023,linked,11698861,1696163400.0,"Forbach, Singles Main, M-ITF-FRA-19A",ITF Men,Final,Hamish Stewart,3.0,2.0,1.0,0.0,1,false,finished,True
G0BY:atp:2023/813/ms003:B0ER,G0BY,Daniil Glinka,M15 Forbach,FU,2023-09-25,SF,Arthur,Bouquier,6-1 6-3,ITF main draw,2023,linked,11696863,1696075200.0,"Forbach, Singles Main, M-ITF-FRA-19A",ITF Men,Semifinals,Arthur Bouquier,3.0,2.0,1.0,0.0,absent,false,finished,False
G0BY:atp:2023/813/ms007:G0FF,G0BY,Daniil Glinka,M15 Forbach,FU,2023-09-25,QF,Axel,Garcian,6-3 6-4,ITF main draw,2023,linked,11694357,1695984000.0,"Forbach, Singles Main, M-ITF-FRA-19A",ITF Men,Quarterfinals,Axel Garcian,3.0,2.0,1.0,0.0,2,false,finished,True
G0BY:atp:2023/813/ms014:A0HK,G0BY,Daniil Glinka,M15 Forbach,FU,2023-09-25,R16,Mikail,Alimli,7-6(3) 3-6 7-6(2),ITF main draw,2023,unobserved,,,,,,,,,,,,,,False
G0BY:atp:2023/813/ms028:L0BY,G0BY,Daniil Glinka,M15 Forbach,FU,2023-09-25,R32,Lewie,Lane,6-1 6-3,ITF main draw,2023,unobserved,,,,,,,,,,,,,,False
G0BY:atp:2023/812/ms002:G0GW,G0BY,Daniil Glinka,M25 Nevers,FU,2023-10-02,SF,Sascha,Gueymard Wayenburg,1-6 7-5 6-7(4),ITF main draw,2023,linked,11716909,1696694700.0,"Nevers, Singles Main, M-ITF-FRA-18A",ITF Men,Semifinals,Sascha Gueymard Wayenburg,3.0,2.0,1.0,0.0,2,false,finished,True
G0BY:atp:2023/812/ms004:B0PG,G0BY,Daniil Glinka,M25 Nevers,FU,2023-10-02,QF,Alexander,Blockx,6-1 3-1,ITF main draw,2023,linked,11713166,1696599300.0,"Nevers, Singles Main, M-ITF-FRA-18A",ITF Men,Quarterfinals,Alexander Blockx,3.0,2.0,1.0,0.0,1,false,finished,True
G0BY:atp:2023/812/ms009:B0LW,G0BY,Daniil Glinka,M25 Nevers,FU,2023-10-02,R16,Mika,Brunold,5-7 6-1 6-0,ITF main draw,2023,linked,11706582,1696496400.0,"Nevers, Singles Main, M-ITF-FRA-18A",ITF Men,Round of 16,Mika Brunold,3.0,2.0,1.0,0.0,1,false,finished,True
G0BY:atp:2023/812/ms018:R0KV,G0BY,Daniil Glinka,M25 Nevers,FU,2023-10-02,R32,Matteo,Rocci,6-1 6-0,ITF main draw,2023,linked,11704561,1696329900.0,"Nevers, Singles Main, M-ITF-FRA-18A",ITF Men,Round of 32,Matteo Rocci,3.0,2.0,1.0,0.0,1,false,finished,True
G0BY:atp:2023/4443/ms002:P0GN,G0BY,Daniil Glinka,M25+H Rodez,FU,2023-10-09,SF,Tom,Paris,4-6 3-6,ITF main draw,2023,linked,11740967,1697293500.0,"Onet, Singles Main, M-ITF-FRA-22A",ITF Men,Semifinals,Tom Paris,3.0,2.0,0.0,0.0,1,false,finished,True
G0BY:atp:2023/4443/ms005:HF80,G0BY,Daniil Glinka,M25+H Rodez,FU,2023-10-09,QF,Hady,Habib,7-6(5) 6-4,ITF main draw,2023,linked,11737808,1697209200.0,"Onet, Singles Main, M-ITF-FRA-22A",ITF Men,Quarterfinals,Hady Habib,3.0,2.0,0.0,0.0,2,false,finished,True
G0BY:atp:2023/4443/ms011:D0D2,G0BY,Daniil Glinka,M25+H Rodez,FU,2023-10-09,R16,Alec,Deckers,7-6(3) 1-6 6-3,ITF main draw,2023,linked,11734663,1697127300.0,"Onet, Singles Main, M-ITF-FRA-22A",ITF Men,Round of 16,Alec Deckers,3.0,2.0,0.0,0.0,1,false,finished,True
G0BY:atp:2023/4443/ms022:G0GW,G0BY,Daniil Glinka,M25+H Rodez,FU,2023-10-09,R32,Sascha,Gueymard Wayenburg,4-6 6-1 6-4,ITF main draw,2023,linked,11729668,1697042100.0,"Onet, Singles Main, M-ITF-FRA-22A",ITF Men,Round of 32,Sascha Gueymard Wayenburg,3.0,2.0,0.0,0.0,2,false,finished,True
G0BY:atp:2023/6204/ms005:HD68,G0BY,Daniil Glinka,Ortisei,CH,2023-10-23,QF,Billy,Harris,6-7(3) 6-4 3-6,Challenger main draw,2023,linked,11757355,1698397200.0,"Ortisei, Italy",Challenger,Quarterfinals,Billy Harris,3.0,2.0,1.0,0.0,absent,false,finished,False
G0BY:atp:2023/6204/ms010:BP41,G0BY,Daniil Glinka,Ortisei,CH,2023-10-23,R16,Antoine,Bellier,6-4 6-4,Challenger main draw,2023,linked,11757350,1698241800.0,"Ortisei, Italy",Challenger,Round of 16,Antoine Bellier,3.0,2.0,1.0,0.0,absent,false,finished,False
G0BY:atp:2023/6204/ms021:N0B4,G0BY,Daniil Glinka,Ortisei,CH,2023-10-23,R32,Ryan,Nijboer,6-3 7-6(7),Challenger main draw,2023,linked,11769351,1698154800.0,"Ortisei, Italy",Challenger,Round of 32,Ryan Nijboer,3.0,2.0,1.0,0.0,absent,false,finished,False
G0BY:atp:2023/6204/qs012:B0NV,G0BY,Daniil Glinka,Ortisei,CH,2023-10-23,Q2,Patrick,Brady,4-6 6-4 7-5,Challenger qualifying,2023,linked,11766869,1698055800.0,"Ortisei, Italy, Qualifying",Challenger,Qualification round 1,Patrick Brady,3.0,1.0,1.0,0.0,absent,false,finished,False
G0BY:atp:2023/6204/qs025:B0PD,G0BY,Daniil Glinka,Ortisei,CH,2023-10-23,Q1,Peter,Buldorini,6-2 3-6 6-3,Challenger qualifying,2023,linked,11764742,1697981400.0,"Ortisei, Italy, Qualifying",Challenger,Qualification round 1,Peter Buldorini,3.0,2.0,1.0,0.0,absent,false,finished,False
G0BY:atp:2023/8369/ms010:ML51,G0BY,Daniil Glinka,M25 Monastir,FU,2023-11-13,R16,Toby,Martin,6-4 3-6 3-6,ITF main draw,2023,linked,11835034,1700128800.0,"Monastir, Singles Main, M-ITF-TUN-52A",ITF Men,Round of 16,Toby Martin,3.0,2.0,1.0,0.0,1,false,finished,True
G0BY:atp:2023/8369/ms020:E0AA,G0BY,Daniil Glinka,M25 Monastir,FU,2023-11-13,R32,Yanki,Erel,7-6(4) 6-1,ITF main draw,2023,linked,11827894,1700043300.0,"Monastir, Singles Main, M-ITF-TUN-52A",ITF Men,Round of 32,Yanki Erel,3.0,2.0,1.0,0.0,2,false,finished,True
G0BY:atp:2024/2831/qs010:CI14,G0BY,Daniil Glinka,Oeiras 1,CH,2024-01-01,Q2,Jay,Clarke,6-4 4-6 2-6,Challenger qualifying,2024,linked,11931645,1704106800.0,"Oeiras, Portugal, Qualifying",Challenger,Qualification round 1,Jay Clarke,3.0,1.0,1.0,0.0,1,false,finished,True
G0BY:atp:2024/2831/qs021:K0DB,G0BY,Daniil Glinka,Oeiras 1,CH,2024-01-01,Q1,Cannon,Kingsley,6-3 2-6 7-5,Challenger qualifying,2024,linked,11930336,1704020400.0,"Oeiras, Portugal, Qualifying",Challenger,Qualification round 1,Cannon Kingsley,3.0,2.0,1.0,0.0,1,false,finished,True
G0BY:atp:2024/8169/ms011:E831,G0BY,Daniil Glinka,M25 Loughborough,FU,2024-01-08,R16,Kyle,Edmund,6-4 3-6 2-6,ITF main draw,2024,unobserved,,,,,,,,,,,,,,False
G0BY:atp:2024/8169/ms022:S0RF,G0BY,Daniil Glinka,M25 Loughborough,FU,2024-01-08,R32,Marcello,Serafini,6-2 6-4,ITF main draw,2024,linked,11958166,1704810300.0,"Loughborough, Singles Main, M-ITF-GBR-01A",ITF Men,Round of 32,Marcello Serafini,3.0,2.0,1.0,0.0,1,false,finished,True
G0BY:atp:2024/8163/ms025:V0CI,G0BY,Daniil Glinka,M25 Sunderland,FU,2024-01-15,R32,Emilien,Voisin,4-6 6-7(1),ITF main draw,2024,unobserved,,,,,,,,,,,,,,False
G0BY:atp:2024/8391/ms013:H0EI,G0BY,Daniil Glinka,M25 Nussloch,FU,2024-01-22,R16,Millen,Hurrion,3-6 5-7,ITF main draw,2024,unobserved,,,,,,,,,,,,,,False
G0BY:atp:2024/8391/ms026:J0CU,G0BY,Daniil Glinka,M25 Nussloch,FU,2024-01-22,R32,Sander,Jong,6-3 6-2,ITF main draw,2024,unobserved,,,,,,,,,,,,,,False
G0BY:atp:2024/4504/ms009:B0ER,G0BY,Daniil Glinka,M15 Grenoble,FU,2024-02-05,R16,Arthur,Bouquier,4-6 6-4 1-6,ITF main draw,2024,unobserved,,,,,,,,,,,,,,False
G0BY:atp:2024/4504/ms019:M0QK,G0BY,Daniil Glinka,M15 Grenoble,FU,2024-02-05,R32,Loann,Massard,6-3 6-3,ITF main draw,2024,unobserved,,,,,,,,,,,,,,False
G0BY:atp:2024/398/qs008:LC11,G0BY,Daniil Glinka,Cherbourg,CH,2024-02-12,Q2,Tristan,Lamasine,6-4 3-6 4-6,Challenger qualifying,2024,unobserved,,,,,,,,,,,,,,False
G0BY:atp:2024/398/qs017:O656,G0BY,Daniil Glinka,Cherbourg,CH,2024-02-12,Q1,Adrian,Oetzbach,6-1 7-5,Challenger qualifying,2024,unobserved,,,,,,,,,,,,,,False
G0BY:atp:2024/4547/ms003:O639,G0BY,Daniil Glinka,M25 Trento,FU,2024-02-19,SF,Giovanni,Oradini,6-4 6-7(5) 4-6,ITF main draw,2024,linked,12095739,1708781700.0,"Trento, Singles Main, M-ITF-ITA-01A",ITF Men,Semifinals,Giovanni Oradini,3.0,2.0,1.0,0.0,2,false,finished,True
G0BY:atp:2024/4547/ms006:C0I4,G0BY,Daniil Glinka,M25 Trento,FU,2024-02-19,QF,Tibo,Colson,6-4 6-4,ITF main draw,2024,linked,12093534,1708689300.0,"Trento, Singles Main, M-ITF-ITA-01A",ITF Men,Quarterfinals,Tibo Colson,3.0,2.0,1.0,0.0,2,false,finished,True
G0BY:atp:2024/4547/ms013:V717,G0BY,Daniil Glinka,M25 Trento,FU,2024-02-19,R16,Alexey,Vatutin,3-6 6-2 6-3,ITF main draw,2024,linked,12086969,1708592400.0,"Trento, Singles Main, M-ITF-ITA-01A",ITF Men,Round of 16,Alexey Vatutin,3.0,2.0,1.0,0.0,1,false,finished,True
G0BY:atp:2024/4547/ms026:B0PD,G0BY,Daniil Glinka,M25 Trento,FU,2024-02-19,R32,Peter,Buldorini,6-1 6-1,ITF main draw,2024,linked,12083285,1708446600.0,"Trento, Singles Main, M-ITF-ITA-01A",ITF Men,Round of 32,Peter Buldorini,3.0,2.0,1.0,0.0,2,false,finished,True
G0BY:atp:2024/7874/qs027:O449,G0BY,Daniil Glinka,Lille,CH,2024-02-26,Q1,Oscar,Otte,6-7(5) 6-7(3),Challenger qualifying,2024,linked,12099642,1708876800.0,"Lille, France, Qualifying",Challenger,Qualification round 1,Oscar Otte,3.0,2.0,1.0,0.0,2,false,finished,True
G0BY:atp:2024/4562/ms003:SZ32,G0BY,Daniil Glinka,M15 Poitiers,FU,2024-03-04,SF,Fabien,Salle,7-5 3-6 4-6,ITF main draw,2024,linked,12140696,1710001200.0,"Poitiers, Singles Main, M-ITF-FRA-09A",ITF Men,Semifinals,Fabien Salle,3.0,2.0,1.0,0.0,2,false,finished,True
G0BY:atp:2024/4562/ms006:S0EX,G0BY,Daniil Glinka,M15 Poitiers,FU,2024-03-04,QF,Hamish,Stewart,6-3 7-6(5),ITF main draw,2024,linked,12137107,1709902200.0,"Poitiers, Singles Main, M-ITF-FRA-09A",ITF Men,Quarterfinals,Hamish Stewart,3.0,2.0,1.0,0.0,1,false,finished,True
G0BY:atp:2024/4562/ms012:W719,G0BY,Daniil Glinka,M15 Poitiers,FU,2024-03-04,R16,Marcus,Walters,6-2 6-3,ITF main draw,2024,linked,12133883,1709823600.0,"Poitiers, Singles Main, M-ITF-FRA-09A",ITF Men,Round of 16,Marcus Walters,3.0,2.0,1.0,0.0,1,false,finished,True
G0BY:atp:2024/4562/ms024:A0HK,G0BY,Daniil Glinka,M15 Poitiers,FU,2024-03-04,R32,Mikail,Alimli,6-4 6-4,ITF main draw,2024,linked,12127623,1709745300.0,"Poitiers, Singles Main, M-ITF-FRA-09A",ITF Men,Round of 32,Mikail Alimli,3.0,2.0,1.0,0.0,1,false,finished,True
G0BY:atp:2024/4583/ms002:HA71,G0BY,Daniil Glinka,M25 Trimbach,FU,2024-03-11,SF,Antoine,Hoang,6-7(2) 4-6,ITF main draw,2024,linked,12163433,1710593400.0,"Trimbach, Singles Main, M-ITF-SUI-01A",ITF Men,Semifinals,Antoine Hoang,3.0,2.0,1.0,0.0,2,false,finished,True
G0BY:atp:2024/4583/ms004:M0CW,G0BY,Daniil Glinka,M25 Trimbach,FU,2024-03-11,QF,Aidan,McHugh,6-4 6-3,ITF main draw,2024,linked,12160760,1710498600.0,"Trimbach, Singles Main, M-ITF-SUI-01A",ITF Men,Quarterfinals,Aidan McHugh,3.0,2.0,1.0,0.0,2,false,finished,True
G0BY:atp:2024/4583/ms009:S0GU,G0BY,Daniil Glinka,M25 Trimbach,FU,2024-03-11,R16,Yannik,Steinegger,6-4 6-2,ITF main draw,2024,linked,12157157,1710410400.0,"Trimbach, Singles Main, M-ITF-SUI-01A",ITF Men,Round of 16,Yannik Steinegger,3.0,2.0,1.0,0.0,2,false,finished,True
G0BY:atp:2024/4583/ms019:CN64,G0BY,Daniil Glinka,M25 Trimbach,FU,2024-03-11,R32,Alexis,Canter,6-3 6-4,ITF main draw,2024,linked,12154325,1710320400.0,"Trimbach, Singles Main, M-ITF-SUI-01A",ITF Men,Round of 32,Alexis Canter,3.0,2.0,1.0,0.0,2,false,finished,True
G0BY:atp:2024/4590/ms010:F0DM,G0BY,Daniil Glinka,M25 Toulouse-Balma,FU,2024-03-18,R16,Arthur,Fery,5-7 5-7,ITF main draw,2024,linked,12174130,1711019100.0,"Balma, Singles Main, M-ITF-FRA-04A",ITF Men,Round of 16,Arthur Fery,3.0,2.0,1.0,0.0,2,false,finished,True
G0BY:atp:2024/4590/ms021:G0LG,G0BY,Daniil Glinka,M25 Toulouse-Balma,FU,2024-03-18,R32,Yanis,Ghazouani Durand,6-1 4-0,ITF main draw,2024,linked,12171481,1710846300.0,"Balma, Singles Main, M-ITF-FRA-04A",ITF Men,Round of 32,Yanis Ghazouani Durand,3.0,2.0,1.0,0.0,2,false,finished,True
G0BY:atp:2024/8375/qs021:S0DL,G0BY,Daniil Glinka,Mexico City,CH,2024-04-01,Q1,Ryan,Seggerman,7-6(3) 6-7(4) 6-7(4),Challenger qualifying,2024,linked,12210883,1711900800.0,"Mexico City, Mexico, Qualifying",Challenger,Qualification round 1,Ryan Seggerman,3.0,2.0,1.0,0.0,2,false,finished,True
G0BY:atp:2024/6963/qs024:H0CD,G0BY,Daniil Glinka,Cuernavaca (Morelos),CH,2024-04-08,Q1,Alex,Hernandez,3-6 6-7(5),Challenger qualifying,2024,linked,12229980,1712510100.0,"Morelos, Mexico, Qualifying",Challenger,Qualification round 1,Alex Hernandez,3.0,2.0,1.0,0.0,1,false,finished,True
G0BY:atp:2024/2867/qs011:S0DL,G0BY,Daniil Glinka,Acapulco,CH,2024-04-15,Q2,Ryan,Seggerman,6-4 4-6 3-6,Challenger qualifying,2024,linked,12251932,1713218400.0,"Acapulco, Mexico, Qualifying",Challenger,absent,Ryan Seggerman,3.0,1.0,1.0,0.0,1,false,finished,True
G0BY:atp:2024/2867/qs023:D0MF,G0BY,Daniil Glinka,Acapulco,CH,2024-04-15,Q1,Andres,Delgadillo,6-1 6-4,Challenger qualifying,2024,linked,12249935,1713132000.0,"Acapulco, Mexico, Qualifying",Challenger,Qualification round 1,Andres Delgadillo,3.0,2.0,1.0,0.0,2,false,finished,True
G0BY:atp:2024/4665/ms008:B0LQ,G0BY,Daniil Glinka,M15 Tbilisi,FU,2024-05-06,R16,Petr,Bar Biryukov,4-6 6-3 4-6,ITF main draw,2024,unobserved,,,,,,,,,,,,,,False
G0BY:atp:2024/4665/ms016:P0ND,G0BY,Daniil Glinka,M15 Tbilisi,FU,2024-05-06,R32,Egor,Pleshivtsev,6-3 6-4,ITF main draw,2024,linked,12308276,1714986000.0,"Tbilisi, Singles Main, M-ITF-GEO-01A",ITF Men,Round of 32,Egor Pleshivtsev,3.0,2.0,1.0,0.0,2,false,finished,True
G0BY:atp:2024/4680/ms003:TD47,G0BY,Daniil Glinka,M25 Kachreti,FU,2024-05-13,SF,Evgenii,Tiurnev,5-7 2-6,ITF main draw,2024,unobserved,,,,,,,,,,,,,,False
G0BY:atp:2024/4680/ms006:BV27,G0BY,Daniil Glinka,M25 Kachreti,FU,2024-05-13,QF,Ulises,Blanch,6-4 6-1,ITF main draw,2024,unobserved,,,,,,,,,,,,,,False
G0BY:atp:2024/4680/ms012:B0JJ,G0BY,Daniil Glinka,M25 Kachreti,FU,2024-05-13,R16,Robin,Bertrand,5-7 6-1 6-2,ITF main draw,2024,unobserved,,,,,,,,,,,,,,False
G0BY:atp:2024/4680/ms025:K0HO,G0BY,Daniil Glinka,M25 Kachreti,FU,2024-05-13,R32,Orel,Kimhi,6-2 6-4,ITF main draw,2024,unobserved,,,,,,,,,,,,,,False
G0BY:atp:2024/2925/ms007:J0A4,G0BY,Daniil Glinka,Kachreti,CH,2024-05-20,QF,Paul,Jubb,4-6 4-6,Challenger main draw,2024,linked,12337568,1716448500.0,"Kachreti, Georgia",Challenger,Quarterfinals,Paul Jubb,3.0,2.0,1.0,0.0,1,false,finished,True
G0BY:atp:2024/2925/ms015:BV21,G0BY,Daniil Glinka,Kachreti,CH,2024-05-20,R16,Charles,Broom,6-2 6-3,Challenger main draw,2024,unobserved,,,,,,,,,,,,,,False
G0BY:atp:2024/2925/ms030:E0AA,G0BY,Daniil Glinka,Kachreti,CH,2024-05-20,R32,Yanki,Erel,6-2 7-6(4),Challenger main draw,2024,unobserved,,,,,,,,,,,,,,False
G0BY:atp:2024/4727/ms024:P0K4,G0BY,Daniil Glinka,M25 Setubal,FU,2024-06-03,R32,Tiago,Pereira,6-4 4-6 4-6,ITF main draw,2024,linked,12393076,1717592400.0,"Setubal, Singles Main, M-ITF-POR-17A",ITF Men,Round of 32,Tiago Pereira,3.0,2.0,1.0,0.0,1,false,finished,True
G0BY:atp:2024/4747/ms011:P0K4,G0BY,Daniil Glinka,M25 Elvas,FU,2024-06-10,R16,Tiago,Pereira,6-7(1) 4-6,ITF main draw,2024,linked,12418815,1718269200.0,"Elvas, Singles Main, M-ITF-POR-18A",ITF Men,Round of 16,Tiago Pereira,3.0,2.0,1.0,0.0,2,false,finished,True
G0BY:atp:2024/4747/ms023:B0QX,G0BY,Daniil Glinka,M25 Elvas,FU,2024-06-10,R32,Ricardo,Batista,6-1 6-2,ITF main draw,2024,linked,12411005,1718101800.0,"Elvas, Singles Main, M-ITF-POR-18A",ITF Men,Round of 32,Ricardo Batista,3.0,2.0,1.0,0.0,2,false,finished,True
G0BY:atp:2024/7542/qs027:V0DG,G0BY,Daniil Glinka,Winnipeg,CH,2024-07-08,Q1,Quinn,Vandecasteele,5-7 3-6,Challenger qualifying,2024,linked,12509546,1720368000.0,"Winnipeg, Canada, Qualifying",Challenger,Qualification round 1,Quinn Vandecasteele,3.0,2.0,1.0,0.0,2,false,finished,True
G0BY:atp:2024/877/qs025:H0D9,G0BY,Daniil Glinka,Granby,CH,2024-07-15,Q1,Cleeve,Harper,4-6 5-7,Challenger qualifying,2024,linked,12539357,1720965600.0,"Granby, Canada, Qualifying",Challenger,Qualification round 1,Cleeve Harper,3.0,2.0,1.0,0.0,2,false,finished,True
G0BY:atp:2024/2797/qs026:T0BW,G0BY,Daniil Glinka,Chicago,CH,2024-07-22,Q1,James,Trotter,7-6(4) 6-7(5) 3-6,Challenger qualifying,2024,linked,12579994,1721578800.0,"Chicago, USA, Qualifying",Challenger,Qualification round 1,James Trotter,3.0,2.0,1.0,0.0,2,false,finished,True
G0BY:atp:2024/9526/qs025:A0ES,G0BY,Daniil Glinka,Porto,CH,2024-07-29,Q1,Pedro,Araujo,6-3 6-7(7) 4-6,Challenger qualifying,2024,linked,12611429,1722160800.0,"Porto, Portugal, Qualifying",Challenger,Qualification round 1,Pedro Araujo,3.0,2.0,1.0,0.0,1,false,finished,True
G0BY:atp:2024/2789/ms018:GB93,G0BY,Daniil Glinka,Grodzisk Mazowiecki,CH,2024-08-12,R32,Norbert,Gombos,4-6 6-1 3-6,Challenger main draw,2024,linked,12677039,1723570200.0,"Grodzisk Mazowiecki, Poland",Challenger,Round of 32,Norbert Gombos,3.0,2.0,1.0,0.0,2,false,finished,True
G0BY:atp:2024/2789/qs010:M0RO,G0BY,Daniil Glinka,Grodzisk Mazowiecki,CH,2024-08-12,Q2,Iannis,Miletich,6-3 6-2,Challenger qualifying,2024,linked,12671828,1723459800.0,"Grodzisk Mazowiecki, Poland, Qualifying",Challenger,Qualification round 1,Iannis Miletich,3.0,1.0,1.0,0.0,1,false,finished,True
G0BY:atp:2024/2789/qs020:B0JF,G0BY,Daniil Glinka,Grodzisk Mazowiecki,CH,2024-08-12,Q1,Alan,Bojarski,6-3 6-4,Challenger qualifying,2024,linked,12667061,1723376100.0,"Grodzisk Mazowiecki, Poland, Qualifying",Challenger,Qualification round 1,Alan Bojarski,3.0,2.0,1.0,0.0,1,false,finished,True
G0BY:atp:2024/6922/ms004:G0AO,G0BY,Daniil Glinka,M25 Idanha-a-Nova,FU,2024-08-19,QF,Alastair,Gray,1-6 2-6,ITF main draw,2024,linked,12729615,1724408100.0,"Idanha-a-Nova, Singles Main, M-ITF-POR-20A",ITF Men,Quarterfinals,Alastair Gray,3.0,2.0,1.0,0.0,2,false,finished,True
G0BY:atp:2024/6922/ms009:KJ00,G0BY,Daniil Glinka,M25 Idanha-a-Nova,FU,2024-08-19,R16,Alex,Knaff,6-3 6-7(5) 7-5,ITF main draw,2024,linked,12725050,1724326800.0,"Idanha-a-Nova, Singles Main, M-ITF-POR-20A",ITF Men,Round of 16,Alex Knaff,3.0,2.0,1.0,0.0,2,false,finished,True
G0BY:atp:2024/6922/ms019:S0TO,G0BY,Daniil Glinka,M25 Idanha-a-Nova,FU,2024-08-19,R32,Tiago,Silva,7-5 6-1,ITF main draw,2024,linked,12713381,1724140800.0,"Idanha-a-Nova, Singles Main, M-ITF-POR-20A",ITF Men,Round of 32,Tiago Silva,3.0,2.0,1.0,0.0,2,false,finished,True
G0BY:atp:2024/4183/ms001:C0BH,G0BY,Daniil Glinka,M15 Budapest,FU,2024-08-26,F,Clement,Chidekh,6-4 6-3,ITF main draw,2024,unobserved,,,,,,,,,,,,,,False
G0BY:atp:2024/4183/ms003:S0EX,G0BY,Daniil Glinka,M15 Budapest,FU,2024-08-26,SF,Hamish,Stewart,6-3 6-4,ITF main draw,2024,unobserved,,,,,,,,,,,,,,False
G0BY:atp:2024/4183/ms007:P0C1,G0BY,Daniil Glinka,M15 Budapest,FU,2024-08-26,QF,Karl,Poling,6-2 7-5,ITF main draw,2024,unobserved,,,,,,,,,,,,,,False
G0BY:atp:2024/4183/ms015:R0H6,G0BY,Daniil Glinka,M15 Budapest,FU,2024-08-26,R16,Leonardo,Rossi,6-4 7-6(7),ITF main draw,2024,unobserved,,,,,,,,,,,,,,False
G0BY:atp:2024/4183/ms031:C0ML,G0BY,Daniil Glinka,M15 Budapest,FU,2024-08-26,R32,Aurel,Ciocanu,6-0 6-2,ITF main draw,2024,linked,12748096,1724845500.0,"Budapest, Singles Main, M-ITF-HUN-04A",ITF Men,Round of 32,Aurel Ciocanu,3.0,2.0,1.0,0.0,1,false,finished,True
G0BY:atp:2024/724/ms006:D0J9,G0BY,Daniil Glinka,M25+H Bagneres-de-Bigorre,FU,2024-09-02,QF,Leo,Deflandre,6-7(5) 1-6,ITF main draw,2024,unobserved,,,,,,,,,,,,,,False
G0BY:atp:2024/724/ms013:C0LM,G0BY,Daniil Glinka,M25+H Bagneres-de-Bigorre,FU,2024-09-02,R16,Charlie,Camus,6-1 6-3,ITF main draw,2024,unobserved,,,,,,,,,,,,,,False
G0BY:atp:2024/724/ms027:B0ME,G0BY,Daniil Glinka,M25+H Bagneres-de-Bigorre,FU,2024-09-02,R32,Cesar,Bouchelaghem,7-5 4-6 6-3,ITF main draw,2024,unobserved,,,,,,,,,,,,,,False
G0BY:atp:2024/728/ms002:C0BH,G0BY,Daniil Glinka,M25+H Plaisir,FU,2024-09-09,SF,Clement,Chidekh,2-6 2-6,ITF main draw,2024,unobserved,,,,,,,,,,,,,,False
G0BY:atp:2024/728/ms005:S0MN,G0BY,Daniil Glinka,M25+H Plaisir,FU,2024-09-09,QF,Marat,Sharipov,6-4,ITF main draw,2024,unobserved,,,,,,,,,,,,,,False
G0BY:atp:2024/728/ms011:T0FW,G0BY,Daniil Glinka,M25+H Plaisir,FU,2024-09-09,R16,Nathan,Trouve,6-4 3-6 6-2,ITF main draw,2024,unobserved,,,,,,,,,,,,,,False
G0BY:atp:2024/728/ms023:P0GN,G0BY,Daniil Glinka,M25+H Plaisir,FU,2024-09-09,R32,Tom,Paris,4-6 7-6(4) 6-3,ITF main draw,2024,unobserved,,,,,,,,,,,,,,False
G0BY:atp:2024/812/ms031:B0M0,G0BY,Daniil Glinka,M25 Nevers,FU,2024-09-30,R32,Liam,Branger,4-6 6-7(4),ITF main draw,2024,linked,12923821,1727862300.0,"France F31, Singles",ITF Men,Round of 32,Liam Branger,3.0,2.0,0.0,0.0,2,false,finished,True
G0BY:atp:2024/4163/ms027:S0AO,G0BY,Daniil Glinka,M25 Edgbaston,FU,2024-10-14,R32,Luke,Simkiss,6-7(3) 3-6,ITF main draw,2024,linked,12981619,1728982500.0,"Great Britain F11, Singles",ITF Men,Round of 32,Luke Simkiss,3.0,2.0,0.0,0.0,2,false,finished,True
G0BY:atp:2025/4897/ms003:G0IX,G0BY,Daniil Glinka,M25 Hazebrouck,FU,2025-01-06,SF,Arthur,Gea,0-6 0-6,ITF main draw,2025,linked,13322283,1736586000.0,ITF M25 Hazebrouck Men,ITF Men,Semifinals,Arthur Gea,3.0,2.0,1.0,0.0,absent,false,finished,False
G0BY:atp:2025/4897/ms007:K0EU,G0BY,Daniil Glinka,M25 Hazebrouck,FU,2025-01-06,QF,Toby,Kodat,5-7 6-4 6-2,ITF main draw,2025,linked,13317758,1736499600.0,ITF M25 Hazebrouck Men,ITF Men,Quarterfinals,Toby Alex Kodat,2.0,2.0,1.0,0.0,absent,false,finished,False
G0BY:atp:2025/4897/ms014:V0AS,G0BY,Daniil Glinka,M25 Hazebrouck,FU,2025-01-06,R16,Louis,Van Herck,7-6(2) 6-4,ITF main draw,2025,linked,13312882,1736413200.0,ITF M25 Hazebrouck Men,ITF Men,Round of 16,Louis Van Herck,3.0,2.0,1.0,0.0,absent,false,finished,False
G0BY:atp:2025/4897/ms028:D750,G0BY,Daniil Glinka,M25 Hazebrouck,FU,2025-01-06,R32,Kenny,De Schepper,6-3 6-1,ITF main draw,2025,linked,13304586,1736244000.0,ITF M25 Hazebrouck Men,ITF Men,Round of 32,Kenny De Schepper,3.0,2.0,1.0,0.0,absent,false,finished,False
G0BY:atp:2025/8134/ms028:M0HB,G0BY,Daniil Glinka,M15 Bressuire,FU,2025-01-13,R32,François,Musitelli,4-6 2-6,ITF main draw,2025,linked,13341600,1736940600.0,ITF M15 Bressuire Men,ITF Men,Round of 32,Francois Musitelli,3.0,2.0,1.0,0.0,absent,false,finished,False
G0BY:atp:2025/9554/ms003:Y268,G0BY,Daniil Glinka,M25 Esch Alzette,FU,2025-01-20,SF,Mikael,Ymer,7-6(2) 2-6 3-6,ITF main draw,2025,linked,13385879,1737813600.0,ITF M25 Esch/Alzette Men,ITF Men,Semifinals,Mikael Ymer,3.0,2.0,1.0,0.0,absent,false,finished,False
G0BY:atp:2025/9554/ms007:B0DJ,G0BY,Daniil Glinka,M25 Esch Alzette,FU,2025-01-20,QF,Illya,Beloborodko,7-6(2) 6-1,ITF main draw,2025,linked,13382330,1737718200.0,ITF M25 Esch/Alzette Men,ITF Men,Quarterfinals,Illya Beloborodko,3.0,2.0,1.0,0.0,absent,false,finished,False
G0BY:atp:2025/9554/ms015:M0HB,G0BY,Daniil Glinka,M25 Esch Alzette,FU,2025-01-20,R16,François,Musitelli,7-6(4) 7-5,ITF main draw,2025,linked,13373753,1737623100.0,ITF M25 Esch/Alzette Men,ITF Men,Round of 16,Francois Musitelli,3.0,2.0,1.0,0.0,absent,false,finished,False
G0BY:atp:2025/9554/ms031:DC76,G0BY,Daniil Glinka,M25 Esch Alzette,FU,2025-01-20,R32,Viktor,Durasovic,7-6(4) 6-7(1) 6-4,ITF main draw,2025,linked,13364961,1737536400.0,ITF M25 Esch/Alzette Men,ITF Men,Round of 32,Viktor Durasović,3.0,2.0,1.0,0.0,absent,false,finished,False
G0BY:atp:2025/4916/ms014:BI23,G0BY,Daniil Glinka,M25 Roehampton,FU,2025-02-10,R16,Liam,Broady,6-2 1-6 4-6,ITF main draw,2025,linked,13469097,1739440800.0,ITF M25 Roehampton Men,ITF Men,Round of 16,Liam Broady,3.0,2.0,1.0,0.0,absent,false,finished,False
G0BY:atp:2025/4916/ms028:B0BU,G0BY,Daniil Glinka,M25 Roehampton,FU,2025-02-10,R32,Florent,Bax,6-4 7-5,ITF main draw,2025,linked,13455936,1739286000.0,ITF M25 Roehampton Men,ITF Men,Round of 32,Florent Bax,3.0,2.0,1.0,0.0,absent,false,finished,False
G0BY:atp:2025/4547/ms001:SY00,G0BY,Daniil Glinka,M25 Trento,FU,2025-02-17,F,Christian,Sigsgaard,2-6 3-6,ITF main draw,2025,linked,13520026,1740303000.0,ITF M25 Trento Men,ITF Men,Final,Christian Sigsgaard,3.0,2.0,1.0,0.0,2,false,finished,True
G0BY:atp:2025/4547/ms002:A09T,G0BY,Daniil Glinka,M25 Trento,FU,2025-02-17,SF,Dan,Added,6-4 5-7 7-6(3),ITF main draw,2025,linked,13514522,1740225600.0,ITF M25 Trento Men,ITF Men,Semifinals,Dan Added,3.0,2.0,1.0,0.0,2,false,finished,True
G0BY:atp:2025/4547/ms005:C0HV,G0BY,Daniil Glinka,M25 Trento,FU,2025-02-17,QF,Luca,Castagnola,6-3 6-3,ITF main draw,2025,linked,13508922,1740128400.0,ITF M25 Trento Men,ITF Men,Quarterfinals,Luca Castagnola,3.0,2.0,1.0,0.0,2,false,finished,True
G0BY:atp:2025/4547/ms011:O639,G0BY,Daniil Glinka,M25 Trento,FU,2025-02-17,R16,Giovanni,Oradini,6-2 6-4,ITF main draw,2025,linked,13502914,1740042000.0,ITF M25 Trento Men,ITF Men,Round of 16,Giovanni Oradini,3.0,2.0,1.0,0.0,2,false,finished,True
G0BY:atp:2025/4547/ms023:HA71,G0BY,Daniil Glinka,M25 Trento,FU,2025-02-17,R32,Antoine,Hoang,3-6 7-5 6-0,ITF main draw,2025,linked,13492232,1739867400.0,ITF M25 Trento Men,ITF Men,Round of 32,Antoine (SRL) Hoang,2.0,2.0,1.0,0.0,2,false,finished,True
G0BY:atp:2025/4583/ms001:S0LA,G0BY,Daniil Glinka,M25 Trimbach,FU,2025-03-03,F,Dominic,Stricker,6-4 6-2,ITF main draw,2025,linked,13579649,1741510800.0,ITF M25 Trimbach Men,ITF Men,Final,Dominic Stricker,3.0,2.0,1.0,0.0,1,false,finished,True
G0BY:atp:2025/4583/ms003:H0EH,G0BY,Daniil Glinka,M25 Trimbach,FU,2025-03-03,SF,Tim,Handel,7-5 6-3,ITF main draw,2025,linked,13578087,1741424400.0,ITF M25 Trimbach Men,ITF Men,Semifinals,Tim Handel,3.0,2.0,1.0,0.0,absent,false,finished,False
G0BY:atp:2025/4583/ms007:RH62,G0BY,Daniil Glinka,M25 Trimbach,FU,2025-03-03,QF,Mats,Rosenkranz,7-6(8) 6-7(1) 7-6(5),ITF main draw,2025,linked,13574377,1741347000.0,ITF M25 Trimbach Men,ITF Men,Quarterfinals,Mats Rosenkranz,3.0,2.0,1.0,0.0,absent,false,finished,False
G0BY:atp:2025/4583/ms014:D0HM,G0BY,Daniil Glinka,M25 Trimbach,FU,2025-03-03,R16,Matthew William,Donald,6-1 7-6(4),ITF main draw,2025,linked,13568012,1741251600.0,ITF M25 Trimbach Men,ITF Men,Round of 16,Matthew William Donald,3.0,2.0,1.0,0.0,absent,false,finished,False
G0BY:atp:2025/4583/ms028:W0FB,G0BY,Daniil Glinka,M25 Trimbach,FU,2025-03-03,R32,Luc,Wieland,6-4 6-3,ITF main draw,2025,linked,13565766,1741165200.0,ITF M25 Trimbach Men,ITF Men,Round of 32,Luc Wieland,3.0,2.0,1.0,0.0,2,false,finished,True
G0BY:atp:2025/4575/ms010:P0MG,G0BY,Daniil Glinka,M25 Creteil,FU,2025-03-10,R16,Raphael,Perot,4-6,ITF main draw,2025,unobserved,,,,,,,,,,,,,,False
G0BY:atp:2025/4575/ms020:C0LM,G0BY,Daniil Glinka,M25 Creteil,FU,2025-03-10,R32,Charlie,Camus,6-2 6-4,ITF main draw,2025,unobserved,,,,,,,,,,,,,,False
G0BY:atp:2025/2995/ms005:J0D2,G0BY,Daniil Glinka,Abidjan 1,CH,2025-04-14,QF,Maximus,Jones,4-6 2-6,Challenger main draw,2025,unobserved,,,,,,,,,,,,,,False
G0BY:atp:2025/2995/ms011:B0D6,G0BY,Daniil Glinka,Abidjan 1,CH,2025-04-14,R16,Taha,Baadi,7-5 7-6(1),Challenger main draw,2025,unobserved,,,,,,,,,,,,,,False
G0BY:atp:2025/2995/ms022:PD31,G0BY,Daniil Glinka,Abidjan 1,CH,2025-04-14,R32,Benoit,Paire,6-4 5-7 6-4,Challenger main draw,2025,unobserved,,,,,,,,,,,,,,False
G0BY:atp:2025/2997/ms025:E0AA,G0BY,Daniil Glinka,Abidjan 2,CH,2025-04-21,R32,Yanki,Erel,4-6 4-6,Challenger main draw,2025,unobserved,,,,,,,,,,,,,,False
G0BY:atp:2025/4655/ms005:L0CF,G0BY,Daniil Glinka,M25 Nottingham,FU,2025-04-28,QF,George,Loffhagen,4-6 6-4 4-6,ITF main draw,2025,linked,13840244,1746176400.0,ITF M25 Nottingham Men,ITF Men,Quarterfinals,George Loffhagen,3.0,2.0,1.0,0.0,absent,false,finished,False
G0BY:atp:2025/4655/ms011:M0CW,G0BY,Daniil Glinka,M25 Nottingham,FU,2025-04-28,R16,Aidan,McHugh,7-6(6) 6-4,ITF main draw,2025,linked,13836120,1746090000.0,ITF M25 Nottingham Men,ITF Men,Round of 16,Aidan McHugh,3.0,2.0,1.0,0.0,2,false,finished,True
G0BY:atp:2025/4655/ms023:W0BU,G0BY,Daniil Glinka,M25 Nottingham,FU,2025-04-28,R32,Olle,Wallin,6-4 6-4,ITF main draw,2025,unobserved,,,,,,,,,,,,,,False
G0BY:atp:2025/4680/ms006:A0IA,G0BY,Daniil Glinka,M25 Tbilisi,FU,2025-05-12,QF,Erik,Arutiunian,4-6 4-6,ITF main draw,2025,linked,13896489,1747288800.0,ITF M25 Tbilisi Men,ITF Men,Quarterfinals,Erik Arutiunian,3.0,2.0,1.0,0.0,1,false,finished,True
G0BY:atp:2025/4680/ms012:P0HP,G0BY,Daniil Glinka,M25 Tbilisi,FU,2025-05-12,R16,Lukas,Pokorny,6-4 6-4,ITF main draw,2025,linked,13896486,1747217700.0,ITF M25 Tbilisi Men,ITF Men,Round of 16,Lukas Pokorny,3.0,2.0,1.0,0.0,absent,false,finished,False
G0BY:atp:2025/4680/ms025:BD82,G0BY,Daniil Glinka,M25 Tbilisi,FU,2025-05-12,R32,Sergey,Betov,6-2 6-2,ITF main draw,2025,linked,13886888,1747126800.0,ITF M25 Tbilisi Men,ITF Men,Round of 32,Sergey Betov,3.0,2.0,1.0,0.0,2,false,finished,True
G0BY:atp:2025/2925/ms006:P0EA,G0BY,Daniil Glinka,Tbilisi,CH,2025-05-19,QF,Saba,Purtseladze,6-7(5) 7-5 6-7(10),Challenger main draw,2025,linked,13899220,1747900500.0,"Tbilisi, Georgia",Challenger,Quarterfinals,Saba Purtseladze,3.0,2.0,1.0,0.0,2,false,finished,True
G0BY:atp:2025/2925/ms012:S0TX,G0BY,Daniil Glinka,Tbilisi,CH,2025-05-19,R16,Henry,Searle,7-6(4) 6-3,Challenger main draw,2025,linked,13899215,1747810800.0,"Tbilisi, Georgia",Challenger,Round of 16,Henry Searle,3.0,2.0,1.0,0.0,1,false,finished,True
G0BY:atp:2025/2925/ms024:SX90,G0BY,Daniil Glinka,Tbilisi,CH,2025-05-19,R32,Fajing,Sun,6-3 6-4,Challenger main draw,2025,linked,13911666,1747738800.0,"Tbilisi, Georgia",Challenger,Round of 32,Fajing Sun,3.0,2.0,1.0,0.0,1,false,finished,True
G0BY:atp:2025/2993/ms017:H0BF,G0BY,Daniil Glinka,Chisinau,CH,2025-05-26,R32,Philip,Henning,6-2 6-7(3) 5-7,Challenger main draw,2025,linked,13937395,1748415600.0,"Chisinau, Moldova",Challenger,Round of 32,Philip Henning,3.0,2.0,1.0,0.0,1,false,finished,True
G0BY:atp:2025/4739/ms027:M0XA,G0BY,Daniil Glinka,M25 Martos,FU,2025-06-09,R32,Mario,Martinez Serrano,0-6 6-4 3-6,ITF main draw,2025,linked,13995537,1749655800.0,ITF M25 Martos Men,ITF Men,Round of 32,Mario Martinez Serrano,3.0,2.0,1.0,0.0,absent,false,finished,False
G0BY:atp:2025/7316/ms013:Z0BZ,G0BY,Daniil Glinka,Cary,CH,2025-06-30,R16,Michael,Zheng,4-6 4-6,Challenger main draw,2025,linked,14053472,1751583900.0,"Cary, USA",Challenger,Round of 16,Michael Zheng,3.0,2.0,1.0,0.0,2,false,finished,True
G0BY:atp:2025/7316/ms026:M0YD,G0BY,Daniil Glinka,Cary,CH,2025-06-30,R32,William,Manning,6-7(5) 6-3 6-4,Challenger main draw,2025,linked,14076723,1751382000.0,"Cary, USA",Challenger,Round of 32,William Manning,3.0,2.0,1.0,0.0,2,false,finished,True
G0BY:atp:2025/7316/qs008:B0EK,G0BY,Daniil Glinka,Cary,CH,2025-06-30,Q2,Moerani,Bouzige,3-6 6-2 6-3,Challenger qualifying,2025,linked,14070364,1751299200.0,"Cary, USA, Qualifying",Challenger,Qualification Final,Moerani Bouzige,3.0,1.0,1.0,0.0,2,false,finished,True
G0BY:atp:2025/7316/qs017:S0S5,G0BY,Daniil Glinka,Cary,CH,2025-06-30,Q1,Braden,Shick,3-6 6-2 6-4,Challenger qualifying,2025,linked,14068053,1751214000.0,"Cary, USA, Qualifying",Challenger,Qualification Round 1,Braden Shick,3.0,2.0,1.0,0.0,1,false,finished,True
G0BY:atp:2025/7542/ms025:I426,G0BY,Daniil Glinka,Winnipeg,CH,2025-07-07,R32,Masamichi,Imamura,3-6 2-6,Challenger main draw,2025,linked,14135690,1752083700.0,"Winnipeg, Canada",Challenger,Round of 32,Masamichi Imamura,3.0,2.0,1.0,0.0,2,false,finished,True
G0BY:atp:2025/7542/qs011:H0B5,G0BY,Daniil Glinka,Winnipeg,CH,2025-07-07,Q2,Tsung-Hao,Huang,4-6 6-3 6-3,Challenger qualifying,2025,linked,14122146,1751990400.0,"Winnipeg, Canada, Qualifying",Challenger,Qualification Final,Tsung-Hao Huang,3.0,1.0,1.0,0.0,1,false,finished,True
G0BY:atp:2025/7542/qs022:DG76,G0BY,Daniil Glinka,Winnipeg,CH,2025-07-07,Q1,Sid,Donarski,6-0 4-1,Challenger qualifying,2025,linked,14114019,1751831400.0,"Winnipeg, Canada, Qualifying",Challenger,Qualification Round 1,Sid Donarski,3.0,2.0,1.0,0.0,1,false,finished,True
G0BY:atp:2025/472/qs011:S0W8,G0BY,Daniil Glinka,Pozoblanco,CH,2025-07-14,Q2,Aryan,Shah,4-6 3-6,Challenger qualifying,2025,linked,14176582,1752515400.0,"Pozoblanco, Spain, Qualifying",Challenger,Qualification Final,Aryan Shah,3.0,1.0,1.0,0.0,1,false,finished,True
G0BY:atp:2025/472/qs022:BU36,G0BY,Daniil Glinka,Pozoblanco,CH,2025-07-14,Q1,Alberto,Barroso Campos,6-4 6-4,Challenger qualifying,2025,linked,14170840,1752430500.0,"Pozoblanco, Spain, Qualifying",Challenger,Qualification Round 1,Alberto Barroso Campos,3.0,2.0,1.0,0.0,1,false,finished,True
G0BY:atp:2025/2789/ms004:MQ75,G0BY,Daniil Glinka,Grodzisk Mazowiecki,CH,2025-08-04,QF,Kamil,Majchrzak,4-6 6-3 4-6,Challenger main draw,2025,unobserved,,,,,,,,,,,,,,False
G0BY:atp:2025/2789/ms009:K0HC,G0BY,Daniil Glinka,Grodzisk Mazowiecki,CH,2025-08-04,R16,Maks,Kasnikowski,7-6(7) 6-4,Challenger main draw,2025,unobserved,,,,,,,,,,,,,,False
G0BY:atp:2025/2789/ms018:A829,G0BY,Daniil Glinka,Grodzisk Mazowiecki,CH,2025-08-04,R32,Radu,Albot,6-3 6-4,Challenger main draw,2025,linked,14349617,1754384400.0,"Grodzisk Mazowiecki, Poland",Challenger,Round of 32,Radu Albot,3.0,2.0,1.0,0.0,1,false,finished,True
G0BY:atp:2025/2789/qs010:V0G2,G0BY,Daniil Glinka,Grodzisk Mazowiecki,CH,2025-08-04,Q2,Amit,Vales,6-1 6-4,Challenger qualifying,2025,linked,14344482,1754298000.0,"Grodzisk Mazowiecki, Poland, Qualifying",Challenger,Qualification Final,Amit Vales,3.0,1.0,1.0,0.0,1,false,finished,True
G0BY:atp:2025/2789/qs020:PH77,G0BY,Daniil Glinka,Grodzisk Mazowiecki,CH,2025-08-04,Q1,David,Poljak,6-4 6-2,Challenger qualifying,2025,linked,14339338,1754216400.0,"Grodzisk Mazowiecki, Poland, Qualifying",Challenger,Qualification Round 1,David Poljak,3.0,2.0,1.0,0.0,1,false,finished,True
G0BY:atp:2025/7973/qs019:BU36,G0BY,Daniil Glinka,Manacor,CH,2025-08-25,Q1,Alberto,Barroso Campos,4-6 6-4 4-6,Challenger qualifying,2025,unobserved,,,,,,,,,,,,,,False
G0BY:atp:2025/9120/ms001:HD68,G0BY,Daniil Glinka,Cassis,CH,2025-09-01,F,Billy,Harris,6-3 5-7 3-6,Challenger main draw,2025,unobserved,,,,,,,,,,,,,,False
G0BY:atp:2025/9120/ms002:R09X,G0BY,Daniil Glinka,Cassis,CH,2025-09-01,SF,Jurij,Rodionov,6-2 6-4,Challenger main draw,2025,unobserved,,,,,,,,,,,,,,False
G0BY:atp:2025/9120/ms004:F0DM,G0BY,Daniil Glinka,Cassis,CH,2025-09-01,QF,Arthur,Fery,6-2 4-6 7-6(1),Challenger main draw,2025,unobserved,,,,,,,,,,,,,,False
G0BY:atp:2025/9120/ms008:S0EX,G0BY,Daniil Glinka,Cassis,CH,2025-09-01,R16,Hamish,Stewart,7-6(5) 6-3,Challenger main draw,2025,unobserved,,,,,,,,,,,,,,False
G0BY:atp:2025/9120/ms016:HB64,G0BY,Daniil Glinka,Cassis,CH,2025-09-01,R32,Quentin,Halys,6-4 1-6 6-3,Challenger main draw,2025,unobserved,,,,,,,,,,,,,,False
G0BY:atp:2025/5151/ms000:P0J1,G0BY,Daniil Glinka,G2 EST vs MEX,DC,2025-09-08,RR,Rodrigo,Pacheco Mendez,6-3 2-6 3-6,Davis Cup,2025,unobserved,,,,,,,,,,,,,,False
G0BY:atp:2025/812/ms001:B0A0,G0BY,Daniil Glinka,M25 Nevers,FU,2025-09-15,F,Maxence,Beauge,6-2 6-4,ITF main draw,2025,linked,14731508,1758457800.0,ITF M25 Nevers Men,ITF Men,Final,Maxence Beauge,3.0,2.0,1.0,0.0,2,false,finished,True
G0BY:atp:2025/812/ms002:M0QK,G0BY,Daniil Glinka,M25 Nevers,FU,2025-09-15,SF,Loann,Massard,6-3 6-3,ITF main draw,2025,linked,14722824,1758355200.0,ITF M25 Nevers Men,ITF Men,Semifinals,Loann Massard,3.0,2.0,1.0,0.0,absent,false,finished,False
G0BY:atp:2025/812/ms004:V0D0,G0BY,Daniil Glinka,M25 Nevers,FU,2025-09-15,QF,Niels,Visker,6-4 6-2,ITF main draw,2025,linked,14718833,1758268800.0,ITF M25 Nevers Men,ITF Men,Quarterfinals,Niels Visker,3.0,2.0,1.0,0.0,absent,false,finished,False
G0BY:atp:2025/812/ms008:L0LJ,G0BY,Daniil Glinka,M25 Nevers,FU,2025-09-15,R16,Ferdinand,Livet Novkirichka,6-2 7-5,ITF main draw,2025,linked,14710339,1758182400.0,ITF M25 Nevers Men,ITF Men,Round of 16,Ferdinand Livet Novkirichka,3.0,2.0,1.0,0.0,absent,false,finished,False
G0BY:atp:2025/812/ms016:H0MQ,G0BY,Daniil Glinka,M25 Nevers,FU,2025-09-15,R32,Marwan,Haida-Lamrani,6-0 6-0,ITF main draw,2025,linked,14693290,1758103200.0,ITF M25 Nevers Men,ITF Men,Round of 32,Marwan Haida-Lamrani,3.0,2.0,1.0,0.0,2,false,finished,True
G0BY:atp:2025/9625/ms030:HB48,G0BY,Daniil Glinka,Roanne,CH,2025-10-06,R32,Calvin,Hemery,3-6 4-6,Challenger main draw,2025,linked,14839440,1759845300.0,"Roanne, France",Challenger,Round of 32,Calvin Hemery,3.0,2.0,1.0,0.0,2,false,finished,True
G0BY:atp:2025/9625/qs011:V0BD,G0BY,Daniil Glinka,Roanne,CH,2025-10-06,Q2,Nikolay,Vylegzhanin,5-7 6-3 7-6(5),Challenger qualifying,2025,linked,14833349,1759752900.0,"Roanne, France, Qualifying",Challenger,Qualification Final,Nikolay Vylegzhanin,3.0,1.0,1.0,0.0,1,false,finished,True
G0BY:atp:2025/9625/qs022:O0AD,G0BY,Daniil Glinka,Roanne,CH,2025-10-06,Q1,Neil,Oberleitner,6-3 7-6(2),Challenger qualifying,2025,linked,14828948,1759682100.0,"Roanne, France, Qualifying",Challenger,Qualification Round 1,Neil Oberleitner,3.0,2.0,1.0,0.0,1,false,finished,True
G0BY:atp:2025/2893/ms008:TE30,G0BY,Daniil Glinka,Olbia,CH,2025-10-13,R16,Alejandro,Tabilo,3-6 7-5 1-6,Challenger main draw,2025,linked,14851833,1760616300.0,"Olbia, Italy",Challenger,Round of 16,Alejandro Tabilo,3.0,2.0,1.0,0.0,2,false,finished,True
G0BY:atp:2025/2893/ms017:T09X,G0BY,Daniil Glinka,Olbia,CH,2025-10-13,R32,Clement,Tabur,7-6(4) 6-3,Challenger main draw,2025,linked,14879214,1760433900.0,"Olbia, Italy",Challenger,Round of 32,Clement Tabur,3.0,2.0,1.0,0.0,1,false,finished,True
G0BY:atp:2025/2893/qs010:DG80,G0BY,Daniil Glinka,Olbia,CH,2025-10-13,Q2,Enrico,Dalla Valle,6-4 6-4,Challenger qualifying,2025,linked,14875052,1760348700.0,"Olbia, Italy, Qualifying",Challenger,Qualification Final,Enrico Dalla Valle,3.0,1.0,1.0,0.0,1,false,finished,True
G0BY:atp:2025/2893/qs020:B0BK,G0BY,Daniil Glinka,Olbia,CH,2025-10-13,Q1,Aleksandr,Braynin,6-2 6-1,Challenger qualifying,2025,linked,14871150,1760271900.0,"Olbia, Italy, Qualifying",Challenger,Qualification Round 1,Aleksandr Braynin,3.0,2.0,1.0,0.0,2,false,finished,True
G0BY:atp:2025/8297/ms012:L0CF,G0BY,Daniil Glinka,Hamburg,CH,2025-10-20,R16,George,Loffhagen,,Challenger main draw,2025,linked,14896661,1761145200.0,"Hamburg, Germany",Challenger,Round of 16,George Loffhagen,3.0,2.0,1.0,0.0,absent,false,finished,False
G0BY:atp:2025/8297/ms025:V09T,G0BY,Daniil Glinka,Hamburg,CH,2025-10-20,R32,Pedro,Vives Marcos,6-4 6-1,Challenger main draw,2025,linked,14921263,1761035400.0,"Hamburg, Germany",Challenger,Round of 32,Pedro Vives Marcos,3.0,2.0,1.0,0.0,1,false,finished,True
G0BY:atp:2025/6055/ms005:D0DT,G0BY,Daniil Glinka,Charlottesville,CH,2025-10-27,QF,Martin,Damm,7-6(3) 4-6 4-6,Challenger main draw,2025,linked,14932358,1761955500.0,"Charlottesville, USA",Challenger,Quarterfinals,Martin Damm Jr,2.0,2.0,1.0,0.0,2,false,finished,True
G0BY:atp:2025/6055/ms010:Z09F,G0BY,Daniil Glinka,Charlottesville,CH,2025-10-27,R16,Patrick,Zahraj,7-6(4) 6-2,Challenger main draw,2025,linked,14932356,1761757500.0,"Charlottesville, USA",Challenger,Round of 16,Patrick Zahraj,3.0,2.0,1.0,0.0,1,false,finished,True
G0BY:atp:2025/6055/ms020:K0A3,G0BY,Daniil Glinka,Charlottesville,CH,2025-10-27,R32,Patrick,Kypson,6-3 6-3,Challenger main draw,2025,linked,14949751,1761687300.0,"Charlottesville, USA",Challenger,Round of 32,Patrick Kypson,3.0,2.0,1.0,0.0,2,false,finished,True
G0BY:atp:2025/363/ms003:B0NO,G0BY,Daniil Glinka,Knoxville,CH,2025-11-03,SF,Darwin,Blanch,4-6 6-7(2),Challenger main draw,2025,linked,14957025,1762627200.0,"Knoxville, USA",Challenger,Semifinals,Darwin Blanch,3.0,2.0,1.0,0.0,2,false,finished,True
G0BY:atp:2025/363/ms006:M0NA,G0BY,Daniil Glinka,Knoxville,CH,2025-11-03,QF,Shunsuke,Mitsui,7-5 6-3,Challenger main draw,2025,linked,14957011,1762556700.0,"Knoxville, USA",Challenger,Quarterfinals,Shunsuke Mitsui,3.0,2.0,1.0,0.0,2,false,finished,True
G0BY:atp:2025/363/ms012:PL39,G0BY,Daniil Glinka,Knoxville,CH,2025-11-03,R16,Alfredo,Perez,6-3 6-4,Challenger main draw,2025,linked,14957020,1762444800.0,"Knoxville, USA",Challenger,Round of 16,Alfredo Perez,3.0,2.0,1.0,0.0,1,false,finished,True
G0BY:atp:2025/363/ms024:M0DY,G0BY,Daniil Glinka,Knoxville,CH,2025-11-03,R32,Peter,Makk,6-2 6-4,Challenger main draw,2025,linked,15001988,1762285200.0,"Knoxville, USA",Challenger,Round of 32,Peter Makk,3.0,2.0,1.0,0.0,1,false,finished,True
G0BY:atp:2025/7235/ms001:C0OF,G0BY,Daniil Glinka,Drummondville,CH,2025-11-10,F,Duncan,Chan,6-4 6-2,Challenger main draw,2025,unobserved,,,,,,,,,,,,,,False
G0BY:atp:2025/7235/ms002:K0HC,G0BY,Daniil Glinka,Drummondville,CH,2025-11-10,SF,Maks,Kasnikowski,6-1 7-6(4),Challenger main draw,2025,unobserved,,,,,,,,,,,,,,False
G0BY:atp:2025/7235/ms005:M0C2,G0BY,Daniil Glinka,Drummondville,CH,2025-11-10,QF,Dan,Martin,6-4 3-6 6-4,Challenger main draw,2025,unobserved,,,,,,,,,,,,,,False
G0BY:atp:2025/7235/ms010:K0KC,G0BY,Daniil Glinka,Drummondville,CH,2025-11-10,R16,Jangjun,Kim,6-7(5) 6-3 6-2,Challenger main draw,2025,unobserved,,,,,,,,,,,,,,False
G0BY:atp:2025/7235/ms020:K0DB,G0BY,Daniil Glinka,Drummondville,CH,2025-11-10,R32,Cannon,Kingsley,6-4 6-2,Challenger main draw,2025,linked,15024002,1762959600.0,"Drummondville, Canada",Challenger,Round of 32,Cannon Kingsley,3.0,2.0,1.0,0.0,1,false,finished,True
G0BY:atp:2026/2205/ms023:TA46,G0BY,Daniil Glinka,Noumea,CH,2026-01-05,R32,Bernard,Tomic,4-6 3-6,Challenger main draw,2026,unobserved,,,,,,,,,,,,,,False
G0BY:atp:2026/2831/ms003:P09O,G0BY,Daniil Glinka,Oeiras 1,CH,2026-01-19,SF,Zsombor,Piros,5-7 6-4 1-6,Challenger main draw,2026,linked,15366150,1769262000.0,"Oeiras, Portugal",Challenger,Semifinals,Zsombor Piros,3.0,2.0,1.0,0.0,2,false,finished,True
G0BY:atp:2026/2831/ms006:P0CT,G0BY,Daniil Glinka,Oeiras 1,CH,2026-01-19,QF,Francesco,Passaro,7-5 6-4,Challenger main draw,2026,linked,15366162,1769173200.0,"Oeiras, Portugal",Challenger,Quarterfinals,Francesco Passaro,3.0,2.0,1.0,0.0,1,false,finished,True
G0BY:atp:2026/2831/ms012:M0AW,G0BY,Daniil Glinka,Oeiras 1,CH,2026-01-19,R16,Nicolas,Mejia,6-3 6-3,Challenger main draw,2026,linked,15366161,1769083800.0,"Oeiras, Portugal",Challenger,Round of 16,Nicolas Mejia,3.0,2.0,1.0,0.0,8,false,finished,False
G0BY:atp:2026/2831/ms025:O0A2,G0BY,Daniil Glinka,Oeiras 1,CH,2026-01-19,R32,Gauthier,Onclin,5-7 7-6(6) 6-4,Challenger main draw,2026,linked,15386785,1768922700.0,"Oeiras, Portugal",Challenger,Round of 32,Gauthier Onclin,3.0,2.0,1.0,0.0,2,false,finished,True
G0BY:atp:2026/580/qs061:V0DZ,G0BY,Daniil Glinka,Australian Open,GS,2026-01-19,Q2,Luca,Van Assche,3-6 0-6,Tour qualifying,2026,unobserved,,,,,,,,,,,,,,False
G0BY:atp:2026/580/qs122:T09X,G0BY,Daniil Glinka,Australian Open,GS,2026-01-19,Q1,Clement,Tabur,5-7 6-3 6-4,Tour qualifying,2026,unobserved,,,,,,,,,,,,,,False
G0BY:atp:2026/2833/ms001:R0E0,G0BY,Daniil Glinka,Oeiras 2,CH,2026-01-26,F,Chris,Rodesch,3-6 5-7,Challenger main draw,2026,linked,15403442,1769943600.0,"Oeiras 2, Portugal",Challenger,Final,Chris Rodesch,3.0,2.0,1.0,0.0,1,false,finished,True
G0BY:atp:2026/2833/ms003:SN54,G0BY,Daniil Glinka,Oeiras 2,CH,2026-01-26,SF,Frederico,Ferreira Silva,4-6 7-5 6-4,Challenger main draw,2026,linked,15403438,1769857200.0,"Oeiras 2, Portugal",Challenger,Semifinals,Frederico Ferreira Silva,3.0,2.0,1.0,0.0,2,false,finished,True
G0BY:atp:2026/2833/ms006:L0CX,G0BY,Daniil Glinka,Oeiras 2,CH,2026-01-26,QF,Pablo,Llamas Ruiz,6-2 3-6 7-6(5),Challenger main draw,2026,linked,15403431,1769778600.0,"Oeiras 2, Portugal",Challenger,Quarterfinals,Pablo Llamas Ruiz,3.0,2.0,1.0,0.0,1,false,finished,True
G0BY:atp:2026/2833/ms013:K926,G0BY,Daniil Glinka,Oeiras 2,CH,2026-01-26,R16,Mikhail,Kukushkin,6-3 6-4,Challenger main draw,2026,linked,15403440,1769605200.0,"Oeiras 2, Portugal",Challenger,Round of 16,Mikhail Kukushkin,3.0,2.0,1.0,0.0,1,false,finished,True
G0BY:atp:2026/2833/ms026:E698,G0BY,Daniil Glinka,Oeiras 2,CH,2026-01-26,R32,Gastao,Elias,6-2 6-4,Challenger main draw,2026,linked,15424864,1769518800.0,"Oeiras 2, Portugal",Challenger,Round of 32,Gastao Elias,3.0,2.0,1.0,0.0,2,false,finished,True
G0BY:atp:2026/9162/ms015:S0H2,G0BY,Daniil Glinka,Pau,CH,2026-02-09,R16,Aleksandr,Shevchenko,3-6 7-6(7) 1-6,Challenger main draw,2026,linked,15482168,1770924600.0,"Pau, France",Challenger,Round of 16,Aleksandr Shevchenko,3.0,2.0,0.0,0.0,2,false,finished,True
G0BY:atp:2026/9162/ms030:L0GH,G0BY,Daniil Glinka,Pau,CH,2026-02-09,R32,Mark,Lajal,6-3 4-3,Challenger main draw,2026,linked,15505771,1770815100.0,"Pau, France",Challenger,Round of 32,Mark Lajal,3.0,2.0,0.0,0.0,1,false,finished,True
G0BY:atp:2026/7874/ms023:BM95,G0BY,Daniil Glinka,Lille,CH,2026-02-16,R32,Benjamin,Bonzi,4-6 4-6,Challenger main draw,2026,linked,15544564,1771414200.0,"Lille, France",Challenger,Round of 32,Benjamin Bonzi,3.0,2.0,1.0,0.0,2,false,finished,True
G0BY:atp:2026/9516/ms015:HH06,G0BY,Daniil Glinka,Lugano,CH,2026-02-23,R16,Marc-Andrea,Huesler,6-7(5) 4-6,Challenger main draw,2026,linked,15565584,1772109300.0,"Lugano, Switzerland",Challenger,Round of 16,Marc-Andrea Huesler,3.0,2.0,1.0,0.0,1,false,finished,True
G0BY:atp:2026/9516/ms031:D0HX,G0BY,Daniil Glinka,Lugano,CH,2026-02-23,R32,Dylan,Dietrich,6-3 6-4,Challenger main draw,2026,linked,15604996,1772020800.0,"Lugano, Switzerland",Challenger,Round of 32,Dylan Dietrich,3.0,2.0,1.0,0.0,2,false,finished,True
G0BY:atp:2026/2973/ms016:G09O,G0BY,Daniil Glinka,Thionville,CH,2026-03-02,R32,Hugo,Gaston,3-6 2-4,Challenger main draw,2026,linked,15638571,1772558100.0,"Thionville, France",Challenger,Round of 32,Hugo Gaston,3.0,2.0,1.0,0.0,2,false,finished,True
G0BY:atp:2026/398/ms020:A09T,G0BY,Daniil Glinka,Cherbourg,CH,2026-03-09,R32,Dan,Added,7-5 1-6 4-6,Challenger main draw,2026,linked,15682412,1773135000.0,"Cherbourg-en-Cotentin, France",Challenger,Round of 32,Dan Added,3.0,2.0,1.0,0.0,1,false,finished,True
G0BY:atp:2026/7494/ms010:CG33,G0BY,Daniil Glinka,Barletta,CH,2026-03-30,R16,Kimmer,Coppejans,5-7 4-6,Challenger main draw,2026,linked,15886149,1775214300.0,"Barletta, Italy",Challenger,Round of 16,Kimmer Coppejans,3.0,2.0,1.0,0.0,2,false,finished,True
G0BY:atp:2026/7494/ms020:K926,G0BY,Daniil Glinka,Barletta,CH,2026-03-30,R32,Mikhail,Kukushkin,6-3 6-3,Challenger main draw,2026,linked,15901578,1774870500.0,"Barletta, Italy",Challenger,Round of 32,Mikhail Kukushkin,3.0,2.0,1.0,0.0,2,false,finished,True
G0BY:atp:2026/5069/ms006:AG08,G0BY,Daniil Glinka,Sarasota,CH,2026-04-06,QF,Andy,Andrade,4-6 2-6,Challenger main draw,2026,linked,15926554,1775836800.0,"Sarasota, USA",Challenger,Quarterfinals,Andres Andrade,1.0,2.0,1.0,0.0,2,false,finished,True
G0BY:atp:2026/5069/ms012:KG27,G0BY,Daniil Glinka,Sarasota,CH,2026-04-06,R16,Strong,Kirchheimer,6-3 6-2,Challenger main draw,2026,linked,15926559,1775663400.0,"Sarasota, USA",Challenger,Round of 16,Strong Kirchheimer,3.0,2.0,1.0,0.0,2,false,finished,True
G0BY:atp:2026/5069/ms024:W09G,G0BY,Daniil Glinka,Sarasota,CH,2026-04-06,R32,J.J.,Wolf,6-3 7-6(4),Challenger main draw,2026,linked,15951490,1775499000.0,"Sarasota, USA",Challenger,Round of 32,Jeffrey John Wolf,1.0,2.0,1.0,0.0,1,false,finished,True
G0BY:atp:2026/692/ms005:K0NP,G0BY,Daniil Glinka,Tallahassee,CH,2026-04-13,QF,Jack,Kennedy,4-6 4-6,Challenger main draw,2026,unobserved,,,,,,,,,,,,,,False
G0BY:atp:2026/692/ms010:B0NO,G0BY,Daniil Glinka,Tallahassee,CH,2026-04-13,R16,Darwin,Blanch,6-3 6-4,Challenger main draw,2026,unobserved,,,,,,,,,,,,,,False
G0BY:atp:2026/692/ms020:D0D4,G0BY,Daniil Glinka,Tallahassee,CH,2026-04-13,R32,Stefan,Dostanic,6-2 7-6(3),Challenger main draw,2026,linked,15707842,1776044700.0,"Tallahassee, USA",Challenger,Round of 32,Stefan Dostanić,3.0,2.0,1.0,0.0,1,false,finished,True
G0BY:atp:2026/5067/ms020:KE64,G0BY,Daniil Glinka,Savannah,CH,2026-04-20,R32,Stefan,Kozlov,2-6 3-6,Challenger main draw,2026,unobserved,,,,,,,,,,,,,,False
G0BY:atp:2026/1541/ms013:B0QC,G0BY,Daniil Glinka,Tunis,CH,2026-05-11,R16,Gilles Arnaud,Bailly,3-6 2-6,Challenger main draw,2026,unobserved,,,,,,,,,,,,,,False
G0BY:atp:2026/1541/ms027:M0XQ,G0BY,Daniil Glinka,Tunis,CH,2026-05-11,R32,Niels,McDonald,6-2 7-5,Challenger main draw,2026,unobserved,,,,,,,,,,,,,,False
G0BY:atp:2026/2993/ms010:BI23,G0BY,Daniil Glinka,Chisinau,CH,2026-05-25,R16,Liam,Broady,2-6 6-4 3-6,Challenger main draw,2026,linked,16208025,1779955200.0,"Chisinau, Moldova",Challenger,Round of 16,Liam Broady,3.0,2.0,1.0,0.0,2,false,finished,True
G0BY:atp:2026/2993/ms020:L0C6,G0BY,Daniil Glinka,Chisinau,CH,2026-05-25,R32,Stefan,Latinovic,6-3 6-3,Challenger main draw,2026,unobserved,,,,,,,,,,,,,,False
G0BY:atp:2026/520/qs039:P0IY,G0BY,Daniil Glinka,Roland Garros,GS,2026-05-25,Q2,Juan Carlos,Prado Angelo,3-6 4-6,Tour qualifying,2026,unobserved,,,,,,,,,,,,,,False
G0BY:atp:2026/520/qs078:B0JJ,G0BY,Daniil Glinka,Roland Garros,GS,2026-05-25,Q1,Robin,Bertrand,6-2 6-4,Tour qualifying,2026,unobserved,,,,,,,,,,,,,,False
G0BY:atp:2026/321/qs009:H996,G0BY,Daniil Glinka,Stuttgart,250,2026-06-08,Q1,Pierre-Hugues,Herbert,6-7(3) 4-6,Tour qualifying,2026,linked,16282884,1780746300.0,"Stuttgart, Germany, Qualifying",ATP,Qualification Round 1,Pierre-Hugues Herbert,3.0,2.0,1.0,0.0,2,false,finished,True
G0BY:atp:2026/3115/ms030:C0AK,G0BY,Daniil Glinka,Dublin,CH,2026-06-15,R32,Oliver,Crawford,7-6(5) 4-6 3-6,Challenger main draw,2026,linked,16333666,1781619000.0,"Dublin, Ireland",Challenger,Round of 32,Oliver Crawford,3.0,2.0,1.0,0.0,2,false,finished,True
G0BY:atp:2026/540/qs121:CG33,G0BY,Daniil Glinka,Wimbledon,GS,2026-06-29,Q1,Kimmer,Coppejans,4-6 3-6,Tour qualifying,2026,linked,16373398,1782122400.0,"Wimbledon, London, GB, Qualifying, 1st - 2nd Round",ATP,Qualification Round 1,Kimmer Coppejans,3.0,2.0,1.0,0.0,2,false,finished,True
G0BY:atp:2026/7316/ms010:W0C4,G0BY,Daniil Glinka,Cary,CH,2026-06-29,R16,Edward,Winter,7-6(6) 4-6 4-6,Challenger main draw,2026,linked,16383664,1782952800.0,"Cary, USA",Challenger,Round of 16,Edward Winter,3.0,2.0,1.0,0.0,2,false,finished,True
G0BY:atp:2026/7316/ms020:M0NB,G0BY,Daniil Glinka,Cary,CH,2026-06-29,R32,Aidan,Mayo,7-6(1) 2-6 7-6(5),Challenger main draw,2026,linked,16402327,1782774600.0,"Cary, USA",Challenger,Round of 32,Aidan Mayo,3.0,2.0,1.0,0.0,1,false,finished,True
G0BY:atp:2026/315/ms019:Y09V,G0BY,Daniil Glinka,Newport,CH,2026-07-06,R32,Yunchaokete,Bu,4-6 4-6,Challenger main draw,2026,linked,16451936,1783542300.0,"Newport, USA",Challenger,Round of 32,Yunchaokete Bu,3.0,2.0,1.0,0.0,2,false,finished,True
G0BY:atp:2026/877/ms012:S0TI,G0BY,Daniil Glinka,Granby,CH,2026-07-13,R16,Philip,Sekulic,1-6 6-1 3-6,Challenger main draw,2026,linked,16465867,1784229000.0,"Granby, Canada",Challenger,Round of 16,Philip Sekulic,3.0,2.0,1.0,0.0,2,false,finished,True
G0BY:atp:2026/877/ms024:J0B5,G0BY,Daniil Glinka,Granby,CH,2026-07-13,R32,Garrett,Johns,7-6(2) 6-3,Challenger main draw,2026,linked,16498679,1784037600.0,"Granby, Canada",Challenger,Round of 32,Garrett Johns,3.0,2.0,1.0,0.0,1,false,finished,True
G0BY:atp:2026/2789/ms003:G0A0,G0BY,Daniil Glinka,Grodzisk Mazowiecki,CH,2026-08-03,SF,Andrea,Guerrieri,6-0 3-6 4-6,Challenger main draw,2026,linked,16661585,1786179600.0,"Grodzisk Mazowiecki, Poland",Challenger,Semifinals,Andrea Guerrieri,3.0,2.0,1.0,0.0,1,false,finished,True
G0BY:atp:2026/2789/ms007:DH46,G0BY,Daniil Glinka,Grodzisk Mazowiecki,CH,2026-08-03,QF,Alexander,Donski,7-6(4) 6-4,Challenger main draw,2026,linked,16661583,1786096800.0,"Grodzisk Mazowiecki, Poland",Challenger,Quarterfinals,Alexander Donski,3.0,2.0,1.0,0.0,1,false,finished,True
G0BY:atp:2026/2789/ms015:V0G2,G0BY,Daniil Glinka,Grodzisk Mazowiecki,CH,2026-08-03,R16,Amit,Vales,7-5 1-6 6-4,Challenger main draw,2026,linked,16661588,1785921900.0,"Grodzisk Mazowiecki, Poland",Challenger,Round of 16,Amit Vales,3.0,2.0,1.0,0.0,1,false,finished,True
G0BY:atp:2026/2789/ms031:Z0BL,G0BY,Daniil Glinka,Grodzisk Mazowiecki,CH,2026-08-03,R32,Fares,Zakaria,6-4 3-6 6-1,Challenger main draw,2026,linked,16693947,1785759300.0,"Grodzisk Mazowiecki, Poland",Challenger,Round of 32,Faris Zakaria,1.0,2.0,1.0,0.0,2,false,finished,True
G0BY:atp:2026/3121/ms003:MO44,G0BY,Daniil Glinka,Kingston 1,CH,2026-08-17,SF,Pedro,Martinez,5-7 3-6,Challenger main draw,2026,unobserved,,,,,,,,,,,,,,False
G0BY:atp:2026/3121/ms007:M0G4,G0BY,Daniil Glinka,Kingston 1,CH,2026-08-17,QF,Harold,Mayot,6-3 6-4,Challenger main draw,2026,unobserved,,,,,,,,,,,,,,False
G0BY:atp:2026/3121/ms014:Y218,G0BY,Daniil Glinka,Kingston 1,CH,2026-08-17,R16,Elias,Ymer,6-4 6-3,Challenger main draw,2026,linked,16806853,1787151600.0,"Kingston, Jamaica",Challenger,Round of 16,Elias Ymer,3.0,2.0,1.0,0.0,1,false,finished,True
G0BY:atp:2026/3121/ms028:B0BU,G0BY,Daniil Glinka,Kingston 1,CH,2026-08-17,R32,Florent,Bax,2-6 6-3 6-0,Challenger main draw,2026,linked,16843659,1787065200.0,"Kingston, Jamaica",Challenger,Round of 32,Florent Bax,3.0,2.0,1.0,0.0,2,false,finished,True
G0BY:atp:2026/560/qs054:P09O,G0BY,Daniil Glinka,US Open,GS,2026-08-31,Q2,Zsombor,Piros,3-6 7-5 4-6,Tour qualifying,2026,unobserved,,,,,,,,,,,,,,False
G0BY:atp:2026/560/qs109:MO44,G0BY,Daniil Glinka,US Open,GS,2026-08-31,Q1,Pedro,Martinez,6-3 6-2,Tour qualifying,2026,unobserved,,,,,,,,,,,,,,False
G0BY:atp:2026/7973/ms020:R0FP,G0BY,Daniil Glinka,Manacor,CH,2026-08-31,R32,Daniel,Rincon,6-7(3) 3-6,Challenger main draw,2026,unobserved,,,,,,,,,,,,,,False
G0BY:atp:2026/9120/ms004:D0DW,G0BY,Daniil Glinka,Cassis,CH,2026-09-07,QF,Titouan,Droguet,6-4 3-6 2-6,Challenger main draw,2026,unobserved,,,,,,,,,,,,,,False
G0BY:atp:2026/9120/ms009:E0AC,G0BY,Daniil Glinka,Cassis,CH,2026-09-07,R16,Mathys,Erhard,7-6(3) 4-2,Challenger main draw,2026,unobserved,,,,,,,,,,,,,,False
G0BY:atp:2026/9120/ms019:PH78,G0BY,Daniil Glinka,Cassis,CH,2026-09-07,R32,Ryan,Peniston,7-6(5) 6-2,Challenger main draw,2026,unobserved,,,,,,,,,,,,,,False
H09P:atp:2016/614/ms027:BC68,H09P,Brandon Holt,U.S.A. F1,FU,2016-01-04,R32,Philip,Bester,4-6 3-6,ITF main draw,2016,linked,6973841,1452048000.0,"USA F1, Singles",ITF Men,Round of 32,Philip Bester,3.0,2.0,0.0,0.0,2,false,finished,True
H09P:atp:2016/579/ms021:TB84,H09P,Brandon Holt,U.S.A. F2,FU,2016-01-11,R32,Clay,Thompson,3-6 3-6,ITF main draw,2016,linked,6982735,1452713400.0,"USA F2, Singles",ITF Men,Round of 32,Clay Thompson,3.0,2.0,0.0,0.0,1,false,finished,True
H09P:atp:2016/229/ms028:MJ98,H09P,Brandon Holt,U.S.A. F7,FU,2016-02-15,R32,Facundo,Mena,6-7(3) 2-6,ITF main draw,2016,unobserved,,,,,,,,,,,,,,False
H09P:atp:2017/614/ms020:GA36,H09P,Brandon Holt,U.S.A. F1,FU,2017-01-02,R32,Emilio,Gomez,3-6 5-7,ITF main draw,2017,unobserved,,,,,,,,,,,,,,False
H09P:atp:2017/579/ms008:PL56,H09P,Brandon Holt,U.S.A. F2,FU,2017-01-09,R16,Tommy,Paul,3-6 6-7(2),ITF main draw,2017,unobserved,,,,,,,,,,,,,,False
H09P:atp:2017/579/ms017:BK05,H09P,Brandon Holt,U.S.A. F2,FU,2017-01-09,R32,Luke,Bambridge,6-1 6-4,ITF main draw,2017,unobserved,,,,,,,,,,,,,,False
H09P:atp:2017/734/ms006:KB14,H09P,Brandon Holt,U.S.A. F17,FU,2017-06-12,QF,Kevin,King,5-7 2-6,ITF main draw,2017,linked,7438873,1497622200.0,"USA F17, Singles",ITF Men,absent,Kevin King,3.0,0.0,0.0,0.0,1,false,finished,True
H09P:atp:2017/734/ms012:GH92,H09P,Brandon Holt,U.S.A. F17,FU,2017-06-12,R16,Borna,Gojo,7-5 6-7(4) 7-5,ITF main draw,2017,linked,7437503,1497535800.0,"USA F17, Singles",ITF Men,absent,Borna Gojo,3.0,0.0,0.0,0.0,1,false,finished,True
H09P:atp:2017/734/ms024:SQ48,H09P,Brandon Holt,U.S.A. F17,FU,2017-06-12,R32,Ryan,Shane,7-5 6-2,ITF main draw,2017,linked,7435832,1497456000.0,"USA F17, Singles",ITF Men,absent,Ryan Shane,3.0,0.0,0.0,0.0,1,false,finished,True
H09P:atp:2017/530/ms010:SI72,H09P,Brandon Holt,U.S.A. F19,FU,2017-06-19,R16,Wil,Spencer,,ITF main draw,2017,linked,7446416,1498145400.0,"Usa F19, Singles",ITF Men,absent,Wil Spencer,3.0,0.0,0.0,0.0,absent,false,finished,False
H09P:atp:2017/530/ms021:S0DQ,H09P,Brandon Holt,U.S.A. F19,FU,2017-06-19,R32,Keegan,Smith,7-6(2) 6-2,ITF main draw,2017,linked,7444464,1498053600.0,"Usa F19, Singles",ITF Men,absent,Keegan Smith,3.0,0.0,0.0,0.0,1,false,finished,True
H09P:atp:2017/228/qs009:S0CT,H09P,Brandon Holt,Winnetka,CH,2017-07-10,Q2,Jeffrey,Schorsch,2-6 4-6,Challenger qualifying,2017,linked,7472616,1499618700.0,"Winnetka, USA, Qualifying",Challenger,Qualification,Jeffrey Schorsch,3.0,1.0,1.0,0.0,1,false,finished,True
H09P:atp:2017/250/ms003:SF89,H09P,Brandon Holt,U.S.A. F24,FU,2017-07-17,SF,Rubin,Statham,3-6 7-6(5) 3-6,ITF main draw,2017,unobserved,,,,,,,,,,,,,,False
H09P:atp:2017/250/ms006:J505,H09P,Brandon Holt,U.S.A. F24,FU,2017-07-17,QF,Eric,Johnson,6-2 6-1,ITF main draw,2017,unobserved,,,,,,,,,,,,,,False
H09P:atp:2017/250/ms012:O660,H09P,Brandon Holt,U.S.A. F24,FU,2017-07-17,R16,Genaro Alberto,Olivieri,6-3 7-5,ITF main draw,2017,linked,7487332,1500476400.0,"Usa F24, Singles",ITF Men,Round of 16,Genaro Alberto Olivieri,3.0,2.0,0.0,0.0,2,false,finished,True
H09P:atp:2017/250/ms025:SY62,H09P,Brandon Holt,U.S.A. F24,FU,2017-07-17,R32,Riley,Smith,6-3 6-2,ITF main draw,2017,linked,7484815,1500396300.0,"Usa F24, Singles",ITF Men,Round of 32,Riley Smith,3.0,2.0,0.0,0.0,2,false,finished,True
H09P:atp:2017/670/ms026:N555,H09P,Brandon Holt,Binghamton,CH,2017-07-24,R32,Daniel,Nguyen,3-6 6-2 3-6,Challenger main draw,2017,unobserved,,,,,,,,,,,,,,False
H09P:atp:2017/467/qs014:BI23,H09P,Brandon Holt,Aptos,CH,2017-08-07,Q2,Liam,Broady,3-6 2-6,Challenger qualifying,2017,unobserved,,,,,,,,,,,,,,False
H09P:atp:2017/467/qs029:F824,H09P,Brandon Holt,Aptos,CH,2017-08-07,Q1,Connor,Farren,6-4 6-3,Challenger qualifying,2017,unobserved,,,,,,,,,,,,,,False
H09P:atp:2017/6685/ms010:RC91,H09P,Brandon Holt,U.S.A. F32,FU,2017-09-25,R16,Arthur,Rinderknech,6-2 4-6 3-6,ITF main draw,2017,unobserved,,,,,,,,,,,,,,False
H09P:atp:2017/6685/ms021:AC84,H09P,Brandon Holt,U.S.A. F32,FU,2017-09-25,R32,Collin,Altamirano,6-2 6-1,ITF main draw,2017,unobserved,,,,,,,,,,,,,,False
H09P:atp:2017/7345/qs021:ML73,H09P,Brandon Holt,Las Vegas,CH,2017-10-16,Q1,Skander,Mansouri,3-6 7-5 5-7,Challenger qualifying,2017,unobserved,,,,,,,,,,,,,,False
H09P:atp:2018/614/ms030:L0CP,H09P,Brandon Holt,U.S.A. F1,FU,2018-01-01,R32,Alexander,Lebedev,3-6 2-6,ITF main draw,2018,unobserved,,,,,,,,,,,,,,False
H09P:atp:2018/2090/ms012:A09W,H09P,Brandon Holt,Canada F4,FU,2018-06-25,R16,Juan Carlos,Aguilar,6-4 3-6 6-7(8),ITF main draw,2018,linked,7848621,1530205200.0,"Canada F4, Singles",ITF Men,Round of 16,Juan Carlos Aguilar,3.0,2.0,1.0,0.0,2,false,finished,True
H09P:atp:2018/2090/ms024:HA47,H09P,Brandon Holt,Canada F4,FU,2018-06-25,R32,Alexios,Halebian,6-1 4-6 6-4,ITF main draw,2018,linked,7843951,1530032400.0,"Canada F4, Singles",ITF Men,Round of 32,Alexios Halebian,3.0,2.0,1.0,0.0,2,false,finished,True
H09P:atp:2018/530/ms007:HB29,H09P,Brandon Holt,U.S.A. F19,FU,2018-07-02,QF,Andrew,Harris,0-6 0-6,ITF main draw,2018,linked,7859987,1530889200.0,"Usa F19, Singles",ITF Men,Quarterfinals,Andrew Harris,3.0,2.0,0.0,0.0,1,false,finished,True
H09P:atp:2018/530/ms014:DF88,H09P,Brandon Holt,U.S.A. F19,FU,2018-07-02,R16,Aziz,Dougaz,3-6 7-6(6) 7-6(2),ITF main draw,2018,linked,7858623,1530799200.0,"Usa F19, Singles",ITF Men,Round of 16,Aziz Dougaz,3.0,2.0,0.0,0.0,2,false,finished,True
H09P:atp:2018/530/ms029:CN15,H09P,Brandon Holt,U.S.A. F19,FU,2018-07-02,R32,Felix,Corwin,7-6(1) 7-6(8),ITF main draw,2018,linked,7855023,1530624600.0,"Usa F19, Singles",ITF Men,Round of 32,Felix Corwin,3.0,2.0,0.0,0.0,2,false,finished,True
H09P:atp:2018/228/qs017:SF11,H09P,Brandon Holt,Winnetka,CH,2018-07-09,Q1,Michael,Shabaz,3-6 6-7(3),Challenger qualifying,2018,linked,7863439,1530991800.0,"Winnetka, USA, Qualifying",Challenger,Qualification,Michael Shabaz,3.0,1.0,1.0,0.0,absent,false,finished,False
H09P:atp:2018/670/qs025:FB59,H09P,Brandon Holt,Binghamton,CH,2018-07-23,Q1,Francesco,Ferrari,4-6 3-6,Challenger qualifying,2018,linked,7891004,1532185800.0,"Binghamton, USA, Qualifying",Challenger,Qualification,Francesco Ferrari,3.0,1.0,1.0,0.0,absent,false,finished,False
H09P:atp:2018/467/ms023:GA94,H09P,Brandon Holt,Aptos,CH,2018-08-06,R32,Prajnesh,Gunneswaran,6-4 4-6 2-6,Challenger main draw,2018,linked,7914639,1533590700.0,"Aptos, USA",Challenger,Round of 32,Prajnesh Gunneswaran,3.0,2.0,1.0,0.0,absent,false,finished,False
H09P:atp:2018/250/ms001:RC93,H09P,Brandon Holt,U.S.A. F24,FU,2018-09-10,F,Martin,Redlicki,3-6 6-3 6-2,ITF main draw,2018,unobserved,,,,,,,,,,,,,,False
H09P:atp:2018/250/ms002:SR94,H09P,Brandon Holt,U.S.A. F24,FU,2018-09-10,SF,Samuel,Shropshire,6-2 6-1,ITF main draw,2018,unobserved,,,,,,,,,,,,,,False
H09P:atp:2018/250/ms005:CL82,H09P,Brandon Holt,U.S.A. F24,FU,2018-09-10,QF,Daniel,Cukierman,1-6 6-4 6-2,ITF main draw,2018,unobserved,,,,,,,,,,,,,,False
H09P:atp:2018/250/ms011:KE36,H09P,Brandon Holt,U.S.A. F24,FU,2018-09-10,R16,Dominik,Kellovsky,6-1 6-3,ITF main draw,2018,unobserved,,,,,,,,,,,,,,False
H09P:atp:2018/250/ms022:A0BY,H09P,Brandon Holt,U.S.A. F24,FU,2018-09-10,R32,Alec,Adamson,6-2 6-1,ITF main draw,2018,linked,7920829,1536691800.0,"Usa F24, Singles",ITF Men,Round of 32,Alec Adamson,3.0,2.0,0.0,0.0,1,false,finished,True
H09P:atp:2018/1768/ms013:PL56,H09P,Brandon Holt,Tiburon,CH,2018-09-24,R16,Tommy,Paul,0-5,Challenger main draw,2018,unobserved,,,,,,,,,,,,,,False
H09P:atp:2018/1768/ms026:D916,H09P,Brandon Holt,Tiburon,CH,2018-09-24,R32,Steven,Diez,6-3 7-6(4),Challenger main draw,2018,unobserved,,,,,,,,,,,,,,False
H09P:atp:2019/8130/ms001:GA36,H09P,Brandon Holt,M25 Los Angeles,FU,2018-12-31,F,Emilio,Gomez,6-3 6-3,ITF main draw,2018,unobserved,,,,,,,,,,,,,,False
H09P:atp:2019/8130/ms002:B0CD,H09P,Brandon Holt,M25 Los Angeles,FU,2018-12-31,SF,Jenson,Brooksby,6-7(3) 6-1 6-4,ITF main draw,2018,unobserved,,,,,,,,,,,,,,False
H09P:atp:2019/8130/ms005:N555,H09P,Brandon Holt,M25 Los Angeles,FU,2018-12-31,QF,Daniel,Nguyen,6-4 6-2,ITF main draw,2018,unobserved,,,,,,,,,,,,,,False
H09P:atp:2019/8130/ms010:PE42,H09P,Brandon Holt,M25 Los Angeles,FU,2018-12-31,R16,Luis,Patino,3-6 6-0 6-1,ITF main draw,2018,unobserved,,,,,,,,,,,,,,False
H09P:atp:2019/8130/ms020:GD08,H09P,Brandon Holt,M25 Los Angeles,FU,2018-12-31,R32,Lloyd,Glasspool,6-4 6-2,ITF main draw,2018,unobserved,,,,,,,,,,,,,,False
H09P:atp:2019/9188/ms061:SL07,H09P,Brandon Holt,Little Rock,CH,2019-06-03,R64,Alexander,Sarkissian,2-6 7-5 4-6,Challenger main draw,2019,unobserved,,,,,,,,,,,,,,False
H09P:atp:2019/731/ms001:R0A5,H09P,Brandon Holt,M25 Wichita,FU,2019-06-10,F,Sam,Riffice,1-6 4-6,ITF main draw,2019,linked,8247857,1560704400.0,"Wichita, Singles M-ITF-USA-15A",ITF Men,Final,Sam Riffice,3.0,2.0,1.0,0.0,1,false,finished,True
H09P:atp:2019/731/ms002:Z09K,H09P,Brandon Holt,M25 Wichita,FU,2019-06-10,SF,Evan,Zhu,7-6(4) 6-3,ITF main draw,2019,linked,8245554,1560618000.0,"Wichita, Singles M-ITF-USA-15A",ITF Men,Semifinals,Evan Zhu,3.0,2.0,1.0,0.0,1,false,finished,True
H09P:atp:2019/731/ms005:C0AK,H09P,Brandon Holt,M25 Wichita,FU,2019-06-10,QF,Oliver,Crawford,6-4 6-4,ITF main draw,2019,linked,8244326,1560532500.0,"Wichita, Singles M-ITF-USA-15A",ITF Men,Quarterfinals,Oliver Crawford,3.0,2.0,1.0,0.0,2,false,finished,True
H09P:atp:2019/731/ms010:CJ60,H09P,Brandon Holt,M25 Wichita,FU,2019-06-10,R16,Alexandr,Cozbinov,6-0 6-2,ITF main draw,2019,linked,8243126,1560448200.0,"Wichita, Singles M-ITF-USA-15A",ITF Men,Round of 16,Alexandr Cozbinov,3.0,2.0,1.0,0.0,1,false,finished,True
H09P:atp:2019/731/ms020:BO03,H09P,Brandon Holt,M25 Wichita,FU,2019-06-10,R32,Justin,Butsch,6-4 6-2,ITF main draw,2019,unobserved,,,,,,,,,,,,,,False
H09P:atp:2019/7557/ms027:MP01,H09P,Brandon Holt,Gatineau,CH,2019-07-15,R32,Michael,Mmoh,4-6 2-6,Challenger main draw,2019,linked,8305151,1563295200.0,"Gatineau, Canada",Challenger,Round of 32,Michael Mmoh,3.0,2.0,1.0,0.0,1,false,finished,True
H09P:atp:2019/7557/ms054:AC84,H09P,Brandon Holt,Gatineau,CH,2019-07-15,R64,Collin,Altamirano,6-1 7-6(1),Challenger main draw,2019,linked,8303105,1563212100.0,"Gatineau, Canada",Challenger,Round of 64,Collin Altamirano,3.0,2.0,1.0,0.0,absent,false,finished,False
H09P:atp:2019/877/ms029:D916,H09P,Brandon Holt,Granby,CH,2019-07-22,R32,Steven,Diez,2-6 4-6,Challenger main draw,2019,linked,8322534,1563994500.0,"Granby, Canada",Challenger,Round of 32,Steven Diez,3.0,2.0,1.0,0.0,2,false,finished,True
H09P:atp:2019/877/ms058:D0DP,H09P,Brandon Holt,Granby,CH,2019-07-22,R64,Liam,Draxl,6-4 6-4,Challenger main draw,2019,linked,8318968,1563842700.0,"Granby, Canada",Challenger,Round of 64,Liam Draxl,3.0,2.0,1.0,0.0,1,false,finished,True
H09P:atp:2019/467/ms033:S0DQ,H09P,Brandon Holt,Aptos,CH,2019-08-05,R64,Keegan,Smith,4-6 3-6,Challenger main draw,2019,linked,8345864,1565110800.0,"Aptos, USA",Challenger,Round of 64,Keegan Smith,3.0,2.0,1.0,0.0,absent,false,finished,False
H09P:atp:2019/1768/ms016:PL56,H09P,Brandon Holt,Tiburon,CH,2019-09-23,R32,Tommy,Paul,7-5 3-6 2-6,Challenger main draw,2019,linked,8426980,1569450600.0,"Tiburon, USA",Challenger,Round of 32,Tommy Paul,3.0,2.0,1.0,0.0,1,false,finished,True
H09P:atp:2019/1768/ms033:SL09,H09P,Brandon Holt,Tiburon,CH,2019-09-23,R64,Raymond,Sarmiento,6-4 7-6(6) 6-3,Challenger main draw,2019,linked,8421427,1569276300.0,"Tiburon, USA",Challenger,Round of 64,Raymond Sarmiento,3.0,2.0,1.0,0.0,1,false,finished,True
H09P:atp:2019/7339/ms020:DA81,H09P,Brandon Holt,Fairfield,CH,2019-10-07,R32,Taro,Daniel,1-6 4-6,Challenger main draw,2019,unobserved,,,,,,,,,,,,,,False
H09P:atp:2019/7339/ms041:AC84,H09P,Brandon Holt,Fairfield,CH,2019-10-07,R64,Collin,Altamirano,6-2 6-2,Challenger main draw,2019,unobserved,,,,,,,,,,,,,,False
H09P:atp:2019/8349/ms007:AE14,H09P,Brandon Holt,M25 Malibu,FU,2019-11-04,QF,Daniel,Altmaier,6-7(1) 2-6,ITF main draw,2019,unobserved,,,,,,,,,,,,,,False
H09P:atp:2019/8349/ms014:RC93,H09P,Brandon Holt,M25 Malibu,FU,2019-11-04,R16,Martin,Redlicki,6-2 3-6 7-5,ITF main draw,2019,unobserved,,,,,,,,,,,,,,False
H09P:atp:2019/8349/ms029:SY72,H09P,Brandon Holt,M25 Malibu,FU,2019-11-04,R32,Reese,Stalder,6-4 6-1,ITF main draw,2019,unobserved,,,,,,,,,,,,,,False
H09P:atp:2019/9134/ms020:GC88,H09P,Brandon Holt,Houston,CH,2019-11-11,R32,Marcos,Giron,6-7(4) 7-6(7) 2-6,Challenger main draw,2019,unobserved,,,,,,,,,,,,,,False
H09P:atp:2019/9134/ms041:SQ79,H09P,Brandon Holt,Houston,CH,2019-11-11,R64,Colin,Sinclair,6-1 7-5,Challenger main draw,2019,unobserved,,,,,,,,,,,,,,False
H09P:atp:2020/8130/ms003:RC04,H09P,Brandon Holt,M25 Los Angeles,FU,2020-01-06,SF,Alexander,Ritschard,4-6 7-5(4) 6-7(3),ITF main draw,2020,linked,8543062,1578765600.0,"Los Angeles, Singles M-ITF-USA-01A",ITF Men,Semifinals,Alexander Ritschard,3.0,2.0,1.0,0.0,2,false,finished,True
H09P:atp:2020/8130/ms007:BU54,H09P,Brandon Holt,M25 Los Angeles,FU,2020-01-06,QF,Geoffrey,Blancaneaux,2-6 7-6(4) 6-0,ITF main draw,2020,linked,8542378,1578688800.0,"Los Angeles, Singles M-ITF-USA-01A",ITF Men,Quarterfinals,Geoffrey Blancaneaux,3.0,2.0,1.0,0.0,1,false,finished,True
H09P:atp:2020/8130/ms014:SL07,H09P,Brandon Holt,M25 Los Angeles,FU,2020-01-06,R16,Alexander,Sarkissian,6-4 5-2,ITF main draw,2020,linked,8541585,1578597300.0,"Los Angeles, Singles M-ITF-USA-01A",ITF Men,Round of 16,Alexander Sarkissian,3.0,2.0,1.0,0.0,1,false,finished,True
H09P:atp:2020/8130/ms029:HF80,H09P,Brandon Holt,M25 Los Angeles,FU,2020-01-06,R32,Hady,Habib,1-6 6-1 7-6(3),ITF main draw,2020,unobserved,,,,,,,,,,,,,,False
H09P:atp:2020/8132/ms013:BU54,H09P,Brandon Holt,M25 Rancho Santa Fe,FU,2020-01-13,R16,Geoffrey,Blancaneaux,3-6 2-4,ITF main draw,2020,linked,8549050,1579197600.0,"Rancho Santa Fe, Singles M-ITF-USA-02A",ITF Men,Round of 16,Geoffrey Blancaneaux,3.0,2.0,1.0,0.0,1,false,finished,True
H09P:atp:2020/8132/ms026:V620,H09P,Brandon Holt,M25 Rancho Santa Fe,FU,2020-01-13,R32,Agustin,Velotti,6-2 6-2,ITF main draw,2020,linked,8548416,1579109400.0,"Rancho Santa Fe, Singles M-ITF-USA-02A",ITF Men,Round of 32,Agustin Velotti,3.0,2.0,1.0,0.0,1,false,finished,True
H09P:atp:2020/7851/ms053:K0AH,H09P,Brandon Holt,Indian Wells,CH,2020-03-02,R64,Sebastian,Korda,3-6 1-6,Challenger main draw,2020,linked,8597623,1583189100.0,"Indian Wells, USA",Challenger,Round of 64,Sebastian Korda,3.0,2.0,1.0,0.0,1,false,finished,True
H09P:atp:2020/8366/ms002:GK06,H09P,Brandon Holt,M15 Fayetteville,FU,2020-11-02,SF,Alexis,Galarneau,5-7 3-6,ITF main draw,2020,unobserved,,,,,,,,,,,,,,False
H09P:atp:2020/8366/ms005:K0A3,H09P,Brandon Holt,M15 Fayetteville,FU,2020-11-02,QF,Patrick,Kypson,7-6(5) 6-7(6) 6-1,ITF main draw,2020,unobserved,,,,,,,,,,,,,,False
H09P:atp:2020/8366/ms011:BO03,H09P,Brandon Holt,M15 Fayetteville,FU,2020-11-02,R16,Justin,Butsch,,ITF main draw,2020,unobserved,,,,,,,,,,,,,,False
H09P:atp:2020/8366/ms023:PH67,H09P,Brandon Holt,M15 Fayetteville,FU,2020-11-02,R32,Nathan,Ponwith,6-2 6-4,ITF main draw,2020,unobserved,,,,,,,,,,,,,,False
H09P:atp:2020/9152/ms025:S0K7,H09P,Brandon Holt,Orlando,CH,2020-11-16,R32,Zachary,Svajda,5-7 3-6,Challenger main draw,2020,linked,9172956,1605538800.0,"Orlando, USA",Challenger,Round of 32,Zachary Svajda,3.0,2.0,1.0,0.0,1,false,finished,True
H09P:atp:2021/8130/ms012:HB05,H09P,Brandon Holt,M25 Naples,FU,2021-02-15,R16,Christian,Harrison,2-6 3-6,ITF main draw,2021,linked,9350560,1613660400.0,"Naples, Fl, Singles M-ITF-USA-01A",ITF Men,Round of 16,Christian Harrison,3.0,2.0,1.0,0.0,1,false,finished,True
H09P:atp:2021/8130/ms025:AD49,H09P,Brandon Holt,M25 Naples,FU,2021-02-15,R32,Jordi,Arconada,6-4 6-4,ITF main draw,2021,linked,9346678,1613574000.0,"Naples, Fl, Singles M-ITF-USA-01A",ITF Men,Round of 32,Jordi Arconada,3.0,2.0,1.0,0.0,1,false,finished,True
H09P:atp:2021/7328/ms023:S0K7,H09P,Brandon Holt,M15 Monastir,FU,2021-04-26,R32,Zachary,Svajda,3-6 6-2 4-6,ITF main draw,2021,linked,9492407,1619604600.0,"Monastir, Singles M-ITF-TUN-17A",ITF Men,Round of 32,Zachary Svajda,3.0,2.0,1.0,0.0,2,false,finished,True
H09P:atp:2021/7356/ms010:P0B2,H09P,Brandon Holt,M15 Monastir,FU,2021-05-03,R16,Luca,Potenza,6-4 4-6 0-6,ITF main draw,2021,linked,9505451,1620299700.0,"Monastir, Singles M-ITF-TUN-18A",ITF Men,Round of 16,Luca Potenza,3.0,2.0,1.0,0.0,1,false,finished,True
H09P:atp:2021/7356/ms020:CH90,H09P,Brandon Holt,M15 Monastir,FU,2021-05-03,R32,Yun seong,Chung,6-3 6-3,ITF main draw,2021,linked,9503962,1620124200.0,"Monastir, Singles M-ITF-TUN-18A",ITF Men,Round of 32,Yun Seong Chung,3.0,2.0,1.0,0.0,2,false,finished,True
H09P:atp:2021/7381/ms014:RH59,H09P,Brandon Holt,M15 Monastir,FU,2021-05-10,R16,Santiago,Rodriguez Taverna,4-6 7-6(5) 3-6,ITF main draw,2021,linked,9515748,1620902400.0,"Monastir, Singles M-ITF-TUN-19A",ITF Men,Round of 16,Santiago Rodriguez Taverna,3.0,2.0,1.0,0.0,2,false,finished,True
H09P:atp:2021/7381/ms029:P0B2,H09P,Brandon Holt,M15 Monastir,FU,2021-05-10,R32,Luca,Potenza,6-1 3-6 6-2,ITF main draw,2021,linked,9514187,1620813600.0,"Monastir, Singles M-ITF-TUN-19A",ITF Men,Round of 32,Luca Potenza,3.0,2.0,1.0,0.0,2,false,finished,True
H09P:atp:2021/7383/ms018:P0B6,H09P,Brandon Holt,M15 Monastir,FU,2021-05-17,R32,Savva,Polukhin,6-1 1-6 4-6,ITF main draw,2021,unobserved,,,,,,,,,,,,,,False
H09P:atp:2022/8196/ms001:K0EM,H09P,Brandon Holt,M15 Cancun,FU,2022-01-17,F,Matt,Kuhar,6-0 6-3,ITF main draw,2022,unobserved,,,,,,,,,,,,,,False
H09P:atp:2022/8196/ms002:SX77,H09P,Brandon Holt,M15 Cancun,FU,2022-01-17,SF,Isaiah,Strode,7-6(5) 7-6(6),ITF main draw,2022,unobserved,,,,,,,,,,,,,,False
H09P:atp:2022/8196/ms005:K0CJ,H09P,Brandon Holt,M15 Cancun,FU,2022-01-17,QF,Sandro,Kopp,6-1 0-6 6-4,ITF main draw,2022,unobserved,,,,,,,,,,,,,,False
H09P:atp:2022/8196/ms010:SZ28,H09P,Brandon Holt,M15 Cancun,FU,2022-01-17,R16,Kyle,Seelig,5-7 6-3 6-2,ITF main draw,2022,unobserved,,,,,,,,,,,,,,False
H09P:atp:2022/8196/ms021:BU53,H09P,Brandon Holt,M15 Cancun,FU,2022-01-17,R32,Constantin,Bittoun Kouzmine,2-6 6-4 5-3,ITF main draw,2022,unobserved,,,,,,,,,,,,,,False
H09P:atp:2022/8209/ms001:PE42,H09P,Brandon Holt,M15 Cancun,FU,2022-01-24,F,Luis,Patino,6-0 6-3,ITF main draw,2022,linked,10103853,1643558400.0,"Mexico F2, Singles",ITF Men,Final,L. Patiño,1.0,2.0,0.0,0.0,1,false,finished,True
H09P:atp:2022/8209/ms003:RH79,H09P,Brandon Holt,M15 Cancun,FU,2022-01-24,SF,Emil,Reinberg,6-1 6-0,ITF main draw,2022,linked,10101905,1643468400.0,"Mexico F2, Singles",ITF Men,Semifinals,Emil Reinberg,3.0,2.0,0.0,0.0,1,false,finished,True
H09P:atp:2022/8209/ms007:GB41,H09P,Brandon Holt,M15 Cancun,FU,2022-01-24,QF,Juan Sebastian,Gomez,7-5 6-3,ITF main draw,2022,unobserved,,,,,,,,,,,,,,False
H09P:atp:2022/8209/ms015:SX77,H09P,Brandon Holt,M15 Cancun,FU,2022-01-24,R16,Isaiah,Strode,6-3 7-6(3),ITF main draw,2022,unobserved,,,,,,,,,,,,,,False
H09P:atp:2022/8209/ms031:BH02,H09P,Brandon Holt,M15 Cancun,FU,2022-01-24,R32,Sekou,Bangoura,6-4 3-6 6-4,ITF main draw,2022,unobserved,,,,,,,,,,,,,,False
H09P:atp:2022/8221/ms001:RH79,H09P,Brandon Holt,M15 Cancun,FU,2022-01-31,F,Emil,Reinberg,7-5 6-0,ITF main draw,2022,linked,10117495,1644177300.0,"Mexico F3, Singles",ITF Men,Final,Emil Reinberg,3.0,2.0,0.0,0.0,1,false,finished,True
H09P:atp:2022/8221/ms003:A0GC,H09P,Brandon Holt,M15 Cancun,FU,2022-01-31,SF,Terence,Atmane,6-4 6-4,ITF main draw,2022,linked,10115557,1644076800.0,"Mexico F3, Singles",ITF Men,Semifinals,Terence Atmane,3.0,2.0,0.0,0.0,1,false,finished,True
H09P:atp:2022/8221/ms007:BP44,H09P,Brandon Holt,M15 Cancun,FU,2022-01-31,QF,Gage,Brymer,6-3 6-1,ITF main draw,2022,linked,10112005,1644005700.0,"Mexico F3, Singles",ITF Men,Quarterfinals,Gage Brymer,3.0,2.0,0.0,0.0,1,false,finished,True
H09P:atp:2022/8221/ms014:Z09K,H09P,Brandon Holt,M15 Cancun,FU,2022-01-31,R16,Evan,Zhu,6-1 6-1,ITF main draw,2022,linked,10110232,1643913600.0,"Mexico F3, Singles",ITF Men,Round of 16,Evan Zhu,3.0,2.0,0.0,0.0,2,false,finished,True
H09P:atp:2022/8221/ms029:K0CJ,H09P,Brandon Holt,M15 Cancun,FU,2022-01-31,R32,Sandro,Kopp,2-6 6-2 6-3,ITF main draw,2022,linked,10107174,1643823600.0,"Mexico F3, Singles",ITF Men,Round of 32,Sandro Kopp,3.0,2.0,0.0,0.0,2,false,finished,True
H09P:atp:2022/7468/ms003:H0BH,H09P,Brandon Holt,M25 Santo Domingo,FU,2022-02-28,SF,Rinky,Hijikata,4-6 2-6,ITF main draw,2022,linked,10175960,1646488800.0,"Dominican Republic F2, Singles",ITF Men,Semifinals,Rinky Hijikata,3.0,2.0,0.0,0.0,1,false,finished,True
H09P:atp:2022/7468/ms006:K0AZ,H09P,Brandon Holt,M25 Santo Domingo,FU,2022-02-28,QF,Aleksandar,Kovacevic,4-6 6-4 6-3,ITF main draw,2022,linked,10173058,1646400000.0,"Dominican Republic F2, Singles",ITF Men,Quarterfinals,Aleksandar Kovačević,3.0,2.0,0.0,0.0,1,false,finished,True
H09P:atp:2022/7468/ms012:PF65,H09P,Brandon Holt,M25 Santo Domingo,FU,2022-02-28,R16,Filip,Peliwo,6-0 1-6 6-3,ITF main draw,2022,linked,10171344,1646320200.0,"Dominican Republic F2, Singles",ITF Men,Round of 16,Filip Peliwo,3.0,2.0,0.0,0.0,2,false,finished,True
H09P:atp:2022/7468/ms025:LA54,H09P,Brandon Holt,M25 Santo Domingo,FU,2022-02-28,R32,Wilson,Leite,6-0 6-3,ITF main draw,2022,linked,10163908,1646240400.0,"Dominican Republic F2, Singles",ITF Men,Round of 32,Wilson Leite,3.0,2.0,0.0,0.0,2,false,finished,True
H09P:atp:2022/404/qs032:MH30,H09P,Brandon Holt,ATP Masters 1000 Indian Wells,1000,2022-03-07,Q1,John,Millman,4-6 0-6,Tour qualifying,2022,linked,10181701,1646794800.0,"Indian Wells, USA, Qualifying",ATP,Qualification round 1,John Millman,3.0,2.0,1.0,0.0,absent,false,finished,False
H09P:atp:2022/8151/ms021:A0B6,H09P,Brandon Holt,"M25 Bakersfield, CA",FU,2022-03-14,R32,Jaimee Floyd,Angele,4-6 0-6,ITF main draw,2022,unobserved,,,,,,,,,,,,,,False
H09P:atp:2022/8162/ms017:CO07,H09P,Brandon Holt,"M25 Calabasas, CA",FU,2022-03-21,R32,Ezekiel,Clark,7-6(5) 1-6 6-7(4),ITF main draw,2022,unobserved,,,,,,,,,,,,,,False
H09P:atp:2022/59/ms023:RC04,H09P,Brandon Holt,Salinas,CH,2022-04-04,R32,Alexander,Ritschard,2-6 2-6,Challenger main draw,2022,unobserved,,,,,,,,,,,,,,False
H09P:atp:2022/59/qs011:HG90,H09P,Brandon Holt,Salinas,CH,2022-04-04,Q2,Conner,Huertas del Pino,4-6 6-3 6-2,Challenger qualifying,2022,unobserved,,,,,,,,,,,,,,False
H09P:atp:2022/59/qs022:C0L3,H09P,Brandon Holt,Salinas,CH,2022-04-04,Q1,Francisco,Castro,6-0 6-1,Challenger qualifying,2022,unobserved,,,,,,,,,,,,,,False
H09P:atp:2022/3839/ms019:M0FA,H09P,Brandon Holt,M25 Nottingham,FU,2022-04-11,R32,Anton,Matusevich,6-4 6-7(3) 2-6,ITF main draw,2022,unobserved,,,,,,,,,,,,,,False
H09P:atp:2022/9840/ms001:P0G6,H09P,Brandon Holt,M25 Nottingham,FU,2022-04-18,F,Henry,Patten,7-6(2) 7-5,ITF main draw,2022,linked,10270202,1650797100.0,"Nottingham, Singles M-ITF-GBR-06A",ITF Men,Final,Henry Patten,3.0,2.0,1.0,0.0,2,false,finished,True
H09P:atp:2022/9840/ms002:PF65,H09P,Brandon Holt,M25 Nottingham,FU,2022-04-18,SF,Filip,Peliwo,7-5 6-3,ITF main draw,2022,linked,10268934,1650704100.0,"Nottingham, Singles M-ITF-GBR-06A",ITF Men,Semifinals,Filip Peliwo,3.0,2.0,1.0,0.0,2,false,finished,True
H09P:atp:2022/9840/ms004:MI01,H09P,Brandon Holt,M25 Nottingham,FU,2022-04-18,QF,Hiroki,Moriya,6-0 4-1,ITF main draw,2022,unobserved,,,,,,,,,,,,,,False
H09P:atp:2022/9840/ms009:MG08,H09P,Brandon Holt,M25 Nottingham,FU,2022-04-18,R16,Yannick,Mertens,6-3 6-2,ITF main draw,2022,unobserved,,,,,,,,,,,,,,False
H09P:atp:2022/9840/ms019:H0DC,H09P,Brandon Holt,M25 Nottingham,FU,2022-04-18,R32,Giles,Hussey,6-3 6-0,ITF main draw,2022,unobserved,,,,,,,,,,,,,,False
H09P:atp:2022/8264/ms001:KJ00,H09P,Brandon Holt,M15 Cancun,FU,2022-05-23,F,Alex,Knaff,6-1 6-2,ITF main draw,2022,linked,10342849,1653832800.0,"Cancun, Singles M-ITF-MEX-08A",ITF Men,Final,Alex Knaff,3.0,2.0,1.0,0.0,2,false,finished,True
H09P:atp:2022/8264/ms002:B0I0,H09P,Brandon Holt,M15 Cancun,FU,2022-05-23,SF,Alexander,Bernard,6-3 6-1,ITF main draw,2022,linked,10341346,1653746400.0,"Cancun, Singles M-ITF-MEX-08A",ITF Men,Semifinals,Alexander Bernard,3.0,2.0,1.0,0.0,1,false,finished,True
H09P:atp:2022/8264/ms004:BK09,H09P,Brandon Holt,M15 Cancun,FU,2022-05-23,QF,Luis,Britto,6-3 6-2,ITF main draw,2022,linked,10338561,1653660000.0,"Cancun, Singles M-ITF-MEX-08A",ITF Men,Quarterfinals,Luis Britto,3.0,2.0,1.0,0.0,2,false,finished,True
H09P:atp:2022/8264/ms008:R835,H09P,Brandon Holt,M15 Cancun,FU,2022-05-23,R16,Cesar,Ramirez,7-6(1) 6-0,ITF main draw,2022,linked,10336654,1653584400.0,"Cancun, Singles M-ITF-MEX-08A",ITF Men,Round of 16,Cesar Ramirez,3.0,2.0,1.0,0.0,2,false,finished,True
H09P:atp:2022/8264/ms016:RH88,H09P,Brandon Holt,M15 Cancun,FU,2022-05-23,R32,Alan Fernando,Rubio Fierros,6-3 7-5,ITF main draw,2022,linked,10332583,1653486600.0,"Cancun, Singles M-ITF-MEX-08A",ITF Men,Round of 32,Alan Fernando Rubio Fierros,3.0,2.0,1.0,0.0,2,false,finished,True
H09P:atp:2022/9188/ms006:KB95,H09P,Brandon Holt,Little Rock,CH,2022-05-30,QF,Jason,Kubler,6-7(5) 3-6,Challenger main draw,2022,linked,10339242,1654288200.0,"Little Rock, USA",Challenger,Quarterfinals,Jason Kubler,3.0,2.0,1.0,0.0,absent,false,finished,False
H09P:atp:2022/9188/ms012:H0BH,H09P,Brandon Holt,Little Rock,CH,2022-05-30,R16,Rinky,Hijikata,6-2 3-6 6-2,Challenger main draw,2022,linked,10339234,1654268400.0,"Little Rock, USA",Challenger,Round of 16,Rinky Hijikata,3.0,2.0,1.0,0.0,absent,false,finished,False
H09P:atp:2022/9188/ms025:HB29,H09P,Brandon Holt,Little Rock,CH,2022-05-30,R32,Andrew,Harris,6-1 6-4,Challenger main draw,2022,linked,10343226,1654031100.0,"Little Rock, USA",Challenger,Round of 32,Andrew Harris,3.0,2.0,1.0,0.0,absent,false,finished,False
H09P:atp:2022/9152/ms008:W09G,H09P,Brandon Holt,Orlando,CH,2022-06-06,R16,J.J.,Wolf,5-7 6-3 3-6,Challenger main draw,2022,linked,10350913,1654705500.0,"Orlando, USA",Challenger,Round of 16,Jeffrey John Wolf,1.0,2.0,1.0,0.0,absent,false,finished,False
H09P:atp:2022/9152/ms017:KI48,H09P,Brandon Holt,Orlando,CH,2022-06-06,R32,Ergi,Kirkin,6-2 6-3,Challenger main draw,2022,linked,10358336,1654541100.0,"Orlando, USA",Challenger,Round of 32,Ergi Kirkin,3.0,2.0,1.0,0.0,absent,false,finished,False
H09P:atp:2022/530/ms001:S0K7,H09P,Brandon Holt,"M15 Los Angeles, CA",FU,2022-06-27,F,Zachary,Svajda,5-7 4-6,ITF main draw,2022,unobserved,,,,,,,,,,,,,,False
H09P:atp:2022/530/ms002:BP44,H09P,Brandon Holt,"M15 Los Angeles, CA",FU,2022-06-27,SF,Gage,Brymer,6-2 6-4,ITF main draw,2022,unobserved,,,,,,,,,,,,,,False
H09P:atp:2022/530/ms004:A0B6,H09P,Brandon Holt,"M15 Los Angeles, CA",FU,2022-06-27,QF,Jaimee Floyd,Angele,6-0 6-7(10),ITF main draw,2022,unobserved,,,,,,,,,,,,,,False
H09P:atp:2022/530/ms008:V0DP,H09P,Brandon Holt,"M15 Los Angeles, CA",FU,2022-06-27,R16,Adolfo Daniel,Vallejo,6-2 6-1,ITF main draw,2022,linked,10422628,1656617400.0,"Usa F19, Singles",ITF Men,Round of 16,Adolfo Daniel Vallejo,3.0,2.0,0.0,0.0,1,false,finished,True
H09P:atp:2022/530/ms016:N762,H09P,Brandon Holt,"M15 Los Angeles, CA",FU,2022-06-27,R32,Eduardo,Nava,6-4 6-0,ITF main draw,2022,linked,10420148,1656464400.0,"Usa F19, Singles",ITF Men,Round of 32,Eduardo Nava,3.0,2.0,0.0,0.0,2,false,finished,True
H09P:atp:2022/315/qs005:BI23,H09P,Brandon Holt,Newport,250,2022-07-11,Q2,Liam,Broady,1-6 3-6,Tour qualifying,2022,unobserved,,,,,,,,,,,,,,False
H09P:atp:2022/315/qs011:BO10,H09P,Brandon Holt,Newport,250,2022-07-11,Q1,Gijs,Brouwer,4-6 6-3 7-5,Tour qualifying,2022,unobserved,,,,,,,,,,,,,,False
H09P:atp:2022/2783/ms022:S0RE,H09P,Brandon Holt,Indianapolis,CH,2022-07-18,R32,Juncheng,Shang,6-4 6-7(1) 3-6,Challenger main draw,2022,unobserved,,,,,,,,,,,,,,False
H09P:atp:2022/2783/qs010:D0DP,H09P,Brandon Holt,Indianapolis,CH,2022-07-18,Q2,Liam,Draxl,3-6 7-6(4) 6-3,Challenger qualifying,2022,unobserved,,,,,,,,,,,,,,False
H09P:atp:2022/2783/qs020:B0D6,H09P,Brandon Holt,Indianapolis,CH,2022-07-18,Q1,Taha,Baadi,6-7(3) 6-2 6-4,Challenger qualifying,2022,unobserved,,,,,,,,,,,,,,False
H09P:atp:2022/7542/ms019:W857,H09P,Brandon Holt,Winnipeg,CH,2022-07-25,R32,Tung-Lin,Wu,2-6 7-6(3) 3-6,Challenger main draw,2022,unobserved,,,,,,,,,,,,,,False
H09P:atp:2022/586/ms013:N0AL,H09P,Brandon Holt,Lexington,CH,2022-08-01,R16,Govind,Nanda,7-6(1) 4-6 2-6,Challenger main draw,2022,linked,10524325,1659535200.0,"Lexington, USA",Challenger,Round of 16,Govind Nanda,3.0,2.0,1.0,0.0,absent,false,finished,False
H09P:atp:2022/586/ms026:SZ28,H09P,Brandon Holt,Lexington,CH,2022-08-01,R32,Kyle,Seelig,6-4 7-6(5),Challenger main draw,2022,unobserved,,,,,,,,,,,,,,False
H09P:atp:2022/2797/ms014:BI23,H09P,Brandon Holt,Chicago,CH,2022-08-08,R16,Liam,Broady,4-6 6-4 4-6,Challenger main draw,2022,linked,10551169,1660236600.0,"Chicago, USA",Challenger,Round of 16,Liam Broady,3.0,2.0,1.0,0.0,absent,false,finished,False
H09P:atp:2022/2797/ms029:RC04,H09P,Brandon Holt,Chicago,CH,2022-08-08,R32,Alexander,Ritschard,4-6 6-2 6-2,Challenger main draw,2022,linked,10557852,1660159500.0,"Chicago, USA",Challenger,Round of 32,Alexander Ritschard,3.0,2.0,1.0,0.0,absent,false,finished,False
H09P:atp:2022/2797/qs009:D0D4,H09P,Brandon Holt,Chicago,CH,2022-08-08,Q2,Stefan,Dostanic,6-3 6-4,Challenger qualifying,2022,linked,10554026,1659999000.0,"Chicago, USA",Challenger,absent,Stefan Dostanić,3.0,0.0,1.0,0.0,absent,false,finished,False
H09P:atp:2022/2797/qs019:M0NP,H09P,Brandon Holt,Chicago,CH,2022-08-08,Q1,Andres,Martin,6-4 6-3,Challenger qualifying,2022,linked,10552430,1659902400.0,"Chicago, USA",Challenger,Qualification round 1,Andres Martin,3.0,2.0,1.0,0.0,absent,false,finished,False
H09P:atp:2022/560/ms044:CG04,H09P,Brandon Holt,US Open,GS,2022-08-29,R64,Pedro,Cachin,6-1 6-2 1-6 6-7(1) 6-7(6),Tour main draw,2022,linked,10623924,1661958000.0,"US Open, New York, USA",ATP,Round of 64,Pedro Cachin,3.0,2.0,0.0,0.0,1,false,finished,True
H09P:atp:2022/560/ms088:FB98,H09P,Brandon Holt,US Open,GS,2022-08-29,R128,Taylor,Fritz,6-7(3) 7-6(1) 6-3 6-4,Tour main draw,2022,linked,10639078,1661812800.0,"US Open, New York, USA",ATP,Round of 128,Taylor Fritz,3.0,2.0,0.0,0.0,2,false,finished,True
H09P:atp:2022/560/qs029:KC33,H09P,Brandon Holt,US Open,GS,2022-08-29,Q3,Dimitar,Kuzmanov,6-4 3-6 6-3,Tour qualifying,2022,linked,10635439,1661526000.0,"US Open, New York, USA, Qualifying",ATP,absent,Dimitar Kuzmanov,3.0,1.0,0.0,0.0,1,false,finished,True
H09P:atp:2022/560/qs058:GA36,H09P,Brandon Holt,US Open,GS,2022-08-29,Q2,Emilio,Gomez,2-6 6-3 6-2,Tour qualifying,2022,linked,10622506,1661439600.0,"US Open, New York, USA, Qualifying",ATP,Qualification round 2,Emilio Gomez,3.0,2.0,0.0,0.0,2,false,finished,True
H09P:atp:2022/560/qs117:MP20,H09P,Brandon Holt,US Open,GS,2022-08-29,Q1,Alexandre,Muller,3-6 6-4 7-6(5),Tour qualifying,2022,linked,10618335,1661273400.0,"US Open, New York, USA, Qualifying",ATP,Qualification round 1,Alexandre Muller,3.0,2.0,0.0,0.0,2,false,finished,True
H09P:atp:2022/9569/ms018:LB66,H09P,Brandon Holt,San Diego,250,2022-09-19,R32,Constant,Lestienne,7-5 6-7(5) 3-6,Tour main draw,2022,linked,10691991,1663641600.0,"San Diego, USA",ATP,Round of 32,Constant Lestienne,3.0,2.0,1.0,0.0,2,false,finished,True
H09P:atp:2022/1768/ms016:KB09,H09P,Brandon Holt,Tiburon,CH,2022-10-03,R32,Denis,Kudla,4-6 1-2,Challenger main draw,2022,linked,10731304,1664928000.0,"Tiburon, USA",Challenger,Round of 32,Denis Kudla,3.0,2.0,1.0,0.0,absent,false,finished,False
H09P:atp:2022/7345/ms005:SL08,H09P,Brandon Holt,Las Vegas,CH,2022-10-24,QF,Tennys,Sandgren,7-6(7) 2-6 3-6,Challenger main draw,2022,unobserved,,,,,,,,,,,,,,False
H09P:atp:2022/7345/ms011:K0AZ,H09P,Brandon Holt,Las Vegas,CH,2022-10-24,R16,Aleksandar,Kovacevic,7-6(1) 7-5,Challenger main draw,2022,linked,10827327,1666805400.0,"Las Vegas, USA",Challenger,Round of 16,Aleksandar Kovačević,3.0,2.0,1.0,0.0,absent,false,finished,False
H09P:atp:2022/7345/ms022:V0BO,H09P,Brandon Holt,Las Vegas,CH,2022-10-24,R32,Maxim,Verboven,6-2 6-2,Challenger main draw,2022,linked,10834960,1666645500.0,"Las Vegas, USA",Challenger,Round of 32,Maxim Verboven,3.0,2.0,1.0,0.0,absent,false,finished,False
H09P:atp:2022/6055/ms012:S0S1,H09P,Brandon Holt,Charlottesville,CH,2022-10-31,R16,Ben,Shelton,3-6 4-6,Challenger main draw,2022,unobserved,,,,,,,,,,,,,,False
H09P:atp:2022/6055/ms025:SL08,H09P,Brandon Holt,Charlottesville,CH,2022-10-31,R32,Tennys,Sandgren,6-1 3-6 6-2,Challenger main draw,2022,unobserved,,,,,,,,,,,,,,False
H09P:atp:2022/9128/ms028:K0HC,H09P,Brandon Holt,Calgary,CH,2022-11-07,R32,Maks,Kasnikowski,4-6 6-3 5-7,Challenger main draw,2022,unobserved,,,,,,,,,,,,,,False
H09P:atp:2023/7393/qs016:MP20,H09P,Brandon Holt,Canberra,CH,2023-01-02,Q1,Alexandre,Muller,7-6(6) 3-6 6-7(3),Challenger qualifying,2023,unobserved,,,,,,,,,,,,,,False
H09P:atp:2023/580/ms061:BD06,H09P,Brandon Holt,Australian Open,GS,2023-01-16,R64,Roberto,Bautista Agut,6-4 6-2 3-6 2-6 2-6,Tour main draw,2023,unobserved,,,,,,,,,,,,,,False
H09P:atp:2023/580/ms122:V832,H09P,Brandon Holt,Australian Open,GS,2023-01-16,R128,Aleksandar,Vukic,6-4 1-6 6-3 3-6 6-3,Tour main draw,2023,unobserved,,,,,,,,,,,,,,False
H09P:atp:2023/580/qs018:TA29,H09P,Brandon Holt,Australian Open,GS,2023-01-16,Q3,Marco,Trungelliti,6-3 6-0,Tour qualifying,2023,unobserved,,,,,,,,,,,,,,False
H09P:atp:2023/580/qs036:E698,H09P,Brandon Holt,Australian Open,GS,2023-01-16,Q2,Gastao,Elias,6-2 7-6(5),Tour qualifying,2023,unobserved,,,,,,,,,,,,,,False
H09P:atp:2023/580/qs072:A829,H09P,Brandon Holt,Australian Open,GS,2023-01-16,Q1,Radu,Albot,5-7 6-3 6-4,Tour qualifying,2023,unobserved,,,,,,,,,,,,,,False
H09P:atp:2023/9154/ms012:SL08,H09P,Brandon Holt,Cleveland,CH,2023-01-30,R16,Tennys,Sandgren,3-6 6-4 2-6,Challenger main draw,2023,unobserved,,,,,,,,,,,,,,False
H09P:atp:2023/9154/ms024:PL39,H09P,Brandon Holt,Cleveland,CH,2023-01-30,R32,Alfredo,Perez,6-4 6-2,Challenger main draw,2023,unobserved,,,,,,,,,,,,,,False
H09P:atp:2023/424/ms028:W09G,H09P,Brandon Holt,Dallas,250,2023-02-06,R32,J.J.,Wolf,3-6 3-6,Tour main draw,2023,linked,11045623,1675808700.0,"Dallas, USA",ATP,Round of 32,Jeffrey John Wolf,1.0,2.0,1.0,0.0,2,false,finished,True
H09P:atp:2023/424/qs007:D0F6,H09P,Brandon Holt,Dallas,250,2023-02-06,Q2,Gabriel,Diallo,7-6(8) 7-6(5),Tour qualifying,2023,linked,11044302,1675712100.0,"Dallas, USA, Qualifying",ATP,Qualification round 1,Gabriel Diallo,3.0,1.0,1.0,0.0,absent,false,finished,False
H09P:atp:2023/424/qs014:CF10,H09P,Brandon Holt,Dallas,250,2023-02-06,Q1,Nick,Chappell,6-3 6-2,Tour qualifying,2023,linked,11041050,1675638600.0,"Dallas, USA, Qualifying",ATP,Qualification round 1,Nick Chappell,3.0,2.0,1.0,0.0,absent,false,finished,False
H09P:atp:2023/499/qs015:W857,H09P,Brandon Holt,Delray Beach,250,2023-02-13,Q1,Tung-Lin,Wu,4-6 6-3 5-7,Tour qualifying,2023,linked,11054621,1676127600.0,"Delray Beach, USA, Qualifying",ATP,Qualification round 1,Tung-Lin Wu,3.0,2.0,1.0,0.0,absent,false,finished,False
H09P:atp:2023/7351/ms027:AE14,H09P,Brandon Holt,Monterrey,CH,2023-02-20,R32,Daniel,Altmaier,6-7(4) 3-6,Challenger main draw,2023,linked,11071954,1676930400.0,"Monterrey, Mexico",Challenger,Round of 32,Daniel Altmaier,3.0,2.0,1.0,0.0,absent,false,finished,False
H09P:atp:2023/807/qs004:DA81,H09P,Brandon Holt,Acapulco,500,2023-02-27,Q2,Taro,Daniel,6-4 4-6 0-6,Tour qualifying,2023,linked,11087346,1677452400.0,"Acapulco, Mexico, Qualifying",ATP,Qualification round 1,Taro Daniel,3.0,1.0,1.0,0.0,absent,false,finished,False
H09P:atp:2023/807/qs009:E873,H09P,Brandon Holt,Acapulco,500,2023-02-27,Q1,Ernesto,Escobedo,6-4 6-7(5) 6-2,Tour qualifying,2023,linked,11084996,1677372000.0,"Acapulco, Mexico, Qualifying",ATP,Qualification round 1,Ernesto Escobedo,3.0,2.0,1.0,0.0,absent,false,finished,False
H09P:atp:2023/404/ms065:KD46,H09P,Brandon Holt,ATP Masters 1000 Indian Wells,1000,2023-03-06,R128,Thanasi,Kokkinakis,4-6 1-6,Tour main draw,2023,linked,11113804,1678392900.0,"Indian Wells, USA",ATP,Round of 128,Thanasi Kokkinakis,3.0,2.0,1.0,0.0,2,false,finished,True
H09P:atp:2023/403/qs033:GH92,H09P,Brandon Holt,ATP Masters 1000 Miami,1000,2023-03-20,Q1,Borna,Gojo,7-6(4) 6-7(5) 6-7(3),Tour qualifying,2023,linked,11143739,1679350500.0,"Miami, USA, Qualifying",ATP,Qualification round 1,Borna Gojo,3.0,2.0,1.0,0.0,absent,false,finished,False
H09P:atp:2023/717/qs005:M0FH,H09P,Brandon Holt,Houston,250,2023-04-03,Q2,Tomas,Machac,2-6 4-6,Tour qualifying,2023,linked,11184541,1680456600.0,"Houston, USA, Qualifying",ATP,Qualification round 1,Tomáš Macháč,3.0,1.0,1.0,0.0,absent,false,finished,False
H09P:atp:2023/717/qs010:H0BH,H09P,Brandon Holt,Houston,250,2023-04-03,Q1,Rinky,Hijikata,6-7(4) 6-3 6-2,Tour qualifying,2023,linked,11181839,1680378000.0,"Houston, USA, Qualifying",ATP,Qualification round 1,Rinky Hijikata,3.0,2.0,1.0,0.0,absent,false,finished,False
H09P:atp:2023/7288/ms025:D864,H09P,Brandon Holt,Seoul,CH,2023-04-24,R32,Evgeny,Donskoy,6-4 4-6 2-6,Challenger main draw,2023,linked,11230066,1682323500.0,"Seoul, Korea Republic",Challenger,Round of 32,Evgeny Donskoy,3.0,2.0,1.0,0.0,absent,false,finished,False
H09P:atp:2023/7490/ms015:E865,H09P,Brandon Holt,Gwangju,CH,2023-05-01,R16,Christopher,Eubanks,2-6 1-6,Challenger main draw,2023,linked,11238474,1683077400.0,"Gwangju, South Korea",Challenger,Round of 16,Christopher Eubanks,3.0,2.0,1.0,0.0,absent,false,finished,False
H09P:atp:2023/7490/ms030:I306,H09P,Brandon Holt,Gwangju,CH,2023-05-01,R32,Cem,Ilkel,3-6 6-0 6-1,Challenger main draw,2023,linked,11248478,1682915400.0,"Gwangju, South Korea",Challenger,Round of 32,Cem Ilkel,3.0,2.0,1.0,0.0,absent,false,finished,False
H09P:atp:2023/1741/ms003:V832,H09P,Brandon Holt,Busan,CH,2023-05-08,SF,Aleksandar,Vukic,6-7(4) 1-6,Challenger main draw,2023,unobserved,,,,,,,,,,,,,,False
H09P:atp:2023/1741/ms006:TC01,H09P,Brandon Holt,Busan,CH,2023-05-08,QF,Li,Tu,6-4 6-4,Challenger main draw,2023,unobserved,,,,,,,,,,,,,,False
H09P:atp:2023/1741/ms013:SM09,H09P,Brandon Holt,Busan,CH,2023-05-08,R16,Luke,Saville,6-3 6-3,Challenger main draw,2023,linked,11254578,1683684000.0,"Busan, South Korea",Challenger,Round of 16,Luke Saville,3.0,2.0,1.0,0.0,absent,false,finished,False
H09P:atp:2023/1741/ms027:GA36,H09P,Brandon Holt,Busan,CH,2023-05-08,R32,Emilio,Gomez,6-2 6-2,Challenger main draw,2023,linked,11263146,1683597600.0,"Busan, South Korea",Challenger,Round of 32,Emilio Gomez,3.0,2.0,1.0,0.0,absent,false,finished,False
H09P:atp:2023/520/qs127:R09X,H09P,Brandon Holt,Roland Garros,GS,2023-05-29,Q1,Jurij,Rodionov,6-7(2) 4-6,Tour qualifying,2023,unobserved,,,,,,,,,,,,,,False
H09P:atp:2023/540/qs078:BU13,H09P,Brandon Holt,Wimbledon,GS,2023-07-03,Q1,Zizou,Bergs,2-6 3-6,Tour qualifying,2023,unobserved,,,,,,,,,,,,,,False
H09P:atp:2023/418/qs013:S0K7,H09P,Brandon Holt,Washington,500,2023-07-31,Q2,Zachary,Svajda,6-7(3) 0-3,Tour qualifying,2023,unobserved,,,,,,,,,,,,,,False
H09P:atp:2023/418/qs026:F0CK,H09P,Brandon Holt,Washington,500,2023-07-31,Q1,Andrew,Fenty,7-5 6-3,Tour qualifying,2023,unobserved,,,,,,,,,,,,,,False
H09P:atp:2023/422/qs018:F0F1,H09P,Brandon Holt,ATP Masters 1000 Cincinnati,1000,2023-08-14,Q1,Arthur,Fils,1-6 1-6,Tour qualifying,2023,unobserved,,,,,,,,,,,,,,False
H09P:atp:2023/560/qs060:T0A1,H09P,Brandon Holt,US Open,GS,2023-08-28,Q2,Thiago Agustin,Tirante,6-7(4) 3-6,Tour qualifying,2023,unobserved,,,,,,,,,,,,,,False
H09P:atp:2023/560/qs121:RC04,H09P,Brandon Holt,US Open,GS,2023-08-28,Q1,Alexander,Ritschard,6-1 6-4,Tour qualifying,2023,unobserved,,,,,,,,,,,,,,False
H09P:atp:2023/2803/ms013:S0NV,H09P,Brandon Holt,Charleston,CH,2023-09-25,R16,Abdullah,Shelbayh,5-7 5-7,Challenger main draw,2023,unobserved,,,,,,,,,,,,,,False
H09P:atp:2023/2803/ms027:PD07,H09P,Brandon Holt,Charleston,CH,2023-09-25,R32,Vasek,Pospisil,6-1 6-3,Challenger main draw,2023,unobserved,,,,,,,,,,,,,,False
H09P:atp:2023/1768/qs016:K0DB,H09P,Brandon Holt,Tiburon,CH,2023-10-02,Q1,Cannon,Kingsley,6-3 1-6 3-6,Challenger qualifying,2023,linked,11699819,1696202700.0,"Tiburon, USA, Qualifying",Challenger,Qualification round 1,Cannon Kingsley,3.0,2.0,1.0,0.0,absent,false,finished,False
H09P:atp:2023/7339/ms006:S0K7,H09P,Brandon Holt,Fairfield,CH,2023-10-09,QF,Zachary,Svajda,4-6 2-6,Challenger main draw,2023,linked,11706278,1697216400.0,"Fairfield, USA",Challenger,Quarterfinals,Zachary Svajda,3.0,2.0,1.0,0.0,absent,false,finished,False
H09P:atp:2023/7339/ms012:LI10,H09P,Brandon Holt,Fairfield,CH,2023-10-09,R16,Christian,Langmo,6-3 5-7 7-6(3),Challenger main draw,2023,linked,11706286,1697043600.0,"Fairfield, USA",Challenger,Round of 16,Christian Langmo,3.0,2.0,1.0,0.0,absent,false,finished,False
H09P:atp:2023/7339/ms024:GK06,H09P,Brandon Holt,Fairfield,CH,2023-10-09,R32,Alexis,Galarneau,7-6(9) 6-0,Challenger main draw,2023,linked,11723127,1696966200.0,"Fairfield, USA",Challenger,Round of 32,Alexis Galarneau,3.0,2.0,1.0,0.0,absent,false,finished,False
H09P:atp:2023/6055/ms007:K0A3,H09P,Brandon Holt,Charlottesville,CH,2023-10-30,QF,Patrick,Kypson,1-6 4-6,Challenger main draw,2023,linked,11774094,1699027200.0,"Charlottesville, USA",Challenger,Quarterfinals,Patrick Kypson,3.0,2.0,1.0,0.0,absent,false,finished,False
H09P:atp:2023/6055/ms015:K0DB,H09P,Brandon Holt,Charlottesville,CH,2023-10-30,R16,Cannon,Kingsley,6-4 6-4,Challenger main draw,2023,linked,11774091,1698867600.0,"Charlottesville, USA",Challenger,Round of 16,Cannon Kingsley,3.0,2.0,1.0,0.0,absent,false,finished,False
H09P:atp:2023/6055/ms030:GA36,H09P,Brandon Holt,Charlottesville,CH,2023-10-30,R32,Emilio,Gomez,6-2 6-2,Challenger main draw,2023,linked,11782593,1698694800.0,"Charlottesville, USA",Challenger,Round of 32,Emilio Gomez,3.0,2.0,1.0,0.0,absent,false,finished,False
H09P:atp:2023/363/ms015:SL08,H09P,Brandon Holt,Knoxville,CH,2023-11-06,R16,Tennys,Sandgren,3-6 5-7,Challenger main draw,2023,linked,11785786,1699473300.0,"Knoxville, USA",Challenger,Round of 16,Tennys Sandgren,3.0,2.0,1.0,0.0,absent,false,finished,False
H09P:atp:2023/363/ms031:K0AZ,H09P,Brandon Holt,Knoxville,CH,2023-11-06,R32,Aleksandar,Kovacevic,6-4 3-6 7-6(1),Challenger main draw,2023,linked,11805325,1699309800.0,"Knoxville, USA",Challenger,Round of 32,Aleksandar Kovačević,3.0,2.0,1.0,0.0,absent,false,finished,False
H09P:atp:2023/637/ms013:D0DW,H09P,Brandon Holt,Champaign,CH,2023-11-13,R16,Titouan,Droguet,4-6 3-6,Challenger main draw,2023,linked,11815760,1700160300.0,"Champaign, USA",Challenger,Round of 16,Titouan Droguet,3.0,2.0,1.0,0.0,absent,false,finished,False
H09P:atp:2023/637/ms026:M0NL,H09P,Brandon Holt,Champaign,CH,2023-11-13,R32,Inaki,Montes-De La Torre,5-7 6-0 6-1,Challenger main draw,2023,linked,11827675,1699983000.0,"Champaign, USA",Challenger,Round of 32,Inaki Montes-de la Torre,3.0,2.0,1.0,0.0,absent,false,finished,False
H09P:atp:2024/2791/ms007:H09F,H09P,Brandon Holt,Nonthaburi 1,CH,2024-01-01,QF,Yu Hsiou,Hsu,1-6 4-6,Challenger main draw,2024,linked,11926306,1704339000.0,"Nonthaburi, Thailand",Challenger,Quarterfinals,Yu Hsiou Hsu,3.0,2.0,1.0,0.0,1,false,finished,True
H09P:atp:2024/2791/ms015:KH56,H09P,Brandon Holt,Nonthaburi 1,CH,2024-01-01,R16,Zdenek,Kolar,7-6(4) 6-2,Challenger main draw,2024,linked,11926305,1704250800.0,"Nonthaburi, Thailand",Challenger,Round of 16,Zdenek Kolar,3.0,2.0,1.0,0.0,1,false,finished,True
H09P:atp:2024/2791/ms030:T09X,H09P,Brandon Holt,Nonthaburi 1,CH,2024-01-01,R32,Clement,Tabur,6-4 6-3,Challenger main draw,2024,linked,11930089,1704092700.0,"Nonthaburi, Thailand",Challenger,Round of 32,Clement Tabur,3.0,2.0,1.0,0.0,1,false,finished,True
H09P:atp:2024/2795/ms007:GH33,H09P,Brandon Holt,Nonthaburi 2,CH,2024-01-08,QF,Manuel,Guinard,5-7 2-6,Challenger main draw,2024,linked,11937973,1704954000.0,"Nonthaburi 2, Thailand",Challenger,Quarterfinals,Manuel Guinard,3.0,2.0,1.0,0.0,1,false,finished,True
H09P:atp:2024/2795/ms014:FC49,H09P,Brandon Holt,Nonthaburi 2,CH,2024-01-08,R16,Giovanni,Fonio,7-6(8) 6-1,Challenger main draw,2024,linked,11937970,1704855600.0,"Nonthaburi 2, Thailand",Challenger,Round of 16,Giovanni Fonio,3.0,2.0,1.0,0.0,2,false,finished,True
H09P:atp:2024/2795/ms028:HC21,H09P,Brandon Holt,Nonthaburi 2,CH,2024-01-08,R32,Seongchan,Hong,6-2 6-2,Challenger main draw,2024,linked,11946657,1704769200.0,"Nonthaburi 2, Thailand",Challenger,Round of 32,Seong-Chan Hong,1.0,2.0,1.0,0.0,2,false,finished,True
H09P:atp:2024/2903/ms001:KC12,H09P,Brandon Holt,Indian Wells 1,CH,2024-01-15,F,Mitchell,Krueger,6-4 3-6 4-6,Challenger main draw,2024,unobserved,,,,,,,,,,,,,,False
H09P:atp:2024/2903/ms003:KD35,H09P,Brandon Holt,Indian Wells 1,CH,2024-01-15,SF,Thai-Son,Kwiatkowski,6-2 5-7 7-6(3),Challenger main draw,2024,linked,11961203,1705773600.0,"Indian Wells, USA",Challenger,Semifinals,Thai-Son Kwiatkowski,3.0,2.0,1.0,0.0,1,false,finished,True
H09P:atp:2024/2903/ms006:CL82,H09P,Brandon Holt,Indian Wells 1,CH,2024-01-15,QF,Daniel,Cukierman,6-2 3-6 6-0,Challenger main draw,2024,linked,11961205,1705687200.0,"Indian Wells, USA",Challenger,Quarterfinals,Daniel Cukierman,3.0,2.0,1.0,0.0,1,false,finished,True
H09P:atp:2024/2903/ms013:KG27,H09P,Brandon Holt,Indian Wells 1,CH,2024-01-15,R16,Strong,Kirchheimer,6-3 6-3,Challenger main draw,2024,linked,11961198,1705514400.0,"Indian Wells, USA",Challenger,Round of 16,Strong Kirchheimer,3.0,2.0,1.0,0.0,1,false,finished,True
H09P:atp:2024/2903/ms027:B0I5,H09P,Brandon Holt,Indian Wells 1,CH,2024-01-15,R32,Blaise,Bicknell,6-2 5-7 6-2,Challenger main draw,2024,linked,11971946,1705428000.0,"Indian Wells, USA",Challenger,Round of 32,Blaise Bicknell,3.0,2.0,1.0,0.0,2,false,finished,True
H09P:atp:2024/2905/ms006:B0I5,H09P,Brandon Holt,Indian Wells 2,CH,2024-01-22,QF,Blaise,Bicknell,3-6 2-2,Challenger main draw,2024,unobserved,,,,,,,,,,,,,,False
H09P:atp:2024/2905/ms013:K0HN,H09P,Brandon Holt,Indian Wells 2,CH,2024-01-22,R16,Bruno,Kuzuhara,6-3 6-1,Challenger main draw,2024,unobserved,,,,,,,,,,,,,,False
H09P:atp:2024/2905/ms027:S0DL,H09P,Brandon Holt,Indian Wells 2,CH,2024-01-22,R32,Ryan,Seggerman,6-3 6-4,Challenger main draw,2024,unobserved,,,,,,,,,,,,,,False
H09P:atp:2024/424/qs015:ME89,H09P,Brandon Holt,Dallas,250,2024-02-05,Q1,Illya,Marchenko,6-7(3) 7-6(4) 6-7(1),Tour qualifying,2024,unobserved,,,,,,,,,,,,,,False
H09P:atp:2024/499/qs010:KD46,H09P,Brandon Holt,Delray Beach,250,2024-02-12,Q1,Thanasi,Kokkinakis,4-6 3-6,Tour qualifying,2024,unobserved,,,,,,,,,,,,,,False
H09P:atp:2024/7480/ms029:K0AZ,H09P,Brandon Holt,Los Cabos,250,2024-02-19,R32,Aleksandar,Kovacevic,1-6 4-6,Tour main draw,2024,unobserved,,,,,,,,,,,,,,False
H09P:atp:2024/7480/qs006:WB08,H09P,Brandon Holt,Los Cabos,250,2024-02-19,Q2,Yosuke,Watanuki,6-4 6-3,Tour qualifying,2024,unobserved,,,,,,,,,,,,,,False
H09P:atp:2024/7480/qs013:A0GC,H09P,Brandon Holt,Los Cabos,250,2024-02-19,Q1,Terence,Atmane,6-4 6-4,Tour qualifying,2024,unobserved,,,,,,,,,,,,,,False
H09P:atp:2024/807/qs008:C0E9,H09P,Brandon Holt,Acapulco,500,2024-02-26,Q1,Flavio,Cobolli,3-6 6-0 5-7,Tour qualifying,2024,linked,12097134,1708815600.0,"Acapulco, Mexico, Qualifying",ATP,Round of 16,Flavio Cobolli,3.0,1.0,1.0,0.0,1,false,finished,True
H09P:atp:2024/4573/ms001:L0ER,H09P,Brandon Holt,"M25 Bakersfield, CA",FU,2024-03-11,F,Timo,Legout,6-4 6-4,ITF main draw,2024,linked,12166828,1710705300.0,"Bakersfield, Singles Main, M-ITF-USA-06A",ITF Men,Final,Timo Legout,3.0,2.0,1.0,0.0,2,false,finished,True
H09P:atp:2024/4573/ms003:E873,H09P,Brandon Holt,"M25 Bakersfield, CA",FU,2024-03-11,SF,Ernesto,Escobedo,6-2 6-2,ITF main draw,2024,linked,12164637,1710631200.0,"Bakersfield, Singles Main, M-ITF-USA-06A",ITF Men,Semifinals,Ernesto Escobedo,3.0,2.0,1.0,0.0,1,false,finished,True
H09P:atp:2024/4573/ms006:S0TB,H09P,Brandon Holt,"M25 Bakersfield, CA",FU,2024-03-11,QF,Elijah,Strode,6-4 6-4,ITF main draw,2024,linked,12162112,1710550800.0,"Bakersfield, Singles Main, M-ITF-USA-06A",ITF Men,Quarterfinals,Elijah Strode,3.0,2.0,1.0,0.0,2,false,finished,True
H09P:atp:2024/4573/ms013:C0HT,H09P,Brandon Holt,"M25 Bakersfield, CA",FU,2024-03-11,R16,Murphy,Cassone,6-3 5-7 7-6(4),ITF main draw,2024,linked,12152426,1710457500.0,"Bakersfield, Singles Main, M-ITF-USA-06A",ITF Men,Round of 16,Murphy Cassone,3.0,2.0,1.0,0.0,1,false,finished,True
H09P:atp:2024/4573/ms027:SY31,H09P,Brandon Holt,"M25 Bakersfield, CA",FU,2024-03-11,R32,Ryan James,Storrie,6-4 6-2,ITF main draw,2024,linked,12155644,1710362400.0,"Bakersfield, Singles Main, M-ITF-USA-06A",ITF Men,Round of 32,Ryan James Storrie,3.0,2.0,1.0,0.0,2,false,finished,True
H09P:atp:2024/4592/ms006:B0NN,H09P,Brandon Holt,"M25 Calabasas, CA",FU,2024-03-18,QF,Nishesh,Basavareddy,1-6 3-6,ITF main draw,2024,linked,12182028,1711138800.0,"Calabasas, Singles Main, M-ITF-USA-07A",ITF Men,Quarterfinals,Nishesh Basavareddy,3.0,2.0,1.0,0.0,1,false,finished,True
H09P:atp:2024/4592/ms013:A0I1,H09P,Brandon Holt,"M25 Calabasas, CA",FU,2024-03-18,R16,Bor,Artnak,6-2 4-6 6-4,ITF main draw,2024,linked,12177971,1711051800.0,"Calabasas, Singles Main, M-ITF-USA-07A",ITF Men,Round of 16,Bor Artnak,3.0,2.0,1.0,0.0,2,false,finished,True
H09P:atp:2024/4592/ms027:MW03,H09P,Brandon Holt,"M25 Calabasas, CA",FU,2024-03-18,R32,Stefan,Menichella,7-5 6-4,ITF main draw,2024,linked,12175297,1710953400.0,"Calabasas, Singles Main, M-ITF-USA-07A",ITF Men,Round of 32,Stefan Menichella,3.0,2.0,1.0,0.0,1,false,finished,True
H09P:atp:2024/717/qs005:K0A3,H09P,Brandon Holt,Houston,250,2024-04-01,Q2,Patrick,Kypson,1-4,Tour qualifying,2024,linked,12210412,1711908300.0,"Houston, USA, Qualifying",ATP,absent,Patrick Kypson,3.0,1.0,1.0,0.0,2,false,finished,True
H09P:atp:2024/717/qs011:D0DT,H09P,Brandon Holt,Houston,250,2024-04-01,Q1,Martin,Damm,7-5 1-6 6-2,Tour qualifying,2024,linked,12206200,1711831800.0,"Houston, USA, Qualifying",ATP,Qualification round 1,Martin Damm Jr,2.0,2.0,1.0,0.0,1,false,finished,True
H09P:atp:2024/6965/ms008:H09F,H09P,Brandon Holt,Guangzhou,CH,2024-04-29,R16,Yu Hsiou,Hsu,3-6 1-6,Challenger main draw,2024,linked,12276775,1714627500.0,"Guangzhou, China",Challenger,Round of 16,Yu Hsiou Hsu,3.0,2.0,1.0,0.0,1,false,finished,True
H09P:atp:2024/6965/ms016:PH71,H09P,Brandon Holt,Guangzhou,CH,2024-04-29,R32,Max,Purcell,6-3 6-3,Challenger main draw,2024,linked,12287427,1714462200.0,"Guangzhou, China",Challenger,Round of 32,Max Purcell,3.0,2.0,1.0,0.0,1,false,finished,True
H09P:atp:2024/2921/ms015:S0TI,H09P,Brandon Holt,Wuxi,CH,2024-05-06,R16,Philip,Sekulic,4-6 6-3 4-6,Challenger main draw,2024,linked,12296888,1715142600.0,"Wuxi, China",Challenger,Round of 16,Philip Sekulic,3.0,2.0,1.0,0.0,1,false,finished,True
H09P:atp:2024/2921/ms030:F0DM,H09P,Brandon Holt,Wuxi,CH,2024-05-06,R32,Arthur,Fery,7-6(5) 6-4,Challenger main draw,2024,linked,12305989,1714992600.0,"Wuxi, China",Challenger,Round of 32,Arthur Fery,3.0,2.0,1.0,0.0,2,false,finished,True
H09P:atp:2024/2278/ms025:BE90,H09P,Brandon Holt,Taipei,CH,2024-05-13,R32,Ricardas,Berankis,1-6 1-6,Challenger main draw,2024,linked,12325978,1715687700.0,"Taipei, Chinese Taipei",Challenger,Round of 32,Ricardas Berankis,3.0,2.0,1.0,0.0,2,false,finished,True
H09P:atp:2024/9188/ms005:S0NV,H09P,Brandon Holt,Little Rock,CH,2024-05-27,QF,Abdullah,Shelbayh,6-7(4) 6-2 5-7,Challenger main draw,2024,linked,12360755,1717179600.0,"Little Rock, USA",Challenger,Quarterfinals,Abdullah Shelbayh,3.0,2.0,1.0,0.0,1,false,finished,True
H09P:atp:2024/9188/ms010:HC21,H09P,Brandon Holt,Little Rock,CH,2024-05-27,R16,Seongchan,Hong,6-2 6-3,Challenger main draw,2024,linked,12360749,1716998400.0,"Little Rock, USA",Challenger,Round of 16,Seongchan Hong,3.0,2.0,1.0,0.0,2,false,finished,True
H09P:atp:2024/9188/ms021:MP13,H09P,Brandon Holt,Little Rock,CH,2024-05-27,R32,Mukund,Sasikumar,6-0 3-6 6-2,Challenger main draw,2024,linked,12369611,1716837000.0,"Little Rock, USA",Challenger,Round of 32,Sasikumar Mukund,3.0,2.0,1.0,0.0,2,false,finished,True
H09P:atp:2024/2873/ms001:T0BW,H09P,Brandon Holt,Tyler,CH,2024-06-03,F,James,Trotter,2-6 6-7(3),Challenger main draw,2024,unobserved,,,,,,,,,,,,,,False
H09P:atp:2024/2873/ms002:D0DP,H09P,Brandon Holt,Tyler,CH,2024-06-03,SF,Liam,Draxl,6-4 7-5,Challenger main draw,2024,unobserved,,,,,,,,,,,,,,False
H09P:atp:2024/2873/ms004:GK06,H09P,Brandon Holt,Tyler,CH,2024-06-03,QF,Alexis,Galarneau,3-6 6-3 6-1,Challenger main draw,2024,unobserved,,,,,,,,,,,,,,False
H09P:atp:2024/2873/ms009:KC12,H09P,Brandon Holt,Tyler,CH,2024-06-03,R16,Mitchell,Krueger,1-6 7-6(4) 7-6(4),Challenger main draw,2024,unobserved,,,,,,,,,,,,,,False
H09P:atp:2024/2873/ms018:TF58,H09P,Brandon Holt,Tyler,CH,2024-06-03,R32,Yusuke,Takahashi,6-2 5-7 6-1,Challenger main draw,2024,linked,12389742,1717547700.0,"Tyler, USA",Challenger,Round of 32,Yusuke Takahashi,3.0,2.0,1.0,0.0,1,false,finished,True
H09P:atp:2024/2883/ms026:KD35,H09P,Brandon Holt,Bloomfield Hills,CH,2024-07-01,R32,Thai-Son,Kwiatkowski,3-6 4-6,Challenger main draw,2024,unobserved,,,,,,,,,,,,,,False
H09P:atp:2024/7542/ms007:Y09V,H09P,Brandon Holt,Winnipeg,CH,2024-07-08,QF,Yunchaokete,Bu,7-6(4) 2-6 2-6,Challenger main draw,2024,unobserved,,,,,,,,,,,,,,False
H09P:atp:2024/7542/ms015:A0GC,H09P,Brandon Holt,Winnipeg,CH,2024-07-08,R16,Terence,Atmane,7-5 6-2,Challenger main draw,2024,unobserved,,,,,,,,,,,,,,False
H09P:atp:2024/7542/ms030:PH78,H09P,Brandon Holt,Winnipeg,CH,2024-07-08,R32,Ryan,Peniston,7-5 6-4,Challenger main draw,2024,unobserved,,,,,,,,,,,,,,False
H09P:atp:2024/877/ms027:BM95,H09P,Brandon Holt,Granby,CH,2024-07-15,R32,Benjamin,Bonzi,3-6 6-7(4),Challenger main draw,2024,unobserved,,,,,,,,,,,,,,False
H09P:atp:2024/2797/ms004:F0BY,H09P,Brandon Holt,Chicago,CH,2024-07-22,QF,Jacob,Fearnley,3-6 2-6,Challenger main draw,2024,linked,12569229,1722013200.0,"Chicago, USA",Challenger,Quarterfinals,Jacob Fearnley,3.0,2.0,1.0,0.0,1,false,finished,True
H09P:atp:2024/2797/ms009:PG94,H09P,Brandon Holt,Chicago,CH,2024-07-22,R16,Marc,Polmans,6-4 7-6(4),Challenger main draw,2024,linked,12565809,1721923200.0,"Chicago, USA",Challenger,Round of 16,Marc Polmans,3.0,2.0,1.0,0.0,1,false,finished,True
H09P:atp:2024/2797/ms018:F0CK,H09P,Brandon Holt,Chicago,CH,2024-07-22,R32,Andrew,Fenty,6-1 7-6(4),Challenger main draw,2024,unobserved,,,,,,,,,,,,,,False
H09P:atp:2024/586/ms016:G0IX,H09P,Brandon Holt,Lexington,CH,2024-07-29,R32,Arthur,Gea,3-6 0-1,Challenger main draw,2024,linked,12618402,1722348000.0,"Lexington, USA",Challenger,Round of 32,Arthur Gea,3.0,2.0,1.0,0.0,1,false,finished,True
H09P:atp:2024/422/ms037:F0F1,H09P,Brandon Holt,ATP Masters 1000 Cincinnati,1000,2024-08-12,R64,Arthur,Fils,4-6 1-6,Tour main draw,2024,linked,12678807,1723598700.0,"Cincinnati, USA",ATP,Round of 64,Arthur Fils,3.0,2.0,1.0,0.0,2,false,finished,True
H09P:atp:2024/422/qs011:S0K7,H09P,Brandon Holt,ATP Masters 1000 Cincinnati,1000,2024-08-12,Q2,Zachary,Svajda,6-4 2-6 6-3,Tour qualifying,2024,linked,12672023,1723474800.0,"Cincinnati, USA, Qualifying",ATP,Qualification round 2,Zachary Svajda,3.0,2.0,1.0,0.0,2,false,finished,True
H09P:atp:2024/422/qs022:L987,H09P,Brandon Holt,ATP Masters 1000 Cincinnati,1000,2024-08-12,Q1,Dusan,Lajovic,2-6 6-3 7-5,Tour qualifying,2024,linked,12667879,1723388400.0,"Cincinnati, USA, Qualifying",ATP,Qualification round 1,Dušan Lajović,3.0,2.0,1.0,0.0,2,false,finished,True
H09P:atp:2024/560/qs082:S0NV,H09P,Brandon Holt,US Open,GS,2024-08-26,Q1,Abdullah,Shelbayh,6-3 3-6 3-6,Tour qualifying,2024,linked,12709316,1724166000.0,"US Open, New York, USA, Qualifying",ATP,Qualification round 1,Abdullah Shelbayh,3.0,2.0,0.0,0.0,2,false,finished,True
H09P:atp:2024/7345/ms020:M0RE,H09P,Brandon Holt,Las Vegas,CH,2024-09-09,R32,Patrick,Maloney,6-7(3) 6-1 4-6,Challenger main draw,2024,linked,12816139,1726024500.0,"Las Vegas, USA",Challenger,Round of 32,Patrick Maloney,3.0,2.0,1.0,0.0,2,false,finished,True
H09P:atp:2024/8281/ms019:B0I0,H09P,Brandon Holt,Columbus,CH,2024-09-16,R32,Alexander,Bernard,3-6 6-7(4),Challenger main draw,2024,linked,12845175,1726520100.0,"Columbus, USA",Challenger,Round of 32,Alexander Bernard,3.0,2.0,1.0,0.0,1,false,finished,True
H09P:atp:2024/2803/ms023:Q02L,H09P,Brandon Holt,Charleston,CH,2024-09-23,R32,Ethan,Quinn,6-7(4) 6-7(5),Challenger main draw,2024,linked,12884787,1727186400.0,"Charleston, USA",Challenger,Round of 32,Ethan Quinn,3.0,2.0,1.0,0.0,2,false,finished,True
H09P:atp:2024/1768/ms009:B0NN,H09P,Brandon Holt,Tiburon,CH,2024-09-30,R16,Nishesh,Basavareddy,2-6 4-6,Challenger main draw,2024,linked,12898380,1727988600.0,"Tiburon, USA",Challenger,Round of 16,Nishesh Basavareddy,3.0,2.0,1.0,0.0,2,false,finished,True
H09P:atp:2024/1768/ms019:AG08,H09P,Brandon Holt,Tiburon,CH,2024-09-30,R32,Andy,Andrade,6-1 7-6(4),Challenger main draw,2024,linked,12916094,1727825400.0,"Tiburon, USA",Challenger,Round of 32,Andres Andrade,1.0,2.0,1.0,0.0,1,false,finished,True
H09P:atp:2024/7339/ms002:T0HA,H09P,Brandon Holt,Fairfield,CH,2024-10-07,SF,Learner,Tien,0-6 7-5 4-6,Challenger main draw,2024,unobserved,,,,,,,,,,,,,,False
H09P:atp:2024/7339/ms005:PG20,H09P,Brandon Holt,Fairfield,CH,2024-10-07,QF,Dmitry,Popko,6-2 6-4,Challenger main draw,2024,linked,12959334,1728681000.0,"Fairfield, USA",Challenger,Quarterfinals,Dmitry Popko,3.0,2.0,1.0,0.0,1,false,finished,True
H09P:atp:2024/7339/ms011:S0JA,H09P,Brandon Holt,Fairfield,CH,2024-10-07,R16,Eliot,Spizzirri,7-5 7-5,Challenger main draw,2024,linked,12937581,1728593400.0,"Fairfield, USA",Challenger,Round of 16,Eliot Spizzirri,3.0,2.0,1.0,0.0,1,false,finished,True
H09P:atp:2024/7339/ms023:C0HT,H09P,Brandon Holt,Fairfield,CH,2024-10-07,R32,Murphy,Cassone,7-6(5) 7-5,Challenger main draw,2024,linked,12959333,1728420300.0,"Fairfield, USA",Challenger,Round of 32,Murphy Cassone,3.0,2.0,1.0,0.0,1,false,finished,True
H09P:atp:2024/2951/ms007:GH92,H09P,Brandon Holt,Sioux Falls,CH,2024-10-21,QF,Borna,Gojo,6-4 6-7(1) 2-6,Challenger main draw,2024,unobserved,,,,,,,,,,,,,,False
H09P:atp:2024/2951/ms014:S0JA,H09P,Brandon Holt,Sioux Falls,CH,2024-10-21,R16,Eliot,Spizzirri,6-4 6-3,Challenger main draw,2024,unobserved,,,,,,,,,,,,,,False
H09P:atp:2024/2951/ms028:CG94,H09P,Brandon Holt,Sioux Falls,CH,2024-10-21,R32,Enzo,Couacaud,6-2 6-2,Challenger main draw,2024,unobserved,,,,,,,,,,,,,,False
H09P:atp:2024/6055/ms013:T0BW,H09P,Brandon Holt,Charlottesville,CH,2024-10-28,R16,James,Trotter,2-6 3-6,Challenger main draw,2024,unobserved,,,,,,,,,,,,,,False
H09P:atp:2024/6055/ms026:RG42,H09P,Brandon Holt,Charlottesville,CH,2024-10-28,R32,Alex,Rybakov,7-5 6-4,Challenger main draw,2024,unobserved,,,,,,,,,,,,,,False
H09P:atp:2024/363/ms008:L0GH,H09P,Brandon Holt,Knoxville,CH,2024-11-04,R16,Mark,Lajal,4-6 6-7(5),Challenger main draw,2024,unobserved,,,,,,,,,,,,,,False
H09P:atp:2024/363/ms016:W09E,H09P,Brandon Holt,Knoxville,CH,2024-11-04,R32,Adam,Walton,6-4 6-3,Challenger main draw,2024,unobserved,,,,,,,,,,,,,,False
H09P:atp:2024/7235/ms011:SM88,H09P,Brandon Holt,Drummondville,CH,2024-11-11,R16,Karue,Sell,5-7 6-7(5),Challenger main draw,2024,linked,13086124,1731618000.0,"Drummondville, Canada",Challenger,Round of 16,Karue Sell,3.0,2.0,1.0,0.0,1,false,finished,True
H09P:atp:2024/7235/ms023:S0DL,H09P,Brandon Holt,Drummondville,CH,2024-11-11,R32,Ryan,Seggerman,6-4 6-1,Challenger main draw,2024,linked,13108334,1731423600.0,"Drummondville, Canada",Challenger,Round of 32,Ryan Seggerman,3.0,2.0,1.0,0.0,1,false,finished,True
H09P:atp:2025/7393/qs010:GK06,H09P,Brandon Holt,Canberra,CH,2024-12-30,Q2,Alexis,Galarneau,3-6 7-6(1) 3-6,Challenger qualifying,2024,linked,13281970,1735520400.0,"Canberra, Australia, Qualifying",Challenger,Qualification Final,Alexis Galarneau,3.0,1.0,1.0,0.0,1,false,finished,True
H09P:atp:2025/7393/qs021:H0K0,H09P,Brandon Holt,Canberra,CH,2024-12-30,Q1,Cruz,Hewitt,7-6(9) 6-1,Challenger qualifying,2024,linked,13278439,1735433700.0,"Canberra, Australia, Qualifying",Challenger,Qualification Round 1,Cruz Hewitt,3.0,2.0,1.0,0.0,2,false,finished,True
H09P:atp:2025/2801/ms001:KI82,H09P,Brandon Holt,Nonthaburi 3,CH,2025-01-13,F,Vit,Kopriva,6-3 6-2,Challenger main draw,2025,linked,13309565,1737259200.0,"Nonthaburi 3, Thailand",Challenger,Final,Vit Kopřiva,3.0,2.0,1.0,0.0,2,false,finished,True
H09P:atp:2025/2801/ms003:T09X,H09P,Brandon Holt,Nonthaburi 3,CH,2025-01-13,SF,Clement,Tabur,6-2 6-4,Challenger main draw,2025,linked,13309573,1737172800.0,"Nonthaburi 3, Thailand",Challenger,Semifinals,Clement Tabur,3.0,2.0,1.0,0.0,1,false,finished,True
H09P:atp:2025/2801/ms006:S0K7,H09P,Brandon Holt,Nonthaburi 3,CH,2025-01-13,QF,Zachary,Svajda,6-7(7) 6-3 6-4,Challenger main draw,2025,linked,13309563,1737092700.0,"Nonthaburi 3, Thailand",Challenger,Quarterfinals,Zachary Svajda,3.0,2.0,1.0,0.0,1,false,finished,True
H09P:atp:2025/2801/ms012:W0BH,H09P,Brandon Holt,Nonthaburi 3,CH,2025-01-13,R16,Coleman,Wong,6-4 6-1,Challenger main draw,2025,linked,13309569,1737004800.0,"Nonthaburi 3, Thailand",Challenger,Round of 16,Coleman Wong,3.0,2.0,1.0,0.0,2,false,finished,True
H09P:atp:2025/2801/ms025:TB70,H09P,Brandon Holt,Nonthaburi 3,CH,2025-01-13,R32,Wishaya,Trongcharoenchaikul,6-3 6-3,Challenger main draw,2025,linked,13325540,1736823600.0,"Nonthaburi 3, Thailand",Challenger,Round of 32,Wishaya Trongcharoenchaikul,3.0,2.0,1.0,0.0,2,false,finished,True
H09P:atp:2025/580/qs045:MK66,H09P,Brandon Holt,Australian Open,GS,2025-01-13,Q2,Mackenzie,McDonald,4-6 4-6,Tour qualifying,2025,linked,13303781,1736305200.0,"Australian Open, Melbourne, Australia, Qualifying",ATP,Qualification Round 2,Mackenzie McDonald,3.0,2.0,1.0,0.0,2,false,finished,True
H09P:atp:2025/580/qs090:ML57,H09P,Brandon Holt,Australian Open,GS,2025-01-13,Q1,Gianluca,Mager,7-6(6) 6-2,Tour qualifying,2025,linked,13300730,1736154900.0,"Australian Open, Melbourne, Australia, Qualifying",ATP,Qualification Round 1,Gianluca Mager,3.0,2.0,1.0,0.0,1,false,finished,True
H09P:atp:2025/9154/ms009:Z0AK,H09P,Brandon Holt,Cleveland,CH,2025-01-27,R16,Tyler,Zink,,Challenger main draw,2025,linked,13372925,1738173600.0,"Cleveland, USA",Challenger,Round of 16,Tyler Zink,3.0,2.0,1.0,0.0,absent,false,finished,False
H09P:atp:2025/9154/ms019:I0AP,H09P,Brandon Holt,Cleveland,CH,2025-01-27,R32,Kalin,Ivanovski,6-1 6-1,Challenger main draw,2025,linked,13390814,1738025100.0,"Cleveland, USA",Challenger,Round of 32,Kalin Ivanovski,3.0,2.0,1.0,0.0,1,false,finished,True
H09P:atp:2025/424/ms025:DH50,H09P,Brandon Holt,Dallas,500,2025-02-03,R32,Alejandro,Davidovich Fokina,1-6 5-7,Tour main draw,2025,unobserved,,,,,,,,,,,,,,False
H09P:atp:2025/424/qs007:S0DL,H09P,Brandon Holt,Dallas,500,2025-02-03,Q2,Ryan,Seggerman,6-2 6-3,Tour qualifying,2025,unobserved,,,,,,,,,,,,,,False
H09P:atp:2025/424/qs015:KC12,H09P,Brandon Holt,Dallas,500,2025-02-03,Q1,Mitchell,Krueger,1-6 7-6(1) 6-3,Tour qualifying,2025,linked,13391625,1738368000.0,"Dallas, USA, Qualifying",ATP,Qualification Round 1,Mitchell Krueger,3.0,2.0,1.0,0.0,1,false,finished,True
H09P:atp:2025/9635/ms003:VA08,H09P,Brandon Holt,Manama,CH,2025-02-10,SF,Andrea,Vavassori,4-6 6-4 4-6,Challenger main draw,2025,unobserved,,,,,,,,,,,,,,False
H09P:atp:2025/9635/ms007:A0GC,H09P,Brandon Holt,Manama,CH,2025-02-10,QF,Terence,Atmane,3-6 6-4 6-1,Challenger main draw,2025,unobserved,,,,,,,,,,,,,,False
H09P:atp:2025/9635/ms015:E687,H09P,Brandon Holt,Manama,CH,2025-02-10,R16,Daniel,Evans,4-6 7-5 7-5,Challenger main draw,2025,unobserved,,,,,,,,,,,,,,False
H09P:atp:2025/9635/ms031:K09F,H09P,Brandon Holt,Manama,CH,2025-02-10,R32,Pavel,Kotov,7-5 6-4,Challenger main draw,2025,unobserved,,,,,,,,,,,,,,False
H09P:atp:2025/7100/ms001:S0GD,H09P,Brandon Holt,Pune,CH,2025-02-17,F,Dalibor,Svrcina,6-7(3) 1-6,Challenger main draw,2025,unobserved,,,,,,,,,,,,,,False
H09P:atp:2025/7100/ms002:GK06,H09P,Brandon Holt,Pune,CH,2025-02-17,SF,Alexis,Galarneau,7-5 6-4,Challenger main draw,2025,unobserved,,,,,,,,,,,,,,False
H09P:atp:2025/7100/ms004:HD68,H09P,Brandon Holt,Pune,CH,2025-02-17,QF,Billy,Harris,4-6 6-3 6-4,Challenger main draw,2025,unobserved,,,,,,,,,,,,,,False
H09P:atp:2025/7100/ms009:G0GW,H09P,Brandon Holt,Pune,CH,2025-02-17,R16,Sascha,Gueymard Wayenburg,6-4 6-4,Challenger main draw,2025,unobserved,,,,,,,,,,,,,,False
H09P:atp:2025/7100/ms019:S0W8,H09P,Brandon Holt,Pune,CH,2025-02-17,R32,Aryan,Shah,6-2 6-2,Challenger main draw,2025,unobserved,,,,,,,,,,,,,,False
H09P:atp:2025/7808/ms001:M0HU,H09P,Brandon Holt,Bengaluru,CH,2025-02-24,F,Shintaro,Mochizuki,6-3 6-3,Challenger main draw,2025,linked,13499051,1740918600.0,"Bengaluru, India",Challenger,Final,Shintaro Mochizuki,3.0,2.0,1.0,0.0,1,false,finished,True
H09P:atp:2025/7808/ms003:HD68,H09P,Brandon Holt,Bengaluru,CH,2025-02-24,SF,Billy,Harris,6-2 7-6(4),Challenger main draw,2025,linked,13499045,1740831600.0,"Bengaluru, India",Challenger,Semifinals,Billy Harris,3.0,2.0,1.0,0.0,1,false,finished,True
H09P:atp:2025/7808/ms006:B0LQ,H09P,Brandon Holt,Bengaluru,CH,2025-02-24,QF,Petr,Bar Biryukov,6-4 6-4,Challenger main draw,2025,linked,13499055,1740747900.0,"Bengaluru, India",Challenger,Quarterfinals,Petr Bar Biryukov,3.0,2.0,1.0,0.0,2,false,finished,True
H09P:atp:2025/7808/ms013:TA46,H09P,Brandon Holt,Bengaluru,CH,2025-02-24,R16,Bernard,Tomic,5-7 6-4 6-4,Challenger main draw,2025,linked,13499050,1740640500.0,"Bengaluru, India",Challenger,Round of 16,Bernard Tomić,3.0,2.0,1.0,0.0,2,false,finished,True
H09P:atp:2025/7808/ms027:VA25,H09P,Brandon Holt,Bengaluru,CH,2025-02-24,R32,Valentin,Vacherot,6-4 6-4,Challenger main draw,2025,unobserved,,,,,,,,,,,,,,False
H09P:atp:2025/404/qs040:D923,H09P,Brandon Holt,ATP Masters 1000 Indian Wells,1000,2025-03-03,Q1,Damir,Dzumhur,4-6 2-6,Tour qualifying,2025,linked,13559751,1741052400.0,"Indian Wells, USA, Qualifying",ATP,Qualification Round 1,Damir Džumhur,3.0,2.0,1.0,0.0,1,false,finished,True
H09P:atp:2025/9167/ms022:H0BH,H09P,Brandon Holt,Phoenix,CH,2025-03-10,R32,Rinky,Hijikata,6-7(0) 6-7(3),Challenger main draw,2025,linked,13587113,1741814700.0,"Phoenix, USA",Challenger,Round of 32,Rinky Hijikata,3.0,2.0,1.0,0.0,2,false,finished,True
H09P:atp:2025/403/ms109:U182,H09P,Brandon Holt,ATP Masters 1000 Miami,1000,2025-03-17,R128,Camilo,Ugo Carabelli,6-2 6-7(5) 4-6,Tour main draw,2025,linked,13634864,1742408400.0,"Miami, USA",ATP,Round of 128,Camilo Ugo Carabelli,3.0,2.0,1.0,0.0,1,false,finished,True
H09P:atp:2025/403/qs021:D0F6,H09P,Brandon Holt,ATP Masters 1000 Miami,1000,2025-03-17,Q2,Gabriel,Diallo,6-4 2-6 7-5,Tour qualifying,2025,linked,13630866,1742323800.0,"Miami, USA, Qualifying",ATP,Qualification Round 2,Gabriel Diallo,3.0,2.0,1.0,0.0,2,false,finished,True
H09P:atp:2025/403/qs043:D0DT,H09P,Brandon Holt,ATP Masters 1000 Miami,1000,2025-03-17,Q1,Martin,Damm,4-6 6-2 6-2,Tour qualifying,2025,linked,13623407,1742247900.0,"Miami, USA, Qualifying",ATP,Qualification Round 1,Martin Damm Jr,2.0,2.0,1.0,0.0,2,false,finished,True
H09P:atp:2025/2991/ms020:HH06,H09P,Brandon Holt,Morelia,CH,2025-03-24,R32,Marc-Andrea,Huesler,4-6 1-6,Challenger main draw,2025,linked,13658890,1742849700.0,"Morelia, Mexico",Challenger,Round of 32,Marc-Andrea Huesler,3.0,2.0,1.0,0.0,1,false,finished,True
H09P:atp:2025/717/ms022:DF92,H09P,Brandon Holt,Houston,250,2025-03-31,R32,Corentin,Denolly,6-7(7) 6-7(8),Tour main draw,2025,linked,13695949,1743465000.0,"Houston, USA",ATP,Round of 32,Corentin Denolly,3.0,2.0,1.0,0.0,2,false,finished,True
H09P:atp:2025/1741/ms003:A0GC,H09P,Brandon Holt,Busan,CH,2025-04-14,SF,Terence,Atmane,6-7(5) 6-3 3-6,Challenger main draw,2025,linked,13740652,1745028000.0,"Busan, South Korea",Challenger,Semifinals,Terence Atmane,3.0,2.0,1.0,0.0,2,false,finished,True
H09P:atp:2025/1741/ms006:H09F,H09P,Brandon Holt,Busan,CH,2025-04-14,QF,Yu Hsiou,Hsu,6-2 6-2,Challenger main draw,2025,linked,13740654,1744941600.0,"Busan, South Korea",Challenger,Quarterfinals,Yu Hsiou Hsu,3.0,2.0,1.0,0.0,2,false,finished,True
H09P:atp:2025/1741/ms013:BI81,H09P,Brandon Holt,Busan,CH,2025-04-14,R16,Alex,Bolt,6-3 6-4,Challenger main draw,2025,linked,13740627,1744862700.0,"Busan, South Korea",Challenger,Round of 16,Alex Bolt,3.0,2.0,1.0,0.0,1,false,finished,True
H09P:atp:2025/1741/ms027:LB66,H09P,Brandon Holt,Busan,CH,2025-04-14,R32,Constant,Lestienne,1-6 7-6(2) 6-4,Challenger main draw,2025,linked,13757118,1744695000.0,"Busan, South Korea",Challenger,Round of 32,Constant Lestienne,3.0,2.0,1.0,0.0,2,false,finished,True
H09P:atp:2025/7490/ms006:WB08,H09P,Brandon Holt,Gwangju,CH,2025-04-21,QF,Yosuke,Watanuki,5-7 6-7(2),Challenger main draw,2025,linked,13773686,1745546400.0,"Gwangju, South Korea",Challenger,Quarterfinals,Yosuke Watanuki,3.0,2.0,1.0,0.0,1,false,finished,True
H09P:atp:2025/7490/ms013:P0AV,H09P,Brandon Holt,Gwangju,CH,2025-04-21,R16,Uisung,Park,3-6 6-3 7-6(5),Challenger main draw,2025,linked,13773681,1745460000.0,"Gwangju, South Korea",Challenger,Round of 16,Uisung Park,3.0,2.0,1.0,0.0,1,false,finished,True
H09P:atp:2025/7490/ms027:H09F,H09P,Brandon Holt,Gwangju,CH,2025-04-21,R32,Yu Hsiou,Hsu,6-3 6-0,Challenger main draw,2025,linked,13795347,1745375100.0,"Gwangju, South Korea",Challenger,Round of 32,Yu Hsiou Hsu,3.0,2.0,1.0,0.0,1,false,finished,True
H09P:atp:2025/6965/ms003:A0GC,H09P,Brandon Holt,Guangzhou,CH,2025-04-28,SF,Terence,Atmane,4-6 3-6,Challenger main draw,2025,unobserved,,,,,,,,,,,,,,False
H09P:atp:2025/6965/ms007:H09F,H09P,Brandon Holt,Guangzhou,CH,2025-04-28,QF,Yu Hsiou,Hsu,6-4 6-3,Challenger main draw,2025,linked,13804955,1746151200.0,"Guangzhou, China",Challenger,Quarterfinals,Yu Hsiou Hsu,3.0,2.0,1.0,0.0,1,false,finished,True
H09P:atp:2025/6965/ms015:C0AJ,H09P,Brandon Holt,Guangzhou,CH,2025-04-28,R16,Jie,Cui,7-6(7) 7-6(4),Challenger main draw,2025,linked,13804960,1745985300.0,"Guangzhou, China",Challenger,Round of 16,Jie Cui,3.0,2.0,1.0,0.0,1,false,finished,True
H09P:atp:2025/6965/ms031:N09U,H09P,Brandon Holt,Guangzhou,CH,2025-04-28,R32,Rio,Noguchi,7-6(3) 7-6(2),Challenger main draw,2025,linked,13818689,1745820900.0,"Guangzhou, China",Challenger,Round of 32,Rio Noguchi,3.0,2.0,1.0,0.0,1,false,finished,True
H09P:atp:2025/520/qs080:T0BW,H09P,Brandon Holt,Roland Garros,GS,2025-05-26,Q1,James,Trotter,1-6 4-6,Tour qualifying,2025,unobserved,,,,,,,,,,,,,,False
H09P:atp:2025/4940/ms003:V0AM,H09P,Brandon Holt,Birmingham,CH,2025-06-02,SF,Otto,Virtanen,4-6 6-4 6-7(3),Challenger main draw,2025,unobserved,,,,,,,,,,,,,,False
H09P:atp:2025/4940/ms007:ME82,H09P,Brandon Holt,Birmingham,CH,2025-06-02,QF,Adrian,Mannarino,6-4 6-3,Challenger main draw,2025,unobserved,,,,,,,,,,,,,,False
H09P:atp:2025/4940/ms014:C0HT,H09P,Brandon Holt,Birmingham,CH,2025-06-02,R16,Murphy,Cassone,6-2 6-2,Challenger main draw,2025,unobserved,,,,,,,,,,,,,,False
H09P:atp:2025/4940/ms028:D994,H09P,Brandon Holt,Birmingham,CH,2025-06-02,R32,James,Duckworth,6-2 7-5,Challenger main draw,2025,unobserved,,,,,,,,,,,,,,False
H09P:atp:2025/9005/ms031:C0AK,H09P,Brandon Holt,Ilkley,CH,2025-06-09,R32,Oliver,Crawford,3-6 7-6(2) 6-7(5),Challenger main draw,2025,unobserved,,,,,,,,,,,,,,False
H09P:atp:2025/7740/ms020:F0F2,H09P,Brandon Holt,Nottingham 2,CH,2025-06-16,R32,Jaime,Faria,3-6 4-6,Challenger main draw,2025,linked,14006904,1750074600.0,"Nottingham 2, Great Britain",Challenger,Round of 32,Jaime Faria,3.0,2.0,1.0,0.0,1,false,finished,True
H09P:atp:2025/8994/ms010:M0QI,H09P,Brandon Holt,Mallorca,250,2025-06-23,R16,Alex,Michelsen,4-6 4-6,Tour main draw,2025,linked,14023194,1750854600.0,"Mallorca, Spain",ATP,Round of 16,Alex Michelsen,3.0,2.0,1.0,0.0,1,false,finished,True
H09P:atp:2025/8994/ms021:BM95,H09P,Brandon Holt,Mallorca,250,2025-06-23,R32,Benjamin,Bonzi,2-6 6-4 6-4,Tour main draw,2025,linked,14039793,1750759200.0,"Mallorca, Spain",ATP,Round of 32,Benjamin Bonzi,3.0,2.0,1.0,0.0,2,false,finished,True
H09P:atp:2025/8994/qs006:Y218,H09P,Brandon Holt,Mallorca,250,2025-06-23,Q2,Elias,Ymer,7-6(4) 6-3,Tour qualifying,2025,linked,14036857,1750586400.0,"Mallorca, Spain, Qualifying",ATP,Qualification Final,Elias Ymer,3.0,1.0,1.0,0.0,1,false,finished,True
H09P:atp:2025/8994/qs012:W09E,H09P,Brandon Holt,Mallorca,250,2025-06-23,Q1,Adam,Walton,6-3 6-7(1) 7-6(0),Tour qualifying,2025,linked,14033235,1750496400.0,"Mallorca, Spain, Qualifying",ATP,Qualification Round 1,Adam Walton,3.0,2.0,1.0,0.0,2,false,finished,True
H09P:atp:2025/540/ms099:DH50,H09P,Brandon Holt,Wimbledon,GS,2025-06-30,R128,Alejandro,Davidovich Fokina,2-6 4-6 5-7,Tour main draw,2025,linked,14061807,1751303400.0,"Wimbledon, London, Great Britain",ATP,Round of 128,Alejandro Davidovich Fokina,3.0,2.0,1.0,0.0,2,false,finished,True
H09P:atp:2025/315/ms008:S0K7,H09P,Brandon Holt,Newport,CH,2025-07-07,R16,Zachary,Svajda,6-4 0-6 1-6,Challenger main draw,2025,linked,14096617,1752246000.0,"Newport, USA",Challenger,Round of 16,Zachary Svajda,3.0,2.0,1.0,0.0,2,false,finished,True
H09P:atp:2025/315/ms016:C0HT,H09P,Brandon Holt,Newport,CH,2025-07-07,R32,Murphy,Cassone,7-6(3) 7-6(1),Challenger main draw,2025,linked,14114231,1751993100.0,"Newport, USA",Challenger,Round of 32,Murphy Cassone,3.0,2.0,1.0,0.0,1,false,finished,True
H09P:atp:2025/422/ms101:B0EJ,H09P,Brandon Holt,ATP Masters 1000 Cincinnati,1000,2025-08-04,R128,Tristan,Boyer,3-6 6-7(3),Tour main draw,2025,linked,14357961,1754665200.0,"Cincinnati, USA",ATP,Round of 128,Tristan Boyer,3.0,2.0,1.0,0.0,1,false,finished,True
H09P:atp:2025/6242/ms054:MK66,H09P,Brandon Holt,Winston-Salem,250,2025-08-18,R64,Mackenzie,McDonald,4-6 7-6(2) 6-7(2),Tour main draw,2025,linked,14452481,1755474300.0,"Winston Salem, USA",ATP,Round of 64,Mackenzie McDonald,3.0,2.0,1.0,0.0,1,false,finished,True
H09P:atp:2025/560/ms070:BT72,H09P,Brandon Holt,US Open,GS,2025-08-25,R128,Nuno,Borges,4-6 2-6 3-6,Tour main draw,2025,linked,14506229,1756244100.0,"US Open, New York, USA",ATP,Round of 128,Nuno Borges,3.0,2.0,0.0,0.0,1,false,finished,True
H09P:atp:2025/4713/qs007:H0BH,H09P,Brandon Holt,Hangzhou,250,2025-09-15,Q2,Rinky,Hijikata,2-6 5-7,Tour qualifying,2025,linked,14698754,1758094800.0,"Hangzhou, China, Qualifying",ATP,Qualification Final,Rinky Hijikata,3.0,1.0,1.0,0.0,1,false,finished,True
H09P:atp:2025/4713/qs015:C0TQ,H09P,Brandon Holt,Hangzhou,250,2025-09-15,Q1,Ye,Chen,7-5 6-2,Tour qualifying,2025,linked,14689554,1758009000.0,"Hangzhou, China, Qualifying",ATP,Qualification Round 1,Ye Chen,3.0,2.0,1.0,0.0,2,false,finished,True
H09P:atp:2025/3013/ms023:HG86,H09P,Brandon Holt,Jingshan,CH,2025-09-22,R32,Lloyd,Harris,4-6 4-6,Challenger main draw,2025,linked,14749439,1758691800.0,"Jingshan, China",Challenger,Round of 32,Lloyd Harris,3.0,2.0,1.0,0.0,1,false,finished,True
H09P:atp:2025/5014/qs041:S0UV,H09P,Brandon Holt,ATP Masters 1000 Shanghai,1000,2025-09-29,Q1,Rei,Sakamoto,1-6 5-7,Tour qualifying,2025,unobserved,,,,,,,,,,,,,,False
H09P:atp:2025/7746/ms007:MK66,H09P,Brandon Holt,Jinan,CH,2025-10-06,QF,Mackenzie,McDonald,3-6 6-4 6-7(7),Challenger main draw,2025,unobserved,,,,,,,,,,,,,,False
H09P:atp:2025/7746/ms015:W09E,H09P,Brandon Holt,Jinan,CH,2025-10-06,R16,Adam,Walton,6-4 6-3,Challenger main draw,2025,unobserved,,,,,,,,,,,,,,False
H09P:atp:2025/7746/ms030:Z0C3,H09P,Brandon Holt,Jinan,CH,2025-10-06,R32,Maxim,Zhukov,3-6 6-4 6-3,Challenger main draw,2025,unobserved,,,,,,,,,,,,,,False
H09P:atp:2025/2941/ms004:J0DZ,H09P,Brandon Holt,Lincoln,CH,2025-10-13,QF,Rafael,Jodar,0-6 5-7,Challenger main draw,2025,unobserved,,,,,,,,,,,,,,False
H09P:atp:2025/2941/ms008:S0DQ,H09P,Brandon Holt,Lincoln,CH,2025-10-13,R16,Keegan,Smith,3-6 6-2 6-1,Challenger main draw,2025,unobserved,,,,,,,,,,,,,,False
H09P:atp:2025/2941/ms016:S0W8,H09P,Brandon Holt,Lincoln,CH,2025-10-13,R32,Aryan,Shah,4-6 6-4 4-1,Challenger main draw,2025,unobserved,,,,,,,,,,,,,,False
H09P:atp:2025/2951/ms031:I0B0,H09P,Brandon Holt,Sioux Falls,CH,2025-10-20,R32,Andre,Ilagan,3-4,Challenger main draw,2025,unobserved,,,,,,,,,,,,,,False
H09P:atp:2025/8310/ms027:CG33,H09P,Brandon Holt,Helsinki,CH,2025-11-03,R32,Kimmer,Coppejans,4-6 6-3 5-7,Challenger main draw,2025,unobserved,,,,,,,,,,,,,,False
H09P:atp:2026/7393/ms023:P0HT,H09P,Brandon Holt,Canberra,CH,2026-01-05,R32,Jack,Pinnington Jones,4-6 2-6,Challenger main draw,2026,unobserved,,,,,,,,,,,,,,False
H09P:atp:2026/580/qs040:Z0A1,H09P,Brandon Holt,Australian Open,GS,2026-01-19,Q2,Giulio,Zeppieri,7-6(4) 5-7 4-6,Tour qualifying,2026,unobserved,,,,,,,,,,,,,,False
H09P:atp:2026/580/qs080:N0CS,H09P,Brandon Holt,Australian Open,GS,2026-01-19,Q1,Lukas,Neumayer,4-6 6-2 6-3,Tour qualifying,2026,unobserved,,,,,,,,,,,,,,False
H0A4:atp:2015/7197/ms004:T911,H0A4,Nick Hardt,Dominican Republic F1,FU,2015-11-30,QF,Peter,Torebko,0-6 1-6,ITF main draw,2015,linked,6960758,1449158400.0,"Dominican Republic F1, Singles",ITF Men,Quarterfinals,Peter Torebko,3.0,2.0,1.0,0.0,1,false,finished,True
H0A4:atp:2015/7197/ms008:SI36,H0A4,Nick Hardt,Dominican Republic F1,FU,2015-11-30,R16,Eduardo,Struvay,3-6 7-5,ITF main draw,2015,linked,6960391,1449074700.0,"Dominican Republic F1, Singles",ITF Men,Round of 16,Eduardo Struvay,3.0,2.0,1.0,0.0,1,false,finished,True
H0A4:atp:2015/7197/ms017:DH11,H0A4,Nick Hardt,Dominican Republic F1,FU,2015-11-30,R32,Jose Oscar,Diaz,6-2 6-2,ITF main draw,2015,linked,6959313,1449000000.0,"Dominican Republic F1, Singles",ITF Men,Round of 32,Diaz J.,1.0,2.0,1.0,0.0,1,false,finished,True
H0A4:atp:2015/7468/ms012:T911,H0A4,Nick Hardt,Dominican Republic F2,FU,2015-12-07,R16,Peter,Torebko,4-6 6-7(2),ITF main draw,2015,linked,6963373,1449705900.0,"Dominican Republic F2, Singles",ITF Men,Round of 16,Peter Torebko,3.0,2.0,1.0,0.0,2,false,finished,True
H0A4:atp:2015/7468/ms025:SP18,H0A4,Nick Hardt,Dominican Republic F2,FU,2015-12-07,R32,Raleigh,Smith,4-6 7-5 4-0,ITF main draw,2015,linked,6962950,1449604800.0,"Dominican Republic F2, Singles",ITF Men,Round of 32,Raleigh Smith,3.0,2.0,1.0,0.0,1,false,finished,True
H0A4:atp:2015/7476/ms018:SP18,H0A4,Nick Hardt,Dominican Republic F3,FU,2015-12-14,R32,Raleigh,Smith,2-6 2-6,ITF main draw,2015,linked,6965198,1450115700.0,"Dominican Republic F3, Singles",ITF Men,Round of 32,Raleigh Smith,3.0,2.0,1.0,0.0,1,false,finished,True
H0A4:atp:2016/7201/ms027:CF59,H0A4,Nick Hardt,Santo Domingo,CH,2016-02-08,R32,Roberto,Carballes Baena,1-6 0-6,Challenger main draw,2016,linked,7000123,1455055200.0,"Santo Domingo, Dominican Republic",Challenger,Round of 32,Roberto Carballés Baena,3.0,2.0,1.0,0.0,2,false,finished,True
H0A4:atp:2016/7476/ms012:LC54,H0A4,Nick Hardt,Dominican Republic F3,FU,2016-12-12,R16,Benjamin,Lock,6-7(2) 2-6,ITF main draw,2016,linked,7297523,1481722800.0,"Dominican Republic F3, Singles",ITF Men,Round of 32,Benjamin Lock,3.0,0.0,1.0,0.0,1,false,finished,True
H0A4:atp:2016/7476/ms025:R903,H0A4,Nick Hardt,Dominican Republic F3,FU,2016-12-12,R32,Daniel-Andrea,Rodriguez-Redondo,6-0 7-6(3),ITF main draw,2016,linked,7296982,1481652300.0,"Dominican Republic F3, Singles",ITF Men,Round of 32,D. Rodriguez-Redondo,1.0,2.0,1.0,0.0,2,false,finished,True
H0A4:atp:2017/7712/ms000:J551,H0A4,Nick Hardt,AG1 DOM vs. CHI 1st Round,DC,2017-01-30,RR,Nicolas,Jarry,3-6 3-6,Davis Cup,2017,unobserved,,,,,,,,,,,,,,False
H0A4:atp:2017/7201/ms019:G725,H0A4,Nick Hardt,Santo Domingo,CH,2017-08-14,R32,Santiago,Giraldo,1-6 0-6,Challenger main draw,2017,unobserved,,,,,,,,,,,,,,False
H0A4:atp:2017/7476/ms028:LB76,H0A4,Nick Hardt,Dominican Republic F3,FU,2017-12-11,R32,Mick,Lescure,5-7 6-1 3-6,ITF main draw,2017,unobserved,,,,,,,,,,,,,,False
H0A4:atp:2018/458/ms012:TE30,H0A4,Nick Hardt,U.S.A. F12,FU,2018-04-23,R16,Alejandro,Tabilo,6-7(2) 6-1 5-7,ITF main draw,2018,linked,7788855,1524770100.0,"USA F12, Singles",ITF Men,Round of 16,Alejandro Tabilo,3.0,2.0,0.0,0.0,1,false,finished,True
H0A4:atp:2018/458/ms025:R0BS,H0A4,Nick Hardt,U.S.A. F12,FU,2018-04-23,R32,Alexandre,Rotsaert,6-1 6-1,ITF main draw,2018,linked,7788183,1524672000.0,"USA F12, Singles",ITF Men,Round of 32,Alexandre Rotsaert,3.0,2.0,0.0,0.0,1,false,finished,True
H0A4:atp:2018/269/ms008:E811,H0A4,Nick Hardt,Belgium F2,FU,2018-06-25,R16,Elmar,Ejupovic,4-6 3-6,ITF main draw,2018,unobserved,,,,,,,,,,,,,,False
H0A4:atp:2018/269/ms017:MW39,H0A4,Nick Hardt,Belgium F2,FU,2018-06-25,R32,Mirko,Martinez,6-2 6-4,ITF main draw,2018,linked,7844485,1530067200.0,"Belgium F2, Singles",ITF Men,Round of 32,Mirko Martinez,3.0,2.0,1.0,0.0,1,false,finished,True
H0A4:atp:2018/7867/ms027:V821,H0A4,Nick Hardt,Peru F1,FU,2018-09-24,R32,Gonzalo,Villanueva,1-6 7-5 4-6,ITF main draw,2018,unobserved,,,,,,,,,,,,,,False
H0A4:atp:2018/6685/ms014:DA23,H0A4,Nick Hardt,U.S.A. F32,FU,2018-11-12,R16,Patrick,Daciek,5-7 5-7,ITF main draw,2018,linked,8063255,1542390300.0,"USA F32, Singles",ITF Men,Round of 16,Patrick Daciek,3.0,2.0,0.0,0.0,2,false,finished,True
H0A4:atp:2018/6685/ms029:J0B5,H0A4,Nick Hardt,U.S.A. F32,FU,2018-11-12,R32,Garrett,Johns,6-0 6-0,ITF main draw,2018,linked,8062956,1542309600.0,"USA F32, Singles",ITF Men,Round of 32,Garrett Johns,3.0,2.0,0.0,0.0,2,false,finished,True
H0A4:atp:2018/7468/ms011:TE30,H0A4,Nick Hardt,Dominican Republic F2,FU,2018-12-03,R16,Alejandro,Tabilo,2-6 2-6,ITF main draw,2018,linked,8079580,1544018400.0,"Dominican Republic F2, Singles",ITF Men,Round of 16,Alejandro Tabilo,3.0,2.0,1.0,0.0,2,false,finished,True
H0A4:atp:2018/7468/ms022:ME70,H0A4,Nick Hardt,Dominican Republic F2,FU,2018-12-03,R32,Alejandro,Mendoza,6-1 6-1,ITF main draw,2018,linked,8078167,1543944300.0,"Dominican Republic F2, Singles",ITF Men,Round of 32,Alejandro Mendoza,3.0,2.0,1.0,0.0,1,false,finished,True
H0A4:atp:2018/7476/ms001:TE30,H0A4,Nick Hardt,Dominican Republic F3,FU,2018-12-10,F,Alejandro,Tabilo,7-5 6-3,ITF main draw,2018,linked,8084992,1544884200.0,"Dominican Republic F3, Singles",ITF Men,Final,Alejandro Tabilo,3.0,2.0,1.0,0.0,1,false,finished,True
H0A4:atp:2018/7476/ms002:GC17,H0A4,Nick Hardt,Dominican Republic F3,FU,2018-12-10,SF,Oscar Jose,Gutierrez,6-2 6-2,ITF main draw,2018,linked,8084514,1544799600.0,"Dominican Republic F3, Singles",ITF Men,Semifinals,Oscar Jose Gutierrez,3.0,2.0,1.0,0.0,1,false,finished,True
H0A4:atp:2018/7476/ms005:HG90,H0A4,Nick Hardt,Dominican Republic F3,FU,2018-12-10,QF,Conner,Huertas del Pino,6-4 2-6 6-2,ITF main draw,2018,linked,8083870,1544709600.0,"Dominican Republic F3, Singles",ITF Men,Quarterfinals,Connor Huertas Del Pino,1.0,2.0,1.0,0.0,2,false,finished,True
H0A4:atp:2018/7476/ms011:ME70,H0A4,Nick Hardt,Dominican Republic F3,FU,2018-12-10,R16,Alejandro,Mendoza,6-1 6-0,ITF main draw,2018,linked,8083399,1544623200.0,"Dominican Republic F3, Singles",ITF Men,Round of 16,Alejandro Mendoza,3.0,2.0,1.0,0.0,1,false,finished,True
H0A4:atp:2018/7476/ms023:C0BC,H0A4,Nick Hardt,Dominican Republic F3,FU,2018-12-10,R32,Maxime,Cressy,7-6(1) 6-1,ITF main draw,2018,linked,8082905,1544535000.0,"Dominican Republic F3, Singles",ITF Men,Round of 32,Maxime Cressy,3.0,2.0,1.0,0.0,1,false,finished,True
H0A4:atp:2019/8142/ms009:RB73,H0A4,Nick Hardt,M15 Naples,FU,2019-01-14,R16,Pietro,Rondoni,3-6 4-6,ITF main draw,2019,linked,8110167,1547760900.0,"Naples, Fl, Singles M-ITF-USA-03A",ITF Men,Round of 16,Pietro Rondoni,3.0,2.0,1.0,0.0,1,false,finished,True
H0A4:atp:2019/8142/ms018:M0HT,H0A4,Nick Hardt,M15 Naples,FU,2019-01-14,R32,Alejandro,Moro Canas,2-6 7-5 6-2,ITF main draw,2019,linked,8108666,1547676300.0,"Naples, Fl, Singles M-ITF-USA-03A",ITF Men,Round of 32,Alejandro Moro Canas,3.0,2.0,1.0,0.0,1,false,finished,True
H0A4:atp:2019/8151/ms018:RB73,H0A4,Nick Hardt,M25 Weston,FU,2019-01-28,R32,Pietro,Rondoni,6-2 1-6 6-7(6),ITF main draw,2019,unobserved,,,,,,,,,,,,,,False
H0A4:atp:2019/8167/ms012:K0AH,H0A4,Nick Hardt,M15 Antalya,FU,2019-02-11,R16,Sebastian,Korda,6-7(2) 1-6,ITF main draw,2019,unobserved,,,,,,,,,,,,,,False
H0A4:atp:2019/8167/ms025:U133,H0A4,Nick Hardt,M15 Antalya,FU,2019-02-11,R32,Mike,Urbanija,6-2 7-5,ITF main draw,2019,unobserved,,,,,,,,,,,,,,False
H0A4:atp:2019/8174/ms021:PC09,H0A4,Nick Hardt,M15 Antalya,FU,2019-02-18,R32,Jose,Pereira,5-7 4-6,ITF main draw,2019,unobserved,,,,,,,,,,,,,,False
H0A4:atp:2019/8180/ms011:PC63,H0A4,Nick Hardt,M15 Antalya,FU,2019-02-25,R16,Alessandro,Petrone,6-3 3-6 2-6,ITF main draw,2019,unobserved,,,,,,,,,,,,,,False
H0A4:atp:2019/8180/ms022:F09U,H0A4,Nick Hardt,M15 Antalya,FU,2019-02-25,R32,Matyas,Fuele,7-5 3-6 6-2,ITF main draw,2019,unobserved,,,,,,,,,,,,,,False
H0A4:atp:2019/8189/ms003:N561,H0A4,Nick Hardt,M15 Antalya,FU,2019-03-04,SF,Ivan,Nedelko,4-6 0-3,ITF main draw,2019,linked,8159932,1552116600.0,"Antalya, Singles M-ITF-TUR-13A",ITF Men,Semifinals,Ivan Nedelko,3.0,2.0,1.0,0.0,1,false,finished,True
H0A4:atp:2019/8189/ms006:N661,H0A4,Nick Hardt,M15 Antalya,FU,2019-03-04,QF,Marvin,Netuschil,6-2 6-1,ITF main draw,2019,linked,8159076,1552030200.0,"Antalya, Singles M-ITF-TUR-13A",ITF Men,Quarterfinals,Marvin Netuschil,3.0,2.0,1.0,0.0,1,false,finished,True
H0A4:atp:2019/8189/ms012:C0DB,H0A4,Nick Hardt,M15 Antalya,FU,2019-03-04,R16,Alberto,Colas Sanchez,6-1 6-4,ITF main draw,2019,linked,8158427,1551943800.0,"Antalya, Singles M-ITF-TUR-13A",ITF Men,Round of 16,A. Colás Sánchez,1.0,2.0,1.0,0.0,2,false,finished,True
H0A4:atp:2019/8189/ms024:RC24,H0A4,Nick Hardt,M15 Antalya,FU,2019-03-04,R32,Or,Ram-Harel,7-5 6-3,ITF main draw,2019,linked,8156184,1551863700.0,"Antalya, Singles M-ITF-TUR-13A",ITF Men,Round of 32,O. Ram-Harel,1.0,2.0,1.0,0.0,2,false,finished,True
H0A4:atp:2019/8200/ms028:K0AH,H0A4,Nick Hardt,M15 Antalya,FU,2019-03-11,R32,Sebastian,Korda,2-6 2-6,ITF main draw,2019,linked,8162584,1552478700.0,"Antalya, Singles M-ITF-TUR-14A",ITF Men,Round of 32,Sebastian Korda,3.0,2.0,1.0,0.0,2,false,finished,True
H0A4:atp:2019/8241/ms009:AB54,H0A4,Nick Hardt,M15 Sunrise,FU,2019-04-08,R16,Harrison,Adams,6-1 4-6 1-6,ITF main draw,2019,linked,8191592,1554991200.0,"Sunrise, Fl, Singles M-ITF-USA-11A",ITF Men,Round of 16,Harrison Adams,3.0,2.0,1.0,0.0,2,false,finished,True
H0A4:atp:2019/8241/ms018:D0DP,H0A4,Nick Hardt,M15 Sunrise,FU,2019-04-08,R32,Liam,Draxl,6-2 6-4,ITF main draw,2019,linked,8189849,1554904800.0,"Sunrise, Fl, Singles M-ITF-USA-11A",ITF Men,Round of 32,Liam Draxl,3.0,2.0,1.0,0.0,1,false,finished,True
H0A4:atp:2019/5069/ms016:DA31,H0A4,Nick Hardt,Sarasota,CH,2019-04-15,R32,Hugo,Dellien,4-6 2-6,Challenger main draw,2019,linked,8195389,1555534800.0,"Sarasota, USA",Challenger,Round of 32,Hugo Dellien,3.0,2.0,1.0,0.0,2,false,finished,True
H0A4:atp:2019/5069/ms033:RC62,H0A4,Nick Hardt,Sarasota,CH,2019-04-15,R64,Michael,Redlicki,3-6 6-3 6-3,Challenger main draw,2019,linked,8193732,1555340400.0,"Sarasota, USA",Challenger,Round of 64,Michael Redlicki,3.0,2.0,1.0,0.0,absent,false,finished,False
H0A4:atp:2019/710/ms024:TA66,H0A4,Nick Hardt,M25 Vero Beach,FU,2019-04-29,R32,Maksim,Tikhomirov,7-6(6) 6-7(5) 5-7,ITF main draw,2019,linked,8195702,1556730900.0,"Vero Beach, Fl, Singles M-ITF-USA-13A",ITF Men,Round of 32,Maksim Tikhomirov,3.0,2.0,1.0,0.0,1,false,finished,True
H0A4:atp:2019/712/ms005:M0AW,H0A4,Nick Hardt,M25 Pensacola,FU,2019-05-06,QF,Nicolas,Mejia,1-6 6-3 2-6,ITF main draw,2019,unobserved,,,,,,,,,,,,,,False
H0A4:atp:2019/712/ms011:KD99,H0A4,Nick Hardt,M25 Pensacola,FU,2019-05-06,R16,Alan,Kohen,6-4 6-4,ITF main draw,2019,unobserved,,,,,,,,,,,,,,False
H0A4:atp:2019/712/ms023:GD91,H0A4,Nick Hardt,M25 Pensacola,FU,2019-05-06,R32,Juan Ignacio,Galarza,6-1 3-1,ITF main draw,2019,unobserved,,,,,,,,,,,,,,False
H0A4:atp:2019/8275/ms003:LG87,H0A4,Nick Hardt,M15 Cancun,FU,2019-06-03,SF,Gerardo,Lopez Villasenor,2-6 1-6,ITF main draw,2019,unobserved,,,,,,,,,,,,,,False
H0A4:atp:2019/8275/ms006:W738,H0A4,Nick Hardt,M15 Cancun,FU,2019-06-03,QF,Brandon,Walkin,7-5 6-1,ITF main draw,2019,unobserved,,,,,,,,,,,,,,False
H0A4:atp:2019/8275/ms013:P0AO,H0A4,Nick Hardt,M15 Cancun,FU,2019-06-03,R16,Rowland,Phillips,3-6 6-4 6-2,ITF main draw,2019,unobserved,,,,,,,,,,,,,,False
H0A4:atp:2019/8275/ms027:D0CB,H0A4,Nick Hardt,M15 Cancun,FU,2019-06-03,R32,Gabriel Ciro,Da Silva,6-4 6-2,ITF main draw,2019,unobserved,,,,,,,,,,,,,,False
H0A4:atp:2019/356/ms012:GJ05,H0A4,Nick Hardt,M25 Toulouse,FU,2019-06-17,R16,Alexis,Gautier,7-6(7) 3-6 5-7,ITF main draw,2019,linked,8253720,1561048500.0,"Toulouse, Singles M-ITF-FRA-09A",ITF Men,Round of 16,Alexis Gautier,3.0,2.0,1.0,0.0,1,false,finished,True
H0A4:atp:2019/356/ms024:FC26,H0A4,Nick Hardt,M25 Toulouse,FU,2019-06-17,R32,Evan,Furness,0-6 6-2 5-4,ITF main draw,2019,unobserved,,,,,,,,,,,,,,False
H0A4:atp:2019/6588/ms010:E780,H0A4,Nick Hardt,M25 Arlon,FU,2019-06-24,R16,Sandro,Ehrat,1-6 4-6,ITF main draw,2019,linked,8269445,1561622400.0,"Arlon, Singles M-ITF-BEL-01A",ITF Men,Round of 16,Sandro Ehrat,3.0,2.0,1.0,0.0,2,false,finished,True
H0A4:atp:2019/6588/ms021:CF25,H0A4,Nick Hardt,M25 Arlon,FU,2019-06-24,R32,Victor,Cornea,6-3 1-6 6-3,ITF main draw,2019,linked,8267794,1561552800.0,"Arlon, Singles M-ITF-BEL-01A",ITF Men,Round of 32,Victor Vlad Cornea,2.0,2.0,1.0,0.0,1,false,finished,True
H0A4:atp:2019/572/ms001:O423,H0A4,Nick Hardt,M15 Saarlouis,FU,2019-07-01,F,Fabrizio,Ornago,6-0 6-4,ITF main draw,2019,linked,8286862,1562500800.0,"Saarlouis, Singles M-ITF-GER-07A",ITF Men,Final,Fabrizio Ornago,3.0,2.0,1.0,0.0,1,false,finished,True
H0A4:atp:2019/572/ms003:BT42,H0A4,Nick Hardt,M15 Saarlouis,FU,2019-07-01,SF,Dominik,Boehler,6-4 6-3,ITF main draw,2019,linked,8285032,1562421600.0,"Saarlouis, Singles M-ITF-GER-07A",ITF Men,Semifinals,Dominik Boehler,3.0,2.0,1.0,0.0,1,false,finished,True
H0A4:atp:2019/572/ms006:O484,H0A4,Nick Hardt,M15 Saarlouis,FU,2019-07-01,QF,Adrian,Obert,7-6(5) 6-4,ITF main draw,2019,linked,8281127,1562344800.0,"Saarlouis, Singles M-ITF-GER-07A",ITF Men,Quarterfinals,Adrian Obert,3.0,2.0,1.0,0.0,1,false,finished,True
H0A4:atp:2019/572/ms012:GJ05,H0A4,Nick Hardt,M15 Saarlouis,FU,2019-07-01,R16,Alexis,Gautier,6-3 6-2,ITF main draw,2019,linked,8279669,1562234400.0,"Saarlouis, Singles M-ITF-GER-07A",ITF Men,Round of 16,Alexis Gautier,3.0,2.0,1.0,0.0,2,false,finished,True
H0A4:atp:2019/572/ms024:C0B8,H0A4,Nick Hardt,M15 Saarlouis,FU,2019-07-01,R32,Konstantin,Cucka,6-0 6-0,ITF main draw,2019,linked,8275631,1562067300.0,"Saarlouis, Singles M-ITF-GER-07A",ITF Men,Round of 32,Konstantin Cucka,3.0,2.0,1.0,0.0,1,false,finished,True
H0A4:atp:2019/723/ms017:KD71,H0A4,Nick Hardt,M25 Ajaccio,FU,2019-07-08,R32,Jonathan,Kanar,4-6 6-2 3-6,ITF main draw,2019,linked,8288597,1562750700.0,"Ajaccio, Singles M-ITF-FRA-14A",ITF Men,Round of 32,Jonathan Kanar,3.0,2.0,1.0,0.0,1,false,finished,True
H0A4:atp:2019/488/ms022:W712,H0A4,Nick Hardt,M25 Kassel,FU,2019-07-15,R32,Kai,Wehnelt,4-6 5-7,ITF main draw,2019,linked,8304409,1563363300.0,"Kassel, Singles M-ITF-GER-09A",ITF Men,Round of 32,Kai Wehnelt,3.0,2.0,1.0,0.0,1,false,finished,True
H0A4:atp:2019/4066/ms002:HB67,H0A4,Nick Hardt,M15 Brussels,FU,2019-07-29,SF,Christopher,Heyman,2-6 3-6,ITF main draw,2019,unobserved,,,,,,,,,,,,,,False
H0A4:atp:2019/4066/ms005:KG33,H0A4,Nick Hardt,M15 Brussels,FU,2019-07-29,QF,Vladimir,Korolev,6-4 4-6 6-1,ITF main draw,2019,unobserved,,,,,,,,,,,,,,False
H0A4:atp:2019/4066/ms010:L0DD,H0A4,Nick Hardt,M15 Brussels,FU,2019-07-29,R16,Luis Humberto,Lopez,6-0 6-3,ITF main draw,2019,unobserved,,,,,,,,,,,,,,False
H0A4:atp:2019/4066/ms020:D0A2,H0A4,Nick Hardt,M15 Brussels,FU,2019-07-29,R32,Matthew,Dellavedova,6-3 6-2,ITF main draw,2019,unobserved,,,,,,,,,,,,,,False
H0A4:atp:2019/6346/ms006:O660,H0A4,Nick Hardt,M15 Eupen,FU,2019-08-05,QF,Genaro Alberto,Olivieri,7-6(3) 1-6 3-6,ITF main draw,2019,linked,8351023,1565358000.0,"Eupen, Singles M-ITF-BEL-05A",ITF Men,Quarterfinals,Genaro Alberto Olivieri,3.0,2.0,1.0,0.0,2,false,finished,True
H0A4:atp:2019/6346/ms013:RA82,H0A4,Nick Hardt,M15 Eupen,FU,2019-08-05,R16,Yannik,Reuter,6-2 2-6 6-0,ITF main draw,2019,unobserved,,,,,,,,,,,,,,False
H0A4:atp:2019/6346/ms027:P0BE,H0A4,Nick Hardt,M15 Eupen,FU,2019-08-05,R32,Sidane,Pontjodikromo,6-2 6-2,ITF main draw,2019,unobserved,,,,,,,,,,,,,,False
H0A4:atp:2019/412/ms019:H0CU,H0A4,Nick Hardt,M25 Houston,FU,2019-09-16,R32,Ronald,Hohmann,6-4 6-7(2) 3-6,ITF main draw,2019,linked,8413118,1568833200.0,"Houston, Singles M-ITF-USA-28A",ITF Men,Round of 32,Ronald Hohmann,3.0,2.0,1.0,0.0,1,false,finished,True
H0A4:atp:2019/1592/ms013:GK30,H0A4,Nick Hardt,M25 Harlingen,FU,2019-09-23,R16,Jonathan,Gray,3-6 4-6,ITF main draw,2019,linked,8429015,1569510000.0,"Harlingen, Singles M-ITF-USA-30A",ITF Men,Round of 16,Jonathan Gray,3.0,2.0,1.0,0.0,2,false,finished,True
H0A4:atp:2019/1592/ms027:H0CU,H0A4,Nick Hardt,M25 Harlingen,FU,2019-09-23,R32,Ronald,Hohmann,6-3 6-2,ITF main draw,2019,linked,8426354,1569342600.0,"Harlingen, Singles M-ITF-USA-30A",ITF Men,Round of 32,Ronald Hohmann,3.0,2.0,1.0,0.0,1,false,finished,True
H0A4:atp:2019/7201/ms037:O376,H0A4,Nick Hardt,Santo Domingo,CH,2019-10-07,R64,Renzo,Olivo,2-6 6-3 1-6,Challenger main draw,2019,linked,8447960,1570482600.0,"Santo Domingo, Dominican Republic",Challenger,Round of 64,Renzo Olivo,3.0,2.0,1.0,0.0,1,false,finished,True
H0A4:atp:2019/6865/ms025:SQ80,H0A4,Nick Hardt,Traralgon,CH,2019-10-21,R32,Akira,Santillan,1-6 2-6,Challenger main draw,2019,linked,8462796,1571717400.0,"Traralgon, Australia",Challenger,Round of 32,Akira Santillan,3.0,2.0,1.0,0.0,2,false,finished,True
H0A4:atp:2019/6865/ms050:MS03,H0A4,Nick Hardt,Traralgon,CH,2019-10-21,R64,William,Ma,6-4 7-5,Challenger main draw,2019,linked,8461074,1571618700.0,"Traralgon, Australia",Challenger,Round of 64,M. William,1.0,2.0,1.0,0.0,absent,false,finished,False
H0A4:atp:2019/7586/ms016:U134,H0A4,Nick Hardt,Playford 2,CH,2019-10-28,R32,Yasutaka,Uchiyama,3-6 4-6,Challenger main draw,2019,linked,8468653,1572391800.0,"Playford City II, Australia",Challenger,Round of 32,Yasutaka Uchiyama,3.0,2.0,1.0,0.0,1,false,finished,True
H0A4:atp:2019/7586/ms033:TB70,H0A4,Nick Hardt,Playford 2,CH,2019-10-28,R64,Wishaya,Trongcharoenchaikul,7-5 6-2,Challenger main draw,2019,linked,8467237,1572230400.0,"Playford City II, Australia",Challenger,Round of 64,Wishaya Trongcharoenchaikul,3.0,2.0,1.0,0.0,absent,false,finished,False
H0A4:atp:2019/637/ms041:S0K7,H0A4,Nick Hardt,Champaign,CH,2019-11-11,R64,Zachary,Svajda,0-6 1-6,Challenger main draw,2019,unobserved,,,,,,,,,,,,,,False
H0A4:atp:2019/7197/ms003:AE14,H0A4,Nick Hardt,M15 Santo Domingo,FU,2019-11-25,SF,Daniel,Altmaier,3-6 4-6,ITF main draw,2019,unobserved,,,,,,,,,,,,,,False
H0A4:atp:2019/7197/ms006:O634,H0A4,Nick Hardt,M15 Santo Domingo,FU,2019-11-25,QF,Jose,Olivares,5-7 6-2 7-6(5),ITF main draw,2019,unobserved,,,,,,,,,,,,,,False
H0A4:atp:2019/7197/ms012:V731,H0A4,Nick Hardt,M15 Santo Domingo,FU,2019-11-25,R16,Michel,Vernier,6-2 6-4,ITF main draw,2019,unobserved,,,,,,,,,,,,,,False
H0A4:atp:2019/7197/ms024:N0AF,H0A4,Nick Hardt,M15 Santo Domingo,FU,2019-11-25,R32,Arvid,Nordquist,6-2,ITF main draw,2019,unobserved,,,,,,,,,,,,,,False
H0A4:atp:2019/7468/ms027:B0I5,H0A4,Nick Hardt,M15 Santo Domingo,FU,2019-12-02,R32,Blaise,Bicknell,6-7(3) 4-6,ITF main draw,2019,unobserved,,,,,,,,,,,,,,False
H0A4:atp:2019/7476/ms001:BP79,H0A4,Nick Hardt,M15 Santo Domingo,FU,2019-12-09,F,Peter,Bertran,6-4 1-6 4-6,ITF main draw,2019,linked,8522963,1576420200.0,"Santo Domingo, Singles M-ITF-DOM-03A",ITF Men,Final,Peter Bertran,3.0,2.0,1.0,0.0,1,false,finished,True
H0A4:atp:2019/7476/ms002:V731,H0A4,Nick Hardt,M15 Santo Domingo,FU,2019-12-09,SF,Michel,Vernier,7-6(6) 6-4,ITF main draw,2019,unobserved,,,,,,,,,,,,,,False
H0A4:atp:2019/7476/ms004:CI19,H0A4,Nick Hardt,M15 Santo Domingo,FU,2019-12-09,QF,A.J.,Catanzariti,6-2 6-4,ITF main draw,2019,unobserved,,,,,,,,,,,,,,False
H0A4:atp:2019/7476/ms008:R0D6,H0A4,Nick Hardt,M15 Santo Domingo,FU,2019-12-09,R16,Laelson,Rodrigues,6-1 6-2,ITF main draw,2019,unobserved,,,,,,,,,,,,,,False
H0A4:atp:2019/7476/ms016:N0AF,H0A4,Nick Hardt,M15 Santo Domingo,FU,2019-12-09,R32,Arvid,Nordquist,6-1 6-1,ITF main draw,2019,unobserved,,,,,,,,,,,,,,False
H0A4:atp:2020/8145/ms029:PG04,H0A4,Nick Hardt,M25 Weston,FU,2020-01-27,R32,Martins,Podzus,3-6 2-6,ITF main draw,2020,linked,8564928,1580227200.0,"Weston, Singles M-ITF-USA-04A",ITF Men,Round of 32,Martins Podzus,3.0,2.0,1.0,0.0,1,false,finished,True
H0A4:atp:2020/8151/ms025:GF23,H0A4,Nick Hardt,M25 Palm Coast,FU,2020-02-03,R32,Lucas,Gerch,6-4 1-6 3-6,ITF main draw,2020,linked,8572410,1580929200.0,"Palm Coast, Singles M-ITF-USA-05A",ITF Men,Round of 32,Lucas Gerch,3.0,2.0,1.0,0.0,2,false,finished,True
H0A4:atp:2020/8162/ms025:R913,H0A4,Nick Hardt,M25 Naples,FU,2020-02-10,R32,Cristian,Rodriguez,3-6 4-6,ITF main draw,2020,linked,8577829,1581525900.0,"Naples, Singles M-ITF-USA-06A",ITF Men,Round of 32,Cristian Rodriguez,3.0,2.0,1.0,0.0,1,false,finished,True
H0A4:atp:2020/9194/ms041:RB00,H0A4,Nick Hardt,Columbus - CH,CH,2020-02-24,R64,Ricardo,Rodriguez - Pace,6-2 3-6 0-6,Challenger main draw,2020,linked,8590881,1582570500.0,"Columbus, USA",Challenger,Round of 64,Ricardo Rodríguez-Pace,3.0,2.0,1.0,0.0,2,false,finished,True
H0A4:atp:2020/8262/ms028:LI10,H0A4,Nick Hardt,M15 Cancun,FU,2020-03-09,R32,Christian,Langmo,4-6 3-6,ITF main draw,2020,linked,8607241,1583951400.0,"Cancun, Singles M-ITF-MEX-07A",ITF Men,Round of 32,Christian Langmo,3.0,2.0,1.0,0.0,2,false,finished,True
H0A4:atp:2020/6802/ms023:F664,H0A4,Nick Hardt,M15 Sintra,FU,2020-09-07,R32,Sebastian,Fanselow,0-6 3-6,ITF main draw,2020,linked,8984526,1599553800.0,"Sintra, Singles M-ITF-POR-07A",ITF Men,Round of 32,Sebastian Fanselow,3.0,2.0,1.0,0.0,2,false,finished,True
H0A4:atp:2020/6806/ms024:F664,H0A4,Nick Hardt,M15 Sintra,FU,2020-09-14,R32,Sebastian,Fanselow,6-2 5-7 2-6,ITF main draw,2020,unobserved,,,,,,,,,,,,,,False
H0A4:atp:2020/7468/ms011:K0EQ,H0A4,Nick Hardt,M15 Santo Domingo,FU,2020-11-30,R16,Zane,Khan,3-6 2-6,ITF main draw,2020,linked,9211049,1607016000.0,"Santo Domingo, Singles M-ITF-DOM-02A",ITF Men,Round of 16,Zane Khan,3.0,2.0,1.0,0.0,2,false,finished,True
H0A4:atp:2020/7468/ms023:LI10,H0A4,Nick Hardt,M15 Santo Domingo,FU,2020-11-30,R32,Christian,Langmo,7-5 6-3,ITF main draw,2020,linked,9205562,1606927800.0,"Santo Domingo, Singles M-ITF-DOM-02A",ITF Men,Round of 32,Christian Langmo,3.0,2.0,1.0,0.0,1,false,finished,True
H0A4:atp:2020/7476/ms001:C0AK,H0A4,Nick Hardt,M15 Santo Domingo,FU,2020-12-07,F,Oliver,Crawford,6-4 6-0,ITF main draw,2020,linked,9229984,1607871600.0,"Santo Domingo, Singles M-ITF-DOM-03A",ITF Men,Final,Oliver Crawford,3.0,2.0,1.0,0.0,absent,false,finished,False
H0A4:atp:2020/7476/ms002:CF10,H0A4,Nick Hardt,M15 Santo Domingo,FU,2020-12-07,SF,Nick,Chappell,6-3 6-2,ITF main draw,2020,linked,9228809,1607784900.0,"Santo Domingo, Singles M-ITF-DOM-03A",ITF Men,Semifinals,Nick Chappell,3.0,2.0,1.0,0.0,absent,false,finished,False
H0A4:atp:2020/7476/ms005:S0DQ,H0A4,Nick Hardt,M15 Santo Domingo,FU,2020-12-07,QF,Keegan,Smith,6-1 4-6 6-3,ITF main draw,2020,linked,9226831,1607704800.0,"Santo Domingo, Singles M-ITF-DOM-03A",ITF Men,Quarterfinals,Keegan Smith,3.0,2.0,1.0,0.0,1,false,finished,True
H0A4:atp:2020/7476/ms011:LI10,H0A4,Nick Hardt,M15 Santo Domingo,FU,2020-12-07,R16,Christian,Langmo,6-1 6-1,ITF main draw,2020,linked,9224979,1607613600.0,"Santo Domingo, Singles M-ITF-DOM-03A",ITF Men,Round of 16,Christian Langmo,3.0,2.0,1.0,0.0,2,false,finished,True
H0A4:atp:2020/7476/ms023:K0EQ,H0A4,Nick Hardt,M15 Santo Domingo,FU,2020-12-07,R32,Zane,Khan,6-4 3-0,ITF main draw,2020,linked,9222409,1607526000.0,"Santo Domingo, Singles M-ITF-DOM-03A",ITF Men,Round of 32,Zane Khan,3.0,2.0,1.0,0.0,absent,false,finished,False
H0A4:atp:2021/8182/ms025:G09C,H0A4,Nick Hardt,M15 Sharm El Sheikh,FU,2021-02-15,R32,Marek,Gengel,4-6 2-6,ITF main draw,2021,unobserved,,,,,,,,,,,,,,False
H0A4:atp:2021/8193/ms028:SY67,H0A4,Nick Hardt,M15 Sharm El Sheikh,FU,2021-02-22,R32,Sho,Shimabukuro,6-7(5) 6-4 6-7(7),ITF main draw,2021,unobserved,,,,,,,,,,,,,,False
H0A4:atp:2021/8207/ms002:H09F,H0A4,Nick Hardt,M15 Sharm El Sheikh,FU,2021-03-01,SF,Yu Hsiou,Hsu,1-6 1-6,ITF main draw,2021,linked,9382153,1615015800.0,"Sharm El Sheikh, Singles M-ITF-EGY-09A",ITF Men,Semifinals,Yu Hsiou Hsu,3.0,2.0,1.0,0.0,1,false,finished,True
H0A4:atp:2021/8207/ms005:P0D0,H0A4,Nick Hardt,M15 Sharm El Sheikh,FU,2021-03-01,QF,Jakub,Paul,6-3 6-3,ITF main draw,2021,unobserved,,,,,,,,,,,,,,False
H0A4:atp:2021/8207/ms011:TF58,H0A4,Nick Hardt,M15 Sharm El Sheikh,FU,2021-03-01,R16,Yusuke,Takahashi,6-3 6-2,ITF main draw,2021,unobserved,,,,,,,,,,,,,,False
H0A4:atp:2021/8207/ms022:V0DI,H0A4,Nick Hardt,M15 Sharm El Sheikh,FU,2021-03-01,R32,Samuel,Vincent Ruggeri,7-5 6-4,ITF main draw,2021,unobserved,,,,,,,,,,,,,,False
H0A4:atp:2021/6294/ms005:E928,H0A4,Nick Hardt,M15 Antalya,FU,2021-05-03,QF,Alexander,Erler,6-7(0) 0-6,ITF main draw,2021,linked,9508288,1620372000.0,"Antalya, Singles M-ITF-TUR-18A",ITF Men,Quarterfinals,Alexander Erler,3.0,2.0,1.0,0.0,1,false,finished,True
H0A4:atp:2021/6294/ms011:HA33,H0A4,Nick Hardt,M15 Antalya,FU,2021-05-03,R16,Peter,Heller,3-6 6-0 7-5,ITF main draw,2021,linked,9507172,1620288600.0,"Antalya, Singles M-ITF-TUR-18A",ITF Men,Round of 16,Peter Heller,3.0,2.0,1.0,0.0,1,false,finished,True
H0A4:atp:2021/6294/ms022:I0A7,H0A4,Nick Hardt,M15 Antalya,FU,2021-05-03,R32,Nicholas David,Ionel,5-7 6-3 6-3,ITF main draw,2021,linked,9503691,1620129000.0,"Antalya, Singles M-ITF-TUR-18A",ITF Men,Round of 32,Nicholas David Ionel,3.0,2.0,1.0,0.0,1,false,finished,True
H0A4:atp:2021/6295/ms001:E928,H0A4,Nick Hardt,M15 Antalya,FU,2021-05-10,F,Alexander,Erler,6-0 7-6(7),ITF main draw,2021,linked,9523247,1621150200.0,"Antalya, Singles M-ITF-TUR-19A",ITF Men,Final,Alexander Erler,3.0,2.0,1.0,0.0,1,false,finished,True
H0A4:atp:2021/6295/ms003:F0A4,H0A4,Nick Hardt,M15 Antalya,FU,2021-05-10,SF,Francesco,Forti,6-2 6-1,ITF main draw,2021,linked,9521283,1621063800.0,"Antalya, Singles M-ITF-TUR-19A",ITF Men,Semifinals,Francesco Forti,3.0,2.0,1.0,0.0,2,false,finished,True
H0A4:atp:2021/6295/ms007:N707,H0A4,Nick Hardt,M15 Antalya,FU,2021-05-10,QF,Naoki,Nakagawa,6-2 6-0,ITF main draw,2021,linked,9519759,1620975600.0,"Antalya, Singles M-ITF-TUR-19A",ITF Men,Quarterfinals,Naoki Nakagawa,3.0,2.0,1.0,0.0,2,false,finished,True
H0A4:atp:2021/6295/ms014:VA27,H0A4,Nick Hardt,M15 Antalya,FU,2021-05-10,R16,Mick,Veldheer,6-1 6-1,ITF main draw,2021,linked,9518060,1620889200.0,"Antalya, Singles M-ITF-TUR-19A",ITF Men,Round of 16,Mick Veldheer,3.0,2.0,1.0,0.0,2,false,finished,True
H0A4:atp:2021/6295/ms028:N09U,H0A4,Nick Hardt,M15 Antalya,FU,2021-05-10,R32,Rio,Noguchi,6-1 6-2,ITF main draw,2021,linked,9515031,1620723600.0,"Antalya, Singles M-ITF-TUR-19A",ITF Men,Round of 32,Rio Noguchi,3.0,2.0,1.0,0.0,2,false,finished,True
H0A4:atp:2021/9528/ms001:MW18,H0A4,Nick Hardt,M15 Antalya,FU,2021-05-17,F,Nicolas,Moreno De Alboran,2-6 7-5 6-1,ITF main draw,2021,unobserved,,,,,,,,,,,,,,False
H0A4:atp:2021/9528/ms002:HG94,H0A4,Nick Hardt,M15 Antalya,FU,2021-05-17,SF,Benjamin,Hassan,6-3 6-1,ITF main draw,2021,unobserved,,,,,,,,,,,,,,False
H0A4:atp:2021/9528/ms004:LF26,H0A4,Nick Hardt,M15 Antalya,FU,2021-05-17,QF,Orlando,Luz,6-4 7-6(6),ITF main draw,2021,unobserved,,,,,,,,,,,,,,False
H0A4:atp:2021/9528/ms009:K771,H0A4,Nick Hardt,M15 Antalya,FU,2021-05-17,R16,Marsel,Ilhan,6-0 6-2,ITF main draw,2021,linked,9529991,1621495500.0,"Antalya, Singles M-ITF-TUR-20A",ITF Men,Round of 16,Marsel Ilhan,3.0,2.0,1.0,0.0,2,false,finished,True
H0A4:atp:2021/9528/ms019:F09J,H0A4,Nick Hardt,M15 Antalya,FU,2021-05-17,R32,Karl,Friberg,6-1 6-1,ITF main draw,2021,linked,9526322,1621418100.0,"Antalya, Singles M-ITF-TUR-20A",ITF Men,Round of 32,Karl Friberg,3.0,2.0,1.0,0.0,2,false,finished,True
H0A4:atp:2021/7197/ms002:KC29,H0A4,Nick Hardt,M25 Santo Domingo,FU,2021-05-31,SF,Nicolas,Kicker,3-6 2-6,ITF main draw,2021,unobserved,,,,,,,,,,,,,,False
H0A4:atp:2021/7197/ms004:LI10,H0A4,Nick Hardt,M25 Santo Domingo,FU,2021-05-31,QF,Christian,Langmo,7-6(6) 6-4,ITF main draw,2021,unobserved,,,,,,,,,,,,,,False
H0A4:atp:2021/7197/ms009:O634,H0A4,Nick Hardt,M25 Santo Domingo,FU,2021-05-31,R16,Jose,Olivares,6-2 6-0,ITF main draw,2021,unobserved,,,,,,,,,,,,,,False
H0A4:atp:2021/7197/ms019:RD48,H0A4,Nick Hardt,M25 Santo Domingo,FU,2021-05-31,R32,Igor,Marcondes,5-7 6-3 6-1,ITF main draw,2021,unobserved,,,,,,,,,,,,,,False
H0A4:atp:2021/7468/ms013:KC29,H0A4,Nick Hardt,M25 Santo Domingo,FU,2021-06-07,R16,Nicolas,Kicker,6-7(5) 6-2 5-7,ITF main draw,2021,unobserved,,,,,,,,,,,,,,False
H0A4:atp:2021/7468/ms027:RB00,H0A4,Nick Hardt,M25 Santo Domingo,FU,2021-06-07,R32,Ricardo,Rodriguez - Pace,6-1 6-3,ITF main draw,2021,unobserved,,,,,,,,,,,,,,False
H0A4:atp:2021/1732/ms001:CL82,H0A4,Nick Hardt,M25 Belgrade,FU,2021-06-28,F,Daniel,Cukierman,3-6 6-3 6-3,ITF main draw,2021,linked,9608416,1625385300.0,"Belgrade, Singles M-ITF-SRB-01A",ITF Men,Final,Daniel Cukierman,3.0,2.0,1.0,0.0,1,false,finished,True
H0A4:atp:2021/1732/ms002:LI39,H0A4,Nick Hardt,M25 Belgrade,FU,2021-06-28,SF,Alexandar,Lazarov,6-2 6-1,ITF main draw,2021,linked,9606483,1625306100.0,"Belgrade, Singles M-ITF-SRB-01A",ITF Men,Semifinals,Alexandar Lazarov,3.0,2.0,1.0,0.0,2,false,finished,True
H0A4:atp:2021/1732/ms005:ML73,H0A4,Nick Hardt,M25 Belgrade,FU,2021-06-28,QF,Skander,Mansouri,6-3 6-0,ITF main draw,2021,linked,9605303,1625216400.0,"Belgrade, Singles M-ITF-SRB-01A",ITF Men,Quarterfinals,Skander Mansouri,3.0,2.0,1.0,0.0,2,false,finished,True
H0A4:atp:2021/1732/ms011:C09T,H0A4,Nick Hardt,M25 Belgrade,FU,2021-06-28,R16,Rrezart,Cungu,6-0 1-6 6-2,ITF main draw,2021,linked,9602309,1625131200.0,"Belgrade, Singles M-ITF-SRB-01A",ITF Men,Round of 16,Rrezart Cungu,3.0,2.0,1.0,0.0,1,false,finished,True
H0A4:atp:2021/1732/ms023:J0BQ,H0A4,Nick Hardt,M25 Belgrade,FU,2021-06-28,R32,Kristijan,Juhas,6-2 6-1,ITF main draw,2021,linked,9599658,1624963800.0,"Belgrade, Singles M-ITF-SRB-01A",ITF Men,Round of 32,Kristijan Juhas,3.0,2.0,1.0,0.0,2,false,finished,True
H0A4:atp:2021/572/ms001:WB25,H0A4,Nick Hardt,M25 Marburg,FU,2021-07-05,F,Louis,Wessels,6-4 5-7 6-7(5),ITF main draw,2021,linked,9623502,1625999400.0,"Marburg, Singles M-ITF-GER-07A",ITF Men,Final,Louis Wessels,3.0,2.0,1.0,0.0,1,false,finished,True
H0A4:atp:2021/572/ms002:N0B4,H0A4,Nick Hardt,M25 Marburg,FU,2021-07-05,SF,Ryan,Nijboer,6-2 6-4,ITF main draw,2021,linked,9621716,1625914800.0,"Marburg, Singles M-ITF-GER-07A",ITF Men,Semifinals,Ryan Nijboer,3.0,2.0,1.0,0.0,2,false,finished,True
H0A4:atp:2021/572/ms005:MM78,H0A4,Nick Hardt,M25 Marburg,FU,2021-07-05,QF,Jonathan,Mridha,6-4 7-6(2),ITF main draw,2021,linked,9618681,1625821200.0,"Marburg, Singles M-ITF-GER-07A",ITF Men,Quarterfinals,Jonathan Mridha,3.0,2.0,1.0,0.0,1,false,finished,True
H0A4:atp:2021/572/ms010:MN23,H0A4,Nick Hardt,M25 Marburg,FU,2021-07-05,R16,Aleksandre,Metreveli,6-3 4-6 6-0,ITF main draw,2021,linked,9616563,1625742000.0,"Marburg, Singles M-ITF-GER-07A",ITF Men,Round of 16,Aleksandre Metreveli,3.0,2.0,1.0,0.0,1,false,finished,True
H0A4:atp:2021/572/ms020:N561,H0A4,Nick Hardt,M25 Marburg,FU,2021-07-05,R32,Ivan,Nedelko,7-5 6-7(1) 6-4,ITF main draw,2021,linked,9611454,1625668500.0,"Marburg, Singles M-ITF-GER-07A",ITF Men,Round of 32,Ivan Nedelko,3.0,2.0,1.0,0.0,2,false,finished,True
H0A4:atp:2021/92/ms024:MI43,H0A4,Nick Hardt,M25 Telfs,FU,2021-07-12,R32,Gerald,Melzer,4-6 2-6,ITF main draw,2021,linked,9628332,1626279600.0,"Telfs, Singles M-ITF-AUT-02A",ITF Men,Round of 32,Gerald Melzer,3.0,2.0,1.0,0.0,1,false,finished,True
H0A4:atp:2021/275/ms001:HB48,H0A4,Nick Hardt,M25 Denia,FU,2021-07-26,F,Calvin,Hemery,7-6(3) 7-6(5),ITF main draw,2021,unobserved,,,,,,,,,,,,,,False
H0A4:atp:2021/275/ms002:E830,H0A4,Nick Hardt,M25 Denia,FU,2021-07-26,SF,Eduard,Esteve Lobato,7-6(6) 6-3,ITF main draw,2021,linked,9688058,1627806600.0,"Denia, Singles M-ITF-ESP-15A",ITF Men,absent,E. Esteve Lobato,1.0,0.0,1.0,0.0,1,false,finished,True
H0A4:atp:2021/275/ms005:LF29,H0A4,Nick Hardt,M25 Denia,FU,2021-07-26,QF,Alvaro,Lopez San Martin,6-0 6-3,ITF main draw,2021,linked,9686107,1627657200.0,"Denia, Singles M-ITF-ESP-15A",ITF Men,Quarterfinals,A. López San Martín,1.0,2.0,1.0,0.0,1,false,finished,True
H0A4:atp:2021/275/ms010:M0HU,H0A4,Nick Hardt,M25 Denia,FU,2021-07-26,R16,Shintaro,Mochizuki,6-3 6-0,ITF main draw,2021,linked,9684732,1627551000.0,"Denia, Singles M-ITF-ESP-15A",ITF Men,Round of 16,Shintaro Mochizuki,3.0,2.0,1.0,0.0,2,false,finished,True
H0A4:atp:2021/275/ms020:B0HF,H0A4,Nick Hardt,M25 Denia,FU,2021-07-26,R32,Diego Augusto,Barreto Sanchez,6-4 6-1,ITF main draw,2021,linked,9674269,1627466100.0,"Denia, Singles M-ITF-ESP-15A",ITF Men,Round of 32,Diego Augusto Barreto Sanchez,3.0,2.0,1.0,0.0,2,false,finished,True
H0A4:atp:2021/6809/ms018:KI74,H0A4,Nick Hardt,Meerbusch,CH,2021-08-09,R32,Nicola,Kuhn,4-6 3-6,Challenger main draw,2021,unobserved,,,,,,,,,,,,,,False
H0A4:atp:2021/6809/qs007:F840,H0A4,Nick Hardt,Meerbusch,CH,2021-08-09,Q2,Nerman,Fatic,2-6 7-6(8) 7-5,Challenger qualifying,2021,unobserved,,,,,,,,,,,,,,False
H0A4:atp:2021/6809/qs015:PL53,H0A4,Nick Hardt,Meerbusch,CH,2021-08-09,Q1,Matthieu,Perchicot,6-2 4-6 6-1,Challenger qualifying,2021,unobserved,,,,,,,,,,,,,,False
H0A4:atp:2021/9542/qs005:J09X,H0A4,Nick Hardt,Luedenscheid,CH,2021-08-16,Q2,Filip Cristian,Jianu,3-6 6-1 3-6,Challenger qualifying,2021,unobserved,,,,,,,,,,,,,,False
H0A4:atp:2021/9542/qs010:TD47,H0A4,Nick Hardt,Luedenscheid,CH,2021-08-16,Q1,Evgenii,Tiurnev,4-6 6-4 7-6(3),Challenger qualifying,2021,unobserved,,,,,,,,,,,,,,False
H0A4:atp:2021/9550/qs005:RG42,H0A4,Nick Hardt,Prague III,CH,2021-08-23,Q2,Alex,Rybakov,6-7(3) 3-6,Challenger qualifying,2021,unobserved,,,,,,,,,,,,,,False
H0A4:atp:2021/9550/qs010:K0EU,H0A4,Nick Hardt,Prague III,CH,2021-08-23,Q1,Toby,Kodat,6-1 6-2,Challenger qualifying,2021,unobserved,,,,,,,,,,,,,,False
H0A4:atp:2021/9616/ms000:DF88,H0A4,Nick Hardt,G2 TUN vs DOM Round 1,DC,2021-09-13,RR,Aziz,Dougaz,3-6 2-6,Davis Cup,2021,linked,9806520,1631974500.0,"Davis Cup Single Matches, Group I-V",Davis Cup,Group III,Aziz Dougaz,3.0,0.0,0.0,2.0,2,false,finished,True
H0A4:atp:2021/9616/ms000:J267,H0A4,Nick Hardt,G2 TUN vs DOM Round 1,DC,2021-09-13,RR,Malek,Jaziri,4-6 6-1 6-5,Davis Cup,2021,unobserved,,,,,,,,,,,,,,False
H0A4:atp:2021/9573/ms017:O660,H0A4,Nick Hardt,Ambato,CH,2021-09-20,R32,Genaro Alberto,Olivieri,2-6 6-7(6),Challenger main draw,2021,linked,9812933,1632254400.0,"Ambato, Ecuador",Challenger,Round of 32,Genaro Alberto Olivieri,3.0,2.0,1.0,0.0,2,false,finished,True
H0A4:atp:2021/6579/ms023:DA31,H0A4,Nick Hardt,Lima,CH,2021-09-27,R32,Hugo,Dellien,3-6 2-6,Challenger main draw,2021,linked,9838431,1632763500.0,"Lima, Peru",Challenger,Round of 32,Hugo Dellien,3.0,2.0,1.0,0.0,1,false,finished,True
H0A4:atp:2021/7395/ms027:V836,H0A4,Nick Hardt,Buenos Aires,CH,2021-10-18,R32,Juan Pablo,Varillas,3-6 6-3 2-6,Challenger main draw,2021,linked,9892365,1634659800.0,"Buenos Aires, Argentina",Challenger,Round of 32,Juan Pablo Varillas,3.0,2.0,1.0,0.0,2,false,finished,True
H0A4:atp:2021/7391/ms021:SG56,H0A4,Nick Hardt,Guayaquil,CH,2021-11-01,R32,Daniel,Dutra da Silva,6-2 6-7(5) 0-6,Challenger main draw,2021,linked,9929352,1635881100.0,"Guayaquil, Ecuador",Challenger,Round of 32,Daniel Dutra Da Silva,3.0,2.0,1.0,0.0,2,false,finished,True
H0A4:atp:2021/9639/ms006:BT72,H0A4,Nick Hardt,Antalya 3,CH,2021-11-29,QF,Nuno,Borges,2-6 4-6,Challenger main draw,2021,linked,9991710,1638524100.0,"Antalya 3, Turkey",Challenger,Quarterfinals,Nuno Borges,3.0,2.0,1.0,0.0,2,false,finished,True
H0A4:atp:2021/9639/ms013:D985,H0A4,Nick Hardt,Antalya 3,CH,2021-11-29,R16,Joao,Domingues,6-4 7-5,Challenger main draw,2021,linked,9987667,1638433500.0,"Antalya 3, Turkey",Challenger,Round of 16,Joao Domingues,3.0,2.0,1.0,0.0,1,false,finished,True
H0A4:atp:2021/9639/ms026:DF88,H0A4,Nick Hardt,Antalya 3,CH,2021-11-29,R32,Aziz,Dougaz,6-2 6-2,Challenger main draw,2021,linked,9982437,1638264000.0,"Antalya 3, Turkey",Challenger,Round of 32,Aziz Dougaz,3.0,2.0,1.0,0.0,1,false,finished,True
H0A4:atp:2021/9649/ms005:FC49,H0A4,Nick Hardt,Antalya 4,CH,2021-12-06,QF,Giovanni,Fonio,6-7(0) 2-6,Challenger main draw,2021,linked,10004584,1639119600.0,"Antalya 4, Turkey",Challenger,Quarterfinals,Giovanni Fonio,3.0,2.0,1.0,0.0,2,false,finished,True
H0A4:atp:2021/9649/ms011:BV25,H0A4,Nick Hardt,Antalya 4,CH,2021-12-06,R16,Javier,Barranco Cosano,5-7 6-0 6-2,Challenger main draw,2021,linked,10003238,1639042200.0,"Antalya 4, Turkey",Challenger,Round of 16,Javier Barranco Cosano,3.0,2.0,1.0,0.0,1,false,finished,True
H0A4:atp:2021/9649/ms022:K0DP,H0A4,Nick Hardt,Antalya 4,CH,2021-12-06,R32,Oleksii,Krutykh,7-5 6-3,Challenger main draw,2021,linked,9995169,1638962100.0,"Antalya 4, Turkey",Challenger,Round of 32,Oleksii Krutykh,3.0,2.0,1.0,0.0,2,false,finished,True
H0A4:atp:2021/9653/ms014:BT68,H0A4,Nick Hardt,Maia 2,CH,2021-12-13,R16,Elliot,Benchetrit,3-6 4-6,Challenger main draw,2021,linked,10014924,1639652400.0,"Maia 2, Portugal",Challenger,Round of 16,Elliot Benchetrit,3.0,2.0,1.0,0.0,absent,false,finished,False
H0A4:atp:2021/9653/ms028:D985,H0A4,Nick Hardt,Maia 2,CH,2021-12-13,R32,Joao,Domingues,6-3 5-7 6-3,Challenger main draw,2021,linked,10009480,1639503000.0,"Maia 2, Portugal",Challenger,Round of 32,Joao Domingues,3.0,2.0,1.0,0.0,2,false,finished,True
H0A4:atp:2022/9194/ms013:R09X,H0A4,Nick Hardt,Columbus,CH,2022-01-24,R16,Jurij,Rodionov,3-6 2-6,Challenger main draw,2022,unobserved,,,,,,,,,,,,,,False
H0A4:atp:2022/9194/ms026:H940,H0A4,Nick Hardt,Columbus,CH,2022-01-24,R32,Ryan,Harrison,6-4 7-6(3),Challenger main draw,2022,unobserved,,,,,,,,,,,,,,False
H0A4:atp:2022/9194/qs013:N0AM,H0A4,Nick Hardt,Columbus,CH,2022-01-24,Q2,Emilio,Nava,6-2 4-6 6-0,Challenger qualifying,2022,unobserved,,,,,,,,,,,,,,False
H0A4:atp:2022/9194/qs027:M0PB,H0A4,Nick Hardt,Columbus,CH,2022-01-24,Q1,Chad,Miller,6-1 6-0,Challenger qualifying,2022,linked,10020449,1642896000.0,"Columbus, USA, Qualifying",Challenger,Qualification round 1,Chad Miller,3.0,2.0,1.0,0.0,absent,false,finished,False
H0A4:atp:2022/9154/qs010:GK06,H0A4,Nick Hardt,Cleveland,CH,2022-01-31,Q2,Alexis,Galarneau,3-6 2-6,Challenger qualifying,2022,unobserved,,,,,,,,,,,,,,False
H0A4:atp:2022/9154/qs021:AB71,H0A4,Nick Hardt,Cleveland,CH,2022-01-31,Q1,JC,Aragone,6-3 6-4,Challenger qualifying,2022,unobserved,,,,,,,,,,,,,,False
H0A4:atp:2022/8247/ms005:A0B6,H0A4,Nick Hardt,M25 Cancun,FU,2022-02-14,QF,Jaimee Floyd,Angele,6-1 6-7(10) 3-6,ITF main draw,2022,unobserved,,,,,,,,,,,,,,False
H0A4:atp:2022/8247/ms010:GB41,H0A4,Nick Hardt,M25 Cancun,FU,2022-02-14,R16,Juan Sebastian,Gomez,6-3 7-6(2),ITF main draw,2022,unobserved,,,,,,,,,,,,,,False
H0A4:atp:2022/8247/ms020:N0DR,H0A4,Nick Hardt,M25 Cancun,FU,2022-02-14,R32,Bryce,Nakashima,6-4 6-1,ITF main draw,2022,unobserved,,,,,,,,,,,,,,False
H0A4:atp:2022/7197/ms001:W857,H0A4,Nick Hardt,M25 Santo Domingo,FU,2022-02-21,F,Tung-Lin,Wu,5-7 3-6,ITF main draw,2022,linked,10159366,1645974000.0,"Dominican Republic F1, Singles",ITF Men,Final,Tung-Lin Wu,3.0,2.0,0.0,0.0,1,false,finished,True
H0A4:atp:2022/7197/ms002:CF88,H0A4,Nick Hardt,M25 Santo Domingo,FU,2022-02-21,SF,Roberto,Cid Subervi,6-1 7-6(5),ITF main draw,2022,linked,10157977,1645885800.0,"Dominican Republic F1, Singles",ITF Men,Semifinals,Roberto Cid Subervi,3.0,2.0,0.0,0.0,2,false,finished,True
H0A4:atp:2022/7197/ms005:PF65,H0A4,Nick Hardt,M25 Santo Domingo,FU,2022-02-21,QF,Filip,Peliwo,6-1 6-1,ITF main draw,2022,linked,10156430,1645799400.0,"Dominican Republic F1, Singles",ITF Men,Quarterfinals,Filip Peliwo,3.0,2.0,0.0,0.0,1,false,finished,True
H0A4:atp:2022/7197/ms010:BP79,H0A4,Nick Hardt,M25 Santo Domingo,FU,2022-02-21,R16,Peter,Bertran,6-1 6-3,ITF main draw,2022,unobserved,,,,,,,,,,,,,,False
H0A4:atp:2022/7197/ms020:L0G8,H0A4,Nick Hardt,M25 Santo Domingo,FU,2022-02-21,R32,Victor,Lilov,6-0 6-2,ITF main draw,2022,unobserved,,,,,,,,,,,,,,False
H0A4:atp:2022/9699/ms000:T0AB,H0A4,Nick Hardt,G2 DOM vs VIE Round 1,DC,2022-02-28,RR,Linh Giang,Trinh,6-1 6-4,Davis Cup,2022,linked,10172794,1646406000.0,"Davis Cup Single Matches, Group I-V",Davis Cup,Qualification,Linh Giang Trinh,3.0,0.0,0.0,1.0,1,false,finished,True
H0A4:atp:2022/9820/ms023:BS86,H0A4,Nick Hardt,Santa Cruz De La Sierra 2,CH,2022-03-21,R32,Tomas,Barrios Vera,3-6 6-3 1-6,Challenger main draw,2022,linked,10203658,1647981300.0,"Santa Cruz 2, Bolivia",Challenger,Round of 32,Tomás Barrios Vera,3.0,2.0,1.0,0.0,absent,false,finished,False
H0A4:atp:2022/59/ms022:AC58,H0A4,Nick Hardt,Salinas,CH,2022-04-04,R32,Nicolas,Alvarez,7-6(2) 6-7(3) 1-6,Challenger main draw,2022,linked,10232798,1649179800.0,"Salinas, Ecuador",Challenger,Round of 32,N. Álvarez,1.0,2.0,1.0,0.0,absent,false,finished,False
H0A4:atp:2022/5069/qs024:EA13,H0A4,Nick Hardt,Sarasota,CH,2022-04-11,Q1,Moez,Echargui,4-6 4-6,Challenger qualifying,2022,linked,10245275,1649603700.0,"Sarasota, USA, Qualifying",Challenger,Round of 16,Moez Echargui,3.0,1.0,1.0,0.0,absent,false,finished,False
H0A4:atp:2022/692/qs020:MM78,H0A4,Nick Hardt,Tallahassee,CH,2022-04-18,Q1,Jonathan,Mridha,1-6 3-6,Challenger qualifying,2022,linked,10259080,1650204000.0,"Tallahassee, USA, Qualifying",Challenger,Qualification round 1,Jonathan Mridha,3.0,2.0,1.0,0.0,absent,false,finished,False
H0A4:atp:2022/1200/ms013:D985,H0A4,Nick Hardt,Salvador De Bahia,CH,2022-05-02,R16,Joao,Domingues,6-4 0-6 1-6,Challenger main draw,2022,linked,10278440,1651669200.0,"Salvador De Bahia, Brazil",Challenger,Round of 16,Joao Domingues,3.0,2.0,1.0,0.0,absent,false,finished,False
H0A4:atp:2022/1200/ms026:C0DF,H0A4,Nick Hardt,Salvador De Bahia,CH,2022-05-02,R32,Francisco,Comesana,7-6(6) 6-4,Challenger main draw,2022,linked,10284851,1651582800.0,"Salvador De Bahia, Brazil",Challenger,Round of 32,Francisco Comesaña,3.0,2.0,1.0,0.0,absent,false,finished,False
H0A4:atp:2022/7707/ms024:A09T,H0A4,Nick Hardt,Francavilla al Mare,CH,2022-05-16,R32,Dan,Added,4-6 6-1 3-6,Challenger main draw,2022,unobserved,,,,,,,,,,,,,,False
H0A4:atp:2022/331/ms005:L0CX,H0A4,Nick Hardt,M25 Mataro,FU,2022-05-23,QF,Pablo,Llamas Ruiz,3-6 4-6,ITF main draw,2022,unobserved,,,,,,,,,,,,,,False
H0A4:atp:2022/331/ms011:R0BF,H0A4,Nick Hardt,M25 Mataro,FU,2022-05-23,R16,Franco,Ribero,6-1 7-5,ITF main draw,2022,unobserved,,,,,,,,,,,,,,False
H0A4:atp:2022/331/ms023:GE28,H0A4,Nick Hardt,M25 Mataro,FU,2022-05-23,R32,Ivan,Gakhov,6-2 1-6 6-3,ITF main draw,2022,unobserved,,,,,,,,,,,,,,False
H0A4:atp:2022/9879/ms001:LC12,H0A4,Nick Hardt,M25 La Nucia,FU,2022-05-30,F,Laurent,Lokoli,6-0 6-4,ITF main draw,2022,unobserved,,,,,,,,,,,,,,False
H0A4:atp:2022/9879/ms003:RB60,H0A4,Nick Hardt,M25 La Nucia,FU,2022-05-30,SF,Oriol,Roca Batalla,7-6(5) 6-3,ITF main draw,2022,unobserved,,,,,,,,,,,,,,False
H0A4:atp:2022/9879/ms006:J737,H0A4,Nick Hardt,M25 La Nucia,FU,2022-05-30,QF,Facundo,Juarez,4-6 7-6(6) 7-5,ITF main draw,2022,unobserved,,,,,,,,,,,,,,False
H0A4:atp:2022/9879/ms013:M0EY,H0A4,Nick Hardt,M25 La Nucia,FU,2022-05-30,R16,Alex,Marti Pujolras,6-2 7-5,ITF main draw,2022,unobserved,,,,,,,,,,,,,,False
H0A4:atp:2022/9879/ms027:C0KH,H0A4,Nick Hardt,M25 La Nucia,FU,2022-05-30,R32,Julio,Cesar Porras,6-4 6-0,ITF main draw,2022,unobserved,,,,,,,,,,,,,,False
H0A4:atp:2022/1208/ms004:FA43,H0A4,Nick Hardt,Corrientes,CH,2022-06-13,QF,Juan Pablo,Ficovich,6-7(4) 4-6,Challenger main draw,2022,linked,10368984,1655493300.0,"Corrientes, Argentina",Challenger,Quarterfinals,Juan Pablo Ficovich,3.0,2.0,1.0,0.0,absent,false,finished,False
H0A4:atp:2022/1208/ms009:H0DU,H0A4,Nick Hardt,Corrientes,CH,2022-06-13,R16,Gustavo,Heide,6-1 3-2,Challenger main draw,2022,linked,10367714,1655298000.0,"Corrientes, Argentina",Challenger,Round of 16,Gustavo Heide,3.0,2.0,1.0,0.0,absent,false,finished,False
H0A4:atp:2022/1208/ms019:T0AF,H0A4,Nick Hardt,Corrientes,CH,2022-06-13,R32,Fermin,Tenti,6-2 7-5,Challenger main draw,2022,unobserved,,,,,,,,,,,,,,False
H0A4:atp:2022/1210/ms009:N0BS,H0A4,Nick Hardt,Buenos Aires (Argentino),CH,2022-06-20,R16,Mariano,Navone,1-6 6-4 0-6,Challenger main draw,2022,linked,10381310,1655996100.0,"Buenos Aires, Argentina",Challenger,Round of 16,Mariano Navone,3.0,2.0,1.0,0.0,absent,false,finished,False
H0A4:atp:2022/1210/ms019:T0AF,H0A4,Nick Hardt,Buenos Aires (Argentino),CH,2022-06-20,R32,Fermin,Tenti,6-1 6-1,Challenger main draw,2022,linked,10397864,1655825100.0,"Buenos Aires, Argentina",Challenger,Round of 32,Fermin Tenti,3.0,2.0,1.0,0.0,absent,false,finished,False
H0A4:atp:2022/9814/ms030:J737,H0A4,Nick Hardt,Cali,CH,2022-06-27,R32,Facundo,Juarez,6-4 6-7(5) 3-6,Challenger main draw,2022,linked,10414857,1656358800.0,"Cali, Colombia",Challenger,Round of 32,Facundo Juarez,3.0,2.0,1.0,0.0,absent,false,finished,False
H0A4:atp:2022/7389/ms003:FA43,H0A4,Nick Hardt,Bogota,CH,2022-07-04,SF,Juan Pablo,Ficovich,1-6 6-2 2-6,Challenger main draw,2022,linked,10420782,1657390500.0,"Bogota, Colombia",Challenger,Semifinals,Juan Pablo Ficovich,3.0,2.0,1.0,0.0,absent,false,finished,False
H0A4:atp:2022/7389/ms006:J737,H0A4,Nick Hardt,Bogota,CH,2022-07-04,QF,Facundo,Juarez,7-5 6-3,Challenger main draw,2022,linked,10420772,1657302300.0,"Bogota, Colombia",Challenger,Quarterfinals,Facundo Juarez,3.0,2.0,1.0,0.0,absent,false,finished,False
H0A4:atp:2022/7389/ms013:H0C9,H0A4,Nick Hardt,Bogota,CH,2022-07-04,R16,Arklon,Huertas Del Pino Cordova,6-0 6-3,Challenger main draw,2022,linked,10420768,1657119600.0,"Bogota, Colombia",Challenger,Round of 16,Arklon Huertas Del Pino Cordova,3.0,2.0,1.0,0.0,absent,false,finished,False
H0A4:atp:2022/7389/ms027:K0AZ,H0A4,Nick Hardt,Bogota,CH,2022-07-04,R32,Aleksandar,Kovacevic,6-3 6-2,Challenger main draw,2022,linked,10432602,1657033200.0,"Bogota, Colombia",Challenger,Round of 32,Aleksandar Kovačević,3.0,2.0,1.0,0.0,absent,false,finished,False
H0A4:atp:2022/9554/ms002:M0EA,H0A4,Nick Hardt,M25 Esch/Alzette,FU,2022-07-18,SF,Pol,Martin Tiffon,4-6 4-6,ITF main draw,2022,linked,10509148,1658585400.0,"2022 Luxembourg F1, Singles",ITF Men,Semifinals,Pol Martin Tiffon,3.0,2.0,0.0,0.0,1,false,finished,True
H0A4:atp:2022/9554/ms005:LF29,H0A4,Nick Hardt,M25 Esch/Alzette,FU,2022-07-18,QF,Alvaro,Lopez San Martin,6-3 6-0,ITF main draw,2022,linked,10506322,1658497200.0,"2022 Luxembourg F1, Singles",ITF Men,Quarterfinals,A. López San Martín,1.0,2.0,0.0,0.0,1,false,finished,True
H0A4:atp:2022/9554/ms010:G0CV,H0A4,Nick Hardt,M25 Esch/Alzette,FU,2022-07-18,R16,Buvaysar,Gadamauri,7-5 6-4,ITF main draw,2022,linked,10498289,1658394000.0,"2022 Luxembourg F1, Singles",ITF Men,Round of 16,Buvaysar Gadamauri,3.0,2.0,0.0,0.0,1,false,finished,True
H0A4:atp:2022/9554/ms020:V0BP,H0A4,Nick Hardt,M25 Esch/Alzette,FU,2022-07-18,R32,Marlon,Vankan,6-2 6-2,ITF main draw,2022,linked,10496158,1658226000.0,"2022 Luxembourg F1, Singles",ITF Men,Round of 32,Marlon Vankan,3.0,2.0,0.0,0.0,2,false,finished,True
H0A4:atp:2022/1586/ms001:N0BS,H0A4,Nick Hardt,M25 Denia,FU,2022-07-25,F,Mariano,Navone,3-6 6-3 6-2,ITF main draw,2022,unobserved,,,,,,,,,,,,,,False
H0A4:atp:2022/1586/ms003:DA86,H0A4,Nick Hardt,M25 Denia,FU,2022-07-25,SF,Joris,De Loore,6-3 6-3,ITF main draw,2022,unobserved,,,,,,,,,,,,,,False
H0A4:atp:2022/1586/ms007:M0GX,H0A4,Nick Hardt,M25 Denia,FU,2022-07-25,QF,Javier,Molino,6-2 6-1,ITF main draw,2022,linked,10527900,1659090000.0,"Spain F18, Singles",ITF Men,Quarterfinals,Javier Molino,3.0,2.0,0.0,0.0,2,false,finished,True
H0A4:atp:2022/1586/ms015:O0AP,H0A4,Nick Hardt,M25 Denia,FU,2022-07-25,R16,Vicente,Oliver Moratalla,6-1 6-4,ITF main draw,2022,linked,10524592,1659016800.0,"Spain F18, Singles",ITF Men,Round of 16,V. Oliver Moratalla,1.0,2.0,0.0,0.0,2,false,finished,True
H0A4:atp:2022/1586/ms031:N0BA,H0A4,Nick Hardt,M25 Denia,FU,2022-07-25,R32,Axel,Nefve,6-1 6-0,ITF main draw,2022,linked,10520076,1658932800.0,"Spain F18, Singles",ITF Men,Round of 32,Axel Nefve,3.0,2.0,0.0,0.0,1,false,finished,True
H0A4:atp:2022/572/ms001:M0AC,H0A4,Nick Hardt,M25 Wetzlar,FU,2022-08-01,F,Rudolf,Molleker,6-7(3) 1-6,ITF main draw,2022,unobserved,,,,,,,,,,,,,,False
H0A4:atp:2022/572/ms002:C0JP,H0A4,Nick Hardt,M25 Wetzlar,FU,2022-08-01,SF,Raphael,Collignon,1-6 6-1 6-2,ITF main draw,2022,unobserved,,,,,,,,,,,,,,False
H0A4:atp:2022/572/ms004:CH12,H0A4,Nick Hardt,M25 Wetzlar,FU,2022-08-01,QF,Jan,Choinski,6-3 6-4,ITF main draw,2022,unobserved,,,,,,,,,,,,,,False
H0A4:atp:2022/572/ms008:R0ED,H0A4,Nick Hardt,M25 Wetzlar,FU,2022-08-01,R16,Max Hans,Rehberg,6-0 6-2,ITF main draw,2022,unobserved,,,,,,,,,,,,,,False
H0A4:atp:2022/572/ms016:MK26,H0A4,Nick Hardt,M25 Wetzlar,FU,2022-08-01,R32,Jules,Marie,6-4 4-6 6-3,ITF main draw,2022,unobserved,,,,,,,,,,,,,,False
H0A4:atp:2022/7201/ms011:T0A1,H0A4,Nick Hardt,Santo Domingo,CH,2022-08-15,R16,Thiago Agustin,Tirante,2-6 4-6,Challenger main draw,2022,unobserved,,,,,,,,,,,,,,False
H0A4:atp:2022/7201/ms022:LB07,H0A4,Nick Hardt,Santo Domingo,CH,2022-08-15,R32,Gonzalo,Lama,6-2 6-2,Challenger main draw,2022,unobserved,,,,,,,,,,,,,,False
H0A4:atp:2022/4206/ms000:O0BQ,H0A4,Nick Hardt,G2 LAT vs DOM Round 1,DC,2022-09-12,RR,Karlis,Ozolins,3-6 4-6,Davis Cup,2022,linked,10688844,1663342200.0,"Davis Cup Single Matches, Group I-V",Davis Cup,absent,Karlis Ozolins,3.0,0.0,0.0,1.0,1,false,finished,True
H0A4:atp:2022/4206/ms000:T0HY,H0A4,Nick Hardt,G2 LAT vs DOM Round 1,DC,2022-09-12,RR,Daniels,Tens,6-2 6-2,Davis Cup,2022,linked,10692862,1663398000.0,"Davis Cup Single Matches, Group I-V",Davis Cup,absent,Daniels Tens,3.0,0.0,0.0,2.0,absent,false,finished,False
H0A4:atp:2022/7913/ms029:S0GR,H0A4,Nick Hardt,Braga,CH,2022-09-19,R32,Timofey,Skatov,4-6 0-6,Challenger main draw,2022,linked,10693599,1663671600.0,"Braga, Portugal",Challenger,Round of 32,Timofey Skatov,3.0,2.0,1.0,0.0,absent,false,finished,False
H0A4:atp:2022/7742/qs020:F0F2,H0A4,Nick Hardt,Lisbon,CH,2022-09-26,Q1,Jaime,Faria,3-6,Challenger qualifying,2022,linked,10713171,1664112600.0,"Lisbon, Portugal, Qualifying",Challenger,Qualification round 1,Jaime Faria,3.0,2.0,1.0,0.0,absent,false,finished,False
H0A4:atp:2022/7909/ms001:KI63,H0A4,Nick Hardt,Alicante,CH,2022-10-03,F,Lukas,Klein,3-6 4-6,Challenger main draw,2022,unobserved,,,,,,,,,,,,,,False
H0A4:atp:2022/7909/ms003:A0FC,H0A4,Nick Hardt,Alicante,CH,2022-10-03,SF,Matteo,Arnaldi,5-7 7-5 6-4,Challenger main draw,2022,linked,10720584,1665225000.0,"Alicante, Spain",Challenger,Semifinals,Matteo Arnaldi,3.0,2.0,1.0,0.0,absent,false,finished,False
H0A4:atp:2022/7909/ms007:N0AM,H0A4,Nick Hardt,Alicante,CH,2022-10-03,QF,Emilio,Nava,6-7(5) 7-6(3) 6-1,Challenger main draw,2022,linked,10720589,1665158400.0,"Alicante, Spain",Challenger,Quarterfinals,Emilio Nava,3.0,2.0,1.0,0.0,absent,false,finished,False
H0A4:atp:2022/7909/ms015:A09U,H0A4,Nick Hardt,Alicante,CH,2022-10-03,R16,Nicolas,Alvarez Varona,7-6(6) 6-4,Challenger main draw,2022,linked,10720587,1665068700.0,"Alicante, Spain",Challenger,Round of 16,Nicolas Alvarez Varona,3.0,2.0,1.0,0.0,absent,false,finished,False
H0A4:atp:2022/7909/ms031:BU54,H0A4,Nick Hardt,Alicante,CH,2022-10-03,R32,Geoffrey,Blancaneaux,6-2 1-0,Challenger main draw,2022,linked,10731030,1664894400.0,"Alicante, Spain",Challenger,Round of 32,Geoffrey Blancaneaux,3.0,2.0,1.0,0.0,absent,false,finished,False
H0A4:atp:2022/9552/ms011:R0EB,H0A4,Nick Hardt,Saint-Tropez,CH,2022-10-10,R16,Valentin,Royer,3-6 4-6,Challenger main draw,2022,unobserved,,,,,,,,,,,,,,False
H0A4:atp:2022/9552/ms022:B0AY,H0A4,Nick Hardt,Saint-Tropez,CH,2022-10-10,R32,Jurgen,Briand,3-6 7-5 6-3,Challenger main draw,2022,unobserved,,,,,,,,,,,,,,False
H0A4:atp:2022/2821/ms013:SX91,H0A4,Nick Hardt,Sao Leopoldo,CH,2022-11-14,R16,Thiago,Seyboth Wild,1-6 2-6,Challenger main draw,2022,unobserved,,,,,,,,,,,,,,False
H0A4:atp:2022/2821/ms026:LA54,H0A4,Nick Hardt,Sao Leopoldo,CH,2022-11-14,R32,Wilson,Leite,6-4 3-6 6-2,Challenger main draw,2022,unobserved,,,,,,,,,,,,,,False
H0A4:atp:2022/2829/ms005:M0AW,H0A4,Nick Hardt,Temuco,CH,2022-11-21,QF,Nicolas,Mejia,7-6(1) 4-6 4-6,Challenger main draw,2022,unobserved,,,,,,,,,,,,,,False
H0A4:atp:2022/2829/ms010:A09P,H0A4,Nick Hardt,Temuco,CH,2022-11-21,R16,Alafia,Ayeni,6-3 3-6 7-5,Challenger main draw,2022,unobserved,,,,,,,,,,,,,,False
H0A4:atp:2022/2829/ms020:BU64,H0A4,Nick Hardt,Temuco,CH,2022-11-21,R32,Nicolas,Bruna,6-1 6-3,Challenger main draw,2022,unobserved,,,,,,,,,,,,,,False
H0A4:atp:2022/4274/ms001:D0DP,H0A4,Nick Hardt,M15 Santo Domingo,FU,2022-11-28,F,Liam,Draxl,6-4 6-3,ITF main draw,2022,linked,10920353,1670166000.0,"Santo Domingo, Singles Main, M-ITF-DOM-08A",ITF Men,Final,Liam Draxl,3.0,2.0,1.0,0.0,2,false,finished,True
H0A4:atp:2022/4274/ms002:L0G8,H0A4,Nick Hardt,M15 Santo Domingo,FU,2022-11-28,SF,Victor,Lilov,6-3 6-3,ITF main draw,2022,linked,10918584,1670082900.0,"Santo Domingo, Singles Main, M-ITF-DOM-08A",ITF Men,Semifinals,Victor Lilov,3.0,2.0,1.0,0.0,2,false,finished,True
H0A4:atp:2022/4274/ms004:D0H9,H0A4,Nick Hardt,M15 Santo Domingo,FU,2022-11-28,QF,Guy,Den Ouden,7-5 3-6 6-4,ITF main draw,2022,linked,10916944,1669994700.0,"Santo Domingo, Singles Main, M-ITF-DOM-08A",ITF Men,Quarterfinals,Guy Den Ouden,3.0,2.0,1.0,0.0,1,false,finished,True
H0A4:atp:2022/4274/ms008:S0M9,H0A4,Nick Hardt,M15 Santo Domingo,FU,2022-11-28,R16,Marko,Stakusic,,ITF main draw,2022,linked,10910269,1669907400.0,"Santo Domingo, Singles Main, M-ITF-DOM-08A",ITF Men,Round of 16,Marko Stakusic,3.0,2.0,1.0,0.0,absent,false,finished,False
H0A4:atp:2022/4274/ms016:M0RX,H0A4,Nick Hardt,M15 Santo Domingo,FU,2022-11-28,R32,Kenta,Miyoshi,6-2 6-4,ITF main draw,2022,unobserved,,,,,,,,,,,,,,False
H0A4:atp:2023/580/qs091:Y218,H0A4,Nick Hardt,Australian Open,GS,2023-01-16,Q1,Elias,Ymer,6-7(5) 2-6,Tour qualifying,2023,linked,10978089,1673218800.0,"Australian Open, Melbourne, Australia, Qualifying",ATP,Qualification round 1,Elias Ymer,3.0,2.0,1.0,0.0,2,false,finished,True
H0A4:atp:2023/9623/ms011:S0H2,H0A4,Nick Hardt,Tenerife 1,CH,2023-01-16,R16,Aleksandr,Shevchenko,4-6 4-6,Challenger main draw,2023,linked,10982726,1674124200.0,"Tenerife, Spain",Challenger,Round of 16,Aleksandr Shevchenko,3.0,2.0,1.0,0.0,absent,false,finished,False
H0A4:atp:2023/9623/ms022:RH59,H0A4,Nick Hardt,Tenerife 1,CH,2023-01-16,R32,Santiago,Rodriguez Taverna,6-2 7-6(5),Challenger main draw,2023,linked,10992352,1673959500.0,"Tenerife, Spain",Challenger,Round of 32,Santiago Rodriguez Taverna,3.0,2.0,1.0,0.0,absent,false,finished,False
H0A4:atp:2023/6239/ms028:DB59,H0A4,Nick Hardt,Quimper,CH,2023-01-23,R32,Dennis,Novak,1-6 2-6,Challenger main draw,2023,linked,11013869,1674643500.0,"Quimper, France",Challenger,Round of 32,Dennis Novak,3.0,2.0,1.0,0.0,absent,false,finished,False
H0A4:atp:2023/6239/qs008:TC95,H0A4,Nick Hardt,Quimper,CH,2023-01-23,Q2,Johan,Tatlot,1-6 3-6,Challenger qualifying,2023,linked,11009980,1674560100.0,"Quimper, France, Qualifying",Challenger,absent,Johan Tatlot,3.0,1.0,1.0,0.0,absent,false,finished,False
H0A4:atp:2023/6239/qs016:SY72,H0A4,Nick Hardt,Quimper,CH,2023-01-23,Q1,Reese,Stalder,6-3 1-6 6-2,Challenger qualifying,2023,linked,11008390,1674483300.0,"Quimper, France, Qualifying",Challenger,Qualification round 1,Reese Stalder,3.0,2.0,1.0,0.0,absent,false,finished,False
H0A4:atp:2023/4290/ms000:CN78,H0A4,Nick Hardt,G2 MON vs DOM Round 1,DC,2023-01-30,RR,Lucas,Catarina,3-6 4-6,Davis Cup,2023,linked,11037651,1675515600.0,"Davis Cup Single Matches, Group I-V",Davis Cup,absent,Lucas Catarina,3.0,0.0,0.0,2.0,1,false,finished,True
H0A4:atp:2023/7468/ms004:BI81,H0A4,Nick Hardt,M25 Santo Domingo,FU,2023-02-20,QF,Alex,Bolt,4-6 2-6,ITF main draw,2023,unobserved,,,,,,,,,,,,,,False
H0A4:atp:2023/7468/ms008:HG90,H0A4,Nick Hardt,M25 Santo Domingo,FU,2023-02-20,R16,Conner,Huertas del Pino,6-4 6-0,ITF main draw,2023,linked,11077529,1677170100.0,"Santo Domingo, Singles Main, M-ITF-DOM-02A",ITF Men,Round of 16,Connor Huertas Del Pino,1.0,2.0,1.0,0.0,1,false,finished,True
H0A4:atp:2023/7468/ms016:BK09,H0A4,Nick Hardt,M25 Santo Domingo,FU,2023-02-20,R32,Luis,Britto,6-0,ITF main draw,2023,linked,11077558,1677090900.0,"Santo Domingo, Singles Main, M-ITF-DOM-02A",ITF Men,Round of 32,Luis Britto,3.0,2.0,1.0,0.0,2,false,finished,True
H0A4:atp:2023/2857/ms013:K0AZ,H0A4,Nick Hardt,Waco,CH,2023-02-27,R16,Aleksandar,Kovacevic,2-6 1-6,Challenger main draw,2023,unobserved,,,,,,,,,,,,,,False
H0A4:atp:2023/2857/ms026:K0EU,H0A4,Nick Hardt,Waco,CH,2023-02-27,R32,Toby,Kodat,6-3 6-4,Challenger main draw,2023,unobserved,,,,,,,,,,,,,,False
H0A4:atp:2023/404/qs045:DA81,H0A4,Nick Hardt,ATP Masters 1000 Indian Wells,1000,2023-03-06,Q1,Taro,Daniel,7-5 1-6 4-6,Tour qualifying,2023,unobserved,,,,,,,,,,,,,,False
H0A4:atp:2023/8375/ms029:CG94,H0A4,Nick Hardt,Mexico City,CH,2023-03-27,R32,Enzo,Couacaud,7-6(4) 5-7 3-6,Challenger main draw,2023,unobserved,,,,,,,,,,,,,,False
H0A4:atp:2023/213/ms023:Y171,H0A4,Nick Hardt,San Luis Potosi,CH,2023-04-03,R32,Denis,Yevseyev,5-7 6-7(1),Challenger main draw,2023,unobserved,,,,,,,,,,,,,,False
H0A4:atp:2023/1210/ms009:V821,H0A4,Nick Hardt,Buenos Aires (Argentino),CH,2023-04-24,R16,Gonzalo,Villanueva,5-7 6-1 5-7,Challenger main draw,2023,unobserved,,,,,,,,,,,,,,False
H0A4:atp:2023/1210/ms019:M0OH,H0A4,Nick Hardt,Buenos Aires (Argentino),CH,2023-04-24,R32,Lautaro,Midon,6-4 6-4,Challenger main draw,2023,unobserved,,,,,,,,,,,,,,False
H0A4:atp:2023/1202/ms004:R0A7,H0A4,Nick Hardt,Coquimbo,CH,2023-05-01,QF,Joao Lucas,Reis Da Silva,3-6 7-6(5) 1-6,Challenger main draw,2023,linked,11238839,1683216600.0,"Coquimbo, Chile",Challenger,Quarterfinals,Joao Lucas Reis da Silva,3.0,2.0,1.0,0.0,absent,false,finished,False
H0A4:atp:2023/1202/ms008:PC09,H0A4,Nick Hardt,Coquimbo,CH,2023-05-01,R16,Jose,Pereira,7-5 6-2,Challenger main draw,2023,linked,11238829,1683134700.0,"Coquimbo, Chile",Challenger,Round of 16,Jose Pereira,3.0,2.0,1.0,0.0,absent,false,finished,False
H0A4:atp:2023/1202/ms016:M0OH,H0A4,Nick Hardt,Coquimbo,CH,2023-05-01,R32,Lautaro,Midon,6-4 6-3,Challenger main draw,2023,unobserved,,,,,,,,,,,,,,False
H0A4:atp:2023/7077/ms009:SQ80,H0A4,Nick Hardt,Prague 2,CH,2023-05-08,R16,Akira,Santillan,6-4 4-6 3-6,Challenger main draw,2023,linked,11254685,1683716100.0,"Prague 2, Czech Republic",Challenger,Round of 16,Akira Santillan,3.0,2.0,1.0,0.0,absent,false,finished,False
H0A4:atp:2023/7077/ms018:GB53,H0A4,Nick Hardt,Prague 2,CH,2023-05-08,R32,Federico,Gaio,6-2 6-4,Challenger main draw,2023,linked,11264037,1683619200.0,"Prague 2, Czech Republic",Challenger,Round of 32,Federico Gaio,3.0,2.0,1.0,0.0,absent,false,finished,False
H0A4:atp:2023/2871/qs016:R09V,H0A4,Nick Hardt,Oeiras 4,CH,2023-05-15,Q1,Eduardo,Ribeiro,6-3 1-6 5-7,Challenger qualifying,2023,linked,11280385,1684064700.0,"Oeiras 4, Portugal, Qualifying",Challenger,Qualification round 1,Eduardo Ribeiro,3.0,2.0,1.0,0.0,absent,false,finished,False
H0A4:atp:2023/1204/ms005:GE28,H0A4,Nick Hardt,Troisdorf,CH,2023-05-29,QF,Ivan,Gakhov,6-3 6-7(3) 6-7(4),Challenger main draw,2023,linked,11303346,1685710800.0,"Troisdorf, Germany",Challenger,Quarterfinals,Ivan Gakhov,3.0,2.0,1.0,0.0,absent,false,finished,False
H0A4:atp:2023/1204/ms011:MJ71,H0A4,Nick Hardt,Troisdorf,CH,2023-05-29,R16,Mats,Moraing,6-2 1-6 7-6(4),Challenger main draw,2023,linked,11303350,1685541300.0,"Troisdorf, Germany",Challenger,Round of 16,Mats Moraing,3.0,2.0,1.0,0.0,absent,false,finished,False
H0A4:atp:2023/1204/ms022:T0AP,H0A4,Nick Hardt,Troisdorf,CH,2023-05-29,R32,Chun-Hsin,Tseng,4-6 7-6(2) 6-2,Challenger main draw,2023,linked,11318405,1685439300.0,"Troisdorf, Germany",Challenger,Round of 32,Chun-Hsin Tseng,3.0,2.0,1.0,0.0,absent,false,finished,False
H0A4:atp:2023/1204/qs008:WB25,H0A4,Nick Hardt,Troisdorf,CH,2023-05-29,Q2,Louis,Wessels,6-3 7-6(5),Challenger qualifying,2023,linked,11316493,1685354400.0,"Troisdorf, Germany, Qualifying",Challenger,Qualification round 2,Louis Wessels,3.0,2.0,1.0,0.0,absent,false,finished,False
H0A4:atp:2023/1204/qs016:LF26,H0A4,Nick Hardt,Troisdorf,CH,2023-05-29,Q1,Orlando,Luz,6-3 6-2,Challenger qualifying,2023,linked,11314527,1685272800.0,"Troisdorf, Germany, Qualifying",Challenger,Qualification round 1,Orlando Luz,3.0,2.0,1.0,0.0,absent,false,finished,False
H0A4:atp:2023/520/qs032:KC56,H0A4,Nick Hardt,Roland Garros,GS,2023-05-29,Q2,Aslan,Karatsev,5-7 3-6,Tour qualifying,2023,linked,11305010,1684936800.0,"French Open, Paris, France, Qualifying",ATP,Qualification round 2,Aslan Karatsev,3.0,2.0,0.0,0.0,2,false,finished,True
H0A4:atp:2023/520/qs065:D0HD,H0A4,Nick Hardt,Roland Garros,GS,2023-05-29,Q1,Gabriel,Debru,6-2 1-6 6-3,Tour qualifying,2023,linked,11299145,1684847700.0,"French Open, Paris, France, Qualifying",ATP,Qualification round 1,Gabriel Debru,3.0,2.0,0.0,0.0,1,false,finished,True
H0A4:atp:2023/558/ms016:L0BV,H0A4,Nick Hardt,Prostejov,CH,2023-06-05,R32,Jiri,Lehecka,3-6 4-6,Challenger main draw,2023,linked,11329524,1686044700.0,"Prostejov, Czech Republic",Challenger,Round of 32,Jiri Lehecka,3.0,2.0,1.0,0.0,absent,false,finished,False
H0A4:atp:2023/7536/ms029:PF39,H0A4,Nick Hardt,Lyon,CH,2023-06-12,R32,Lucas,Pouille,7-6(3) 4-6 4-6,Challenger main draw,2023,linked,11342747,1686661200.0,"Lyon, France",Challenger,Round of 32,Lucas Pouille,3.0,2.0,1.0,0.0,absent,false,finished,False
H0A4:atp:2023/540/qs080:A829,H0A4,Nick Hardt,Wimbledon,GS,2023-07-03,Q1,Radu,Albot,2-6 6-7(2),Tour qualifying,2023,unobserved,,,,,,,,,,,,,,False
H0A4:atp:2023/9544/ms029:D0FJ,H0A4,Nick Hardt,Verona,CH,2023-07-24,R32,Luciano,Darderi,4-6 0-6,Challenger main draw,2023,unobserved,,,,,,,,,,,,,,False
H0A4:atp:2023/9542/ms026:M0BN,H0A4,Nick Hardt,Luedenscheid,CH,2023-07-31,R32,Marvin,Moeller,3-6 1-6,Challenger main draw,2023,unobserved,,,,,,,,,,,,,,False
H0A4:atp:2023/7201/ms025:BP79,H0A4,Nick Hardt,Santo Domingo,CH,2023-08-07,R32,Peter,Bertran,3-6 7-5 2-6,Challenger main draw,2023,unobserved,,,,,,,,,,,,,,False
H0A4:atp:2023/6242/qs014:KD35,H0A4,Nick Hardt,Winston-Salem,250,2023-08-21,Q1,Thai-Son,Kwiatkowski,6-7(5) 3-6,Tour qualifying,2023,linked,11553417,1692468900.0,"Winston-Salem, USA, Qualifying",ATP,Qualification round 1,Thai-Son Kwiatkowski,3.0,2.0,1.0,0.0,absent,false,finished,False
H0A4:atp:2023/7973/ms004:M0G4,H0A4,Nick Hardt,Mallorca,CH,2023-08-28,QF,Harold,Mayot,6-2 5-7 2-6,Challenger main draw,2023,linked,11568318,1693591800.0,"Mallorca, Spain",Challenger,Quarterfinals,Harold Mayot,3.0,2.0,1.0,0.0,absent,false,finished,False
H0A4:atp:2023/7973/ms008:MK26,H0A4,Nick Hardt,Mallorca,CH,2023-08-28,R16,Jules,Marie,4-6 6-0 6-1,Challenger main draw,2023,linked,11568313,1693498800.0,"Mallorca, Spain",Challenger,Round of 16,Jules Marie,3.0,2.0,1.0,0.0,absent,false,finished,False
H0A4:atp:2023/7973/ms017:W0BH,H0A4,Nick Hardt,Mallorca,CH,2023-08-28,R32,Coleman,Wong,6-3 3-6 6-4,Challenger main draw,2023,linked,11589147,1693310400.0,"Mallorca, Spain",Challenger,Round of 32,Coleman Wong,3.0,2.0,1.0,0.0,absent,false,finished,False
H0A4:atp:2023/7083/ms002:D923,H0A4,Nick Hardt,Istanbul,CH,2023-09-04,SF,Damir,Dzumhur,4-6 3-6,Challenger main draw,2023,linked,11596635,1694257800.0,"Istanbul, Turkiye",Challenger,Semifinals,Damir Džumhur,3.0,2.0,1.0,0.0,absent,false,finished,False
H0A4:atp:2023/7083/ms004:CH05,H0A4,Nick Hardt,Istanbul,CH,2023-09-04,QF,Altug,Celikbilek,1-6 7-6(5) 4-1,Challenger main draw,2023,linked,11596627,1694165100.0,"Istanbul, Turkiye",Challenger,Quarterfinals,Altug Celikbilek,3.0,2.0,1.0,0.0,absent,false,finished,False
H0A4:atp:2023/7083/ms008:TA46,H0A4,Nick Hardt,Istanbul,CH,2023-09-04,R16,Bernard,Tomic,6-2 3-6 7-6(6),Challenger main draw,2023,linked,11596626,1694078700.0,"Istanbul, Turkiye",Challenger,Round of 16,Bernard Tomić,3.0,2.0,1.0,0.0,absent,false,finished,False
H0A4:atp:2023/7083/ms016:KF17,H0A4,Nick Hardt,Istanbul,CH,2023-09-04,R32,Soonwoo,Kwon,6-0 6-1,Challenger main draw,2023,linked,11607058,1693821600.0,"Istanbul, Turkiye",Challenger,Round of 32,Soonwoo Kwon,3.0,2.0,1.0,0.0,absent,false,finished,False
H0A4:atp:2023/8120/ms004:B0JJ,H0A4,Nick Hardt,M25 Monastir,FU,2023-09-11,QF,Robin,Bertrand,7-6(2) 2-6 1-6,ITF main draw,2023,linked,11641760,1694766600.0,"Monastir, Singles Main, M-ITF-TUN-41A",ITF Men,Quarterfinals,Robin Bertrand,3.0,2.0,1.0,0.0,2,false,finished,True
H0A4:atp:2023/8120/ms008:V0BC,H0A4,Nick Hardt,M25 Monastir,FU,2023-09-11,R16,Cyril,Vandermeersch,7-5 6-1,ITF main draw,2023,linked,11639014,1694680200.0,"Monastir, Singles Main, M-ITF-TUN-41A",ITF Men,Round of 16,Cyril Vandermeersch,3.0,2.0,1.0,0.0,2,false,finished,True
H0A4:atp:2023/8120/ms016:B0NK,H0A4,Nick Hardt,M25 Monastir,FU,2023-09-11,R32,Federico,Bove,6-1 6-1,ITF main draw,2023,linked,11635386,1694599500.0,"Monastir, Singles Main, M-ITF-TUN-41A",ITF Men,Round of 32,Federico Bove,3.0,2.0,1.0,0.0,1,false,finished,True
H0A4:atp:2023/7389/ms011:DC48,H0A4,Nick Hardt,Bogota,CH,2023-09-25,R16,Murkel,Dellien,3-6 2-6,Challenger main draw,2023,linked,11673955,1695826800.0,"Bogota, Colombia",Challenger,Round of 16,Murkel Dellien,3.0,2.0,1.0,0.0,absent,false,finished,False
H0A4:atp:2023/7389/ms023:LF26,H0A4,Nick Hardt,Bogota,CH,2023-09-25,R32,Orlando,Luz,7-6(5) 6-4,Challenger main draw,2023,linked,11684085,1695740400.0,"Bogota, Colombia",Challenger,Round of 32,Orlando Luz,3.0,2.0,1.0,0.0,absent,false,finished,False
H0A4:atp:2023/6307/ms020:C0DF,H0A4,Nick Hardt,Campinas,CH,2023-10-02,R32,Francisco,Comesana,5-7 6-0 2-6,Challenger main draw,2023,unobserved,,,,,,,,,,,,,,False
H0A4:atp:2023/7395/qs022:B0GY,H0A4,Nick Hardt,Buenos Aires,CH,2023-10-09,Q1,Alex,Barrena,4-6 3-6,Challenger qualifying,2023,unobserved,,,,,,,,,,,,,,False
H0A4:atp:2024/2791/qs016:HC21,H0A4,Nick Hardt,Nonthaburi 1,CH,2024-01-01,Q1,Seongchan,Hong,6-1 1-6 3-6,Challenger qualifying,2024,unobserved,,,,,,,,,,,,,,False
H0A4:atp:2024/2795/ms031:J380,H0A4,Nick Hardt,Nonthaburi 2,CH,2024-01-08,R32,Jason,Jung,4-6 2-6,Challenger main draw,2024,unobserved,,,,,,,,,,,,,,False
H0A4:atp:2024/2795/qs012:SX90,H0A4,Nick Hardt,Nonthaburi 2,CH,2024-01-08,Q2,Fajing,Sun,7-5 6-4,Challenger qualifying,2024,unobserved,,,,,,,,,,,,,,False
H0A4:atp:2024/2795/qs024:C0H9,H0A4,Nick Hardt,Nonthaburi 2,CH,2024-01-08,Q1,Credit,Chaiyarin,6-4 6-3,Challenger qualifying,2024,unobserved,,,,,,,,,,,,,,False
H0A4:atp:2024/2801/qs021:FC49,H0A4,Nick Hardt,Nonthaburi 3,CH,2024-01-15,Q1,Giovanni,Fonio,4-6 2-6,Challenger qualifying,2024,linked,11970177,1705208100.0,"Nonthaburi 3, Thailand, Qualifying",Challenger,Qualification round 1,Giovanni Fonio,3.0,2.0,1.0,0.0,2,false,finished,True
H0A4:atp:2024/4486/ms015:MW62,H0A4,Nick Hardt,M25 Antalya,FU,2024-01-29,R16,Nikita,Mashtakov,4-6 6-2 4-6,ITF main draw,2024,linked,12017483,1706770800.0,"Antalya, Singles Main, M-ITF-TUR-04A",ITF Men,Round of 16,Nikita Mashtakov,3.0,2.0,1.0,0.0,2,false,finished,True
H0A4:atp:2024/4486/ms031:G0JF,H0A4,Nick Hardt,M25 Antalya,FU,2024-01-29,R32,Haydar Cem,Gokpinar,6-0 6-1,ITF main draw,2024,linked,12018812,1706702700.0,"Antalya, Singles Main, M-ITF-TUR-04A",ITF Men,Round of 32,Haydar Cem Gokpinar,3.0,2.0,1.0,0.0,absent,false,finished,False
H0A4:atp:2024/4502/ms001:T09X,H0A4,Nick Hardt,M25 Antalya,FU,2024-02-05,F,Clement,Tabur,6-1 6-4,ITF main draw,2024,linked,12058407,1707636600.0,"Antalya, Singles Main, M-ITF-TUR-05A",ITF Men,Final,Clement Tabur,3.0,2.0,1.0,0.0,1,false,finished,True
H0A4:atp:2024/4502/ms003:M0N7,H0A4,Nick Hardt,M25 Antalya,FU,2024-02-05,SF,Daniel,Merida,6-0 6-1,ITF main draw,2024,linked,12058236,1707564600.0,"Antalya, Singles Main, M-ITF-TUR-05A",ITF Men,Semifinals,Daniel Merida,3.0,2.0,1.0,0.0,absent,false,finished,False
H0A4:atp:2024/4502/ms007:HF80,H0A4,Nick Hardt,M25 Antalya,FU,2024-02-05,QF,Hady,Habib,6-0 4-6 6-1,ITF main draw,2024,linked,12054313,1707472800.0,"Antalya, Singles Main, M-ITF-TUR-05A",ITF Men,Quarterfinals,Hady Habib,3.0,2.0,1.0,0.0,1,false,finished,True
H0A4:atp:2024/4502/ms014:R0AI,H0A4,Nick Hardt,M25 Antalya,FU,2024-02-05,R16,Stefano,Reitano,6-0 6-4,ITF main draw,2024,linked,12051707,1707382800.0,"Antalya, Singles Main, M-ITF-TUR-05A",ITF Men,Round of 16,Stefano Reitano,3.0,2.0,1.0,0.0,1,false,finished,True
H0A4:atp:2024/4502/ms028:S0UB,H0A4,Nick Hardt,M25 Antalya,FU,2024-02-05,R32,Denis,Spiridon,6-2 5-2,ITF main draw,2024,linked,12048618,1707303000.0,"Antalya, Singles Main, M-ITF-TUR-05A",ITF Men,Round of 32,Denis Constantin Spiridon,2.0,2.0,1.0,0.0,1,false,finished,True
H0A4:atp:2024/4530/ms001:M0N7,H0A4,Nick Hardt,M25 Antalya,FU,2024-02-12,F,Daniel,Merida,6-4 5-7 3-6,ITF main draw,2024,unobserved,,,,,,,,,,,,,,False
H0A4:atp:2024/4530/ms002:C0B2,H0A4,Nick Hardt,M25 Antalya,FU,2024-02-12,SF,Cezar,Cretu,6-2 7-6(2),ITF main draw,2024,unobserved,,,,,,,,,,,,,,False
H0A4:atp:2024/4530/ms004:T09X,H0A4,Nick Hardt,M25 Antalya,FU,2024-02-12,QF,Clement,Tabur,6-2 7-6(1),ITF main draw,2024,unobserved,,,,,,,,,,,,,,False
H0A4:atp:2024/4530/ms009:T0AA,H0A4,Nick Hardt,M25 Antalya,FU,2024-02-12,R16,Dan Alexandru,Tomescu,6-2 7-6(2),ITF main draw,2024,unobserved,,,,,,,,,,,,,,False
H0A4:atp:2024/4530/ms019:E0AC,H0A4,Nick Hardt,M25 Antalya,FU,2024-02-12,R32,Mathys,Erhard,7-5 4-2,ITF main draw,2024,linked,12064937,1707985800.0,"Antalya, Singles Main, M-ITF-TUR-06A",ITF Men,Round of 32,Mathys Erhard,3.0,2.0,1.0,0.0,1,false,finished,True
H0A4:atp:2024/4565/ms001:KD35,H0A4,Nick Hardt,M25 Santo Domingo,FU,2024-03-04,F,Thai-Son,Kwiatkowski,4-6 4-6,ITF main draw,2024,unobserved,,,,,,,,,,,,,,False
H0A4:atp:2024/4565/ms003:P0ED,H0A4,Nick Hardt,M25 Santo Domingo,FU,2024-03-04,SF,Kiranpal,Pannu,6-1 6-1,ITF main draw,2024,unobserved,,,,,,,,,,,,,,False
H0A4:atp:2024/4565/ms007:M09M,H0A4,Nick Hardt,M25 Santo Domingo,FU,2024-03-04,QF,Ivan,Marrero Curbelo,6-1 6-3,ITF main draw,2024,unobserved,,,,,,,,,,,,,,False
H0A4:atp:2024/4565/ms015:A0B6,H0A4,Nick Hardt,M25 Santo Domingo,FU,2024-03-04,R16,Jaimee Floyd,Angele,3-6 6-3 7-5,ITF main draw,2024,unobserved,,,,,,,,,,,,,,False
H0A4:atp:2024/4565/ms031:M0P3,H0A4,Nick Hardt,M25 Santo Domingo,FU,2024-03-04,R32,Enmanuel,Munoz,6-1 6-0,ITF main draw,2024,unobserved,,,,,,,,,,,,,,False
H0A4:atp:2024/4577/ms031:H0B7,H0A4,Nick Hardt,M25 Santo Domingo,FU,2024-03-11,R32,Trey,Hilderbrand,6-7(4) 6-1 5-7,ITF main draw,2024,unobserved,,,,,,,,,,,,,,False
H0A4:atp:2024/2917/ms002:B0EJ,H0A4,Nick Hardt,Merida,CH,2024-03-18,SF,Tristan,Boyer,1-6 4-6,Challenger main draw,2024,linked,12156231,1711159200.0,"Merida, Mexico",Challenger,Semifinals,Tristan Boyer,3.0,2.0,1.0,0.0,1,false,finished,True
H0A4:atp:2024/2917/ms004:MJ98,H0A4,Nick Hardt,Merida,CH,2024-03-18,QF,Facundo,Mena,6-4 6-4,Challenger main draw,2024,linked,12156226,1711051200.0,"Merida, Mexico",Challenger,Quarterfinals,Facundo Mena,3.0,2.0,1.0,0.0,1,false,finished,True
H0A4:atp:2024/2917/ms008:B0D8,H0A4,Nick Hardt,Merida,CH,2024-03-18,R16,Jacob,Brumm,6-1 6-3,Challenger main draw,2024,linked,12156232,1710967800.0,"Merida, Mexico",Challenger,Round of 16,Jacob Brumm,3.0,2.0,1.0,0.0,1,false,finished,True
H0A4:atp:2024/2917/ms017:PG69,H0A4,Nick Hardt,Merida,CH,2024-03-18,R32,Juan Pablo,Paz,6-4 3-6 6-3,Challenger main draw,2024,unobserved,,,,,,,,,,,,,,False
H0A4:atp:2024/4605/ms008:DH55,H0A4,Nick Hardt,M25 Tarragona,FU,2024-03-25,R16,Michiel,De Krom,4-6 5-7,ITF main draw,2024,linked,12200135,1711631400.0,"Tarragona, Singles Main, M-ITF-ESP-06A",ITF Men,Round of 16,Michiel De Krom,3.0,2.0,1.0,0.0,1,false,finished,True
H0A4:atp:2024/4605/ms016:R0IL,H0A4,Nick Hardt,M25 Tarragona,FU,2024-03-25,R32,Iliyan,Radulov,5-7 7-5 6-3,ITF main draw,2024,linked,12197282,1711535400.0,"Tarragona, Singles Main, M-ITF-ESP-06A",ITF Men,Round of 32,Iliyan Radulov,3.0,2.0,1.0,0.0,2,false,finished,True
H0A4:atp:2024/9132/ms001:Z419,H0A4,Nick Hardt,Barcelona,CH,2024-04-01,F,Bernabe,Zapata Miralles,6-4 3-6 6-2,Challenger main draw,2024,linked,12191997,1712480400.0,"Barcelona, Spain",Challenger,Final,Bernabe Zapata Miralles,3.0,2.0,1.0,0.0,1,false,finished,True
H0A4:atp:2024/9132/ms002:BV25,H0A4,Nick Hardt,Barcelona,CH,2024-04-01,SF,Javier,Barranco Cosano,6-1 4-6 6-0,Challenger main draw,2024,linked,12191987,1712399700.0,"Barcelona, Spain",Challenger,Semifinals,Javier Barranco Cosano,3.0,2.0,1.0,0.0,1,false,finished,True
H0A4:atp:2024/9132/ms004:I0A7,H0A4,Nick Hardt,Barcelona,CH,2024-04-01,QF,Nicholas David,Ionel,6-3 6-3,Challenger main draw,2024,linked,12191985,1712316000.0,"Barcelona, Spain",Challenger,Quarterfinals,Nicholas David Ionel,3.0,2.0,1.0,0.0,2,false,finished,True
H0A4:atp:2024/9132/ms008:R0EB,H0A4,Nick Hardt,Barcelona,CH,2024-04-01,R16,Valentin,Royer,6-4 6-3,Challenger main draw,2024,linked,12191988,1712151600.0,"Barcelona, Spain",Challenger,Round of 16,Valentin Royer,3.0,2.0,1.0,0.0,1,false,finished,True
H0A4:atp:2024/9132/ms016:HB64,H0A4,Nick Hardt,Barcelona,CH,2024-04-01,R32,Quentin,Halys,7-5 1-6 6-4,Challenger main draw,2024,linked,12210500,1711984800.0,"Barcelona, Spain",Challenger,Round of 32,Quentin Halys,3.0,2.0,1.0,0.0,2,false,finished,True
H0A4:atp:2024/9687/ms029:M0AC,H0A4,Nick Hardt,Madrid,CH,2024-04-08,R32,Rudolf,Molleker,3-6 4-6,Challenger main draw,2024,linked,12230039,1712678100.0,"Madrid, Spain",Challenger,Round of 32,Rudolf Molleker,3.0,2.0,1.0,0.0,2,false,finished,True
H0A4:atp:2024/425/ms030:EA24,H0A4,Nick Hardt,Barcelona,500,2024-04-15,R32,Tomas Martin,Etcheverry,5-7 2-6,Tour main draw,2024,linked,12241881,1713283800.0,"Barcelona, Spain",ATP,Round of 32,Tomas Martin Etcheverry,3.0,2.0,1.0,0.0,1,false,finished,True
H0A4:atp:2024/425/ms061:L0IL,H0A4,Nick Hardt,Barcelona,500,2024-04-15,R64,Martin,Landaluce,2-6 6-4 6-3,Tour main draw,2024,linked,12251100,1713186300.0,"Barcelona, Spain",ATP,Round of 64,Martin Landaluce,3.0,2.0,1.0,0.0,2,false,finished,True
H0A4:atp:2024/425/qs012:DA31,H0A4,Nick Hardt,Barcelona,500,2024-04-15,Q2,Hugo,Dellien,4-6 7-6(0) 6-3,Tour qualifying,2024,linked,12248504,1713089700.0,"Barcelona, Spain, Qualifying",ATP,Qualifying,Hugo Dellien,3.0,1.0,1.0,0.0,1,false,finished,True
H0A4:atp:2024/425/qs024:BF23,H0A4,Nick Hardt,Barcelona,500,2024-04-15,Q1,Facundo,Bagnis,6-4 2-6 6-3,Tour qualifying,2024,linked,12245560,1713003300.0,"Barcelona, Spain, Qualifying",ATP,Qualifying,Facundo Bagnis,3.0,1.0,1.0,0.0,2,false,finished,True
H0A4:atp:2024/7707/ms003:BU10,H0A4,Nick Hardt,Francavilla al Mare,CH,2024-05-06,SF,Jacopo,Berrettini,3-6 6-4 2-6,Challenger main draw,2024,linked,12296915,1715426400.0,"Francavilla, Italy",Challenger,Semifinals,Jacopo Berrettini,3.0,2.0,1.0,0.0,2,false,finished,True
H0A4:atp:2024/7707/ms006:PH64,H0A4,Nick Hardt,Francavilla al Mare,CH,2024-05-06,QF,Andrea,Pellegrino,7-6(1) 6-3,Challenger main draw,2024,linked,12296914,1715331600.0,"Francavilla, Italy",Challenger,Quarterfinals,Andrea Pellegrino,3.0,2.0,1.0,0.0,2,false,finished,True
H0A4:atp:2024/7707/ms012:K0HC,H0A4,Nick Hardt,Francavilla al Mare,CH,2024-05-06,R16,Maks,Kasnikowski,6-7(7) 6-3 6-2,Challenger main draw,2024,linked,12296909,1715164500.0,"Francavilla, Italy",Challenger,Round of 16,Maks Kasnikowski,3.0,2.0,1.0,0.0,2,false,finished,True
H0A4:atp:2024/7707/ms025:DG80,H0A4,Nick Hardt,Francavilla al Mare,CH,2024-05-06,R32,Enrico,Dalla Valle,7-6(1) 6-2,Challenger main draw,2024,linked,12306771,1715072400.0,"Francavilla, Italy",Challenger,Round of 32,Enrico Dalla Valle,3.0,2.0,1.0,0.0,1,false,finished,True
H0A4:atp:2024/1541/ms008:VA25,H0A4,Nick Hardt,Tunis,CH,2024-05-13,R16,Valentin,Vacherot,1-6 1-6,Challenger main draw,2024,unobserved,,,,,,,,,,,,,,False
H0A4:atp:2024/1541/ms017:WB19,H0A4,Nick Hardt,Tunis,CH,2024-05-13,R32,Alexander,Weis,6-4 6-2,Challenger main draw,2024,unobserved,,,,,,,,,,,,,,False
H0A4:atp:2024/520/qs114:M0HU,H0A4,Nick Hardt,Roland Garros,GS,2024-05-27,Q1,Shintaro,Mochizuki,6-4 4-6 2-6,Tour qualifying,2024,unobserved,,,,,,,,,,,,,,False
H0A4:atp:2024/9500/ms004:D923,H0A4,Nick Hardt,Zagreb,CH,2024-06-03,QF,Damir,Dzumhur,3-6 4-6,Challenger main draw,2024,unobserved,,,,,,,,,,,,,,False
H0A4:atp:2024/9500/ms009:E0AC,H0A4,Nick Hardt,Zagreb,CH,2024-06-03,R16,Mathys,Erhard,6-3 6-2,Challenger main draw,2024,unobserved,,,,,,,,,,,,,,False
H0A4:atp:2024/9500/ms019:D0I6,H0A4,Nick Hardt,Zagreb,CH,2024-06-03,R32,Yaroslav,Demin,6-7(6) 6-2 6-1,Challenger main draw,2024,unobserved,,,,,,,,,,,,,,False
H0A4:atp:2024/9001/ms023:P0CT,H0A4,Nick Hardt,Perugia,CH,2024-06-10,R32,Francesco,Passaro,1-6 4-6,Challenger main draw,2024,unobserved,,,,,,,,,,,,,,False
H0A4:atp:2024/786/ms006:O660,H0A4,Nick Hardt,Poznan,CH,2024-06-17,QF,Genaro Alberto,Olivieri,5-7 2-6,Challenger main draw,2024,linked,12419795,1718880000.0,"Poznan, Poland",Challenger,Quarterfinals,Genaro Alberto Olivieri,3.0,2.0,1.0,0.0,1,false,finished,True
H0A4:atp:2024/786/ms012:B0OU,H0A4,Nick Hardt,Poznan,CH,2024-06-17,R16,Hynek,Barton,6-2 6-1,Challenger main draw,2024,linked,12419799,1718794200.0,"Poznan, Poland",Challenger,Round of 16,Hynek Barton,3.0,2.0,1.0,0.0,2,false,finished,True
H0A4:atp:2024/786/ms024:GE28,H0A4,Nick Hardt,Poznan,CH,2024-06-17,R32,Ivan,Gakhov,6-1 6-4,Challenger main draw,2024,linked,12429764,1718700000.0,"Poznan, Poland",Challenger,Round of 32,Ivan Gakhov,3.0,2.0,1.0,0.0,1,false,finished,True
H0A4:atp:2024/540/qs050:D923,H0A4,Nick Hardt,Wimbledon,GS,2024-07-01,Q2,Damir,Dzumhur,4-6 6-3 1-6,Tour qualifying,2024,linked,12457502,1719396000.0,"Wimbledon, London, GB, Qualifying, 1st - 2nd Round",ATP,Qualification round 2,Damir Džumhur,3.0,2.0,1.0,0.0,1,false,finished,True
H0A4:atp:2024/540/qs101:DB59,H0A4,Nick Hardt,Wimbledon,GS,2024-07-01,Q1,Dennis,Novak,6-4 6-2,Tour qualifying,2024,linked,12455065,1719228000.0,"Wimbledon, London, GB, Qualifying, 1st - 2nd Round",ATP,Qualification round 1,Dennis Novak,3.0,2.0,1.0,0.0,1,false,finished,True
H0A4:atp:2024/414/ms024:D0FJ,H0A4,Nick Hardt,Hamburg,500,2024-07-15,R32,Luciano,Darderi,1-6 6-2 0-6,Tour main draw,2024,linked,12546052,1721120400.0,"Hamburg, Germany",ATP,Round of 32,Luciano Darderi,3.0,2.0,1.0,0.0,1,false,finished,True
H0A4:atp:2024/414/qs004:D0C1,H0A4,Nick Hardt,Hamburg,500,2024-07-15,Q2,Jesper,de Jong,3-6 4-6,Tour qualifying,2024,linked,12536413,1720951200.0,"Hamburg, Germany, Qualifying",ATP,Qualification round 2,Jesper De Jong,3.0,2.0,1.0,0.0,1,false,finished,True
H0A4:atp:2024/414/qs009:M0BN,H0A4,Nick Hardt,Hamburg,500,2024-07-15,Q1,Marvin,Moeller,6-2 6-4,Tour qualifying,2024,linked,12533552,1720867800.0,"Hamburg, Germany, Qualifying",ATP,Qualification round 1,Marvin Möller,1.0,2.0,1.0,0.0,1,false,finished,True
H0A4:atp:2024/439/qs009:J476,H0A4,Nick Hardt,Umag,250,2024-07-22,Q1,David,Jorda Sanchis,6-7(3) 7-5 6-7(5),Tour qualifying,2024,linked,12574327,1721491200.0,"Umag, Croatia, Qualifying",ATP,Qualification round 1,David Jorda Sanchis,3.0,2.0,1.0,0.0,2,false,finished,True
H0A4:atp:2024/9540/ms015:C0DF,H0A4,Nick Hardt,San Marino,CH,2024-07-29,R16,Francisco,Comesana,7-6(2) 4-6 4-6,Challenger main draw,2024,linked,12593698,1722520800.0,"San Marino, San Marino",Challenger,Round of 16,Francisco Comesaña,3.0,2.0,1.0,0.0,1,false,finished,True
H0A4:atp:2024/9540/ms030:J620,H0A4,Nick Hardt,San Marino,CH,2024-07-29,R32,Maxime,Janvier,6-1 6-3,Challenger main draw,2024,linked,12611467,1722330000.0,"San Marino, San Marino",Challenger,Round of 32,Maxime Janvier,3.0,2.0,1.0,0.0,1,false,finished,True
H0A4:atp:2024/7201/ms019:TA46,H0A4,Nick Hardt,Santo Domingo,CH,2024-08-12,R32,Bernard,Tomic,6-2 4-6 3-6,Challenger main draw,2024,linked,12667266,1723585800.0,"Santo Domingo, Dominican Republic",Challenger,Round of 32,Bernard Tomić,3.0,2.0,1.0,0.0,2,false,finished,True
H0A4:atp:2024/560/qs074:GH92,H0A4,Nick Hardt,US Open,GS,2024-08-26,Q1,Borna,Gojo,3-6 4-6,Tour qualifying,2024,linked,12709338,1724175000.0,"US Open, New York, USA, Qualifying",ATP,Qualification round 1,Borna Gojo,3.0,2.0,0.0,0.0,1,false,finished,True
H0A4:atp:2024/2955/ms007:N0CS,H0A4,Nick Hardt,Montemar,CH,2024-11-18,QF,Lukas,Neumayer,3-6 6-7(7),Challenger main draw,2024,linked,13120876,1732291200.0,"Montemar, Spain",Challenger,Quarterfinals,Lukas Neumayer,3.0,2.0,1.0,0.0,2,false,finished,True
H0A4:atp:2024/2955/ms015:B0MM,H0A4,Nick Hardt,Montemar,CH,2024-11-18,R16,Edas,Butvilas,7-6(3) 6-1,Challenger main draw,2024,linked,13120881,1732204800.0,"Montemar, Spain",Challenger,Round of 16,Edas Butvilas,3.0,2.0,1.0,0.0,1,false,finished,True
H0A4:atp:2024/2955/ms030:A0AB,H0A4,Nick Hardt,Montemar,CH,2024-11-18,R32,Adrian,Andreev,6-3 2-1,Challenger main draw,2024,linked,13134520,1731944700.0,"Montemar, Spain",Challenger,Round of 32,Adrian Andreev,3.0,2.0,1.0,0.0,1,false,finished,True
H0A4:atp:2025/2801/ms016:KI82,H0A4,Nick Hardt,Nonthaburi 3,CH,2025-01-13,R32,Vit,Kopriva,4-6 1-6,Challenger main draw,2025,unobserved,,,,,,,,,,,,,,False
H0A4:atp:2025/580/qs075:G0GD,H0A4,Nick Hardt,Australian Open,GS,2025-01-13,Q1,Matteo,Gigante,2-6 2-6,Tour qualifying,2025,linked,13134521,1736121600.0,"Australian Open, Melbourne, Australia, Qualifying",ATP,Qualification Round 1,Matteo Gigante,3.0,2.0,1.0,0.0,1,false,finished,True
H0A4:atp:2025/2855/qs013:R0IL,H0A4,Nick Hardt,Girona,CH,2025-03-24,Q2,Iliyan,Radulov,6-3 1-6 4-6,Challenger qualifying,2025,unobserved,,,,,,,,,,,,,,False
H0A4:atp:2025/2855/qs027:GE28,H0A4,Nick Hardt,Girona,CH,2025-03-24,Q1,Ivan,Gakhov,6-0 7-5,Challenger qualifying,2025,unobserved,,,,,,,,,,,,,,False
H0A4:atp:2025/2987/ms018:M0N7,H0A4,Nick Hardt,Menorca,CH,2025-03-31,R32,Daniel,Merida,7-6(3) 4-6 2-6,Challenger main draw,2025,unobserved,,,,,,,,,,,,,,False
H0A4:atp:2025/9687/ms019:R0EB,H0A4,Nick Hardt,Madrid,CH,2025-04-07,R32,Valentin,Royer,6-7(5) 2-6,Challenger main draw,2025,unobserved,,,,,,,,,,,,,,False
H0A4:atp:2025/9687/qs011:GB93,H0A4,Nick Hardt,Madrid,CH,2025-04-07,Q2,Norbert,Gombos,3-6 4-6,Challenger qualifying,2025,unobserved,,,,,,,,,,,,,,False
H0A4:atp:2025/9687/qs022:M0J2,H0A4,Nick Hardt,Madrid,CH,2025-04-07,Q1,Pablo,Masjuan Ginel,6-1 6-4,Challenger qualifying,2025,unobserved,,,,,,,,,,,,,,False
H0A4:atp:2025/2151/ms022:P0HP,H0A4,Nick Hardt,Rome,CH,2025-04-21,R32,Lukas,Pokorny,4-6 3-6,Challenger main draw,2025,unobserved,,,,,,,,,,,,,,False
H0A4:atp:2025/4659/ms018:J0DG,H0A4,Nick Hardt,M25 Sabadell,FU,2025-04-28,R32,Alejandro,Juan Mano,6-2 4-6 6-7(5),ITF main draw,2025,unobserved,,,,,,,,,,,,,,False
H0A4:atp:2025/4686/ms008:CI14,H0A4,Nick Hardt,M25 Vic,FU,2025-05-12,R16,Jay,Clarke,6-3 1-6 1-6,ITF main draw,2025,unobserved,,,,,,,,,,,,,,False
H0A4:atp:2025/4686/ms017:M0BN,H0A4,Nick Hardt,M25 Vic,FU,2025-05-12,R32,Marvin,Moeller,6-2 5-7 3-3,ITF main draw,2025,unobserved,,,,,,,,,,,,,,False
H0A4:atp:2025/1523/ms028:N0CJ,H0A4,Nick Hardt,M25 Klosters,FU,2025-06-16,R32,Petr,Nesterov,5-7 4-6,ITF main draw,2025,linked,14019088,1750240800.0,ITF M25 Klosters Men,ITF Men,Round of 32,Pyotr Nesterov,1.0,2.0,1.0,0.0,2,false,finished,True
H0A4:atp:2025/4159/ms002:M0BN,H0A4,Nick Hardt,M25 Brussels,FU,2025-06-23,SF,Marvin,Moeller,6-7(5) 3-6,ITF main draw,2025,linked,14062135,1751110200.0,ITF M25 Brussels Men,ITF Men,Semifinals,Marvin Möller,1.0,2.0,1.0,0.0,absent,false,finished,False
H0A4:atp:2025/4159/ms004:SG56,H0A4,Nick Hardt,M25 Brussels,FU,2025-06-23,QF,Daniel,Dutra da Silva,6-1 6-3,ITF main draw,2025,linked,14057431,1751011200.0,ITF M25 Brussels Men,ITF Men,Quarterfinals,Daniel Dutra Da Silva,3.0,2.0,1.0,0.0,1,false,finished,True
H0A4:atp:2025/4159/ms009:D0LY,H0A4,Nick Hardt,M25 Brussels,FU,2025-06-23,R16,Emilien,Demanet,6-2 6-1,ITF main draw,2025,linked,14051851,1750933800.0,ITF M25 Brussels Men,ITF Men,Round of 16,Emilien Demanet,3.0,2.0,1.0,0.0,2,false,finished,True
H0A4:atp:2025/4159/ms018:R0GN,H0A4,Nick Hardt,M25 Brussels,FU,2025-06-23,R32,Amaury,Raynel,6-3 6-3,ITF main draw,2025,linked,14043202,1750838400.0,ITF M25 Brussels Men,ITF Men,Round of 32,Amaury Raynel,3.0,2.0,1.0,0.0,absent,false,finished,False
H0A4:atp:2025/4356/ms006:P0FV,H0A4,Nick Hardt,M25 Marburg,FU,2025-06-30,QF,Filip Jeff,Planinsek,6-4 6-7(6) 6-7(6),ITF main draw,2025,linked,14096770,1751632200.0,ITF M25 Marburg Men,ITF Men,Quarterfinals,Filip Jeff Planins ek,1.0,2.0,1.0,0.0,absent,false,finished,False
H0A4:atp:2025/4356/ms013:L0AT,H0A4,Nick Hardt,M25 Marburg,FU,2025-06-30,R16,Imanol,Lopez Morillo,6-2 7-5,ITF main draw,2025,linked,14087718,1751556600.0,ITF M25 Marburg Men,ITF Men,Round of 16,Imanol Lopez Morillo,3.0,2.0,1.0,0.0,2,false,finished,True
H0A4:atp:2025/4356/ms027:M0AC,H0A4,Nick Hardt,M25 Marburg,FU,2025-06-30,R32,Rudolf,Molleker,6-4 6-2,ITF main draw,2025,linked,14082825,1751457600.0,ITF M25 Marburg Men,ITF Men,Round of 32,Rudolf Molleker,3.0,2.0,1.0,0.0,1,false,finished,True
H0A4:atp:2025/4360/ms005:S0LT,H0A4,Nick Hardt,M25 Kassel,FU,2025-07-07,QF,Daniel,Siniakov,2-6 3-6,ITF main draw,2025,linked,14153892,1752242400.0,ITF M25+H Kassel Men,ITF Men,Quarterfinals,Daniel Siniakov,3.0,2.0,1.0,0.0,absent,false,finished,False
H0A4:atp:2025/4360/ms011:Z0CR,H0A4,Nick Hardt,M25 Kassel,FU,2025-07-07,R16,Sydney,Zick,4-6 6-4 6-1,ITF main draw,2025,linked,14145919,1752159600.0,ITF M25+H Kassel Men,ITF Men,Round of 16,Sydney Zick,3.0,2.0,1.0,0.0,2,false,finished,True
H0A4:atp:2025/4360/ms022:F0FH,H0A4,Nick Hardt,M25 Kassel,FU,2025-07-07,R32,David,Fix,7-5 6-3,ITF main draw,2025,linked,14134687,1752064200.0,ITF M25+H Kassel Men,ITF Men,Round of 32,David Fix,3.0,2.0,1.0,0.0,absent,false,finished,False
H0A4:atp:2025/4994/ms003:T0EI,H0A4,Nick Hardt,M25 Gentofte,FU,2025-07-28,SF,Aristotelis,Thanos,2-6 1-6,ITF main draw,2025,unobserved,,,,,,,,,,,,,,False
H0A4:atp:2025/4994/ms007:V0D4,H0A4,Nick Hardt,M25 Gentofte,FU,2025-07-28,QF,Eric,Vanshelboim,6-1 6-4,ITF main draw,2025,linked,14320504,1754035200.0,ITF M25 Gentofte Men,ITF Men,Quarterfinals,Eric Vanshelboim,3.0,2.0,1.0,0.0,absent,false,finished,False
H0A4:atp:2025/4994/ms014:S0NT,H0A4,Nick Hardt,M25 Gentofte,FU,2025-07-28,R16,Anton,Shepp,6-3 6-1,ITF main draw,2025,linked,14308645,1753956000.0,ITF M25 Gentofte Men,ITF Men,Round of 16,Anton Shepp,3.0,2.0,1.0,0.0,absent,false,finished,False
H0A4:atp:2025/4994/ms028:HH01,H0A4,Nick Hardt,M25 Gentofte,FU,2025-07-28,R32,Benjamin,Hannestad,7-5 6-3,ITF main draw,2025,linked,14297838,1753774200.0,ITF M25 Gentofte Men,ITF Men,Round of 32,Benjamin Hannestad,3.0,2.0,1.0,0.0,absent,false,finished,False
H0A4:atp:2025/2935/qs020:RH62,H0A4,Nick Hardt,Bonn,CH,2025-08-04,Q1,Mats,Rosenkranz,4-6 3-6,Challenger qualifying,2025,unobserved,,,,,,,,,,,,,,False
H0A4:atp:2025/4419/ms001:GA79,H0A4,Nick Hardt,M25 Sabadell,FU,2025-09-22,F,Lorenzo,Giustino,6-4 3-6 6-2,ITF main draw,2025,unobserved,,,,,,,,,,,,,,False
H0A4:atp:2025/4419/ms003:GE28,H0A4,Nick Hardt,M25 Sabadell,FU,2025-09-22,SF,Ivan,Gakhov,7-6(4) 6-7(4) 6-3,ITF main draw,2025,unobserved,,,,,,,,,,,,,,False
H0A4:atp:2025/4419/ms006:S0CG,H0A4,Nick Hardt,M25 Sabadell,FU,2025-09-22,QF,Carlos,Sanchez Jover,6-2 6-3,ITF main draw,2025,unobserved,,,,,,,,,,,,,,False
H0A4:atp:2025/4419/ms012:A0EA,H0A4,Nick Hardt,M25 Sabadell,FU,2025-09-22,R16,Max,Alcala Gurri,6-1 6-3,ITF main draw,2025,unobserved,,,,,,,,,,,,,,False
H0A4:atp:2025/4419/ms025:C0OI,H0A4,Nick Hardt,M25 Sabadell,FU,2025-09-22,R32,Carles,Cordoba,7-6(3) 2-0,ITF main draw,2025,unobserved,,,,,,,,,,,,,,False
H0A4:atp:2025/4442/ms015:GE28,H0A4,Nick Hardt,M25 Zaragoza,FU,2025-09-29,R16,Ivan,Gakhov,2-6 1-6,ITF main draw,2025,unobserved,,,,,,,,,,,,,,False
H0A4:atp:2025/4442/ms030:A0NU,H0A4,Nick Hardt,M25 Zaragoza,FU,2025-09-29,R32,Richard,Antoni,6-3 6-2,ITF main draw,2025,unobserved,,,,,,,,,,,,,,False
H0A4:atp:2025/4453/ms007:RD58,H0A4,Nick Hardt,M25 Santa Margherita di Pula,FU,2025-10-13,QF,Dominik,Recek,6-1 4-6 2-6,ITF main draw,2025,linked,14895620,1760608800.0,ITF M25 Santa Margherita di Pula 11 Men,ITF Men,Quarterfinals,Dominik Reček,3.0,2.0,1.0,0.0,absent,false,finished,False
H0A4:atp:2025/4453/ms015:GA79,H0A4,Nick Hardt,M25 Santa Margherita di Pula,FU,2025-10-13,R16,Lorenzo,Giustino,5-2,ITF main draw,2025,linked,14887287,1760515200.0,ITF M25 Santa Margherita di Pula 11 Men,ITF Men,Round of 16,Lorenzo Giustino,3.0,2.0,1.0,0.0,2,false,finished,True
H0A4:atp:2025/4453/ms030:B0WD,H0A4,Nick Hardt,M25 Santa Margherita di Pula,FU,2025-10-13,R32,Lorenzo,Berto,6-1 6-1,ITF main draw,2025,unobserved,,,,,,,,,,,,,,False
H0A4:atp:2025/5166/ms006:M0R4,H0A4,Nick Hardt,M25 Santa Margherita di Pula,FU,2025-10-20,QF,Juan Cruz,Martin Manzano,6-4 6-7(4) 3-6,ITF main draw,2025,linked,14942754,1761305400.0,ITF M25 Santa Margherita di Pula 12 Men,ITF Men,Quarterfinals,Juan Cruz Martin Manzano,3.0,2.0,1.0,0.0,2,false,finished,True
H0A4:atp:2025/5166/ms012:I09N,H0A4,Nick Hardt,M25 Santa Margherita di Pula,FU,2025-10-20,R16,Federico,Iannaccone,6-3 4-6 7-6(3),ITF main draw,2025,linked,14937620,1761289200.0,ITF M25 Santa Margherita di Pula 12 Men,ITF Men,Round of 16,Federico Iannaccone,3.0,2.0,1.0,0.0,1,false,finished,True
H0A4:atp:2025/5166/ms024:CO01,H0A4,Nick Hardt,M25 Santa Margherita di Pula,FU,2025-10-20,R32,Andrey,Chepelev,6-4 6-3,ITF main draw,2025,linked,14915367,1760956200.0,ITF M25 Santa Margherita di Pula 12 Men,ITF Men,Round of 32,Andrey Chepelev,3.0,2.0,1.0,0.0,absent,false,finished,False
H0A4:atp:2025/4451/ms012:C0LK,H0A4,Nick Hardt,M25 Sintra,FU,2025-10-27,R16,Carlo Alberto,Caniato,6-7(4) 6-7(3),ITF main draw,2025,linked,14970886,1761910200.0,ITF M25 Sintra 2 Men,ITF Men,Round of 16,Carlo Alberto Caniato,3.0,2.0,1.0,0.0,absent,false,finished,False
H0A4:atp:2025/4451/ms025:GK07,H0A4,Nick Hardt,M25 Sintra,FU,2025-10-27,R32,Joao,Graca,6-2 6-1,ITF main draw,2025,linked,14963936,1761739200.0,ITF M25 Sintra 2 Men,ITF Men,Round of 32,Joao Graca,3.0,2.0,1.0,0.0,1,false,finished,True
H0A4:atp:2026/5256/ms000:S0GV,H0A4,Nick Hardt,G2 DOM vs LAT,DC,2026-02-02,RR,Robert,Strombachs,7-5 6-7(2) 6-2,Davis Cup,2026,absent,,,,,,,,,,,,,,False
H0A4:atp:2026/3075/ms020:GK06,H0A4,Nick Hardt,Metepec,CH,2026-02-16,R32,Alexis,Galarneau,3-6 0-6,Challenger main draw,2026,linked,15546270,1771357200.0,"Metepec, Mexico",Challenger,Round of 32,Alexis Galarneau,3.0,2.0,1.0,0.0,1,false,finished,True
H0A4:atp:2026/5265/ms001:B0I5,H0A4,Nick Hardt,M15 San Jose,FU,2026-02-23,F,Blaise,Bicknell,2-6 4-6,ITF main draw,2026,linked,15633842,1772298000.0,ITF M15 San Jose Men,ITF Men,Final,Blaise Bicknell,3.0,2.0,1.0,0.0,absent,false,finished,False
H0A4:atp:2026/5265/ms003:D0K3,H0A4,Nick Hardt,M15 San Jose,FU,2026-02-23,SF,Guillaume,Dalmasso,6-4 7-6(5),ITF main draw,2026,linked,15629735,1772217000.0,ITF M15 San Jose Men,ITF Men,Semifinals,Guillaume Dalmasso,3.0,2.0,1.0,0.0,absent,false,finished,False
H0A4:atp:2026/5265/ms007:F0CK,H0A4,Nick Hardt,M15 San Jose,FU,2026-02-23,QF,Andrew,Fenty,6-4 3-6 6-3,ITF main draw,2026,linked,15624738,1772118000.0,ITF M15 San Jose Men,ITF Men,Quarterfinals,Andrew Fenty,3.0,2.0,1.0,0.0,absent,false,finished,False
H0A4:atp:2026/5265/ms014:A0IE,H0A4,Nick Hardt,M15 San Jose,FU,2026-02-23,R16,Seydina,Andre,7-5 6-2,ITF main draw,2026,linked,15616854,1772031600.0,ITF M15 San Jose Men,ITF Men,Round of 16,Seydina Andre,3.0,2.0,1.0,0.0,2,false,finished,True
H0A4:atp:2026/5265/ms028:BP79,H0A4,Nick Hardt,M15 San Jose,FU,2026-02-23,R32,Peter,Bertran,7-5 6-2,ITF main draw,2026,linked,15610656,1771954200.0,ITF M15 San Jose Men,ITF Men,Round of 32,Peter Bertran,3.0,2.0,1.0,0.0,absent,false,finished,False
H0A4:atp:2026/2975/ms028:N0BS,H0A4,Nick Hardt,Cap Cana,CH,2026-03-09,R32,Mariano,Navone,7-6(3) 2-6 2-6,Challenger main draw,2026,linked,15688599,1773279000.0,"Cap Cana, Dominican Republic",Challenger,Round of 32,Mariano Navone,3.0,2.0,1.0,0.0,1,false,finished,True
H0A4:atp:2026/5067/ms005:K0NP,H0A4,Nick Hardt,Savannah,CH,2026-04-20,QF,Jack,Kennedy,5-7 5-7,Challenger main draw,2026,unobserved,,,,,,,,,,,,,,False
H0A4:atp:2026/5067/ms010:KE64,H0A4,Nick Hardt,Savannah,CH,2026-04-20,R16,Stefan,Kozlov,6-2 2-6 6-0,Challenger main draw,2026,unobserved,,,,,,,,,,,,,,False
H0A4:atp:2026/5067/ms021:P0EA,H0A4,Nick Hardt,Savannah,CH,2026-04-20,R32,Saba,Purtseladze,6-2 6-0,Challenger main draw,2026,unobserved,,,,,,,,,,,,,,False
H0A4:atp:2026/5067/qs013:S0S5,H0A4,Nick Hardt,Savannah,CH,2026-04-20,Q2,Braden,Shick,7-6(3) 6-4,Challenger qualifying,2026,unobserved,,,,,,,,,,,,,,False
H0A4:atp:2026/5067/qs027:K0AF,H0A4,Nick Hardt,Savannah,CH,2026-04-20,Q1,Boris,Kozlov,6-1 6-2,Challenger qualifying,2026,unobserved,,,,,,,,,,,,,,False
H0A4:atp:2026/4662/ms001:P0EP,H0A4,Nick Hardt,"M15 Orange Park, FL",FU,2026-04-27,F,Andreja,Petrovic,1-6 6-1 6-4,ITF main draw,2026,unobserved,,,,,,,,,,,,,,False
H0A4:atp:2026/4662/ms003:H0M1,H0A4,Nick Hardt,"M15 Orange Park, FL",FU,2026-04-27,SF,Keaton,Hance,6-3 6-2,ITF main draw,2026,unobserved,,,,,,,,,,,,,,False
H0A4:atp:2026/4662/ms006:C0PC,H0A4,Nick Hardt,"M15 Orange Park, FL",FU,2026-04-27,QF,James,Connel,6-4 7-5,ITF main draw,2026,unobserved,,,,,,,,,,,,,,False
H0A4:atp:2026/4662/ms013:C0GG,H0A4,Nick Hardt,"M15 Orange Park, FL",FU,2026-04-27,R16,Keshav,Chopra,6-0 6-0,ITF main draw,2026,unobserved,,,,,,,,,,,,,,False
H0A4:atp:2026/4662/ms027:V0GG,H0A4,Nick Hardt,"M15 Orange Park, FL",FU,2026-04-27,R32,Oren,Vasser,6-1 6-1,ITF main draw,2026,unobserved,,,,,,,,,,,,,,False
H0A4:atp:2026/2923/ms010:DC48,H0A4,Nick Hardt,Santos,CH,2026-05-04,R16,Murkel,Dellien,6-4 3-6 0-3,Challenger main draw,2026,linked,16097018,1778166000.0,"Santos, Brazil",Challenger,Round of 16,Murkel Dellien,3.0,2.0,1.0,0.0,absent,false,finished,False
H0A4:atp:2026/2923/ms021:T0AF,H0A4,Nick Hardt,Santos,CH,2026-05-04,R32,Fermin,Tenti,6-1 6-2,Challenger main draw,2026,unobserved,,,,,,,,,,,,,,False
H0A4:atp:2026/4674/ms001:C0KV,H0A4,Nick Hardt,"M25 Pensacola, FL",FU,2026-05-11,F,Ryan,Colby,2-6 6-1 6-3,ITF main draw,2026,linked,16191712,1779030684.0,"ITF M25 Pensacola, FL Men",ITF Men,Final,Ryan Colby,3.0,2.0,1.0,0.0,absent,false,finished,False
H0A4:atp:2026/4674/ms003:F0II,H0A4,Nick Hardt,"M25 Pensacola, FL",FU,2026-05-11,SF,Ilyas Milad,Fahim,7-6(3) 6-4,ITF main draw,2026,linked,16187883,1778944050.0,"ITF M25 Pensacola, FL Men",ITF Men,Semifinals,Ilyas Milad Fahim,3.0,2.0,1.0,0.0,absent,false,finished,False
H0A4:atp:2026/4674/ms006:B0PW,H0A4,Nick Hardt,"M25 Pensacola, FL",FU,2026-05-11,QF,Kaylan,Bigun,6-0 6-2,ITF main draw,2026,linked,16182944,1778857833.0,"ITF M25 Pensacola, FL Men",ITF Men,Quarterfinals,Kaylan Bigun,3.0,2.0,1.0,0.0,absent,false,finished,False
H0A4:atp:2026/4674/ms012:C0FJ,H0A4,Nick Hardt,"M25 Pensacola, FL",FU,2026-05-11,R16,Aleksa,Ciric,6-4 0-6 7-5,ITF main draw,2026,linked,16177284,1778783280.0,"ITF M25 Pensacola, FL Men",ITF Men,Round of 16,Aleksa Ciric,3.0,2.0,1.0,0.0,1,false,finished,True
H0A4:atp:2026/4674/ms024:O0BC,H0A4,Nick Hardt,"M25 Pensacola, FL",FU,2026-05-11,R32,Oliver,Okonkwo,6-2 6-2,ITF main draw,2026,linked,16172828,1778684919.0,"ITF M25 Pensacola, FL Men",ITF Men,Round of 32,Oliver Okonkwo,3.0,2.0,1.0,0.0,absent,false,finished,False
H0A4:atp:2026/5118/ms001:Z0DA,H0A4,Nick Hardt,M25 Cuiaba,FU,2026-06-01,F,Carlos Maria,Zarate,6-2 6-2,ITF main draw,2026,linked,16288402,1780870247.0,ITF M25 Cuiaba Men,ITF Men,Final,Carlos Maria Zarate,3.0,2.0,1.0,0.0,absent,false,finished,False
H0A4:atp:2026/5118/ms003:V821,H0A4,Nick Hardt,M25 Cuiaba,FU,2026-06-01,SF,Gonzalo,Villanueva,6-3 2-6 6-4,ITF main draw,2026,linked,16284750,1780787477.0,ITF M25 Cuiaba Men,ITF Men,Semifinals,Gonzalo Villanueva,3.0,2.0,1.0,0.0,absent,false,finished,False
H0A4:atp:2026/5118/ms006:D0AR,H0A4,Nick Hardt,M25 Cuiaba,FU,2026-06-01,QF,Mateus,Alves,7-6(4) 3-6 6-2,ITF main draw,2026,linked,16280232,1780686715.0,ITF M25 Cuiaba Men,ITF Men,Quarterfinals,Mateus Alves,3.0,2.0,1.0,0.0,absent,false,finished,False
H0A4:atp:2026/5118/ms013:P0LG,H0A4,Nick Hardt,M25 Cuiaba,FU,2026-06-01,R16,Salvador,Price,6-1 6-1,ITF main draw,2026,linked,16276869,1780600193.0,ITF M25 Cuiaba Men,ITF Men,Round of 16,Salvador Price,3.0,2.0,1.0,0.0,absent,false,finished,False
H0A4:atp:2026/5118/ms027:LA54,H0A4,Nick Hardt,M25 Cuiaba,FU,2026-06-01,R32,Wilson,Leite,6-3 6-3,ITF main draw,2026,linked,16271597,1780521994.0,ITF M25 Cuiaba Men,ITF Men,Round of 32,Wilson Leite,3.0,2.0,1.0,0.0,absent,false,finished,False
H0A4:atp:2026/2927/ms014:KC29,H0A4,Nick Hardt,San Miguel de Tucuman,CH,2026-06-08,R16,Nicolas,Kicker,2-6 5-7,Challenger main draw,2026,linked,16272802,1781217600.0,"San Miguel de Tucuman, Argentina",Challenger,Round of 16,Nicolas Kicker,3.0,2.0,1.0,0.0,1,false,finished,True
H0A4:atp:2026/2927/ms029:F0FL,H0A4,Nick Hardt,San Miguel de Tucuman,CH,2026-06-08,R32,Bruno,Fernandez,7-5 6-2,Challenger main draw,2026,linked,16288354,1781107200.0,"San Miguel de Tucuman, Argentina",Challenger,Round of 32,Bruno Fernandez,3.0,2.0,1.0,0.0,1,false,finished,True
H0A4:atp:2026/3117/ms001:E0DI,H0A4,Nick Hardt,Asuncion (CIT),CH,2026-06-15,F,Juan,Estevez,7-6(0) 4-6 6-2,Challenger main draw,2026,linked,16306780,1781989200.0,"Asuncion 2, Paraguay",Challenger,Final,Juan Estevez,3.0,2.0,1.0,0.0,2,false,finished,True
H0A4:atp:2026/3117/ms002:J0AW,H0A4,Nick Hardt,Asuncion (CIT),CH,2026-06-15,SF,Guido Ivan,Justo,6-2 7-6(11),Challenger main draw,2026,linked,16306776,1781904600.0,"Asuncion 2, Paraguay",Challenger,Semifinals,Guido Ivan Justo,3.0,2.0,1.0,0.0,1,false,finished,True
H0A4:atp:2026/3117/ms005:S0EK,H0A4,Nick Hardt,Asuncion (CIT),CH,2026-06-15,QF,Matias,Soto,3-6 6-1 6-0,Challenger main draw,2026,linked,16306778,1781802000.0,"Asuncion 2, Paraguay",Challenger,Quarterfinals,Matias Soto,3.0,2.0,1.0,0.0,1,false,finished,True
H0A4:atp:2026/3117/ms010:SX91,H0A4,Nick Hardt,Asuncion (CIT),CH,2026-06-15,R16,Thiago,Seyboth Wild,6-4 3-6 7-5,Challenger main draw,2026,linked,16306786,1781717400.0,"Asuncion 2, Paraguay",Challenger,Round of 16,Thiago Seyboth Wild,3.0,2.0,1.0,0.0,1,false,finished,True
H0A4:atp:2026/3117/ms021:F0FL,H0A4,Nick Hardt,Asuncion (CIT),CH,2026-06-15,R32,Bruno,Fernandez,3-6 6-3 6-3,Challenger main draw,2026,linked,16325439,1781553600.0,"Asuncion 2, Paraguay",Challenger,Round of 32,Bruno Fernandez,3.0,2.0,1.0,0.0,1,false,finished,True
H0A4:atp:2026/2835/ms007:L0GR,H0A4,Nick Hardt,Piracicaba,CH,2026-06-22,QF,Juan Manuel,La Serna,2-6 0-3,Challenger main draw,2026,unobserved,,,,,,,,,,,,,,False
H0A4:atp:2026/2835/ms014:LA54,H0A4,Nick Hardt,Piracicaba,CH,2026-06-22,R16,Wilson,Leite,6-3 6-1,Challenger main draw,2026,linked,16345077,1782491400.0,"Piracicaba, Brazil",Challenger,Round of 16,Wilson Leite,3.0,2.0,1.0,0.0,1,false,finished,True
H0A4:atp:2026/2835/ms028:O0CL,H0A4,Nick Hardt,Piracicaba,CH,2026-06-22,R32,Nicolas,Oliveira,2-6 6-4 6-4,Challenger main draw,2026,linked,16377666,1782392400.0,"Piracicaba, Brazil",Challenger,Round of 32,Nicolas Oliveira,3.0,2.0,1.0,0.0,2,false,finished,True
H0A4:atp:2026/7389/ms015:C0JV,H0A4,Nick Hardt,Bogota,CH,2026-07-06,R16,Lorenzo,Claverie,6-7(3) 6-7(5),Challenger main draw,2026,unobserved,,,,,,,,,,,,,,False
H0A4:atp:2026/7389/ms031:H0CD,H0A4,Nick Hardt,Bogota,CH,2026-07-06,R32,Alex,Hernandez,7-6(5) 4-6 6-2,Challenger main draw,2026,unobserved,,,,,,,,,,,,,,False
H0A4:atp:2026/8392/ms020:CF01,H0A4,Nick Hardt,Todi,CH,2026-08-10,R32,Marco,Cecchinato,3-6 5-7,Challenger main draw,2026,unobserved,,,,,,,,,,,,,,False
H0A4:atp:2026/600/ms008:K0DP,H0A4,Nick Hardt,Prague,CH,2026-08-17,R16,Oleksii,Krutykh,3-6 0-6,Challenger main draw,2026,unobserved,,,,,,,,,,,,,,False
H0A4:atp:2026/600/ms017:F0GD,H0A4,Nick Hardt,Prague,CH,2026-08-17,R32,Jakub,Filip,6-1 6-2,Challenger main draw,2026,unobserved,,,,,,,,,,,,,,False
H0A4:atp:2026/8266/ms023:W712,H0A4,Nick Hardt,Augsburg,CH,2026-08-24,R32,Kai,Wehnelt,6-2 3-6 2-6,Challenger main draw,2026,unobserved,,,,,,,,,,,,,,False
H0A4:atp:2026/2933/ms027:CF01,H0A4,Nick Hardt,Porto (CTP),CH,2026-08-31,R32,Marco,Cecchinato,6-4 0-6 3-6,Challenger main draw,2026,unobserved,,,,,,,,,,,,,,False
H0A4:atp:2026/5143/ms000:K0OI,H0A4,Nick Hardt,G2 DOM vs EGY,DC,2026-09-14,RR,Omar,Kandil,6-2 6-1,Davis Cup,2026,unobserved,,,,,,,,,,,,,,False
H0A4:atp:2026/5143/ms000:M0Z8,H0A4,Nick Hardt,G2 DOM vs EGY,DC,2026-09-14,RR,Karim,Mabrouk,6-2 6-3,Davis Cup,2026,unobserved,,,,,,,,,,,,,,False
O0A2:atp:2016/3350/qs019:HB67,O0A2,Gauthier Onclin,Mons,CH,2016-10-03,Q1,Christopher,Heyman,6-7(4) 2-6,Challenger qualifying,2016,linked,7239786,1475328900.0,"Mons, Belgium, Qualifying",Challenger,Qualification,Christopher Heyman,3.0,1.0,1.0,0.0,absent,false,finished,False
O0A2:atp:2018/6588/ms022:N0B4,O0A2,Gauthier Onclin,Belgium F1,FU,2018-06-18,R32,Ryan,Nijboer,2-6 5-7,ITF main draw,2018,linked,7833234,1529395200.0,"Belgium F1, Singles",ITF Men,Round of 32,Ryan Nijboer,3.0,2.0,1.0,0.0,2,false,finished,True
O0A2:atp:2019/8157/ms013:T0AP,O0A2,Gauthier Onclin,M15 Sharm El Sheikh,FU,2019-02-04,R16,Chun-Hsin,Tseng,1-6 3-6,ITF main draw,2019,linked,8130991,1549542600.0,"Sharm El Sheikh, Singles M-ITF-EGY-03A",ITF Men,Round of 16,Chun-Hsin Tseng,3.0,2.0,1.0,0.0,2,false,finished,True
O0A2:atp:2019/8157/ms026:V846,O0A2,Gauthier Onclin,M15 Sharm El Sheikh,FU,2019-02-04,R32,Jose Fco.,Vidal Azorin,6-4 6-4,ITF main draw,2019,linked,8129883,1549442700.0,"Sharm El Sheikh, Singles M-ITF-EGY-03A",ITF Men,Round of 32,J. Vidal Azorin,1.0,2.0,1.0,0.0,2,false,finished,True
O0A2:atp:2019/8257/ms015:TC11,O0A2,Gauthier Onclin,M15 Cairo,FU,2019-04-22,R16,Marko,Tepavac,4-6 1-6,ITF main draw,2019,linked,8203014,1556185500.0,"Cairo, Singles M-ITF-EGY-14A",ITF Men,Round of 16,Marko Tepavac,3.0,2.0,1.0,0.0,1,false,finished,True
O0A2:atp:2019/8257/ms031:KI82,O0A2,Gauthier Onclin,M15 Cairo,FU,2019-04-22,R32,Vit,Kopriva,6-1 6-3,ITF main draw,2019,linked,8201909,1556101500.0,"Cairo, Singles M-ITF-EGY-14A",ITF Men,Round of 32,Vit Kopřiva,3.0,2.0,1.0,0.0,1,false,finished,True
O0A2:atp:2019/6848/ms013:W712,O0A2,Gauthier Onclin,M15 Cairo,FU,2019-04-29,R16,Kai,Wehnelt,2-6 1-6,ITF main draw,2019,unobserved,,,,,,,,,,,,,,False
O0A2:atp:2019/6848/ms026:KE83,O0A2,Gauthier Onclin,M15 Cairo,FU,2019-04-29,R32,Ivan,Krivic,6-0 7-6(10),ITF main draw,2019,unobserved,,,,,,,,,,,,,,False
O0A2:atp:2019/4066/ms015:V821,O0A2,Gauthier Onclin,M15 Brussels,FU,2019-07-29,R16,Gonzalo,Villanueva,6-4 2-6 3-6,ITF main draw,2019,linked,8339954,1564654800.0,"Brussels, Singles M-ITF-BEL-03A",ITF Men,Round of 16,Gonzalo Villanueva,3.0,2.0,1.0,0.0,2,false,finished,True
O0A2:atp:2019/4066/ms030:V0DF,O0A2,Gauthier Onclin,M15 Brussels,FU,2019-07-29,R32,Theo,Vandeweghe,7-5 6-1,ITF main draw,2019,linked,8336953,1564587600.0,"Brussels, Singles M-ITF-BEL-03A",ITF Men,Round of 32,T. Van de Weghe,1.0,2.0,1.0,0.0,1,false,finished,True
O0A2:atp:2019/6346/ms015:V821,O0A2,Gauthier Onclin,M15 Eupen,FU,2019-08-05,R16,Gonzalo,Villanueva,7-5 2-6 6-7(5),ITF main draw,2019,linked,8349528,1565273100.0,"Eupen, Singles M-ITF-BEL-05A",ITF Men,Round of 16,Gonzalo Villanueva,3.0,2.0,1.0,0.0,2,false,finished,True
O0A2:atp:2019/6346/ms030:H09Y,O0A2,Gauthier Onclin,M15 Eupen,FU,2019-08-05,R32,Shinnosuke,Hiramatsu,7-5 6-1,ITF main draw,2019,linked,8346893,1565164800.0,"Eupen, Singles M-ITF-BEL-05A",ITF Men,Round of 32,Shinnosuke Hiramatsu,3.0,2.0,1.0,0.0,1,false,finished,True
O0A2:atp:2019/6303/ms001:SX81,O0A2,Gauthier Onclin,M15 Koksijde,FU,2019-08-12,F,Carl,Soderlund,4-6 0-6,ITF main draw,2019,unobserved,,,,,,,,,,,,,,False
O0A2:atp:2019/6303/ms002:BL05,O0A2,Gauthier Onclin,M15 Koksijde,FU,2019-08-12,SF,Romain,Barbosa,2-6 6-4 7-5,ITF main draw,2019,linked,8363704,1566050400.0,"Koksijde, Singles M-ITF-BEL-04A",ITF Men,Semifinals,Romain Barbosa,3.0,2.0,1.0,0.0,1,false,finished,True
O0A2:atp:2019/6303/ms004:B0C3,O0A2,Gauthier Onclin,M15 Koksijde,FU,2019-08-12,QF,Simon,Beaupain,6-4 6-1,ITF main draw,2019,linked,8362461,1565953500.0,"Koksijde, Singles M-ITF-BEL-04A",ITF Men,Quarterfinals,Simon Beaupain,3.0,2.0,1.0,0.0,2,false,finished,True
O0A2:atp:2019/6303/ms008:D0CU,O0A2,Gauthier Onclin,M15 Koksijde,FU,2019-08-12,R16,Daniel,De Jonge,6-7(5) 6-3 6-1,ITF main draw,2019,linked,8361295,1565884500.0,"Koksijde, Singles M-ITF-BEL-04A",ITF Men,Round of 16,Daniel De Jonge,3.0,2.0,1.0,0.0,1,false,finished,True
O0A2:atp:2019/6303/ms017:F0BJ,O0A2,Gauthier Onclin,M15 Koksijde,FU,2019-08-12,R32,Adan,Freire Da Silva,6-1 6-1,ITF main draw,2019,linked,8360760,1565785500.0,"Koksijde, Singles M-ITF-BEL-04A",ITF Men,Round of 32,Adan Freire Da Silva,3.0,2.0,1.0,0.0,1,false,finished,True
O0A2:atp:2019/6878/ms023:G909,O0A2,Gauthier Onclin,M15 Sharm El Sheikh,FU,2019-09-30,R32,Anis,Ghorbel,3-6 6-1 3-6,ITF main draw,2019,unobserved,,,,,,,,,,,,,,False
O0A2:atp:2019/6892/ms012:G909,O0A2,Gauthier Onclin,M15 Sharm El Sheikh,FU,2019-10-07,R16,Anis,Ghorbel,6-4 6-7(4) 3-6,ITF main draw,2019,unobserved,,,,,,,,,,,,,,False
O0A2:atp:2019/6892/ms025:N831,O0A2,Gauthier Onclin,M15 Sharm El Sheikh,FU,2019-10-07,R32,Jirat,Navasirisomboon,5-7 7-5 6-4,ITF main draw,2019,unobserved,,,,,,,,,,,,,,False
O0A2:atp:2019/842/ms018:R0EB,O0A2,Gauthier Onclin,M15 Meshref,FU,2019-11-04,R32,Valentin,Royer,1-6 4-6,ITF main draw,2019,unobserved,,,,,,,,,,,,,,False
O0A2:atp:2019/6448/ms001:W712,O0A2,Gauthier Onclin,M15 Meshref,FU,2019-11-11,F,Kai,Wehnelt,6-3 6-4,ITF main draw,2019,linked,8502079,1573976400.0,"Meshref, Singles M-ITF-KUW-03A",ITF Men,Final,Kai Wehnelt,3.0,2.0,1.0,0.0,2,false,finished,True
O0A2:atp:2019/6448/ms002:R0EB,O0A2,Gauthier Onclin,M15 Meshref,FU,2019-11-11,SF,Valentin,Royer,3-6 6-2 6-2,ITF main draw,2019,linked,8501439,1573890900.0,"Meshref, Singles M-ITF-KUW-03A",ITF Men,Semifinals,Valentin Royer,3.0,2.0,1.0,0.0,1,false,finished,True
O0A2:atp:2019/6448/ms004:SS25,O0A2,Gauthier Onclin,M15 Meshref,FU,2019-11-11,QF,Vitaliy,Sachko,6-0 7-6(2),ITF main draw,2019,linked,8500569,1573804800.0,"Meshref, Singles M-ITF-KUW-03A",ITF Men,Quarterfinals,Vitaliy Sachko,3.0,2.0,1.0,0.0,1,false,finished,True
O0A2:atp:2019/6448/ms008:WB15,O0A2,Gauthier Onclin,M15 Meshref,FU,2019-11-11,R16,Hong Kit,Wong,6-0 6-3,ITF main draw,2019,linked,8499679,1573718400.0,"Meshref, Singles M-ITF-KUW-03A",ITF Men,Round of 16,Hong Kit Wong,3.0,2.0,1.0,0.0,2,false,finished,True
O0A2:atp:2019/6448/ms016:RB00,O0A2,Gauthier Onclin,M15 Meshref,FU,2019-11-11,R32,Ricardo,Rodriguez - Pace,6-2 2-0,ITF main draw,2019,linked,8497970,1573628400.0,"Meshref, Singles M-ITF-KUW-03A",ITF Men,Round of 32,Ricardo Rodríguez-Pace,3.0,2.0,1.0,0.0,1,false,finished,True
O0A2:atp:2019/8360/ms013:F0AT,O0A2,Gauthier Onclin,M15 Monastir,FU,2019-11-25,R16,Mattia,Frinzi,2-6 3-6,ITF main draw,2019,linked,8510398,1574936400.0,"Monastir, Singles M-ITF-TUN-50A",ITF Men,Round of 16,Mattia Frinzi,3.0,2.0,1.0,0.0,2,false,finished,True
O0A2:atp:2019/8360/ms026:F09U,O0A2,Gauthier Onclin,M15 Monastir,FU,2019-11-25,R32,Matyas,Fuele,6-2 7-5,ITF main draw,2019,linked,8509296,1574843400.0,"Monastir, Singles M-ITF-TUN-50A",ITF Men,Round of 32,Matyas Fuele,3.0,2.0,1.0,0.0,2,false,finished,True
O0A2:atp:2019/8365/ms012:MI33,O0A2,Gauthier Onclin,M15 Monastir,FU,2019-12-02,R16,Petr,Michnev,1-6 2-6,ITF main draw,2019,linked,8517105,1575551400.0,"Monastir, Singles M-ITF-TUN-51A",ITF Men,Round of 16,Petr Michnev,3.0,2.0,1.0,0.0,absent,false,finished,False
O0A2:atp:2019/8365/ms024:F0A4,O0A2,Gauthier Onclin,M15 Monastir,FU,2019-12-02,R32,Francesco,Forti,3-6 6-1 6-3,ITF main draw,2019,linked,8514525,1575367800.0,"Monastir, Singles M-ITF-TUN-51A",ITF Men,Round of 32,Francesco Forti,3.0,2.0,1.0,0.0,2,false,finished,True
O0A2:atp:2020/8154/ms001:B0BI,O0A2,Gauthier Onclin,M15 Monastir,FU,2020-01-27,F,Sebastian,Baez,1-6 2-6,ITF main draw,2020,unobserved,,,,,,,,,,,,,,False
O0A2:atp:2020/8154/ms003:J543,O0A2,Gauthier Onclin,M15 Monastir,FU,2020-01-27,SF,Luke,Johnson,1-6 6-4 6-1,ITF main draw,2020,unobserved,,,,,,,,,,,,,,False
O0A2:atp:2020/8154/ms006:G0A0,O0A2,Gauthier Onclin,M15 Monastir,FU,2020-01-27,QF,Andrea,Guerrieri,6-4 5-7 6-3,ITF main draw,2020,unobserved,,,,,,,,,,,,,,False
O0A2:atp:2020/8154/ms013:W09X,O0A2,Gauthier Onclin,M15 Monastir,FU,2020-01-27,R16,Benjamin,Winter Lopez,6-2 7-6(8),ITF main draw,2020,linked,8566142,1580369400.0,"Monastir, Singles M-ITF-TUN-04A",ITF Men,Round of 16,Benjamin Winter Lopez,3.0,2.0,1.0,0.0,2,false,finished,True
O0A2:atp:2020/8154/ms027:BM05,O0A2,Gauthier Onclin,M15 Monastir,FU,2020-01-27,R32,Bogdan,Bobrov,6-3 7-5,ITF main draw,2020,linked,8564709,1580209800.0,"Monastir, Singles M-ITF-TUN-04A",ITF Men,Round of 32,Bogdan Bobrov,3.0,2.0,1.0,0.0,2,false,finished,True
O0A2:atp:2020/8160/ms027:WB25,O0A2,Gauthier Onclin,M15 Monastir,FU,2020-02-03,R32,Louis,Wessels,4-6 6-2 4-6,ITF main draw,2020,unobserved,,,,,,,,,,,,,,False
O0A2:atp:2020/8166/ms018:KE35,O0A2,Gauthier Onclin,M15 Monastir,FU,2020-02-10,R32,Majed,Kilani,0-6 2-6,ITF main draw,2020,unobserved,,,,,,,,,,,,,,False
O0A2:atp:2020/8186/ms013:P0D0,O0A2,Gauthier Onclin,M15 Loule,FU,2020-03-09,R16,Jakub,Paul,6-3 6-2,ITF main draw,2020,unobserved,,,,,,,,,,,,,,False
O0A2:atp:2020/8186/ms027:BG72,O0A2,Gauthier Onclin,M15 Loule,FU,2020-03-09,R32,Carlos,Boluda-Purkiss,7-6(5) 3-6 6-3,ITF main draw,2020,unobserved,,,,,,,,,,,,,,False
O0A2:atp:2020/6802/ms014:CN78,O0A2,Gauthier Onclin,M15 Sintra,FU,2020-09-07,R16,Lucas,Catarina,3-6 5-7,ITF main draw,2020,linked,8991527,1599734400.0,"Sintra, Singles M-ITF-POR-07A",ITF Men,Round of 16,Lucas Catarina,3.0,2.0,1.0,0.0,2,false,finished,True
O0A2:atp:2020/6802/ms029:R0EK,O0A2,Gauthier Onclin,M15 Sintra,FU,2020-09-07,R32,Natan,Rodrigues,6-2 6-3,ITF main draw,2020,linked,8984516,1599650400.0,"Sintra, Singles M-ITF-POR-07A",ITF Men,Round of 32,Natan Rodrigues,3.0,2.0,1.0,0.0,2,false,finished,True
O0A2:atp:2020/6806/ms004:PH78,O0A2,Gauthier Onclin,M15 Sintra,FU,2020-09-14,QF,Ryan,Peniston,1-6 0-6,ITF main draw,2020,linked,9014263,1600437600.0,"Sintra, Singles M-ITF-POR-08A",ITF Men,Quarterfinals,Ryan Peniston,3.0,2.0,1.0,0.0,2,false,finished,True
O0A2:atp:2020/6806/ms009:CN78,O0A2,Gauthier Onclin,M15 Sintra,FU,2020-09-14,R16,Lucas,Catarina,6-2 7-6(5),ITF main draw,2020,linked,9005691,1600344000.0,"Sintra, Singles M-ITF-POR-08A",ITF Men,Round of 16,Lucas Catarina,3.0,2.0,1.0,0.0,1,false,finished,True
O0A2:atp:2020/6806/ms018:A0ES,O0A2,Gauthier Onclin,M15 Sintra,FU,2020-09-14,R32,Pedro,Araujo,7-5 3-6 6-3,ITF main draw,2020,linked,9003869,1600164300.0,"Sintra, Singles M-ITF-POR-08A",ITF Men,Round of 32,Pedro Araujo,3.0,2.0,1.0,0.0,2,false,finished,True
O0A2:atp:2020/6899/ms030:CN15,O0A2,Gauthier Onclin,M15 Sharm El Sheikh,FU,2020-10-12,R32,Felix,Corwin,2-6 5-7,ITF main draw,2020,linked,9108934,1602576000.0,"Sharm El Sheikh, Singles M-ITF-EGY-26A",ITF Men,Round of 32,Felix Corwin,3.0,2.0,1.0,0.0,2,false,finished,True
O0A2:atp:2020/9416/ms019:BM05,O0A2,Gauthier Onclin,M15 Sharm El Sheikh,FU,2020-11-09,R32,Bogdan,Bobrov,5-7 6-4 5-7,ITF main draw,2020,linked,9161282,1605096600.0,"Sharm El Sheikh, 2020 Egypt F30, Singles",ITF Men,Round of 32,Bogdan Bobrov,3.0,2.0,1.0,0.0,2,false,finished,True
O0A2:atp:2020/9418/ms014:V656,O0A2,Gauthier Onclin,M15 Sharm El Sheikh,FU,2020-11-16,R16,Francesco,Vilardo,6-2 3-6 5-7,ITF main draw,2020,unobserved,,,,,,,,,,,,,,False
O0A2:atp:2020/9418/ms029:KD43,O0A2,Gauthier Onclin,M15 Sharm El Sheikh,FU,2020-11-16,R32,Arjun,Kadhe,6-4 5-7 6-4,ITF main draw,2020,unobserved,,,,,,,,,,,,,,False
O0A2:atp:2021/8160/ms021:FC36,O0A2,Gauthier Onclin,M15 Monastir,FU,2021-02-01,R32,Pierre,Faivre,3-6 4-6,ITF main draw,2021,unobserved,,,,,,,,,,,,,,False
O0A2:atp:2021/8166/ms001:E928,O0A2,Gauthier Onclin,M15 Monastir,FU,2021-02-08,F,Alexander,Erler,6-1 6-4,ITF main draw,2021,linked,9342544,1613291400.0,"Monastir, Singles M-ITF-TUN-06A",ITF Men,Final,Alexander Erler,3.0,2.0,1.0,0.0,1,false,finished,True
O0A2:atp:2021/8166/ms003:MG08,O0A2,Gauthier Onclin,M15 Monastir,FU,2021-02-08,SF,Yannick,Mertens,3-6 6-1 6-2,ITF main draw,2021,unobserved,,,,,,,,,,,,,,False
O0A2:atp:2021/8166/ms007:P09S,O0A2,Gauthier Onclin,M15 Monastir,FU,2021-02-08,QF,Benjamin,Pietri,3-6 6-3 6-4,ITF main draw,2021,unobserved,,,,,,,,,,,,,,False
O0A2:atp:2021/8166/ms015:DF88,O0A2,Gauthier Onclin,M15 Monastir,FU,2021-02-08,R16,Aziz,Dougaz,6-4 7-5,ITF main draw,2021,unobserved,,,,,,,,,,,,,,False
O0A2:atp:2021/8166/ms030:M0GZ,O0A2,Gauthier Onclin,M15 Monastir,FU,2021-02-08,R32,Giovanni,Mpetshi Perricard,7-6(1) 6-3,ITF main draw,2021,unobserved,,,,,,,,,,,,,,False
O0A2:atp:2021/8173/ms001:DF88,O0A2,Gauthier Onclin,M15 Monastir,FU,2021-02-15,F,Aziz,Dougaz,1-6 6-3 3-6,ITF main draw,2021,linked,9355547,1613901600.0,"Monastir, Singles M-ITF-TUN-07A",ITF Men,Final,Aziz Dougaz,3.0,2.0,1.0,0.0,1,false,finished,True
O0A2:atp:2021/8173/ms002:E928,O0A2,Gauthier Onclin,M15 Monastir,FU,2021-02-15,SF,Alexander,Erler,6-3 7-5,ITF main draw,2021,linked,9353389,1613814900.0,"Monastir, Singles M-ITF-TUN-07A",ITF Men,Semifinals,Alexander Erler,3.0,2.0,1.0,0.0,1,false,finished,True
O0A2:atp:2021/8173/ms004:GK24,O0A2,Gauthier Onclin,M15 Monastir,FU,2021-02-15,QF,Luca,Giacomini,7-5 4-6 6-2,ITF main draw,2021,linked,9351788,1613732400.0,"Monastir, Singles M-ITF-TUN-07A",ITF Men,Quarterfinals,Luca Giacomini,3.0,2.0,1.0,0.0,2,false,finished,True
O0A2:atp:2021/8173/ms009:N707,O0A2,Gauthier Onclin,M15 Monastir,FU,2021-02-15,R16,Naoki,Nakagawa,6-4 1-6 6-3,ITF main draw,2021,linked,9349559,1613647800.0,"Monastir, Singles M-ITF-TUN-07A",ITF Men,Round of 16,Naoki Nakagawa,3.0,2.0,1.0,0.0,2,false,finished,True
O0A2:atp:2021/8173/ms018:TG90,O0A2,Gauthier Onclin,M15 Monastir,FU,2021-02-15,R32,Jean,Thirouin,6-3 6-2,ITF main draw,2021,linked,9346016,1613548800.0,"Monastir, Singles M-ITF-TUN-07A",ITF Men,Round of 32,Jean Thirouin,3.0,2.0,1.0,0.0,2,false,finished,True
O0A2:atp:2021/8179/ms024:D0AR,O0A2,Gauthier Onclin,M15 Monastir,FU,2021-02-22,R32,Mateus,Alves,4-6 3-6,ITF main draw,2021,linked,9359352,1614162900.0,"Monastir, Singles M-ITF-TUN-08A",ITF Men,Round of 32,Mateus Alves,3.0,2.0,1.0,0.0,2,false,finished,True
O0A2:atp:2021/8212/ms001:C0JP,O0A2,Gauthier Onclin,M15 Monastir,FU,2021-03-15,F,Raphael,Collignon,6-1 6-1,ITF main draw,2021,linked,9415248,1616331600.0,"Tunisia F11, Singles",ITF Men,Final,Raphael Collignon,3.0,2.0,0.0,0.0,2,false,finished,True
O0A2:atp:2021/8212/ms002:P0B6,O0A2,Gauthier Onclin,M15 Monastir,FU,2021-03-15,SF,Savva,Polukhin,6-2 4-6 6-2,ITF main draw,2021,linked,9412790,1616251500.0,"Tunisia F11, Singles",ITF Men,Semifinals,Savva Polukhin,3.0,2.0,0.0,0.0,1,false,finished,True
O0A2:atp:2021/8212/ms005:LC18,O0A2,Gauthier Onclin,M15 Monastir,FU,2021-03-15,QF,Yanais,Laurent,6-3 6-0,ITF main draw,2021,linked,9410468,1616140800.0,"Tunisia F11, Singles",ITF Men,Quarterfinals,Yanais Laurent,3.0,2.0,0.0,0.0,2,false,finished,True
O0A2:atp:2021/8212/ms010:KI48,O0A2,Gauthier Onclin,M15 Monastir,FU,2021-03-15,R16,Ergi,Kirkin,1-6 6-0 6-3,ITF main draw,2021,linked,9409022,1616056200.0,"Tunisia F11, Singles",ITF Men,Round of 16,Ergi Kirkin,3.0,2.0,0.0,0.0,1,false,finished,True
O0A2:atp:2021/8212/ms021:N0BK,O0A2,Gauthier Onclin,M15 Monastir,FU,2021-03-15,R32,Hazem,Naw,7-6(5) 6-1,ITF main draw,2021,linked,9404523,1615975500.0,"Tunisia F11, Singles",ITF Men,Round of 32,Hazem Naw,3.0,2.0,0.0,0.0,1,false,finished,True
O0A2:atp:2021/8222/ms026:P0B2,O0A2,Gauthier Onclin,M15 Monastir,FU,2021-03-22,R32,Luca,Potenza,4-6 3-6,ITF main draw,2021,linked,9418397,1616591100.0,"Monastir, Singles M-ITF-TUN-12A",ITF Men,Round of 32,Luca Potenza,3.0,2.0,1.0,0.0,1,false,finished,True
O0A2:atp:2021/8229/ms009:D0AR,O0A2,Gauthier Onclin,M15 Monastir,FU,2021-03-29,R16,Mateus,Alves,6-3 4-6 2-6,ITF main draw,2021,linked,9439566,1617277500.0,"Monastir, Singles M-ITF-TUN-13A",ITF Men,Round of 16,Mateus Alves,3.0,2.0,1.0,0.0,1,false,finished,True
O0A2:atp:2021/8229/ms018:C0HB,O0A2,Gauthier Onclin,M15 Monastir,FU,2021-03-29,R32,Eliakim,Coulibaly,6-2 6-2,ITF main draw,2021,linked,9435619,1617183600.0,"Monastir, Singles M-ITF-TUN-13A",ITF Men,Round of 32,Eliakim Coulibaly,3.0,2.0,1.0,0.0,1,false,finished,True
O0A2:atp:2021/7787/ms026:PG69,O0A2,Gauthier Onclin,M15 Troisdorf,FU,2021-05-10,R32,Juan Pablo,Paz,6-7(0) 6-3 2-6,ITF main draw,2021,linked,9514770,1620828300.0,"Troisdorf, Singles M-ITF-GER-04A",ITF Men,Round of 32,Juan Pablo Paz,3.0,2.0,1.0,0.0,1,false,finished,True
O0A2:atp:2021/1801/ms024:BU70,O0A2,Gauthier Onclin,M15 Brcko,FU,2021-05-17,R32,Remy,Bertola,6-7(5) 5-7,ITF main draw,2021,unobserved,,,,,,,,,,,,,,False
O0A2:atp:2021/1803/ms005:SF41,O0A2,Gauthier Onclin,M25 Kiseljak,FU,2021-05-24,QF,Aldin,Setkic,3-6 6-7(2),ITF main draw,2021,unobserved,,,,,,,,,,,,,,False
O0A2:atp:2021/1803/ms010:T0FP,O0A2,Gauthier Onclin,M25 Kiseljak,FU,2021-05-24,R16,Luka,Todorovic,6-0 6-1,ITF main draw,2021,unobserved,,,,,,,,,,,,,,False
O0A2:atp:2021/1803/ms021:M0CI,O0A2,Gauthier Onclin,M25 Kiseljak,FU,2021-05-24,R32,Fabian,Marozsan,6-3 6-4,ITF main draw,2021,unobserved,,,,,,,,,,,,,,False
O0A2:atp:2021/1805/ms007:CG07,O0A2,Gauthier Onclin,M15 Sarajevo,FU,2021-05-31,QF,Hernan,Casanova,2-6 4-6,ITF main draw,2021,unobserved,,,,,,,,,,,,,,False
O0A2:atp:2021/1805/ms014:B0GY,O0A2,Gauthier Onclin,M15 Sarajevo,FU,2021-05-31,R16,Alex,Barrena,6-4 7-5,ITF main draw,2021,unobserved,,,,,,,,,,,,,,False
O0A2:atp:2021/1805/ms028:S0M9,O0A2,Gauthier Onclin,M15 Sarajevo,FU,2021-05-31,R32,Marko,Stakusic,6-1 6-1,ITF main draw,2021,unobserved,,,,,,,,,,,,,,False
O0A2:atp:2021/800/ms023:GG65,O0A2,Gauthier Onclin,M25 Alkmaar,FU,2021-06-21,R32,Michael,Geerts,2-6 4-6,ITF main draw,2021,unobserved,,,,,,,,,,,,,,False
O0A2:atp:2021/795/ms020:RC04,O0A2,Gauthier Onclin,M25 The Hague,FU,2021-06-28,R32,Alexander,Ritschard,4-6 6-0 2-6,ITF main draw,2021,unobserved,,,,,,,,,,,,,,False
O0A2:atp:2021/572/ms028:LF29,O0A2,Gauthier Onclin,M25 Marburg,FU,2021-07-05,R32,Alvaro,Lopez San Martin,3-6 3-6,ITF main draw,2021,linked,9611459,1625587200.0,"Marburg, Singles M-ITF-GER-07A",ITF Men,Round of 32,A. López San Martín,1.0,2.0,1.0,0.0,1,false,finished,True
O0A2:atp:2021/9198/qs013:W0BD,O0A2,Gauthier Onclin,Amersfoort - CH,CH,2021-07-12,Q1,Deney,Wassermann,5-7 3-6,Challenger qualifying,2021,linked,9623451,1626003600.0,"Amersfoort, Netherlands, Qualifying",Challenger,Qualification round 1,Deney Wassermann,3.0,2.0,1.0,0.0,absent,false,finished,False
O0A2:atp:2021/9554/ms019:WB19,O0A2,Gauthier Onclin,M15 Esch/Alzette,FU,2021-07-19,R32,Alexander,Weis,6-7(3) 6-2 6-7(3),ITF main draw,2021,linked,9651195,1626779400.0,"Esch/Alzette, Singles M-ITF-LUX-01A",ITF Men,absent,Alexander Weis,3.0,0.0,1.0,0.0,2,false,finished,True
O0A2:atp:2021/612/ms028:HB67,O0A2,Gauthier Onclin,M25 Wetzlar,FU,2021-08-02,R32,Christopher,Heyman,3-6 2-6,ITF main draw,2021,linked,9692348,1628064000.0,"Wetzlar, Singles M-ITF-GER-06A",ITF Men,Round of 32,Christopher Heyman,3.0,2.0,1.0,0.0,2,false,finished,True
O0A2:atp:2021/6303/ms012:E0AC,O0A2,Gauthier Onclin,M25 Koksijde,FU,2021-08-16,R16,Mathys,Erhard,6-1 1-6 4-6,ITF main draw,2021,linked,9728538,1629375600.0,"Koksijde, Singles M-ITF-BEL-04A",ITF Men,Round of 16,Mathys Erhard,3.0,2.0,1.0,0.0,1,false,finished,True
O0A2:atp:2021/6303/ms024:S0DB,O0A2,Gauthier Onclin,M25 Koksijde,FU,2021-08-16,R32,Marcel Marlon,Sudzum,6-1 7-6(3),ITF main draw,2021,linked,9725865,1629213900.0,"Koksijde, Singles M-ITF-BEL-04A",ITF Men,Round of 32,Marcel Marlon Sudzum,3.0,2.0,1.0,0.0,1,false,finished,True
O0A2:atp:2021/4066/ms001:D0H9,O0A2,Gauthier Onclin,M15 Huy,FU,2021-08-23,F,Guy,Den Ouden,6-4 5-7 1-6,ITF main draw,2021,linked,9759497,1630242000.0,"Huy, Singles M-ITF-BEL-03A",ITF Men,Final,Guy Den Ouden,3.0,2.0,0.0,0.0,1,false,finished,True
O0A2:atp:2021/4066/ms002:GJ05,O0A2,Gauthier Onclin,M15 Huy,FU,2021-08-23,SF,Alexis,Gautier,6-2 6-4,ITF main draw,2021,linked,9756583,1630162800.0,"Huy, Singles M-ITF-BEL-03A",ITF Men,Semifinals,Alexis Gautier,3.0,2.0,0.0,0.0,2,false,finished,True
O0A2:atp:2021/4066/ms005:M0AA,O0A2,Gauthier Onclin,M15 Huy,FU,2021-08-23,QF,Cayetano,March,6-3 6-2,ITF main draw,2021,linked,9754681,1630069200.0,"Huy, Singles M-ITF-BEL-03A",ITF Men,Quarterfinals,Antonio Cayetano March,2.0,2.0,0.0,0.0,1,false,finished,True
O0A2:atp:2021/4066/ms010:T0BD,O0A2,Gauthier Onclin,M15 Huy,FU,2021-08-23,R16,Nicolas,Tepmahc,6-3 6-0,ITF main draw,2021,linked,9750897,1629992100.0,"Huy, Singles M-ITF-BEL-03A",ITF Men,Round of 16,Nicolas Tepmahc,3.0,2.0,0.0,0.0,2,false,finished,True
O0A2:atp:2021/4066/ms020:G0CV,O0A2,Gauthier Onclin,M15 Huy,FU,2021-08-23,R32,Buvaysar,Gadamauri,6-4 6-1,ITF main draw,2021,linked,9748107,1629899700.0,"Huy, Singles M-ITF-BEL-03A",ITF Men,Round of 32,Buvaysar Gadamauri,3.0,2.0,0.0,0.0,1,false,finished,True
O0A2:atp:2021/6346/ms014:SQ79,O0A2,Gauthier Onclin,M25 Eupen,FU,2021-09-06,R16,Colin,Sinclair,6-2 2-6 4-6,ITF main draw,2021,linked,9787906,1631179500.0,"Eupen, Singles M-ITF-BEL-05A",ITF Men,Round of 16,Colin Sinclair,3.0,2.0,1.0,0.0,2,false,finished,True
O0A2:atp:2021/6346/ms028:C0I4,O0A2,Gauthier Onclin,M25 Eupen,FU,2021-09-06,R32,Tibo,Colson,6-2 6-2,ITF main draw,2021,linked,9781967,1631028300.0,"Eupen, Singles M-ITF-BEL-05A",ITF Men,Round of 32,Tibo Colson,3.0,2.0,1.0,0.0,2,false,finished,True
O0A2:atp:2021/721/ms020:FC25,O0A2,Gauthier Onclin,M15 Forbach,FU,2021-09-27,R32,Boris,Fassbender,4-6 4-6,ITF main draw,2021,linked,9842026,1632929700.0,"Forbach, Singles M-ITF-FRA-13A",ITF Men,Round of 32,Boris Fassbender,3.0,2.0,1.0,0.0,1,false,finished,True
O0A2:atp:2021/723/ms020:RH59,O0A2,Gauthier Onclin,M25 Nevers,FU,2021-10-04,R32,Santiago,Rodriguez Taverna,6-1 4-6 4-6,ITF main draw,2021,linked,9858604,1633420800.0,"Nevers, Singles M-ITF-FRA-14A",ITF Men,Round of 32,Santiago Rodriguez Taverna,3.0,2.0,1.0,0.0,2,false,finished,True
O0A2:atp:2021/7485/qs014:SA93,O0A2,Gauthier Onclin,Antwerp,250,2021-10-18,Q1,Andreas,Seppi,4-6 5-7,Tour qualifying,2021,linked,9891864,1634464800.0,"Antwerp, Belgium, Qualifying",ATP,Qualification round 1,Andreas Seppi,3.0,2.0,1.0,0.0,absent,false,finished,False
O0A2:atp:2021/728/ms001:A09T,O0A2,Gauthier Onclin,M25 Sarreguemines,FU,2021-10-25,F,Dan,Added,3-6 4-6,ITF main draw,2021,unobserved,,,,,,,,,,,,,,False
O0A2:atp:2021/728/ms002:B0AY,O0A2,Gauthier Onclin,M25 Sarreguemines,FU,2021-10-25,SF,Jurgen,Briand,2-6 6-4 6-2,ITF main draw,2021,unobserved,,,,,,,,,,,,,,False
O0A2:atp:2021/728/ms005:DG53,O0A2,Gauthier Onclin,M25 Sarreguemines,FU,2021-10-25,QF,Gabriel,Decamps,6-0 1-0,ITF main draw,2021,unobserved,,,,,,,,,,,,,,False
O0A2:atp:2021/728/ms011:BP41,O0A2,Gauthier Onclin,M25 Sarreguemines,FU,2021-10-25,R16,Antoine,Bellier,6-4 5-7 6-4,ITF main draw,2021,linked,9927622,1635331200.0,"Sarreguemines, 2021 France F17, Singles",ITF Men,Round of 16,Antoine Bellier,3.0,2.0,1.0,0.0,2,false,finished,True
O0A2:atp:2021/728/ms022:C0BQ,O0A2,Gauthier Onclin,M25 Sarreguemines,FU,2021-10-25,R32,Karlo,Cubelic,5-7 6-4 6-3,ITF main draw,2021,linked,9915430,1635235200.0,"Sarreguemines, 2021 France F17, Singles",ITF Men,Round of 32,Karlo Cubelic,3.0,2.0,1.0,0.0,2,false,finished,True
O0A2:atp:2021/8128/ms002:B0M3,O0A2,Gauthier Onclin,M15 Monastir,FU,2021-11-08,SF,Pierre Yves,Bailly,1-6 6-7(5),ITF main draw,2021,unobserved,,,,,,,,,,,,,,False
O0A2:atp:2021/8128/ms004:RD21,O0A2,Gauthier Onclin,M15 Monastir,FU,2021-11-08,QF,Giorgio,Ricca,6-1 6-1,ITF main draw,2021,unobserved,,,,,,,,,,,,,,False
O0A2:atp:2021/8128/ms008:D0FY,O0A2,Gauthier Onclin,M15 Monastir,FU,2021-11-08,R16,Thomas,Deschamps,6-3 6-1,ITF main draw,2021,unobserved,,,,,,,,,,,,,,False
O0A2:atp:2021/8128/ms016:D0CR,O0A2,Gauthier Onclin,M15 Monastir,FU,2021-11-08,R32,Guillaume,Dermiens,6-1 6-1,ITF main draw,2021,unobserved,,,,,,,,,,,,,,False
O0A2:atp:2022/8154/ms019:M0G4,O0A2,Gauthier Onclin,M25 Monastir,FU,2022-01-24,R32,Harold,Mayot,1-6 2-6,ITF main draw,2022,unobserved,,,,,,,,,,,,,,False
O0A2:atp:2022/8160/ms024:B0GG,O0A2,Gauthier Onclin,M15 Monastir,FU,2022-01-31,R32,Mattia,Bellucci,6-3 2-6 5-7,ITF main draw,2022,linked,10105582,1643794200.0,"Tunisia F5, Singles",ITF Men,Round of 32,Mattia Bellucci,3.0,2.0,0.0,0.0,1,false,finished,True
O0A2:atp:2022/8188/ms013:K0EP,O0A2,Gauthier Onclin,M15 Monastir,FU,2022-02-07,R16,Jerome,Kym,4-6 5-7,ITF main draw,2022,linked,10126456,1644488400.0,"Tunisia F9, Singles",ITF Men,Round of 16,Jerome Kym,3.0,2.0,0.0,0.0,1,false,finished,True
O0A2:atp:2022/8188/ms027:BT42,O0A2,Gauthier Onclin,M15 Monastir,FU,2022-02-07,R32,Dominik,Boehler,7-6(2) 6-2,ITF main draw,2022,linked,10120735,1644324300.0,"Tunisia F9, Singles",ITF Men,Round of 32,Dominik Boehler,3.0,2.0,0.0,0.0,2,false,finished,True
O0A2:atp:2022/8178/ms011:LC12,O0A2,Gauthier Onclin,M25 Faro,FU,2022-02-28,R16,Laurent,Lokoli,4-6 7-5 2-6,ITF main draw,2022,linked,10171031,1646388000.0,"Portugal F2, Singles",ITF Men,Round of 16,Laurent Lokoli,3.0,2.0,0.0,0.0,2,false,finished,True
O0A2:atp:2022/8178/ms022:S0BT,O0A2,Gauthier Onclin,M25 Faro,FU,2022-02-28,R32,Adria,Soriano Barrera,6-4 6-3,ITF main draw,2022,linked,10168782,1646231100.0,"Portugal F2, Singles",ITF Men,Round of 32,Adria Soriano Barrera,3.0,2.0,0.0,0.0,2,false,finished,True
O0A2:atp:2022/8186/ms021:L0CX,O0A2,Gauthier Onclin,M25 Portimao,FU,2022-03-07,R32,Pablo,Llamas Ruiz,1-6 4-6,ITF main draw,2022,linked,10180994,1646747700.0,"Portugal F3, Singles",ITF Men,Round of 32,Pablo Llamas Ruiz,3.0,2.0,0.0,0.0,1,false,finished,True
O0A2:atp:2022/8197/ms005:MO55,O0A2,Gauthier Onclin,M25 Loule,FU,2022-03-14,QF,Lucas,Miedler,6-4 3-6 4-6,ITF main draw,2022,linked,10201669,1647685800.0,"Loule, Singles M-ITF-POR-04A",ITF Men,Round of 16,Lucas Miedler,3.0,0.0,1.0,0.0,2,false,finished,True
O0A2:atp:2022/8197/ms011:O664,O0A2,Gauthier Onclin,M25 Loule,FU,2022-03-14,R16,Makoto,Ochi,6-2 6-2,ITF main draw,2022,linked,10199964,1647611400.0,"Loule, Singles M-ITF-POR-04A",ITF Men,Round of 16,Makoto Ochi,3.0,2.0,1.0,0.0,1,false,finished,True
O0A2:atp:2022/8197/ms023:F664,O0A2,Gauthier Onclin,M25 Loule,FU,2022-03-14,R32,Sebastian,Fanselow,6-3 6-1,ITF main draw,2022,linked,10193304,1647533100.0,"Loule, Singles M-ITF-POR-04A",ITF Men,Round of 32,Sebastian Fanselow,3.0,2.0,1.0,0.0,2,false,finished,True
O0A2:atp:2022/8158/ms022:G0FF,O0A2,Gauthier Onclin,M25 Toulouse-Balma,FU,2022-03-21,R32,Axel,Garcian,3-6,ITF main draw,2022,linked,10206983,1648032900.0,"Toulouse-balma, Singles M-ITF-FRA-04A",ITF Men,Round of 32,Axel Garcian,3.0,2.0,1.0,0.0,2,false,finished,True
O0A2:atp:2022/8200/ms020:E0AA,O0A2,Gauthier Onclin,M15 Antalya,FU,2022-04-11,R32,Yanki,Erel,7-6(3) 2-6 2-6,ITF main draw,2022,linked,10247828,1649833200.0,"Antalya, Singles M-ITF-TUR-14A",ITF Men,Round of 32,Yanki Erel,3.0,2.0,1.0,0.0,2,false,finished,True
O0A2:atp:2022/8213/ms011:M0B2,O0A2,Gauthier Onclin,M15 Antalya,FU,2022-04-18,R16,Yuki,Mochizuki,5-7 5-7,ITF main draw,2022,unobserved,,,,,,,,,,,,,,False
O0A2:atp:2022/8213/ms022:S0UV,O0A2,Gauthier Onclin,M15 Antalya,FU,2022-04-18,R32,Rei,Sakamoto,6-0 6-2,ITF main draw,2022,unobserved,,,,,,,,,,,,,,False
O0A2:atp:2022/8223/ms010:L0CX,O0A2,Gauthier Onclin,M15 Antalya,FU,2022-04-25,R16,Pablo,Llamas Ruiz,0-6 1-6,ITF main draw,2022,unobserved,,,,,,,,,,,,,,False
O0A2:atp:2022/8223/ms021:KI91,O0A2,Gauthier Onclin,M15 Antalya,FU,2022-04-25,R32,Koray,Kirci,6-2 6-4,ITF main draw,2022,unobserved,,,,,,,,,,,,,,False
O0A2:atp:2022/738/ms001:R0ED,O0A2,Gauthier Onclin,M15 Meerbusch,FU,2022-05-02,F,Max Hans,Rehberg,6-3 6-1,ITF main draw,2022,unobserved,,,,,,,,,,,,,,False
O0A2:atp:2022/738/ms003:MM78,O0A2,Gauthier Onclin,M15 Meerbusch,FU,2022-05-02,SF,Jonathan,Mridha,3-6 6-3 3-1,ITF main draw,2022,unobserved,,,,,,,,,,,,,,False
O0A2:atp:2022/738/ms007:B0JJ,O0A2,Gauthier Onclin,M15 Meerbusch,FU,2022-05-02,QF,Robin,Bertrand,6-1 7-6(1),ITF main draw,2022,unobserved,,,,,,,,,,,,,,False
O0A2:atp:2022/738/ms014:RD58,O0A2,Gauthier Onclin,M15 Meerbusch,FU,2022-05-02,R16,Dominik,Recek,6-0 7-5,ITF main draw,2022,unobserved,,,,,,,,,,,,,,False
O0A2:atp:2022/738/ms028:N0BK,O0A2,Gauthier Onclin,M15 Meerbusch,FU,2022-05-02,R32,Hazem,Naw,6-4 6-3,ITF main draw,2022,unobserved,,,,,,,,,,,,,,False
O0A2:atp:2022/1803/ms010:I0AP,O0A2,Gauthier Onclin,M15 Prijedor,FU,2022-05-16,R16,Kalin,Ivanovski,6-3 6-7(6) 5-7,ITF main draw,2022,unobserved,,,,,,,,,,,,,,False
O0A2:atp:2022/1803/ms020:C0HV,O0A2,Gauthier Onclin,M15 Prijedor,FU,2022-05-16,R32,Luca,Castagnola,6-2 6-2,ITF main draw,2022,unobserved,,,,,,,,,,,,,,False
O0A2:atp:2022/1805/ms001:C0JP,O0A2,Gauthier Onclin,M15 Brcko,FU,2022-05-23,F,Raphael,Collignon,5-7 6-2 6-3,ITF main draw,2022,linked,10342650,1653814800.0,"Brcko, Singles M-ITF-BIH-03A",ITF Men,Final,Raphael Collignon,3.0,2.0,1.0,0.0,2,false,finished,True
O0A2:atp:2022/1805/ms002:WB19,O0A2,Gauthier Onclin,M15 Brcko,FU,2022-05-23,SF,Alexander,Weis,7-5 6-1,ITF main draw,2022,linked,10341104,1653738900.0,"Brcko, Singles M-ITF-BIH-03A",ITF Men,Semifinals,Alexander Weis,3.0,2.0,1.0,0.0,2,false,finished,True
O0A2:atp:2022/1805/ms005:O0BE,O0A2,Gauthier Onclin,M15 Brcko,FU,2022-05-23,QF,Oleksandr,Ovcharenko,4-6 7-5 6-0,ITF main draw,2022,linked,10337848,1653660000.0,"Brcko, Singles M-ITF-BIH-03A",ITF Men,Quarterfinals,Oleksandr Ovcharenko,3.0,2.0,1.0,0.0,2,false,finished,True
O0A2:atp:2022/1805/ms010:N0DB,O0A2,Gauthier Onclin,M15 Brcko,FU,2022-05-23,R16,Andrej,Nedic,6-3 6-1,ITF main draw,2022,linked,10336078,1653566400.0,"Brcko, Singles M-ITF-BIH-03A",ITF Men,Round of 16,Andrej Nedić,3.0,2.0,1.0,0.0,2,false,finished,True
O0A2:atp:2022/1805/ms020:KG49,O0A2,Gauthier Onclin,M15 Brcko,FU,2022-05-23,R32,Denis,Klok,7-6(3) 7-6(5),ITF main draw,2022,linked,10331568,1653390600.0,"Brcko, Singles M-ITF-BIH-03A",ITF Men,Round of 32,Denys Klok,1.0,2.0,1.0,0.0,2,false,finished,True
O0A2:atp:2022/8272/ms010:HF80,O0A2,Gauthier Onclin,M25 Kiseljak,FU,2022-05-30,R16,Hady,Habib,3-6 4-6,ITF main draw,2022,linked,10350234,1654190700.0,"Kiseljak, Singles Main, M-ITF-BIH-04A",ITF Men,Round of 16,Hady Habib,3.0,2.0,1.0,0.0,2,false,finished,True
O0A2:atp:2022/8272/ms021:S0BA,O0A2,Gauthier Onclin,M25 Kiseljak,FU,2022-05-30,R32,Luigi,Sorrentino,7-6(1) 6-1,ITF main draw,2022,linked,10347541,1654070400.0,"Kiseljak, Singles Main, M-ITF-BIH-04A",ITF Men,Round of 32,Luigi Sorrentino,3.0,2.0,1.0,0.0,1,false,finished,True
O0A2:atp:2022/4066/ms001:R0E0,O0A2,Gauthier Onclin,M15 Duffel,FU,2022-06-13,F,Chris,Rodesch,6-4 6-3,ITF main draw,2022,linked,10392719,1655629200.0,"Belgium F3, Singles",ITF Men,Final,Chris Rodesch,3.0,2.0,0.0,0.0,2,false,finished,True
O0A2:atp:2022/4066/ms002:C0B2,O0A2,Gauthier Onclin,M15 Duffel,FU,2022-06-13,SF,Cezar,Cretu,6-4 1-6 6-2,ITF main draw,2022,linked,10391228,1655554800.0,"Belgium F3, Singles",ITF Men,Semifinals,Cezar Cretu,3.0,2.0,0.0,0.0,1,false,finished,True
O0A2:atp:2022/4066/ms005:R0GN,O0A2,Gauthier Onclin,M15 Duffel,FU,2022-06-13,QF,Amaury,Raynel,6-4 6-0,ITF main draw,2022,linked,10383235,1655481600.0,"Belgium F3, Singles",ITF Men,Quarterfinals,Amaury Raynel,3.0,2.0,0.0,0.0,1,false,finished,True
O0A2:atp:2022/4066/ms010:D0C2,O0A2,Gauthier Onclin,M15 Duffel,FU,2022-06-13,R16,Dax,Donders,7-6(6) 6-4,ITF main draw,2022,linked,10380446,1655280000.0,"Belgium F3, Singles",ITF Men,Round of 16,Dax Donders,3.0,2.0,0.0,0.0,2,false,finished,True
O0A2:atp:2022/4066/ms020:DH54,O0A2,Gauthier Onclin,M15 Duffel,FU,2022-06-13,R32,Benjamin,Dhoe,6-1 6-1,ITF main draw,2022,linked,10378638,1655200800.0,"Belgium F3, Singles",ITF Men,Round of 32,Benjamin Dhoe,3.0,2.0,0.0,0.0,1,false,finished,True
O0A2:atp:2022/6588/ms001:C0JP,O0A2,Gauthier Onclin,M25 Arlon,FU,2022-06-20,F,Raphael,Collignon,4-6 1-6,ITF main draw,2022,unobserved,,,,,,,,,,,,,,False
O0A2:atp:2022/6588/ms003:B0C3,O0A2,Gauthier Onclin,M25 Arlon,FU,2022-06-20,SF,Simon,Beaupain,7-6(7) 6-2,ITF main draw,2022,unobserved,,,,,,,,,,,,,,False
O0A2:atp:2022/6588/ms007:H0GE,O0A2,Gauthier Onclin,M25 Arlon,FU,2022-06-20,QF,Alexander,Hoogmartens,6-2 2-6 7-6(5),ITF main draw,2022,linked,10408226,1656068100.0,"Belgium F1, Singles",ITF Men,Quarterfinals,Alexander Hoogmartens,3.0,2.0,0.0,0.0,1,false,finished,True
O0A2:atp:2022/6588/ms014:R0BT,O0A2,Gauthier Onclin,M25 Arlon,FU,2022-06-20,R16,Franco,Roncadelli,6-2 6-0,ITF main draw,2022,linked,10402251,1655971200.0,"Belgium F1, Singles",ITF Men,Round of 16,Franco Roncadelli,3.0,2.0,0.0,0.0,1,false,finished,True
O0A2:atp:2022/6588/ms028:J709,O0A2,Gauthier Onclin,M25 Arlon,FU,2022-06-20,R32,Ronan,Joncour,6-3 6-3,ITF main draw,2022,linked,10398264,1655918700.0,"Belgium F1, Singles",ITF Men,Round of 32,Ronan Joncour,3.0,2.0,0.0,0.0,1,false,finished,True
O0A2:atp:2022/541/ms025:B0GY,O0A2,Gauthier Onclin,M25 Marbug,FU,2022-07-04,R32,Alex,Barrena,3-6 3-6,ITF main draw,2022,unobserved,,,,,,,,,,,,,,False
O0A2:atp:2022/9198/qs011:K0FY,O0A2,Gauthier Onclin,Amersfoort,CH,2022-07-11,Q2,Martin,Krumich,7-5 5-7 1-6,Challenger qualifying,2022,unobserved,,,,,,,,,,,,,,False
O0A2:atp:2022/9198/qs022:RH62,O0A2,Gauthier Onclin,Amersfoort,CH,2022-07-11,Q1,Mats,Rosenkranz,6-4 7-5,Challenger qualifying,2022,unobserved,,,,,,,,,,,,,,False
O0A2:atp:2022/9554/ms024:R0E0,O0A2,Gauthier Onclin,M25 Esch/Alzette,FU,2022-07-18,R32,Chris,Rodesch,3-6 4-6,ITF main draw,2022,unobserved,,,,,,,,,,,,,,False
O0A2:atp:2022/572/ms009:CH12,O0A2,Gauthier Onclin,M25 Wetzlar,FU,2022-08-01,R16,Jan,Choinski,3-6 6-3 1-6,ITF main draw,2022,unobserved,,,,,,,,,,,,,,False
O0A2:atp:2022/572/ms019:T09X,O0A2,Gauthier Onclin,M25 Wetzlar,FU,2022-08-01,R32,Clement,Tabur,6-3 6-0,ITF main draw,2022,unobserved,,,,,,,,,,,,,,False
O0A2:atp:2022/6809/qs010:V717,O0A2,Gauthier Onclin,Meerbusch,CH,2022-08-08,Q2,Alexey,Vatutin,6-4 4-6 1-6,Challenger qualifying,2022,unobserved,,,,,,,,,,,,,,False
O0A2:atp:2022/6809/qs021:GJ05,O0A2,Gauthier Onclin,Meerbusch,CH,2022-08-08,Q1,Alexis,Gautier,7-5 7-6(4),Challenger qualifying,2022,unobserved,,,,,,,,,,,,,,False
O0A2:atp:2022/4159/ms023:B0GB,O0A2,Gauthier Onclin,M25 Koksijde,FU,2022-08-15,R32,Arnaud,Bovy,6-3 4-6 1-6,ITF main draw,2022,unobserved,,,,,,,,,,,,,,False
O0A2:atp:2022/6303/ms002:B0C3,O0A2,Gauthier Onclin,M15 Lambermont,FU,2022-08-22,SF,Simon,Beaupain,3-6 6-2 3-6,ITF main draw,2022,linked,10638073,1661612400.0,"Lambermont, Singles Main, M-ITF-BEL-04A",ITF Men,Semifinals,Simon Beaupain,3.0,2.0,1.0,0.0,2,false,finished,True
O0A2:atp:2022/6303/ms004:D0FY,O0A2,Gauthier Onclin,M15 Lambermont,FU,2022-08-22,QF,Thomas,Deschamps,6-2 6-2,ITF main draw,2022,linked,10635087,1661526000.0,"Lambermont, Singles Main, M-ITF-BEL-04A",ITF Men,Quarterfinals,Thomas Deschamps,3.0,2.0,1.0,0.0,2,false,finished,True
O0A2:atp:2022/6303/ms008:E0B8,O0A2,Gauthier Onclin,M15 Lambermont,FU,2022-08-22,R16,Victor,Ernaelsteen,6-1 6-3,ITF main draw,2022,linked,10627045,1661429400.0,"Lambermont, Singles Main, M-ITF-BEL-04A",ITF Men,Round of 16,Victor Ernaelsteen,3.0,2.0,1.0,0.0,1,false,finished,True
O0A2:atp:2022/6303/ms016:R0F9,O0A2,Gauthier Onclin,M15 Lambermont,FU,2022-08-22,R32,Olivier,Rojas,6-2 6-4,ITF main draw,2022,unobserved,,,,,,,,,,,,,,False
O0A2:atp:2022/838/ms031:J0C2,O0A2,Gauthier Onclin,M15 Haren,FU,2022-08-29,R32,Jarno,Jans,6-7(6) 4-6,ITF main draw,2022,linked,10647180,1661882400.0,"Haren, Singles Qualifying, M-ITF-NED-03A",ITF Men,Round of 32,Jarno Jans,3.0,0.0,1.0,0.0,2,false,finished,True
O0A2:atp:2022/6048/ms001:S0R5,O0A2,Gauthier Onclin,M15 Zlatibor,FU,2022-09-12,F,Ilya,Snitari,6-1 6-4,ITF main draw,2022,linked,10692523,1663491600.0,"Zlatibor, Singles Main, M-ITF-SRB-03A",ITF Men,Final,Ilya Snitari,3.0,2.0,1.0,0.0,2,false,finished,True
O0A2:atp:2022/6048/ms002:P0G5,O0A2,Gauthier Onclin,M15 Zlatibor,FU,2022-09-12,SF,Stefan,Popovic,6-2 6-2,ITF main draw,2022,linked,10690830,1663401600.0,"Zlatibor, Singles Main, M-ITF-SRB-03A",ITF Men,Semifinals,Stefan Popović,3.0,2.0,1.0,0.0,1,false,finished,True
O0A2:atp:2022/6048/ms004:P0AY,O0A2,Gauthier Onclin,M15 Zlatibor,FU,2022-09-12,QF,Luka,Pavlovic,6-4 6-2,ITF main draw,2022,linked,10689148,1663322100.0,"Zlatibor, Singles Main, M-ITF-SRB-03A",ITF Men,Quarterfinals,Luka Pavlović,3.0,2.0,1.0,0.0,1,false,finished,True
O0A2:atp:2022/6048/ms008:P0KU,O0A2,Gauthier Onclin,M15 Zlatibor,FU,2022-09-12,R16,Jaka,Protic Zakelj,6-2 6-1,ITF main draw,2022,linked,10686613,1663239600.0,"Zlatibor, Singles Main, M-ITF-SRB-03A",ITF Men,Round of 16,Jaka Protic Zakelj,3.0,2.0,1.0,0.0,1,false,finished,True
O0A2:atp:2022/6048/ms016:O0AX,O0A2,Gauthier Onclin,M15 Zlatibor,FU,2022-09-12,R32,Gian Marco,Ortenzi,6-1 7-5,ITF main draw,2022,linked,10682753,1663142400.0,"Zlatibor, Singles Main, M-ITF-SRB-03A",ITF Men,Round of 32,Gian Marco Ortenzi,3.0,2.0,1.0,0.0,2,false,finished,True
O0A2:atp:2022/723/ms001:C0JP,O0A2,Gauthier Onclin,M25 Nevers,FU,2022-10-03,F,Raphael,Collignon,6-3 2-6 6-3,ITF main draw,2022,linked,10748281,1665318600.0,"Nevers, Singles Main, M-ITF-FRA-14A",ITF Men,Final,Raphael Collignon,3.0,2.0,1.0,0.0,1,false,finished,True
O0A2:atp:2022/723/ms003:G0GW,O0A2,Gauthier Onclin,M25 Nevers,FU,2022-10-03,SF,Sascha,Gueymard Wayenburg,6-3 6-4,ITF main draw,2022,linked,10745831,1665230400.0,"Nevers, Singles Main, M-ITF-FRA-14A",ITF Men,Semifinals,Sascha Gueymard Wayenburg,3.0,2.0,1.0,0.0,1,false,finished,True
O0A2:atp:2022/723/ms007:RH50,O0A2,Gauthier Onclin,M25 Nevers,FU,2022-10-03,QF,Arthur,Reymond,6-4 6-2,ITF main draw,2022,linked,10744572,1665136500.0,"Nevers, Singles Main, M-ITF-FRA-14A",ITF Men,Quarterfinals,Arthur Reymond,3.0,2.0,1.0,0.0,2,false,finished,True
O0A2:atp:2022/723/ms015:R0BN,O0A2,Gauthier Onclin,M25 Nevers,FU,2022-10-03,R16,Simon,Reveniau,6-2 6-2,ITF main draw,2022,linked,10736595,1665068700.0,"Nevers, Singles Main, M-ITF-FRA-14A",ITF Men,Round of 16,Simon Reveniau,3.0,2.0,1.0,0.0,2,false,finished,True
O0A2:atp:2022/723/ms031:PM29,O0A2,Gauthier Onclin,M25 Nevers,FU,2022-10-03,R32,Hugo,Pontico,6-2 6-4,ITF main draw,2022,linked,10734284,1664888100.0,"Nevers, Singles Main, M-ITF-FRA-14A",ITF Men,Round of 32,Hugo Pontico,3.0,2.0,1.0,0.0,2,false,finished,True
O0A2:atp:2022/724/ms003:GJ05,O0A2,Gauthier Onclin,M25+H Rodez,FU,2022-10-10,SF,Alexis,Gautier,2-6 4-6,ITF main draw,2022,linked,10777972,1665840600.0,"Onet le Chateau, Singles Main, M-ITF-FRA-15A",ITF Men,Semifinals,Alexis Gautier,3.0,2.0,0.0,0.0,2,false,finished,True
O0A2:atp:2022/724/ms006:G0GW,O0A2,Gauthier Onclin,M25+H Rodez,FU,2022-10-10,QF,Sascha,Gueymard Wayenburg,6-3 6-3,ITF main draw,2022,linked,10767784,1665739800.0,"Onet le Chateau, Singles Main, M-ITF-FRA-15A",ITF Men,Quarterfinals,Sascha Gueymard Wayenburg,3.0,2.0,0.0,0.0,2,false,finished,True
O0A2:atp:2022/724/ms013:J557,O0A2,Gauthier Onclin,M25+H Rodez,FU,2022-10-10,R16,Gregoire,Jacq,7-6(9) 3-0,ITF main draw,2022,linked,10761668,1665652800.0,"Onet le Chateau, Singles Main, M-ITF-FRA-15A",ITF Men,Round of 16,Gregoire Jacq,3.0,2.0,0.0,0.0,1,false,finished,True
O0A2:atp:2022/724/ms027:MN49,O0A2,Gauthier Onclin,M25+H Rodez,FU,2022-10-10,R32,Mohamed Nazim,Makhlouf,6-4 7-6(6),ITF main draw,2022,linked,10754848,1665559800.0,"Onet le Chateau, Singles Main, M-ITF-FRA-15A",ITF Men,Round of 32,Mohamed Nazim Makhlouf,3.0,2.0,0.0,0.0,2,false,finished,True
O0A2:atp:2022/8360/ms001:E0AC,O0A2,Gauthier Onclin,M25 Monastir,FU,2022-10-24,F,Mathys,Erhard,6-7(2) 6-7(3),ITF main draw,2022,unobserved,,,,,,,,,,,,,,False
O0A2:atp:2022/8360/ms002:BV16,O0A2,Gauthier Onclin,M25 Monastir,FU,2022-10-24,SF,Ugo,Blanchet,6-4 6-2,ITF main draw,2022,unobserved,,,,,,,,,,,,,,False
O0A2:atp:2022/8360/ms004:ML73,O0A2,Gauthier Onclin,M25 Monastir,FU,2022-10-24,QF,Skander,Mansouri,5-7 6-1 7-5,ITF main draw,2022,unobserved,,,,,,,,,,,,,,False
O0A2:atp:2022/8360/ms009:C0HB,O0A2,Gauthier Onclin,M25 Monastir,FU,2022-10-24,R16,Eliakim,Coulibaly,6-4 6-2,ITF main draw,2022,unobserved,,,,,,,,,,,,,,False
O0A2:atp:2022/8360/ms019:K0E3,O0A2,Gauthier Onclin,M25 Monastir,FU,2022-10-24,R32,Andrej,Krajcik,6-1 6-1,ITF main draw,2022,linked,10837955,1666691400.0,"Monastir, Singles Main, M-ITF-TUN-50A",ITF Men,Round of 32,Andrej Krajcik,3.0,2.0,1.0,0.0,1,false,finished,True
O0A2:atp:2022/8365/ms006:B0AY,O0A2,Gauthier Onclin,M25 Monastir,FU,2022-10-31,QF,Jurgen,Briand,7-6(1) 0-6 2-6,ITF main draw,2022,unobserved,,,,,,,,,,,,,,False
O0A2:atp:2022/8365/ms012:S0BT,O0A2,Gauthier Onclin,M25 Monastir,FU,2022-10-31,R16,Adria,Soriano Barrera,6-4 6-1,ITF main draw,2022,unobserved,,,,,,,,,,,,,,False
O0A2:atp:2022/8365/ms024:MK26,O0A2,Gauthier Onclin,M25 Monastir,FU,2022-10-31,R32,Jules,Marie,3-6 6-3 6-4,ITF main draw,2022,unobserved,,,,,,,,,,,,,,False
O0A2:atp:2022/8310/qs017:E928,O0A2,Gauthier Onclin,Helsinki,CH,2022-11-14,Q1,Alexander,Erler,6-7(8) 6-7(3),Challenger qualifying,2022,unobserved,,,,,,,,,,,,,,False
O0A2:atp:2022/8312/ms029:KD87,O0A2,Gauthier Onclin,Maia,CH,2022-11-28,R32,Evgeny,Karlovskiy,2-6 0-6,Challenger main draw,2022,linked,10909654,1669725000.0,"Maia, Portugal",Challenger,Round of 32,Evgeny Karlovskiy,3.0,2.0,1.0,0.0,absent,false,finished,False
O0A2:atp:2022/8312/qs012:F0F2,O0A2,Gauthier Onclin,Maia,CH,2022-11-28,Q2,Jaime,Faria,6-0 2-6 6-2,Challenger qualifying,2022,unobserved,,,,,,,,,,,,,,False
O0A2:atp:2022/8312/qs024:R0F6,O0A2,Gauthier Onclin,Maia,CH,2022-11-28,Q1,Francisco,Rocha,6-0 6-3,Challenger qualifying,2022,unobserved,,,,,,,,,,,,,,False
O0A2:atp:2023/8134/ms001:PJ74,O0A2,Gauthier Onclin,M15 Bressuire,FU,2023-01-16,F,Lucas,Poullain,7-5 6-3,ITF main draw,2023,linked,11006782,1674397800.0,"Bressuire, Singles Main, M-ITF-FRA-01A",ITF Men,Final,Lucas Poullain,3.0,2.0,1.0,0.0,1,false,finished,True
O0A2:atp:2023/8134/ms002:G0IW,O0A2,Gauthier Onclin,M15 Bressuire,FU,2023-01-16,SF,Antoine,Ghibaudo,6-2 6-2,ITF main draw,2023,linked,11005263,1674317700.0,"Bressuire, Singles Main, M-ITF-FRA-01A",ITF Men,Semifinals,Antoine Ghibaudo,3.0,2.0,1.0,0.0,1,false,finished,True
O0A2:atp:2023/8134/ms004:G0I2,O0A2,Gauthier Onclin,M15 Bressuire,FU,2023-01-16,QF,Adrien,Gobat,7-6(4) 6-1,ITF main draw,2023,linked,11003386,1674224700.0,"Bressuire, Singles Main, M-ITF-FRA-01A",ITF Men,Quarterfinals,Adrien Gobat,3.0,2.0,1.0,0.0,1,false,finished,True
O0A2:atp:2023/8134/ms008:F0FF,O0A2,Gauthier Onclin,M15 Bressuire,FU,2023-01-16,R16,Philip,Florig,6-3 6-2,ITF main draw,2023,linked,11001011,1674133200.0,"Bressuire, Singles Main, M-ITF-FRA-01A",ITF Men,Round of 16,Philip Florig,3.0,2.0,1.0,0.0,1,false,finished,True
O0A2:atp:2023/8134/ms016:S0GF,O0A2,Gauthier Onclin,M15 Bressuire,FU,2023-01-16,R32,Maik,Steiner,7-5 7-5,ITF main draw,2023,linked,10996229,1674032400.0,"Bressuire, Singles Main, M-ITF-FRA-01A",ITF Men,Round of 32,Maik Steiner,3.0,2.0,1.0,0.0,2,false,finished,True
O0A2:atp:2023/2837/ms002:GB88,O0A2,Gauthier Onclin,Ottignies-Louvain-la-Neuve,CH,2023-01-23,SF,David,Goffin,6-7(3) 2-6,Challenger main draw,2023,linked,11003598,1674924300.0,"Ottignies-Louvain-la-Neuve, Belgium",Challenger,Semifinals,David Goffin,3.0,2.0,1.0,0.0,1,false,finished,True
O0A2:atp:2023/2837/ms005:U120,O0A2,Gauthier Onclin,Ottignies-Louvain-la-Neuve,CH,2023-01-23,QF,Kaichi,Uchida,6-3 6-3,Challenger main draw,2023,linked,11003606,1674847800.0,"Ottignies-Louvain-la-Neuve, Belgium",Challenger,Quarterfinals,Kaichi Uchida,3.0,2.0,1.0,0.0,1,false,finished,True
O0A2:atp:2023/2837/ms010:G858,O0A2,Gauthier Onclin,Ottignies-Louvain-la-Neuve,CH,2023-01-23,R16,Ernests,Gulbis,6-7(6) 6-2 6-3,Challenger main draw,2023,linked,11003593,1674745200.0,"Ottignies-Louvain-la-Neuve, Belgium",Challenger,Round of 16,Ernests Gulbis,3.0,2.0,1.0,0.0,1,false,finished,True
O0A2:atp:2023/2837/ms020:HH26,O0A2,Gauthier Onclin,Ottignies-Louvain-la-Neuve,CH,2023-01-23,R32,Ugo,Humbert,7-5 6-1,Challenger main draw,2023,linked,11012236,1674671400.0,"Ottignies-Louvain-la-Neuve, Belgium",Challenger,Round of 32,Ugo Humbert,3.0,2.0,1.0,0.0,absent,false,finished,False
O0A2:atp:2023/2837/qs013:KI48,O0A2,Gauthier Onclin,Ottignies-Louvain-la-Neuve,CH,2023-01-23,Q2,Ergi,Kirkin,6-1 7-6(3),Challenger qualifying,2023,linked,11010419,1674562500.0,"Ottignies-Louvain-la-Neuve, Belgium, Qualifying",Challenger,Qualification round 1,Ergi Kirkin,3.0,1.0,1.0,0.0,absent,false,finished,False
O0A2:atp:2023/2837/qs027:N897,O0A2,Gauthier Onclin,Ottignies-Louvain-la-Neuve,CH,2023-01-23,Q1,Sumit,Nagal,6-2 2-6 7-5,Challenger qualifying,2023,linked,11008368,1674500400.0,"Ottignies-Louvain-la-Neuve, Belgium, Qualifying",Challenger,Qualification round 1,Sumit Nagal,3.0,2.0,1.0,0.0,absent,false,finished,False
O0A2:atp:2023/398/ms026:Z09D,O0A2,Gauthier Onclin,Cherbourg,CH,2023-02-13,R32,Kacper,Zuk,7-5 3-6 4-6,Challenger main draw,2023,linked,11059989,1676375700.0,"Cherbourg, France",Challenger,Round of 32,Kacper Zuk,3.0,2.0,1.0,0.0,absent,false,finished,False
O0A2:atp:2023/398/qs008:MW76,O0A2,Gauthier Onclin,Cherbourg,CH,2023-02-13,Q2,Matteo,Martineau,6-4 6-3,Challenger qualifying,2023,linked,11058458,1676292600.0,"Cherbourg, France, Qualifying",Challenger,Qualification round 1,Matteo Martineau,3.0,1.0,1.0,0.0,absent,false,finished,False
O0A2:atp:2023/398/qs016:BV21,O0A2,Gauthier Onclin,Cherbourg,CH,2023-02-13,Q1,Charles,Broom,6-2 6-4,Challenger qualifying,2023,linked,11056244,1676233200.0,"Cherbourg, France, Qualifying",Challenger,Qualification round 1,Charles Broom,3.0,2.0,1.0,0.0,absent,false,finished,False
O0A2:atp:2023/2849/ms003:S0LA,O0A2,Gauthier Onclin,Rovereto,CH,2023-02-20,SF,Dominic,Stricker,3-6 6-7(3),Challenger main draw,2023,unobserved,,,,,,,,,,,,,,False
O0A2:atp:2023/2849/ms006:KH56,O0A2,Gauthier Onclin,Rovereto,CH,2023-02-20,QF,Zdenek,Kolar,6-3 6-3,Challenger main draw,2023,linked,11081973,1677229200.0,"Rovereto, Italy",Challenger,Quarterfinals,Zdenek Kolar,3.0,2.0,1.0,0.0,absent,false,finished,False
O0A2:atp:2023/2849/ms012:S0RF,O0A2,Gauthier Onclin,Rovereto,CH,2023-02-20,R16,Marcello,Serafini,6-4 2-6 7-5,Challenger main draw,2023,linked,11061168,1677079800.0,"Rovereto, Italy",Challenger,Round of 16,Marcello Serafini,3.0,2.0,1.0,0.0,absent,false,finished,False
O0A2:atp:2023/2849/ms025:R685,O0A2,Gauthier Onclin,Rovereto,CH,2023-02-20,R32,Lukas,Rosol,6-1 7-6(0),Challenger main draw,2023,linked,11071379,1676907300.0,"Rovereto, Italy",Challenger,Round of 32,Lukas Rosol,3.0,2.0,1.0,0.0,absent,false,finished,False
O0A2:atp:2023/9516/ms015:S0LA,O0A2,Gauthier Onclin,Lugano,CH,2023-03-06,R16,Dominic,Stricker,3-6 3-6,Challenger main draw,2023,unobserved,,,,,,,,,,,,,,False
O0A2:atp:2023/9516/ms030:A09T,O0A2,Gauthier Onclin,Lugano,CH,2023-03-06,R32,Dan,Added,6-4 6-2,Challenger main draw,2023,unobserved,,,,,,,,,,,,,,False
O0A2:atp:2023/9516/qs008:A622,O0A2,Gauthier Onclin,Lugano,CH,2023-03-06,Q2,Andrea,Arnaboldi,3-6 6-2 6-1,Challenger qualifying,2023,unobserved,,,,,,,,,,,,,,False
O0A2:atp:2023/9516/qs016:D0HX,O0A2,Gauthier Onclin,Lugano,CH,2023-03-06,Q1,Dylan,Dietrich,6-4 6-2,Challenger qualifying,2023,unobserved,,,,,,,,,,,,,,False
O0A2:atp:2023/1796/ms014:L0GH,O0A2,Gauthier Onclin,St. Brieuc,CH,2023-03-20,R16,Mark,Lajal,6-7(5) 5-7,Challenger main draw,2023,unobserved,,,,,,,,,,,,,,False
O0A2:atp:2023/1796/ms028:M0HU,O0A2,Gauthier Onclin,St. Brieuc,CH,2023-03-20,R32,Shintaro,Mochizuki,6-2 6-4,Challenger main draw,2023,unobserved,,,,,,,,,,,,,,False
O0A2:atp:2023/7874/ms022:I306,O0A2,Gauthier Onclin,Lille,CH,2023-03-27,R32,Cem,Ilkel,3-6 2-6,Challenger main draw,2023,unobserved,,,,,,,,,,,,,,False
O0A2:atp:2023/9817/ms006:C0JP,O0A2,Gauthier Onclin,Roseto Degli Abruzzi,CH,2023-04-17,QF,Raphael,Collignon,7-5 4-6 2-6,Challenger main draw,2023,linked,11204638,1682075400.0,"Roseto Degli Abruzzi, Italy",Challenger,Quarterfinals,Raphael Collignon,3.0,2.0,1.0,0.0,absent,false,finished,False
O0A2:atp:2023/9817/ms012:F0A4,O0A2,Gauthier Onclin,Roseto Degli Abruzzi,CH,2023-04-17,R16,Francesco,Forti,6-4 1-6 6-3,Challenger main draw,2023,linked,11204625,1681981200.0,"Roseto Degli Abruzzi, Italy",Challenger,Round of 16,Francesco Forti,3.0,2.0,1.0,0.0,absent,false,finished,False
O0A2:atp:2023/9817/ms024:SP80,O0A2,Gauthier Onclin,Roseto Degli Abruzzi,CH,2023-04-17,R32,Nino,Serdarusic,7-5 5-7 6-4,Challenger main draw,2023,unobserved,,,,,,,,,,,,,,False
O0A2:atp:2023/1797/ms005:KH56,O0A2,Gauthier Onclin,Ostrava,CH,2023-04-24,QF,Zdenek,Kolar,2-6 6-2 4-6,Challenger main draw,2023,linked,11222505,1682672400.0,"Ostrava, Czech Republic",Challenger,Quarterfinals,Zdenek Kolar,3.0,2.0,1.0,0.0,absent,false,finished,False
O0A2:atp:2023/1797/ms011:S0GD,O0A2,Gauthier Onclin,Ostrava,CH,2023-04-24,R16,Dalibor,Svrcina,6-0 6-3,Challenger main draw,2023,linked,11222500,1682509800.0,"Ostrava, Czech Republic",Challenger,Round of 16,Dalibor Svr­čina,3.0,2.0,1.0,0.0,absent,false,finished,False
O0A2:atp:2023/1797/ms022:SS25,O0A2,Gauthier Onclin,Ostrava,CH,2023-04-24,R32,Vitaliy,Sachko,4-6 6-4 6-2,Challenger main draw,2023,linked,11232155,1682421900.0,"Ostrava, Czech Republic",Challenger,Round of 32,Vitaliy Sachko,3.0,2.0,1.0,0.0,absent,false,finished,False
O0A2:atp:2023/7707/ms017:TA12,O0A2,Gauthier Onclin,Francavilla al Mare,CH,2023-05-08,R32,Stefano,Travaglia,3-6 0-6,Challenger main draw,2023,linked,11267622,1683628800.0,"Francavilla, Italy",Challenger,Round of 32,Stefano Travaglia,3.0,2.0,1.0,0.0,absent,false,finished,False
O0A2:atp:2023/3824/ms014:HH26,O0A2,Gauthier Onclin,Bordeaux,CH,2023-05-15,R16,Ugo,Humbert,3-6 7-6(6) 5-7,Challenger main draw,2023,linked,11270270,1684340100.0,"Bordeaux, France",Challenger,Round of 16,Ugo Humbert,3.0,2.0,1.0,0.0,absent,false,finished,False
O0A2:atp:2023/3824/ms029:Y218,O0A2,Gauthier Onclin,Bordeaux,CH,2023-05-15,R32,Elias,Ymer,6-1 6-4,Challenger main draw,2023,linked,11284277,1684225800.0,"Bordeaux, France",Challenger,Round of 32,Elias Ymer,3.0,2.0,1.0,0.0,absent,false,finished,False
O0A2:atp:2023/3824/qs006:A887,O0A2,Gauthier Onclin,Bordeaux,CH,2023-05-15,Q2,Guido,Andreozzi,6-3 1-6 7-5,Challenger qualifying,2023,linked,11281927,1684141200.0,"Bordeaux, France, Qualifying",Challenger,Qualification round 2,Guido Andreozzi,3.0,2.0,1.0,0.0,absent,false,finished,False
O0A2:atp:2023/3824/qs012:D787,O0A2,Gauthier Onclin,Bordeaux,CH,2023-05-15,Q1,Guillermo,Duran,6-4 7-5,Challenger qualifying,2023,linked,11280583,1684059300.0,"Bordeaux, France, Qualifying",Challenger,Qualification round 1,Guillermo Duran,3.0,2.0,1.0,0.0,absent,false,finished,False
O0A2:atp:2023/520/qs049:T0A1,O0A2,Gauthier Onclin,Roland Garros,GS,2023-05-29,Q2,Thiago Agustin,Tirante,1-6 6-3 4-6,Tour qualifying,2023,linked,11301065,1684915200.0,"French Open, Paris, France, Qualifying",ATP,Qualification round 2,Thiago Agustin Tirante,3.0,2.0,0.0,0.0,1,false,finished,True
O0A2:atp:2023/520/qs098:I0A7,O0A2,Gauthier Onclin,Roland Garros,GS,2023-05-29,Q1,Nicholas David,Ionel,6-2 6-3,Tour qualifying,2023,linked,11299102,1684742400.0,"French Open, Paris, France, Qualifying",ATP,Qualification round 1,Nicholas David Ionel,3.0,2.0,0.0,0.0,1,false,finished,True
O0A2:atp:2023/9005/qs021:SY67,O0A2,Gauthier Onclin,Ilkley,CH,2023-06-19,Q1,Sho,Shimabukuro,3-6 7-6(5) 5-7,Challenger qualifying,2023,linked,11355203,1687023600.0,"Ilkley, Great Britain, Qualifying",Challenger,Qualification round 1,Sho Shimabukuro,3.0,2.0,1.0,0.0,absent,false,finished,False
O0A2:atp:2023/3463/ms004:D0CG,O0A2,Gauthier Onclin,Milan,CH,2023-07-03,QF,Facundo,Diaz Acosta,4-6 3-6,Challenger main draw,2023,unobserved,,,,,,,,,,,,,,False
O0A2:atp:2023/3463/ms009:G983,O0A2,Gauthier Onclin,Milan,CH,2023-07-03,R16,Alessandro,Giannessi,6-4 6-1,Challenger main draw,2023,unobserved,,,,,,,,,,,,,,False
O0A2:atp:2023/3463/ms018:LI03,O0A2,Gauthier Onclin,Milan,CH,2023-07-03,R32,Edoardo,Lavagno,1-6 6-3 6-4,Challenger main draw,2023,unobserved,,,,,,,,,,,,,,False
O0A2:atp:2023/540/qs037:MN13,O0A2,Gauthier Onclin,Wimbledon,GS,2023-07-03,Q2,Maximilian,Marterer,2-6 2-6,Tour qualifying,2023,linked,11380238,1687946400.0,"Wimbledon, London, GB, Qualifying, 1st - 2nd Round",ATP,Qualification round 2,Maximilian Marterer,3.0,2.0,1.0,0.0,1,false,finished,True
O0A2:atp:2023/540/qs075:T0A1,O0A2,Gauthier Onclin,Wimbledon,GS,2023-07-03,Q1,Thiago Agustin,Tirante,6-2 6-0,Tour qualifying,2023,linked,11377705,1687777800.0,"Wimbledon, London, GB, Qualifying, 1st - 2nd Round",ATP,Qualification round 1,Thiago Agustin Tirante,3.0,2.0,1.0,0.0,2,false,finished,True
O0A2:atp:2023/8394/ms025:C882,O0A2,Gauthier Onclin,Iasi,CH,2023-07-10,R32,Pablo,Cuevas,2-6 3-6,Challenger main draw,2023,unobserved,,,,,,,,,,,,,,False
O0A2:atp:2023/9198/ms006:M0AC,O0A2,Gauthier Onclin,Amersfoort,CH,2023-07-17,QF,Rudolf,Molleker,2-6 2-6,Challenger main draw,2023,unobserved,,,,,,,,,,,,,,False
O0A2:atp:2023/9198/ms012:D0H9,O0A2,Gauthier Onclin,Amersfoort,CH,2023-07-17,R16,Guy,Den Ouden,7-6(6) 7-6(6),Challenger main draw,2023,unobserved,,,,,,,,,,,,,,False
O0A2:atp:2023/9198/ms025:RB60,O0A2,Gauthier Onclin,Amersfoort,CH,2023-07-17,R32,Oriol,Roca Batalla,6-2 6-2,Challenger main draw,2023,unobserved,,,,,,,,,,,,,,False
O0A2:atp:2023/9542/ms006:PD31,O0A2,Gauthier Onclin,Luedenscheid,CH,2023-07-31,QF,Benoit,Paire,4-6 4-6,Challenger main draw,2023,unobserved,,,,,,,,,,,,,,False
O0A2:atp:2023/9542/ms012:RH59,O0A2,Gauthier Onclin,Luedenscheid,CH,2023-07-31,R16,Santiago,Rodriguez Taverna,6-1 6-4,Challenger main draw,2023,unobserved,,,,,,,,,,,,,,False
O0A2:atp:2023/9542/ms024:CH12,O0A2,Gauthier Onclin,Luedenscheid,CH,2023-07-31,R32,Jan,Choinski,6-4 6-2,Challenger main draw,2023,unobserved,,,,,,,,,,,,,,False
O0A2:atp:2023/6809/ms012:R0ED,O0A2,Gauthier Onclin,Meerbusch,CH,2023-08-07,R16,Max Hans,Rehberg,6-7(4) 6-7(4),Challenger main draw,2023,unobserved,,,,,,,,,,,,,,False
O0A2:atp:2023/6809/ms024:C0MH,O0A2,Gauthier Onclin,Meerbusch,CH,2023-08-07,R32,Gerard,Campana Lee,2-6 7-5 6-1,Challenger main draw,2023,unobserved,,,,,,,,,,,,,,False
O0A2:atp:2023/560/qs051:SY67,O0A2,Gauthier Onclin,US Open,GS,2023-08-28,Q2,Sho,Shimabukuro,4-6 6-7(0),Tour qualifying,2023,linked,11570229,1692916200.0,"US Open, New York, USA, Qualifying",ATP,Qualification round 2,Sho Shimabukuro,3.0,2.0,0.0,0.0,absent,false,finished,False
O0A2:atp:2023/560/qs102:TA29,O0A2,Gauthier Onclin,US Open,GS,2023-08-28,Q1,Marco,Trungelliti,6-3 6-4,Tour qualifying,2023,linked,11563193,1692813900.0,"US Open, New York, USA, Qualifying",ATP,Qualification round 1,Marco Trungelliti,3.0,2.0,0.0,0.0,2,false,finished,True
O0A2:atp:2023/7083/ms019:CH05,O0A2,Gauthier Onclin,Istanbul,CH,2023-09-04,R32,Altug,Celikbilek,1-6 0-6,Challenger main draw,2023,linked,11607054,1693910400.0,"Istanbul, Turkiye",Challenger,Round of 32,Altug Celikbilek,3.0,2.0,1.0,0.0,absent,false,finished,False
O0A2:atp:2023/3503/ms009:BM95,O0A2,Gauthier Onclin,Rennes,CH,2023-09-11,R16,Benjamin,Bonzi,1-6 2-6,Challenger main draw,2023,linked,11616819,1694622600.0,"Rennes, France",Challenger,Round of 16,Benjamin Bonzi,3.0,2.0,1.0,0.0,absent,false,finished,False
O0A2:atp:2023/3503/ms018:Z0A1,O0A2,Gauthier Onclin,Rennes,CH,2023-09-11,R32,Giulio,Zeppieri,6-2 6-2,Challenger main draw,2023,linked,11629144,1694444400.0,"Rennes, France",Challenger,Round of 32,Giulio Zeppieri,3.0,2.0,1.0,0.0,absent,false,finished,False
O0A2:atp:2023/7485/qs006:M0GZ,O0A2,Gauthier Onclin,Antwerp,250,2023-10-16,Q2,Giovanni,Mpetshi Perricard,4-6 2-6,Tour qualifying,2023,linked,11749026,1697448600.0,"Antwerp, Belgium, Qualifying",ATP,Qualification round 2,Giovanni Mpetshi Perricard,3.0,2.0,1.0,0.0,absent,false,finished,False
O0A2:atp:2023/7485/qs012:C0BC,O0A2,Gauthier Onclin,Antwerp,250,2023-10-16,Q1,Maxime,Cressy,6-2 1-6 7-6(1),Tour qualifying,2023,linked,11743164,1697369400.0,"Antwerp, Belgium, Qualifying",ATP,Qualification round 1,Maxime Cressy,3.0,2.0,1.0,0.0,absent,false,finished,False
O0A2:atp:2023/6204/ms031:K0HC,O0A2,Gauthier Onclin,Ortisei,CH,2023-10-23,R32,Maks,Kasnikowski,1-6 4-6,Challenger main draw,2023,linked,11765202,1698074700.0,"Ortisei, Italy",Challenger,Round of 32,Maks Kasnikowski,3.0,2.0,1.0,0.0,absent,false,finished,False
O0A2:atp:2023/854/ms019:A829,O0A2,Gauthier Onclin,Bergamo,CH,2023-10-30,R32,Radu,Albot,7-6(6) 0-6 0-6,Challenger main draw,2023,linked,11781954,1698742800.0,"Bergamo, Italy",Challenger,Round of 32,Radu Albot,3.0,2.0,1.0,0.0,absent,false,finished,False
O0A2:atp:2023/8310/qs011:N663,O0A2,Gauthier Onclin,Helsinki,CH,2023-11-06,Q2,Maximilian,Neuchrist,5-7 4-6,Challenger qualifying,2023,linked,11806326,1699277700.0,"Helsinki, Finland, Qualifying",Challenger,Qualification round 2,Maximilian Neuchrist,3.0,2.0,1.0,0.0,absent,false,finished,False
O0A2:atp:2023/8310/qs022:M0W0,O0A2,Gauthier Onclin,Helsinki,CH,2023-11-06,Q1,Markus,Molder,6-0 6-4,Challenger qualifying,2023,linked,11804602,1699180200.0,"Helsinki, Finland, Qualifying",Challenger,Qualification round 1,Markus Molder,3.0,2.0,1.0,0.0,absent,false,finished,False
O0A2:atp:2023/2899/ms013:C0E9,O0A2,Gauthier Onclin,Danderyd,CH,2023-11-13,R16,Flavio,Cobolli,0-6 0-6,Challenger main draw,2023,linked,11815719,1700125200.0,"Danderyd, Sweden",Challenger,Round of 16,Flavio Cobolli,3.0,2.0,1.0,0.0,absent,false,finished,False
O0A2:atp:2023/2899/ms026:B0JG,O0A2,Gauthier Onclin,Danderyd,CH,2023-11-13,R32,Leo,Borg,6-2 6-4 6-0,Challenger main draw,2023,linked,11823033,1699982100.0,"Danderyd, Sweden",Challenger,Round of 32,Leo Borg,3.0,2.0,1.0,0.0,absent,false,finished,False
O0A2:atp:2024/2791/ms004:PF39,O0A2,Gauthier Onclin,Nonthaburi 1,CH,2024-01-01,QF,Lucas,Pouille,3-6 2-6,Challenger main draw,2024,linked,11926312,1704339000.0,"Nonthaburi, Thailand",Challenger,Quarterfinals,Lucas Pouille,3.0,2.0,1.0,0.0,1,false,finished,True
O0A2:atp:2024/2791/ms008:D864,O0A2,Gauthier Onclin,Nonthaburi 1,CH,2024-01-01,R16,Evgeny,Donskoy,6-3 6-3,Challenger main draw,2024,linked,11926313,1704250800.0,"Nonthaburi, Thailand",Challenger,Round of 16,Evgeny Donskoy,3.0,2.0,1.0,0.0,1,false,finished,True
O0A2:atp:2024/2791/ms017:U134,O0A2,Gauthier Onclin,Nonthaburi 1,CH,2024-01-01,R32,Yasutaka,Uchiyama,7-5 6-2,Challenger main draw,2024,linked,11930097,1704098700.0,"Nonthaburi, Thailand",Challenger,Round of 32,Yasutaka Uchiyama,3.0,2.0,1.0,0.0,2,false,finished,True
O0A2:atp:2024/2801/ms009:G0GD,O0A2,Gauthier Onclin,Nonthaburi 3,CH,2024-01-15,R16,Matteo,Gigante,2-6 7-6(7) 2-6,Challenger main draw,2024,unobserved,,,,,,,,,,,,,,False
O0A2:atp:2024/2801/ms018:T09X,O0A2,Gauthier Onclin,Nonthaburi 3,CH,2024-01-15,R32,Clement,Tabur,6-4 6-3,Challenger main draw,2024,unobserved,,,,,,,,,,,,,,False
O0A2:atp:2024/580/qs088:K0AZ,O0A2,Gauthier Onclin,Australian Open,GS,2024-01-15,Q1,Aleksandar,Kovacevic,3-6 7-6(9) 6-7(7),Tour qualifying,2024,linked,11954364,1704863700.0,"Australian Open, Melbourne, Australia, Qualifying",ATP,Qualification round 1,Aleksandar Kovačević,3.0,2.0,1.0,0.0,1,false,finished,True
O0A2:atp:2024/2837/ms012:R0FS,O0A2,Gauthier Onclin,Ottignies-Louvain-la-Neuve,CH,2024-01-22,R16,Leandro,Riedi,5-7 3-6,Challenger main draw,2024,unobserved,,,,,,,,,,,,,,False
O0A2:atp:2024/2837/ms025:Y171,O0A2,Gauthier Onclin,Ottignies-Louvain-la-Neuve,CH,2024-01-22,R32,Denis,Yevseyev,6-4 6-4,Challenger main draw,2024,unobserved,,,,,,,,,,,,,,False
O0A2:atp:2024/7808/ms014:W09E,O0A2,Gauthier Onclin,Bengaluru,CH,2024-02-12,R16,Adam,Walton,2-6 2-6,Challenger main draw,2024,unobserved,,,,,,,,,,,,,,False
O0A2:atp:2024/7808/ms029:FC49,O0A2,Gauthier Onclin,Bengaluru,CH,2024-02-12,R32,Giovanni,Fonio,6-4 1-6 7-6(5),Challenger main draw,2024,unobserved,,,,,,,,,,,,,,False
O0A2:atp:2024/7100/ms026:W857,O0A2,Gauthier Onclin,Pune,CH,2024-02-19,R32,Tung-Lin,Wu,6-7(5) 7-6(5) 3-6,Challenger main draw,2024,unobserved,,,,,,,,,,,,,,False
O0A2:atp:2024/6961/ms031:W09E,O0A2,Gauthier Onclin,New Delhi,CH,2024-02-26,R32,Adam,Walton,4-6 0-6,Challenger main draw,2024,unobserved,,,,,,,,,,,,,,False
O0A2:atp:2024/4575/ms006:V717,O0A2,Gauthier Onclin,M25 Creteil,FU,2024-03-11,QF,Alexey,Vatutin,3-6 1-6,ITF main draw,2024,unobserved,,,,,,,,,,,,,,False
O0A2:atp:2024/4575/ms013:O0AD,O0A2,Gauthier Onclin,M25 Creteil,FU,2024-03-11,R16,Neil,Oberleitner,6-4 2-6 6-2,ITF main draw,2024,unobserved,,,,,,,,,,,,,,False
O0A2:atp:2024/4575/ms027:G0I2,O0A2,Gauthier Onclin,M25 Creteil,FU,2024-03-11,R32,Adrien,Gobat,6-4 1-6 6-4,ITF main draw,2024,unobserved,,,,,,,,,,,,,,False
O0A2:atp:2024/4590/ms006:C0JP,O0A2,Gauthier Onclin,M25 Toulouse-Balma,FU,2024-03-18,QF,Raphael,Collignon,4-6 5-7,ITF main draw,2024,linked,12181401,1711116600.0,"Balma, Singles Main, M-ITF-FRA-04A",ITF Men,Quarterfinals,Raphael Collignon,3.0,2.0,1.0,0.0,1,false,finished,True
O0A2:atp:2024/4590/ms012:V717,O0A2,Gauthier Onclin,M25 Toulouse-Balma,FU,2024-03-18,R16,Alexey,Vatutin,6-3 4-6 6-2,ITF main draw,2024,linked,12177617,1711035600.0,"Balma, Singles Main, M-ITF-FRA-04A",ITF Men,Round of 16,Alexey Vatutin,3.0,2.0,1.0,0.0,1,false,finished,True
O0A2:atp:2024/4590/ms024:HA71,O0A2,Gauthier Onclin,M25 Toulouse-Balma,FU,2024-03-18,R32,Antoine,Hoang,6-1 6-2,ITF main draw,2024,unobserved,,,,,,,,,,,,,,False
O0A2:atp:2024/4606/ms001:K0E6,O0A2,Gauthier Onclin,M25 Saint Dizier,FU,2024-03-25,F,Alibek,Kachmazov,3-6 7-6(3) 7-5,ITF main draw,2024,linked,12209492,1711890000.0,"Saint Dizier, Singles Main, M-ITF-FRA-05A",ITF Men,Final,Alibek Kachmazov,3.0,2.0,1.0,0.0,2,false,finished,True
O0A2:atp:2024/4606/ms003:G0CV,O0A2,Gauthier Onclin,M25 Saint Dizier,FU,2024-03-25,SF,Buvaysar,Gadamauri,6-4 6-1,ITF main draw,2024,linked,12206003,1711811400.0,"Saint Dizier, Singles Main, M-ITF-FRA-05A",ITF Men,Semifinals,Buvaysar Gadamauri,3.0,2.0,1.0,0.0,2,false,finished,True
O0A2:atp:2024/4606/ms007:G0GW,O0A2,Gauthier Onclin,M25 Saint Dizier,FU,2024-03-25,QF,Sascha,Gueymard Wayenburg,3-6 6-3 6-2,ITF main draw,2024,linked,12202671,1711720800.0,"Saint Dizier, Singles Main, M-ITF-FRA-05A",ITF Men,Quarterfinals,Sascha Gueymard Wayenburg,3.0,2.0,1.0,0.0,2,false,finished,True
O0A2:atp:2024/4606/ms015:FC25,O0A2,Gauthier Onclin,M25 Saint Dizier,FU,2024-03-25,R16,Boris,Fassbender,6-3 6-3,ITF main draw,2024,linked,12200224,1711643700.0,"Saint Dizier, Singles Main, M-ITF-FRA-05A",ITF Men,Round of 16,Boris Fassbender,3.0,2.0,1.0,0.0,2,false,finished,True
O0A2:atp:2024/4606/ms031:F0BJ,O0A2,Gauthier Onclin,M25 Saint Dizier,FU,2024-03-25,R32,Adan,Freire Da Silva,6-3 6-1,ITF main draw,2024,linked,12195255,1711535100.0,"Saint Dizier, Singles Main, M-ITF-FRA-05A",ITF Men,Round of 32,Adan Freire Da Silva,3.0,2.0,1.0,0.0,2,false,finished,True
O0A2:atp:2024/9514/ms020:D0C1,O0A2,Gauthier Onclin,Oeiras 3,CH,2024-04-15,R32,Jesper,de Jong,3-6 2-6,Challenger main draw,2024,linked,12253899,1713267900.0,"Oeiras 3, Portugal",Challenger,Round of 32,Jesper De Jong,3.0,2.0,1.0,0.0,1,false,finished,True
O0A2:atp:2024/9514/qs012:K0HC,O0A2,Gauthier Onclin,Oeiras 3,CH,2024-04-15,Q2,Maks,Kasnikowski,7-6(5) 6-3,Challenger qualifying,2024,linked,12250879,1713173400.0,"Oeiras 3, Portugal, Qualifying",Challenger,absent,Maks Kasnikowski,3.0,1.0,1.0,0.0,2,false,finished,True
O0A2:atp:2024/9514/qs025:D0CN,O0A2,Gauthier Onclin,Oeiras 3,CH,2024-04-15,Q1,Miguel,Damas,6-4 6-1,Challenger qualifying,2024,linked,12249093,1713095400.0,"Oeiras 3, Portugal, Qualifying",Challenger,Qualification round 1,Miguel Damas,3.0,2.0,1.0,0.0,1,false,finished,True
O0A2:atp:2024/1797/ms014:DB59,O0A2,Gauthier Onclin,Ostrava,CH,2024-04-22,R16,Dennis,Novak,6-7(3) 2-6,Challenger main draw,2024,linked,12260686,1713945600.0,"Ostrava, Czech Republic",Challenger,Round of 16,Dennis Novak,3.0,2.0,1.0,0.0,2,false,finished,True
O0A2:atp:2024/1797/ms029:KC33,O0A2,Gauthier Onclin,Ostrava,CH,2024-04-22,R32,Dimitar,Kuzmanov,7-5 7-6(4),Challenger main draw,2024,linked,12267620,1713800100.0,"Ostrava, Czech Republic",Challenger,Round of 32,Dimitar Kuzmanov,3.0,2.0,1.0,0.0,2,false,finished,True
O0A2:atp:2024/600/ms001:V708,O0A2,Gauthier Onclin,Prague 2,CH,2024-05-06,F,Jiri,Vesely,2-6 6-3 6-7(3),Challenger main draw,2024,linked,12296937,1715511600.0,"Prague 2, Czech Republic",Challenger,Final,Jiri Vesely,3.0,2.0,1.0,0.0,2,false,finished,True
O0A2:atp:2024/600/ms003:MV14,O0A2,Gauthier Onclin,Prague 2,CH,2024-05-06,SF,Alex,Molcan,6-2 1-0,Challenger main draw,2024,linked,12296939,1715418000.0,"Prague 2, Czech Republic",Challenger,Semifinals,Alex Molčan,3.0,2.0,1.0,0.0,2,false,finished,True
O0A2:atp:2024/600/ms007:BV25,O0A2,Gauthier Onclin,Prague 2,CH,2024-05-06,QF,Javier,Barranco Cosano,6-3 2-6 7-5,Challenger main draw,2024,linked,12296933,1715338800.0,"Prague 2, Czech Republic",Challenger,Quarterfinals,Javier Barranco Cosano,3.0,2.0,1.0,0.0,1,false,finished,True
O0A2:atp:2024/600/ms014:RB60,O0A2,Gauthier Onclin,Prague 2,CH,2024-05-06,R16,Oriol,Roca Batalla,7-6(6) 6-7(3) 6-2,Challenger main draw,2024,linked,12296936,1715245200.0,"Prague 2, Czech Republic",Challenger,Round of 16,Oriol Roca Batalla,3.0,2.0,1.0,0.0,1,false,finished,True
O0A2:atp:2024/600/ms029:BO10,O0A2,Gauthier Onclin,Prague 2,CH,2024-05-06,R32,Gijs,Brouwer,6-2 6-2,Challenger main draw,2024,linked,12306799,1714995300.0,"Prague 2, Czech Republic",Challenger,Round of 32,Gijs Brouwer,3.0,2.0,1.0,0.0,1,false,finished,True
O0A2:atp:2024/2871/ms025:Z09Z,O0A2,Gauthier Onclin,Oeiras 4,CH,2024-05-13,R32,Beibit,Zhukayev,6-7(3) 6-7(7),Challenger main draw,2024,linked,12326649,1715696400.0,"Oeiras 4, Portugal",Challenger,Round of 32,Beibit Zhukayev,3.0,2.0,1.0,0.0,1,false,finished,True
O0A2:atp:2024/2869/ms019:MQ75,O0A2,Gauthier Onclin,Skopje,CH,2024-05-20,R32,Kamil,Majchrzak,2-6 3-6,Challenger main draw,2024,linked,12344852,1716208200.0,"Skopje, North Macedonia",Challenger,Round of 32,Kamil Majchrzak,3.0,2.0,1.0,0.0,2,false,finished,True
O0A2:atp:2024/558/ms029:J0AZ,O0A2,Gauthier Onclin,Prostejov,CH,2024-06-03,R32,Kyrian,Jacquet,0-6 4-6,Challenger main draw,2024,unobserved,,,,,,,,,,,,,,False
O0A2:atp:2024/7536/ms017:T09X,O0A2,Gauthier Onclin,Lyon,CH,2024-06-10,R32,Clement,Tabur,2-6 6-7,Challenger main draw,2024,unobserved,,,,,,,,,,,,,,False
O0A2:atp:2024/4764/ms002:K0CJ,O0A2,Gauthier Onclin,M25 Duffel,FU,2024-06-17,SF,Sandro,Kopp,4-6 3-6,ITF main draw,2024,unobserved,,,,,,,,,,,,,,False
O0A2:atp:2024/4764/ms004:H0CX,O0A2,Gauthier Onclin,M25 Duffel,FU,2024-06-17,QF,Max,Houkes,6-7(7) 6-4 7-6(2),ITF main draw,2024,unobserved,,,,,,,,,,,,,,False
O0A2:atp:2024/4764/ms008:R0LR,O0A2,Gauthier Onclin,M25 Duffel,FU,2024-06-17,R16,Niels,Ratiu,6-4 4-1,ITF main draw,2024,unobserved,,,,,,,,,,,,,,False
O0A2:atp:2024/4764/ms016:V0IJ,O0A2,Gauthier Onclin,M25 Duffel,FU,2024-06-17,R32,Steffan,Van Weldam,6-0 6-0,ITF main draw,2024,unobserved,,,,,,,,,,,,,,False
O0A2:atp:2024/3463/ms019:GE28,O0A2,Gauthier Onclin,Milan,CH,2024-06-24,R32,Ivan,Gakhov,2-6 2-6,Challenger main draw,2024,unobserved,,,,,,,,,,,,,,False
O0A2:atp:2024/4360/ms003:SR81,O0A2,Gauthier Onclin,M25 Kassel,FU,2024-07-08,SF,Khumoyun,Sultanov,6-4 3-6 4-6,ITF main draw,2024,linked,12533539,1720873800.0,"Kassel, Singles Main, M-ITF-GER-08A",ITF Men,Semifinals,Khumoyun Sultanov,3.0,2.0,1.0,0.0,1,false,finished,True
O0A2:atp:2024/4360/ms007:S0LT,O0A2,Gauthier Onclin,M25 Kassel,FU,2024-07-08,QF,Daniel,Siniakov,6-4 3-6 6-4,ITF main draw,2024,unobserved,,,,,,,,,,,,,,False
O0A2:atp:2024/4360/ms015:B0NF,O0A2,Gauthier Onclin,M25 Kassel,FU,2024-07-08,R16,Valentin,Basel,6-3 6-4,ITF main draw,2024,unobserved,,,,,,,,,,,,,,False
O0A2:atp:2024/4360/ms031:Z09W,O0A2,Gauthier Onclin,M25 Kassel,FU,2024-07-08,R32,Leopold,Zima,6-1 6-3,ITF main draw,2024,unobserved,,,,,,,,,,,,,,False
O0A2:atp:2024/4361/ms001:R0E0,O0A2,Gauthier Onclin,M25 Esch/Alzette,FU,2024-07-15,F,Chris,Rodesch,1-6 6-3 4-6,ITF main draw,2024,linked,12578867,1721566500.0,"Esch-Alzette, Singles Main, M-ITF-LUX-02A",ITF Men,Final,Chris Rodesch,3.0,2.0,1.0,0.0,1,false,finished,True
O0A2:atp:2024/4361/ms002:L0DM,O0A2,Gauthier Onclin,M25 Esch/Alzette,FU,2024-07-15,SF,Alejo Lorenzo,Lingua Lavallen,7-6(4) 7-6(2),ITF main draw,2024,linked,12573899,1721479800.0,"Esch-Alzette, Singles Main, M-ITF-LUX-02A",ITF Men,Semifinals,Alejo Lorenzo Lingua Lavallen,3.0,2.0,1.0,0.0,2,false,finished,True
O0A2:atp:2024/4361/ms004:B0C3,O0A2,Gauthier Onclin,M25 Esch/Alzette,FU,2024-07-15,QF,Simon,Beaupain,6-4 6-4,ITF main draw,2024,linked,12570424,1721391000.0,"Esch-Alzette, Singles Main, M-ITF-LUX-02A",ITF Men,Quarterfinals,Simon Beaupain,3.0,2.0,1.0,0.0,1,false,finished,True
O0A2:atp:2024/4361/ms008:G0M3,O0A2,Gauthier Onclin,M25 Esch/Alzette,FU,2024-07-15,R16,Aaron,Gil Garcia,6-2 6-2,ITF main draw,2024,linked,12565975,1721308200.0,"Esch-Alzette, Singles Main, M-ITF-LUX-02A",ITF Men,Round of 16,Aaron Gil Garcia,3.0,2.0,1.0,0.0,2,false,finished,True
O0A2:atp:2024/4361/ms016:CN70,O0A2,Gauthier Onclin,M25 Esch/Alzette,FU,2024-07-15,R32,Nicholas,Campbell,6-0 6-1,ITF main draw,2024,linked,12547703,1721217600.0,"Esch-Alzette, Singles Main, M-ITF-LUX-02A",ITF Men,Round of 32,N. Campbell,1.0,2.0,1.0,0.0,1,false,finished,True
O0A2:atp:2024/221/ms012:DF88,O0A2,Gauthier Onclin,Tampere,CH,2024-07-22,R16,Aziz,Dougaz,5-7 3-6,Challenger main draw,2024,linked,12566011,1721916600.0,"Tampere, Finland",Challenger,Round of 16,Aziz Dougaz,3.0,2.0,1.0,0.0,1,false,finished,True
O0A2:atp:2024/221/ms025:L949,O0A2,Gauthier Onclin,Tampere,CH,2024-07-22,R32,Henri,Laaksonen,6-3 6-4,Challenger main draw,2024,linked,12584084,1721725200.0,"Tampere, Finland",Challenger,Round of 32,Henri Laaksonen,3.0,2.0,1.0,0.0,2,false,finished,True
O0A2:atp:2024/9542/ms011:RB60,O0A2,Gauthier Onclin,Luedenscheid,CH,2024-07-29,R16,Oriol,Roca Batalla,6-7(2) 7-5 4-6,Challenger main draw,2024,linked,12593665,1722416400.0,"Luedenscheid, Germany",Challenger,Round of 16,Oriol Roca Batalla,3.0,2.0,1.0,0.0,2,false,finished,True
O0A2:atp:2024/9542/ms022:Z419,O0A2,Gauthier Onclin,Luedenscheid,CH,2024-07-29,R32,Bernabe,Zapata Miralles,6-1 7-5,Challenger main draw,2024,linked,12611459,1722265200.0,"Luedenscheid, Germany",Challenger,Round of 32,Bernabe Zapata Miralles,3.0,2.0,1.0,0.0,2,false,finished,True
O0A2:atp:2024/7181/ms001:KD87,O0A2,Gauthier Onclin,M25 Sintra,FU,2024-10-07,F,Evgeny,Karlovskiy,4-6 2-6,ITF main draw,2024,linked,12974194,1728813600.0,"Portugal F22, Singles",ITF Men,Final,Evgeny Karlovskiy,3.0,2.0,0.0,0.0,2,false,finished,True
O0A2:atp:2024/7181/ms003:BK19,O0A2,Gauthier Onclin,M25 Sintra,FU,2024-10-07,SF,Mathias,Bourgue,6-4 3-6 6-3,ITF main draw,2024,linked,12973085,1728747000.0,"Portugal F22, Singles",ITF Men,Semifinals,Mathias Bourgue,3.0,2.0,0.0,0.0,1,false,finished,True
O0A2:atp:2024/7181/ms006:SN54,O0A2,Gauthier Onclin,M25 Sintra,FU,2024-10-07,QF,Frederico,Ferreira Silva,7-6(2) 6-7(4) 6-3,ITF main draw,2024,linked,12966006,1728651600.0,"Portugal F22, Singles",ITF Men,Quarterfinals,Frederico Ferreira Silva,3.0,2.0,0.0,0.0,2,false,finished,True
O0A2:atp:2024/7181/ms013:B0JP,O0A2,Gauthier Onclin,M25 Sintra,FU,2024-10-07,R16,Dali,Blanch,6-3 7-5,ITF main draw,2024,linked,12963909,1728560700.0,"Portugal F22, Singles",ITF Men,Round of 16,Dali Blanch,3.0,2.0,0.0,0.0,1,false,finished,True
O0A2:atp:2024/7181/ms027:F0A3,O0A2,Gauthier Onclin,M25 Sintra,FU,2024-10-07,R32,Sergey,Fomin,6-2 7-5,ITF main draw,2024,linked,12959453,1728484200.0,"Portugal F22, Singles",ITF Men,Round of 32,Sergey Fomin,3.0,2.0,0.0,0.0,2,false,finished,True
O0A2:atp:2024/4451/ms001:SN54,O0A2,Gauthier Onclin,M25 Sintra,FU,2024-10-14,F,Frederico,Ferreira Silva,5-7 4-6,ITF main draw,2024,unobserved,,,,,,,,,,,,,,False
O0A2:atp:2024/4451/ms002:A09P,O0A2,Gauthier Onclin,M25 Sintra,FU,2024-10-14,SF,Alafia,Ayeni,6-2 6-1,ITF main draw,2024,linked,13006083,1729343700.0,"Portugal F23, Singles",ITF Men,Semifinals,Alafia Ayeni,3.0,2.0,0.0,0.0,2,false,finished,True
O0A2:atp:2024/4451/ms004:D985,O0A2,Gauthier Onclin,M25 Sintra,FU,2024-10-14,QF,Joao,Domingues,6-2 6-3,ITF main draw,2024,linked,13003578,1729328400.0,"Portugal F23, Singles",ITF Men,Quarterfinals,Joao Domingues,3.0,2.0,0.0,0.0,1,false,finished,True
O0A2:atp:2024/4451/ms008:R0IL,O0A2,Gauthier Onclin,M25 Sintra,FU,2024-10-14,R16,Iliyan,Radulov,5-7 6-0 6-3,ITF main draw,2024,linked,12998859,1729260000.0,"Portugal F23, Singles",ITF Men,Round of 16,Iliyan Radulov,3.0,2.0,0.0,0.0,1,false,finished,True
O0A2:atp:2024/4451/ms016:Z350,O0A2,Gauthier Onclin,M25 Sintra,FU,2024-10-14,R32,Michael,Zhu,6-2 6-2,ITF main draw,2024,linked,12982937,1729172700.0,"Portugal F23, Singles",ITF Men,Round of 32,Michael Zhu,3.0,2.0,0.0,0.0,1,false,finished,True
O0A2:atp:2024/6681/ms020:K0DB,O0A2,Gauthier Onclin,M25 Heraklion,FU,2024-10-28,R32,Cannon,Kingsley,3-6 2-6,ITF main draw,2024,unobserved,,,,,,,,,,,,,,False
O0A2:atp:2024/6684/ms002:BU70,O0A2,Gauthier Onclin,M25 Heraklion,FU,2024-11-04,SF,Remy,Bertola,2-6 5-7,ITF main draw,2024,unobserved,,,,,,,,,,,,,,False
O0A2:atp:2024/6684/ms004:O0BE,O0A2,Gauthier Onclin,M25 Heraklion,FU,2024-11-04,QF,Oleksandr,Ovcharenko,3-6 6-3 6-4,ITF main draw,2024,unobserved,,,,,,,,,,,,,,False
O0A2:atp:2024/6684/ms008:H0D1,O0A2,Gauthier Onclin,M25 Heraklion,FU,2024-11-04,R16,Adam,Heinonen,6-4 6-1,ITF main draw,2024,unobserved,,,,,,,,,,,,,,False
O0A2:atp:2024/6684/ms016:B0TK,O0A2,Gauthier Onclin,M25 Heraklion,FU,2024-11-04,R32,Pepijn,Bastiaansen,6-3 6-3,ITF main draw,2024,unobserved,,,,,,,,,,,,,,False
O0A2:atp:2024/4466/ms007:SN54,O0A2,Gauthier Onclin,M25 Vale do Lobo,FU,2024-11-11,QF,Frederico,Ferreira Silva,6-7(5) 6-4 6-10,ITF main draw,2024,unobserved,,,,,,,,,,,,,,False
O0A2:atp:2024/4466/ms015:E0AU,O0A2,Gauthier Onclin,M25 Vale do Lobo,FU,2024-11-11,R16,John,Echeverria,6-4 6-1,ITF main draw,2024,unobserved,,,,,,,,,,,,,,False
O0A2:atp:2024/4466/ms031:GF96,O0A2,Gauthier Onclin,M25 Vale do Lobo,FU,2024-11-11,R32,Miguel,Garcia Gonzalez,6-1 6-0,ITF main draw,2024,unobserved,,,,,,,,,,,,,,False
O0A2:atp:2024/4468/ms001:SN54,O0A2,Gauthier Onclin,M25 Vale do Lobo,FU,2024-11-18,F,Frederico,Ferreira Silva,7-5 6-1,ITF main draw,2024,linked,13160519,1732446000.0,"Vale do Lobo, Singles Main, M-ITF-POR-25A",ITF Men,Final,Frederico Ferreira Silva,3.0,2.0,1.0,0.0,1,false,finished,True
O0A2:atp:2024/4468/ms002:A0ES,O0A2,Gauthier Onclin,M25 Vale do Lobo,FU,2024-11-18,SF,Pedro,Araujo,6-1 6-4,ITF main draw,2024,linked,13158275,1732357200.0,"Vale do Lobo, Singles Main, M-ITF-POR-25A",ITF Men,Semifinals,Pedro Araujo,3.0,2.0,1.0,0.0,2,false,finished,True
O0A2:atp:2024/4468/ms004:G0G2,O0A2,Gauthier Onclin,M25 Vale do Lobo,FU,2024-11-18,QF,Mario,Gonzalez Fernandez,7-6(2) 5-7 6-2,ITF main draw,2024,linked,13152874,1732276500.0,"Vale do Lobo, Singles Main, M-ITF-POR-25A",ITF Men,Quarterfinals,Mario Gonzalez Fernandez,3.0,2.0,1.0,0.0,2,false,finished,True
O0A2:atp:2024/4468/ms008:B0BJ,O0A2,Gauthier Onclin,M25 Vale do Lobo,FU,2024-11-18,R16,Daniel,Batista,6-1 6-4,ITF main draw,2024,linked,13146048,1732191300.0,"Vale do Lobo, Singles Main, M-ITF-POR-25A",ITF Men,Round of 16,Daniel Batista,3.0,2.0,1.0,0.0,1,false,finished,True
O0A2:atp:2024/4468/ms016:F0BJ,O0A2,Gauthier Onclin,M25 Vale do Lobo,FU,2024-11-18,R32,Adan,Freire Da Silva,6-2 6-2,ITF main draw,2024,unobserved,,,,,,,,,,,,,,False
O0A2:atp:2024/4257/ms001:GA79,O0A2,Gauthier Onclin,M25 Monastir,FU,2024-11-25,F,Lorenzo,Giustino,6-4 2-6 7-5,ITF main draw,2024,linked,13182752,1733047200.0,"Tunisia F64, Singles",ITF Men,Final,Lorenzo Giustino,3.0,2.0,0.0,0.0,1,false,finished,True
O0A2:atp:2024/4257/ms002:K966,O0A2,Gauthier Onclin,M25 Monastir,FU,2024-11-25,SF,Martin,Klizan,6-3 6-1,ITF main draw,2024,linked,13179866,1732963800.0,"Tunisia F64, Singles",ITF Men,Semifinals,Martin Klizan,3.0,2.0,0.0,0.0,2,false,finished,True
O0A2:atp:2024/4257/ms004:P0HP,O0A2,Gauthier Onclin,M25 Monastir,FU,2024-11-25,QF,Lukas,Pokorny,6-4 6-1,ITF main draw,2024,linked,13176505,1732870800.0,"Tunisia F64, Singles",ITF Men,Quarterfinals,Lukas Pokorny,3.0,2.0,0.0,0.0,2,false,finished,True
O0A2:atp:2024/4257/ms008:I0BR,O0A2,Gauthier Onclin,M25 Monastir,FU,2024-11-25,R16,Nicolas,Ifi,6-2 6-3,ITF main draw,2024,linked,13173076,1732790400.0,"Tunisia F64, Singles",ITF Men,Round of 16,Nicolas Ifi,3.0,2.0,0.0,0.0,2,false,finished,True
O0A2:atp:2024/4257/ms016:MN49,O0A2,Gauthier Onclin,M25 Monastir,FU,2024-11-25,R32,Mohamed Nazim,Makhlouf,4-6 6-3 6-1,ITF main draw,2024,linked,13168454,1732708200.0,"Tunisia F64, Singles",ITF Men,Round of 32,Mohamed Nazim Makhlouf,3.0,2.0,0.0,0.0,2,false,finished,True
O0A2:atp:2025/580/ms098:O522,O0A2,Gauthier Onclin,Australian Open,GS,2025-01-13,R128,Reilly,Opelka,6-3 6-7(4) 3-6 2-6,Tour main draw,2025,linked,13315927,1736673300.0,"Australian Open, Melbourne, Australia",ATP,Round of 128,Reilly Opelka,3.0,2.0,1.0,0.0,2,false,finished,True
O0A2:atp:2025/580/qs022:MK66,O0A2,Gauthier Onclin,Australian Open,GS,2025-01-13,Q3,Mackenzie,McDonald,6-7(7) 7-6(5) 6-1,Tour qualifying,2025,linked,13309910,1736392200.0,"Australian Open, Melbourne, Australia, Qualifying",ATP,Qualification Final,Mackenzie McDonald,3.0,1.0,1.0,0.0,1,false,finished,True
O0A2:atp:2025/580/qs044:K0AZ,O0A2,Gauthier Onclin,Australian Open,GS,2025-01-13,Q2,Aleksandar,Kovacevic,3-6 7-6(5) 6-1,Tour qualifying,2025,linked,13303858,1736302200.0,"Australian Open, Melbourne, Australia, Qualifying",ATP,Qualification Round 2,Aleksandar Kovačević,3.0,2.0,1.0,0.0,1,false,finished,True
O0A2:atp:2025/580/qs089:B0FV,O0A2,Gauthier Onclin,Australian Open,GS,2025-01-13,Q1,Roman Andres,Burruchaga,1-6 6-0 7-6(7),Tour qualifying,2025,linked,13300732,1736149500.0,"Australian Open, Melbourne, Australia, Qualifying",ATP,Qualification Round 1,Roman Andres Burruchaga,3.0,2.0,1.0,0.0,2,false,finished,True
O0A2:atp:2025/7916/ms024:H0BF,O0A2,Gauthier Onclin,Glasgow,CH,2025-02-17,R32,Philip,Henning,4-6 3-6,Challenger main draw,2025,linked,13483649,1739895300.0,"Glasgow, Great Britain",Challenger,Round of 32,Philip Henning,3.0,2.0,1.0,0.0,2,false,finished,True
O0A2:atp:2025/9516/ms031:CG80,O0A2,Gauthier Onclin,Lugano,CH,2025-02-24,R32,Borna,Coric,4-6 2-6,Challenger main draw,2025,linked,13520146,1740479400.0,"Lugano, Switzerland",Challenger,Round of 32,Borna Ćorić,3.0,2.0,1.0,0.0,1,false,finished,True
O0A2:atp:2025/2973/ms023:K0E6,O0A2,Gauthier Onclin,Thionville,CH,2025-03-03,R32,Alibek,Kachmazov,2-6 3-6,Challenger main draw,2025,unobserved,,,,,,,,,,,,,,False
O0A2:atp:2025/398/ms009:RH24,O0A2,Gauthier Onclin,Cherbourg,CH,2025-03-10,R16,Emil,Ruusuvuori,4-6 3-6,Challenger main draw,2025,unobserved,,,,,,,,,,,,,,False
O0A2:atp:2025/398/ms019:H0BF,O0A2,Gauthier Onclin,Cherbourg,CH,2025-03-10,R32,Philip,Henning,6-1 6-3,Challenger main draw,2025,unobserved,,,,,,,,,,,,,,False
O0A2:atp:2025/2911/ms012:PH64,O0A2,Gauthier Onclin,Naples,CH,2025-03-24,R16,Andrea,Pellegrino,5-7 3-6,Challenger main draw,2025,unobserved,,,,,,,,,,,,,,False
O0A2:atp:2025/2911/ms024:F510,O0A2,Gauthier Onclin,Naples,CH,2025-03-24,R32,Fabio,Fognini,6-3 4-6 7-5,Challenger main draw,2025,unobserved,,,,,,,,,,,,,,False
O0A2:atp:2025/7494/ms019:DG80,O0A2,Gauthier Onclin,Barletta,CH,2025-03-31,R32,Enrico,Dalla Valle,6-2 5-7 4-6,Challenger main draw,2025,unobserved,,,,,,,,,,,,,,False
O0A2:atp:2025/4626/ms001:D0H9,O0A2,Gauthier Onclin,M25 Santa Margherita di Pula,FU,2025-04-07,F,Guy,Den Ouden,6-0 6-2,ITF main draw,2025,linked,13752893,1744531200.0,ITF M25 Santa Margherita di Pula 2 Men,ITF Men,Final,Guy Den Ouden,3.0,2.0,1.0,0.0,absent,false,finished,False
O0A2:atp:2025/4626/ms002:H0CX,O0A2,Gauthier Onclin,M25 Santa Margherita di Pula,FU,2025-04-07,SF,Max,Houkes,7-5 7-5,ITF main draw,2025,unobserved,,,,,,,,,,,,,,False
O0A2:atp:2025/4626/ms004:O639,O0A2,Gauthier Onclin,M25 Santa Margherita di Pula,FU,2025-04-07,QF,Giovanni,Oradini,7-6(1) 6-2,ITF main draw,2025,unobserved,,,,,,,,,,,,,,False
O0A2:atp:2025/4626/ms008:P0ME,O0A2,Gauthier Onclin,M25 Santa Margherita di Pula,FU,2025-04-07,R16,Luca,Preda,6-3 2-1,ITF main draw,2025,unobserved,,,,,,,,,,,,,,False
O0A2:atp:2025/4626/ms016:M0R4,O0A2,Gauthier Onclin,M25 Santa Margherita di Pula,FU,2025-04-07,R32,Juan Cruz,Martin Manzano,6-0 6-2,ITF main draw,2025,unobserved,,,,,,,,,,,,,,False
O0A2:atp:2025/4635/ms004:FC49,O0A2,Gauthier Onclin,M25 Santa Margherita di Pula,FU,2025-04-14,QF,Giovanni,Fonio,1-6 0-6,ITF main draw,2025,linked,13788140,1745051400.0,ITF M25 Santa Margherita di Pula 3 Men,ITF Men,Quarterfinals,Giovanni Fonio,3.0,2.0,1.0,0.0,2,false,finished,True
O0A2:atp:2025/4635/ms008:F0CJ,O0A2,Gauthier Onclin,M25 Santa Margherita di Pula,FU,2025-04-14,R16,Gianmarco,Ferrari,7-5 6-1,ITF main draw,2025,linked,13786999,1744990200.0,ITF M25 Santa Margherita di Pula 3 Men,ITF Men,Round of 16,Gianmarco Ferrari,3.0,2.0,1.0,0.0,absent,false,finished,False
O0A2:atp:2025/4635/ms016:LC12,O0A2,Gauthier Onclin,M25 Santa Margherita di Pula,FU,2025-04-14,R32,Laurent,Lokoli,4-6 6-4 6-2,ITF main draw,2025,linked,13765020,1744963200.0,ITF M25 Santa Margherita di Pula 3 Men,ITF Men,Round of 32,Laurent Lokoli,3.0,2.0,1.0,0.0,absent,false,finished,False
O0A2:atp:2025/1797/ms003:P09O,O0A2,Gauthier Onclin,Ostrava,CH,2025-04-28,SF,Zsombor,Piros,3-6 2-6,Challenger main draw,2025,linked,13805051,1746272100.0,"Ostrava, Czech Republic",Challenger,Semifinals,Zsombor Piros,3.0,2.0,1.0,0.0,1,false,finished,True
O0A2:atp:2025/1797/ms007:B0OV,O0A2,Gauthier Onclin,Ostrava,CH,2025-04-28,QF,Petr,Brunclik,1-6 6-0 7-5,Challenger main draw,2025,linked,13805044,1746191400.0,"Ostrava, Czech Republic",Challenger,Quarterfinals,Petr Brunclik,3.0,2.0,1.0,0.0,1,false,finished,True
O0A2:atp:2025/1797/ms014:B0MM,O0A2,Gauthier Onclin,Ostrava,CH,2025-04-28,R16,Edas,Butvilas,5-7 6-2 6-2,Challenger main draw,2025,linked,13805046,1746010200.0,"Ostrava, Czech Republic",Challenger,Round of 16,Edas Butvilas,3.0,2.0,1.0,0.0,1,false,finished,True
O0A2:atp:2025/1797/ms028:W0BH,O0A2,Gauthier Onclin,Ostrava,CH,2025-04-28,R32,Coleman,Wong,6-2 5-7 6-3,Challenger main draw,2025,linked,13819332,1745844000.0,"Ostrava, Czech Republic",Challenger,Round of 32,Coleman Wong,3.0,2.0,1.0,0.0,1,false,finished,True
O0A2:atp:2025/9500/ms017:P0AY,O0A2,Gauthier Onclin,Zagreb,CH,2025-05-12,R32,Luka,Pavlovic,6-1 2-6 4-6,Challenger main draw,2025,linked,13885960,1747123200.0,"Zagreb, Croatia",Challenger,Round of 32,Luka Pavlović,3.0,2.0,1.0,0.0,1,false,finished,True
O0A2:atp:2025/520/qs108:C0C8,O0A2,Gauthier Onclin,Roland Garros,GS,2025-05-26,Q1,Juan Manuel,Cerundolo,6-7(4) 4-6,Tour qualifying,2025,linked,13914616,1747752000.0,"French Open, Paris, France, Qualifying",ATP,Qualification Round 1,Juan Manuel Cerundolo,3.0,2.0,0.0,0.0,1,false,finished,True
O0A2:atp:2025/7015/ms025:S0GR,O0A2,Gauthier Onclin,Vicenza,CH,2025-05-26,R32,Timofey,Skatov,1-6 6-7(4),Challenger main draw,2025,linked,13937379,1748260800.0,"Vicenza, Italy",Challenger,Round of 32,Timofey Skatov,3.0,2.0,1.0,0.0,2,false,finished,True
O0A2:atp:2025/460/ms010:D0H9,O0A2,Gauthier Onclin,Heilbronn - Bad Rappenau,CH,2025-06-02,R16,Guy,Den Ouden,3-6 2-6,Challenger main draw,2025,linked,13947167,1749132000.0,"Heilbronn, Germany",Challenger,Round of 16,Guy Den Ouden,3.0,2.0,1.0,0.0,1,false,finished,True
O0A2:atp:2025/460/ms021:M0IF,O0A2,Gauthier Onclin,Heilbronn - Bad Rappenau,CH,2025-06-02,R32,Francesco,Maestrelli,3-6 6-4 7-6(6),Challenger main draw,2025,linked,13968516,1748955300.0,"Heilbronn, Germany",Challenger,Round of 32,Francesco Maestrelli,3.0,2.0,1.0,0.0,absent,false,finished,False
O0A2:atp:2025/7536/ms002:M0N7,O0A2,Gauthier Onclin,Lyon,CH,2025-06-09,SF,Daniel,Merida,3-6 1-6,Challenger main draw,2025,linked,13972830,1749911700.0,"Lyon, France",Challenger,Semifinals,Daniel Merida,3.0,2.0,1.0,0.0,1,false,finished,True
O0A2:atp:2025/7536/ms004:CD85,O0A2,Gauthier Onclin,Lyon,CH,2025-06-09,QF,Pablo,Carreno Busta,6-4 6-2,Challenger main draw,2025,linked,13972825,1749822600.0,"Lyon, France",Challenger,Quarterfinals,Pablo Carreño Busta,3.0,2.0,1.0,0.0,2,false,finished,True
O0A2:atp:2025/7536/ms009:PJ74,O0A2,Gauthier Onclin,Lyon,CH,2025-06-09,R16,Lucas,Poullain,7-5 7-6(4),Challenger main draw,2025,linked,13972823,1749648000.0,"Lyon, France",Challenger,Round of 16,Lucas Poullain,3.0,2.0,1.0,0.0,1,false,finished,True
O0A2:atp:2025/7536/ms019:FA43,O0A2,Gauthier Onclin,Lyon,CH,2025-06-09,R32,Juan Pablo,Ficovich,7-5 6-3,Challenger main draw,2025,linked,13983099,1749484200.0,"Lyon, France",Challenger,Round of 32,Juan Pablo Ficovich,3.0,2.0,1.0,0.0,1,false,finished,True
O0A2:atp:2025/540/qs035:M0JZ,O0A2,Gauthier Onclin,Wimbledon,GS,2025-06-30,Q2,Filip,Misolic,4-6 2-6,Tour qualifying,2025,unobserved,,,,,,,,,,,,,,False
O0A2:atp:2025/540/qs070:LB66,O0A2,Gauthier Onclin,Wimbledon,GS,2025-06-30,Q1,Constant,Lestienne,6-2 4-6 6-4,Tour qualifying,2025,linked,14039645,1750689300.0,"Wimbledon, London, GB, Qualifying, 1st - 2nd Round",ATP,Qualification Round 1,Constant Lestienne,3.0,2.0,1.0,0.0,2,false,finished,True
O0A2:atp:2025/9198/ms007:D0H9,O0A2,Gauthier Onclin,Bunschoten,CH,2025-07-14,QF,Guy,Den Ouden,2-6 3-6,Challenger main draw,2025,unobserved,,,,,,,,,,,,,,False
O0A2:atp:2025/9198/ms014:H0CX,O0A2,Gauthier Onclin,Bunschoten,CH,2025-07-14,R16,Max,Houkes,6-4 7-5,Challenger main draw,2025,unobserved,,,,,,,,,,,,,,False
O0A2:atp:2025/9198/ms028:GA79,O0A2,Gauthier Onclin,Bunschoten,CH,2025-07-14,R32,Lorenzo,Giustino,7-5 6-2,Challenger main draw,2025,unobserved,,,,,,,,,,,,,,False
O0A2:atp:2025/221/ms015:E0AC,O0A2,Gauthier Onclin,Tampere,CH,2025-07-21,R16,Mathys,Erhard,2-6 5-7,Challenger main draw,2025,unobserved,,,,,,,,,,,,,,False
O0A2:atp:2025/221/ms031:T0EI,O0A2,Gauthier Onclin,Tampere,CH,2025-07-21,R32,Aristotelis,Thanos,6-4 6-3,Challenger main draw,2025,unobserved,,,,,,,,,,,,,,False
O0A2:atp:2025/2789/ms031:P0HW,O0A2,Gauthier Onclin,Grodzisk Mazowiecki,CH,2025-08-04,R32,Dino,Prizmic,2-6 4-6,Challenger main draw,2025,unobserved,,,,,,,,,,,,,,False
O0A2:atp:2025/560/qs084:BG23,O0A2,Gauthier Onclin,US Open,GS,2025-08-25,Q1,Nikoloz,Basilashvili,6-7(6) 7-5 1-6,Tour qualifying,2025,unobserved,,,,,,,,,,,,,,False
O0A2:atp:2025/6313/ms018:Z0A1,O0A2,Gauthier Onclin,Shanghai,CH,2025-09-01,R32,Giulio,Zeppieri,4-6 4-6,Challenger main draw,2025,unobserved,,,,,,,,,,,,,,False
O0A2:atp:2025/2937/ms006:HD68,O0A2,Gauthier Onclin,Guangzhou (Huangpu),CH,2025-09-08,QF,Billy,Harris,2-6 6-7(6),Challenger main draw,2025,linked,14601342,1757671200.0,"Guangzhou 2, China",Challenger,Quarterfinals,Billy Harris,3.0,2.0,1.0,0.0,1,false,finished,True
O0A2:atp:2025/2937/ms013:M0OQ,O0A2,Gauthier Onclin,Guangzhou (Huangpu),CH,2025-09-08,R16,James,McCabe,6-1 4-1,Challenger main draw,2025,linked,14601345,1757566200.0,"Guangzhou 2, China",Challenger,Round of 16,James McCabe,3.0,2.0,1.0,0.0,2,false,finished,True
O0A2:atp:2025/2937/ms026:S0O6,O0A2,Gauthier Onclin,Guangzhou (Huangpu),CH,2025-09-08,R32,Ilia,Simakin,6-2 6-4,Challenger main draw,2025,unobserved,,,,,,,,,,,,,,False
O0A2:atp:2025/4713/qs006:B0NN,O0A2,Gauthier Onclin,Hangzhou,250,2025-09-15,Q2,Nishesh,Basavareddy,1-6 3-6,Tour qualifying,2025,linked,14695620,1758081600.0,"Hangzhou, China, Qualifying",ATP,Qualification Final,Nishesh Basavareddy,3.0,1.0,1.0,0.0,1,false,finished,True
O0A2:atp:2025/4713/qs013:B0EJ,O0A2,Gauthier Onclin,Hangzhou,250,2025-09-15,Q1,Tristan,Boyer,6-4 7-6(6),Tour qualifying,2025,linked,14689555,1757995200.0,"Hangzhou, China, Qualifying",ATP,Qualification Round 1,Tristan Boyer,3.0,2.0,1.0,0.0,1,false,finished,True
O0A2:atp:2025/3013/ms015:MK66,O0A2,Gauthier Onclin,Jingshan,CH,2025-09-22,R16,Mackenzie,McDonald,6-7(5) 4-6,Challenger main draw,2025,linked,14708955,1758852000.0,"Jingshan, China",Challenger,Round of 16,Mackenzie McDonald,3.0,2.0,1.0,0.0,1,false,finished,True
O0A2:atp:2025/3013/ms030:H09F,O0A2,Gauthier Onclin,Jingshan,CH,2025-09-22,R32,Yu Hsiou,Hsu,7-6(4) 6-1,Challenger main draw,2025,linked,14736564,1758612600.0,"Jingshan, China",Challenger,Round of 32,Yu Hsiou Hsu,3.0,2.0,1.0,0.0,2,false,finished,True
O0A2:atp:2025/5014/qs026:H09N,O0A2,Gauthier Onclin,ATP Masters 1000 Shanghai,1000,2025-09-29,Q2,August,Holmgren,4-6 6-7(3),Tour qualifying,2025,linked,14793747,1759211400.0,"Shanghai, China, Qualifying",ATP,Qualification Round 2,August Holmgren,3.0,2.0,1.0,0.0,2,false,finished,True
O0A2:atp:2025/5014/qs052:D994,O0A2,Gauthier Onclin,ATP Masters 1000 Shanghai,1000,2025-09-29,Q1,James,Duckworth,7-6(0) 7-5,Tour qualifying,2025,linked,14788605,1759123500.0,"Shanghai, China, Qualifying",ATP,Qualification Round 1,James Duckworth,3.0,2.0,1.0,0.0,1,false,finished,True
O0A2:atp:2025/7485/qs013:B0PG,O0A2,Gauthier Onclin,Brussels,250,2025-10-13,Q1,Alexander,Blockx,3-6 4-6,Tour qualifying,2025,linked,14871421,1760268600.0,"Brussels, Belgium, Qualifying",ATP,Qualification Round 1,Alexander Blockx,3.0,2.0,1.0,0.0,2,false,finished,True
O0A2:atp:2025/8297/ms027:S0AK,O0A2,Gauthier Onclin,Hamburg,CH,2025-10-20,R32,Henri,Squire,4-6 0-6,Challenger main draw,2025,linked,14910977,1760978700.0,"Hamburg, Germany",Challenger,Round of 32,Henri Squire,3.0,2.0,1.0,0.0,2,false,finished,True
O0A2:atp:2025/3035/ms027:C0P0,O0A2,Gauthier Onclin,Monastir,CH,2025-10-27,R32,Sergio,Callejon Hernando,3-6 3-6,Challenger main draw,2025,linked,14957044,1761664200.0,"Monastir, Tunisia",Challenger,Round of 32,Sergio Callejon Hernando,3.0,2.0,1.0,0.0,2,false,finished,True
O0A2:atp:2025/8310/ms019:V0AM,O0A2,Gauthier Onclin,Helsinki,CH,2025-11-03,R32,Otto,Virtanen,1-6 6-7(6),Challenger main draw,2025,linked,14988603,1762356600.0,"Helsinki, Finland",Challenger,Round of 32,Otto Virtanen,3.0,2.0,1.0,0.0,2,false,finished,True
O0A2:atp:2025/2963/ms018:V0DZ,O0A2,Gauthier Onclin,Lyon (Décines-Charpieu),CH,2025-11-10,R32,Luca,Van Assche,3-6 0-6,Challenger main draw,2025,linked,15022889,1762785600.0,"Lyon (Decines-Charpieu), France",Challenger,Round of 32,Luca Van Assche,3.0,2.0,1.0,0.0,1,false,finished,True
O0A2:atp:2026/2205/ms027:D0DW,O0A2,Gauthier Onclin,Noumea,CH,2026-01-05,R32,Titouan,Droguet,3-6 2-6,Challenger main draw,2026,linked,15310391,1767602400.0,"Noumea, New Caledonia",Challenger,Round of 32,Titouan Droguet,3.0,2.0,1.0,0.0,2,false,finished,True
O0A2:atp:2026/2831/ms025:G0BY,O0A2,Gauthier Onclin,Oeiras 1,CH,2026-01-19,R32,Daniil,Glinka,7-5 6-7(6) 4-6,Challenger main draw,2026,linked,15386785,1768922700.0,"Oeiras, Portugal",Challenger,Round of 32,Daniil Glinka,3.0,2.0,1.0,0.0,2,false,finished,True
O0A2:atp:2026/580/qs126:D0DT,O0A2,Gauthier Onclin,Australian Open,GS,2026-01-19,Q1,Martin,Damm,3-6 6-3 4-6,Tour qualifying,2026,linked,15345414,1768172400.0,"Australian Open, Melbourne, Australia, Qualifying",ATP,Qualification Round 1,Martin Damm Jr,2.0,2.0,1.0,0.0,2,false,finished,True
O0A2:atp:2026/9623/ms019:L0CF,O0A2,Gauthier Onclin,Tenerife 1,CH,2026-02-02,R32,George,Loffhagen,4-6 2-6,Challenger main draw,2026,linked,15460044,1770046200.0,"Tenerife, Spain",Challenger,Round of 32,George Loffhagen,3.0,2.0,1.0,0.0,2,false,finished,True
O0A2:atp:2026/4534/ms002:S0BT,O0A2,Gauthier Onclin,M25 Vila Real de Santo Antonio,FU,2026-02-09,SF,Adria,Soriano Barrera,6-7(6) 2-6,ITF main draw,2026,unobserved,,,,,,,,,,,,,,False
O0A2:atp:2026/4534/ms005:E698,O0A2,Gauthier Onclin,M25 Vila Real de Santo Antonio,FU,2026-02-09,QF,Gastao,Elias,6-2 6-0,ITF main draw,2026,unobserved,,,,,,,,,,,,,,False
O0A2:atp:2026/4534/ms010:F0BJ,O0A2,Gauthier Onclin,M25 Vila Real de Santo Antonio,FU,2026-02-09,R16,Adan,Freire Da Silva,6-1 6-1,ITF main draw,2026,unobserved,,,,,,,,,,,,,,False
O0A2:atp:2026/4534/ms020:V0C4,O0A2,Gauthier Onclin,M25 Vila Real de Santo Antonio,FU,2026-02-09,R32,Guilherme,Valdoleiros,6-1 6-0,ITF main draw,2026,unobserved,,,,,,,,,,,,,,False
O0A2:atp:2026/4543/ms001:M0NJ,O0A2,Gauthier Onclin,M25 Vila Real de Santo Antonio,FU,2026-02-16,F,Lui,Maxted,6-3 6-2,ITF main draw,2026,unobserved,,,,,,,,,,,,,,False
O0A2:atp:2026/4543/ms002:B0JE,O0A2,Gauthier Onclin,M25 Vila Real de Santo Antonio,FU,2026-02-16,SF,Max,Basing,7-5 6-2,ITF main draw,2026,unobserved,,,,,,,,,,,,,,False
O0A2:atp:2026/4543/ms005:P0K4,O0A2,Gauthier Onclin,M25 Vila Real de Santo Antonio,FU,2026-02-16,QF,Tiago,Pereira,6-2 3-6 6-1,ITF main draw,2026,unobserved,,,,,,,,,,,,,,False
O0A2:atp:2026/4543/ms011:G0I3,O0A2,Gauthier Onclin,M25 Vila Real de Santo Antonio,FU,2026-02-16,R16,Massimo,Giunta,6-4 1-6 6-2,ITF main draw,2026,unobserved,,,,,,,,,,,,,,False
O0A2:atp:2026/4543/ms023:M0I0,O0A2,Gauthier Onclin,M25 Vila Real de Santo Antonio,FU,2026-02-16,R32,Maxwell,Mckennon,6-3 6-3,ITF main draw,2026,unobserved,,,,,,,,,,,,,,False
O0A2:atp:2026/4555/ms006:P0K4,O0A2,Gauthier Onclin,M25 Vale do Lobo,FU,2026-02-23,QF,Tiago,Pereira,2-6 6-7(2),ITF main draw,2026,linked,15628499,1772190000.0,ITF M25 Vale Do Lobo Men,ITF Men,Quarterfinals,Tiago Pereira,3.0,2.0,1.0,0.0,absent,false,finished,False
O0A2:atp:2026/4555/ms012:M0DQ,O0A2,Gauthier Onclin,M25 Vale do Lobo,FU,2026-02-23,R16,Vladislav,Melnic,6-2 6-3,ITF main draw,2026,unobserved,,,,,,,,,,,,,,False
O0A2:atp:2026/4555/ms024:K0DP,O0A2,Gauthier Onclin,M25 Vale do Lobo,FU,2026-02-23,R32,Oleksii,Krutykh,7-5 6-4,ITF main draw,2026,unobserved,,,,,,,,,,,,,,False
O0A2:atp:2026/398/ms006:R09X,O0A2,Gauthier Onclin,Cherbourg,CH,2026-03-09,QF,Jurij,Rodionov,4-6 2-6,Challenger main draw,2026,linked,15658239,1773431700.0,"Cherbourg-en-Cotentin, France",Challenger,Quarterfinals,Jurij Rodionov,3.0,2.0,1.0,0.0,1,false,finished,True
O0A2:atp:2026/398/ms013:PJ74,O0A2,Gauthier Onclin,Cherbourg,CH,2026-03-09,R16,Lucas,Poullain,6-4 6-4,Challenger main draw,2026,linked,15656072,1773339600.0,"Cherbourg-en-Cotentin, France",Challenger,Round of 16,Lucas Poullain,3.0,2.0,1.0,0.0,1,false,finished,True
O0A2:atp:2026/398/ms026:G0GW,O0A2,Gauthier Onclin,Cherbourg,CH,2026-03-09,R32,Sascha,Gueymard Wayenburg,6-0 7-6(4),Challenger main draw,2026,linked,15682408,1773221400.0,"Cherbourg-en-Cotentin, France",Challenger,Round of 32,Sascha Gueymard Wayenburg,3.0,2.0,1.0,0.0,1,false,finished,True
O0A2:atp:2026/4590/ms001:DC76,O0A2,Gauthier Onclin,M25 Toulouse-Balma,FU,2026-03-16,F,Viktor,Durasovic,6-3 6-2,ITF main draw,2026,linked,15844100,1774186909.0,ITF M25 Toulouse-Balma Men,ITF Men,Final,Viktor Durasović,3.0,2.0,1.0,0.0,absent,false,finished,False
O0A2:atp:2026/4590/ms003:P0MG,O0A2,Gauthier Onclin,M25 Toulouse-Balma,FU,2026-03-16,SF,Raphael,Perot,6-4 3-6 6-0,ITF main draw,2026,linked,15837362,1774100446.0,ITF M25 Toulouse-Balma Men,ITF Men,Semifinals,Raphael Perot,3.0,2.0,1.0,0.0,absent,false,finished,False
O0A2:atp:2026/4590/ms007:G0LG,O0A2,Gauthier Onclin,M25 Toulouse-Balma,FU,2026-03-16,QF,Yanis,Ghazouani Durand,6-3 6-2,ITF main draw,2026,linked,15829889,1774003246.0,ITF M25 Toulouse-Balma Men,ITF Men,Quarterfinals,Yanis Ghazouani Durand,3.0,2.0,1.0,0.0,absent,false,finished,False
O0A2:atp:2026/4590/ms015:S0QZ,O0A2,Gauthier Onclin,M25 Toulouse-Balma,FU,2026-03-16,R16,Sebastian,Sorger,6-4 6-3,ITF main draw,2026,linked,15812490,1773918269.0,ITF M25 Toulouse-Balma Men,ITF Men,Round of 16,Sebastian Sorger,3.0,2.0,1.0,0.0,1,false,finished,True
O0A2:atp:2026/4590/ms031:J0EM,O0A2,Gauthier Onclin,M25 Toulouse-Balma,FU,2026-03-16,R32,Daniel,Jade,6-4 6-2,ITF main draw,2026,linked,15756994,1773770551.0,ITF M25 Toulouse-Balma Men,ITF Men,Round of 32,Daniel Jade,3.0,2.0,1.0,0.0,absent,false,finished,False
O0A2:atp:2026/4606/ms002:S0LA,O0A2,Gauthier Onclin,M25 Saint Dizier,FU,2026-03-23,SF,Dominic,Stricker,3-6 3-6,ITF main draw,2026,linked,15896022,1774713915.0,ITF M25 Saint-Dizier Men,ITF Men,Semifinals,Dominic Stricker,3.0,2.0,1.0,0.0,absent,false,finished,False
O0A2:atp:2026/4606/ms004:DC76,O0A2,Gauthier Onclin,M25 Saint Dizier,FU,2026-03-23,QF,Viktor,Durasovic,6-3 6-1,ITF main draw,2026,linked,15886380,1774615646.0,ITF M25 Saint-Dizier Men,ITF Men,Quarterfinals,Viktor Durasović,3.0,2.0,1.0,0.0,absent,false,finished,False
O0A2:atp:2026/4606/ms008:V0D0,O0A2,Gauthier Onclin,M25 Saint Dizier,FU,2026-03-23,R16,Niels,Visker,6-4 6-1,ITF main draw,2026,linked,15879203,1774537294.0,ITF M25 Saint-Dizier Men,ITF Men,Round of 16,Niels Visker,3.0,2.0,1.0,0.0,absent,false,finished,False
O0A2:atp:2026/4606/ms016:D0OR,O0A2,Gauthier Onclin,M25 Saint Dizier,FU,2026-03-23,R32,Remy,Dugardin,6-3 6-7(5) 6-3,ITF main draw,2026,linked,15866604,1774435601.0,ITF M25 Saint-Dizier Men,ITF Men,Round of 32,Remy Dugardin,3.0,2.0,1.0,0.0,absent,false,finished,False
O0A2:atp:2026/5274/ms001:L0ID,O0A2,Gauthier Onclin,M25 Monastir,FU,2026-04-06,F,Jack,Loge,4-6 6-3 6-3,ITF main draw,2026,linked,15992007,1775985498.0,ITF M25 Monastir 5 Men,ITF Men,Final,Jack Loge,3.0,2.0,1.0,0.0,absent,false,finished,False
O0A2:atp:2026/5274/ms002:K0E6,O0A2,Gauthier Onclin,M25 Monastir,FU,2026-04-06,SF,Alibek,Kachmazov,6-3 7-5,ITF main draw,2026,linked,15988593,1775898733.0,ITF M25 Monastir 5 Men,ITF Men,Semifinals,Alibek Kachmazov,3.0,2.0,1.0,0.0,absent,false,finished,False
O0A2:atp:2026/5274/ms004:I09N,O0A2,Gauthier Onclin,M25 Monastir,FU,2026-04-06,QF,Federico,Iannaccone,4-6 6-1 6-3,ITF main draw,2026,linked,15983860,1775815742.0,ITF M25 Monastir 5 Men,ITF Men,Quarterfinals,Federico Iannaccone,3.0,2.0,1.0,0.0,absent,false,finished,False
O0A2:atp:2026/5274/ms008:C0PC,O0A2,Gauthier Onclin,M25 Monastir,FU,2026-04-06,R16,James,Connel,6-3 6-0,ITF main draw,2026,linked,15979070,1775733399.0,ITF M25 Monastir 5 Men,ITF Men,Round of 16,James Connel,3.0,2.0,1.0,0.0,absent,false,finished,False
O0A2:atp:2026/5274/ms016:D0J9,O0A2,Gauthier Onclin,M25 Monastir,FU,2026-04-06,R32,Leo,Deflandre,6-4 6-0,ITF main draw,2026,linked,15971819,1775637692.0,ITF M25 Monastir 5 Men,ITF Men,Round of 32,Leo Deflandre,3.0,2.0,1.0,0.0,absent,false,finished,False
O0A2:atp:2026/2995/ms001:S0EX,O0A2,Gauthier Onclin,Abidjan 1,CH,2026-04-20,F,Hamish,Stewart,7-6(5) 7-6(2),Challenger main draw,2026,unobserved,,,,,,,,,,,,,,False
O0A2:atp:2026/2995/ms002:HB48,O0A2,Gauthier Onclin,Abidjan 1,CH,2026-04-20,SF,Calvin,Hemery,6-4 6-0,Challenger main draw,2026,unobserved,,,,,,,,,,,,,,False
O0A2:atp:2026/2995/ms004:A09Q,O0A2,Gauthier Onclin,Abidjan 1,CH,2026-04-20,QF,Mert,Alkaya,1-6 6-2 7-5,Challenger main draw,2026,unobserved,,,,,,,,,,,,,,False
O0A2:atp:2026/2995/ms008:B0ME,O0A2,Gauthier Onclin,Abidjan 1,CH,2026-04-20,R16,Cesar,Bouchelaghem,6-2 6-4,Challenger main draw,2026,unobserved,,,,,,,,,,,,,,False
O0A2:atp:2026/2995/ms016:S0GV,O0A2,Gauthier Onclin,Abidjan 1,CH,2026-04-20,R32,Robert,Strombachs,6-4 6-4,Challenger main draw,2026,linked,16033027,1776796200.0,"Abidjan, Cote d Ivoire",Challenger,Round of 32,Robert Strombachs,3.0,2.0,1.0,0.0,1,false,finished,True
O0A2:atp:2026/2997/ms001:MP01,O0A2,Gauthier Onclin,Abidjan 2,CH,2026-04-27,F,Michael,Mmoh,6-3 6-4,Challenger main draw,2026,unobserved,,,,,,,,,,,,,,False
O0A2:atp:2026/2997/ms002:C0HB,O0A2,Gauthier Onclin,Abidjan 2,CH,2026-04-27,SF,Eliakim,Coulibaly,2-6 6-3 6-1,Challenger main draw,2026,unobserved,,,,,,,,,,,,,,False
O0A2:atp:2026/2997/ms004:A09Q,O0A2,Gauthier Onclin,Abidjan 2,CH,2026-04-27,QF,Mert,Alkaya,6-3 7-6(3),Challenger main draw,2026,unobserved,,,,,,,,,,,,,,False
O0A2:atp:2026/2997/ms008:G0I3,O0A2,Gauthier Onclin,Abidjan 2,CH,2026-04-27,R16,Massimo,Giunta,6-7(6) 7-6(2) 6-0,Challenger main draw,2026,unobserved,,,,,,,,,,,,,,False
O0A2:atp:2026/2997/ms016:W0AX,O0A2,Gauthier Onclin,Abidjan 2,CH,2026-04-27,R32,Oscar,Weightman,6-3 6-2,Challenger main draw,2026,unobserved,,,,,,,,,,,,,,False
O0A2:atp:2026/2993/ms023:K09F,O0A2,Gauthier Onclin,Chisinau,CH,2026-05-25,R32,Pavel,Kotov,1-6 6-3 4-6,Challenger main draw,2026,linked,16224404,1779799200.0,"Chisinau, Moldova",Challenger,Round of 32,Pavel Kotov,3.0,2.0,1.0,0.0,2,false,finished,True
O0A2:atp:2026/460/ms023:M0BN,O0A2,Gauthier Onclin,Bad Rappenau,CH,2026-06-01,R32,Marvin,Moeller,7-5 1-6 4-6,Challenger main draw,2026,linked,16266677,1780409700.0,"Bad Rappenau, Germany",Challenger,Round of 32,Marvin Möller,1.0,2.0,1.0,0.0,1,false,finished,True
O0A2:atp:2026/321/ms012:M0GZ,O0A2,Gauthier Onclin,Stuttgart,250,2026-06-08,R16,Giovanni,Mpetshi Perricard,6-7(1) 2-6,Tour main draw,2026,linked,16272641,1781082000.0,"Stuttgart, Germany",ATP,Round of 16,Giovanni Mpetshi Perricard,3.0,2.0,1.0,0.0,1,false,finished,True
O0A2:atp:2026/321/ms025:M0CI,O0A2,Gauthier Onclin,Stuttgart,250,2026-06-08,R32,Fabian,Marozsan,7-6(6) 6-3,Tour main draw,2026,linked,16290648,1780927200.0,"Stuttgart, Germany",ATP,Round of 32,Fábián Marozs,1.0,2.0,1.0,0.0,1,false,finished,True
O0A2:atp:2026/321/qs006:HH06,O0A2,Gauthier Onclin,Stuttgart,250,2026-06-08,Q2,Marc-Andrea,Huesler,7-6(1) 6-4,Tour qualifying,2026,linked,16286081,1780822800.0,"Stuttgart, Germany, Qualifying",ATP,Qualification Final,Marc-Andrea Huesler,3.0,1.0,1.0,0.0,2,false,finished,True
O0A2:atp:2026/321/qs013:LF26,O0A2,Gauthier Onclin,Stuttgart,250,2026-06-08,Q1,Orlando,Luz,6-1 6-3,Tour qualifying,2026,linked,16285454,1780736400.0,"Stuttgart, Germany, Qualifying",ATP,Qualification Round 1,Orlando Luz,3.0,2.0,1.0,0.0,1,false,finished,True
O0A2:atp:2026/3115/ms027:J0AZ,O0A2,Gauthier Onclin,Dublin,CH,2026-06-15,R32,Kyrian,Jacquet,6-7(6) 6-7(4),Challenger main draw,2026,linked,16324640,1781528400.0,"Dublin, Ireland",Challenger,Round of 32,Kyrian Jacquet,3.0,2.0,1.0,0.0,2,false,finished,True
O0A2:atp:2026/540/qs037:M0HU,O0A2,Gauthier Onclin,Wimbledon,GS,2026-06-29,Q2,Shintaro,Mochizuki,2-6 6-4 3-6,Tour qualifying,2026,linked,16377075,1782295200.0,"Wimbledon, London, GB, Qualifying, 1st - 2nd Round",ATP,Qualification Round 2,Shintaro Mochizuki,3.0,2.0,1.0,0.0,2,false,finished,True
O0A2:atp:2026/540/qs074:GA79,O0A2,Gauthier Onclin,Wimbledon,GS,2026-06-29,Q1,Lorenzo,Giustino,6-3 7-5,Tour qualifying,2026,linked,16373459,1782127800.0,"Wimbledon, London, GB, Qualifying, 1st - 2nd Round",ATP,Qualification Round 1,Lorenzo Giustino,3.0,2.0,1.0,0.0,1,false,finished,True
O0A2:atp:2026/3101/ms008:B0C5,O0A2,Gauthier Onclin,Liege,CH,2026-07-06,R16,Florian,Broska,7-5 6-7(5) 2-6,Challenger main draw,2026,linked,16425059,1783613700.0,"Liege, Belgium",Challenger,Round of 16,Florian Broska,3.0,2.0,1.0,0.0,2,false,finished,True
O0A2:atp:2026/3101/ms016:C0MH,O0A2,Gauthier Onclin,Liege,CH,2026-07-06,R32,Gerard,Campana Lee,4-6 6-2 6-2,Challenger main draw,2026,linked,16458123,1783440600.0,"Liege, Belgium",Challenger,Round of 32,Gerard Campana Lee,3.0,2.0,1.0,0.0,1,false,finished,True
O0A2:atp:2026/9198/ms031:B0T6,O0A2,Gauthier Onclin,Bunschoten,CH,2026-07-13,R32,Thijs,Boogaard,6-3 6-7(3) 4-6,Challenger main draw,2026,linked,16496691,1784044800.0,"Bunschoten, Netherlands",Challenger,Round of 32,Thijs Boogaard,3.0,2.0,1.0,0.0,1,false,finished,True
O0A2:atp:2026/221/ms002:D0LJ,O0A2,Gauthier Onclin,Tampere,CH,2026-07-20,SF,Diego,Dedura,2-6 6-2 6-7(2),Challenger main draw,2026,linked,16516173,1784973600.0,"Tampere, Finland",Challenger,Semifinals,Diego Dedura-Palomero,2.0,2.0,1.0,0.0,2,false,finished,True
O0A2:atp:2026/221/ms005:G0IB,O0A2,Gauthier Onclin,Tampere,CH,2026-07-20,QF,Tom,Gentzsch,6-2 6-7(5) 6-3,Challenger main draw,2026,linked,16516171,1784887200.0,"Tampere, Finland",Challenger,Quarterfinals,Tom Gentzsch,3.0,2.0,1.0,0.0,1,false,finished,True
O0A2:atp:2026/221/ms010:V0D0,O0A2,Gauthier Onclin,Tampere,CH,2026-07-20,R16,Niels,Visker,6-2 7-6(6),Challenger main draw,2026,linked,16516167,1784710800.0,"Tampere, Finland",Challenger,Round of 16,Niels Visker,3.0,2.0,1.0,0.0,1,false,finished,True
O0A2:atp:2026/221/ms020:A0CJ,O0A2,Gauthier Onclin,Tampere,CH,2026-07-20,R32,Duje,Ajdukovic,7-6(13) 6-1,Challenger main draw,2026,linked,16565988,1784552400.0,"Tampere, Finland",Challenger,Round of 32,Duje Ajdukovic,3.0,2.0,1.0,0.0,1,false,finished,True
O0A2:atp:2026/3131/ms010:AG08,O0A2,Gauthier Onclin,"Brownsburg, IN",CH,2026-08-10,R16,Andy,Andrade,3-6 3-6,Challenger main draw,2026,unobserved,,,,,,,,,,,,,,False
O0A2:atp:2026/3131/ms020:Z0AK,O0A2,Gauthier Onclin,"Brownsburg, IN",CH,2026-08-10,R32,Tyler,Zink,6-4 3-6 6-3,Challenger main draw,2026,linked,16768340,1786572000.0,"Brownsburg, USA",Challenger,Round of 32,Tyler Zink,3.0,2.0,1.0,0.0,1,false,finished,True
O0A2:atp:2026/3009/ms010:KI82,O0A2,Gauthier Onclin,Cancun,CH,2026-08-17,R16,Vit,Kopriva,4-6 4-6,Challenger main draw,2026,unobserved,,,,,,,,,,,,,,False
O0A2:atp:2026/3009/ms021:S0GR,O0A2,Gauthier Onclin,Cancun,CH,2026-08-17,R32,Timofey,Skatov,2-6 6-2 6-3,Challenger main draw,2026,unobserved,,,,,,,,,,,,,,False
O0A2:atp:2026/3009/qs004:M0HT,O0A2,Gauthier Onclin,Cancun,CH,2026-08-17,Q2,Alejandro,Moro Canas,6-4 5-7 6-4,Challenger qualifying,2026,unobserved,,,,,,,,,,,,,,False
O0A2:atp:2026/3009/qs008:S0DL,O0A2,Gauthier Onclin,Cancun,CH,2026-08-17,Q1,Ryan,Seggerman,6-3 6-4,Challenger qualifying,2026,unobserved,,,,,,,,,,,,,,False
O0A2:atp:2026/560/qs122:SS25,O0A2,Gauthier Onclin,US Open,GS,2026-08-31,Q1,Vitaliy,Sachko,5-7 5-7,Tour qualifying,2026,unobserved,,,,,,,,,,,,,,False
O0A2:atp:2026/9120/ms024:P0MG,O0A2,Gauthier Onclin,Cassis,CH,2026-09-07,R32,Raphael,Perot,4-6 2-6,Challenger main draw,2026,unobserved,,,,,,,,,,,,,,False
O0A2:atp:2026/5122/ms000:R09X,O0A2,Gauthier Onclin,AUT vs BEL Qualifiers R2,DC,2026-09-14,RR,Jurij,Rodionov,4-6 1-6,Davis Cup,2026,unobserved,,,,,,,,,,,,,,False
P0HY:atp:2021/6870/ms011:B0AM,P0HY,Samuele Pieri,M15 Cairo,FU,2021-07-26,R16,Lorenzo,Bocchi,3-6 3-6,ITF main draw,2021,linked,9683857,1627552200.0,"Cairo, Singles M-ITF-EGY-20A",ITF Men,Round of 16,Lorenzo Bocchi,3.0,2.0,1.0,0.0,2,false,finished,True
P0HY:atp:2021/6870/ms022:G0D4,P0HY,Samuele Pieri,M15 Cairo,FU,2021-07-26,R32,Lorenzo,Gagliardo,6-3 6-3,ITF main draw,2021,linked,9678693,1627459200.0,"Cairo, Singles M-ITF-EGY-20A",ITF Men,Round of 32,Lorenzo Gagliardo,3.0,2.0,1.0,0.0,1,false,finished,True
P0HY:atp:2021/6874/ms024:B0AM,P0HY,Samuele Pieri,M15 Cairo,FU,2021-08-02,R32,Lorenzo,Bocchi,2-6 6-2 5-7,ITF main draw,2021,linked,9698588,1628081700.0,"Cairo, Singles M-ITF-EGY-21A",ITF Men,Round of 32,Lorenzo Bocchi,3.0,2.0,1.0,0.0,2,false,finished,True
P0HY:atp:2022/6850/ms026:M0CD,P0HY,Samuele Pieri,M15 Cairo,FU,2022-04-18,R32,Marco,Miceli,5-7 6-3 3-6,ITF main draw,2022,linked,10263469,1650439800.0,"Cairo, Singles M-ITF-EGY-16A",ITF Men,Round of 32,Marco Miceli,3.0,2.0,1.0,0.0,2,false,finished,True
P0HY:atp:2022/764/ms010:BV17,P0HY,Samuele Pieri,M15 Bergamo,FU,2022-06-27,R16,Riccardo,Balzerani,6-7(2) 4-6,ITF main draw,2022,unobserved,,,,,,,,,,,,,,False
P0HY:atp:2022/764/ms021:C0KV,P0HY,Samuele Pieri,M15 Bergamo,FU,2022-06-27,R32,Ryan,Colby,6-4 3-6 6-1,ITF main draw,2022,unobserved,,,,,,,,,,,,,,False
P0HY:atp:2022/900/ms008:LC12,P0HY,Samuele Pieri,M25 Casinalbo,FU,2022-07-04,R16,Laurent,Lokoli,2-6 7-6(4) 3-6,ITF main draw,2022,linked,10435718,1657123200.0,"Italy F9, Singles",ITF Men,Round of 16,Laurent Lokoli,3.0,2.0,0.0,0.0,1,false,finished,True
P0HY:atp:2022/900/ms017:FA42,P0HY,Samuele Pieri,M25 Casinalbo,FU,2022-07-04,R32,Carlo Alberto,Fossati,6-2 6-3,ITF main draw,2022,unobserved,,,,,,,,,,,,,,False
P0HY:atp:2023/8180/ms012:V0D4,P0HY,Samuele Pieri,M15 Antalya,FU,2023-02-20,R16,Eric,Vanshelboim,6-3 3-6 1-6,ITF main draw,2023,linked,11079347,1677135600.0,"Antalya, Singles Main, M-ITF-TUR-07A",ITF Men,Round of 16,Eric Vanshelboim,3.0,2.0,1.0,0.0,1,false,finished,True
P0HY:atp:2023/8180/ms025:L0G3,P0HY,Samuele Pieri,M15 Antalya,FU,2023-02-20,R32,Aleksandr,Lobanov,6-4 6-1,ITF main draw,2023,linked,11076767,1677054600.0,"Antalya, Singles Main, M-ITF-TUR-07A",ITF Men,Round of 32,Aleksandr Lobanov,3.0,2.0,1.0,0.0,2,false,finished,True
P0HY:itf:1164942835,P0HY,Samuele Pieri,M15 Antalya,FU,2023-02-20,Q3,Denis Constantin,Spiridon,6-1 6-4,ITF qualifying,2023,linked,11074646,1676962800.0,"Antalya, Singles Qualifying, M-ITF-TUR-07A",ITF Men,absent,Denis Constantin Spiridon,3.0,1.0,1.0,0.0,1,false,finished,True
P0HY:itf:1164942850,P0HY,Samuele Pieri,M15 Antalya,FU,2023-02-20,Q2,Daniele,Minighini,6-2 6-2,ITF qualifying,2023,linked,11072393,1676889300.0,"Antalya, Singles Qualifying, M-ITF-TUR-07A",ITF Men,absent,Daniele Minighini,3.0,1.0,1.0,0.0,2,false,finished,True
P0HY:itf:1164942880,P0HY,Samuele Pieri,M15 Antalya,FU,2023-02-20,Q1,Mak,Mikovic,6-2 6-2,ITF qualifying,2023,linked,11070762,1676790000.0,"Antalya, Singles Qualifying, M-ITF-TUR-07A",ITF Men,absent,Mak Miković,3.0,1.0,1.0,0.0,absent,false,finished,False
P0HY:atp:2023/8230/ms015:KE36,P0HY,Samuele Pieri,M15 Antalya,FU,2023-02-27,R16,Dominik,Kellovsky,4-6 1-6,ITF main draw,2023,linked,11095653,1677750000.0,"Antalya, Singles Main, M-ITF-TUR-08A",ITF Men,Round of 16,Dominik Kellovsky,3.0,2.0,1.0,0.0,2,false,finished,True
P0HY:atp:2023/8230/ms031:M0AC,P0HY,Samuele Pieri,M15 Antalya,FU,2023-02-27,R32,Rudolf,Molleker,6-4 7-5,ITF main draw,2023,linked,11092371,1677666600.0,"Antalya, Singles Main, M-ITF-TUR-08A",ITF Men,Round of 32,Rudolf Molleker,3.0,2.0,1.0,0.0,1,false,finished,True
P0HY:itf:1165110749,P0HY,Samuele Pieri,M15 Antalya,FU,2023-02-27,Q3,Marsel,Ilhan,6-3 6-4,ITF qualifying,2023,linked,11090601,1677572400.0,"Antalya, Singles Qualifying, M-ITF-TUR-08A",ITF Men,absent,Marsel Ilhan,3.0,1.0,1.0,0.0,absent,false,finished,False
P0HY:itf:1165110763,P0HY,Samuele Pieri,M15 Antalya,FU,2023-02-27,Q2,Lucca,Pinto,5-7 6-2 10-2,ITF qualifying,2023,linked,11087988,1677486900.0,"Antalya, Singles Qualifying, M-ITF-TUR-08A",ITF Men,absent,Lucca Pinto,3.0,1.0,1.0,0.0,1,false,finished,True
P0HY:itf:1165110791,P0HY,Samuele Pieri,M15 Antalya,FU,2023-02-27,Q1,Samat,Mustafin,6-2 6-0,ITF qualifying,2023,linked,11086229,1677394800.0,"Antalya, Singles Qualifying, M-ITF-TUR-08A",ITF Men,absent,Samat Mustafin,3.0,1.0,1.0,0.0,absent,false,finished,False
P0HY:itf:1165305355,P0HY,Samuele Pieri,M15 Antalya,FU,2023-03-06,Q1,Finn,Bischof,3-6 0-6,ITF qualifying,2023,linked,11104002,1677997800.0,"Antalya, Singles Qualifying, M-ITF-TUR-09A",ITF Men,absent,Finn Bischof,3.0,1.0,1.0,0.0,absent,false,finished,False
P0HY:atp:2023/8250/ms013:TG52,P0HY,Samuele Pieri,M15 Antalya,FU,2023-03-13,R16,Luca,Tomasetto,1-6 3-6,ITF main draw,2023,linked,11133053,1678962600.0,"Antalya, Singles Main, M-ITF-TUR-10A",ITF Men,Round of 16,Luca Tomasetto,3.0,2.0,1.0,0.0,2,false,finished,True
P0HY:atp:2023/8250/ms027:O09S,P0HY,Samuele Pieri,M15 Antalya,FU,2023-03-13,R32,Juan Bautista,Otegui,2-6 6-4 7-6(6),ITF main draw,2023,linked,11129181,1678877100.0,"Antalya, Singles Main, M-ITF-TUR-10A",ITF Men,Round of 32,Juan Bautista Otegui,3.0,2.0,1.0,0.0,1,false,finished,True
P0HY:itf:1166300042,P0HY,Samuele Pieri,M25 Santa Margherita di Pula,FU,2023-04-10,Q2,Luigi,Sorrentino,3-6 3-6,ITF qualifying,2023,unobserved,,,,,,,,,,,,,,False
P0HY:itf:1166300054,P0HY,Samuele Pieri,M25 Santa Margherita di Pula,FU,2023-04-10,Q1,Luca,Parenti,6-4 7-6(4),ITF qualifying,2023,linked,11198816,1681029000.0,"Santa Margherita Di Pula, Singles Qualifying, M-IT",ITF Men,absent,Luca Parenti,3.0,1.0,1.0,0.0,absent,false,finished,False
P0HY:atp:2023/8242/ms023:R0B6,P0HY,Samuele Pieri,M25 Santa Margherita di Pula,FU,2023-04-17,R32,Lorenzo,Rottoli,3-6 3-6,ITF main draw,2023,unobserved,,,,,,,,,,,,,,False
P0HY:itf:1166502877,P0HY,Samuele Pieri,M25 Santa Margherita di Pula,FU,2023-04-17,Q2,Federico,Bertuccioli,6-2 6-1,ITF qualifying,2023,unobserved,,,,,,,,,,,,,,False
P0HY:itf:1166502887,P0HY,Samuele Pieri,M25 Santa Margherita di Pula,FU,2023-04-17,Q1,mattia,Secci,6-1 6-1,ITF qualifying,2023,unobserved,,,,,,,,,,,,,,False
P0HY:atp:2023/4329/ms006:PL38,P0HY,Samuele Pieri,M15 Alaminos-Larnaca,FU,2023-04-24,QF,Sebastian,Prechtel,1-4,ITF main draw,2023,unobserved,,,,,,,,,,,,,,False
P0HY:atp:2023/4329/ms012:M0CD,P0HY,Samuele Pieri,M15 Alaminos-Larnaca,FU,2023-04-24,R16,Marco,Miceli,4-6 6-3 7-6(6),ITF main draw,2023,unobserved,,,,,,,,,,,,,,False
P0HY:atp:2023/4329/ms025:R0HP,P0HY,Samuele Pieri,M15 Alaminos-Larnaca,FU,2023-04-24,R32,Lucio,Ratti,6-4 6-1,ITF main draw,2023,unobserved,,,,,,,,,,,,,,False
P0HY:itf:1166739270,P0HY,Samuele Pieri,M15 Alaminos-Larnaca,FU,2023-04-24,Q3,Guelfo,Borghini Baldovinetti,6-3 6-0,ITF qualifying,2023,unobserved,,,,,,,,,,,,,,False
P0HY:itf:1166739278,P0HY,Samuele Pieri,M15 Alaminos-Larnaca,FU,2023-04-24,Q2,Constantinos,Papavasiliou,6-0 6-2,ITF qualifying,2023,unobserved,,,,,,,,,,,,,,False
P0HY:atp:2023/4330/ms030:D0H9,P0HY,Samuele Pieri,M15 Alaminos-Larnaca,FU,2023-05-01,R32,Guy,Den Ouden,3-6 4-6,ITF main draw,2023,linked,11255153,1683093600.0,"Alaminos-Larnaca, Singles Main, M-ITF-CYP-02A",ITF Men,Round of 32,Guy Den Ouden,3.0,2.0,1.0,0.0,1,false,finished,True
P0HY:itf:1166954260,P0HY,Samuele Pieri,M15 Alaminos-Larnaca,FU,2023-05-01,Q3,Aaron,Cohen,7-6(7) 6-2,ITF qualifying,2023,unobserved,,,,,,,,,,,,,,False
P0HY:itf:1166954273,P0HY,Samuele Pieri,M15 Alaminos-Larnaca,FU,2023-05-01,Q2,Vadym,Konovchuk,6-0 6-0,ITF qualifying,2023,unobserved,,,,,,,,,,,,,,False
P0HY:itf:1167699149,P0HY,Samuele Pieri,M15 Kursumlijska Banja,FU,2023-05-22,Q2,Niksa,Arsic,6-2 6-7(0) 11-13,ITF qualifying,2023,linked,11299540,1684759200.0,"Kursumlijska Banja, Singles Qualifying, M-ITF-SRB-",ITF Men,absent,Niksa Arsic,3.0,1.0,1.0,0.0,2,false,finished,True
P0HY:atp:2023/4194/ms014:N679,P0HY,Samuele Pieri,M25 Rome,FU,2023-05-29,R16,Stefano,Napolitano,3-6 2-6,ITF main draw,2023,linked,11320764,1685532000.0,"Rome, Singles Main, M-ITF-ITA-18A",ITF Men,Round of 16,Stefano Napolitano,3.0,2.0,1.0,0.0,2,false,finished,True
P0HY:atp:2023/4194/ms028:H09N,P0HY,Samuele Pieri,M25 Rome,FU,2023-05-29,R32,August,Holmgren,7-6(5) 6-3,ITF main draw,2023,linked,11318701,1685440500.0,"Rome, Singles Main, M-ITF-ITA-18A",ITF Men,Round of 32,August Holmgren,3.0,2.0,1.0,0.0,2,false,finished,True
P0HY:itf:1167867686,P0HY,Samuele Pieri,M25 Rome,FU,2023-05-29,Q3,Leonardo,Taddia,6-2 6-2,ITF qualifying,2023,linked,11316538,1685352600.0,"Rome, Singles Qualifying, M-ITF-ITA-18A",ITF Men,absent,Leonardo Taddia,3.0,1.0,1.0,0.0,2,false,finished,True
P0HY:itf:1167867700,P0HY,Samuele Pieri,M25 Rome,FU,2023-05-29,Q2,Benito,Massacri,6-0 7-6(5),ITF qualifying,2023,linked,11315794,1685277000.0,"Rome, Singles Qualifying, M-ITF-ITA-18A",ITF Men,absent,Benito Massacri,3.0,1.0,1.0,0.0,absent,false,finished,False
P0HY:atp:2023/8214/ms022:P0FY,P0HY,Samuele Pieri,M15 Frascati,FU,2023-06-05,R32,Alessandro,Pecci,5-7 4-6,ITF main draw,2023,linked,11332949,1686038400.0,"Frascati, Singles Main, M-ITF-ITA-07A",ITF Men,Round of 32,Alessandro Pecci,3.0,2.0,1.0,0.0,absent,false,finished,False
P0HY:itf:1168075306,P0HY,Samuele Pieri,M15 Frascati,FU,2023-06-05,Q2,Niccolo,Ciavarella,6-3 6-2,ITF qualifying,2023,linked,11330989,1685973600.0,"Frascati, Singles Qualifying, M-ITF-ITA-07A",ITF Men,absent,Niccolo Ciavarella,3.0,1.0,1.0,0.0,2,false,finished,True
P0HY:itf:1168075316,P0HY,Samuele Pieri,M15 Frascati,FU,2023-06-05,Q1,Savelii,Shpita,6-1 6-1,ITF qualifying,2023,linked,11329104,1685865600.0,"Frascati, Singles Qualifying, M-ITF-ITA-07A",ITF Men,absent,Savelii Shpita,3.0,1.0,1.0,0.0,2,false,finished,True
P0HY:atp:2023/764/ms014:P0DR,P0HY,Samuele Pieri,M15 Chieti,FU,2023-06-12,R16,Andrea,Picchione,1-6 2-6,ITF main draw,2023,linked,11349498,1686935100.0,"Chieti, Singles Main, M-ITF-ITA-08A",ITF Men,Round of 16,Andrea Picchione,3.0,2.0,1.0,0.0,2,false,finished,True
P0HY:atp:2023/764/ms029:BU48,P0HY,Samuele Pieri,M15 Chieti,FU,2023-06-12,R32,Andrea,Bolla,6-2 6-4,ITF main draw,2023,linked,11346789,1686737400.0,"Chieti, Singles Main, M-ITF-ITA-08A",ITF Men,Round of 32,Andrea Bolla,3.0,2.0,1.0,0.0,1,false,finished,True
P0HY:itf:1168335898,P0HY,Samuele Pieri,M15 Chieti,FU,2023-06-12,Q2,Andrea,Militi Ribaldi,6-2 2-1,ITF qualifying,2023,linked,11344550,1686565800.0,"Chieti, Singles Qualifying, M-ITF-ITA-08A",ITF Men,absent,A. Militi Ribaldi,1.0,1.0,1.0,0.0,absent,false,finished,False
P0HY:itf:1168335907,P0HY,Samuele Pieri,M15 Chieti,FU,2023-06-12,Q1,Yaniche Francis,Boagnon,6-1 6-2,ITF qualifying,2023,linked,11342668,1686486600.0,"Chieti, Singles Qualifying, M-ITF-ITA-08A",ITF Men,absent,Yaniche Francis Boagnon,3.0,1.0,1.0,0.0,absent,false,finished,False
P0HY:atp:2023/4222/ms025:FA42,P0HY,Samuele Pieri,M25 Cattolica,FU,2023-06-19,R32,Carlo Alberto,Fossati,7-6(3) 3-6 2-6,ITF main draw,2023,linked,11358860,1687197600.0,"Cattolica, Singles Main, M-ITF-ITA-19A",ITF Men,Round of 32,Carlo Alberto Fossati,3.0,2.0,1.0,0.0,1,false,finished,True
P0HY:atp:2023/900/ms015:FA42,P0HY,Samuele Pieri,M15 Bergamo,FU,2023-06-26,R16,Carlo Alberto,Fossati,6-4 3-6 6-7(5),ITF main draw,2023,unobserved,,,,,,,,,,,,,,False
P0HY:atp:2023/900/ms031:V821,P0HY,Samuele Pieri,M15 Bergamo,FU,2023-06-26,R32,Gonzalo,Villanueva,6-1 6-4,ITF main draw,2023,unobserved,,,,,,,,,,,,,,False
P0HY:itf:1168818549,P0HY,Samuele Pieri,M15 Bergamo,FU,2023-06-26,Q2,Bautista,Vilicich,6-2 6-1,ITF qualifying,2023,linked,11376370,1687806000.0,"Bergamo, Singles Qualifying, M-ITF-ITA-09A",ITF Men,absent,Bautista Vilicich,3.0,1.0,1.0,0.0,1,false,finished,True
P0HY:itf:1168818557,P0HY,Samuele Pieri,M15 Bergamo,FU,2023-06-26,Q1,Gustavo,Giudici,6-1 6-1,ITF qualifying,2023,linked,11376223,1687719900.0,"Bergamo, Singles Qualifying, M-ITF-ITA-09A",ITF Men,absent,Giudici G.,1.0,1.0,1.0,0.0,1,false,finished,True
P0HY:atp:2023/4167/ms015:CD00,P0HY,Samuele Pieri,M25 Biella,FU,2023-07-03,R16,Maxime,Chazal,3-6 1-6,ITF main draw,2023,unobserved,,,,,,,,,,,,,,False
P0HY:atp:2023/4167/ms030:F0BC,P0HY,Samuele Pieri,M25 Biella,FU,2023-07-03,R32,Gabriele,Felline,6-4 6-1,ITF main draw,2023,unobserved,,,,,,,,,,,,,,False
P0HY:atp:2023/9868/ms011:B0HA,P0HY,Samuele Pieri,M15 Gubbio,FU,2023-07-17,R16,Daniel,Bagnolini,6-7(3) 6-3 3-6,ITF main draw,2023,unobserved,,,,,,,,,,,,,,False
P0HY:atp:2023/9868/ms023:P0DR,P0HY,Samuele Pieri,M15 Gubbio,FU,2023-07-17,R32,Andrea,Picchione,2-6 7-5,ITF main draw,2023,unobserved,,,,,,,,,,,,,,False
P0HY:itf:1169464996,P0HY,Samuele Pieri,M15 Gubbio,FU,2023-07-17,Q2,Andrea,Bolla,6-3 7-5,ITF qualifying,2023,unobserved,,,,,,,,,,,,,,False
P0HY:itf:1169465011,P0HY,Samuele Pieri,M15 Gubbio,FU,2023-07-17,Q1,Alessio,Balestrieri,6-0 6-0,ITF qualifying,2023,unobserved,,,,,,,,,,,,,,False
P0HY:atp:2023/4180/ms013:TG52,P0HY,Samuele Pieri,M15 Perugia,FU,2023-07-24,R16,Luca,Tomasetto,4-6 6-3 2-6,ITF main draw,2023,linked,11476638,1690469400.0,"Perugia, Singles Main, M-ITF-ITA-16A",ITF Men,Round of 16,Luca Tomasetto,3.0,2.0,1.0,0.0,1,false,finished,True
P0HY:atp:2023/4180/ms026:M0CD,P0HY,Samuele Pieri,M15 Perugia,FU,2023-07-24,R32,Marco,Miceli,5-7 6-4 6-4,ITF main draw,2023,linked,11472427,1690363800.0,"Perugia, Singles Main, M-ITF-ITA-16A",ITF Men,Round of 32,Marco Miceli,3.0,2.0,1.0,0.0,2,false,finished,True
P0HY:itf:1169663423,P0HY,Samuele Pieri,M15 Perugia,FU,2023-07-24,Q3,Daniel,Bagnolini,6-2 3-6 10-0,ITF qualifying,2023,unobserved,,,,,,,,,,,,,,False
P0HY:itf:1169663434,P0HY,Samuele Pieri,M15 Perugia,FU,2023-07-24,Q2,Antonio,Caruso,6-2 7-6(7),ITF qualifying,2023,unobserved,,,,,,,,,,,,,,False
P0HY:atp:2023/4188/ms013:O639,P0HY,Samuele Pieri,M25 Bolzano,FU,2023-07-31,R16,Giovanni,Oradini,1-6 1-6,ITF main draw,2023,linked,11490573,1690974000.0,"Bolzano, Singles Main, M-ITF-ITA-17A",ITF Men,Round of 16,Giovanni Oradini,3.0,2.0,1.0,0.0,1,false,finished,True
P0HY:atp:2023/4188/ms026:P0JK,P0HY,Samuele Pieri,M25 Bolzano,FU,2023-07-31,R32,Noah,Perfetti,6-2 6-1,ITF main draw,2023,linked,11492328,1690885800.0,"Bolzano, Singles Main, M-ITF-ITA-17A",ITF Men,Round of 32,Noah Perfetti,3.0,2.0,1.0,0.0,2,false,finished,True
P0HY:atp:2023/4239/ms018:P0FY,P0HY,Samuele Pieri,M25 Lesa,FU,2023-08-21,R32,Alessandro,Pecci,2-6 2-6,ITF main draw,2023,linked,11563820,1692786300.0,"Lesa, Singles Main, M-ITF-ITA-22A",ITF Men,Round of 32,Alessandro Pecci,3.0,2.0,1.0,0.0,1,false,finished,True
P0HY:atp:2023/4394/ms020:T0AA,P0HY,Samuele Pieri,M15 Bucharest,FU,2023-08-28,R32,Dan Alexandru,Tomescu,3-6 2-6,ITF main draw,2023,linked,11592960,1693384200.0,"Bucharest, Singles Main, M-ITF-ROU-10A",ITF Men,Round of 32,Dan Alexandru Tomescu,3.0,2.0,1.0,0.0,1,false,finished,True
P0HY:atp:2023/1755/ms030:M0AA,P0HY,Samuele Pieri,M15 Constanta,FU,2023-09-04,R32,Cayetano,March,3-6 4-6,ITF main draw,2023,linked,11611734,1693911300.0,"Constanta, Singles Main, M-ITF-ROU-03A",ITF Men,Round of 32,Antonio Cayetano March,2.0,2.0,1.0,0.0,2,false,finished,True
P0HY:atp:2023/9451/ms027:P0GP,P0HY,Samuele Pieri,M15 Monastir,FU,2023-09-25,R32,Peter Benjamin,Privara,3-6 2-6,ITF main draw,2023,linked,11687255,1695725400.0,"Monastir, Singles Main, M-ITF-TUN-43A",ITF Men,Round of 32,Peter Benjamin Privara,3.0,2.0,1.0,0.0,2,false,finished,True
P0HY:atp:2023/8346/ms010:C0JX,P0HY,Samuele Pieri,M15 Monastir,FU,2023-10-02,R16,Sean,Cuenin,6-4 3-6 5-7,ITF main draw,2023,unobserved,,,,,,,,,,,,,,False
P0HY:atp:2023/8346/ms020:A0EU,P0HY,Samuele Pieri,M15 Monastir,FU,2023-10-02,R32,Alexandre,Aubriot,6-1 4-6 7-6(1),ITF main draw,2023,linked,11704637,1696327500.0,"Monastir, Singles Main, M-ITF-TUN-46A",ITF Men,Round of 32,Alexandre Aubriot,3.0,2.0,1.0,0.0,1,false,finished,True
P0HY:atp:2023/4459/ms011:P0FY,P0HY,Samuele Pieri,M15 Selva Gardena,FU,2023-10-30,R16,Alessandro,Pecci,3-6 1-6,ITF main draw,2023,unobserved,,,,,,,,,,,,,,False
P0HY:atp:2023/4459/ms022:M0IC,P0HY,Samuele Pieri,M15 Selva Gardena,FU,2023-10-30,R32,Giannicola,Misasi,6-2 6-4,ITF main draw,2023,unobserved,,,,,,,,,,,,,,False
P0HY:itf:1173276937,P0HY,Samuele Pieri,M15 Monastir,FU,2023-11-06,Q2,Fadi,Bidan,1-6 2-6,ITF qualifying,2023,unobserved,,,,,,,,,,,,,,False
P0HY:itf:1173276949,P0HY,Samuele Pieri,M15 Monastir,FU,2023-11-06,Q1,Omar,Hamzaoui,6-1 6-0,ITF qualifying,2023,unobserved,,,,,,,,,,,,,,False
P0HY:atp:2023/8345/ms004:MO35,P0HY,Samuele Pieri,M15 Antalya,FU,2023-11-27,QF,Calin,Manda,7-6(6) 2-6 1-6,ITF main draw,2023,unobserved,,,,,,,,,,,,,,False
P0HY:atp:2023/8345/ms009:M0HO,P0HY,Samuele Pieri,M15 Antalya,FU,2023-11-27,R16,Mihai Razvan,Marinescu,6-0 6-2,ITF main draw,2023,unobserved,,,,,,,,,,,,,,False
P0HY:atp:2023/8345/ms018:G0ND,P0HY,Samuele Pieri,M15 Antalya,FU,2023-11-27,R32,Kanan,Gasimov,6-2 6-3,ITF main draw,2023,unobserved,,,,,,,,,,,,,,False
P0HY:atp:2023/6446/ms003:A0EA,P0HY,Samuele Pieri,M15 Antalya,FU,2023-12-18,SF,Max,Alcala Gurri,7-6(4) 4-6 3-6,ITF main draw,2023,linked,11914008,1703316600.0,"Antalya, Singles Main, M-ITF-TUR-29A",ITF Men,Semifinals,Max Alcala Gurri,3.0,2.0,1.0,0.0,2,false,finished,True
P0HY:atp:2023/6446/ms007:C0FR,P0HY,Samuele Pieri,M15 Antalya,FU,2023-12-18,QF,Federico,Campana,6-4 7-6,ITF main draw,2023,unobserved,,,,,,,,,,,,,,False
P0HY:atp:2023/6446/ms015:N0CJ,P0HY,Samuele Pieri,M15 Antalya,FU,2023-12-18,R16,Petr,Nesterov,6-3 2-6 6-4,ITF main draw,2023,unobserved,,,,,,,,,,,,,,False
P0HY:atp:2023/6446/ms030:J468,P0HY,Samuele Pieri,M15 Antalya,FU,2023-12-18,R32,Alexandru,Jecan,6-2 2-6 6-2,ITF main draw,2023,unobserved,,,,,,,,,,,,,,False
P0HY:atp:2024/4502/ms025:M0N7,P0HY,Samuele Pieri,M25 Antalya,FU,2024-02-05,R32,Daniel,Merida,5-7 4-6,ITF main draw,2024,linked,12046073,1707218700.0,"Antalya, Singles Main, M-ITF-TUR-05A",ITF Men,Round of 32,Daniel Merida,3.0,2.0,1.0,0.0,2,false,finished,True
P0HY:atp:2024/4564/ms006:B0OT,P0HY,Samuele Pieri,M15 Heraklion,FU,2024-03-04,QF,Jacob,Bradshaw,1-6 2-6,ITF main draw,2024,linked,12136253,1709884800.0,"Heraklion, Singles Main, M-ITF-GRE-01A",ITF Men,Quarterfinals,Jacob Bradshaw,3.0,2.0,1.0,0.0,2,false,finished,True
P0HY:atp:2024/4564/ms012:CN70,P0HY,Samuele Pieri,M15 Heraklion,FU,2024-03-04,R16,Nicholas,Campbell,6-4 7-6(3),ITF main draw,2024,linked,12132271,1709798400.0,"Heraklion, Singles Main, M-ITF-GRE-01A",ITF Men,Round of 16,N. Campbell,1.0,2.0,1.0,0.0,1,false,finished,True
P0HY:atp:2024/4564/ms024:KD02,P0HY,Samuele Pieri,M15 Heraklion,FU,2024-03-04,R32,Sergis,Kyratzis,6-1 6-2,ITF main draw,2024,linked,12128273,1709717400.0,"Heraklion, Singles Main, M-ITF-GRE-01A",ITF Men,Round of 32,Sergis Kyratzis,3.0,2.0,1.0,0.0,1,false,finished,True
P0HY:atp:2024/4576/ms009:S0F7,P0HY,Samuele Pieri,M15 Heraklion,FU,2024-03-11,R16,Alexandros,Skorilas,3-6 3-6,ITF main draw,2024,unobserved,,,,,,,,,,,,,,False
P0HY:atp:2024/4576/ms018:E0CI,P0HY,Samuele Pieri,M15 Heraklion,FU,2024-03-11,R32,Sebastian,Eriksson,6-3 6-3,ITF main draw,2024,linked,12150776,1710236400.0,"Heraklion, Singles Main, M-ITF-GRE-02A",ITF Men,Round of 32,Sebastian Eriksson,3.0,2.0,1.0,0.0,2,false,finished,True
P0HY:atp:2024/4597/ms008:T0EI,P0HY,Samuele Pieri,M15 Heraklion,FU,2024-03-18,R16,Aristotelis,Thanos,2-6 4-6,ITF main draw,2024,unobserved,,,,,,,,,,,,,,False
P0HY:atp:2024/4597/ms017:V0G2,P0HY,Samuele Pieri,M15 Heraklion,FU,2024-03-18,R32,Amit,Vales,3-6 6-3 6-2,ITF main draw,2024,unobserved,,,,,,,,,,,,,,False
P0HY:atp:2024/4618/ms003:M0K4,P0HY,Samuele Pieri,M25 Santa Margherita di Pula,FU,2024-04-01,SF,Elmer,Moller,1-6 2-6,ITF main draw,2024,unobserved,,,,,,,,,,,,,,False
P0HY:atp:2024/4618/ms007:KI48,P0HY,Samuele Pieri,M25 Santa Margherita di Pula,FU,2024-04-01,QF,Ergi,Kirkin,6-4 6-1,ITF main draw,2024,unobserved,,,,,,,,,,,,,,False
P0HY:atp:2024/4618/ms014:C0KO,P0HY,Samuele Pieri,M25 Santa Margherita di Pula,FU,2024-04-01,R16,Niccolò,Ciavarella,7-5 6-3,ITF main draw,2024,unobserved,,,,,,,,,,,,,,False
P0HY:atp:2024/4618/ms028:SO20,P0HY,Samuele Pieri,M25 Santa Margherita di Pula,FU,2024-04-01,R32,Jelle,Sels,3-6 6-1 7-6(2),ITF main draw,2024,unobserved,,,,,,,,,,,,,,False
P0HY:atp:2024/4626/ms014:S0RF,P0HY,Samuele Pieri,M25 Santa Margherita di Pula,FU,2024-04-08,R16,Marcello,Serafini,2-6 6-2 2-6,ITF main draw,2024,linked,12233051,1712736000.0,"S. Margherita Di Pula, Singles Main, M-ITF-ITA-04A",ITF Men,Round of 16,Marcello Serafini,3.0,2.0,1.0,0.0,2,false,finished,True
P0HY:atp:2024/4626/ms029:SZ36,P0HY,Samuele Pieri,M25 Santa Margherita di Pula,FU,2024-04-08,R32,Niklas,Schell,7-6(3) 6-0,ITF main draw,2024,unobserved,,,,,,,,,,,,,,False
P0HY:atp:2024/4646/ms010:P0B2,P0HY,Samuele Pieri,M25 Santa Margherita di Pula,FU,2024-04-22,R16,Luca,Potenza,3-6 6-7(1),ITF main draw,2024,linked,12274971,1713950100.0,"S. Margherita Di Pula, Singles Main, M-ITF-ITA-06A",ITF Men,Round of 16,Luca Potenza,3.0,2.0,1.0,0.0,1,false,finished,True
P0HY:atp:2024/4646/ms020:H0CX,P0HY,Samuele Pieri,M25 Santa Margherita di Pula,FU,2024-04-22,R32,Max,Houkes,7-6(6) 7-6(7),ITF main draw,2024,linked,12270306,1713866400.0,"S. Margherita Di Pula, Singles Main, M-ITF-ITA-06A",ITF Men,Round of 32,Max Houkes,3.0,2.0,1.0,0.0,absent,false,finished,False
P0HY:atp:2024/2861/qs014:PH64,P0HY,Samuele Pieri,Cagliari,CH,2024-04-29,Q1,Andrea,Pellegrino,6-4 2-6 0-6,Challenger qualifying,2024,linked,12288603,1714377600.0,"Cagliari, Italy, Qualifying",Challenger,Qualification round 1,Andrea Pellegrino,3.0,2.0,1.0,0.0,1,false,finished,True
P0HY:atp:2024/7707/qs026:D0A2,P0HY,Samuele Pieri,Francavilla al Mare,CH,2024-05-06,Q1,Matthew,Dellavedova,1-6 4-6,Challenger qualifying,2024,linked,12306741,1714917900.0,"Francavilla, Italy, Qualifying",Challenger,Qualification round 1,Matthew Dellavedova,3.0,2.0,1.0,0.0,2,false,finished,True
P0HY:atp:2024/4675/ms030:C0C5,P0HY,Samuele Pieri,M25 Reggio Emilia,FU,2024-05-13,R32,Luciano,Carraro,6-4 2-6 6-7(4),ITF main draw,2024,linked,12330709,1715679000.0,"Reggio Emilia, Singles Main, M-ITF-ITA-08A",ITF Men,Round of 32,Luciano Carraro,3.0,2.0,1.0,0.0,2,false,finished,True
P0HY:atp:2024/4696/ms004:P0FY,P0HY,Samuele Pieri,M15 Cervia,FU,2024-05-20,QF,Alessandro,Pecci,5-7 4-6,ITF main draw,2024,linked,12362486,1716565800.0,"Cervia, Singles Main, M-ITF-ITA-14A",ITF Men,Quarterfinals,Alessandro Pecci,3.0,2.0,1.0,0.0,1,false,finished,True
P0HY:atp:2024/4696/ms008:C0LK,P0HY,Samuele Pieri,M15 Cervia,FU,2024-05-20,R16,Carlo Alberto,Caniato,6-0 5-7 6-2,ITF main draw,2024,linked,12358819,1716475200.0,"Cervia, Singles Main, M-ITF-ITA-14A",ITF Men,Round of 16,Carlo Alberto Caniato,3.0,2.0,1.0,0.0,1,false,finished,True
P0HY:atp:2024/4696/ms017:V0HM,P0HY,Samuele Pieri,M15 Cervia,FU,2024-05-20,R32,Gabriele,Vulpitta,7-6(0) 6-4,ITF main draw,2024,linked,12346747,1716212700.0,"Cervia, Singles Main, M-ITF-ITA-14A",ITF Men,Round of 32,Gabriele Vulpitta,3.0,2.0,1.0,0.0,1,false,finished,True
P0HY:atp:2024/4733/ms004:R0JW,P0HY,Samuele Pieri,M15 Chieti,FU,2024-06-10,QF,Michele,Ribecai,1-6 6-7(3),ITF main draw,2024,linked,12418868,1718277600.0,"Chieti, Singles Main, M-ITF-ITA-10A",ITF Men,Quarterfinals,Michele Ribecai,3.0,2.0,1.0,0.0,2,false,finished,True
P0HY:atp:2024/4733/ms008:P0DR,P0HY,Samuele Pieri,M15 Chieti,FU,2024-06-10,R16,Andrea,Picchione,6-4 6-2,ITF main draw,2024,linked,12415548,1718207700.0,"Chieti, Singles Main, M-ITF-ITA-10A",ITF Men,Round of 16,Andrea Picchione,3.0,2.0,1.0,0.0,1,false,finished,True
P0HY:atp:2024/4733/ms017:O0AX,P0HY,Samuele Pieri,M15 Chieti,FU,2024-06-10,R32,Gian Marco,Ortenzi,7-5 6-3,ITF main draw,2024,linked,12411010,1718091000.0,"Chieti, Singles Main, M-ITF-ITA-10A",ITF Men,Round of 32,Gian Marco Ortenzi,3.0,2.0,1.0,0.0,2,false,finished,True
P0HY:atp:2024/9835/qs020:A887,P0HY,Samuele Pieri,Sassuolo,CH,2024-06-17,Q1,Guido,Andreozzi,0-6 6-3 6-7(4),Challenger qualifying,2024,linked,12288605,1718496000.0,"Sassuolo, Italy, Qualifying",Challenger,Qualification round 1,Guido Andreozzi,3.0,2.0,1.0,0.0,1,false,finished,True
P0HY:atp:2024/900/ms029:C0LK,P0HY,Samuele Pieri,M15 Bergamo,FU,2024-06-24,R32,Carlo Alberto,Caniato,6-4 1-6 6-7(0),ITF main draw,2024,unobserved,,,,,,,,,,,,,,False
P0HY:atp:2024/4168/ms004:A0I1,P0HY,Samuele Pieri,M15 Store,FU,2024-07-01,QF,Bor,Artnak,3-6 2-6,ITF main draw,2024,unobserved,,,,,,,,,,,,,,False
P0HY:atp:2024/4168/ms009:BU64,P0HY,Samuele Pieri,M15 Store,FU,2024-07-01,R16,Nicolas,Bruna,6-2 6-4,ITF main draw,2024,unobserved,,,,,,,,,,,,,,False
P0HY:atp:2024/4168/ms019:K0C5,P0HY,Samuele Pieri,M15 Store,FU,2024-07-01,R32,Admir,Kalender,6-2 6-3,ITF main draw,2024,unobserved,,,,,,,,,,,,,,False
P0HY:atp:2024/9868/ms001:P0JG,P0HY,Samuele Pieri,M15 Gubbio,FU,2024-07-15,F,Gabriele,Pennaforti,0-6 2-6,ITF main draw,2024,unobserved,,,,,,,,,,,,,,False
P0HY:atp:2024/9868/ms003:S0UM,P0HY,Samuele Pieri,M15 Gubbio,FU,2024-07-15,SF,Josip,Simundza,3-6 6-3 6-3,ITF main draw,2024,unobserved,,,,,,,,,,,,,,False
P0HY:atp:2024/9868/ms007:N724,P0HY,Samuele Pieri,M15 Gubbio,FU,2024-07-15,QF,Gabriele Maria,Noce,6-3 6-3,ITF main draw,2024,unobserved,,,,,,,,,,,,,,False
P0HY:atp:2024/9868/ms014:C0KO,P0HY,Samuele Pieri,M15 Gubbio,FU,2024-07-15,R16,Niccolò,Ciavarella,3-6 7-6(7) 6-2,ITF main draw,2024,unobserved,,,,,,,,,,,,,,False
P0HY:atp:2024/9868/ms028:M0K2,P0HY,Samuele Pieri,M15 Gubbio,FU,2024-07-15,R32,Pietro,Marino,2-6 6-2 6-3,ITF main draw,2024,unobserved,,,,,,,,,,,,,,False
P0HY:atp:2024/4180/ms011:M0N4,P0HY,Samuele Pieri,M15 Perugia,FU,2024-07-22,R16,Leonardo,Malgaroli,6-3 6-7(1) 0-2,ITF main draw,2024,linked,12594035,1721907300.0,"Perugia, Singles Main, M-ITF-ITA-18A",ITF Men,Round of 16,Leonardo Malgaroli,3.0,2.0,1.0,0.0,2,false,finished,True
P0HY:atp:2024/4180/ms023:B0PH,P0HY,Samuele Pieri,M15 Perugia,FU,2024-07-22,R32,Jacopo,Bilardo,6-3 6-3,ITF main draw,2024,linked,12585321,1721819100.0,"Perugia, Singles Main, M-ITF-ITA-18A",ITF Men,Round of 32,Jacopo Bilardo,3.0,2.0,1.0,0.0,2,false,finished,True
P0HY:atp:2024/4188/ms030:B0G4,P0HY,Samuele Pieri,M25 Bolzano,FU,2024-07-29,R32,Gabriele,Bosio,3-6 1-6,ITF main draw,2024,linked,12616623,1722258000.0,"Bolzano, Singles Main, M-ITF-ITA-19A",ITF Men,Round of 32,Gabriele Bosio,3.0,2.0,1.0,0.0,2,false,finished,True
P0HY:atp:2024/4420/ms013:G0A0,P0HY,Samuele Pieri,M25 Santa Margherita di Pula,FU,2024-09-23,R16,Andrea,Guerrieri,6-7(3) 0-6,ITF main draw,2024,linked,12895463,1727260800.0,"S. Margherita Di Pula, Singles Main, M-ITF-ITA-29A",ITF Men,Round of 16,Andrea Guerrieri,3.0,2.0,1.0,0.0,1,false,finished,True
P0HY:atp:2024/4420/ms026:M0J6,P0HY,Samuele Pieri,M25 Santa Margherita di Pula,FU,2024-09-23,R32,Kirill,Mishkin,6-1 6-2,ITF main draw,2024,linked,12890119,1727172000.0,"S. Margherita Di Pula, Singles Main, M-ITF-ITA-29A",ITF Men,Round of 32,Kirill Mishkin,3.0,2.0,1.0,0.0,2,false,finished,True
P0HY:atp:2024/4438/ms023:WB19,P0HY,Samuele Pieri,M25 Santa Margherita di Pula,FU,2024-09-30,R32,Alexander,Weis,3-6 3-6,ITF main draw,2024,linked,12919486,1727691900.0,"S. Margherita di Pula, Singles Main, M-ITF-ITA-31A",ITF Men,Round of 32,Alexander Weis,3.0,2.0,1.0,0.0,2,false,finished,True
P0HY:atp:2024/4864/ms007:N0DB,P0HY,Samuele Pieri,M15 Bol,FU,2024-10-14,QF,Andrej,Nedic,2-6 4-6,ITF main draw,2024,linked,12998398,1729238100.0,"Croatia F12, Singles",ITF Men,Quarterfinals,Andrej Nedić,3.0,2.0,0.0,0.0,2,false,finished,True
P0HY:atp:2024/4864/ms014:B0RN,P0HY,Samuele Pieri,M15 Bol,FU,2024-10-14,R16,Kane,Bonsach Ganley,2-6 6-2 6-4,ITF main draw,2024,linked,12992446,1729160400.0,"Croatia F12, Singles",ITF Men,Round of 16,K. Bonsach Ganley,1.0,2.0,0.0,0.0,1,false,finished,True
P0HY:atp:2024/4864/ms028:FA42,P0HY,Samuele Pieri,M15 Bol,FU,2024-10-14,R32,Carlo Alberto,Fossati,6-3 6-2,ITF main draw,2024,linked,12983232,1729071000.0,"Croatia F12, Singles",ITF Men,Round of 32,Carlo Alberto Fossati,3.0,2.0,0.0,0.0,1,false,finished,True
P0HY:atp:2024/4472/ms009:C0NN,P0HY,Samuele Pieri,M15 San Gregorio di Catania,FU,2024-11-04,R16,Gianluca,Cadenasso,4-6 4-6,ITF main draw,2024,linked,13085960,1730972700.0,"San Gregorio di Catania, Singles M, M-ITF-ITA-36A",ITF Men,Round of 16,Gianluca Cadenasso,3.0,2.0,1.0,0.0,1,false,finished,True
P0HY:atp:2024/4472/ms018:I09N,P0HY,Samuele Pieri,M15 San Gregorio di Catania,FU,2024-11-04,R32,Federico,Iannaccone,6-4 2-6 7-6(0),ITF main draw,2024,linked,13080031,1730795400.0,"San Gregorio di Catania, Singles M, M-ITF-ITA-36A",ITF Men,Round of 32,Federico Iannaccone,3.0,2.0,1.0,0.0,1,false,finished,True
P0HY:atp:2024/4881/ms010:T0CU,P0HY,Samuele Pieri,M15 San Gregorio di Catania,FU,2024-11-11,R16,Fausto,Tabacco,3-6 6-7(5),ITF main draw,2024,unobserved,,,,,,,,,,,,,,False
P0HY:atp:2024/4881/ms021:P0JK,P0HY,Samuele Pieri,M15 San Gregorio di Catania,FU,2024-11-11,R32,Noah,Perfetti,6-1 6-2,ITF main draw,2024,unobserved,,,,,,,,,,,,,,False
P0HY:atp:2025/4908/ms027:DH55,P0HY,Samuele Pieri,M15 Valencia,FU,2025-02-03,R32,Michiel,De Krom,0-6 7-5 0-6,ITF main draw,2025,unobserved,,,,,,,,,,,,,,False
P0HY:atp:2025/4918/ms014:A0EA,P0HY,Samuele Pieri,M15 Valencia,FU,2025-02-10,R16,Max,Alcala Gurri,6-3 6-7(5) 3-6,ITF main draw,2025,unobserved,,,,,,,,,,,,,,False
P0HY:atp:2025/4918/ms029:Z0B7,P0HY,Samuele Pieri,M15 Valencia,FU,2025-02-10,R32,Richard,Zusman,4-6 6-0 7-5,ITF main draw,2025,unobserved,,,,,,,,,,,,,,False
P0HY:atp:2025/4552/ms009:D0CN,P0HY,Samuele Pieri,M15 Villena,FU,2025-02-24,R16,Miguel,Damas,3-6 4-6,ITF main draw,2025,unobserved,,,,,,,,,,,,,,False
P0HY:atp:2025/4552/ms018:C0SL,P0HY,Samuele Pieri,M15 Villena,FU,2025-02-24,R32,Enrique,Carrascosa Diaz,6-4 6-4,ITF main draw,2025,unobserved,,,,,,,,,,,,,,False
P0HY:atp:2025/4568/ms026:C0Q4,P0HY,Samuele Pieri,M15 Torello,FU,2025-03-03,R32,Charles,Chen,5-7 2-6,ITF main draw,2025,unobserved,,,,,,,,,,,,,,False
P0HY:atp:2025/4563/ms004:N0DB,P0HY,Samuele Pieri,M15 Porec,FU,2025-03-10,QF,Andrej,Nedic,4-6 1-6,ITF main draw,2025,linked,13607832,1741959000.0,ITF M15 Poreč Men,ITF Men,Quarterfinals,Andrej Nedić,3.0,2.0,1.0,0.0,absent,false,finished,False
P0HY:atp:2025/4563/ms008:D0L3,P0HY,Samuele Pieri,M15 Porec,FU,2025-03-10,R16,Matej,Dodig,6-3 2-6 7-6(3),ITF main draw,2025,unobserved,,,,,,,,,,,,,,False
P0HY:atp:2025/4563/ms017:O0AI,P0HY,Samuele Pieri,M15 Porec,FU,2025-03-10,R32,Dusan,Obradovic,2-6 6-2 6-3,ITF main draw,2025,unobserved,,,,,,,,,,,,,,False
P0HY:atp:2025/4618/ms019:B0PE,P0HY,Samuele Pieri,M25 Santa Margherita di Pula,FU,2025-03-31,R32,Federico,Bondioli,4-6 6-7(5),ITF main draw,2025,linked,13697871,1743421800.0,ITF M25 Santa Margherita di Pula Men,ITF Men,Round of 32,Federico Bondioli,3.0,2.0,1.0,0.0,absent,false,finished,False
P0HY:atp:2025/4626/ms013:S0CG,P0HY,Samuele Pieri,M25 Santa Margherita di Pula,FU,2025-04-07,R16,Carlos,Sanchez Jover,6-2 2-6 3-6,ITF main draw,2025,linked,13735199,1744191000.0,ITF M25 Santa Margherita di Pula 2 Men,ITF Men,Round of 16,Carlos Sanchez Jover,3.0,2.0,1.0,0.0,absent,false,finished,False
P0HY:atp:2025/4626/ms026:M0O0,P0HY,Samuele Pieri,M25 Santa Margherita di Pula,FU,2025-04-07,R32,Daniele,Minighini,6-3 7-6(5),ITF main draw,2025,linked,13731028,1744108200.0,ITF M25 Santa Margherita di Pula 2 Men,ITF Men,Round of 32,Daniele Minighini,3.0,2.0,1.0,0.0,1,false,finished,True
P0HY:atp:2025/4676/ms011:M0DE,P0HY,Samuele Pieri,M15 Prijedor,FU,2025-05-12,R16,Nemanja,Malesevic,4-6 6-3 3-6,ITF main draw,2025,linked,13897002,1747296000.0,ITF M15 Prijedor,ITF Men,Round of 16,Nemanja Malešević,3.0,2.0,1.0,0.0,absent,false,finished,False
P0HY:atp:2025/4676/ms023:S1AC,P0HY,Samuele Pieri,M15 Prijedor,FU,2025-05-12,R32,Dmitry,Kopilevich,6-2 6-4,ITF main draw,2025,linked,13887956,1747135800.0,ITF M15 Prijedor,ITF Men,Round of 32,Dmitry Kopilevich,3.0,2.0,1.0,0.0,absent,false,finished,False
P0HY:atp:2025/4696/ms017:C0LK,P0HY,Samuele Pieri,M25 Cervia,FU,2025-05-19,R32,Carlo Alberto,Caniato,5-7 3-6,ITF main draw,2025,linked,13918167,1747735200.0,ITF M25 Cervia Men,ITF Men,Round of 32,Carlo Alberto Caniato,3.0,2.0,1.0,0.0,absent,false,finished,False
P0HY:atp:2025/4724/ms006:F0CJ,P0HY,Samuele Pieri,M15 Caltanissetta,FU,2025-06-02,QF,Gianmarco,Ferrari,2-6 2-2,ITF main draw,2025,linked,13978532,1749229200.0,ITF M15 Caltanissetta Men,ITF Men,Quarterfinals,Gianmarco Ferrari,3.0,2.0,1.0,0.0,absent,false,finished,False
P0HY:atp:2025/4724/ms012:H0DW,P0HY,Samuele Pieri,M15 Caltanissetta,FU,2025-06-02,R16,Herman,Hoeyeraal,6-4 6-2,ITF main draw,2025,linked,13975006,1749126600.0,ITF M15 Caltanissetta Men,ITF Men,Round of 16,Herman Hoeyeraal,3.0,2.0,1.0,0.0,absent,false,finished,False
P0HY:atp:2025/4724/ms024:W712,P0HY,Samuele Pieri,M15 Caltanissetta,FU,2025-06-02,R32,Kai,Wehnelt,7-6(5) 6-1,ITF main draw,2025,linked,13967330,1748944800.0,ITF M15 Caltanissetta Men,ITF Men,Round of 32,Kai Wehnelt,3.0,2.0,1.0,0.0,absent,false,finished,False
P0HY:atp:2025/4733/ms007:S0W4,P0HY,Samuele Pieri,M15 Messina,FU,2025-06-09,QF,Lorenzo,Sciahbasi,6-2 4-6 3-6,ITF main draw,2025,linked,14000833,1749729600.0,ITF M15 Messina Men,ITF Men,Quarterfinals,Lorenzo Sciahbasi,3.0,2.0,1.0,0.0,1,false,finished,True
P0HY:atp:2025/4733/ms014:M0UQ,P0HY,Samuele Pieri,M15 Messina,FU,2025-06-09,R16,Filippo,Mazzola,6-2 6-4,ITF main draw,2025,linked,13995534,1749654000.0,ITF M15 Messina Men,ITF Men,Round of 16,Filippo Mazzola,3.0,2.0,1.0,0.0,1,false,finished,True
P0HY:atp:2025/4733/ms028:G0I3,P0HY,Samuele Pieri,M15 Messina,FU,2025-06-09,R32,Massimo,Giunta,6-2 6-4,ITF main draw,2025,linked,13988714,1749542400.0,ITF M15 Messina Men,ITF Men,Round of 32,Massimo Giunta,3.0,2.0,1.0,0.0,2,false,finished,True
P0HY:atp:2025/4168/ms031:A0I1,P0HY,Samuele Pieri,M15 Store,FU,2025-06-30,R32,Bor,Artnak,1-6 2-6,ITF main draw,2025,unobserved,,,,,,,,,,,,,,False
P0HY:atp:2025/4127/ms014:R0JW,P0HY,Samuele Pieri,M15 Litija,FU,2025-07-07,R16,Michele,Ribecai,4-6 1-6,ITF main draw,2025,unobserved,,,,,,,,,,,,,,False
P0HY:atp:2025/4127/ms029:M0R4,P0HY,Samuele Pieri,M15 Litija,FU,2025-07-07,R32,Juan Cruz,Martin Manzano,6-1 6-1,ITF main draw,2025,unobserved,,,,,,,,,,,,,,False
P0HY:atp:2025/9868/ms003:P0I6,P0HY,Samuele Pieri,M15 Gubbio,FU,2025-07-14,SF,Gabriele,Piraino,2-6 6-4 2-6,ITF main draw,2025,linked,14218785,1752951600.0,ITF M15 Gubbio Men,ITF Men,Semifinals,Gabriele Piraino,3.0,2.0,1.0,0.0,absent,false,finished,False
P0HY:atp:2025/9868/ms006:G0DD,P0HY,Samuele Pieri,M15 Gubbio,FU,2025-07-14,QF,William,Grant,6-0 6-4,ITF main draw,2025,unobserved,,,,,,,,,,,,,,False
P0HY:atp:2025/9868/ms012:T0FO,P0HY,Samuele Pieri,M15 Gubbio,FU,2025-07-14,R16,Pierre Antoine,Tailleu,6-2 7-6(6),ITF main draw,2025,unobserved,,,,,,,,,,,,,,False
P0HY:atp:2025/9868/ms024:B0PH,P0HY,Samuele Pieri,M15 Gubbio,FU,2025-07-14,R32,Jacopo,Bilardo,3-6 6-2 6-3,ITF main draw,2025,unobserved,,,,,,,,,,,,,,False
P0HY:atp:2025/4986/ms012:WB19,P0HY,Samuele Pieri,M15 Segrate,FU,2025-07-21,R16,Alexander,Weis,3-6 6-3 3-6,ITF main draw,2025,linked,14257801,1753344000.0,ITF M15 Segrate Men,ITF Men,Round of 16,Alexander Weis,3.0,2.0,1.0,0.0,absent,false,finished,False
P0HY:atp:2025/4986/ms025:B0HA,P0HY,Samuele Pieri,M15 Segrate,FU,2025-07-21,R32,Daniel,Bagnolini,6-3 6-3,ITF main draw,2025,linked,14248049,1753263000.0,ITF M15 Segrate Men,ITF Men,Round of 32,Daniel Bagnolini,3.0,2.0,1.0,0.0,2,false,finished,True
P0HY:atp:2025/4377/ms006:P0FJ,P0HY,Samuele Pieri,M15 Curtea de Arges,FU,2025-08-04,QF,Radu Mihai,Papoe,3-6 7-6(6) 0-6,ITF main draw,2025,linked,14379217,1754640000.0,ITF M15 Curtea de Arges Men,ITF Men,Quarterfinals,Radu Mihai Papoe,3.0,2.0,1.0,0.0,absent,false,finished,False
P0HY:atp:2025/4377/ms012:C0SD,P0HY,Samuele Pieri,M15 Curtea de Arges,FU,2025-08-04,R16,Dario Alexandru,Ciobotaru,6-0 6-4,ITF main draw,2025,linked,14367654,1754555400.0,ITF M15 Curtea de Arges Men,ITF Men,Round of 16,Dario Alexandru Ciobotaru,3.0,2.0,1.0,0.0,1,false,finished,True
P0HY:atp:2025/4377/ms024:G0ME,P0HY,Samuele Pieri,M15 Curtea de Arges,FU,2025-08-04,R32,Gabriel,Ghetu,6-3 6-4,ITF main draw,2025,linked,14351894,1754386200.0,ITF M15 Curtea de Arges Men,ITF Men,Round of 32,Gabriel Ghetu,3.0,2.0,1.0,0.0,2,false,finished,True
P0HY:atp:2025/4384/ms001:C0B2,P0HY,Samuele Pieri,M15 Targu Jiu,FU,2025-08-11,F,Cezar,Cretu,2-6 5-7,ITF main draw,2025,linked,14457967,1755415800.0,ITF M15 Targu Jiu Men,ITF Men,Final,Cezar Cretu,3.0,2.0,1.0,0.0,absent,false,finished,False
P0HY:atp:2025/4384/ms003:T0AA,P0HY,Samuele Pieri,M15 Targu Jiu,FU,2025-08-11,SF,Dan Alexandru,Tomescu,6-3 6-2,ITF main draw,2025,linked,14451187,1755336600.0,ITF M15 Targu Jiu Men,ITF Men,Semifinals,Dan Alexandru Tomescu,3.0,2.0,1.0,0.0,absent,false,finished,False
P0HY:atp:2025/4384/ms006:P0MT,P0HY,Samuele Pieri,M15 Targu Jiu,FU,2025-08-11,QF,Cezar Gabriel,Papoe,6-4 6-0,ITF main draw,2025,linked,14436985,1755244800.0,ITF M15 Targu Jiu Men,ITF Men,Quarterfinals,Cezar Gabriel Papoe,3.0,2.0,1.0,0.0,1,false,finished,True
P0HY:atp:2025/4384/ms013:S0R5,P0HY,Samuele Pieri,M15 Targu Jiu,FU,2025-08-11,R16,Ilya,Snitari,2-6 6-4 6-4,ITF main draw,2025,linked,14425195,1755160200.0,ITF M15 Targu Jiu Men,ITF Men,Round of 16,Ilya Snitari,3.0,2.0,1.0,0.0,absent,false,finished,False
P0HY:atp:2025/4384/ms026:P0NV,P0HY,Samuele Pieri,M15 Targu Jiu,FU,2025-08-11,R32,Liviu,Popirlan,6-2 6-0,ITF main draw,2025,linked,14407462,1754994600.0,ITF M15 Targu Jiu Men,ITF Men,Round of 32,Liviu Popirlan,3.0,2.0,1.0,0.0,2,false,finished,True
P0HY:atp:2025/4392/ms001:O639,P0HY,Samuele Pieri,M15 Forli,FU,2025-08-25,F,Giovanni,Oradini,6-1 6-7(0) 6-1,ITF main draw,2025,linked,14576436,1756542600.0,ITF M15 Forli Men,ITF Men,Final,Giovanni Oradini,3.0,2.0,1.0,0.0,absent,false,finished,False
P0HY:atp:2025/4392/ms003:R0K4,P0HY,Samuele Pieri,M15 Forli,FU,2025-08-25,SF,Kasra,Rahmani,7-6(3) 7-5,ITF main draw,2025,linked,14567721,1756467000.0,ITF M15 Forli Men,ITF Men,Semifinals,Kasra Rahmani,3.0,2.0,1.0,0.0,2,false,finished,True
P0HY:atp:2025/4392/ms007:R0B3,P0HY,Samuele Pieri,M15 Forli,FU,2025-08-25,QF,Nicola,Rispoli,3-6 6-4 6-4,ITF main draw,2025,linked,14558753,1756380600.0,ITF M15 Forli Men,ITF Men,Quarterfinals,Nicola Rispoli,3.0,2.0,1.0,0.0,absent,false,finished,False
P0HY:atp:2025/4392/ms014:C0RX,P0HY,Samuele Pieri,M15 Forli,FU,2025-08-25,R16,Lorenzo,Comino,6-4 7-5,ITF main draw,2025,linked,14551060,1756287000.0,ITF M15 Forli Men,ITF Men,Round of 16,Lorenzo Comino,3.0,2.0,1.0,0.0,absent,false,finished,False
P0HY:atp:2025/4392/ms028:S0VZ,P0HY,Samuele Pieri,M15 Forli,FU,2025-08-25,R32,Samuele,Seghetti,7-6(6) 6-0,ITF main draw,2025,linked,14534333,1756125000.0,ITF M15 Forli Men,ITF Men,Round of 32,Samuele Seghetti,3.0,2.0,1.0,0.0,1,false,finished,True
P0HY:atp:2025/7085/qs016:M0EA,P0HY,Samuele Pieri,Biella,CH,2025-09-08,Q1,Pol,Martin Tiffon,4-6 7-5 1-6,Challenger qualifying,2025,linked,14633332,1757237400.0,"Biella, Italy, Qualifying",Challenger,Qualification Round 1,Pol Martin Tiffon,3.0,2.0,1.0,0.0,2,false,finished,True
P0HY:atp:2025/4408/ms010:T0FH,P0HY,Samuele Pieri,M15 Melilla,FU,2025-09-15,R16,Alejandro,Turriziani Alvarez,4-6 4-6,ITF main draw,2025,linked,14704662,1758182400.0,ITF M15 Melilla Men,ITF Men,Round of 16,Alejandro Turriziani Alvarez,3.0,2.0,1.0,0.0,2,false,finished,True
P0HY:atp:2025/4408/ms020:P0LD,P0HY,Samuele Pieri,M15 Melilla,FU,2025-09-15,R32,Alvaro,Peiro Serrano,6-1 6-3,ITF main draw,2025,linked,14692173,1758024000.0,ITF M15 Melilla Men,ITF Men,Round of 32,Alvaro Peiro Serrano,3.0,2.0,1.0,0.0,absent,false,finished,False
P0HY:atp:2025/4791/ms005:P0NT,P0HY,Samuele Pieri,M15 Slovenj Gradec,FU,2025-09-22,QF,Piet Luis,Pinter,7-5 4-6 6-7(3),ITF main draw,2025,unobserved,,,,,,,,,,,,,,False
P0HY:atp:2025/4791/ms010:S1AJ,P0HY,Samuele Pieri,M15 Slovenj Gradec,FU,2025-09-22,R16,Ziga,Sesko,6-3 7-6(6),ITF main draw,2025,unobserved,,,,,,,,,,,,,,False
P0HY:atp:2025/4791/ms020:A0HZ,P0HY,Samuele Pieri,M15 Slovenj Gradec,FU,2025-09-22,R32,Lorenzo,Angelini,6-2 6-0,ITF main draw,2025,unobserved,,,,,,,,,,,,,,False
P0HY:atp:2025/4444/ms021:A0HZ,P0HY,Samuele Pieri,M25 Santa Margherita di Pula,FU,2025-09-29,R32,Lorenzo,Angelini,2-6 1-6,ITF main draw,2025,unobserved,,,,,,,,,,,,,,False
P0HY:atp:2025/4863/ms018:P0O9,P0HY,Samuele Pieri,M15 Offenbach,FU,2025-10-13,R32,Mika,Petkovic,3-6 1-6,ITF main draw,2025,unobserved,,,,,,,,,,,,,,False
P0HY:atp:2025/5169/ms019:S0H9,P0HY,Samuele Pieri,M25 Sheffield,FU,2025-10-20,R32,James,Story,3-6 3-6,ITF main draw,2025,unobserved,,,,,,,,,,,,,,False
P0HY:atp:2025/4459/ms020:F0GU,P0HY,Samuele Pieri,M15 Selva Gardena,FU,2025-10-27,R32,Matteo,Fondriest,4-6 2-6,ITF main draw,2025,unobserved,,,,,,,,,,,,,,False
P0HY:atp:2025/8335/ms003:G0EU,P0HY,Samuele Pieri,M15 Antalya,FU,2025-11-10,SF,Felix,Gill,3-6 6-4 2-6,ITF main draw,2025,linked,15102719,1763190000.0,ITF M15 Antalya 15 Men,ITF Men,Semifinals,Felix Gill,3.0,2.0,1.0,0.0,absent,false,finished,False
P0HY:atp:2025/8335/ms006:Y0BB,P0HY,Samuele Pieri,M15 Antalya,FU,2025-11-10,QF,Ali,Yazdani,3-6 6-2 6-1,ITF main draw,2025,linked,15049981,1763101800.0,ITF M15 Antalya 15 Men,ITF Men,Quarterfinals,Ali Yazdani,3.0,2.0,1.0,0.0,absent,false,finished,False
P0HY:atp:2025/8335/ms013:M0HO,P0HY,Samuele Pieri,M15 Antalya,FU,2025-11-10,R16,Mihai Razvan,Marinescu,6-4 6-1,ITF main draw,2025,linked,15040203,1763015400.0,ITF M15 Antalya 15 Men,ITF Men,Round of 16,Mihai Razvan Marinescu,3.0,2.0,1.0,0.0,2,false,finished,True
P0HY:atp:2025/8335/ms027:O0BE,P0HY,Samuele Pieri,M15 Antalya,FU,2025-11-10,R32,Oleksandr,Ovcharenko,6-1 6-1,ITF main draw,2025,unobserved,,,,,,,,,,,,,,False
P0HY:atp:2025/9450/ms001:G0EU,P0HY,Samuele Pieri,M25 Antalya,FU,2025-11-17,F,Felix,Gill,2-6 1-6,ITF main draw,2025,linked,15134945,1763884800.0,ITF M25 Antalya 16 Men,ITF Men,Final,Felix Gill,3.0,2.0,1.0,0.0,absent,false,finished,False
P0HY:atp:2025/9450/ms003:A0J5,P0HY,Samuele Pieri,M25 Antalya,FU,2025-11-17,SF,Stefan Adrian,Andreescu,6-1 6-4,ITF main draw,2025,linked,15130874,1763798400.0,ITF M25 Antalya 16 Men,ITF Men,Semifinals,Stefan Adrian Andreescu,3.0,2.0,1.0,0.0,absent,false,finished,False
P0HY:atp:2025/9450/ms006:O0BE,P0HY,Samuele Pieri,M25 Antalya,FU,2025-11-17,QF,Oleksandr,Ovcharenko,6-4 6-4,ITF main draw,2025,linked,15127065,1763708400.0,ITF M25 Antalya 16 Men,ITF Men,Quarterfinals,Oleksandr Ovcharenko,3.0,2.0,1.0,0.0,absent,false,finished,False
P0HY:atp:2025/9450/ms012:Y0BB,P0HY,Samuele Pieri,M25 Antalya,FU,2025-11-17,R16,Ali,Yazdani,6-2 6-2,ITF main draw,2025,linked,15122985,1763627400.0,ITF M25 Antalya 16 Men,ITF Men,Round of 16,Ali Yazdani,3.0,2.0,1.0,0.0,absent,false,finished,False
P0HY:atp:2025/9450/ms024:KI71,P0HY,Samuele Pieri,M25 Antalya,FU,2025-11-17,R32,Kirill,Kivattsev,6-4 6-3,ITF main draw,2025,linked,15116263,1763551800.0,ITF M25 Antalya 16 Men,ITF Men,Round of 32,Kirill Kivattsev,3.0,2.0,1.0,0.0,2,false,finished,True
P0HY:atp:2025/8348/ms013:MW54,P0HY,Samuele Pieri,M15 Antalya,FU,2025-12-01,R16,Dragos Nicolae,Madaras,0-6 3-6,ITF main draw,2025,linked,15178382,1764836160.0,ITF M15 Antalya 16 Men,ITF Men,Round of 16,Dragos Nicolae Madaras,3.0,2.0,1.0,0.0,2,false,finished,True
P0HY:atp:2025/8348/ms027:C0KO,P0HY,Samuele Pieri,M15 Antalya,FU,2025-12-01,R32,Niccolò,Ciavarella,6-2 6-2,ITF main draw,2025,linked,15172434,1764756000.0,ITF M15 Antalya 16 Men,ITF Men,Round of 32,Niccolo Ciavarella,3.0,2.0,1.0,0.0,2,false,finished,True
P0HY:atp:2025/6442/ms015:H0GW,P0HY,Samuele Pieri,M15 Antalya,FU,2025-12-08,R16,Michel,Hopp,1-6 7-5 4-6,ITF main draw,2025,linked,15205544,1765434600.0,ITF M15 Antalya 17 Men,ITF Men,Round of 16,Michel Hopp,3.0,2.0,1.0,0.0,1,false,finished,True
P0HY:atp:2025/6442/ms031:D0IF,P0HY,Samuele Pieri,M15 Antalya,FU,2025-12-08,R32,Dmitry,Dolzhenkov,6-2 6-0,ITF main draw,2025,linked,15196747,1765350000.0,ITF M15 Antalya 17 Men,ITF Men,Round of 32,Dmitry Dolzhenkov,3.0,2.0,1.0,0.0,1,false,finished,True
P0HY:atp:2025/6446/ms001:N561,P0HY,Samuele Pieri,M15 Antalya,FU,2025-12-15,F,Ivan,Nedelko,6-1 6-1,ITF main draw,2025,linked,15255239,1766323800.0,ITF M15 Antalya 18 Men,ITF Men,Final,Ivan Nedelko,3.0,2.0,1.0,0.0,2,false,finished,True
P0HY:atp:2025/6446/ms002:C0HX,P0HY,Samuele Pieri,M15 Antalya,FU,2025-12-15,SF,Ozan,Baris,6-4 6-2,ITF main draw,2025,linked,15251455,1766214000.0,ITF M15 Antalya 18 Men,ITF Men,Semifinals,Ozan Baris,3.0,2.0,1.0,0.0,absent,false,finished,False
P0HY:atp:2025/6446/ms004:W0F2,P0HY,Samuele Pieri,M15 Antalya,FU,2025-12-15,QF,Alexander,Wagner,4-6 6-0 6-1,ITF main draw,2025,linked,15248521,1766135700.0,ITF M15 Antalya 18 Men,ITF Men,Quarterfinals,Alexander Wagner,3.0,2.0,1.0,0.0,absent,false,finished,False
P0HY:atp:2025/6446/ms008:F0C4,P0HY,Samuele Pieri,M15 Antalya,FU,2025-12-15,R16,Diego,Fernandez Flores,7-6(4) 6-3,ITF main draw,2025,linked,15235075,1766046600.0,ITF M15 Antalya 18 Men,ITF Men,Round of 16,Diego Fernandez Flores,3.0,2.0,1.0,0.0,1,true,finished,True
P0HY:atp:2025/6446/ms016:H0GW,P0HY,Samuele Pieri,M15 Antalya,FU,2025-12-15,R32,Michel,Hopp,6-4 6-1,ITF main draw,2025,linked,15225272,1765965600.0,ITF M15 Antalya 18 Men,ITF Men,Round of 32,Michel Hopp,3.0,2.0,1.0,0.0,absent,false,finished,False
P0HY:atp:2026/4502/ms014:W0F8,P0HY,Samuele Pieri,M15 Antalya,FU,2026-02-02,R16,Alan,Wazny,6-7(8) 4-6,ITF main draw,2026,unobserved,,,,,,,,,,,,,,False
P0HY:atp:2026/4502/ms028:A0NF,P0HY,Samuele Pieri,M15 Antalya,FU,2026-02-02,R32,Erkut,Aydin,6-3 6-4,ITF main draw,2026,linked,15472044,1770186600.0,ITF M15 Antalya 2 Men,ITF Men,Round of 32,Erkut Aydin,3.0,2.0,1.0,0.0,2,false,finished,True
P0HY:atp:2026/4530/ms002:B0C0,P0HY,Samuele Pieri,M25 Antalya,FU,2026-02-09,SF,Adrian,Boitan,2-6 2-6,ITF main draw,2026,unobserved,,,,,,,,,,,,,,False
P0HY:atp:2026/4530/ms004:RB60,P0HY,Samuele Pieri,M25 Antalya,FU,2026-02-09,QF,Oriol,Roca Batalla,6-4 5-7 6-4,ITF main draw,2026,unobserved,,,,,,,,,,,,,,False
P0HY:atp:2026/4530/ms008:KG49,P0HY,Samuele Pieri,M25 Antalya,FU,2026-02-09,R16,Denis,Klok,6-4 6-3,ITF main draw,2026,unobserved,,,,,,,,,,,,,,False
P0HY:atp:2026/4530/ms016:J09X,P0HY,Samuele Pieri,M25 Antalya,FU,2026-02-09,R32,Filip Cristian,Jianu,3-6 6-2 6-4,ITF main draw,2026,unobserved,,,,,,,,,,,,,,False
P0HY:atp:2026/2913/ms023:K0EP,P0HY,Samuele Pieri,Kigali 1,CH,2026-03-02,R32,Jerome,Kym,7-6(3) 4-6 4-6,Challenger main draw,2026,linked,15645698,1772543100.0,"Kigali, Rwanda",Challenger,Round of 32,Jerome Kym,3.0,2.0,1.0,0.0,2,false,finished,True
P0HY:atp:2026/2913/qs012:M09M,P0HY,Samuele Pieri,Kigali 1,CH,2026-03-02,Q2,Ivan,Marrero Curbelo,4-6 7-5 6-4,Challenger qualifying,2026,linked,15640374,1772438400.0,"Kigali, Rwanda, Qualifying",Challenger,Qualification Final,Ivan Marrero Curbelo,3.0,1.0,1.0,0.0,2,false,finished,True
P0HY:atp:2026/2913/qs024:W0AJ,P0HY,Samuele Pieri,Kigali 1,CH,2026-03-02,Q1,Seita,Watanabe,6-1 6-4,Challenger qualifying,2026,unobserved,,,,,,,,,,,,,,False
P0HY:atp:2026/2915/qs020:DH46,P0HY,Samuele Pieri,Kigali 2,CH,2026-03-09,Q1,Alexander,Donski,6-7(3) 4-6,Challenger qualifying,2026,linked,15681765,1772970300.0,"Kigali 2, Rwanda, Qualifying",Challenger,Qualification Round 1,Alexander Donski,3.0,2.0,1.0,0.0,2,false,finished,True
P0HY:atp:2026/9472/ms026:M0E1,P0HY,Samuele Pieri,Zadar,CH,2026-03-16,R32,Daniel,Michalski,3-6 0-6,Challenger main draw,2026,linked,15756791,1773756600.0,"Zadar, Croatia",Challenger,Round of 32,Daniel Michalski,3.0,2.0,1.0,0.0,2,false,finished,True
P0HY:atp:2026/9472/qs013:C0MH,P0HY,Samuele Pieri,Zadar,CH,2026-03-16,Q2,Gerard,Campana Lee,6-4 5-7 6-4,Challenger qualifying,2026,linked,15739316,1773651600.0,"Zadar, Croatia, Qualifying",Challenger,Qualification Final,Gerard Campana Lee,3.0,1.0,1.0,0.0,1,false,finished,True
P0HY:atp:2026/9472/qs026:R0K3,P0HY,Samuele Pieri,Zadar,CH,2026-03-16,Q1,Fran,Rakonic,6-1 6-0,Challenger qualifying,2026,linked,15736409,1773565200.0,"Zadar, Croatia, Qualifying",Challenger,Qualification Round 1,Fran Rakonić,3.0,2.0,1.0,0.0,1,false,finished,True
P0HY:atp:2026/2955/ms031:D0C1,P0HY,Samuele Pieri,Alicante (Montemar),CH,2026-03-23,R32,Jesper,de Jong,7-5 1-6 6-7(2),Challenger main draw,2026,linked,15856215,1774350000.0,"Montemar, Spain",Challenger,Round of 32,Jesper De Jong,3.0,2.0,1.0,0.0,1,false,finished,True
P0HY:atp:2026/2955/qs011:Y171,P0HY,Samuele Pieri,Alicante (Montemar),CH,2026-03-23,Q2,Denis,Yevseyev,6-2 1-6 7-5,Challenger qualifying,2026,linked,15848922,1774260000.0,"Montemar, Spain, Qualifying",Challenger,Qualification Final,Denis Yevseyev,3.0,1.0,1.0,0.0,1,false,finished,True
P0HY:atp:2026/2955/qs023:B0HF,P0HY,Samuele Pieri,Alicante (Montemar),CH,2026-03-23,Q1,Diego Augusto,Barreto Sanchez,6-3 7-5,Challenger qualifying,2026,linked,15844283,1774173600.0,"Montemar, Spain, Qualifying",Challenger,Qualification Round 1,Diego Augusto Barreto Sanchez,3.0,2.0,1.0,0.0,1,false,finished,True
P0HY:atp:2026/2987/qs021:P0EV,P0HY,Samuele Pieri,Menorca,CH,2026-03-30,Q1,Andrew,Paulson,5-7 4-6,Challenger qualifying,2026,linked,15900839,1774866000.0,"Menorca, Spain, Qualifying",Challenger,Qualification Round 1,Andrew Paulson,3.0,2.0,1.0,0.0,2,false,finished,True
P0HY:atp:2026/4626/ms014:P0O9,P0HY,Samuele Pieri,M25 Santa Margherita di Pula,FU,2026-04-06,R16,Mika,Petkovic,1-6 0-6,ITF main draw,2026,linked,15971609,1775637706.0,ITF M25 Santa Margherita di Pula 2 Men,ITF Men,Round of 16,Mika Petković,3.0,2.0,1.0,0.0,absent,false,finished,False
P0HY:atp:2026/4626/ms028:C0BB,P0HY,Samuele Pieri,M25 Santa Margherita di Pula,FU,2026-04-06,R32,Tommaso,Compagnucci,6-4 6-4,ITF main draw,2026,linked,15960027,1775561270.0,ITF M25 Santa Margherita di Pula 2 Men,ITF Men,Round of 32,Tommaso Compagnucci,3.0,2.0,1.0,0.0,absent,false,finished,False
P0HY:atp:2026/7736/ms018:O0BR,P0HY,Samuele Pieri,Shymkent 1,CH,2026-04-20,R32,Daniil,Ostapenkov,4-6 7-5 6-7(6),Challenger main draw,2026,linked,16040417,1776747600.0,"Shymkent, Kazakhstan",Challenger,Round of 32,Daniil Ostapenkov,3.0,2.0,1.0,0.0,1,false,finished,True
P0HY:atp:2026/9192/ms012:G0IW,P0HY,Samuele Pieri,Shymkent 2,CH,2026-04-27,R16,Antoine,Ghibaudo,7-5 2-6 3-6,Challenger main draw,2026,linked,16050504,1777447200.0,"Shymkent 2, Kazakhstan",Challenger,Round of 16,Antoine Ghibaudo,3.0,2.0,1.0,0.0,1,false,finished,True
P0HY:atp:2026/9192/ms025:W0BB,P0HY,Samuele Pieri,Shymkent 2,CH,2026-04-27,R32,Max,Wiskandt,6-4 6-1,Challenger main draw,2026,linked,16070256,1777283400.0,"Shymkent 2, Kazakhstan",Challenger,Round of 32,Max Wiskandt,3.0,2.0,1.0,0.0,2,false,finished,True
P0HY:atp:2026/4675/ms004:G0A0,P0HY,Samuele Pieri,M25 Reggio Emilia,FU,2026-05-11,QF,Andrea,Guerrieri,5-7 3-6,ITF main draw,2026,unobserved,,,,,,,,,,,,,,False
P0HY:atp:2026/4675/ms009:P0FV,P0HY,Samuele Pieri,M25 Reggio Emilia,FU,2026-05-11,R16,Filip Jeff,Planinsek,6-2 6-2,ITF main draw,2026,linked,16171608,1778672424.0,ITF M25 Reggio Emilia Men,ITF Men,Round of 16,Filip Jeff Planin­šek,3.0,2.0,1.0,0.0,1,false,finished,True
P0HY:atp:2026/4675/ms019:B0QK,P0HY,Samuele Pieri,M25 Reggio Emilia,FU,2026-05-11,R32,Lorenzo,Beraldo,6-4 6-1,ITF main draw,2026,linked,16165460,1778584308.0,ITF M25 Reggio Emilia Men,ITF Men,Round of 32,Lorenzo Beraldo,3.0,2.0,1.0,0.0,absent,false,finished,False
P0HY:atp:2026/5295/ms001:SR81,P0HY,Samuele Pieri,M15 Klagenfurt,FU,2026-05-18,F,Khumoyun,Sultanov,6-1 6-2,ITF main draw,2026,unobserved,,,,,,,,,,,,,,False
P0HY:atp:2026/5295/ms003:K0DP,P0HY,Samuele Pieri,M15 Klagenfurt,FU,2026-05-18,SF,Oleksii,Krutykh,7-5 6-3,ITF main draw,2026,unobserved,,,,,,,,,,,,,,False
P0HY:atp:2026/5295/ms007:S0S9,P0HY,Samuele Pieri,M15 Klagenfurt,FU,2026-05-18,QF,Dimitris,Sakellaridis,6-4 7-6(3),ITF main draw,2026,unobserved,,,,,,,,,,,,,,False
P0HY:atp:2026/5295/ms015:H0I7,P0HY,Samuele Pieri,M15 Klagenfurt,FU,2026-05-18,R16,Nico,Hipfl,7-6(4) 7-5,ITF main draw,2026,unobserved,,,,,,,,,,,,,,False
P0HY:atp:2026/5295/ms031:S0I7,P0HY,Samuele Pieri,M15 Klagenfurt,FU,2026-05-18,R32,Pietro Romeo,Scomparin,7-6(5) 7-6(5),ITF main draw,2026,unobserved,,,,,,,,,,,,,,False
P0HY:atp:2026/7015/ms009:D0LJ,P0HY,Samuele Pieri,Vicenza,CH,2026-05-25,R16,Diego,Dedura,2-6 3-6,Challenger main draw,2026,linked,16208063,1779894000.0,"Vicenza, Italy",Challenger,Round of 16,Diego Dedura-Palomero,2.0,2.0,1.0,0.0,1,false,finished,True
P0HY:atp:2026/7015/ms019:K0EP,P0HY,Samuele Pieri,Vicenza,CH,2026-05-25,R32,Jerome,Kym,6-1 7-6(3),Challenger main draw,2026,unobserved,,,,,,,,,,,,,,False
P0HY:atp:2026/7015/qs011:N0CJ,P0HY,Samuele Pieri,Vicenza,CH,2026-05-25,Q2,Petr,Nesterov,6-3 6-4,Challenger qualifying,2026,unobserved,,,,,,,,,,,,,,False
P0HY:atp:2026/7015/qs023:B0TF,P0HY,Samuele Pieri,Vicenza,CH,2026-05-25,Q1,Alessandro,Battiston,6-1 6-4,Challenger qualifying,2026,unobserved,,,,,,,,,,,,,,False
P0HY:atp:2026/3085/ms021:RB60,P0HY,Samuele Pieri,Cattolica,CH,2026-06-08,R32,Oriol,Roca Batalla,5-7 3-6,Challenger main draw,2026,linked,16295194,1781014500.0,"Cattolica, Italy",Challenger,Round of 32,Oriol Roca Batalla,3.0,2.0,1.0,0.0,2,false,finished,True
P0HY:atp:2026/3085/qs012:F0A4,P0HY,Samuele Pieri,Cattolica,CH,2026-06-08,Q2,Francesco,Forti,6-7(2) 6-7(5),Challenger qualifying,2026,linked,16291731,1780916400.0,"Cattolica, Italy, Qualifying",Challenger,Qualification Final,Francesco Forti,3.0,1.0,1.0,0.0,2,false,finished,True
P0HY:atp:2026/3085/qs025:O639,P0HY,Samuele Pieri,Cattolica,CH,2026-06-08,Q1,Giovanni,Oradini,1-6 7-6(7) 6-4,Challenger qualifying,2026,linked,16286917,1780835700.0,"Cattolica, Italy, Qualifying",Challenger,Qualification Round 1,Giovanni Oradini,3.0,2.0,1.0,0.0,2,false,finished,True
P0HY:atp:2026/4159/ms007:R0ED,P0HY,Samuele Pieri,M25 Brussels,FU,2026-06-22,QF,Max Hans,Rehberg,2-6 6-3 1-6,ITF main draw,2026,linked,16393284,1782490252.0,ITF M25 Brussels Men,ITF Men,Quarterfinals,Max Hans Rehberg,3.0,2.0,1.0,0.0,absent,false,finished,False
P0HY:atp:2026/4159/ms015:H0EH,P0HY,Samuele Pieri,M25 Brussels,FU,2026-06-22,R16,Tim,Handel,6-1 7-6(7),ITF main draw,2026,linked,16388084,1782407361.0,ITF M25 Brussels Men,ITF Men,Round of 16,Tim Handel,3.0,2.0,1.0,0.0,absent,false,finished,False
P0HY:atp:2026/4159/ms031:W712,P0HY,Samuele Pieri,M25 Brussels,FU,2026-06-22,R32,Kai,Wehnelt,3-6 6-3 6-1,ITF main draw,2026,linked,16381167,1782291537.0,ITF M25 Brussels Men,ITF Men,Round of 32,Kai Wehnelt,3.0,2.0,1.0,0.0,absent,false,finished,False
P0HY:atp:2026/1214/ms020:F0F4,P0HY,Samuele Pieri,Troyes,CH,2026-06-29,R32,Kilian,Feldbausch,2-6 2-6,Challenger main draw,2026,linked,16402097,1782814500.0,"Troyes, France",Challenger,Round of 32,Kilian Feldbausch,3.0,2.0,1.0,0.0,1,false,finished,True
P0HY:atp:2026/526/ms027:K0FY,P0HY,Samuele Pieri,Braunschweig,CH,2026-07-06,R32,Martin,Krumich,5-7 6-4 3-6,Challenger main draw,2026,linked,16462677,1783431900.0,"Braunschweig, Germany",Challenger,Round of 32,Martin Krumich,3.0,2.0,1.0,0.0,1,false,finished,True
P0HY:atp:2026/526/qs012:M0AC,P0HY,Samuele Pieri,Braunschweig,CH,2026-07-06,Q2,Rudolf,Molleker,1-6 6-4 3-6,Challenger qualifying,2026,linked,16450513,1783330200.0,"Braunschweig, Germany, Qualifying",Challenger,Qualification Final,Rudolf Molleker,3.0,1.0,1.0,0.0,2,false,finished,True
P0HY:atp:2026/526/qs024:L0CH,P0HY,Samuele Pieri,Braunschweig,CH,2026-07-06,Q1,Noel,Larwig,7-5 7-5,Challenger qualifying,2026,linked,16444799,1783238400.0,"Braunschweig, Germany, Qualifying",Challenger,Qualification Round 1,Noel Larwig,3.0,2.0,1.0,0.0,2,false,finished,True
P0HY:atp:2026/2120/qs022:T0FK,P0HY,Samuele Pieri,Cordenons,CH,2026-07-13,Q1,Giorgio,Tabacco,5-7 4-6,Challenger qualifying,2026,linked,16496528,1783856400.0,"Cordenons, Italy, Qualifying",Challenger,Qualifications,Giorgio Tabacco,3.0,1.0,1.0,0.0,2,false,finished,True
P0HY:atp:2026/2785/qs025:N0CJ,P0HY,Samuele Pieri,Zug,CH,2026-07-20,Q1,Petr,Nesterov,3-6 7-6(3) 5-7,Challenger qualifying,2026,linked,16565218,1784468100.0,"Zug, Switzerland, Qualifying",Challenger,Qualification Round 1,Pyotr Nesterov,1.0,2.0,0.0,0.0,2,false,finished,True
P0HY:atp:2026/2935/ms011:GJ16,P0HY,Samuele Pieri,Bonn,CH,2026-07-27,R16,Federico Agustin,Gomez,3-6 3-6,Challenger main draw,2026,linked,16593402,1785402000.0,"Bonn, Germany",Challenger,Round of 16,Federico Agustin Gomez,3.0,2.0,1.0,0.0,2,false,finished,True
P0HY:atp:2026/2935/ms022:B0QC,P0HY,Samuele Pieri,Bonn,CH,2026-07-27,R32,Gilles Arnaud,Bailly,6-2 6-3,Challenger main draw,2026,linked,16644533,1785243900.0,"Bonn, Germany",Challenger,Round of 32,Gilles Arnaud Bailly,3.0,2.0,1.0,0.0,2,false,finished,True
P0HY:atp:2026/2935/qs011:L0DB,P0HY,Samuele Pieri,Bonn,CH,2026-07-27,Q2,Giuseppe,La Vela,6-3 2-6 6-2,Challenger qualifying,2026,linked,16635517,1785142800.0,"Bonn, Germany, Qualifying",Challenger,Qualification Final,Giuseppe La Vela,3.0,1.0,1.0,0.0,1,false,finished,True
P0HY:atp:2026/2935/qs023:K0IV,P0HY,Samuele Pieri,Bonn,CH,2026-07-27,Q1,Moritz,Kudernatsch,6-4 6-1,Challenger qualifying,2026,linked,16629305,1785056400.0,"Bonn, Germany, Qualifying",Challenger,Qualification Round 1,Moritz Kudernatsch,3.0,2.0,1.0,0.0,1,false,finished,True
P0HY:atp:2026/3169/ms008:C0MH,P0HY,Samuele Pieri,Plovdiv 2,CH,2026-08-03,R16,Gerard,Campana Lee,7-5 5-7 1-6,Challenger main draw,2026,linked,16661835,1786017600.0,"Plovdiv 2, Bulgaria",Challenger,Round of 16,Gerard Campana Lee,3.0,2.0,1.0,0.0,2,false,finished,True
P0HY:atp:2026/3169/ms016:B0FI,P0HY,Samuele Pieri,Plovdiv 2,CH,2026-08-03,R32,Pedro,Boscardin Dias,6-3 0-6 6-4,Challenger main draw,2026,linked,16693902,1785859800.0,"Plovdiv 2, Bulgaria",Challenger,Round of 32,Pedro Boscardin Dias,3.0,2.0,1.0,0.0,2,false,finished,True
P0HY:atp:2026/8297/qs020:Z239,P0HY,Samuele Pieri,Hamburg,CH,2026-08-10,Q1,Federico,Zeballos,6-3 3-6 4-6,Challenger qualifying,2026,linked,16764318,1786269600.0,"Hamburg, Germany, Qualifying",Challenger,Qualification Round 1,Federico Zeballos,3.0,2.0,1.0,0.0,2,false,finished,True
P0HY:atp:2026/4182/ms015:G0LR,P0HY,Samuele Pieri,M25 Slovenj Gradec,FU,2026-08-17,R16,Jonas,Gundacker,6-2 2-6 3-6,ITF main draw,2026,linked,16869981,1787228479.0,ITF M25 Slovenj Gradec Men,ITF Men,Round of 16,Jonas Gundacker,3.0,2.0,1.0,0.0,1,false,finished,True
P0HY:atp:2026/4182/ms031:V0GB,P0HY,Samuele Pieri,M25 Slovenj Gradec,FU,2026-08-17,R32,Miha,Vetrih,6-1 6-0,ITF main draw,2026,linked,16863388,1787151206.0,ITF M25 Slovenj Gradec Men,ITF Men,Round of 32,Miha Vetrih,3.0,2.0,1.0,0.0,absent,false,finished,False
P0HY:atp:2026/4176/ms001:D0I0,P0HY,Samuele Pieri,M25 Maribor,FU,2026-08-24,F,Sebastian,Dominko,6-4 3-6 4-6,ITF main draw,2026,unobserved,,,,,,,,,,,,,,False
P0HY:atp:2026/4176/ms002:S0QZ,P0HY,Samuele Pieri,M25 Maribor,FU,2026-08-24,SF,Sebastian,Sorger,4-6 6-2 6-4,ITF main draw,2026,unobserved,,,,,,,,,,,,,,False
P0HY:atp:2026/4176/ms004:D0JZ,P0HY,Samuele Pieri,M25 Maribor,FU,2026-08-24,QF,Andrea,De Marchi,6-1 6-1,ITF main draw,2026,unobserved,,,,,,,,,,,,,,False
P0HY:atp:2026/4176/ms008:T0HW,P0HY,Samuele Pieri,M25 Maribor,FU,2026-08-24,R16,Nicolo,Toffanin,6-1 7-5,ITF main draw,2026,unobserved,,,,,,,,,,,,,,False
P0HY:atp:2026/4176/ms016:D0N2,P0HY,Samuele Pieri,M25 Maribor,FU,2026-08-24,R32,Theodore,Dean,6-2 6-1,ITF main draw,2026,linked,16876540,1787317200.0,ITF M25 Maribor Men,ITF Men,Round of 32,Theodore Dean,3.0,2.0,1.0,1.0,absent,false,finished,False
P0HY:atp:2026/7085/ms010:B0GY,P0HY,Samuele Pieri,Biella,CH,2026-09-14,R16,Alex,Barrena,1-6 3-6,Challenger main draw,2026,unobserved,,,,,,,,,,,,,,False
P0HY:atp:2026/7085/ms021:P0I6,P0HY,Samuele Pieri,Biella,CH,2026-09-14,R32,Gabriele,Piraino,5-7 6-2 7-5,Challenger main draw,2026,unobserved,,,,,,,,,,,,,,False
P0I6:atp:2021/6294/ms015:A0AB,P0I6,Gabriele Piraino,M15 Antalya,FU,2021-05-03,R16,Adrian,Andreev,3-6 2-6,ITF main draw,2021,linked,9507168,1620301200.0,"Antalya, Singles M-ITF-TUR-18A",ITF Men,Round of 16,Adrian Andreev,3.0,2.0,1.0,0.0,1,false,finished,True
P0I6:atp:2021/6294/ms030:TD55,P0I6,Gabriele Piraino,M15 Antalya,FU,2021-05-03,R32,Renta,Tokuda,3-6 6-4,ITF main draw,2021,linked,9505552,1620223500.0,"Antalya, Singles M-ITF-TUR-18A",ITF Men,Round of 32,Renta Tokuda,3.0,2.0,1.0,0.0,2,false,finished,True
P0I6:atp:2021/8214/ms002:BH80,P0I6,Gabriele Piraino,M15 Perugia,FU,2021-07-19,SF,Andrea,Basso,2-6 1-6,ITF main draw,2021,unobserved,,,,,,,,,,,,,,False
P0I6:atp:2021/8214/ms005:P0FY,P0I6,Gabriele Piraino,M15 Perugia,FU,2021-07-19,QF,Alessandro,Pecci,6-7(2) 7-6(6) 6-1,ITF main draw,2021,unobserved,,,,,,,,,,,,,,False
P0I6:atp:2021/8214/ms011:M0K2,P0I6,Gabriele Piraino,M15 Perugia,FU,2021-07-19,R16,Pietro,Marino,7-6(10) 6-4,ITF main draw,2021,unobserved,,,,,,,,,,,,,,False
P0I6:atp:2021/8214/ms023:GF20,P0I6,Gabriele Piraino,M15 Perugia,FU,2021-07-19,R32,Davide,Galoppini,6-7(3) 6-4 6-2,ITF main draw,2021,linked,9657419,1626867900.0,"Perugia, Singles M-ITF-ITA-07A",ITF Men,Round of 32,Davide Galoppini,3.0,2.0,1.0,0.0,2,false,finished,True
P0I6:atp:2021/2120/qs005:G892,P0I6,Gabriele Piraino,Cordenons,CH,2021-08-02,Q2,Alejandro,Gonzalez,3-6 2-6,Challenger qualifying,2021,unobserved,,,,,,,,,,,,,,False
P0I6:atp:2021/2120/qs011:O507,P0I6,Gabriele Piraino,Cordenons,CH,2021-08-02,Q1,Julian,Ocleppo,6-3 6-3,Challenger qualifying,2021,unobserved,,,,,,,,,,,,,,False
P0I6:atp:2021/9566/ms019:MI69,P0I6,Gabriele Piraino,M15 Pescara,FU,2021-08-16,R32,Alexis,Musialek,4-6 2-6,ITF main draw,2021,unobserved,,,,,,,,,,,,,,False
P0I6:atp:2021/7494/qs005:VA08,P0I6,Gabriele Piraino,Barletta,CH,2021-08-23,Q2,Andrea,Vavassori,2-6 7-5 3-6,Challenger qualifying,2021,unobserved,,,,,,,,,,,,,,False
P0I6:atp:2021/7494/qs011:LF29,P0I6,Gabriele Piraino,Barletta,CH,2021-08-23,Q1,Alvaro,Lopez San Martin,7-6(5) 3-6 7-5,Challenger qualifying,2021,unobserved,,,,,,,,,,,,,,False
P0I6:atp:2021/3473/qs013:AA27,P0I6,Gabriele Piraino,Como,CH,2021-08-30,Q1,Franco,Agamenone,2-6 2-6,Challenger qualifying,2021,unobserved,,,,,,,,,,,,,,False
P0I6:atp:2021/9586/ms019:LI03,P0I6,Gabriele Piraino,M15 Ulcinj,FU,2021-09-06,R32,Edoardo,Lavagno,6-7(7) 2-6,ITF main draw,2021,linked,9782965,1631094900.0,"Ulcinj, Singles M-ITF-MNE-02A",ITF Men,Round of 32,Edoardo Lavagno,3.0,2.0,1.0,0.0,1,false,finished,True
P0I6:atp:2021/9596/ms010:L0DM,P0I6,Gabriele Piraino,M15 Ulcinj,FU,2021-09-13,R16,Alejo Lorenzo,Lingua Lavallen,1-6 3-6,ITF main draw,2021,linked,9804388,1631779200.0,"Ulcinj, Singles M-ITF-MNE-04A",ITF Men,Round of 16,Alejo Lorenzo Lingua Lavallen,3.0,2.0,1.0,0.0,1,false,finished,True
P0I6:atp:2021/9596/ms021:Z0BH,P0I6,Gabriele Piraino,M15 Ulcinj,FU,2021-09-13,R32,Edoardo,Zanada,5-7 6-3 6-3,ITF main draw,2021,linked,9798764,1631692800.0,"Ulcinj, Singles M-ITF-MNE-04A",ITF Men,Round of 32,Edoardo Zanada,3.0,2.0,1.0,0.0,2,false,finished,True
P0I6:atp:2021/9601/ms027:MI69,P0I6,Gabriele Piraino,M15 Ulcinj,FU,2021-09-20,R32,Alexis,Musialek,3-6 7-5 5-7,ITF main draw,2021,linked,9816528,1632218100.0,"Ulcinj, Singles M-ITF-MNE-03A",ITF Men,Round of 32,Alexis Musialek,3.0,2.0,1.0,0.0,1,false,finished,True
P0I6:atp:2022/8166/ms015:VA25,P0I6,Gabriele Piraino,M15 Monastir,FU,2022-01-10,R16,Valentin,Vacherot,1-6 6-7(3),ITF main draw,2022,linked,10064635,1642159800.0,"Tunisia F6, Singles",ITF Men,Round of 16,Valentin Vacherot,3.0,2.0,0.0,0.0,2,false,finished,True
P0I6:atp:2022/8166/ms030:BV08,P0I6,Gabriele Piraino,M15 Monastir,FU,2022-01-10,R32,Boris,Butulija,6-4 7-5,ITF main draw,2022,linked,10060756,1641981600.0,"Tunisia F6, Singles",ITF Men,Round of 32,Boris Butulija,3.0,2.0,0.0,0.0,1,false,finished,True
P0I6:atp:2022/8173/ms027:VA25,P0I6,Gabriele Piraino,M15 Monastir,FU,2022-01-17,R32,Valentin,Vacherot,6-4 5-7 1-6,ITF main draw,2022,unobserved,,,,,,,,,,,,,,False
P0I6:atp:2022/8230/ms012:N0CS,P0I6,Gabriele Piraino,M15 Antalya,FU,2022-02-28,R16,Lukas,Neumayer,6-3 2-6 3-6,ITF main draw,2022,unobserved,,,,,,,,,,,,,,False
P0I6:atp:2022/8230/ms025:J468,P0I6,Gabriele Piraino,M15 Antalya,FU,2022-02-28,R32,Alexandru,Jecan,7-5 4-6 6-4,ITF main draw,2022,unobserved,,,,,,,,,,,,,,False
P0I6:atp:2022/9817/qs023:CH19,P0I6,Gabriele Piraino,Roseto Degli Abruzzi 1,CH,2022-03-07,Q1,Daniele,Capecchi,4-6 4-6,Challenger qualifying,2022,unobserved,,,,,,,,,,,,,,False
P0I6:atp:2022/8153/ms011:W09X,P0I6,Gabriele Piraino,M15 Palmanova,FU,2022-03-21,R16,Benjamin,Winter Lopez,2-6 6-2 2-6,ITF main draw,2022,linked,10211313,1648137600.0,"Palmanova, Singles M-ITF-ESP-04A",ITF Men,Round of 16,Benjamin Winter Lopez,3.0,2.0,1.0,0.0,2,false,finished,True
P0I6:atp:2022/8153/ms023:P0CY,P0I6,Gabriele Piraino,M15 Palmanova,FU,2022-03-21,R32,Stefan,Palosi,6-2 6-3,ITF main draw,2022,linked,10209394,1648022400.0,"Palmanova, Singles M-ITF-ESP-04A",ITF Men,Round of 32,Stefan Palosi,3.0,2.0,1.0,0.0,1,false,finished,True
P0I6:atp:2022/8232/ms025:GB94,P0I6,Gabriele Piraino,M25 Santa Margherita di Pula,FU,2022-04-11,R32,Omar,Giacalone,3-6 3-6,ITF main draw,2022,linked,10246504,1649687400.0,"Santa Margherita Di Pula, Singles M-ITF-ITA-03A",ITF Men,Round of 32,Omar Giacalone,3.0,2.0,1.0,0.0,1,false,finished,True
P0I6:atp:2022/599/ms003:M0IF,P0I6,Gabriele Piraino,M25 Santa Margherita di Pula,FU,2022-04-18,SF,Francesco,Maestrelli,3-6 4-6,ITF main draw,2022,unobserved,,,,,,,,,,,,,,False
P0I6:atp:2022/599/ms006:G0EU,P0I6,Gabriele Piraino,M25 Santa Margherita di Pula,FU,2022-04-18,QF,Felix,Gill,6-4 5-7 6-4,ITF main draw,2022,unobserved,,,,,,,,,,,,,,False
P0I6:atp:2022/599/ms012:FC49,P0I6,Gabriele Piraino,M25 Santa Margherita di Pula,FU,2022-04-18,R16,Giovanni,Fonio,6-2 7-5,ITF main draw,2022,unobserved,,,,,,,,,,,,,,False
P0I6:atp:2022/599/ms025:S0SN,P0I6,Gabriele Piraino,M25 Santa Margherita di Pula,FU,2022-04-18,R32,Noah,Schlagenhauf,7-5 6-3,ITF main draw,2022,unobserved,,,,,,,,,,,,,,False
P0I6:atp:2022/8253/ms031:LC12,P0I6,Gabriele Piraino,M25 Santa Margherita di Pula,FU,2022-04-25,R32,Laurent,Lokoli,2-6 2-6,ITF main draw,2022,unobserved,,,,,,,,,,,,,,False
P0I6:atp:2022/6295/ms013:C09G,P0I6,Gabriele Piraino,M15 Antalya,FU,2022-05-16,R16,Ignacio,Carou,6-4 1-6 3-6,ITF main draw,2022,unobserved,,,,,,,,,,,,,,False
P0I6:atp:2022/6295/ms026:KI91,P0I6,Gabriele Piraino,M15 Antalya,FU,2022-05-16,R32,Koray,Kirci,3-6 6-3 6-2,ITF main draw,2022,unobserved,,,,,,,,,,,,,,False
P0I6:atp:2022/9528/ms007:C09G,P0I6,Gabriele Piraino,M15 Antalya,FU,2022-05-23,QF,Ignacio,Carou,4-6 3-6,ITF main draw,2022,linked,10337455,1653643500.0,"Antalya, Singles M-ITF-TUR-20A",ITF Men,Quarterfinals,Ignacio Carou,3.0,2.0,1.0,0.0,2,false,finished,True
P0I6:atp:2022/9528/ms014:S0R2,P0I6,Gabriele Piraino,M15 Antalya,FU,2022-05-23,R16,Benito,Sanchez Martinez,6-1 6-1,ITF main draw,2022,linked,10335725,1653556200.0,"Antalya, Singles M-ITF-TUR-20A",ITF Men,Round of 16,Benito Sanchez Martinez,3.0,2.0,1.0,0.0,2,false,finished,True
P0I6:atp:2022/9528/ms028:F0E3,P0I6,Gabriele Piraino,M15 Antalya,FU,2022-05-23,R32,Luis,Francisco,6-3 6-2,ITF main draw,2022,linked,10333741,1653467700.0,"Antalya, Singles M-ITF-TUR-20A",ITF Men,Round of 32,Luis Francisco,3.0,2.0,1.0,0.0,1,false,finished,True
P0I6:atp:2022/9001/qs026:BC76,P0I6,Gabriele Piraino,Perugia,CH,2022-06-06,Q1,Nicolas,Barrientos,5-7 3-6,Challenger qualifying,2022,linked,10357380,1654430400.0,"Perugia, Italy, Qualifying",Challenger,absent,Nicolas Barrientos,3.0,1.0,1.0,0.0,absent,false,finished,False
P0I6:atp:2022/9835/qs027:BC76,P0I6,Gabriele Piraino,Montechiarugolo-Parma,CH,2022-06-13,Q1,Nicolas,Barrientos,7-6(2) 3-6 6-7(5),Challenger qualifying,2022,linked,10374064,1655037000.0,"Parma, Italy, Qualifying",Challenger,Qualification round 1,Nicolas Barrientos,3.0,2.0,1.0,0.0,absent,false,finished,False
P0I6:atp:2022/900/ms007:F0A4,P0I6,Gabriele Piraino,M25 Casinalbo,FU,2022-07-04,QF,Francesco,Forti,3-6 4-6,ITF main draw,2022,linked,10441446,1657207500.0,"Italy F9, Singles",ITF Men,Quarterfinals,Francesco Forti,3.0,2.0,0.0,0.0,1,false,finished,True
P0I6:atp:2022/900/ms015:LI03,P0I6,Gabriele Piraino,M25 Casinalbo,FU,2022-07-04,R16,Edoardo,Lavagno,6-4 6-3,ITF main draw,2022,linked,10438400,1657116000.0,"Italy F9, Singles",ITF Men,Round of 16,Edoardo Lavagno,3.0,2.0,0.0,0.0,2,false,finished,True
P0I6:atp:2022/900/ms030:B0GT,P0I6,Gabriele Piraino,M25 Casinalbo,FU,2022-07-04,R32,Lorenzo,Bresciani,6-3 6-4,ITF main draw,2022,linked,10433258,1657014000.0,"Italy F9, Singles",ITF Men,Round of 32,Lorenzo Bresciani,3.0,2.0,0.0,0.0,1,false,finished,True
P0I6:atp:2022/9566/ms004:D0HD,P0I6,Gabriele Piraino,M15 Gubbio,FU,2022-07-18,QF,Gabriel,Debru,3-6 3-6,ITF main draw,2022,linked,10507177,1658518200.0,"Italy F10, Singles",ITF Men,Quarterfinals,Gabriel Debru,3.0,2.0,0.0,0.0,1,false,finished,True
P0I6:atp:2022/9566/ms008:TG67,P0I6,Gabriele Piraino,M15 Gubbio,FU,2022-07-18,R16,Kristjan,Tamm,6-3 6-2,ITF main draw,2022,linked,10498819,1658320200.0,"Italy F10, Singles",ITF Men,Round of 16,Kristjan Tamm,3.0,2.0,0.0,0.0,2,false,finished,True
P0I6:atp:2022/9566/ms017:B0GR,P0I6,Gabriele Piraino,M15 Gubbio,FU,2022-07-18,R32,Gonzalo,Bueno,3-6 6-3 6-3,ITF main draw,2022,linked,10488665,1658170800.0,"Italy F10, Singles",ITF Men,Round of 32,Gonzalo Bueno,3.0,2.0,0.0,0.0,2,false,finished,True
P0I6:atp:2022/4153/ms001:A0BA,P0I6,Gabriele Piraino,M25 Padova,FU,2022-08-08,F,Federico,Arnaboldi,2-6 1-6,ITF main draw,2022,unobserved,,,,,,,,,,,,,,False
P0I6:atp:2022/4153/ms002:T0CU,P0I6,Gabriele Piraino,M25 Padova,FU,2022-08-08,SF,Fausto,Tabacco,7-6(3) 6-1,ITF main draw,2022,unobserved,,,,,,,,,,,,,,False
P0I6:atp:2022/4153/ms005:L0CX,P0I6,Gabriele Piraino,M25 Padova,FU,2022-08-08,QF,Pablo,Llamas Ruiz,6-3 7-6(1),ITF main draw,2022,unobserved,,,,,,,,,,,,,,False
P0I6:atp:2022/4153/ms011:GF20,P0I6,Gabriele Piraino,M25 Padova,FU,2022-08-08,R16,Davide,Galoppini,6-4 6-4,ITF main draw,2022,unobserved,,,,,,,,,,,,,,False
P0I6:atp:2022/4153/ms022:A0CJ,P0I6,Gabriele Piraino,M25 Padova,FU,2022-08-08,R32,Duje,Ajdukovic,6-1 3-6 6-3,ITF main draw,2022,linked,10557821,1660133700.0,"Italy F12, Singles",ITF Men,Round of 32,Duje Ajduković,3.0,2.0,0.0,0.0,2,false,finished,True
P0I6:atp:2022/8322/ms019:RE27,P0I6,Gabriele Piraino,M15 Craiova,FU,2022-08-15,R32,Simone,Roncalli,6-4 3-6 4-6,ITF main draw,2022,unobserved,,,,,,,,,,,,,,False
P0I6:atp:2022/4167/ms003:A0BA,P0I6,Gabriele Piraino,M25 Lesa,FU,2022-08-22,SF,Federico,Arnaboldi,3-6 2-6,ITF main draw,2022,unobserved,,,,,,,,,,,,,,False
P0I6:atp:2022/4167/ms006:C0HV,P0I6,Gabriele Piraino,M25 Lesa,FU,2022-08-22,QF,Luca,Castagnola,6-1 0-6 7-5,ITF main draw,2022,unobserved,,,,,,,,,,,,,,False
P0I6:atp:2022/4167/ms013:B0HA,P0I6,Gabriele Piraino,M25 Lesa,FU,2022-08-22,R16,Daniel,Bagnolini,6-0 6-3,ITF main draw,2022,unobserved,,,,,,,,,,,,,,False
P0I6:atp:2022/4167/ms027:FC49,P0I6,Gabriele Piraino,M25 Lesa,FU,2022-08-22,R32,Giovanni,Fonio,6-3 7-6(3),ITF main draw,2022,unobserved,,,,,,,,,,,,,,False
P0I6:atp:2022/3473/qs020:A0AB,P0I6,Gabriele Piraino,Como,CH,2022-08-29,Q1,Adrian,Andreev,0-6 3-6,Challenger qualifying,2022,unobserved,,,,,,,,,,,,,,False
P0I6:atp:2022/4188/ms009:N679,P0I6,Gabriele Piraino,M25 Santa Margherita di Pula,FU,2022-09-12,R16,Stefano,Napolitano,1-6 6-7(6),ITF main draw,2022,linked,10685005,1663164300.0,"S. Margherita Di Pula, Singles Main, M-ITF-ITA-17A",ITF Men,Round of 16,Stefano Napolitano,3.0,2.0,1.0,0.0,1,false,finished,True
P0I6:atp:2022/4188/ms018:D0JJ,P0I6,Gabriele Piraino,M25 Santa Margherita di Pula,FU,2022-09-12,R32,Marco,Dessi,6-3 6-3,ITF main draw,2022,linked,10682024,1663077300.0,"S. Margherita Di Pula, Singles Main, M-ITF-ITA-17A",ITF Men,Round of 32,Marco Dessi,3.0,2.0,1.0,0.0,2,false,finished,True
P0I6:atp:2022/1763/ms010:L987,P0I6,Gabriele Piraino,Genoa,CH,2022-09-19,R16,Dusan,Lajovic,3-6 2-6,Challenger main draw,2022,linked,10685549,1663867800.0,"Genoa, Italy",Challenger,Round of 16,Dušan Lajović,3.0,2.0,1.0,0.0,absent,false,finished,False
P0I6:atp:2022/1763/ms021:MW76,P0I6,Gabriele Piraino,Genoa,CH,2022-09-19,R32,Matteo,Martineau,3-6 6-3 6-4,Challenger main draw,2022,linked,10697271,1663684200.0,"Genoa, Italy",Challenger,Round of 32,Matteo Martineau,3.0,2.0,1.0,0.0,absent,false,finished,False
P0I6:atp:2022/1763/qs012:WB19,P0I6,Gabriele Piraino,Genoa,CH,2022-09-19,Q2,Alexander,Weis,1-6 6-4 6-2,Challenger qualifying,2022,linked,10694572,1663574400.0,"Genoa, Italy, Qualifying",Challenger,Qualification round 1,Alexander Weis,3.0,1.0,1.0,0.0,absent,false,finished,False
P0I6:atp:2022/1763/qs025:V0F0,P0I6,Gabriele Piraino,Genoa,CH,2022-09-19,Q1,Filippo,Verdese,6-1 6-3,Challenger qualifying,2022,linked,10693214,1663494300.0,"Genoa, Italy, Qualifying",Challenger,Qualification round 1,Filippo Verdese,3.0,2.0,1.0,0.0,absent,false,finished,False
P0I6:atp:2022/9190/qs016:VA70,P0I6,Gabriele Piraino,Parma,CH,2022-10-03,Q1,Mate,Valkusz,6-0 0-6 4-6,Challenger qualifying,2022,linked,10730537,1664697600.0,"Parma II, Italy, Qualifying",Challenger,Qualification round 1,Mate Valkusz,3.0,2.0,1.0,0.0,absent,false,finished,False
P0I6:atp:2022/4236/ms021:F0A4,P0I6,Gabriele Piraino,M25 Santa Margherita di Pula,FU,2022-10-10,R32,Francesco,Forti,1-6 6-4 6-7(3),ITF main draw,2022,linked,10750423,1665406500.0,"S. MARGHERITA DI PULA, Singles Main, M-ITF-ITA-21A",ITF Men,Round of 32,Francesco Forti,3.0,2.0,1.0,0.0,1,false,finished,True
P0I6:atp:2022/4239/ms011:WB19,P0I6,Gabriele Piraino,M25 Santa Margherita di Pula,FU,2022-10-17,R16,Alexander,Weis,6-2 4-6 5-7,ITF main draw,2022,linked,10825918,1666188300.0,"S. Margherita di Pula, Singles Main, M-ITF-ITA-22A",ITF Men,Round of 16,Alexander Weis,3.0,2.0,1.0,0.0,2,false,finished,True
P0I6:atp:2022/4239/ms022:S0KT,P0I6,Gabriele Piraino,M25 Santa Margherita di Pula,FU,2022-10-17,R32,Stefanos,Sakellaridis,6-3 6-7(8) 7-6(5),ITF main draw,2022,linked,10819096,1666106700.0,"S. Margherita di Pula, Singles Main, M-ITF-ITA-22A",ITF Men,Round of 32,Stefanos Sakellaridis,3.0,2.0,1.0,0.0,2,false,finished,True
P0I6:atp:2023/8172/ms001:R0EB,P0I6,Gabriele Piraino,M25 Vila Real de Santo Antonio,FU,2023-02-06,F,Valentin,Royer,5-7 6-4 3-6,ITF main draw,2023,unobserved,,,,,,,,,,,,,,False
P0I6:atp:2023/8172/ms002:V0B2,P0I6,Gabriele Piraino,M25 Vila Real de Santo Antonio,FU,2023-02-06,SF,Michael,Vrbensky,3-6 6-2 6-3,ITF main draw,2023,unobserved,,,,,,,,,,,,,,False
P0I6:atp:2023/8172/ms004:PI96,P0I6,Gabriele Piraino,M25 Vila Real de Santo Antonio,FU,2023-02-06,QF,Sergi,Perez Contri,6-1 6-4,ITF main draw,2023,unobserved,,,,,,,,,,,,,,False
P0I6:atp:2023/8172/ms009:O482,P0I6,Gabriele Piraino,M25 Vila Real de Santo Antonio,FU,2023-02-06,R16,Gonzalo,Oliveira,7-5 3-6 6-3,ITF main draw,2023,unobserved,,,,,,,,,,,,,,False
P0I6:atp:2023/8172/ms018:P0LD,P0I6,Gabriele Piraino,M25 Vila Real de Santo Antonio,FU,2023-02-06,R32,Alvaro,Peiro Serrano,6-1 6-1,ITF main draw,2023,unobserved,,,,,,,,,,,,,,False
P0I6:atp:2023/8178/ms018:J476,P0I6,Gabriele Piraino,M25 Vila Real de Santo Antonio,FU,2023-02-13,R32,David,Jorda Sanchis,2-6 6-4 1-6,ITF main draw,2023,unobserved,,,,,,,,,,,,,,False
P0I6:atp:2023/8192/ms027:D0L3,P0I6,Gabriele Piraino,M15 Porec,FU,2023-03-06,R32,Matej,Dodig,1-6 4-6,ITF main draw,2023,unobserved,,,,,,,,,,,,,,False
P0I6:atp:2023/8153/ms025:D776,P0I6,Gabriele Piraino,M25 Palmanova,FU,2023-03-13,R32,Thiemo,de Bakker,4-6 6-7(7),ITF main draw,2023,unobserved,,,,,,,,,,,,,,False
P0I6:atp:2023/8238/ms012:H0CX,P0I6,Gabriele Piraino,M25 Palmanova,FU,2023-03-20,R16,Max,Houkes,1-6 0-6,ITF main draw,2023,linked,11150273,1679572200.0,"Palmanova, Singles Main, M-ITF-ESP-05A",ITF Men,Round of 16,Max Houkes,3.0,2.0,1.0,0.0,1,false,finished,True
P0I6:atp:2023/8238/ms025:P0ID,P0I6,Gabriele Piraino,M25 Palmanova,FU,2023-03-20,R32,Peetu,Pohjola,6-1 6-3,ITF main draw,2023,linked,11148377,1679473800.0,"Palmanova, Singles Main, M-ITF-ESP-05A",ITF Men,Round of 32,Peetu Pohjola,3.0,2.0,1.0,0.0,1,false,finished,True
P0I6:atp:2023/7494/ms030:I0A7,P0I6,Gabriele Piraino,Barletta,CH,2023-04-03,R32,Nicholas David,Ionel,4-6 6-4 3-6,Challenger main draw,2023,linked,11188091,1680607800.0,"Barletta, Italy",Challenger,Round of 32,Nicholas David Ionel,3.0,2.0,1.0,0.0,absent,false,finished,False
P0I6:atp:2023/7494/qs009:J400,P0I6,Gabriele Piraino,Barletta,CH,2023-04-03,Q2,Jeremy,Jahn,6-2 6-3,Challenger qualifying,2023,linked,11186077,1680517800.0,"Barletta, Italy, Qualifying",Challenger,Qualification round 1,Jeremy Jahn,3.0,1.0,1.0,0.0,absent,false,finished,False
P0I6:atp:2023/7494/qs019:N897,P0I6,Gabriele Piraino,Barletta,CH,2023-04-03,Q1,Sumit,Nagal,6-2 6-4,Challenger qualifying,2023,linked,11183930,1680435600.0,"Barletta, Italy, Qualifying",Challenger,Qualification round 1,Sumit Nagal,3.0,2.0,1.0,0.0,absent,false,finished,False
P0I6:atp:2023/8232/ms026:O482,P0I6,Gabriele Piraino,M25 Santa Margherita di Pula,FU,2023-04-10,R32,Gonzalo,Oliveira,2-6 1-6,ITF main draw,2023,linked,11202600,1681214400.0,"Santa Margherita Di Pula, Singles Main, M-ITF-ITA-",ITF Men,Round of 32,Gonçalo Oliveira,1.0,2.0,1.0,0.0,2,false,finished,True
P0I6:atp:2023/9817/ms021:D0C1,P0I6,Gabriele Piraino,Roseto Degli Abruzzi,CH,2023-04-17,R32,Jesper,de Jong,6-2 3-6 5-7,Challenger main draw,2023,linked,11221592,1681907700.0,"Roseto Degli Abruzzi, Italy",Challenger,Round of 32,Jesper De Jong,3.0,2.0,1.0,0.0,absent,false,finished,False
P0I6:atp:2023/9817/qs011:BU70,P0I6,Gabriele Piraino,Roseto Degli Abruzzi,CH,2023-04-17,Q2,Remy,Bertola,2-6 6-3 6-2,Challenger qualifying,2023,linked,11216156,1681826100.0,"Roseto Degli Abruzzi, Italy, Qualifying",Challenger,Qualification round 1,Remy Bertola,3.0,1.0,1.0,0.0,absent,false,finished,False
P0I6:atp:2023/9817/qs023:DA85,P0I6,Gabriele Piraino,Roseto Degli Abruzzi,CH,2023-04-17,Q1,Gianluca,Di Nicola,6-1 6-4,Challenger qualifying,2023,linked,11214162,1681632000.0,"Roseto Degli Abruzzi, Italy, Qualifying",Challenger,Qualification round 1,Gianluca Di Nicola,3.0,2.0,1.0,0.0,absent,false,finished,False
P0I6:atp:2023/2151/ms009:DA86,P0I6,Gabriele Piraino,Rome,CH,2023-04-24,R16,Joris,De Loore,7-6(6) 1-6 4-6,Challenger main draw,2023,linked,11222480,1682496000.0,"Rome, Italy",Challenger,Round of 16,Joris De Loore,3.0,2.0,1.0,0.0,absent,false,finished,False
P0I6:atp:2023/2151/ms018:F840,P0I6,Gabriele Piraino,Rome,CH,2023-04-24,R32,Nerman,Fatic,5-0,Challenger main draw,2023,linked,11231215,1682343000.0,"Rome, Italy",Challenger,Round of 32,Nerman Fatić,3.0,2.0,1.0,0.0,absent,false,finished,False
P0I6:atp:2023/7707/ms022:ML57,P0I6,Gabriele Piraino,Francavilla al Mare,CH,2023-05-08,R32,Gianluca,Mager,6-7(2) 7-5 6-7(6),Challenger main draw,2023,unobserved,,,,,,,,,,,,,,False
P0I6:atp:2023/2863/ms017:BI47,P0I6,Gabriele Piraino,Turin,CH,2023-05-15,R32,Riccardo,Bonadio,4-6 3-6,Challenger main draw,2023,unobserved,,,,,,,,,,,,,,False
P0I6:atp:2023/7015/ms029:TA12,P0I6,Gabriele Piraino,Vicenza,CH,2023-05-29,R32,Stefano,Travaglia,0-6 3-6,Challenger main draw,2023,unobserved,,,,,,,,,,,,,,False
P0I6:atp:2023/4222/ms014:DG80,P0I6,Gabriele Piraino,M25 Cattolica,FU,2023-06-19,R16,Enrico,Dalla Valle,3-6 0-6,ITF main draw,2023,unobserved,,,,,,,,,,,,,,False
P0I6:atp:2023/4222/ms028:F0DG,P0I6,Gabriele Piraino,M25 Cattolica,FU,2023-06-19,R32,Christian,Fellin,6-4 6-3,ITF main draw,2023,unobserved,,,,,,,,,,,,,,False
P0I6:atp:2023/2877/qs020:BK19,P0I6,Gabriele Piraino,Modena,CH,2023-06-26,Q1,Mathias,Bourgue,3-6 2-6,Challenger qualifying,2023,linked,11376286,1687700700.0,"Modena, Italy, Qualifying",Challenger,Qualification round 1,Mathias Bourgue,3.0,2.0,1.0,0.0,absent,false,finished,False
P0I6:atp:2023/3463/qs019:M0EY,P0I6,Gabriele Piraino,Milan,CH,2023-07-03,Q1,Alex,Marti Pujolras,2-6 4-6,Challenger qualifying,2023,linked,11397821,1688284800.0,"Milan, Italy, Qualifying",Challenger,Qualification round 1,Alex Marti Pujolras,3.0,2.0,1.0,0.0,absent,false,finished,False
P0I6:atp:2023/3945/ms025:BE90,P0I6,Gabriele Piraino,San Benedetto Del Tronto,CH,2023-07-10,R32,Ricardas,Berankis,6-7(3) 4-6,Challenger main draw,2023,linked,11424262,1689097500.0,"San Benedetto Del Tronto, Italy",Challenger,Round of 32,Ricardas Berankis,3.0,2.0,1.0,0.0,absent,false,finished,False
P0I6:atp:2023/3945/qs011:PG20,P0I6,Gabriele Piraino,San Benedetto Del Tronto,CH,2023-07-10,Q2,Dmitry,Popko,3-6 2-6,Challenger qualifying,2023,linked,11419810,1688988900.0,"San Benedetto Del Tronto, Italy, Qualifying",Challenger,Qualification round 1,Dmitry Popko,3.0,1.0,1.0,0.0,absent,false,finished,False
P0I6:atp:2023/3945/qs023:R0B6,P0I6,Gabriele Piraino,San Benedetto Del Tronto,CH,2023-07-10,Q1,Lorenzo,Rottoli,6-1 6-3,Challenger qualifying,2023,linked,11417366,1688905800.0,"San Benedetto Del Tronto, Italy, Qualifying",Challenger,Qualification round 1,Lorenzo Rottoli,3.0,2.0,1.0,0.0,absent,false,finished,False
P0I6:atp:2023/9351/ms028:KH56,P0I6,Gabriele Piraino,Trieste,CH,2023-07-17,R32,Zdenek,Kolar,6-7(5) 6-2 3-6,Challenger main draw,2023,linked,11437134,1689670800.0,"Trieste, Italy",Challenger,Round of 32,Zdenek Kolar,3.0,2.0,1.0,0.0,absent,false,finished,False
P0I6:atp:2023/4180/ms007:M0EN,P0I6,Gabriele Piraino,M15 Perugia,FU,2023-07-24,QF,Manuel,Mazza,3-6 4-6,ITF main draw,2023,linked,11480525,1690556400.0,"Perugia, Singles Main, M-ITF-ITA-16A",ITF Men,Quarterfinals,Manuel Mazza,3.0,2.0,1.0,0.0,1,false,finished,True
P0I6:atp:2023/4180/ms015:C0C1,P0I6,Gabriele Piraino,M15 Perugia,FU,2023-07-24,R16,Niccolo,Catini,6-2 6-2,ITF main draw,2023,linked,11468862,1690462800.0,"Perugia, Singles Main, M-ITF-ITA-16A",ITF Men,Round of 16,Niccolo Catini,3.0,2.0,1.0,0.0,2,false,finished,True
P0I6:atp:2023/4180/ms031:C0C5,P0I6,Gabriele Piraino,M15 Perugia,FU,2023-07-24,R32,Luciano,Carraro,6-2 6-2,ITF main draw,2023,linked,11472430,1690390800.0,"Perugia, Singles Main, M-ITF-ITA-16A",ITF Men,Round of 32,Luciano Carraro,3.0,2.0,1.0,0.0,2,false,finished,True
P0I6:atp:2023/9540/qs025:DG80,P0I6,Gabriele Piraino,San Marino,CH,2023-07-31,Q1,Enrico,Dalla Valle,5-7 1-6,Challenger qualifying,2023,linked,11486825,1690718700.0,"San Marino, San Marino, Qualifying",Challenger,Qualification round 1,Enrico Dalla Valle,3.0,2.0,1.0,0.0,absent,false,finished,False
P0I6:atp:2023/8392/qs022:Z246,P0I6,Gabriele Piraino,Todi,CH,2023-08-14,Q1,Miljan,Zekic,5-7 5-7,Challenger qualifying,2023,linked,11531665,1691924100.0,"Todi, Italy, Qualifying",Challenger,Qualification round 1,Miljan Zekic,3.0,2.0,1.0,0.0,absent,false,finished,False
P0I6:atp:2023/9550/qs021:KH77,P0I6,Gabriele Piraino,Prague 3,CH,2023-08-21,Q1,Niki,Kaliyanda Poonacha,5-7 3-6,Challenger qualifying,2023,linked,11557028,1692529800.0,"Prague 3, Czech Republic, Qualifying",Challenger,Qualification round 1,Niki Kaliyanda Poonacha,3.0,2.0,1.0,0.0,absent,false,finished,False
P0I6:atp:2023/4392/ms013:S0BA,P0I6,Gabriele Piraino,M15 Forli,FU,2023-08-28,R16,Luigi,Sorrentino,3-6 2-6,ITF main draw,2023,unobserved,,,,,,,,,,,,,,False
P0I6:atp:2023/4392/ms027:B0GI,P0I6,Gabriele Piraino,M15 Forli,FU,2023-08-28,R32,Alexander,Binda,6-1 6-4,ITF main draw,2023,linked,11549779,1693276800.0,"Forli, Singles Main, M-ITF-ITA-24B",ITF Men,Round of 32,Alexander Binda,3.0,2.0,1.0,0.0,2,false,finished,True
P0I6:atp:2023/1763/qs019:C0HV,P0I6,Gabriele Piraino,Genoa,CH,2023-09-04,Q1,Luca,Castagnola,3-6 7-5 1-6,Challenger qualifying,2023,unobserved,,,,,,,,,,,,,,False
P0I6:atp:2023/4404/ms002:M0E1,P0I6,Gabriele Piraino,M25 Santa Margherita di Pula,FU,2023-09-18,SF,Daniel,Michalski,1-6 2-6,ITF main draw,2023,unobserved,,,,,,,,,,,,,,False
P0I6:atp:2023/4404/ms005:L0DB,P0I6,Gabriele Piraino,M25 Santa Margherita di Pula,FU,2023-09-18,QF,Giuseppe,La Vela,6-3 6-1,ITF main draw,2023,unobserved,,,,,,,,,,,,,,False
P0I6:atp:2023/4404/ms010:S0BA,P0I6,Gabriele Piraino,M25 Santa Margherita di Pula,FU,2023-09-18,R16,Luigi,Sorrentino,1-6 6-3 7-5,ITF main draw,2023,unobserved,,,,,,,,,,,,,,False
P0I6:atp:2023/4404/ms020:C0KO,P0I6,Gabriele Piraino,M25 Santa Margherita di Pula,FU,2023-09-18,R32,Niccolò,Ciavarella,6-4 6-1,ITF main draw,2023,unobserved,,,,,,,,,,,,,,False
P0I6:atp:2023/4420/ms008:P0B2,P0I6,Gabriele Piraino,M25 Santa Margherita di Pula,FU,2023-09-25,R16,Luca,Potenza,1-6 6-2 3-6,ITF main draw,2023,unobserved,,,,,,,,,,,,,,False
P0I6:atp:2023/4420/ms016:O482,P0I6,Gabriele Piraino,M25 Santa Margherita di Pula,FU,2023-09-25,R32,Gonzalo,Oliveira,7-5 6-4,ITF main draw,2023,unobserved,,,,,,,,,,,,,,False
P0I6:atp:2023/4438/ms001:S0GZ,P0I6,Gabriele Piraino,M25 Santa Margherita di Pula,FU,2023-10-02,F,Nikolas,Sanchez Izquierdo,0-6 4-6,ITF main draw,2023,linked,11716400,1696668900.0,"S. Margherita Di Pula, Singles, M-ITF-ITA-27A",ITF Men,Final,Nikolas Sanchez Izquierdo,3.0,2.0,1.0,0.0,2,false,finished,True
P0I6:atp:2023/4438/ms002:O482,P0I6,Gabriele Piraino,M25 Santa Margherita di Pula,FU,2023-10-02,SF,Gonzalo,Oliveira,6-7(5) 6-3 6-3,ITF main draw,2023,linked,11712934,1696582800.0,"S. Margherita Di Pula, Singles, M-ITF-ITA-27A",ITF Men,Semifinals,Gonçalo Oliveira,1.0,2.0,1.0,0.0,1,false,finished,True
P0I6:atp:2023/4438/ms005:S0RF,P0I6,Gabriele Piraino,M25 Santa Margherita di Pula,FU,2023-10-02,QF,Marcello,Serafini,6-3 2-6 6-3,ITF main draw,2023,linked,11709585,1696496400.0,"S. Margherita Di Pula, Singles, M-ITF-ITA-27A",ITF Men,Quarterfinals,Marcello Serafini,3.0,2.0,1.0,0.0,1,false,finished,True
P0I6:atp:2023/4438/ms010:M0IC,P0I6,Gabriele Piraino,M25 Santa Margherita di Pula,FU,2023-10-02,R16,Giannicola,Misasi,6-3 6-0,ITF main draw,2023,linked,11706971,1696416900.0,"S. Margherita Di Pula, Singles, M-ITF-ITA-27A",ITF Men,Round of 16,Giannicola Misasi,3.0,2.0,1.0,0.0,2,false,finished,True
P0I6:atp:2023/4438/ms020:R0B6,P0I6,Gabriele Piraino,M25 Santa Margherita di Pula,FU,2023-10-02,R32,Lorenzo,Rottoli,4-6 6-2 6-4,ITF main draw,2023,unobserved,,,,,,,,,,,,,,False
P0I6:atp:2023/4444/ms019:FC49,P0I6,Gabriele Piraino,M25 Santa Margherita di Pula,FU,2023-10-09,R32,Giovanni,Fonio,6-7(4) 0-6,ITF main draw,2023,linked,11725641,1696931100.0,"S. Margherita Di Pula, Singles Main, M-ITF-ITA-28A",ITF Men,Round of 32,Giovanni Fonio,3.0,2.0,1.0,0.0,2,false,finished,True
P0I6:atp:2023/4453/ms016:RB60,P0I6,Gabriele Piraino,M25 Santa Margherita di Pula,FU,2023-10-23,R32,Oriol,Roca Batalla,4-6 5-7,ITF main draw,2023,linked,11766959,1698054300.0,"S. Margherita Di Pula, Singles, M-ITF-ITA-30A",ITF Men,Round of 32,Oriol Roca Batalla,3.0,2.0,1.0,0.0,2,false,finished,True
P0I6:atp:2023/8369/ms027:KI48,P0I6,Gabriele Piraino,M25 Monastir,FU,2023-11-13,R32,Ergi,Kirkin,0-6 5-7,ITF main draw,2023,linked,11827901,1700037000.0,"Monastir, Singles Main, M-ITF-TUN-52A",ITF Men,Round of 32,Ergi Kirkin,3.0,2.0,1.0,0.0,1,false,finished,True
P0I6:atp:2023/4472/ms001:M0EA,P0I6,Gabriele Piraino,M15 San Gregorio di Catania,FU,2023-11-27,F,Pol,Martin Tiffon,2-6 2-6,ITF main draw,2023,linked,11871510,1701513000.0,"San Greg. di Catania, Singles, M-ITF-ITA-35A",ITF Men,Final,Pol Martin Tiffon,3.0,2.0,1.0,0.0,1,false,finished,True
P0I6:atp:2023/4472/ms002:CE25,P0I6,Gabriele Piraino,M15 San Gregorio di Catania,FU,2023-11-27,SF,Salvatore,Caruso,6-3 6-4,ITF main draw,2023,linked,11869203,1701437700.0,"San Greg. di Catania, Singles, M-ITF-ITA-35A",ITF Men,Semifinals,Salvatore Caruso,3.0,2.0,1.0,0.0,1,false,finished,True
P0I6:atp:2023/4472/ms005:R0HK,P0I6,Gabriele Piraino,M15 San Gregorio di Catania,FU,2023-11-27,QF,Filippo,Romano,6-2 6-2,ITF main draw,2023,linked,11867472,1701340200.0,"San Greg. di Catania, Singles, M-ITF-ITA-35A",ITF Men,Quarterfinals,Filippo Romano,3.0,2.0,1.0,0.0,1,false,finished,True
P0I6:atp:2023/4472/ms010:I09I,P0I6,Gabriele Piraino,M15 San Gregorio di Catania,FU,2023-11-27,R16,Alessandro,Ingarao,6-3 6-0,ITF main draw,2023,linked,11864792,1701252600.0,"San Greg. di Catania, Singles, M-ITF-ITA-35A",ITF Men,Round of 16,Alessandro Ingarao,3.0,2.0,1.0,0.0,2,false,finished,True
P0I6:atp:2023/4472/ms020:J540,P0I6,Gabriele Piraino,M15 San Gregorio di Catania,FU,2023-11-27,R32,Elio Jose,Ribeiro Lago,6-4 5-7 6-2,ITF main draw,2023,linked,11862083,1701160200.0,"San Greg. di Catania, Singles, M-ITF-ITA-35A",ITF Men,Round of 32,Elio Ribeiro Lago,2.0,2.0,1.0,0.0,1,false,finished,True
P0I6:atp:2024/4534/ms029:C0P0,P0I6,Gabriele Piraino,M25 Vila Real de Santo Antonio,FU,2024-02-12,R32,Sergio,Callejon Hernando,3-6 2-6,ITF main draw,2024,unobserved,,,,,,,,,,,,,,False
P0I6:atp:2024/4543/ms024:DC76,P0I6,Gabriele Piraino,M25 Vila Real de Santo,FU,2024-02-19,R32,Viktor,Durasovic,3-6 2-6,ITF main draw,2024,unobserved,,,,,,,,,,,,,,False
P0I6:atp:2024/4555/ms013:G0FW,P0I6,Gabriele Piraino,M25 Faro,FU,2024-02-26,R16,Vilius,Gaubas,6-7(3) 6-4 3-6,ITF main draw,2024,unobserved,,,,,,,,,,,,,,False
P0I6:atp:2024/4555/ms026:F0CJ,P0I6,Gabriele Piraino,M25 Faro,FU,2024-02-26,R32,Gianmarco,Ferrari,7-5 6-2,ITF main draw,2024,unobserved,,,,,,,,,,,,,,False
P0I6:atp:2024/4582/ms019:K0EU,P0I6,Gabriele Piraino,M25 Vale de Lobo,FU,2024-03-11,R32,Toby,Kodat,3-6 2-6,ITF main draw,2024,unobserved,,,,,,,,,,,,,,False
P0I6:atp:2024/4598/ms029:SN54,P0I6,Gabriele Piraino,M25 Loule,FU,2024-03-18,R32,Frederico,Ferreira Silva,2-6 4-6,ITF main draw,2024,linked,12174630,1710946800.0,"Loule, Singles Main, M-ITF-POR-06A",ITF Men,Round of 32,Frederico Ferreira Silva,3.0,2.0,1.0,0.0,1,false,finished,True
P0I6:atp:2024/4609/ms007:R0EB,P0I6,Gabriele Piraino,M25 Santa Margherita di Pula,FU,2024-03-25,QF,Valentin,Royer,3-6 4-6,ITF main draw,2024,linked,12202079,1711701000.0,"Santa M. Di Pula, Singles Main, M-ITF-ITA-02A",ITF Men,Quarterfinals,Valentin Royer,3.0,2.0,1.0,0.0,2,false,finished,True
P0I6:atp:2024/4609/ms014:CE25,P0I6,Gabriele Piraino,M25 Santa Margherita di Pula,FU,2024-03-25,R16,Salvatore,Caruso,6-3 1-0,ITF main draw,2024,linked,12193966,1711621800.0,"Santa M. Di Pula, Singles Main, M-ITF-ITA-02A",ITF Men,Round of 16,Salvatore Caruso,3.0,2.0,1.0,0.0,1,false,finished,True
P0I6:atp:2024/4609/ms029:C0BB,P0I6,Gabriele Piraino,M25 Santa Margherita di Pula,FU,2024-03-25,R32,Tommaso,Compagnucci,6-4 6-1,ITF main draw,2024,linked,12190933,1711360200.0,"Santa M. Di Pula, Singles Main, M-ITF-ITA-02A",ITF Men,Round of 32,Tommaso Compagnucci,3.0,2.0,1.0,0.0,1,false,finished,True
P0I6:atp:2024/4618/ms029:C0KO,P0I6,Gabriele Piraino,M25 Santa Margherita di Pula,FU,2024-04-01,R32,Niccolò,Ciavarella,2-6 2-6,ITF main draw,2024,linked,12211950,1711961100.0,"S. Margherita di Pula, Singles Main, M-ITF-ITA-03A",ITF Men,Round of 32,Niccolo Ciavarella,3.0,2.0,1.0,0.0,2,false,finished,True
P0I6:atp:2024/4635/ms001:KI71,P0I6,Gabriele Piraino,M25 Santa Margherita di Pula,FU,2024-04-15,F,Kirill,Kivattsev,7-5 6-4,ITF main draw,2024,unobserved,,,,,,,,,,,,,,False
P0I6:atp:2024/4635/ms002:C0BH,P0I6,Gabriele Piraino,M25 Santa Margherita di Pula,FU,2024-04-15,SF,Clement,Chidekh,7-6(3) 3-6 6-3,ITF main draw,2024,unobserved,,,,,,,,,,,,,,False
P0I6:atp:2024/4635/ms005:G0I3,P0I6,Gabriele Piraino,M25 Santa Margherita di Pula,FU,2024-04-15,QF,Massimo,Giunta,4-6 6-4 6-3,ITF main draw,2024,unobserved,,,,,,,,,,,,,,False
P0I6:atp:2024/4635/ms010:K0DP,P0I6,Gabriele Piraino,M25 Santa Margherita di Pula,FU,2024-04-15,R16,Oleksii,Krutykh,6-4 4-6 6-4,ITF main draw,2024,linked,12257043,1713340800.0,"S. Margherita Di Pula, Singles Main, M-ITF-ITA-05A",ITF Men,Round of 16,Oleksii Krutykh,3.0,2.0,1.0,0.0,2,false,finished,True
P0I6:atp:2024/4635/ms021:KG53,P0I6,Gabriele Piraino,M25 Santa Margherita di Pula,FU,2024-04-15,R32,Alexander,Klintcharov,7-6(5) 6-2,ITF main draw,2024,linked,12253102,1713257700.0,"S. Margherita Di Pula, Singles Main, M-ITF-ITA-05A",ITF Men,Round of 32,Alexander Klintcharov,3.0,2.0,1.0,0.0,1,false,finished,True
P0I6:atp:2024/4646/ms011:I09N,P0I6,Gabriele Piraino,M25 Santa Margherita di Pula,FU,2024-04-22,R16,Federico,Iannaccone,3-6 3-6,ITF main draw,2024,unobserved,,,,,,,,,,,,,,False
P0I6:atp:2024/4646/ms022:KG53,P0I6,Gabriele Piraino,M25 Santa Margherita di Pula,FU,2024-04-22,R32,Alexander,Klintcharov,6-3 6-3,ITF main draw,2024,unobserved,,,,,,,,,,,,,,False
P0I6:atp:2024/7707/ms004:D0DW,P0I6,Gabriele Piraino,Francavilla al Mare,CH,2024-05-06,QF,Titouan,Droguet,5-7 1-6,Challenger main draw,2024,unobserved,,,,,,,,,,,,,,False
P0I6:atp:2024/7707/ms009:B0EJ,P0I6,Gabriele Piraino,Francavilla al Mare,CH,2024-05-06,R16,Tristan,Boyer,5-7 7-5 6-3,Challenger main draw,2024,unobserved,,,,,,,,,,,,,,False
P0I6:atp:2024/7707/ms018:Q02L,P0I6,Gabriele Piraino,Francavilla al Mare,CH,2024-05-06,R32,Ethan,Quinn,7-5 7-5,Challenger main draw,2024,unobserved,,,,,,,,,,,,,,False
P0I6:atp:2024/4724/ms007:M0GY,P0I6,Gabriele Piraino,M15 Caltanissetta,FU,2024-06-03,QF,Lilian,Marmousez,3-6 5-7,ITF main draw,2024,unobserved,,,,,,,,,,,,,,False
P0I6:atp:2024/4724/ms015:B0Q9,P0I6,Gabriele Piraino,M15 Caltanissetta,FU,2024-06-03,R16,Andrea,Bacaloni,6-4 6-1,ITF main draw,2024,unobserved,,,,,,,,,,,,,,False
P0I6:atp:2024/4724/ms031:V0HU,P0I6,Gabriele Piraino,M15 Caltanissetta,FU,2024-06-03,R32,Ludovico,Vaccari,6-4 6-4,ITF main draw,2024,unobserved,,,,,,,,,,,,,,False
P0I6:atp:2024/9835/qs022:WB19,P0I6,Gabriele Piraino,Sassuolo,CH,2024-06-17,Q1,Alexander,Weis,2-6 2-6,Challenger qualifying,2024,unobserved,,,,,,,,,,,,,,False
P0I6:atp:2024/3463/qs023:BI47,P0I6,Gabriele Piraino,Milan,CH,2024-06-24,Q1,Riccardo,Bonadio,2-6 7-5 3-6,Challenger qualifying,2024,unobserved,,,,,,,,,,,,,,False
P0I6:atp:2024/2877/ms011:PH64,P0I6,Gabriele Piraino,Modena,CH,2024-07-01,R16,Andrea,Pellegrino,4-6 5-7,Challenger main draw,2024,linked,12460824,1720008300.0,"Modena, Italy",Challenger,Round of 16,Andrea Pellegrino,3.0,2.0,1.0,0.0,2,false,finished,True
P0I6:atp:2024/2877/ms022:F0A4,P0I6,Gabriele Piraino,Modena,CH,2024-07-01,R32,Francesco,Forti,7-6(5) 6-3,Challenger main draw,2024,unobserved,,,,,,,,,,,,,,False
P0I6:atp:2024/4172/ms011:D0D9,P0I6,Gabriele Piraino,M25 Padova,FU,2024-07-08,R16,Stefano,D'Agostino,3-6 2-6,ITF main draw,2024,linked,12519400,1720621200.0,"Padova, Singles Main, M-ITF-ITA-16A",ITF Men,Round of 16,Stefano D'Agostino,3.0,2.0,1.0,0.0,1,false,finished,True
P0I6:atp:2024/4172/ms023:S0NO,P0I6,Gabriele Piraino,M25 Padova,FU,2024-07-08,R32,Ezequiel,Simonit,6-2 6-2,ITF main draw,2024,linked,12511786,1720519800.0,"Padova, Singles Main, M-ITF-ITA-16A",ITF Men,Round of 32,Ezequiel Simonit,3.0,2.0,1.0,0.0,1,false,finished,True
P0I6:atp:2024/472/ms022:D916,P0I6,Gabriele Piraino,Pozoblanco,CH,2024-07-15,R32,Steven,Diez,2-6 6-7(10),Challenger main draw,2024,linked,12537535,1721154900.0,"Pozoblanco, Spain",Challenger,Round of 32,Steven Diez,3.0,2.0,1.0,0.0,1,false,finished,True
P0I6:atp:2024/9540/qs023:V821,P0I6,Gabriele Piraino,San Marino,CH,2024-07-29,Q1,Gonzalo,Villanueva,4-6 4-6,Challenger qualifying,2024,linked,12611447,1722170400.0,"San Marino, San Marino, Qualifying",Challenger,Qualification round 1,Gonzalo Villanueva,3.0,2.0,1.0,0.0,2,false,finished,True
P0I6:atp:2024/2120/qs027:C0HV,P0I6,Gabriele Piraino,Cordenons,CH,2024-08-05,Q1,Luca,Castagnola,6-2 2-6 6-7(5),Challenger qualifying,2024,linked,12641651,1722777000.0,"Cordenons, Italy, Qualifying",Challenger,Qualification round 1,Luca Castagnola,3.0,2.0,1.0,0.0,2,false,finished,True
P0I6:atp:2024/8392/ms017:L0C1,P0I6,Gabriele Piraino,Todi,CH,2024-08-12,R32,Carlos,Lopez Montagud,1-6 2-6,Challenger main draw,2024,linked,12667164,1723472100.0,"Todi, Italy",Challenger,Round of 32,Carlos Lopez Montagud,3.0,2.0,1.0,0.0,1,false,finished,True
P0I6:atp:2024/4392/ms008:B0VX,P0I6,Gabriele Piraino,M15 Forli,FU,2024-08-26,R16,Pierluigi,Basile,6-3 2-6 3-6,ITF main draw,2024,linked,12748129,1724936100.0,"Forli, Singles Main, M-ITF-ITA-22A",ITF Men,Round of 16,Pierluigi Basile,3.0,2.0,1.0,0.0,1,false,finished,True
P0I6:atp:2024/4392/ms016:V0HU,P0I6,Gabriele Piraino,M15 Forli,FU,2024-08-26,R32,Ludovico,Vaccari,6-4 6-0,ITF main draw,2024,linked,12750954,1724845800.0,"Forli, Singles Main, M-ITF-ITA-22A",ITF Men,Round of 32,Ludovico Vaccari,3.0,2.0,1.0,0.0,1,false,finished,True
P0I6:atp:2024/4793/ms001:E0AC,P0I6,Gabriele Piraino,M15 Bologna,FU,2024-09-02,F,Mathys,Erhard,7-5 2-6 7-5,ITF main draw,2024,linked,12805054,1725786000.0,"Bologna, Singles Main, M-ITF-ITA-27A",ITF Men,Final,Mathys Erhard,3.0,2.0,1.0,0.0,1,false,finished,True
P0I6:atp:2024/4793/ms003:KI71,P0I6,Gabriele Piraino,M15 Bologna,FU,2024-09-02,SF,Kirill,Kivattsev,6-2 3-6 6-3,ITF main draw,2024,linked,12799235,1725722100.0,"Bologna, Singles Main, M-ITF-ITA-27A",ITF Men,Semifinals,Kirill Kivattsev,3.0,2.0,1.0,0.0,2,false,finished,True
P0I6:atp:2024/4793/ms007:I09N,P0I6,Gabriele Piraino,M15 Bologna,FU,2024-09-02,QF,Federico,Iannaccone,W/O,ITF main draw,2024,linked,12798116,1725642000.0,"Bologna, Singles Main, M-ITF-ITA-27A",ITF Men,Quarterfinals,Federico Iannaccone,3.0,2.0,1.0,0.0,absent,false,finished,False
P0I6:atp:2024/4793/ms015:DA85,P0I6,Gabriele Piraino,M15 Bologna,FU,2024-09-02,R16,Gianluca,Di Nicola,6-4 6-3,ITF main draw,2024,linked,12785253,1725553500.0,"Bologna, Singles Main, M-ITF-ITA-27A",ITF Men,Round of 16,Gianluca Di Nicola,3.0,2.0,1.0,0.0,1,false,finished,True
P0I6:atp:2024/4793/ms031:D0DY,P0I6,Gabriele Piraino,M15 Bologna,FU,2024-09-02,R32,Matic,Dimic,6-4 6-4,ITF main draw,2024,linked,12779490,1725382800.0,"Bologna, Singles Main, M-ITF-ITA-27A",ITF Men,Round of 32,Matiç Dimič,3.0,2.0,1.0,0.0,2,false,finished,True
P0I6:atp:2024/4404/ms004:G0EU,P0I6,Gabriele Piraino,M25 Santa Margherita di Pula,FU,2024-09-16,QF,Felix,Gill,2-6 2-6,ITF main draw,2024,linked,12862111,1726732800.0,"S. Margherita Di Pula, Singles Main, M-ITF-ITA-28A",ITF Men,Quarterfinals,Felix Gill,3.0,2.0,1.0,0.0,2,false,finished,True
P0I6:atp:2024/4404/ms009:L0DB,P0I6,Gabriele Piraino,M25 Santa Margherita di Pula,FU,2024-09-16,R16,Giuseppe,La Vela,6-3 6-4,ITF main draw,2024,linked,12849711,1726653900.0,"S. Margherita Di Pula, Singles Main, M-ITF-ITA-28A",ITF Men,Round of 16,Giuseppe La Vela,3.0,2.0,1.0,0.0,1,false,finished,True
P0I6:atp:2024/4404/ms019:O0BG,P0I6,Gabriele Piraino,M25 Santa Margherita di Pula,FU,2024-09-16,R32,Kyle,Overmyer,6-2 6-3,ITF main draw,2024,linked,12852796,1726564200.0,"S. Margherita Di Pula, Singles Main, M-ITF-ITA-28A",ITF Men,Round of 32,Kyle Overmyer,3.0,2.0,1.0,0.0,1,false,finished,True
P0I6:atp:2024/4420/ms030:D0JZ,P0I6,Gabriele Piraino,M25 Santa Margherita di Pula,FU,2024-09-23,R32,Andrea,De Marchi,4-6 4-6,ITF main draw,2024,linked,12874231,1727123100.0,"S. Margherita Di Pula, Singles Main, M-ITF-ITA-29A",ITF Men,Round of 32,Andrea de Marchi,3.0,2.0,1.0,0.0,2,false,finished,True
P0I6:atp:2024/4438/ms002:C0NN,P0I6,Gabriele Piraino,M25 Santa Margherita di Pula,FU,2024-09-30,SF,Gianluca,Cadenasso,6-7(5) 4-6,ITF main draw,2024,unobserved,,,,,,,,,,,,,,False
P0I6:atp:2024/4438/ms004:O639,P0I6,Gabriele Piraino,M25 Santa Margherita di Pula,FU,2024-09-30,QF,Giovanni,Oradini,6-4 6-2,ITF main draw,2024,unobserved,,,,,,,,,,,,,,False
P0I6:atp:2024/4438/ms009:B0F0,P0I6,Gabriele Piraino,M25 Santa Margherita di Pula,FU,2024-09-30,R16,Jiri,Barnat,6-1 3-1,ITF main draw,2024,unobserved,,,,,,,,,,,,,,False
P0I6:atp:2024/4438/ms019:D0JZ,P0I6,Gabriele Piraino,M25 Santa Margherita di Pula,FU,2024-09-30,R32,Andrea,De Marchi,6-7(5) 6-2 6-4,ITF main draw,2024,unobserved,,,,,,,,,,,,,,False
P0I6:atp:2024/4444/ms026:C0NN,P0I6,Gabriele Piraino,M25 Santa Margherita di Pula,FU,2024-10-07,R32,Gianluca,Cadenasso,6-7(5) 6-2 4-6,ITF main draw,2024,unobserved,,,,,,,,,,,,,,False
P0I6:atp:2024/4448/ms018:M0RO,P0I6,Gabriele Piraino,M25 Santa Margherita di Pula,FU,2024-10-14,R32,Iannis,Miletich,6-3 4-6 0-6,ITF main draw,2024,unobserved,,,,,,,,,,,,,,False
P0I6:atp:2024/4453/ms011:S0CG,P0I6,Gabriele Piraino,M25 Santa Margherita di Pula,FU,2024-10-21,R16,Carlos,Sanchez Jover,4-6 4-6,ITF main draw,2024,unobserved,,,,,,,,,,,,,,False
P0I6:atp:2024/4453/ms022:T0H5,P0I6,Gabriele Piraino,M25 Santa Margherita di Pula,FU,2024-10-21,R32,Benjamin,Torrealba,2-6 7-5 3-1,ITF main draw,2024,unobserved,,,,,,,,,,,,,,False
P0I6:atp:2024/4472/ms001:C0NN,P0I6,Gabriele Piraino,M15 San Gregorio di Catania,FU,2024-11-04,F,Gianluca,Cadenasso,4-6 5-7,ITF main draw,2024,linked,13107591,1731234600.0,"San Gregorio di Catania, Singles M, M-ITF-ITA-36A",ITF Men,Final,Gianluca Cadenasso,3.0,2.0,1.0,0.0,1,false,finished,True
P0I6:atp:2024/4472/ms003:KI71,P0I6,Gabriele Piraino,M15 San Gregorio di Catania,FU,2024-11-04,SF,Kirill,Kivattsev,W/O,ITF main draw,2024,linked,13102713,1731175200.0,"San Gregorio di Catania, Singles M, M-ITF-ITA-36A",ITF Men,Semifinals,Kirill Kivattsev,3.0,2.0,1.0,0.0,absent,false,finished,False
P0I6:atp:2024/4472/ms007:GA79,P0I6,Gabriele Piraino,M15 San Gregorio di Catania,FU,2024-11-04,QF,Lorenzo,Giustino,3-6 7-5 7-5,ITF main draw,2024,linked,13097219,1731074100.0,"San Gregorio di Catania, Singles M, M-ITF-ITA-36A",ITF Men,Quarterfinals,Lorenzo Giustino,3.0,2.0,1.0,0.0,2,false,finished,True
P0I6:atp:2024/4472/ms014:L0DB,P0I6,Gabriele Piraino,M15 San Gregorio di Catania,FU,2024-11-04,R16,Giuseppe,La Vela,6-4 6-4,ITF main draw,2024,unobserved,,,,,,,,,,,,,,False
P0I6:atp:2024/4472/ms028:C0C1,P0I6,Gabriele Piraino,M15 San Gregorio di Catania,FU,2024-11-04,R32,Niccolo,Catini,0-6 6-2 4-0,ITF main draw,2024,unobserved,,,,,,,,,,,,,,False
P0I6:atp:2024/4881/ms020:T0CU,P0I6,Gabriele Piraino,M15 San Gregorio di Catania,FU,2024-11-11,R32,Fausto,Tabacco,6-0 4-6 2-6,ITF main draw,2024,linked,13113523,1731596100.0,"San Gregorio di Catania, Singles M, M-ITF-ITA-37A",ITF Men,Round of 32,Fausto Tabacco,3.0,2.0,1.0,0.0,1,false,finished,True
P0I6:atp:2025/8155/ms001:F0F4,P0I6,Gabriele Piraino,M15 Antalya,FU,2025-01-20,F,Kilian,Feldbausch,6-4 6-3,ITF main draw,2025,linked,13390018,1737878400.0,ITF M15 Antalya 3 Men,ITF Men,Final,Kilian Feldbausch,3.0,2.0,1.0,0.0,2,false,finished,True
P0I6:atp:2025/8155/ms003:BE67,P0I6,Gabriele Piraino,M15 Antalya,FU,2025-01-20,SF,Mirza,Basic,7-5 6-3,ITF main draw,2025,linked,13385608,1737788400.0,ITF M15 Antalya 3 Men,ITF Men,Semifinals,Mirza Bašić,3.0,2.0,1.0,0.0,1,false,finished,True
P0I6:atp:2025/8155/ms007:P0J1,P0I6,Gabriele Piraino,M15 Antalya,FU,2025-01-20,QF,Rodrigo,Pacheco Mendez,6-4 6-2,ITF main draw,2025,linked,13382129,1737703800.0,ITF M15 Antalya 3 Men,ITF Men,Quarterfinals,Rodrigo Pacheco Mendez,3.0,2.0,1.0,0.0,absent,false,finished,False
P0I6:atp:2025/8155/ms014:A0G8,P0I6,Gabriele Piraino,M15 Antalya,FU,2025-01-20,R16,Amr,Elsayed,7-6(5) 6-4,ITF main draw,2025,linked,13373983,1737626400.0,ITF M15 Antalya 3 Men,ITF Men,Round of 16,Amr Elsayed,3.0,2.0,1.0,0.0,absent,false,finished,False
P0I6:atp:2025/8155/ms028:V993,P0I6,Gabriele Piraino,M15 Antalya,FU,2025-01-20,R32,Eero,Vasa,6-3 6-1,ITF main draw,2025,linked,13365146,1737450000.0,ITF M15 Antalya 3 Men,ITF Men,Round of 32,Eero Vasa,3.0,2.0,1.0,0.0,absent,false,finished,False
P0I6:atp:2025/4486/ms023:P0G5,P0I6,Gabriele Piraino,M25 Antalya,FU,2025-01-27,R32,Stefan,Popovic,4-6 3-6,ITF main draw,2025,linked,13395123,1738134000.0,ITF M15 Antalya 4 Men,ITF Men,Round of 32,Stefan Popović,3.0,2.0,1.0,0.0,1,false,finished,True
P0I6:atp:2025/4502/ms003:M0E1,P0I6,Gabriele Piraino,M25 Antalya,FU,2025-02-03,SF,Daniel,Michalski,5-7 6-3 2-6,ITF main draw,2025,linked,13447421,1739005200.0,ITF M25 Antalya 5 Men,ITF Men,Semifinals,Daniel Michalski,3.0,2.0,1.0,0.0,absent,false,finished,False
P0I6:atp:2025/4502/ms007:S0LR,P0I6,Gabriele Piraino,M25 Antalya,FU,2025-02-03,QF,John,Sperle,7-6(6) 6-3,ITF main draw,2025,linked,13439461,1738916100.0,ITF M25 Antalya 5 Men,ITF Men,Quarterfinals,John Sperle,3.0,2.0,1.0,0.0,absent,false,finished,False
P0I6:atp:2025/4502/ms015:P0AY,P0I6,Gabriele Piraino,M25 Antalya,FU,2025-02-03,R16,Luka,Pavlovic,5-7 7-5 4-0,ITF main draw,2025,linked,13433939,1738838400.0,ITF M25 Antalya 5 Men,ITF Men,Round of 16,Luka Pavlović,3.0,2.0,1.0,0.0,2,false,finished,True
P0I6:atp:2025/4502/ms030:L0GW,P0I6,Gabriele Piraino,M25 Antalya,FU,2025-02-03,R32,Ivan,La Cava,6-0 6-0,ITF main draw,2025,linked,13426179,1738744200.0,ITF M25 Antalya 5 Men,ITF Men,Round of 32,I. La Cava,1.0,2.0,1.0,0.0,absent,false,finished,False
P0I6:atp:2025/4918/ms005:L0C1,P0I6,Gabriele Piraino,M15 Valencia,FU,2025-02-10,QF,Carlos,Lopez Montagud,6-0 3-6 2-6,ITF main draw,2025,linked,13473807,1739532600.0,ITF M15 Valencia 2 Men,ITF Men,Quarterfinals,Carlos Lopez Montagud,3.0,2.0,1.0,0.0,absent,false,finished,False
P0I6:atp:2025/4918/ms010:L0AT,P0I6,Gabriele Piraino,M15 Valencia,FU,2025-02-10,R16,Imanol,Lopez Morillo,6-2 6-1,ITF main draw,2025,linked,13469070,1739440800.0,ITF M15 Valencia 2 Men,ITF Men,Round of 16,Imanol Lopez Morillo,3.0,2.0,1.0,0.0,absent,false,finished,False
P0I6:atp:2025/4918/ms020:C0OI,P0I6,Gabriele Piraino,M15 Valencia,FU,2025-02-10,R32,Carles,Cordoba,6-2 6-2,ITF main draw,2025,linked,13455881,1739271600.0,ITF M15 Valencia 2 Men,ITF Men,Round of 32,Carles Cordoba,3.0,2.0,1.0,0.0,absent,false,finished,False
P0I6:atp:2025/4552/ms020:M0GB,P0I6,Gabriele Piraino,M15 Villena,FU,2025-02-24,R32,Alex,Martinez,3-6 7-6(2) 3-6,ITF main draw,2025,linked,13529441,1740560400.0,ITF M15 Villena 2 Men,ITF Men,Round of 32,Alex Martinez,3.0,2.0,1.0,0.0,absent,false,finished,False
P0I6:atp:2025/4613/ms007:F0A3,P0I6,Gabriele Piraino,M15 Antalya,FU,2025-03-24,QF,Sergey,Fomin,2-6 6-3 1-6,ITF main draw,2025,linked,13681616,1743145200.0,ITF M15 Antalya 11 Men,ITF Men,Quarterfinals,Sergey Fomin,3.0,2.0,1.0,0.0,absent,false,finished,False
P0I6:atp:2025/4613/ms015:M0NU,P0I6,Gabriele Piraino,M15 Antalya,FU,2025-03-24,R16,Gabriel,Matuszewski,6-1 6-4,ITF main draw,2025,linked,13678634,1743058800.0,ITF M15 Antalya 11 Men,ITF Men,Round of 16,Gabriel Matuszewski,3.0,2.0,1.0,0.0,absent,false,finished,False
P0I6:atp:2025/4613/ms031:A0F7,P0I6,Gabriele Piraino,M15 Antalya,FU,2025-03-24,R32,Kaya,Arinc,6-3 7-5,ITF main draw,2025,linked,13674803,1742977800.0,ITF M15 Antalya 11 Men,ITF Men,Round of 32,Kaya Arinc,3.0,2.0,1.0,0.0,absent,false,finished,False
P0I6:atp:2025/4646/ms001:A0EA,P0I6,Gabriele Piraino,M25 Santa Margherita di Pula,FU,2025-04-21,F,Max,Alcala Gurri,6-3 6-4,ITF main draw,2025,unobserved,,,,,,,,,,,,,,False
P0I6:atp:2025/4646/ms002:B0PE,P0I6,Gabriele Piraino,M25 Santa Margherita di Pula,FU,2025-04-21,SF,Federico,Bondioli,6-2 6-1,ITF main draw,2025,unobserved,,,,,,,,,,,,,,False
P0I6:atp:2025/4646/ms004:CI14,P0I6,Gabriele Piraino,M25 Santa Margherita di Pula,FU,2025-04-21,QF,Jay,Clarke,6-4 7-5,ITF main draw,2025,unobserved,,,,,,,,,,,,,,False
P0I6:atp:2025/4646/ms009:P0DR,P0I6,Gabriele Piraino,M25 Santa Margherita di Pula,FU,2025-04-21,R16,Andrea,Picchione,3-0,ITF main draw,2025,unobserved,,,,,,,,,,,,,,False
P0I6:atp:2025/4646/ms018:F0CJ,P0I6,Gabriele Piraino,M25 Santa Margherita di Pula,FU,2025-04-21,R32,Gianmarco,Ferrari,7-6(2) 7-5,ITF main draw,2025,unobserved,,,,,,,,,,,,,,False
P0I6:atp:2025/416/qs048:T0AP,P0I6,Gabriele Piraino,ATP Masters 1000 Rome,1000,2025-05-05,Q1,Chun-Hsin,Tseng,2-6 4-6,Tour qualifying,2025,unobserved,,,,,,,,,,,,,,False
P0I6:atp:2025/4696/ms004:BU10,P0I6,Gabriele Piraino,M25 Cervia,FU,2025-05-19,QF,Jacopo,Berrettini,6-4 6-7(4) 2-6,ITF main draw,2025,unobserved,,,,,,,,,,,,,,False
P0I6:atp:2025/4696/ms009:G0EU,P0I6,Gabriele Piraino,M25 Cervia,FU,2025-05-19,R16,Felix,Gill,6-3 6-3,ITF main draw,2025,unobserved,,,,,,,,,,,,,,False
P0I6:atp:2025/4696/ms019:I09N,P0I6,Gabriele Piraino,M25 Cervia,FU,2025-05-19,R32,Federico,Iannaccone,6-2 6-1,ITF main draw,2025,unobserved,,,,,,,,,,,,,,False
P0I6:atp:2025/7015/qs023:S0WT,P0I6,Gabriele Piraino,Vicenza,CH,2025-05-26,Q1,Joel,Schwaerzler,3-6 4-6,Challenger qualifying,2025,linked,13937365,1748166600.0,"Vicenza, Italy, Qualifying",Challenger,Qualification Round 1,Joel Schwaerzler,3.0,2.0,1.0,0.0,2,false,finished,True
P0I6:atp:2025/4724/ms008:M0EN,P0I6,Gabriele Piraino,M15 Caltanissetta,FU,2025-06-02,R16,Manuel,Mazza,1-6 7-6(4) 5-7,ITF main draw,2025,linked,13973105,1749110400.0,ITF M15 Caltanissetta Men,ITF Men,Round of 16,Manuel Mazza,3.0,2.0,1.0,0.0,absent,false,finished,False
P0I6:atp:2025/4724/ms016:P0OH,P0I6,Gabriele Piraino,M15 Caltanissetta,FU,2025-06-02,R32,Massimo,Pizzigoni,6-2 6-1,ITF main draw,2025,linked,13967770,1748966400.0,ITF M15 Caltanissetta Men,ITF Men,Round of 32,Massimo Pizzigoni,3.0,2.0,1.0,0.0,absent,false,finished,False
P0I6:atp:2025/9001/ms016:PH64,P0I6,Gabriele Piraino,Perugia,CH,2025-06-09,R32,Andrea,Pellegrino,6-4 4-6 4-6,Challenger main draw,2025,linked,13988458,1749548700.0,"Perugia, Italy",Challenger,Round of 32,Andrea Pellegrino,3.0,2.0,1.0,0.0,2,false,finished,True
P0I6:atp:2025/9001/qs013:R0HP,P0I6,Gabriele Piraino,Perugia,CH,2025-06-09,Q2,Lucio,Ratti,6-7(2) 6-4 6-0,Challenger qualifying,2025,linked,13985290,1749457800.0,"Perugia, Italy, Qualifying",Challenger,Qualification Final,Lucio Ratti,3.0,1.0,1.0,0.0,1,false,finished,True
P0I6:atp:2025/9001/qs027:GH33,P0I6,Gabriele Piraino,Perugia,CH,2025-06-09,Q1,Manuel,Guinard,4-6 6-1 6-2,Challenger qualifying,2025,linked,13983217,1749374100.0,"Perugia, Italy, Qualifying",Challenger,Qualification Round 1,Manuel Guinard,3.0,2.0,1.0,0.0,1,false,finished,True
P0I6:atp:2025/9835/qs023:CF01,P0I6,Gabriele Piraino,Sassuolo,CH,2025-06-16,Q1,Marco,Cecchinato,4-6 6-7(2),Challenger qualifying,2025,linked,14010383,1749974400.0,"Sassuolo, Italy, Qualifying",Challenger,Qualification Round 1,Marco Cecchinato,3.0,2.0,1.0,0.0,2,false,finished,True
P0I6:atp:2025/3463/ms016:P0HW,P0I6,Gabriele Piraino,Milan,CH,2025-06-23,R32,Dino,Prizmic,1-6 4-6,Challenger main draw,2025,linked,14037122,1750690800.0,"Milan, Italy",Challenger,Round of 32,Dino Prizmić,3.0,2.0,1.0,0.0,1,false,finished,True
P0I6:atp:2025/2877/qs027:K0EU,P0I6,Gabriele Piraino,Modena,CH,2025-06-30,Q1,Toby,Kodat,4-6 1-6,Challenger qualifying,2025,linked,14066687,1751204100.0,"Modena, Italy, Qualifying",Challenger,Qualification Round 1,Toby Alex Kodat,2.0,2.0,1.0,0.0,2,false,finished,True
P0I6:atp:2025/9868/ms001:M0NX,P0I6,Gabriele Piraino,M15 Gubbio,FU,2025-07-14,F,Andrea,Meduri,6-4 6-1,ITF main draw,2025,linked,14228040,1753038000.0,ITF M15 Gubbio Men,ITF Men,Final,Andrea Meduri,3.0,2.0,1.0,0.0,absent,false,finished,False
P0I6:atp:2025/9868/ms003:P0HY,P0I6,Gabriele Piraino,M15 Gubbio,FU,2025-07-14,SF,Samuele,Pieri,6-2 4-6 6-2,ITF main draw,2025,linked,14218785,1752951600.0,ITF M15 Gubbio Men,ITF Men,Semifinals,Samuele Pieri,3.0,2.0,1.0,0.0,absent,false,finished,False
P0I6:atp:2025/9868/ms007:R0JW,P0I6,Gabriele Piraino,M15 Gubbio,FU,2025-07-14,QF,Michele,Ribecai,6-0 6-3,ITF main draw,2025,linked,14209684,1752865200.0,ITF M15 Gubbio Men,ITF Men,Quarterfinals,Michele Ribecai,3.0,2.0,1.0,0.0,2,false,finished,True
P0I6:atp:2025/9868/ms015:L0G4,P0I6,Gabriele Piraino,M15 Gubbio,FU,2025-07-14,R16,Lorenzo,Lorusso,6-4 6-4,ITF main draw,2025,linked,14199462,1752748200.0,ITF M15 Gubbio Men,ITF Men,Round of 16,Lorenzo Lorusso,3.0,2.0,1.0,0.0,1,false,finished,True
P0I6:atp:2025/9868/ms031:B0QK,P0I6,Gabriele Piraino,M15 Gubbio,FU,2025-07-14,R32,Lorenzo,Beraldo,6-3 7-5,ITF main draw,2025,linked,14181900,1752692400.0,ITF M15 Gubbio Men,ITF Men,Round of 32,Lorenzo Beraldo,3.0,2.0,1.0,0.0,absent,false,finished,False
P0I6:atp:2025/4372/ms001:P0MG,P0I6,Gabriele Piraino,M25 Wetzlar,FU,2025-07-28,F,Raphael,Perot,2-6 6-2 7-6(8),ITF main draw,2025,linked,14339402,1754215200.0,ITF M25 Wetzlar Men,ITF Men,Final,Raphael Perot,3.0,2.0,1.0,0.0,absent,false,finished,False
P0I6:atp:2025/4372/ms002:C0B2,P0I6,Gabriele Piraino,M25 Wetzlar,FU,2025-07-28,SF,Cezar,Cretu,6-3 6-3,ITF main draw,2025,linked,14331590,1754121600.0,ITF M25 Wetzlar Men,ITF Men,Semifinals,Cezar Cretu,3.0,2.0,1.0,0.0,1,false,finished,True
P0I6:atp:2025/4372/ms005:L0AT,P0I6,Gabriele Piraino,M25 Wetzlar,FU,2025-07-28,QF,Imanol,Lopez Morillo,7-5 6-0,ITF main draw,2025,linked,14322175,1754056800.0,ITF M25 Wetzlar Men,ITF Men,Quarterfinals,Imanol Lopez Morillo,3.0,2.0,1.0,0.0,1,false,finished,True
P0I6:atp:2025/4372/ms011:M0V7,P0I6,Gabriele Piraino,M25 Wetzlar,FU,2025-07-28,R16,Vincent,Marysko,6-7(1) 7-6(5) 6-2,ITF main draw,2025,linked,14312681,1753970400.0,ITF M25 Wetzlar Men,ITF Men,Round of 16,Vincent Marysko,3.0,2.0,1.0,0.0,1,false,finished,True
P0I6:atp:2025/4372/ms023:M0NO,P0I6,Gabriele Piraino,M25 Wetzlar,FU,2025-07-28,R32,Marko,Maksimovic,3-6 6-1 6-1,ITF main draw,2025,linked,14298093,1753788600.0,ITF M25 Wetzlar Men,ITF Men,Round of 32,Marko Maksimovic,3.0,2.0,1.0,0.0,absent,false,finished,False
P0I6:atp:2025/2120/ms010:N0CS,P0I6,Gabriele Piraino,Cordenons,CH,2025-08-04,R16,Lukas,Neumayer,4-6 2-6,Challenger main draw,2025,linked,14311073,1754585400.0,"Cordenons, Italy",Challenger,Round of 16,Lukas Neumayer,3.0,2.0,1.0,0.0,1,false,finished,True
P0I6:atp:2025/2120/ms021:SO20,P0I6,Gabriele Piraino,Cordenons,CH,2025-08-04,R32,Jelle,Sels,6-4 6-2,Challenger main draw,2025,linked,14339492,1754403600.0,"Cordenons, Italy",Challenger,Round of 32,Jelle Sels,3.0,2.0,1.0,0.0,1,false,finished,True
P0I6:atp:2025/1763/qs008:C0BB,P0I6,Gabriele Piraino,Genoa,CH,2025-09-01,Q2,Tommaso,Compagnucci,2-6 2-6,Challenger qualifying,2025,unobserved,,,,,,,,,,,,,,False
P0I6:atp:2025/1763/qs016:R0HK,P0I6,Gabriele Piraino,Genoa,CH,2025-09-01,Q1,Filippo,Romano,6-4 6-2,Challenger qualifying,2025,linked,14580762,1756636366.0,"Genoa, Italy, Qualifying",Challenger,Qualification Round 1,Filippo Romano,3.0,2.0,1.0,0.0,1,false,finished,True
P0I6:atp:2025/7085/ms025:S0GV,P0I6,Gabriele Piraino,Biella,CH,2025-09-08,R32,Robert,Strombachs,3-6 4-6,Challenger main draw,2025,unobserved,,,,,,,,,,,,,,False
P0I6:atp:2025/2891/ms010:KH56,P0I6,Gabriele Piraino,Bad Waltersdorf,CH,2025-09-15,R16,Zdenek,Kolar,1-6 6-1 2-6,Challenger main draw,2025,unobserved,,,,,,,,,,,,,,False
P0I6:atp:2025/2891/ms020:T0A1,P0I6,Gabriele Piraino,Bad Waltersdorf,CH,2025-09-15,R32,Thiago Agustin,Tirante,2-6 6-1 6-4,Challenger main draw,2025,unobserved,,,,,,,,,,,,,,False
P0I6:atp:2025/2891/qs013:DB59,P0I6,Gabriele Piraino,Bad Waltersdorf,CH,2025-09-15,Q2,Dennis,Novak,6-4 3-6 0-3,Challenger qualifying,2025,unobserved,,,,,,,,,,,,,,False
P0I6:atp:2025/2891/qs026:R0AY,P0I6,Gabriele Piraino,Bad Waltersdorf,CH,2025-09-15,Q1,Gregor,Ramskogler,7-5 6-4,Challenger qualifying,2025,unobserved,,,,,,,,,,,,,,False
P0I6:atp:2025/4444/ms003:R0JW,P0I6,Gabriele Piraino,M25 Santa Margherita di Pula,FU,2025-09-29,SF,Michele,Ribecai,6-2 1-6 2-6,ITF main draw,2025,linked,14816687,1759478400.0,ITF M25 Santa Margherita di Pula 9 Men,ITF Men,Semifinals,Michele Ribecai,3.0,2.0,1.0,0.0,1,false,finished,True
P0I6:atp:2025/4444/ms006:WB19,P0I6,Gabriele Piraino,M25 Santa Margherita di Pula,FU,2025-09-29,QF,Alexander,Weis,3-0,ITF main draw,2025,linked,14809532,1759392000.0,ITF M25 Santa Margherita di Pula 9 Men,ITF Men,Quarterfinals,Alexander Weis,3.0,2.0,1.0,0.0,2,false,finished,True
P0I6:atp:2025/4444/ms013:S0QZ,P0I6,Gabriele Piraino,M25 Santa Margherita di Pula,FU,2025-09-29,R16,Sebastian,Sorger,6-4 6-4,ITF main draw,2025,unobserved,,,,,,,,,,,,,,False
P0I6:atp:2025/4444/ms027:P0O9,P0I6,Gabriele Piraino,M25 Santa Margherita di Pula,FU,2025-09-29,R32,Mika,Petkovic,6-4 2-6 6-4,ITF main draw,2025,unobserved,,,,,,,,,,,,,,False
P0I6:atp:2025/4448/ms005:G0I3,P0I6,Gabriele Piraino,M25 Santa Margherita di Pula,FU,2025-10-06,QF,Massimo,Giunta,4-6 6-4 6-7(3),ITF main draw,2025,linked,14854770,1760004900.0,ITF M25 Santa Margherita di Pula 10 Men,ITF Men,Quarterfinals,Massimo Giunta,3.0,2.0,1.0,0.0,1,false,finished,True
P0I6:atp:2025/4448/ms010:A0OE,P0I6,Gabriele Piraino,M25 Santa Margherita di Pula,FU,2025-10-06,R16,Daniel Aleksandar,Amarandei,2-6 6-2 6-2,ITF main draw,2025,linked,14846739,1759914000.0,ITF M25 Santa Margherita di Pula 10 Men,ITF Men,Round of 16,Daniel Aleksandar Amarandei,3.0,2.0,1.0,0.0,absent,false,finished,False
P0I6:atp:2025/4448/ms020:C0C1,P0I6,Gabriele Piraino,M25 Santa Margherita di Pula,FU,2025-10-06,R32,Niccolo,Catini,6-3 6-4,ITF main draw,2025,linked,14840831,1759833000.0,ITF M25 Santa Margherita di Pula 10 Men,ITF Men,Round of 32,Niccolo Catini,3.0,2.0,1.0,0.0,2,false,finished,True
P0I6:atp:2025/2955/ms005:C0NN,P0I6,Gabriele Piraino,Montemar,CH,2025-11-17,QF,Gianluca,Cadenasso,0-6 2-6,Challenger main draw,2025,linked,15042532,1763728200.0,"Montemar, Spain",Challenger,Quarterfinals,Gianluca Cadenasso,3.0,2.0,1.0,0.0,1,false,finished,True
P0I6:atp:2025/2955/ms010:M0N7,P0I6,Gabriele Piraino,Montemar,CH,2025-11-17,R16,Daniel,Merida,3-6 7-5(6) 7-6(6),Challenger main draw,2025,linked,15042524,1763655300.0,"Montemar, Spain",Challenger,Round of 16,Daniel Merida,3.0,2.0,1.0,0.0,2,false,finished,True
P0I6:atp:2025/2955/ms021:B0LN,P0I6,Gabriele Piraino,Montemar,CH,2025-11-17,R32,Adrien,Burdet,6-4 6-4,Challenger main draw,2025,linked,15107679,1763458200.0,"Montemar, Spain",Challenger,Round of 32,Adrien Burdet,3.0,2.0,1.0,0.0,1,false,finished,True
P0I6:atp:2026/8141/ms010:TD47,P0I6,Gabriele Piraino,M25 Antalya,FU,2026-01-05,R16,Evgenii,Tiurnev,2-6 6-4 4-6,ITF main draw,2026,linked,15327032,1767861600.0,ITF M25 Antalya Men,ITF Men,Round of 16,Evgenii Tiurnev,3.0,2.0,1.0,0.0,2,false,finished,True
P0I6:atp:2026/8141/ms020:S1FX,P0I6,Gabriele Piraino,M25 Antalya,FU,2026-01-05,R32,Panya,Stauffer,6-1 6-2,ITF main draw,2026,linked,15325710,1767774600.0,ITF M25 Antalya Men,ITF Men,Round of 32,Panya Stauffer,3.0,2.0,1.0,0.0,absent,false,finished,False
P0I6:atp:2026/8150/ms013:O0AI,P0I6,Gabriele Piraino,M25 Antalya,FU,2026-01-12,R16,Dusan,Obradovic,4-6 3-6,ITF main draw,2026,linked,15370091,1768460400.0,ITF M25 Antalya 2 Men,ITF Men,Round of 16,Dušan Obradović,3.0,2.0,1.0,0.0,absent,false,finished,False
P0I6:atp:2026/8150/ms027:M0EN,P0I6,Gabriele Piraino,M25 Antalya,FU,2026-01-12,R32,Manuel,Mazza,6-1 7-6(4),ITF main draw,2026,linked,15359394,1768298700.0,ITF M25 Antalya 2 Men,ITF Men,Round of 32,Manuel Mazza,3.0,2.0,1.0,0.0,absent,false,finished,False
P0I6:atp:2026/8155/ms012:H0HC,P0I6,Gabriele Piraino,M25 Antalya,FU,2026-01-19,R16,Lucca,Helguera Casado,,ITF main draw,2026,linked,15407159,1769437800.0,ITF M25 Antalya 3 Men,ITF Men,Round of 16,Lucca Helguera Casado,3.0,2.0,1.0,0.0,absent,true,canceled,False
P0I6:atp:2026/8155/ms024:W0F8,P0I6,Gabriele Piraino,M25 Antalya,FU,2026-01-19,R32,Alan,Wazny,3-6 6-2 6-4,ITF main draw,2026,linked,15398326,1769000400.0,ITF M25 Antalya 3 Men,ITF Men,Round of 32,Alan Wazny,3.0,2.0,1.0,0.0,absent,false,finished,False
P0I6:atp:2026/9623/ms013:TA12,P0I6,Gabriele Piraino,Tenerife 1,CH,2026-02-02,R16,Stefano,Travaglia,3-6 3-6,Challenger main draw,2026,linked,15440880,1770199200.0,"Tenerife, Spain",Challenger,Round of 16,Stefano Travaglia,3.0,2.0,1.0,0.0,1,false,finished,True
P0I6:atp:2026/9623/ms026:K0E6,P0I6,Gabriele Piraino,Tenerife 1,CH,2026-02-02,R32,Alibek,Kachmazov,7-6(2) 6-7(3) 6-2,Challenger main draw,2026,linked,15460040,1770042600.0,"Tenerife, Spain",Challenger,Round of 32,Alibek Kachmazov,3.0,2.0,1.0,0.0,1,false,finished,True
P0I6:atp:2026/2839/ms028:HG86,P0I6,Gabriele Piraino,Tenerife 2,CH,2026-02-09,R32,Lloyd,Harris,3-6 4-6,Challenger main draw,2026,linked,15515745,1770717600.0,"Tenerife 2, Spain",Challenger,Round of 32,Lloyd Harris,3.0,2.0,1.0,0.0,1,false,finished,True
P0I6:atp:2026/2839/qs008:B0OU,P0I6,Gabriele Piraino,Tenerife 2,CH,2026-02-09,Q2,Hynek,Barton,6-4 7-6(5),Challenger qualifying,2026,linked,15510124,1770637800.0,"Tenerife 2, Spain, Qualifying",Challenger,Qualification Final,Hynek Barton,3.0,1.0,1.0,0.0,1,false,finished,True
P0I6:atp:2026/2839/qs017:K0HB,P0I6,Gabriele Piraino,Tenerife 2,CH,2026-02-09,Q1,Szymon,Kielan,6-2 6-3,Challenger qualifying,2026,linked,15505448,1770557100.0,"Tenerife 2, Spain, Qualifying",Challenger,Qualification Round 1,Szymon Kielan,3.0,2.0,1.0,0.0,1,false,finished,True
P0I6:atp:2026/9516/ms026:GE28,P0I6,Gabriele Piraino,Lugano,CH,2026-02-23,R32,Ivan,Gakhov,6-2 2-6 6-7(6),Challenger main draw,2026,unobserved,,,,,,,,,,,,,,False
P0I6:atp:2026/9516/qs010:N0CJ,P0I6,Gabriele Piraino,Lugano,CH,2026-02-23,Q2,Petr,Nesterov,3-6 6-3 7-6(3),Challenger qualifying,2026,unobserved,,,,,,,,,,,,,,False
P0I6:atp:2026/9516/qs020:O0BE,P0I6,Gabriele Piraino,Lugano,CH,2026-02-23,Q1,Oleksandr,Ovcharenko,3-6 6-2 6-3,Challenger qualifying,2026,unobserved,,,,,,,,,,,,,,False
P0I6:atp:2026/2983/ms028:X01C,P0I6,Gabriele Piraino,Hersonissos 1,CH,2026-03-02,R32,Ioannis,Xilas,2-6 4-6,Challenger main draw,2026,unobserved,,,,,,,,,,,,,,False
P0I6:atp:2026/2983/qs010:F0BP,P0I6,Gabriele Piraino,Hersonissos 1,CH,2026-03-02,Q2,Pietro,Fellin,3-6 4-6,Challenger qualifying,2026,unobserved,,,,,,,,,,,,,,False
P0I6:atp:2026/2983/qs020:A0C5,P0I6,Gabriele Piraino,Hersonissos 1,CH,2026-03-02,Q1,Dimitris,Azoidis,6-1 6-3,Challenger qualifying,2026,unobserved,,,,,,,,,,,,,,False
P0I6:atp:2026/2985/ms027:CG33,P0I6,Gabriele Piraino,Hersonissos 2,CH,2026-03-09,R32,Kimmer,Coppejans,1-6 6-4 5-7,Challenger main draw,2026,unobserved,,,,,,,,,,,,,,False
P0I6:atp:2026/2911/ms030:C0NB,P0I6,Gabriele Piraino,Naples,CH,2026-03-23,R32,Federico,Cina,4-6 2-6,Challenger main draw,2026,unobserved,,,,,,,,,,,,,,False
P0I6:atp:2026/7494/qs009:LC12,P0I6,Gabriele Piraino,Barletta,CH,2026-03-30,Q2,Laurent,Lokoli,3-6 6-3 3-6,Challenger qualifying,2026,unobserved,,,,,,,,,,,,,,False
P0I6:atp:2026/7494/qs018:V0KL,P0I6,Gabriele Piraino,Barletta,CH,2026-03-30,Q1,Pietro,Vernò,6-0 6-0,Challenger qualifying,2026,unobserved,,,,,,,,,,,,,,False
P0I6:atp:2026/7707/ms018:K0FY,P0I6,Gabriele Piraino,Francavilla al Mare,CH,2026-05-04,R32,Martin,Krumich,4-6 4-6,Challenger main draw,2026,linked,16126024,1777990200.0,"Francavilla, Italy",Challenger,Round of 32,Martin Krumich,3.0,2.0,1.0,0.0,1,false,finished,True
P0I6:atp:2026/4675/ms001:G0A0,P0I6,Gabriele Piraino,M25 Reggio Emilia,FU,2026-05-11,F,Andrea,Guerrieri,6-7(2) 2-6,ITF main draw,2026,linked,16192145,1779007528.0,ITF M25 Reggio Emilia Men,ITF Men,Final,Andrea Guerrieri,3.0,2.0,1.0,0.0,absent,false,finished,False
P0I6:atp:2026/4675/ms003:M0EN,P0I6,Gabriele Piraino,M25 Reggio Emilia,FU,2026-05-11,SF,Manuel,Mazza,1-6 6-4 6-3,ITF main draw,2026,linked,16187505,1778940880.0,ITF M25 Reggio Emilia Men,ITF Men,Semifinals,Manuel Mazza,3.0,2.0,1.0,0.0,absent,false,finished,False
P0I6:atp:2026/4675/ms007:B0PE,P0I6,Gabriele Piraino,M25 Reggio Emilia,FU,2026-05-11,QF,Federico,Bondioli,6-0 2-6 6-4,ITF main draw,2026,linked,16182049,1778854162.0,ITF M25 Reggio Emilia Men,ITF Men,Quarterfinals,Federico Bondioli,3.0,2.0,1.0,0.0,absent,false,finished,False
P0I6:atp:2026/4675/ms014:B0PH,P0I6,Gabriele Piraino,M25 Reggio Emilia,FU,2026-05-11,R16,Jacopo,Bilardo,6-4 6-7(4) 7-5,ITF main draw,2026,linked,16175880,1778757021.0,ITF M25 Reggio Emilia Men,ITF Men,Round of 16,Jacopo Bilardo,3.0,2.0,1.0,0.0,absent,false,finished,False
P0I6:atp:2026/4675/ms028:B0VX,P0I6,Gabriele Piraino,M25 Reggio Emilia,FU,2026-05-11,R32,Pierluigi,Basile,2-6 6-2 6-3,ITF main draw,2026,linked,16165453,1778599358.0,ITF M25 Reggio Emilia Men,ITF Men,Round of 32,Pierluigi Basile,3.0,2.0,1.0,0.0,absent,false,finished,False
P0I6:atp:2026/3095/ms008:G0A0,P0I6,Gabriele Piraino,Cervia,CH,2026-05-18,R16,Andrea,Guerrieri,1-6 4-6,Challenger main draw,2026,linked,16180935,1779297000.0,"Cervia, Italy",Challenger,Round of 16,Andrea Guerrieri,3.0,2.0,1.0,0.0,1,false,finished,True
P0I6:atp:2026/3095/ms017:R0B6,P0I6,Gabriele Piraino,Cervia,CH,2026-05-18,R32,Lorenzo,Rottoli,6-4 6-3,Challenger main draw,2026,linked,16191957,1779183300.0,"Cervia, Italy",Challenger,Round of 32,Lorenzo Rottoli,3.0,2.0,1.0,0.0,1,false,finished,True
P0I6:atp:2026/4724/ms003:P0B2,P0I6,Gabriele Piraino,M25 Caltanissetta,FU,2026-06-01,SF,Luca,Potenza,3-6 6-4 4-6,ITF main draw,2026,linked,16283930,1780766103.0,ITF M25 Caltanissetta Men,ITF Men,Semifinals,Luca Potenza,3.0,2.0,1.0,0.0,absent,false,finished,False
P0I6:atp:2026/4724/ms007:I09U,P0I6,Gabriele Piraino,M25 Caltanissetta,FU,2026-06-01,QF,Rafael,Izquierdo Luque,7-5 1-6 6-4,ITF main draw,2026,linked,16279468,1780666928.0,ITF M25 Caltanissetta Men,ITF Men,Quarterfinals,Rafael Izquierdo Luque,3.0,2.0,1.0,0.0,absent,false,finished,False
P0I6:atp:2026/4724/ms015:ML51,P0I6,Gabriele Piraino,M25 Caltanissetta,FU,2026-06-01,R16,Toby,Martin,6-3 6-2,ITF main draw,2026,linked,16275972,1780591348.0,ITF M25 Caltanissetta Men,ITF Men,Round of 16,Toby Martin,3.0,2.0,1.0,0.0,absent,false,finished,False
P0I6:atp:2026/4724/ms031:L0G4,P0I6,Gabriele Piraino,M25 Caltanissetta,FU,2026-06-01,R32,Lorenzo,Lorusso,6-3 6-1,ITF main draw,2026,linked,16270930,1780505913.0,ITF M25 Caltanissetta Men,ITF Men,Round of 32,Lorenzo Lorusso,3.0,2.0,1.0,0.0,absent,false,finished,False
P0I6:atp:2026/4733/ms001:T0CU,P0I6,Gabriele Piraino,M15 Messina,FU,2026-06-08,F,Fausto,Tabacco,4-6 4-6,ITF main draw,2026,linked,16320395,1781363606.0,ITF M15 Messina Men,ITF Men,Final,Fausto Tabacco,3.0,2.0,1.0,0.0,absent,false,finished,False
P0I6:atp:2026/4733/ms002:Z0C9,P0I6,Gabriele Piraino,M15 Messina,FU,2026-06-08,SF,Marcel,Zielinski,6-1 6-3,ITF main draw,2026,linked,16314169,1781274501.0,ITF M15 Messina Men,ITF Men,Semifinals,Marcel Zielinski,3.0,2.0,1.0,0.0,absent,false,finished,False
P0I6:atp:2026/4733/ms004:B0PH,P0I6,Gabriele Piraino,M15 Messina,FU,2026-06-08,QF,Jacopo,Bilardo,0-6 6-4 6-3,ITF main draw,2026,linked,16307056,1781179973.0,ITF M15 Messina Men,ITF Men,Quarterfinals,Jacopo Bilardo,3.0,2.0,1.0,0.0,absent,false,finished,False
P0I6:atp:2026/4733/ms008:C0S4,P0I6,Gabriele Piraino,M15 Messina,FU,2026-06-08,R16,Sebastiano,Cocola,4-6 6-4 6-2,ITF main draw,2026,linked,16301507,1781095161.0,ITF M15 Messina Men,ITF Men,Round of 16,Sebastiano Cocola,3.0,2.0,1.0,0.0,absent,false,finished,False
P0I6:atp:2026/4733/ms016:R0KM,P0I6,Gabriele Piraino,M15 Messina,FU,2026-06-08,R32,Daniele,Rapagnetta,2-6 6-4 6-4,ITF main draw,2026,linked,16295729,1781022410.0,ITF M15 Messina Men,ITF Men,Round of 32,Daniele Rapagnetta,3.0,2.0,1.0,0.0,absent,false,finished,False
P0I6:atp:2026/3149/ms026:A0HZ,P0I6,Gabriele Piraino,Plovdiv,CH,2026-06-22,R32,Lorenzo,Angelini,6-2 4-6 1-6,Challenger main draw,2026,linked,16376901,1782210900.0,"Plovdiv, Bulgaria",Challenger,Round of 32,Lorenzo Angelini,3.0,2.0,1.0,0.0,1,false,finished,True
P0I6:atp:2026/9540/qs027:KC04,P0I6,Gabriele Piraino,San Marino,CH,2026-07-27,Q1,Jozef,Kovalik,6-2 6-7(3) 5-7,Challenger qualifying,2026,linked,16628326,1785069900.0,"San Marino, San Marino, Qualifying",Challenger,Qualification Round 1,Jozef Kovalik,3.0,2.0,1.0,0.0,2,false,finished,True
P0I6:atp:2026/3169/ms001:N0CJ,P0I6,Gabriele Piraino,Plovdiv 2,CH,2026-08-03,F,Petr,Nesterov,6-1 7-6(5),Challenger main draw,2026,unobserved,,,,,,,,,,,,,,False
P0I6:atp:2026/3169/ms002:S0CG,P0I6,Gabriele Piraino,Plovdiv 2,CH,2026-08-03,SF,Carlos,Sanchez Jover,7-5 6-2,Challenger main draw,2026,unobserved,,,,,,,,,,,,,,False
P0I6:atp:2026/3169/ms004:C0MH,P0I6,Gabriele Piraino,Plovdiv 2,CH,2026-08-03,QF,Gerard,Campana Lee,6-1 6-1,Challenger main draw,2026,linked,16661828,1786104000.0,"Plovdiv 2, Bulgaria",Challenger,Quarterfinals,Gerard Campana Lee,3.0,2.0,1.0,0.0,2,false,finished,True
P0I6:atp:2026/3169/ms009:M0UR,P0I6,Gabriele Piraino,Plovdiv 2,CH,2026-08-03,R16,Ognjen,Milic,6-4 6-3,Challenger main draw,2026,linked,16661825,1786029300.0,"Plovdiv 2, Bulgaria",Challenger,Round of 16,Ognjen Milić,3.0,2.0,1.0,0.0,2,false,finished,True
P0I6:atp:2026/3169/ms018:C0LK,P0I6,Gabriele Piraino,Plovdiv 2,CH,2026-08-03,R32,Carlo Alberto,Caniato,6-4 3-6 6-3,Challenger main draw,2026,linked,16693901,1785868200.0,"Plovdiv 2, Bulgaria",Challenger,Round of 32,Carlo Alberto Caniato,3.0,2.0,1.0,0.0,2,false,finished,True
P0I6:atp:2026/8392/ms024:S0GZ,P0I6,Gabriele Piraino,Todi,CH,2026-08-10,R32,Nikolas,Sanchez Izquierdo,2-6 2-6,Challenger main draw,2026,unobserved,,,,,,,,,,,,,,False
P0I6:atp:2026/4239/ms016:C0RX,P0I6,Gabriele Piraino,M25 Lesa,FU,2026-08-17,R32,Lorenzo,Comino,4-6 0-4,ITF main draw,2026,unobserved,,,,,,,,,,,,,,False
P0I6:atp:2026/3171/ms021:O0AI,P0I6,Gabriele Piraino,Plovdiv 3,CH,2026-08-31,R32,Dusan,Obradovic,3-6 6-2 5-7,Challenger main draw,2026,unobserved,,,,,,,,,,,,,,False
P0I6:atp:2026/1763/ms012:DB63,P0I6,Gabriele Piraino,Genoa (Nuova Valletta),CH,2026-09-07,R16,Laslo,Djere,2-6 1-6,Challenger main draw,2026,unobserved,,,,,,,,,,,,,,False
P0I6:atp:2026/1763/ms025:F0F4,P0I6,Gabriele Piraino,Genoa (Nuova Valletta),CH,2026-09-07,R32,Kilian,Feldbausch,7-5 6-3,Challenger main draw,2026,unobserved,,,,,,,,,,,,,,False
P0I6:atp:2026/7085/ms021:P0HY,P0I6,Gabriele Piraino,Biella,CH,2026-09-14,R32,Samuele,Pieri,7-5 2-6 5-7,Challenger main draw,2026,unobserved,,,,,,,,,,,,,,False
S0GZ:atp:2017/7814/ms018:G676,S0GZ,Nikolas Sanchez Izquierdo,Spain F27,FU,2017-08-28,R32,Daniel,Gimeno-Traver,0-6 4-6,ITF main draw,2017,linked,7556066,1504026000.0,"Spain F27, Singles",ITF Men,Round of 32,D. Gimeno-Traver,1.0,2.0,1.0,0.0,1,false,finished,True
S0GZ:atp:2017/3394/ms029:CO01,S0GZ,Nikolas Sanchez Izquierdo,Spain F33,FU,2017-10-09,R32,Andrey,Chepelev,6-7(4) 4-6,ITF main draw,2017,linked,7616462,1507626600.0,"Spain F33, Singles",ITF Men,Round of 32,Andrey Chepelev,3.0,2.0,1.0,0.0,1,false,finished,True
S0GZ:atp:2017/7478/ms002:RB60,S0GZ,Nikolas Sanchez Izquierdo,Tunisia F36,FU,2017-11-20,SF,Oriol,Roca Batalla,3-6 4-6,ITF main draw,2017,linked,7654421,1511600400.0,"Tunisia F36, Singles",ITF Men,Semifinals,Oriol Roca Batalla,3.0,2.0,1.0,0.0,2,false,finished,True
S0GZ:atp:2017/7478/ms004:D916,S0GZ,Nikolas Sanchez Izquierdo,Tunisia F36,FU,2017-11-20,QF,Steven,Diez,3-6 7-5 6-1,ITF main draw,2017,linked,7653441,1511521200.0,"Tunisia F36, Singles",ITF Men,Quarterfinals,Steven Diez,3.0,2.0,1.0,0.0,2,false,finished,True
S0GZ:atp:2017/7478/ms009:BT68,S0GZ,Nikolas Sanchez Izquierdo,Tunisia F36,FU,2017-11-20,R16,Elliot,Benchetrit,,ITF main draw,2017,linked,7651783,1511600400.0,"Tunisia F36, Singles",ITF Men,Round of 16,Elliot Benchetrit,3.0,2.0,1.0,0.0,absent,false,finished,False
S0GZ:atp:2017/7478/ms018:HB88,S0GZ,Nikolas Sanchez Izquierdo,Tunisia F36,FU,2017-11-20,R32,Mohamed,Hassan,6-1 7-5,ITF main draw,2017,linked,7651189,1511262900.0,"Tunisia F36, Singles",ITF Men,Round of 32,Mohamed Hassan,3.0,2.0,1.0,0.0,1,false,finished,True
S0GZ:atp:2017/7860/ms020:RB60,S0GZ,Nikolas Sanchez Izquierdo,Tunisia F37,FU,2017-11-27,R32,Oriol,Roca Batalla,4-6 4-6,ITF main draw,2017,linked,7656794,1511944200.0,"Tunisia F37, Singles",ITF Men,Round of 32,Oriol Roca Batalla,3.0,2.0,1.0,0.0,1,false,finished,True
S0GZ:atp:2017/7872/ms013:BH08,S0GZ,Nikolas Sanchez Izquierdo,Tunisia F40,FU,2017-12-18,R16,Marco,Bortolotti,6-4 5-7 0-6,ITF main draw,2017,linked,7672526,1513845000.0,"Tunisia F40, Singles",ITF Men,Round of 16,Marco Bortolotti,3.0,2.0,1.0,0.0,1,false,finished,True
S0GZ:atp:2017/7872/ms026:DG47,S0GZ,Nikolas Sanchez Izquierdo,Tunisia F40,FU,2017-12-18,R32,Marco,Di Prima,6-1 6-3,ITF main draw,2017,linked,7672163,1513672200.0,"Tunisia F40, Singles",ITF Men,Round of 32,M. Di Prima,1.0,2.0,1.0,0.0,1,false,finished,True
S0GZ:atp:2018/267/ms022:O674,S0GZ,Nikolas Sanchez Izquierdo,Spain F4,FU,2018-02-05,R32,Yshai,Oliel,4-6 5-7,ITF main draw,2018,linked,7709963,1518006600.0,"Spain F4, Singles",ITF Men,Round of 32,Yshai Oliel,3.0,2.0,1.0,0.0,2,false,finished,True
S0GZ:atp:2018/7211/ms014:TC48,S0GZ,Nikolas Sanchez Izquierdo,Tunisia F10,FU,2018-03-12,R16,Eduardo Agustin,Torre,6-7(6) 3-6,ITF main draw,2018,unobserved,,,,,,,,,,,,,,False
S0GZ:atp:2018/7211/ms029:LD45,S0GZ,Nikolas Sanchez Izquierdo,Tunisia F10,FU,2018-03-12,R32,Edoardo,Lamberti,6-0 6-4,ITF main draw,2018,unobserved,,,,,,,,,,,,,,False
S0GZ:atp:2018/295/ms021:CG47,S0GZ,Nikolas Sanchez Izquierdo,Spain F7,FU,2018-03-19,R32,Aaron,Cortes Alcaraz,2-6 1-6,ITF main draw,2018,unobserved,,,,,,,,,,,,,,False
S0GZ:atp:2018/331/ms021:SQ97,S0GZ,Nikolas Sanchez Izquierdo,Spain F9,FU,2018-04-16,R32,Miguel,Semmler,4-6 6-7(9),ITF main draw,2018,unobserved,,,,,,,,,,,,,,False
S0GZ:atp:2018/3560/ms012:U09H,S0GZ,Nikolas Sanchez Izquierdo,Israel F5,FU,2018-04-30,R16,Nicolas,Uryson,3-6 2-6,ITF main draw,2018,linked,7793461,1525244400.0,"Israel F5, Singles",ITF Men,Round of 16,Nicolas Uryson,3.0,2.0,1.0,0.0,2,false,finished,True
S0GZ:atp:2018/3560/ms024:CO11,S0GZ,Nikolas Sanchez Izquierdo,Israel F5,FU,2018-04-30,R32,Simon,Carr,6-4 6-3,ITF main draw,2018,unobserved,,,,,,,,,,,,,,False
S0GZ:atp:2018/3563/ms013:DB93,S0GZ,Nikolas Sanchez Izquierdo,Israel F6,FU,2018-05-07,R16,Matias Franco,Descotte,0-6 2-6,ITF main draw,2018,linked,7800220,1525935600.0,"Israel F6, Singles",ITF Men,Round of 16,Matias Franco Descotte,3.0,2.0,1.0,0.0,1,false,finished,True
S0GZ:atp:2018/3563/ms026:G0BH,S0GZ,Nikolas Sanchez Izquierdo,Israel F6,FU,2018-05-07,R32,Roi,Ginat,6-2 6-3,ITF main draw,2018,linked,7797865,1525785900.0,"Israel F6, Singles",ITF Men,Round of 32,Roi Ginat,3.0,2.0,1.0,0.0,1,false,finished,True
S0GZ:atp:2018/704/ms013:SH91,S0GZ,Nikolas Sanchez Izquierdo,Spain F11,FU,2018-05-14,R16,Jordi,Samper-Montana,1-6 4-6,ITF main draw,2018,linked,7805242,1526547600.0,"Spain F11, Singles",ITF Men,Round of 16,J. Samper-Montaña,1.0,2.0,1.0,0.0,2,false,finished,True
S0GZ:atp:2018/704/ms026:MW53,S0GZ,Nikolas Sanchez Izquierdo,Spain F11,FU,2018-05-14,R32,Sergiu Darie,Medesan,6-0 6-1,ITF main draw,2018,linked,7804442,1526380200.0,"Spain F11, Singles",ITF Men,Round of 32,Sergiu Darie Medesan,3.0,2.0,1.0,0.0,2,false,finished,True
S0GZ:atp:2018/808/ms013:Z301,S0GZ,Nikolas Sanchez Izquierdo,Spain F12,FU,2018-05-21,R16,Alexander,Zhurbin,6-1 2-6 6-7(5),ITF main draw,2018,linked,7811033,1527166800.0,"Spain F12, Singles",ITF Men,Round of 16,Alexander Zhurbin,3.0,2.0,1.0,0.0,1,false,finished,True
S0GZ:atp:2018/808/ms026:CG47,S0GZ,Nikolas Sanchez Izquierdo,Spain F12,FU,2018-05-21,R32,Aaron,Cortes Alcaraz,7-6(2) 2-6 7-6(4),ITF main draw,2018,linked,7809563,1526991600.0,"Spain F12, Singles",ITF Men,Round of 32,A. Cortes Alcaraz,1.0,2.0,1.0,0.0,2,false,finished,True
S0GZ:atp:2018/809/ms025:L0BM,S0GZ,Nikolas Sanchez Izquierdo,Spain F13,FU,2018-05-28,R32,Enrique,Luque Rico,6-3 2-6 4-6,ITF main draw,2018,linked,7814821,1527590400.0,"Spain F13, Singles",ITF Men,Round of 32,E. Luque Rico,1.0,2.0,1.0,0.0,2,false,finished,True
S0GZ:atp:2018/7404/ms019:KF31,S0GZ,Nikolas Sanchez Izquierdo,Tunisia F24,FU,2018-06-18,R32,Mikhail,Korovin,3-6 5-7,ITF main draw,2018,linked,7834032,1529412900.0,"Tunisia F24, Singles",ITF Men,Round of 32,Mikhail Korovin,3.0,2.0,1.0,0.0,2,false,finished,True
S0GZ:atp:2018/7405/ms003:N830,S0GZ,Nikolas Sanchez Izquierdo,Tunisia F25,FU,2018-06-25,SF,Johan,Nikles,0-6 6-3 4-6,ITF main draw,2018,unobserved,,,,,,,,,,,,,,False
S0GZ:atp:2018/7405/ms006:PL93,S0GZ,Nikolas Sanchez Izquierdo,Tunisia F25,FU,2018-06-25,QF,Nino,Portales,6-2 6-3,ITF main draw,2018,unobserved,,,,,,,,,,,,,,False
S0GZ:atp:2018/7405/ms012:CO01,S0GZ,Nikolas Sanchez Izquierdo,Tunisia F25,FU,2018-06-25,R16,Andrey,Chepelev,7-6(4) 6-1,ITF main draw,2018,unobserved,,,,,,,,,,,,,,False
S0GZ:atp:2018/7405/ms025:N724,S0GZ,Nikolas Sanchez Izquierdo,Tunisia F25,FU,2018-06-25,R32,Gabriele Maria,Noce,6-0 6-1,ITF main draw,2018,linked,7845538,1530088200.0,"Tunisia F25, Singles",ITF Men,Round of 32,Gabriele Maria Noce,3.0,2.0,1.0,0.0,1,false,finished,True
S0GZ:atp:2018/644/ms004:LC58,S0GZ,Nikolas Sanchez Izquierdo,Morocco F1,FU,2018-07-16,QF,Tomas,Lipovsek Puches,5-7 6-3 0-6,ITF main draw,2018,unobserved,,,,,,,,,,,,,,False
S0GZ:atp:2018/644/ms009:BI66,S0GZ,Nikolas Sanchez Izquierdo,Morocco F1,FU,2018-07-16,R16,Fernando,Bogajo,6-1 4-6 6-2,ITF main draw,2018,unobserved,,,,,,,,,,,,,,False
S0GZ:atp:2018/644/ms018:L0CK,S0GZ,Nikolas Sanchez Izquierdo,Morocco F1,FU,2018-07-16,R32,Younes,Lalami,6-0 6-2,ITF main draw,2018,unobserved,,,,,,,,,,,,,,False
S0GZ:atp:2018/1702/ms023:SY86,S0GZ,Nikolas Sanchez Izquierdo,Spain F23,FU,2018-08-13,R32,Quim,Sorni Chavarria,4-6 6-3 2-6,ITF main draw,2018,linked,7927164,1534239000.0,"Spain F23, Singles",ITF Men,Round of 32,Q. Sorni Chavarria,1.0,2.0,1.0,0.0,2,false,finished,True
S0GZ:atp:2018/6387/ms008:CH12,S0GZ,Nikolas Sanchez Izquierdo,Belgium F9,FU,2018-08-20,R16,Jan,Choinski,3-6 3-6,ITF main draw,2018,linked,7945866,1534942800.0,"Belgium F9, Singles",ITF Men,Round of 16,Jan Choinski,3.0,2.0,1.0,0.0,2,false,finished,True
S0GZ:atp:2018/6387/ms017:PM06,S0GZ,Nikolas Sanchez Izquierdo,Belgium F9,FU,2018-08-20,R32,Flemming,Peters,6-2 7-5,ITF main draw,2018,linked,7944597,1534857600.0,"Belgium F9, Singles",ITF Men,Round of 32,Flemming Peters,3.0,2.0,1.0,0.0,2,false,finished,True
S0GZ:atp:2018/6876/ms003:GG65,S0GZ,Nikolas Sanchez Izquierdo,Belgium F10,FU,2018-08-27,SF,Michael,Geerts,2-6 4-6,ITF main draw,2018,linked,7959011,1535721300.0,"Belgium F10, Singles",ITF Men,Semifinals,Michael Geerts,3.0,2.0,1.0,0.0,2,false,finished,True
S0GZ:atp:2018/6876/ms007:DH54,S0GZ,Nikolas Sanchez Izquierdo,Belgium F10,FU,2018-08-27,QF,Benjamin,Dhoe,5-7 6-1 6-4,ITF main draw,2018,linked,7957803,1535640300.0,"Belgium F10, Singles",ITF Men,Quarterfinals,Benjamin Dhoe,3.0,2.0,1.0,0.0,2,false,finished,True
S0GZ:atp:2018/6876/ms014:MV75,S0GZ,Nikolas Sanchez Izquierdo,Belgium F10,FU,2018-08-27,R16,Ignacio,Monzon,6-0 6-1,ITF main draw,2018,linked,7955901,1535541300.0,"Belgium F10, Singles",ITF Men,Round of 16,Ignacio Monzon,3.0,2.0,1.0,0.0,2,false,finished,True
S0GZ:atp:2018/6876/ms028:TC46,S0GZ,Nikolas Sanchez Izquierdo,Belgium F10,FU,2018-08-27,R32,Mateusz,Terczynski,6-1 6-3,ITF main draw,2018,linked,7952110,1535450400.0,"Belgium F10, Singles",ITF Men,Round of 32,Mateusz Terczynski,3.0,2.0,1.0,0.0,1,false,finished,True
S0GZ:atp:2018/6442/ms004:SH91,S0GZ,Nikolas Sanchez Izquierdo,Turkey F28,FU,2018-09-17,QF,Jordi,Samper-Montana,4-6 4-6,ITF main draw,2018,linked,7993091,1537521000.0,"Turkey F28, Singles",ITF Men,Quarterfinals,J. Samper-Montaña,1.0,2.0,1.0,0.0,1,false,finished,True
S0GZ:atp:2018/6442/ms009:K767,S0GZ,Nikolas Sanchez Izquierdo,Turkey F28,FU,2018-09-17,R16,Dejan,Katic,3-6 6-2,ITF main draw,2018,linked,7992028,1537428600.0,"Turkey F28, Singles",ITF Men,Round of 16,Dejan Katic,3.0,2.0,1.0,0.0,absent,false,finished,False
S0GZ:atp:2018/6442/ms018:S0AJ,S0GZ,Nikolas Sanchez Izquierdo,Turkey F28,FU,2018-09-17,R32,Maurizio,Speziali,6-0 6-2,ITF main draw,2018,linked,7989497,1537347900.0,"Turkey F28, Singles",ITF Men,Round of 32,Maurizio Speziali,3.0,2.0,1.0,0.0,1,false,finished,True
S0GZ:atp:2018/6446/ms003:KI71,S0GZ,Nikolas Sanchez Izquierdo,Turkey F29,FU,2018-09-24,SF,Kirill,Kivattsev,4-6 2-6,ITF main draw,2018,unobserved,,,,,,,,,,,,,,False
S0GZ:atp:2018/6446/ms006:T0CE,S0GZ,Nikolas Sanchez Izquierdo,Turkey F29,FU,2018-09-24,QF,Moritz,Thiem,6-2 6-0,ITF main draw,2018,unobserved,,,,,,,,,,,,,,False
S0GZ:atp:2018/6446/ms012:W0B8,S0GZ,Nikolas Sanchez Izquierdo,Turkey F29,FU,2018-09-24,R16,Jim,Walder,6-7(3) 6-3 6-4,ITF main draw,2018,linked,7998079,1538047800.0,"Turkey F29, Singles",ITF Men,Round of 16,Jim Walder,3.0,2.0,1.0,0.0,1,false,finished,True
S0GZ:atp:2018/6446/ms024:O483,S0GZ,Nikolas Sanchez Izquierdo,Turkey F29,FU,2018-09-24,R32,Christopher,O'Connell,6-4 6-2,ITF main draw,2018,linked,7996942,1537866000.0,"Turkey F29, Singles",ITF Men,Round of 32,Christopher O'Connell,3.0,2.0,1.0,0.0,1,false,finished,True
S0GZ:atp:2018/1709/ms006:C0DB,S0GZ,Nikolas Sanchez Izquierdo,Spain F30,FU,2018-10-01,QF,Alberto,Colas Sanchez,3-6 3-6,ITF main draw,2018,unobserved,,,,,,,,,,,,,,False
S0GZ:atp:2018/1709/ms012:BE44,S0GZ,Nikolas Sanchez Izquierdo,Spain F30,FU,2018-10-01,R16,Jose Daniel,Bendeck,6-2 6-1,ITF main draw,2018,unobserved,,,,,,,,,,,,,,False
S0GZ:atp:2018/1709/ms024:MH81,S0GZ,Nikolas Sanchez Izquierdo,Spain F30,FU,2018-10-01,R32,Diego-Jose,Manrique-Velazquez,6-1 6-0,ITF main draw,2018,unobserved,,,,,,,,,,,,,,False
S0GZ:atp:2018/2176/ms001:GB13,S0GZ,Nikolas Sanchez Izquierdo,Spain F31,FU,2018-10-08,F,Germain,Gigounon,7-6(4) 2-6 1-6,ITF main draw,2018,linked,8022651,1539504000.0,"Spain F31, Singles",ITF Men,Final,Germain Gigounon,3.0,2.0,1.0,0.0,1,false,finished,True
S0GZ:atp:2018/2176/ms002:GB71,S0GZ,Nikolas Sanchez Izquierdo,Spain F31,FU,2018-10-08,SF,Marc,Giner,6-1 6-4,ITF main draw,2018,linked,8021381,1539433800.0,"Spain F31, Singles",ITF Men,Semifinals,Marc Giner,3.0,2.0,1.0,0.0,absent,false,finished,False
S0GZ:atp:2018/2176/ms004:SS61,S0GZ,Nikolas Sanchez Izquierdo,Spain F31,FU,2018-10-08,QF,Omar,Salman,6-3 3-6 6-2,ITF main draw,2018,unobserved,,,,,,,,,,,,,,False
S0GZ:atp:2018/2176/ms009:MT97,S0GZ,Nikolas Sanchez Izquierdo,Spain F31,FU,2018-10-08,R16,Maxime,Mora,7-5 6-2,ITF main draw,2018,unobserved,,,,,,,,,,,,,,False
S0GZ:atp:2018/2176/ms018:PL64,S0GZ,Nikolas Sanchez Izquierdo,Spain F31,FU,2018-10-08,R32,Oleg,Prihodko,6-3 6-0,ITF main draw,2018,unobserved,,,,,,,,,,,,,,False
S0GZ:atp:2018/7860/ms009:RH46,S0GZ,Nikolas Sanchez Izquierdo,Tunisia F37,FU,2018-10-22,R16,Albert,Roglan,6-3 3-6 4-6,ITF main draw,2018,linked,8033016,1540463100.0,"Tunisia F37, Singles",ITF Men,Round of 16,Albert Roglan,3.0,2.0,1.0,0.0,1,false,finished,True
S0GZ:atp:2018/7860/ms019:O09A,S0GZ,Nikolas Sanchez Izquierdo,Tunisia F37,FU,2018-10-22,R32,Aziz,Ouakaa,4-6 6-2 6-4,ITF main draw,2018,linked,8031133,1540376100.0,"Tunisia F37, Singles",ITF Men,Round of 32,Aziz Ouakaa,3.0,2.0,1.0,0.0,1,false,finished,True
S0GZ:atp:2018/6635/ms011:F840,S0GZ,Nikolas Sanchez Izquierdo,Turkey F36,FU,2018-11-12,R16,Nerman,Fatic,4-6 2-6,ITF main draw,2018,linked,8059708,1542267000.0,"Turkey F36, Singles",ITF Men,Round of 16,Nerman Fatić,3.0,2.0,1.0,0.0,1,false,finished,True
S0GZ:atp:2018/6635/ms022:S0H2,S0GZ,Nikolas Sanchez Izquierdo,Turkey F36,FU,2018-11-12,R32,Aleksandr,Shevchenko,4-6(4) 7-6(4) 6-2,ITF main draw,2018,linked,8052663,1542184500.0,"Turkey F36, Singles",ITF Men,Round of 32,Aleksandr Shevchenko,3.0,2.0,1.0,0.0,1,false,finished,True
S0GZ:atp:2018/6640/ms009:RH54,S0GZ,Nikolas Sanchez Izquierdo,Turkey F37,FU,2018-11-19,R16,Rayane,Roumane,4-6 4-6,ITF main draw,2018,linked,8068614,1542883800.0,"Turkey F37, Singles",ITF Men,Round of 16,Rayane Roumane,3.0,2.0,1.0,0.0,2,false,finished,True
S0GZ:atp:2018/6640/ms019:P0AV,S0GZ,Nikolas Sanchez Izquierdo,Turkey F37,FU,2018-11-19,R32,Uisung,Park,6-3 6-2,ITF main draw,2018,linked,8067955,1542697200.0,"Turkey F37, Singles",ITF Men,Round of 32,Uisung Park,3.0,2.0,1.0,0.0,2,false,finished,True
S0GZ:atp:2019/8139/ms012:V762,S0GZ,Nikolas Sanchez Izquierdo,M15 Manacor,FU,2019-01-14,R16,Jeroen,Vanneste,4-6 2-6,ITF main draw,2019,unobserved,,,,,,,,,,,,,,False
S0GZ:atp:2019/8139/ms024:PG13,S0GZ,Nikolas Sanchez Izquierdo,M15 Manacor,FU,2019-01-14,R32,Jaume,Pla Malfeito,7-6(4) 1-6 6-3,ITF main draw,2019,unobserved,,,,,,,,,,,,,,False
S0GZ:atp:2019/8148/ms024:C0AU,S0GZ,Nikolas Sanchez Izquierdo,M15 Palmanova,FU,2019-01-21,R32,Francisco,Cerundolo,3-6 5-7,ITF main draw,2019,unobserved,,,,,,,,,,,,,,False
S0GZ:atp:2019/8153/ms021:L0C1,S0GZ,Nikolas Sanchez Izquierdo,M15 Palmanova,FU,2019-01-28,R32,Carlos,Lopez Montagud,7-5 4-6 2-6,ITF main draw,2019,unobserved,,,,,,,,,,,,,,False
S0GZ:atp:2019/8199/ms023:KI82,S0GZ,Nikolas Sanchez Izquierdo,M15 Tabarka,FU,2019-03-11,R32,Vit,Kopriva,0-6 6-4 6-7(6),ITF main draw,2019,unobserved,,,,,,,,,,,,,,False
S0GZ:atp:2019/8212/ms005:Z301,S0GZ,Nikolas Sanchez Izquierdo,M15 Tabarka,FU,2019-03-18,QF,Alexander,Zhurbin,6-7(5) 2-6,ITF main draw,2019,linked,8174268,1553353200.0,"Tabarka, Singles M-ITF-TUN-11A",ITF Men,Quarterfinals,Alexander Zhurbin,3.0,2.0,1.0,0.0,absent,false,finished,False
S0GZ:atp:2019/8212/ms011:DH54,S0GZ,Nikolas Sanchez Izquierdo,M15 Tabarka,FU,2019-03-18,R16,Benjamin,Dhoe,6-3 6-3,ITF main draw,2019,linked,8170190,1553261400.0,"Tabarka, Singles M-ITF-TUN-11A",ITF Men,Round of 16,Benjamin Dhoe,3.0,2.0,1.0,0.0,2,false,finished,True
S0GZ:atp:2019/8212/ms023:RE27,S0GZ,Nikolas Sanchez Izquierdo,M15 Tabarka,FU,2019-03-18,R32,Simone,Roncalli,6-3 6-2,ITF main draw,2019,unobserved,,,,,,,,,,,,,,False
S0GZ:atp:2019/8222/ms001:BU54,S0GZ,Nikolas Sanchez Izquierdo,M15 Tabarka,FU,2019-03-25,F,Geoffrey,Blancaneaux,2-6 5-7,ITF main draw,2019,linked,8180926,1554022800.0,"Tabarka, Singles M-ITF-TUN-12A",ITF Men,Final,Geoffrey Blancaneaux,3.0,2.0,1.0,0.0,2,false,finished,True
S0GZ:atp:2019/8222/ms003:D0DB,S0GZ,Nikolas Sanchez Izquierdo,M15 Tabarka,FU,2019-03-25,SF,Pierre,Delage,6-1 7-5,ITF main draw,2019,linked,8180365,1553936400.0,"Tabarka, Singles M-ITF-TUN-12A",ITF Men,Semifinals,Pierre Delage,3.0,2.0,1.0,0.0,2,false,finished,True
S0GZ:atp:2019/8222/ms007:CN78,S0GZ,Nikolas Sanchez Izquierdo,M15 Tabarka,FU,2019-03-25,QF,Lucas,Catarina,6-1 6-4,ITF main draw,2019,linked,8179876,1553850000.0,"Tabarka, Singles M-ITF-TUN-12A",ITF Men,Quarterfinals,Lucas Catarina,3.0,2.0,1.0,0.0,1,false,finished,True
S0GZ:atp:2019/8222/ms014:J0AZ,S0GZ,Nikolas Sanchez Izquierdo,M15 Tabarka,FU,2019-03-25,R16,Kyrian,Jacquet,6-2 6-3,ITF main draw,2019,linked,8178931,1553777100.0,"Tabarka, Singles M-ITF-TUN-12A",ITF Men,Round of 16,Kyrian Jacquet,3.0,2.0,1.0,0.0,2,false,finished,True
S0GZ:atp:2019/8222/ms028:C09G,S0GZ,Nikolas Sanchez Izquierdo,M15 Tabarka,FU,2019-03-25,R32,Ignacio,Carou,6-2 6-2,ITF main draw,2019,linked,8176226,1553691600.0,"Tabarka, Singles M-ITF-TUN-12A",ITF Men,Round of 32,Ignacio Carou,3.0,2.0,1.0,0.0,1,false,finished,True
S0GZ:atp:2019/8238/ms007:E830,S0GZ,Nikolas Sanchez Izquierdo,M15 Reus,FU,2019-04-08,QF,Eduard,Esteve Lobato,2-6 5-7,ITF main draw,2019,linked,8192142,1555068600.0,"Reus, Singles M-ITF-ESP-05A",ITF Men,Quarterfinals,E. Esteve Lobato,1.0,2.0,1.0,0.0,2,false,finished,True
S0GZ:atp:2019/8238/ms015:L0B4,S0GZ,Nikolas Sanchez Izquierdo,M15 Reus,FU,2019-04-08,R16,Christian,Lerby,6-1 6-2,ITF main draw,2019,linked,8191178,1554994200.0,"Reus, Singles M-ITF-ESP-05A",ITF Men,Round of 16,Christian Lerby,3.0,2.0,1.0,0.0,1,false,finished,True
S0GZ:atp:2019/8238/ms031:TC09,S0GZ,Nikolas Sanchez Izquierdo,M15 Reus,FU,2019-04-08,R32,Pol,Toledo Bague,7-5 6-1,ITF main draw,2019,linked,8189571,1554811500.0,"Reus, Singles M-ITF-ESP-05A",ITF Men,Round of 32,P. Toledo Baguè,1.0,2.0,1.0,0.0,2,false,finished,True
S0GZ:atp:2019/8249/ms004:BV25,S0GZ,Nikolas Sanchez Izquierdo,M15 Tabarka,FU,2019-04-15,QF,Javier,Barranco Cosano,3-6 3-6,ITF main draw,2019,unobserved,,,,,,,,,,,,,,False
S0GZ:atp:2019/8249/ms009:J521,S0GZ,Nikolas Sanchez Izquierdo,M15 Tabarka,FU,2019-04-15,R16,Darko,Jandric,6-0 6-3,ITF main draw,2019,linked,8196606,1555576200.0,"Tabarka, Singles M-ITF-TUN-15A",ITF Men,Round of 16,Darko Jandric,3.0,2.0,1.0,0.0,1,false,finished,True
S0GZ:atp:2019/8249/ms019:P0ER,S0GZ,Nikolas Sanchez Izquierdo,M15 Tabarka,FU,2019-04-15,R32,Pietro,Pirolt,6-1 6-3,ITF main draw,2019,linked,8195392,1555489800.0,"Tabarka, Singles M-ITF-TUN-15A",ITF Men,Round of 32,Pietro Pirolt,3.0,2.0,1.0,0.0,2,false,finished,True
S0GZ:atp:2019/8252/ms001:V762,S0GZ,Nikolas Sanchez Izquierdo,M25 Angers,FU,2019-04-22,F,Jeroen,Vanneste,6-3 7-6(2),ITF main draw,2019,unobserved,,,,,,,,,,,,,,False
S0GZ:atp:2019/8252/ms002:V812,S0GZ,Nikolas Sanchez Izquierdo,M25 Angers,FU,2019-04-22,SF,Botic,van de Zandschulp,4-6 6-4 6-4,ITF main draw,2019,unobserved,,,,,,,,,,,,,,False
S0GZ:atp:2019/8252/ms004:SK51,S0GZ,Nikolas Sanchez Izquierdo,M25 Angers,FU,2019-04-22,QF,Tobias,Simon,2-6 7-5 6-2,ITF main draw,2019,unobserved,,,,,,,,,,,,,,False
S0GZ:atp:2019/8252/ms009:T09X,S0GZ,Nikolas Sanchez Izquierdo,M25 Angers,FU,2019-04-22,R16,Clement,Tabur,7-6(4) 3-6 7-5,ITF main draw,2019,unobserved,,,,,,,,,,,,,,False
S0GZ:atp:2019/8252/ms019:CN78,S0GZ,Nikolas Sanchez Izquierdo,M25 Angers,FU,2019-04-22,R32,Lucas,Catarina,6-4 6-3,ITF main draw,2019,unobserved,,,,,,,,,,,,,,False
S0GZ:atp:2019/331/ms005:LF26,S0GZ,Nikolas Sanchez Izquierdo,M15 Valldoreix,FU,2019-05-13,QF,Orlando,Luz,2-6 5-7,ITF main draw,2019,linked,8220121,1558169100.0,"Valldoreix, Singles M-ITF-ESP-09A",ITF Men,Quarterfinals,Orlando Luz,3.0,2.0,1.0,0.0,2,false,finished,True
S0GZ:atp:2019/331/ms011:A09T,S0GZ,Nikolas Sanchez Izquierdo,M15 Valldoreix,FU,2019-05-13,R16,Dan,Added,6-4 6-3,ITF main draw,2019,unobserved,,,,,,,,,,,,,,False
S0GZ:atp:2019/331/ms022:K0BJ,S0GZ,Nikolas Sanchez Izquierdo,M15 Valldoreix,FU,2019-05-13,R32,Georgii,Kravchenko,6-2 7-6(5),ITF main draw,2019,unobserved,,,,,,,,,,,,,,False
S0GZ:atp:2019/389/ms031:GE28,S0GZ,Nikolas Sanchez Izquierdo,M25 Vic,FU,2019-05-20,R32,Ivan,Gakhov,2-6 6-4 5-7,ITF main draw,2019,linked,8223191,1558443600.0,"Vic, Singles M-ITF-ESP-10A",ITF Men,Round of 32,Ivan Gakhov,3.0,2.0,0.0,0.0,1,false,finished,True
S0GZ:atp:2019/7386/ms007:HB35,S0GZ,Nikolas Sanchez Izquierdo,M15 Tabarka,FU,2019-05-27,QF,Maxime,Hamou,6-7(6) 3-6,ITF main draw,2019,linked,8230771,1559291400.0,"Tabarka, Singles M-ITF-TUN-21A",ITF Men,Quarterfinals,Maxime Hamou,3.0,2.0,1.0,0.0,2,false,finished,True
S0GZ:atp:2019/7386/ms015:B0BJ,S0GZ,Nikolas Sanchez Izquierdo,M15 Tabarka,FU,2019-05-27,R16,Daniel,Batista,6-0 6-3,ITF main draw,2019,linked,8229906,1559211000.0,"Tabarka, Singles M-ITF-TUN-21A",ITF Men,Round of 16,Daniel Batista,3.0,2.0,1.0,0.0,1,false,finished,True
S0GZ:atp:2019/7386/ms031:J378,S0GZ,Nikolas Sanchez Izquierdo,M15 Tabarka,FU,2019-05-27,R32,Tomislav,Jotovski,6-3 6-1,ITF main draw,2019,linked,8228449,1559131200.0,"Tabarka, Singles M-ITF-TUN-21A",ITF Men,Round of 32,Tomislav Jotovski,3.0,2.0,1.0,0.0,2,false,finished,True
S0GZ:atp:2019/7400/ms001:O660,S0GZ,Nikolas Sanchez Izquierdo,M15 Tabarka,FU,2019-06-03,F,Genaro Alberto,Olivieri,3-6 6-4 6-4,ITF main draw,2019,unobserved,,,,,,,,,,,,,,False
S0GZ:atp:2019/7400/ms003:SK69,S0GZ,Nikolas Sanchez Izquierdo,M15 Tabarka,FU,2019-06-03,SF,Joao Pedro,Sorgi,6-3 6-1,ITF main draw,2019,unobserved,,,,,,,,,,,,,,False
S0GZ:atp:2019/7400/ms006:M0HC,S0GZ,Nikolas Sanchez Izquierdo,M15 Tabarka,FU,2019-06-03,QF,Emiliano,Maggioli,6-4 6-3,ITF main draw,2019,linked,8235830,1559898000.0,"Tabarka, Singles M-ITF-TUN-22A",ITF Men,Quarterfinals,Emiliano Maggioli,3.0,2.0,1.0,0.0,1,false,finished,True
S0GZ:atp:2019/7400/ms013:CO01,S0GZ,Nikolas Sanchez Izquierdo,M15 Tabarka,FU,2019-06-03,R16,Andrey,Chepelev,6-2 6-3,ITF main draw,2019,linked,8235011,1559817300.0,"Tabarka, Singles M-ITF-TUN-22A",ITF Men,Round of 16,Andrey Chepelev,3.0,2.0,1.0,0.0,1,false,finished,True
S0GZ:atp:2019/7400/ms027:F703,S0GZ,Nikolas Sanchez Izquierdo,M15 Tabarka,FU,2019-06-03,R32,Mikhail,Fufygin,6-1 6-1,ITF main draw,2019,linked,8233205,1559638800.0,"Tabarka, Singles M-ITF-TUN-22A",ITF Men,Round of 32,Mikhail Fufygin,3.0,2.0,1.0,0.0,2,false,finished,True
S0GZ:atp:2019/7404/ms010:MP94,S0GZ,Nikolas Sanchez Izquierdo,M15 Tabarka,FU,2019-06-17,R16,Adam,Moundir,2-6 3-6,ITF main draw,2019,unobserved,,,,,,,,,,,,,,False
S0GZ:atp:2019/7404/ms020:R0DR,S0GZ,Nikolas Sanchez Izquierdo,M15 Tabarka,FU,2019-06-17,R32,Maximiliano,Roman Mayorga,6-2 6-1,ITF main draw,2019,unobserved,,,,,,,,,,,,,,False
S0GZ:atp:2019/368/ms008:SX91,S0GZ,Nikolas Sanchez Izquierdo,M25 Montauban,FU,2019-06-24,R16,Thiago,Seyboth Wild,2-6 4-6,ITF main draw,2019,unobserved,,,,,,,,,,,,,,False
S0GZ:atp:2019/368/ms017:M0GZ,S0GZ,Nikolas Sanchez Izquierdo,M25 Montauban,FU,2019-06-24,R32,Giovanni,Mpetshi Perricard,6-4 7-5,ITF main draw,2019,unobserved,,,,,,,,,,,,,,False
S0GZ:atp:2019/1587/ms018:CG35,S0GZ,Nikolas Sanchez Izquierdo,M25 Getxo,FU,2019-07-08,R32,Luis Diego,Chavez Villalpando,5-7 6-3 4-6,ITF main draw,2019,unobserved,,,,,,,,,,,,,,False
S0GZ:atp:2019/3618/ms019:BE67,S0GZ,Nikolas Sanchez Izquierdo,Nur-Sultan - CH,CH,2019-07-15,R32,Mirza,Basic,4-6 6-3 3-6,Challenger main draw,2019,unobserved,,,,,,,,,,,,,,False
S0GZ:atp:2019/3618/ms038:MJ69,S0GZ,Nikolas Sanchez Izquierdo,Nur-Sultan - CH,CH,2019-07-15,R64,Luca,Margaroli,6-3 4-6 6-3,Challenger main draw,2019,unobserved,,,,,,,,,,,,,,False
S0GZ:atp:2019/6594/ms011:PG13,S0GZ,Nikolas Sanchez Izquierdo,M25 Denia,FU,2019-07-22,R16,Jaume,Pla Malfeito,3-6 6-3 4-6,ITF main draw,2019,unobserved,,,,,,,,,,,,,,False
S0GZ:atp:2019/6594/ms023:M0AA,S0GZ,Nikolas Sanchez Izquierdo,M25 Denia,FU,2019-07-22,R32,Cayetano,March,7-6(5) 2-6 6-1,ITF main draw,2019,unobserved,,,,,,,,,,,,,,False
S0GZ:atp:2019/1591/ms004:L0AT,S0GZ,Nikolas Sanchez Izquierdo,M15 Xativa,FU,2019-07-29,QF,Imanol,Lopez Morillo,4-6 4-6,ITF main draw,2019,linked,8341474,1564753500.0,"Xativa, Singles M-ITF-ESP-20A",ITF Men,Quarterfinals,Imanol Lopez Morillo,3.0,2.0,1.0,0.0,1,false,finished,True
S0GZ:atp:2019/1591/ms008:CO01,S0GZ,Nikolas Sanchez Izquierdo,M15 Xativa,FU,2019-07-29,R16,Andrey,Chepelev,6-2 6-2,ITF main draw,2019,linked,8339980,1564672800.0,"Xativa, Singles M-ITF-ESP-20A",ITF Men,Round of 16,Andrey Chepelev,3.0,2.0,1.0,0.0,1,false,finished,True
S0GZ:atp:2019/1591/ms016:TG93,S0GZ,Nikolas Sanchez Izquierdo,M15 Xativa,FU,2019-07-29,R32,Zakhar,Trapeznikov,6-3 6-3,ITF main draw,2019,linked,8338946,1564586700.0,"Xativa, Singles M-ITF-ESP-20A",ITF Men,Round of 32,Zakhar Trapeznikov,3.0,2.0,1.0,0.0,1,false,finished,True
S0GZ:atp:2019/240/ms003:U182,S0GZ,Nikolas Sanchez Izquierdo,M25 Vogau,FU,2019-08-05,SF,Camilo,Ugo Carabelli,1-6 7-5 3-6,ITF main draw,2019,linked,8351943,1565440500.0,"Vogau, Singles M-ITF-AUT-04A",ITF Men,Semifinals,Camilo Ugo Carabelli,3.0,2.0,1.0,0.0,2,false,finished,True
S0GZ:atp:2019/240/ms007:BM05,S0GZ,Nikolas Sanchez Izquierdo,M25 Vogau,FU,2019-08-05,QF,Bogdan,Bobrov,6-3 6-3,ITF main draw,2019,linked,8351062,1565347500.0,"Vogau, Singles M-ITF-AUT-04A",ITF Men,Quarterfinals,Bogdan Bobrov,3.0,2.0,1.0,0.0,1,false,finished,True
S0GZ:atp:2019/240/ms014:D935,S0GZ,Nikolas Sanchez Izquierdo,M25 Vogau,FU,2019-08-05,R16,Gibril,Diarra,6-2 7-6(4),ITF main draw,2019,linked,8349172,1565270100.0,"Vogau, Singles M-ITF-AUT-04A",ITF Men,Round of 16,Gibril Diarra,3.0,2.0,1.0,0.0,2,false,finished,True
S0GZ:atp:2019/240/ms028:VA27,S0GZ,Nikolas Sanchez Izquierdo,M25 Vogau,FU,2019-08-05,R32,Mick,Veldheer,6-2 6-4,ITF main draw,2019,linked,8345042,1565164800.0,"Vogau, Singles M-ITF-AUT-04A",ITF Men,Round of 32,Mick Veldheer,3.0,2.0,1.0,0.0,2,false,finished,True
S0GZ:atp:2019/1755/ms003:TC11,S0GZ,Nikolas Sanchez Izquierdo,M25 Pitesti,FU,2019-08-12,SF,Marko,Tepavac,2-6 3-6,ITF main draw,2019,linked,8363485,1566032400.0,"Pitesti, Singles M-ITF-ROU-08A",ITF Men,Semifinals,Marko Tepavac,3.0,2.0,1.0,0.0,2,false,finished,True
S0GZ:atp:2019/1755/ms007:T0AA,S0GZ,Nikolas Sanchez Izquierdo,M25 Pitesti,FU,2019-08-12,QF,Dan Alexandru,Tomescu,6-0 6-4,ITF main draw,2019,linked,8362163,1565940600.0,"Pitesti, Singles M-ITF-ROU-08A",ITF Men,Quarterfinals,Dan Alexandru Tomescu,3.0,2.0,1.0,0.0,2,false,finished,True
S0GZ:atp:2019/1755/ms015:M0DQ,S0GZ,Nikolas Sanchez Izquierdo,M25 Pitesti,FU,2019-08-12,R16,Vladislav,Melnic,6-3 6-3,ITF main draw,2019,linked,8361388,1565859600.0,"Pitesti, Singles M-ITF-ROU-08A",ITF Men,Round of 16,Vladislav Melnic,3.0,2.0,1.0,0.0,2,false,finished,True
S0GZ:atp:2019/1755/ms031:DD67,S0GZ,Nikolas Sanchez Izquierdo,M25 Pitesti,FU,2019-08-12,R32,Vlad Andrei,Dumitru,6-4 6-0,ITF main draw,2019,linked,8356708,1565781900.0,"Pitesti, Singles M-ITF-ROU-08A",ITF Men,Round of 32,Vlad Andrei Dumitru,3.0,2.0,1.0,0.0,2,false,finished,True
S0GZ:atp:2019/1594/ms012:E830,S0GZ,Nikolas Sanchez Izquierdo,M25 Santander,FU,2019-08-19,R16,Eduard,Esteve Lobato,4-6 4-6,ITF main draw,2019,linked,8370176,1566469200.0,"Santander, Singles M-ITF-ESP-22A",ITF Men,Round of 16,E. Esteve Lobato,1.0,2.0,1.0,0.0,2,false,finished,True
S0GZ:atp:2019/1594/ms025:G820,S0GZ,Nikolas Sanchez Izquierdo,M25 Santander,FU,2019-08-19,R32,Xin,Gao,6-1 6-1,ITF main draw,2019,linked,8366356,1566374400.0,"Santander, Singles M-ITF-ESP-22A",ITF Men,Round of 32,Xin Gao,3.0,2.0,1.0,0.0,1,false,finished,True
S0GZ:atp:2019/448/ms061:LB51,S0GZ,Nikolas Sanchez Izquierdo,Szczecin - CH,CH,2019-09-09,R64,Julian,Lenz,2-6 4-6,Challenger main draw,2019,linked,8401111,1568121300.0,"Szczecin, Poland",Challenger,Round of 64,Julian Lenz,3.0,2.0,1.0,0.0,1,false,finished,True
S0GZ:atp:2019/6590/ms013:LC12,S0GZ,Nikolas Sanchez Izquierdo,Sibiu - CH,CH,2019-09-16,R16,Laurent,Lokoli,4-6 5-7,Challenger main draw,2019,unobserved,,,,,,,,,,,,,,False
S0GZ:atp:2019/6590/ms026:Z419,S0GZ,Nikolas Sanchez Izquierdo,Sibiu - CH,CH,2019-09-16,R32,Bernabe,Zapata Miralles,6-2 6-4,Challenger main draw,2019,unobserved,,,,,,,,,,,,,,False
S0GZ:atp:2019/6590/ms053:TC09,S0GZ,Nikolas Sanchez Izquierdo,Sibiu - CH,CH,2019-09-16,R64,Pol,Toledo Bague,6-2 6-1,Challenger main draw,2019,linked,8410953,1568635500.0,"Sibiu, Romania",Challenger,Round of 64,P. Toledo Baguè,1.0,2.0,1.0,0.0,absent,false,finished,False
S0GZ:atp:2019/2137/ms005:F840,S0GZ,Nikolas Sanchez Izquierdo,M25 Santa Margherita Di Pula,FU,2019-09-23,QF,Nerman,Fatic,0-6 1-6,ITF main draw,2019,unobserved,,,,,,,,,,,,,,False
S0GZ:atp:2019/2137/ms010:M0HC,S0GZ,Nikolas Sanchez Izquierdo,M25 Santa Margherita Di Pula,FU,2019-09-23,R16,Emiliano,Maggioli,3-6 7-5 6-0,ITF main draw,2019,unobserved,,,,,,,,,,,,,,False
S0GZ:atp:2019/2137/ms020:M0J6,S0GZ,Nikolas Sanchez Izquierdo,M25 Santa Margherita Di Pula,FU,2019-09-23,R32,Kirill,Mishkin,6-1 6-1,ITF main draw,2019,unobserved,,,,,,,,,,,,,,False
S0GZ:atp:2019/1707/ms002:N830,S0GZ,Nikolas Sanchez Izquierdo,M15 Sabadell,FU,2019-09-30,SF,Johan,Nikles,6-2 4-6 6-7(4),ITF main draw,2019,linked,8447058,1570267800.0,"Sabadell, Singles M-ITF-ESP-28A",ITF Men,Semifinals,Johan Nikles,3.0,2.0,1.0,0.0,2,false,finished,True
S0GZ:atp:2019/1707/ms004:KI71,S0GZ,Nikolas Sanchez Izquierdo,M15 Sabadell,FU,2019-09-30,QF,Kirill,Kivattsev,6-4 6-2,ITF main draw,2019,linked,8446344,1570183200.0,"Sabadell, Singles M-ITF-ESP-28A",ITF Men,Quarterfinals,Kirill Kivattsev,3.0,2.0,1.0,0.0,1,false,finished,True
S0GZ:atp:2019/1707/ms008:L0CX,S0GZ,Nikolas Sanchez Izquierdo,M15 Sabadell,FU,2019-09-30,R16,Pablo,Llamas Ruiz,6-4 4-6 6-4,ITF main draw,2019,unobserved,,,,,,,,,,,,,,False
S0GZ:atp:2019/1707/ms016:H0DU,S0GZ,Nikolas Sanchez Izquierdo,M15 Sabadell,FU,2019-09-30,R32,Gustavo,Heide,6-4 6-2,ITF main draw,2019,unobserved,,,,,,,,,,,,,,False
S0GZ:atp:2019/1709/ms027:G0AV,S0GZ,Nikolas Sanchez Izquierdo,M25 Riba - Roja de Turia,FU,2019-10-07,R32,Carlos,Gimeno Valero,2-6 6-7(3),ITF main draw,2019,linked,8450077,1570628400.0,"Riba - Roja De Turia, Singles M-ITF-ESP-30A",ITF Men,Round of 32,Carlos Gimeno Valero,3.0,2.0,1.0,0.0,1,false,finished,True
S0GZ:atp:2019/8344/ms016:D0CN,S0GZ,Nikolas Sanchez Izquierdo,M15 Benicarlo,FU,2019-10-21,R32,Miguel,Damas,7-6(2) 4-6 6-7(1),ITF main draw,2019,linked,8463520,1571820000.0,"Benicarlo, Singles M-ITF-ESP-32A",ITF Men,Round of 32,Miguel Damas,3.0,2.0,1.0,0.0,1,false,finished,True
S0GZ:atp:2020/8146/ms001:MI08,S0GZ,Nikolas Sanchez Izquierdo,M15 Cairo,FU,2020-01-13,F,Javier,Marti,2-6 6-2 6-7(5),ITF main draw,2020,linked,8552756,1579422600.0,"Cairo, Singles M-ITF-EGY-01A",ITF Men,Final,Javier Marti,3.0,2.0,1.0,0.0,1,false,finished,True
S0GZ:atp:2020/8146/ms003:CH19,S0GZ,Nikolas Sanchez Izquierdo,M15 Cairo,FU,2020-01-13,SF,Daniele,Capecchi,6-1 4-6 6-0,ITF main draw,2020,linked,8551978,1579336200.0,"Cairo, Singles M-ITF-EGY-01A",ITF Men,Semifinals,Daniele Capecchi,3.0,2.0,1.0,0.0,2,false,finished,True
S0GZ:atp:2020/8146/ms007:HH36,S0GZ,Nikolas Sanchez Izquierdo,M15 Cairo,FU,2020-01-13,QF,Petr,Hajek,6-1 6-3,ITF main draw,2020,linked,8549624,1579248000.0,"Cairo, Singles M-ITF-EGY-01A",ITF Men,Quarterfinals,P. Hájek,1.0,2.0,1.0,0.0,2,false,finished,True
S0GZ:atp:2020/8146/ms015:VA67,S0GZ,Nikolas Sanchez Izquierdo,M15 Cairo,FU,2020-01-13,R16,Valentin,Vanta,6-1 6-1,ITF main draw,2020,linked,8548679,1579167600.0,"Cairo, Singles M-ITF-EGY-01A",ITF Men,Round of 16,Valentin Vanta,3.0,2.0,1.0,0.0,1,false,finished,True
S0GZ:atp:2020/8146/ms031:J738,S0GZ,Nikolas Sanchez Izquierdo,M15 Cairo,FU,2020-01-13,R32,Niklas,Johansson,5-7 6-3 6-2,ITF main draw,2020,linked,8546220,1579080300.0,"Cairo, Singles M-ITF-EGY-01A",ITF Men,Round of 32,Niklas Johansson,3.0,2.0,1.0,0.0,1,false,finished,True
S0GZ:atp:2020/8152/ms001:PL53,S0GZ,Nikolas Sanchez Izquierdo,M15 Cairo,FU,2020-01-20,F,Matthieu,Perchicot,7-6(4) 7-6(3),ITF main draw,2020,unobserved,,,,,,,,,,,,,,False
S0GZ:atp:2020/8152/ms002:PG69,S0GZ,Nikolas Sanchez Izquierdo,M15 Cairo,FU,2020-01-20,SF,Juan Pablo,Paz,6-2 7-6(3),ITF main draw,2020,unobserved,,,,,,,,,,,,,,False
S0GZ:atp:2020/8152/ms004:F0DD,S0GZ,Nikolas Sanchez Izquierdo,M15 Cairo,FU,2020-01-20,QF,Marco,Furlanetto,6-2 6-3,ITF main draw,2020,unobserved,,,,,,,,,,,,,,False
S0GZ:atp:2020/8152/ms008:RH90,S0GZ,Nikolas Sanchez Izquierdo,M15 Cairo,FU,2020-01-20,R16,Dusan,Rajic,6-4 6-1,ITF main draw,2020,linked,8557022,1579766400.0,"Cairo, Singles M-ITF-EGY-02A",ITF Men,Round of 16,Dusan Rajic,3.0,2.0,1.0,0.0,1,false,finished,True
S0GZ:atp:2020/8152/ms016:CO01,S0GZ,Nikolas Sanchez Izquierdo,M15 Cairo,FU,2020-01-20,R32,Andrey,Chepelev,6-3 6-4,ITF main draw,2020,linked,8555420,1579680000.0,"Cairo, Singles M-ITF-EGY-02A",ITF Men,Round of 32,Andrey Chepelev,3.0,2.0,1.0,0.0,2,false,finished,True
S0GZ:atp:2020/8148/ms001:O635,S0GZ,Nikolas Sanchez Izquierdo,M15 Palmanova,FU,2020-02-10,F,Jules,Okala,4-6 6-2 6-2,ITF main draw,2020,unobserved,,,,,,,,,,,,,,False
S0GZ:atp:2020/8148/ms003:HA33,S0GZ,Nikolas Sanchez Izquierdo,M15 Palmanova,FU,2020-02-10,SF,Peter,Heller,6-2 6-0,ITF main draw,2020,unobserved,,,,,,,,,,,,,,False
S0GZ:atp:2020/8148/ms007:PL53,S0GZ,Nikolas Sanchez Izquierdo,M15 Palmanova,FU,2020-02-10,QF,Matthieu,Perchicot,6-3 7-5,ITF main draw,2020,unobserved,,,,,,,,,,,,,,False
S0GZ:atp:2020/8148/ms015:P0CT,S0GZ,Nikolas Sanchez Izquierdo,M15 Palmanova,FU,2020-02-10,R16,Francesco,Passaro,6-2 7-5,ITF main draw,2020,unobserved,,,,,,,,,,,,,,False
S0GZ:atp:2020/8148/ms031:S0O1,S0GZ,Nikolas Sanchez Izquierdo,M15 Palmanova,FU,2020-02-10,R32,Alejandro,Sanchez Gonzalez,6-1 6-3,ITF main draw,2020,unobserved,,,,,,,,,,,,,,False
S0GZ:atp:2020/8180/ms001:F0BT,S0GZ,Nikolas Sanchez Izquierdo,M15 Antalya,FU,2020-02-17,F,Jonas,Forejtek,4-6 3-6,ITF main draw,2020,linked,8589706,1582447800.0,"Antalya, Singles M-ITF-TUR-07A",ITF Men,Final,Jonas Forejtek,3.0,2.0,1.0,0.0,2,false,finished,True
S0GZ:atp:2020/8180/ms002:HB35,S0GZ,Nikolas Sanchez Izquierdo,M15 Antalya,FU,2020-02-17,SF,Maxime,Hamou,6-3 6-4,ITF main draw,2020,linked,8589531,1582365600.0,"Antalya, Singles M-ITF-TUR-07A",ITF Men,Semifinals,Maxime Hamou,3.0,2.0,1.0,0.0,1,false,finished,True
S0GZ:atp:2020/8180/ms005:BM45,S0GZ,Nikolas Sanchez Izquierdo,M15 Antalya,FU,2020-02-17,QF,Domagoj,Biljesko,7-5 4-6 6-2,ITF main draw,2020,linked,8587800,1582272900.0,"Antalya, Singles M-ITF-TUR-07A",ITF Men,Quarterfinals,Domagoj Bilješko,3.0,2.0,1.0,0.0,1,false,finished,True
S0GZ:atp:2020/8180/ms010:MO35,S0GZ,Nikolas Sanchez Izquierdo,M15 Antalya,FU,2020-02-17,R16,Calin,Manda,6-2 6-2,ITF main draw,2020,linked,8586503,1582191300.0,"Antalya, Singles M-ITF-TUR-07A",ITF Men,Round of 16,Calin Manda,3.0,2.0,1.0,0.0,2,false,finished,True
S0GZ:atp:2020/8180/ms020:I09I,S0GZ,Nikolas Sanchez Izquierdo,M15 Antalya,FU,2020-02-17,R32,Alessandro,Ingarao,6-3 6-2,ITF main draw,2020,linked,8583987,1582106400.0,"Antalya, Singles M-ITF-TUR-07A",ITF Men,Round of 32,Alessandro Ingarao,3.0,2.0,1.0,0.0,2,false,finished,True
S0GZ:atp:2020/8230/ms013:KC33,S0GZ,Nikolas Sanchez Izquierdo,M25 Antalya,FU,2020-02-24,R16,Dimitar,Kuzmanov,1-6 4-6,ITF main draw,2020,linked,8593261,1582791900.0,"Antalya, Singles M-ITF-TUR-08A",ITF Men,Round of 16,Dimitar Kuzmanov,3.0,2.0,1.0,0.0,1,false,finished,True
S0GZ:atp:2020/8230/ms026:V0B2,S0GZ,Nikolas Sanchez Izquierdo,M25 Antalya,FU,2020-02-24,R32,Michael,Vrbensky,6-2 4-6 6-4,ITF main draw,2020,linked,8591347,1582720500.0,"Antalya, Singles M-ITF-TUR-08A",ITF Men,Round of 32,Michael Vrbensky,3.0,2.0,1.0,0.0,2,false,finished,True
S0GZ:atp:2020/8238/ms024:E830,S0GZ,Nikolas Sanchez Izquierdo,M25 Murcia,FU,2020-03-02,R32,Eduard,Esteve Lobato,0-6 6-1 3-6,ITF main draw,2020,linked,8598391,1583312400.0,"Murcia, Singles M-ITF-ESP-05A",ITF Men,Round of 32,E. Esteve Lobato,1.0,2.0,1.0,0.0,1,false,finished,True
S0GZ:atp:2020/8392/qs014:GH92,S0GZ,Nikolas Sanchez Izquierdo,Todi,CH,2020-08-17,Q1,Borna,Gojo,4-6 0-6,Challenger qualifying,2020,linked,8851112,1597488300.0,"Todi, Italy, Qualifying",Challenger,Qualification,Borna Gojo,3.0,1.0,1.0,0.0,absent,false,finished,False
S0GZ:atp:2020/9401/ms003:HA33,S0GZ,Nikolas Sanchez Izquierdo,M15 Anif,FU,2020-08-24,SF,Peter,Heller,1-6 1-6,ITF main draw,2020,unobserved,,,,,,,,,,,,,,False
S0GZ:atp:2020/9401/ms007:DB93,S0GZ,Nikolas Sanchez Izquierdo,M15 Anif,FU,2020-08-24,QF,Matias Franco,Descotte,6-2 6-3,ITF main draw,2020,unobserved,,,,,,,,,,,,,,False
S0GZ:atp:2020/9401/ms015:F0A4,S0GZ,Nikolas Sanchez Izquierdo,M15 Anif,FU,2020-08-24,R16,Francesco,Forti,6-4 3-6 7-5,ITF main draw,2020,linked,8912177,1598515200.0,"Anif, Singles M-ITF-AUT-06A",ITF Men,Round of 16,Francesco Forti,3.0,2.0,1.0,0.0,2,false,finished,True
S0GZ:atp:2020/9401/ms031:A0CJ,S0GZ,Nikolas Sanchez Izquierdo,M15 Anif,FU,2020-08-24,R32,Duje,Ajdukovic,7-6(6) 6-1,ITF main draw,2020,linked,8907399,1598447100.0,"Anif, Singles M-ITF-AUT-06A",ITF Men,Round of 32,Duje Ajduković,3.0,2.0,1.0,0.0,1,false,finished,True
S0GZ:atp:2020/6595/ms026:CG04,S0GZ,Nikolas Sanchez Izquierdo,M25 Prague,FU,2020-09-14,R32,Pedro,Cachin,1-6 4-6,ITF main draw,2020,unobserved,,,,,,,,,,,,,,False
S0GZ:atp:2020/9357/ms020:CE25,S0GZ,Nikolas Sanchez Izquierdo,Forli,CH,2020-09-21,R32,Salvatore,Caruso,6-7(6) 6-7(7),Challenger main draw,2020,unobserved,,,,,,,,,,,,,,False
S0GZ:atp:2020/9357/qs005:RC04,S0GZ,Nikolas Sanchez Izquierdo,Forli,CH,2020-09-21,Q2,Alexander,Ritschard,6-1 6-2,Challenger qualifying,2020,unobserved,,,,,,,,,,,,,,False
S0GZ:atp:2020/9357/qs011:SO96,S0GZ,Nikolas Sanchez Izquierdo,Forli,CH,2020-09-21,Q1,Ronald,Slobodchikov,7-5 3-0,Challenger qualifying,2020,unobserved,,,,,,,,,,,,,,False
S0GZ:atp:2020/7461/ms025:C0C8,S0GZ,Nikolas Sanchez Izquierdo,M25 Pardubice,FU,2020-09-28,R32,Juan Manuel,Cerundolo,7-5 1-6 3-10,ITF main draw,2020,unobserved,,,,,,,,,,,,,,False
S0GZ:atp:2020/9132/qs007:N0AE,S0GZ,Nikolas Sanchez Izquierdo,Barcelona,CH,2020-10-05,Q2,Brandon,Nakashima,1-6 2-6,Challenger qualifying,2020,linked,9092492,1601806800.0,"Barcelona, Spain, Qualifying",Challenger,Qualification,Brandon Nakashima,3.0,1.0,1.0,0.0,absent,false,finished,False
S0GZ:atp:2020/9132/qs015:BK19,S0GZ,Nikolas Sanchez Izquierdo,Barcelona,CH,2020-10-05,Q1,Mathias,Bourgue,6-3 6-0,Challenger qualifying,2020,unobserved,,,,,,,,,,,,,,False
S0GZ:atp:2020/812/ms023:D917,S0GZ,Nikolas Sanchez Izquierdo,M25 Rodez,FU,2020-10-12,R32,Sadio,Doumbia,6-7(4) 3-6,ITF main draw,2020,linked,9109316,1602662100.0,"Rodez, Singles M-ITF-FRA-18A",ITF Men,Round of 32,Sadio Doumbia,3.0,2.0,1.0,0.0,2,false,finished,True
S0GZ:atp:2020/2136/ms030:V942,S0GZ,Nikolas Sanchez Izquierdo,M25 Hamburg,FU,2020-10-19,R32,Tim,van Rijthoven,6-2 5-7 4-6,ITF main draw,2020,linked,9122330,1603187700.0,"Hamburg, Singles M-ITF-GER-14A",ITF Men,Round of 32,Tim van Rijthoven,3.0,2.0,1.0,0.0,1,false,finished,True
S0GZ:atp:2020/7181/ms012:CG04,S0GZ,Nikolas Sanchez Izquierdo,M25 Vale do Lobo,FU,2020-10-26,R16,Pedro,Cachin,1-6 2-5,ITF main draw,2020,linked,9141147,1603974300.0,"Tavira, Singles M-ITF-POR-12A",ITF Men,Round of 16,Pedro Cachin,3.0,2.0,0.0,0.0,1,false,finished,True
S0GZ:atp:2020/7181/ms025:R0A7,S0GZ,Nikolas Sanchez Izquierdo,M25 Vale do Lobo,FU,2020-10-26,R32,Joao Lucas,Reis Da Silva,3-6 7-5 6-4,ITF main draw,2020,linked,9139521,1603885500.0,"Tavira, Singles M-ITF-POR-12A",ITF Men,Round of 32,Joao Lucas Reis da Silva,3.0,2.0,0.0,0.0,1,false,finished,True
S0GZ:atp:2020/1704/ms003:BV25,S0GZ,Nikolas Sanchez Izquierdo,M15 Valldoriex,FU,2020-11-09,SF,Javier,Barranco Cosano,6-4 0-6 3-6,ITF main draw,2020,unobserved,,,,,,,,,,,,,,False
S0GZ:atp:2020/1704/ms006:CG04,S0GZ,Nikolas Sanchez Izquierdo,M15 Valldoriex,FU,2020-11-09,QF,Pedro,Cachin,6-4 6-3,ITF main draw,2020,linked,9166677,1605257700.0,"Valldoreix, 2020 Spain F25, Singles",ITF Men,Quarterfinals,Pedro Cachin,3.0,2.0,0.0,0.0,2,false,finished,True
S0GZ:atp:2020/1704/ms013:MW18,S0GZ,Nikolas Sanchez Izquierdo,M15 Valldoriex,FU,2020-11-09,R16,Nicolas,Moreno De Alboran,6-4 6-2,ITF main draw,2020,linked,9164555,1605171300.0,"Valldoreix, 2020 Spain F25, Singles",ITF Men,Round of 16,Nicolas Moreno de Alboran,3.0,2.0,0.0,0.0,1,false,finished,True
S0GZ:atp:2020/1704/ms027:V09T,S0GZ,Nikolas Sanchez Izquierdo,M15 Valldoriex,FU,2020-11-09,R32,Pedro,Vives Marcos,6-2 6-2,ITF main draw,2020,linked,9161265,1605020100.0,"Valldoreix, 2020 Spain F25, Singles",ITF Men,Round of 32,Pedro Vives Marcos,3.0,2.0,0.0,0.0,1,false,finished,True
S0GZ:atp:2020/1705/ms002:TA29,S0GZ,Nikolas Sanchez Izquierdo,M15 Villena,FU,2020-11-16,SF,Marco,Trungelliti,1-6 1-6,ITF main draw,2020,unobserved,,,,,,,,,,,,,,False
S0GZ:atp:2020/1705/ms005:PL53,S0GZ,Nikolas Sanchez Izquierdo,M15 Villena,FU,2020-11-16,QF,Matthieu,Perchicot,6-4 7-5,ITF main draw,2020,unobserved,,,,,,,,,,,,,,False
S0GZ:atp:2020/1705/ms010:GE28,S0GZ,Nikolas Sanchez Izquierdo,M15 Villena,FU,2020-11-16,R16,Ivan,Gakhov,6-3 7-6(4),ITF main draw,2020,unobserved,,,,,,,,,,,,,,False
S0GZ:atp:2020/1705/ms020:MW18,S0GZ,Nikolas Sanchez Izquierdo,M15 Villena,FU,2020-11-16,R32,Nicolas,Moreno De Alboran,6-2 7-6(4),ITF main draw,2020,unobserved,,,,,,,,,,,,,,False
S0GZ:atp:2020/8312/qs005:A0CJ,S0GZ,Nikolas Sanchez Izquierdo,Maia,CH,2020-11-30,Q2,Duje,Ajdukovic,6-3 6-7(5) 5-7,Challenger qualifying,2020,unobserved,,,,,,,,,,,,,,False
S0GZ:atp:2020/8312/qs011:H808,S0GZ,Nikolas Sanchez Izquierdo,Maia,CH,2020-11-30,Q1,Harri,Heliovaara,6-2 6-4,Challenger qualifying,2020,unobserved,,,,,,,,,,,,,,False
S0GZ:atp:2021/398/qs014:AC55,S0GZ,Nikolas Sanchez Izquierdo,Cherbourg,CH,2021-02-08,Q1,Sander,Arends,6-0 2-6 5-7,Challenger qualifying,2021,unobserved,,,,,,,,,,,,,,False
S0GZ:atp:2021/9456/qs005:MV14,S0GZ,Nikolas Sanchez Izquierdo,Gran Canaria 1,CH,2021-02-22,Q2,Alex,Molcan,6-7(5) 3-6,Challenger qualifying,2021,unobserved,,,,,,,,,,,,,,False
S0GZ:atp:2021/9456/qs011:Q02I,S0GZ,Nikolas Sanchez Izquierdo,Gran Canaria 1,CH,2021-02-22,Q1,Tomas,Quesada Perez,6-1 6-1,Challenger qualifying,2021,unobserved,,,,,,,,,,,,,,False
S0GZ:atp:2021/9458/ms014:G983,S0GZ,Nikolas Sanchez Izquierdo,Gran Canaria 2,CH,2021-03-01,R16,Alessandro,Giannessi,6-7(9) 5-7,Challenger main draw,2021,unobserved,,,,,,,,,,,,,,False
S0GZ:atp:2021/9458/ms029:PH64,S0GZ,Nikolas Sanchez Izquierdo,Gran Canaria 2,CH,2021-03-01,R32,Andrea,Pellegrino,5-7 7-5 6-3,Challenger main draw,2021,unobserved,,,,,,,,,,,,,,False
S0GZ:atp:2021/8153/ms001:N0AM,S0GZ,Nikolas Sanchez Izquierdo,M15 La Nucia,FU,2021-03-08,F,Emilio,Nava,6-7(8) 5-7,ITF main draw,2021,linked,9398686,1615719600.0,"La Nucia, Singles M-ITF-ESP-04A",ITF Men,Final,Emilio Nava,3.0,2.0,1.0,0.0,2,false,finished,True
S0GZ:atp:2021/8153/ms003:L0CX,S0GZ,Nikolas Sanchez Izquierdo,M15 La Nucia,FU,2021-03-08,SF,Pablo,Llamas Ruiz,6-4 6-1,ITF main draw,2021,linked,9397476,1615629600.0,"La Nucia, Singles M-ITF-ESP-04A",ITF Men,Semifinals,Pablo Llamas Ruiz,3.0,2.0,1.0,0.0,1,false,finished,True
S0GZ:atp:2021/8153/ms006:K0BJ,S0GZ,Nikolas Sanchez Izquierdo,M15 La Nucia,FU,2021-03-08,QF,Georgii,Kravchenko,6-4 6-1,ITF main draw,2021,linked,9396235,1615541100.0,"La Nucia, Singles M-ITF-ESP-04A",ITF Men,Quarterfinals,Georgii Kravchenko,3.0,2.0,1.0,0.0,2,false,finished,True
S0GZ:atp:2021/8153/ms013:S09Y,S0GZ,Nikolas Sanchez Izquierdo,M15 La Nucia,FU,2021-03-08,R16,Nathan,Seateun,6-2 6-1,ITF main draw,2021,unobserved,,,,,,,,,,,,,,False
S0GZ:atp:2021/8153/ms027:M0GZ,S0GZ,Nikolas Sanchez Izquierdo,M15 La Nucia,FU,2021-03-08,R32,Giovanni,Mpetshi Perricard,6-4 4-6 6-3,ITF main draw,2021,unobserved,,,,,,,,,,,,,,False
S0GZ:atp:2021/9472/ms008:ML57,S0GZ,Nikolas Sanchez Izquierdo,Zadar,CH,2021-03-22,R16,Gianluca,Mager,6-1 4-6 1-6,Challenger main draw,2021,linked,9420948,1616664600.0,"Zadar, Croatia",Challenger,Round of 16,Gianluca Mager,3.0,2.0,1.0,0.0,1,false,finished,True
S0GZ:atp:2021/9472/ms017:PH42,S0GZ,Nikolas Sanchez Izquierdo,Zadar,CH,2021-03-22,R32,Matija,Pecotic,3-6 6-3 6-2,Challenger main draw,2021,linked,9418766,1616490000.0,"Zadar, Croatia",Challenger,Round of 32,Matija Pecotić,3.0,2.0,1.0,0.0,2,false,finished,True
S0GZ:atp:2021/9472/qs005:ML73,S0GZ,Nikolas Sanchez Izquierdo,Zadar,CH,2021-03-22,Q2,Skander,Mansouri,6-2 6-1,Challenger qualifying,2021,linked,9416258,1616411700.0,"Zadar, Croatia, Qualifying",Challenger,Qualification Final,Skander Mansouri,3.0,1.0,1.0,0.0,2,false,finished,True
S0GZ:atp:2021/9472/qs010:C0E9,S0GZ,Nikolas Sanchez Izquierdo,Zadar,CH,2021-03-22,Q1,Flavio,Cobolli,6-2 7-6(3),Challenger qualifying,2021,linked,9415299,1616333700.0,"Zadar, Croatia, Qualifying",Challenger,Qualification round 1,Flavio Cobolli,3.0,2.0,1.0,0.0,absent,false,finished,False
S0GZ:atp:2021/7878/ms028:D923,S0GZ,Nikolas Sanchez Izquierdo,Marbella,CH,2021-03-29,R32,Damir,Dzumhur,4-6 4-6,Challenger main draw,2021,linked,9434819,1617115500.0,"Marbella, Spain",Challenger,Round of 32,Damir Džumhur,3.0,2.0,1.0,0.0,1,false,finished,True
S0GZ:atp:2021/7878/qs007:S0GR,S0GZ,Nikolas Sanchez Izquierdo,Marbella,CH,2021-03-29,Q2,Timofey,Skatov,4-6 7-6(1) 6-3,Challenger qualifying,2021,linked,9432190,1617008400.0,"Marbella, Spain, Qualifying",Challenger,Qualification Final,Timofey Skatov,3.0,1.0,1.0,0.0,1,false,finished,True
S0GZ:atp:2021/7878/qs014:G0EJ,S0GZ,Nikolas Sanchez Izquierdo,Marbella,CH,2021-03-29,Q1,Angel,Guerrero Melgar,6-1 6-0,Challenger qualifying,2021,linked,9431063,1616925600.0,"Marbella, Spain, Qualifying",Challenger,Qualification round 1,Angel Guerrero Melgar,3.0,2.0,1.0,0.0,absent,false,finished,False
S0GZ:atp:2021/8211/ms013:D0DW,S0GZ,Nikolas Sanchez Izquierdo,M25 Reus,FU,2021-04-12,R16,Titouan,Droguet,4-6 3-6,ITF main draw,2021,linked,9469323,1618481100.0,"Reus, Singles M-ITF-ESP-06A",ITF Men,Round of 16,Titouan Droguet,3.0,2.0,1.0,0.0,2,false,finished,True
S0GZ:atp:2021/8211/ms027:J0AZ,S0GZ,Nikolas Sanchez Izquierdo,M25 Reus,FU,2021-04-12,R32,Kyrian,Jacquet,6-4 6-4,ITF main draw,2021,linked,9465055,1618310700.0,"Reus, Singles M-ITF-ESP-06A",ITF Men,Round of 32,Kyrian Jacquet,3.0,2.0,1.0,0.0,1,false,finished,True
S0GZ:atp:2021/8183/ms027:F664,S0GZ,Nikolas Sanchez Izquierdo,M25 Angers,FU,2021-04-19,R32,Sebastian,Fanselow,2-6 5-7,ITF main draw,2021,linked,9476789,1619020800.0,"Angers, Singles M-ITF-FRA-05A",ITF Men,Round of 32,Sebastian Fanselow,3.0,2.0,1.0,0.0,2,false,finished,True
S0GZ:atp:2021/829/ms029:D0C1,S0GZ,Nikolas Sanchez Izquierdo,M25 Prague,FU,2021-05-10,R32,Jesper,de Jong,4-6 6-2 6-7(4),ITF main draw,2021,unobserved,,,,,,,,,,,,,,False
S0GZ:atp:2021/844/ms025:W09X,S0GZ,Nikolas Sanchez Izquierdo,M25 Vic,FU,2021-05-17,R32,Benjamin,Winter Lopez,3-6 3-6,ITF main draw,2021,unobserved,,,,,,,,,,,,,,False
S0GZ:atp:2021/9505/ms007:S0GR,S0GZ,Nikolas Sanchez Izquierdo,Oeiras 4,CH,2021-05-24,QF,Timofey,Skatov,6-7(4) 7-5 1-6,Challenger main draw,2021,unobserved,,,,,,,,,,,,,,False
S0GZ:atp:2021/9505/ms015:W857,S0GZ,Nikolas Sanchez Izquierdo,Oeiras 4,CH,2021-05-24,R16,Tung-Lin,Wu,6-2 7-6(2),Challenger main draw,2021,unobserved,,,,,,,,,,,,,,False
S0GZ:atp:2021/9505/ms030:BU54,S0GZ,Nikolas Sanchez Izquierdo,Oeiras 4,CH,2021-05-24,R32,Geoffrey,Blancaneaux,6-3 6-2,Challenger main draw,2021,unobserved,,,,,,,,,,,,,,False
S0GZ:atp:2021/9505/qs005:CN78,S0GZ,Nikolas Sanchez Izquierdo,Oeiras 4,CH,2021-05-24,Q2,Lucas,Catarina,6-4 6-2,Challenger qualifying,2021,unobserved,,,,,,,,,,,,,,False
S0GZ:atp:2021/9505/qs011:G0F4,S0GZ,Nikolas Sanchez Izquierdo,Oeiras 4,CH,2021-05-24,Q1,Miguel,Gomes,6-1 6-4,Challenger qualifying,2021,unobserved,,,,,,,,,,,,,,False
S0GZ:atp:2021/7536/qs013:E830,S0GZ,Nikolas Sanchez Izquierdo,Lyon,CH,2021-06-07,Q1,Eduard,Esteve Lobato,4-6 0-6,Challenger qualifying,2021,unobserved,,,,,,,,,,,,,,False
S0GZ:atp:2021/7009/ms017:GH33,S0GZ,Nikolas Sanchez Izquierdo,Aix en Provence,CH,2021-06-14,R32,Manuel,Guinard,6-3 3-6 4-6,Challenger main draw,2021,unobserved,,,,,,,,,,,,,,False
S0GZ:atp:2021/7009/qs005:GG65,S0GZ,Nikolas Sanchez Izquierdo,Aix en Provence,CH,2021-06-14,Q2,Michael,Geerts,6-7(6) 6-4 6-2,Challenger qualifying,2021,unobserved,,,,,,,,,,,,,,False
S0GZ:atp:2021/7009/qs010:MO41,S0GZ,Nikolas Sanchez Izquierdo,Aix en Provence,CH,2021-06-14,Q1,Rafael,Matos,6-2 6-2,Challenger qualifying,2021,unobserved,,,,,,,,,,,,,,False
S0GZ:atp:2021/3463/qs013:LF26,S0GZ,Nikolas Sanchez Izquierdo,Milan,CH,2021-06-21,Q1,Orlando,Luz,3-6 7-5 2-6,Challenger qualifying,2021,linked,9582769,1624193700.0,"Milan, Italy, Qualifying",Challenger,Qualification round 1,Orlando Luz,3.0,2.0,1.0,0.0,absent,false,finished,False
S0GZ:atp:2021/347/ms009:W09B,S0GZ,Nikolas Sanchez Izquierdo,M25 Bourg-en-Bresse,FU,2021-06-28,R16,Damien,Wenger,3-6 2-6,ITF main draw,2021,linked,9602736,1625134800.0,"Bourg-en-Bresse, Singles M-ITF-FRA-08A",ITF Men,Round of 16,Damien Wenger,3.0,2.0,1.0,0.0,2,false,finished,True
S0GZ:atp:2021/347/ms019:E678,S0GZ,Nikolas Sanchez Izquierdo,M25 Bourg-en-Bresse,FU,2021-06-28,R32,Jonathan,Eysseric,6-2 5-7 6-1,ITF main draw,2021,linked,9599319,1625059800.0,"Bourg-en-Bresse, Singles M-ITF-FRA-08A",ITF Men,Round of 32,Jonathan Eysseric,3.0,2.0,1.0,0.0,2,false,finished,True
S0GZ:atp:2021/599/ms005:BO10,S0GZ,Nikolas Sanchez Izquierdo,M25 Casinalbo,FU,2021-07-05,QF,Gijs,Brouwer,4-6 4-6,ITF main draw,2021,linked,9617222,1625735700.0,"Casinalbo, Singles M-ITF-ITA-06A",ITF Men,Quarterfinals,Gijs Brouwer,3.0,2.0,1.0,0.0,1,false,finished,True
S0GZ:atp:2021/599/ms010:RE27,S0GZ,Nikolas Sanchez Izquierdo,M25 Casinalbo,FU,2021-07-05,R16,Simone,Roncalli,3-6 6-3 6-2,ITF main draw,2021,linked,9613527,1625682600.0,"Casinalbo, Singles M-ITF-ITA-06A",ITF Men,Round of 16,Simone Roncalli,3.0,2.0,1.0,0.0,2,false,finished,True
S0GZ:atp:2021/599/ms020:RB73,S0GZ,Nikolas Sanchez Izquierdo,M25 Casinalbo,FU,2021-07-05,R32,Pietro,Rondoni,6-3 6-4,ITF main draw,2021,linked,9609924,1625490000.0,"Casinalbo, Singles M-ITF-ITA-06A",ITF Men,Round of 32,Pietro Rondoni,3.0,2.0,1.0,0.0,2,false,finished,True
S0GZ:atp:2021/8394/ms022:I0A7,S0GZ,Nikolas Sanchez Izquierdo,Iasi,CH,2021-07-12,R32,Nicholas David,Ionel,3-6 6-4 2-6,Challenger main draw,2021,linked,9623400,1626089700.0,"Iasi, Romania",Challenger,Round of 32,Nicholas David Ionel,3.0,2.0,1.0,0.0,1,false,finished,True
S0GZ:atp:2021/783/ms016:L397,S0GZ,Nikolas Sanchez Izquierdo,Segovia,CH,2021-07-26,R32,Feliciano,Lopez,4-6 6-7(2),Challenger main draw,2021,linked,9672095,1627403700.0,"Segovia, Spain",Challenger,Round of 32,Feliciano Lopez,3.0,2.0,1.0,0.0,2,false,finished,True
S0GZ:atp:2021/2120/qs009:F0A4,S0GZ,Nikolas Sanchez Izquierdo,Cordenons,CH,2021-08-02,Q1,Francesco,Forti,6-7(7) 6-2 3-6,Challenger qualifying,2021,linked,9690032,1627824900.0,"Cordenons, Italy, Qualifying",Challenger,Qualification round 1,Francesco Forti,3.0,2.0,1.0,0.0,absent,false,finished,False
S0GZ:atp:2021/9540/qs006:LF26,S0GZ,Nikolas Sanchez Izquierdo,San Marino,CH,2021-08-09,Q2,Orlando,Luz,1-6 7-6(5) 2-6,Challenger qualifying,2021,linked,9707254,1628513100.0,"San Marino, San Marino, Qualifying",Challenger,Qualification Final,Orlando Luz,3.0,1.0,1.0,0.0,1,false,finished,True
S0GZ:atp:2021/9540/qs013:A0FC,S0GZ,Nikolas Sanchez Izquierdo,San Marino,CH,2021-08-09,Q1,Matteo,Arnaldi,6-1 4-6 6-3,Challenger qualifying,2021,linked,9704688,1628424600.0,"San Marino, San Marino, Qualifying",Challenger,Qualification round 1,Matteo Arnaldi,3.0,2.0,1.0,0.0,1,false,finished,True
S0GZ:atp:2021/1520/ms001:D0CG,S0GZ,Nikolas Sanchez Izquierdo,M25 Prostejov,FU,2021-08-16,F,Facundo,Diaz Acosta,6-4 1-6 6-4,ITF main draw,2021,unobserved,,,,,,,,,,,,,,False
S0GZ:atp:2021/1520/ms003:RG42,S0GZ,Nikolas Sanchez Izquierdo,M25 Prostejov,FU,2021-08-16,SF,Alex,Rybakov,6-3 6-2,ITF main draw,2021,unobserved,,,,,,,,,,,,,,False
S0GZ:atp:2021/1520/ms006:P09O,S0GZ,Nikolas Sanchez Izquierdo,M25 Prostejov,FU,2021-08-16,QF,Zsombor,Piros,4-6 7-6(1) 6-2,ITF main draw,2021,unobserved,,,,,,,,,,,,,,False
S0GZ:atp:2021/1520/ms013:K0FY,S0GZ,Nikolas Sanchez Izquierdo,M25 Prostejov,FU,2021-08-16,R16,Martin,Krumich,6-0 6-2,ITF main draw,2021,unobserved,,,,,,,,,,,,,,False
S0GZ:atp:2021/1520/ms027:P0BQ,S0GZ,Nikolas Sanchez Izquierdo,M25 Prostejov,FU,2021-08-16,R32,Matej,Panik,6-0 6-2,ITF main draw,2021,linked,9723046,1629178800.0,"Prostejov, Singles M-ITF-CZE-04A",ITF Men,Round of 32,M. Páník,1.0,2.0,1.0,0.0,1,false,finished,True
S0GZ:atp:2021/9550/ms026:AA27,S0GZ,Nikolas Sanchez Izquierdo,Prague III,CH,2021-08-23,R32,Franco,Agamenone,3-6 3-6,Challenger main draw,2021,unobserved,,,,,,,,,,,,,,False
S0GZ:atp:2021/784/ms019:BS86,S0GZ,Nikolas Sanchez Izquierdo,Seville,CH,2021-09-06,R32,Tomas,Barrios Vera,6-4 2-6 5-7,Challenger main draw,2021,unobserved,,,,,,,,,,,,,,False
S0GZ:atp:2021/1702/ms002:N0BG,S0GZ,Nikolas Sanchez Izquierdo,M25 Madrid,FU,2021-09-13,SF,Luca,Nardi,5-7 3-6,ITF main draw,2021,linked,9809802,1631968200.0,"Madrid, Singles M-ITF-ESP-23A",ITF Men,Semifinals,Luca Nardi,3.0,2.0,1.0,0.0,absent,false,finished,False
S0GZ:atp:2021/1702/ms005:M0JZ,S0GZ,Nikolas Sanchez Izquierdo,M25 Madrid,FU,2021-09-13,QF,Filip,Misolic,6-3 6-2,ITF main draw,2021,linked,9806660,1631875500.0,"Madrid, Singles M-ITF-ESP-23A",ITF Men,Quarterfinals,Filip Misolic,3.0,2.0,1.0,0.0,2,false,finished,True
S0GZ:atp:2021/1702/ms010:B0GB,S0GZ,Nikolas Sanchez Izquierdo,M25 Madrid,FU,2021-09-13,R16,Arnaud,Bovy,7-5 6-3,ITF main draw,2021,linked,9804521,1631787600.0,"Madrid, Singles M-ITF-ESP-23A",ITF Men,Round of 16,Arnaud Bovy,3.0,2.0,1.0,0.0,2,false,finished,True
S0GZ:atp:2021/1702/ms020:D0CG,S0GZ,Nikolas Sanchez Izquierdo,M25 Madrid,FU,2021-09-13,R32,Facundo,Diaz Acosta,6-3 6-3,ITF main draw,2021,unobserved,,,,,,,,,,,,,,False
S0GZ:atp:2021/7913/ms003:MM66,S0GZ,Nikolas Sanchez Izquierdo,Braga,CH,2021-09-20,SF,Nikola,Milojevic,2-6 4-6,Challenger main draw,2021,linked,9836610,1632576600.0,"Braga, Portugal",Challenger,Semifinals,Nikola Milojević,3.0,2.0,1.0,0.0,absent,false,finished,False
S0GZ:atp:2021/7913/ms007:DA81,S0GZ,Nikolas Sanchez Izquierdo,Braga,CH,2021-09-20,QF,Taro,Daniel,6-3 6-2,Challenger main draw,2021,linked,9833127,1632564000.0,"Braga, Portugal",Challenger,Quarterfinals,Taro Daniel,3.0,2.0,1.0,0.0,1,false,finished,True
S0GZ:atp:2021/7913/ms014:CC66,S0GZ,Nikolas Sanchez Izquierdo,Braga,CH,2021-09-20,R16,Andrea,Collarini,7-5 6-2,Challenger main draw,2021,linked,9819266,1632387600.0,"Braga, Portugal",Challenger,Round of 16,Andrea Collarini,3.0,2.0,1.0,0.0,2,false,finished,True
S0GZ:atp:2021/7913/ms028:D916,S0GZ,Nikolas Sanchez Izquierdo,Braga,CH,2021-09-20,R32,Steven,Diez,2-1,Challenger main draw,2021,linked,9816035,1632220500.0,"Braga, Portugal",Challenger,Round of 32,Steven Diez,3.0,2.0,1.0,0.0,2,false,finished,True
S0GZ:atp:2021/7913/qs006:F664,S0GZ,Nikolas Sanchez Izquierdo,Braga,CH,2021-09-20,Q2,Sebastian,Fanselow,6-4 1-6 6-3,Challenger qualifying,2021,linked,9813848,1632128400.0,"Braga, Portugal, Qualifying",Challenger,Qualification Final,Sebastian Fanselow,3.0,1.0,1.0,0.0,absent,false,finished,False
S0GZ:atp:2021/7913/qs012:R0GO,S0GZ,Nikolas Sanchez Izquierdo,Braga,CH,2021-09-20,Q1,Henrique,Rocha,6-2 7-5,Challenger qualifying,2021,linked,9812320,1632052200.0,"Braga, Portugal, Qualifying",Challenger,Qualification round 1,Henrique Rocha,3.0,2.0,1.0,0.0,absent,false,finished,False
S0GZ:atp:2021/9171/ms031:GJ37,S0GZ,Nikolas Sanchez Izquierdo,Murcia,CH,2021-09-27,R32,Tallon,Griekspoor,3-6 1-6,Challenger main draw,2021,linked,9837685,1632826200.0,"Murcia, Spain",Challenger,Round of 32,Tallon Griekspoor,3.0,2.0,1.0,0.0,2,false,finished,True
S0GZ:atp:2021/9132/ms025:G681,S0GZ,Nikolas Sanchez Izquierdo,Barcelona,CH,2021-10-04,R32,Teymuraz,Gabashvili,5-7 2-6,Challenger main draw,2021,linked,9854297,1633440900.0,"Barcelona, Spain",Challenger,Round of 32,Teimuraz Gabashvili,1.0,2.0,1.0,0.0,absent,false,finished,False
S0GZ:atp:2021/7395/ms021:FA43,S0GZ,Nikolas Sanchez Izquierdo,Buenos Aires,CH,2021-10-18,R32,Juan Pablo,Ficovich,6-7(1) 6-7(6),Challenger main draw,2021,linked,9892360,1634658000.0,"Buenos Aires, Argentina",Challenger,Round of 32,Juan Pablo Ficovich,3.0,2.0,1.0,0.0,2,false,finished,True
S0GZ:atp:2021/9162/qs004:K0BJ,S0GZ,Nikolas Sanchez Izquierdo,Pau,CH,2021-11-15,Q2,Georgii,Kravchenko,1-6 2-6,Challenger qualifying,2021,linked,9955928,1636970400.0,"Pau, France, Qualifying",Challenger,Qualification Final,Georgii Kravchenko,3.0,1.0,0.0,0.0,1,false,finished,True
S0GZ:atp:2021/9162/qs008:M09U,S0GZ,Nikolas Sanchez Izquierdo,Pau,CH,2021-11-15,Q1,Piotr,Matuszewski,6-2 6-1,Challenger qualifying,2021,linked,9955606,1636888500.0,"Pau, France, Qualifying",Challenger,Round of 16,Piotr Matuszewski,3.0,1.0,0.0,0.0,absent,false,finished,False
S0GZ:atp:2021/9631/ms022:C0E9,S0GZ,Nikolas Sanchez Izquierdo,Bari,CH,2021-11-22,R32,Flavio,Cobolli,6-3 2-6 0-6,Challenger main draw,2021,unobserved,,,,,,,,,,,,,,False
S0GZ:atp:2021/9639/ms030:C0AK,S0GZ,Nikolas Sanchez Izquierdo,Antalya 3,CH,2021-11-29,R32,Oliver,Crawford,1-6 3-6,Challenger main draw,2021,unobserved,,,,,,,,,,,,,,False
S0GZ:atp:2021/8312/ms024:BU54,S0GZ,Nikolas Sanchez Izquierdo,Maia,CH,2021-12-06,R32,Geoffrey,Blancaneaux,3-6 6-3 2-6,Challenger main draw,2021,unobserved,,,,,,,,,,,,,,False
S0GZ:atp:2021/9653/ms006:BT72,S0GZ,Nikolas Sanchez Izquierdo,Maia 2,CH,2021-12-13,QF,Nuno,Borges,4-6 4-6,Challenger main draw,2021,unobserved,,,,,,,,,,,,,,False
S0GZ:atp:2021/9653/ms013:E698,S0GZ,Nikolas Sanchez Izquierdo,Maia 2,CH,2021-12-13,R16,Gastao,Elias,6-1 7-6(5) 6-3,Challenger main draw,2021,unobserved,,,,,,,,,,,,,,False
S0GZ:atp:2021/9653/ms026:BV25,S0GZ,Nikolas Sanchez Izquierdo,Maia 2,CH,2021-12-13,R32,Javier,Barranco Cosano,6-4 4-6 6-4,Challenger main draw,2021,unobserved,,,,,,,,,,,,,,False
S0GZ:atp:2022/8135/ms001:M0HT,S0GZ,Nikolas Sanchez Izquierdo,M15 Villena,FU,2022-01-31,F,Alejandro,Moro Canas,7-6(3) 6-3,ITF main draw,2022,linked,10116577,1644140700.0,"Spain F1, Singles",ITF Men,Final,Alejandro Moro Canas,3.0,2.0,0.0,0.0,2,false,finished,True
S0GZ:atp:2022/8135/ms002:HB31,S0GZ,Nikolas Sanchez Izquierdo,M15 Villena,FU,2022-01-31,SF,Johannes,Haerteis,6-3 4-6 6-2,ITF main draw,2022,linked,10114203,1644053400.0,"Spain F1, Singles",ITF Men,Semifinals,Johannes Haerteis,3.0,2.0,0.0,0.0,1,false,finished,True
S0GZ:atp:2022/8135/ms004:CD00,S0GZ,Nikolas Sanchez Izquierdo,M15 Villena,FU,2022-01-31,QF,Maxime,Chazal,7-6(4) 6-2,ITF main draw,2022,linked,10111407,1643967000.0,"Spain F1, Singles",ITF Men,Quarterfinals,Maxime Chazal,3.0,2.0,0.0,0.0,1,false,finished,True
S0GZ:atp:2022/8135/ms008:D0CN,S0GZ,Nikolas Sanchez Izquierdo,M15 Villena,FU,2022-01-31,R16,Miguel,Damas,0-6 6-2 7-5,ITF main draw,2022,unobserved,,,,,,,,,,,,,,False
S0GZ:atp:2022/8135/ms016:G0CV,S0GZ,Nikolas Sanchez Izquierdo,M15 Villena,FU,2022-01-31,R32,Buvaysar,Gadamauri,6-2 7-6(3),ITF main draw,2022,unobserved,,,,,,,,,,,,,,False
S0GZ:atp:2022/9808/qs024:RC04,S0GZ,Nikolas Sanchez Izquierdo,Forli 4,CH,2022-02-14,Q1,Alexander,Ritschard,3-6 6-7(4),Challenger qualifying,2022,linked,10134055,1644753600.0,"Forli 4, Italy, Qualifying",Challenger,Qualification round 1,Alexander Ritschard,3.0,2.0,1.0,0.0,absent,false,finished,False
S0GZ:atp:2022/9162/qs026:F0F1,S0GZ,Nikolas Sanchez Izquierdo,Pau,CH,2022-02-21,Q1,Arthur,Fils,4-6 7-6(2) 1-6,Challenger qualifying,2022,linked,10146177,1645387500.0,"Pau, France, Qualifying",Challenger,Qualification round 1,Arthur Fils,3.0,2.0,0.0,0.0,absent,false,finished,False
S0GZ:atp:2022/9456/ms011:A0CJ,S0GZ,Nikolas Sanchez Izquierdo,Gran Canaria,CH,2022-02-28,R16,Duje,Ajdukovic,5-7 1-6,Challenger main draw,2022,linked,10155271,1646303400.0,"Gran Canaria, Spain",Challenger,Round of 16,Duje Ajdukovic,3.0,2.0,1.0,0.0,absent,false,finished,False
S0GZ:atp:2022/9456/ms023:GA79,S0GZ,Nikolas Sanchez Izquierdo,Gran Canaria,CH,2022-02-28,R32,Lorenzo,Giustino,6-2 6-2,Challenger main draw,2022,linked,10158861,1646128800.0,"Gran Canaria, Spain",Challenger,Round of 32,Lorenzo Giustino,3.0,2.0,1.0,0.0,absent,false,finished,False
S0GZ:atp:2022/9817/ms002:TE16,S0GZ,Nikolas Sanchez Izquierdo,Roseto Degli Abruzzi 1,CH,2022-03-07,SF,Carlos,Taberner,4-6 5-7,Challenger main draw,2022,linked,10171525,1647079200.0,"Roseto Degli Abruzzi, Italy",Challenger,Semifinals,Carlos Taberner,3.0,2.0,1.0,0.0,absent,false,finished,False
S0GZ:atp:2022/9817/ms005:R685,S0GZ,Nikolas Sanchez Izquierdo,Roseto Degli Abruzzi 1,CH,2022-03-07,QF,Lukas,Rosol,6-4 6-2,Challenger main draw,2022,linked,10171534,1646992800.0,"Roseto Degli Abruzzi, Italy",Challenger,Quarterfinals,Lukas Rosol,3.0,2.0,1.0,0.0,absent,false,finished,False
S0GZ:atp:2022/9817/ms010:Z419,S0GZ,Nikolas Sanchez Izquierdo,Roseto Degli Abruzzi 1,CH,2022-03-07,R16,Bernabe,Zapata Miralles,7-5 0-6 6-3,Challenger main draw,2022,linked,10171539,1646906400.0,"Roseto Degli Abruzzi, Italy",Challenger,Round of 16,Bernabe Zapata Miralles,3.0,2.0,1.0,0.0,absent,false,finished,False
S0GZ:atp:2022/9817/ms021:M0IF,S0GZ,Nikolas Sanchez Izquierdo,Roseto Degli Abruzzi 1,CH,2022-03-07,R32,Francesco,Maestrelli,7-5 1-6 6-2,Challenger main draw,2022,linked,10180563,1646743800.0,"Roseto Degli Abruzzi, Italy",Challenger,Round of 32,Francesco Maestrelli,3.0,2.0,1.0,0.0,absent,false,finished,False
S0GZ:atp:2022/9817/qs008:E811,S0GZ,Nikolas Sanchez Izquierdo,Roseto Degli Abruzzi 1,CH,2022-03-07,Q2,Elmar,Ejupovic,6-1 6-4,Challenger qualifying,2022,linked,10178199,1646647200.0,"Roseto Degli Abruzzi, Italy, Qualifying",Challenger,Qualification Final,Elmar Ejupovic,3.0,1.0,1.0,0.0,absent,false,finished,False
S0GZ:atp:2022/9817/qs016:N480,S0GZ,Nikolas Sanchez Izquierdo,Roseto Degli Abruzzi 1,CH,2022-03-07,Q1,Jeevan,Nedunchezhiyan,7-6(3) 6-0,Challenger qualifying,2022,linked,10177286,1646557200.0,"Roseto Degli Abruzzi, Italy, Qualifying",Challenger,Qualification round 1,Jeevan Nedunchezhiyan,3.0,2.0,1.0,0.0,absent,false,finished,False
S0GZ:atp:2022/9518/qs016:W712,S0GZ,Nikolas Sanchez Izquierdo,Oeiras 1,CH,2022-03-28,Q1,Kai,Wehnelt,3-2,Challenger qualifying,2022,linked,10219577,1648391100.0,"Oeiras 1, Portugal, Qualifying",Challenger,Qualification round 1,Kai Wehnelt,3.0,2.0,1.0,0.0,absent,false,finished,False
S0GZ:atp:2022/425/qs019:GF95,S0GZ,Nikolas Sanchez Izquierdo,Barcelona,500,2022-04-18,Q1,Hugo,Grenier,2-6 2-6,Tour qualifying,2022,linked,10256771,1650110700.0,"Barcelona, Spain, Qualifying",ATP,Qualification,Hugo Grenier,3.0,1.0,1.0,0.0,absent,false,finished,False
S0GZ:atp:2022/9697/ms016:MH30,S0GZ,Nikolas Sanchez Izquierdo,Mauthausen,CH,2022-05-02,R32,John,Millman,3-6 6-4 2-6,Challenger main draw,2022,unobserved,,,,,,,,,,,,,,False
S0GZ:atp:2022/9697/qs011:RH62,S0GZ,Nikolas Sanchez Izquierdo,Mauthausen,CH,2022-05-02,Q2,Mats,Rosenkranz,7-6(4) 6-4,Challenger qualifying,2022,unobserved,,,,,,,,,,,,,,False
S0GZ:atp:2022/9697/qs022:N663,S0GZ,Nikolas Sanchez Izquierdo,Mauthausen,CH,2022-05-02,Q1,Maximilian,Neuchrist,7-6(5) 6-1,Challenger qualifying,2022,linked,10284192,1651392000.0,"Mauthausen, Austria, Qualifying",Challenger,Qualification round 1,Maximilian Neuchrist,3.0,2.0,1.0,0.0,absent,false,finished,False
S0GZ:atp:2022/460/qs013:K0DP,S0GZ,Nikolas Sanchez Izquierdo,Heilbronn,CH,2022-05-09,Q2,Oleksii,Krutykh,4-6 4-6,Challenger qualifying,2022,unobserved,,,,,,,,,,,,,,False
S0GZ:atp:2022/460/qs026:G0GZ,S0GZ,Nikolas Sanchez Izquierdo,Heilbronn,CH,2022-05-09,Q1,Liam,Gavrielides,7-6(4) 6-3,Challenger qualifying,2022,unobserved,,,,,,,,,,,,,,False
S0GZ:atp:2022/1541/ms012:Z371,S0GZ,Nikolas Sanchez Izquierdo,Tunis,CH,2022-05-16,R16,Zhizhen,Zhang,3-6 5-7,Challenger main draw,2022,unobserved,,,,,,,,,,,,,,False
S0GZ:atp:2022/1541/ms025:V717,S0GZ,Nikolas Sanchez Izquierdo,Tunis,CH,2022-05-16,R32,Alexey,Vatutin,6-3 2-6 7-5,Challenger main draw,2022,unobserved,,,,,,,,,,,,,,False
S0GZ:atp:2022/331/ms031:LF29,S0GZ,Nikolas Sanchez Izquierdo,M25 Mataro,FU,2022-05-23,R32,Alvaro,Lopez San Martin,6-4 4-6 4-6,ITF main draw,2022,unobserved,,,,,,,,,,,,,,False
S0GZ:atp:2022/6757/ms007:V0DZ,S0GZ,Nikolas Sanchez Izquierdo,Blois,CH,2022-06-13,QF,Luca,Van Assche,4-6 6-7(4),Challenger main draw,2022,linked,10368958,1655467200.0,"Blois, France",Challenger,Quarterfinals,Luca Van Assche,3.0,2.0,1.0,0.0,absent,false,finished,False
S0GZ:atp:2022/6757/ms014:SP80,S0GZ,Nikolas Sanchez Izquierdo,Blois,CH,2022-06-13,R16,Nino,Serdarusic,6-3 6-2,Challenger main draw,2022,unobserved,,,,,,,,,,,,,,False
S0GZ:atp:2022/6757/ms029:SK94,S0GZ,Nikolas Sanchez Izquierdo,Blois,CH,2022-06-13,R32,Cedrik-Marcel,Stebe,6-2 6-3,Challenger main draw,2022,unobserved,,,,,,,,,,,,,,False
S0GZ:atp:2022/6757/qs008:SX91,S0GZ,Nikolas Sanchez Izquierdo,Blois,CH,2022-06-13,Q2,Thiago,Seyboth Wild,2-6 6-1 7-5,Challenger qualifying,2022,unobserved,,,,,,,,,,,,,,False
S0GZ:atp:2022/6757/qs017:F0A3,S0GZ,Nikolas Sanchez Izquierdo,Blois,CH,2022-06-13,Q1,Sergey,Fomin,5-7 6-2 6-4,Challenger qualifying,2022,unobserved,,,,,,,,,,,,,,False
S0GZ:atp:2022/9514/ms015:BF23,S0GZ,Nikolas Sanchez Izquierdo,Oeiras 3,CH,2022-06-20,R16,Facundo,Bagnis,4-6 2-6,Challenger main draw,2022,linked,10381236,1655980200.0,"Oeiras 3, Portugal",Challenger,Round of 16,Facundo Bagnis,3.0,2.0,1.0,0.0,absent,false,finished,False
S0GZ:atp:2022/9514/ms030:LI39,S0GZ,Nikolas Sanchez Izquierdo,Oeiras 3,CH,2022-06-20,R32,Alexandar,Lazarov,2-6 6-2 6-4,Challenger main draw,2022,linked,10397639,1655814900.0,"Oeiras 3, Portugal",Challenger,Round of 32,Alexandar Lazarov,3.0,2.0,1.0,0.0,absent,false,finished,False
S0GZ:atp:2022/1214/ms005:BV24,S0GZ,Nikolas Sanchez Izquierdo,Troyes,CH,2022-06-27,QF,Raul,Brancaccio,0-6 2-6,Challenger main draw,2022,linked,10400205,1656680400.0,"Troyes, France",Challenger,Quarterfinals,Raul Brancaccio,3.0,2.0,1.0,0.0,absent,false,finished,False
S0GZ:atp:2022/1214/ms010:S0GR,S0GZ,Nikolas Sanchez Izquierdo,Troyes,CH,2022-06-27,R16,Timofey,Skatov,6-0 6-2,Challenger main draw,2022,linked,10400209,1656507000.0,"Troyes, France",Challenger,Round of 16,Timofey Skatov,3.0,2.0,1.0,0.0,absent,false,finished,False
S0GZ:atp:2022/1214/ms021:A0AB,S0GZ,Nikolas Sanchez Izquierdo,Troyes,CH,2022-06-27,R32,Adrian,Andreev,6-4 0-6 6-2,Challenger main draw,2022,linked,10419404,1656414600.0,"Troyes, France",Challenger,Round of 32,Adrian Andreev,3.0,2.0,1.0,0.0,absent,false,finished,False
S0GZ:atp:2022/8394/ms011:MW75,S0GZ,Nikolas Sanchez Izquierdo,Iasi,CH,2022-07-11,R16,Felipe,Meligeni Alves,2-6 4-6,Challenger main draw,2022,linked,10442581,1657792800.0,"Iasi, Romania",Challenger,Round of 16,Felipe Meligeni Alves,3.0,2.0,1.0,0.0,absent,false,finished,False
S0GZ:atp:2022/8394/ms022:A0FC,S0GZ,Nikolas Sanchez Izquierdo,Iasi,CH,2022-07-11,R32,Matteo,Arnaldi,6-2 6-3,Challenger main draw,2022,linked,10449980,1657611000.0,"Iasi, Romania",Challenger,Round of 32,Matteo Arnaldi,3.0,2.0,1.0,0.0,absent,false,finished,False
S0GZ:atp:2022/3945/ms026:F0CJ,S0GZ,Nikolas Sanchez Izquierdo,San Benedetto Del Tronto,CH,2022-07-25,R32,Gianmarco,Ferrari,6-7(4) 6-7(4),Challenger main draw,2022,linked,10512682,1658833200.0,"San Benedetto Del Tronto, Italy",Challenger,Round of 32,Gianmarco Ferrari,3.0,2.0,1.0,0.0,absent,false,finished,False
S0GZ:atp:2022/2120/ms018:G858,S0GZ,Nikolas Sanchez Izquierdo,Cordenons,CH,2022-08-01,R32,Ernests,Gulbis,6-7(5) 4-6,Challenger main draw,2022,linked,10534396,1659531000.0,"Cordenons, Italy",Challenger,Round of 32,Ernests Gulbis,3.0,2.0,1.0,0.0,absent,false,finished,False
S0GZ:atp:2022/9540/ms004:J09X,S0GZ,Nikolas Sanchez Izquierdo,San Marino,CH,2022-08-08,QF,Filip Cristian,Jianu,2-6 4-6,Challenger main draw,2022,linked,10551154,1660316400.0,"San Marino, San Marino",Challenger,Quarterfinals,Filip Cristian Jianu,3.0,2.0,1.0,0.0,absent,false,finished,False
S0GZ:atp:2022/9540/ms009:H756,S0GZ,Nikolas Sanchez Izquierdo,San Marino,CH,2022-08-08,R16,Robin,Haase,2-6 6-1 6-3,Challenger main draw,2022,linked,10551176,1660136400.0,"San Marino, San Marino",Challenger,Round of 16,Robin Haase,3.0,2.0,1.0,0.0,absent,false,finished,False
S0GZ:atp:2022/9540/ms019:MP20,S0GZ,Nikolas Sanchez Izquierdo,San Marino,CH,2022-08-08,R32,Alexandre,Muller,3-6 6-3 6-0,Challenger main draw,2022,linked,10551794,1660047000.0,"San Marino, San Marino",Challenger,Round of 32,Alexandre Muller,3.0,2.0,1.0,0.0,absent,false,finished,False
S0GZ:atp:2022/1607/ms013:MW54,S0GZ,Nikolas Sanchez Izquierdo,Banja Luka,CH,2022-08-22,R16,Dragos Nicolae,Madaras,6-7(3) 6-2 4-6,Challenger main draw,2022,unobserved,,,,,,,,,,,,,,False
S0GZ:atp:2022/1607/ms027:SF41,S0GZ,Nikolas Sanchez Izquierdo,Banja Luka,CH,2022-08-22,R32,Aldin,Setkic,6-4 1-6 6-3,Challenger main draw,2022,unobserved,,,,,,,,,,,,,,False
S0GZ:atp:2022/2793/ms009:D0DW,S0GZ,Nikolas Sanchez Izquierdo,Toulouse,CH,2022-08-29,R16,Titouan,Droguet,4-6 6-7(1),Challenger main draw,2022,unobserved,,,,,,,,,,,,,,False
S0GZ:atp:2022/2793/ms018:A0CJ,S0GZ,Nikolas Sanchez Izquierdo,Toulouse,CH,2022-08-29,R32,Duje,Ajdukovic,6-2 4-6 6-0,Challenger main draw,2022,unobserved,,,,,,,,,,,,,,False
S0GZ:atp:2022/784/ms011:D874,S0GZ,Nikolas Sanchez Izquierdo,Seville,CH,2022-09-05,R16,Federico,Delbonis,3-6 2-6,Challenger main draw,2022,unobserved,,,,,,,,,,,,,,False
S0GZ:atp:2022/784/ms022:MP83,S0GZ,Nikolas Sanchez Izquierdo,Seville,CH,2022-09-05,R32,Gian Marco,Moroni,4-6 6-2 6-4,Challenger main draw,2022,unobserved,,,,,,,,,,,,,,False
S0GZ:atp:2022/448/ms027:MW02,S0GZ,Nikolas Sanchez Izquierdo,Szczecin,CH,2022-09-12,R32,Corentin,Moutet,5-7 6-0 4-6,Challenger main draw,2022,unobserved,,,,,,,,,,,,,,False
S0GZ:atp:2022/7913/ms015:TE16,S0GZ,Nikolas Sanchez Izquierdo,Braga,CH,2022-09-19,R16,Carlos,Taberner,2-6 4-6,Challenger main draw,2022,unobserved,,,,,,,,,,,,,,False
S0GZ:atp:2022/7913/ms030:SN54,S0GZ,Nikolas Sanchez Izquierdo,Braga,CH,2022-09-19,R32,Frederico,Ferreira Silva,6-2 7-5,Challenger main draw,2022,unobserved,,,,,,,,,,,,,,False
S0GZ:atp:2022/7742/qs016:A0ES,S0GZ,Nikolas Sanchez Izquierdo,Lisbon,CH,2022-09-26,Q1,Pedro,Araujo,3-6 0-1,Challenger qualifying,2022,unobserved,,,,,,,,,,,,,,False
S0GZ:atp:2022/9190/ms015:L987,S0GZ,Nikolas Sanchez Izquierdo,Parma,CH,2022-10-03,R16,Dusan,Lajovic,1-6 3-6,Challenger main draw,2022,linked,10720489,1664980500.0,"Parma II, Italy",Challenger,Round of 16,Dušan Lajović,3.0,2.0,1.0,0.0,absent,false,finished,False
S0GZ:atp:2022/9190/ms030:I0A7,S0GZ,Nikolas Sanchez Izquierdo,Parma,CH,2022-10-03,R32,Nicholas David,Ionel,6-3 6-1,Challenger main draw,2022,linked,10730658,1664796900.0,"Parma II, Italy",Challenger,Round of 32,Nicholas David Ionel,3.0,2.0,1.0,0.0,absent,false,finished,False
S0GZ:atp:2022/2807/qs005:GH33,S0GZ,Nikolas Sanchez Izquierdo,Gijon,250,2022-10-10,Q2,Manuel,Guinard,6-4 5-7 5-7,Tour qualifying,2022,linked,10748689,1665316800.0,"Gijon, Spain, Qualifying",ATP,Qualification round,Manuel Guinard,3.0,1.0,1.0,0.0,absent,false,finished,False
S0GZ:atp:2022/2807/qs011:N830,S0GZ,Nikolas Sanchez Izquierdo,Gijon,250,2022-10-10,Q1,Johan,Nikles,6-2 1-6 6-1,Tour qualifying,2022,linked,10746831,1665248700.0,"Gijon, Spain, Qualifying",ATP,Qualification round 1,Johan Nikles,3.0,2.0,1.0,0.0,absent,false,finished,False
S0GZ:atp:2022/7391/ms018:P0DF,S0GZ,Nikolas Sanchez Izquierdo,Guayaquil,CH,2022-10-31,R32,Matheus,Pucinelli De Almeida,1-6 6-7(8),Challenger main draw,2022,linked,10850398,1667401200.0,"Guayaquil, Ecuador",Challenger,Round of 32,Matheus Pucinelli de Almeida,3.0,2.0,1.0,0.0,absent,false,finished,False
S0GZ:atp:2022/9625/ms010:V0DZ,S0GZ,Nikolas Sanchez Izquierdo,Roanne,CH,2022-11-07,R16,Luca,Van Assche,3-6 3-6,Challenger main draw,2022,linked,10875079,1668080400.0,"Roanne, France",Challenger,Round of 16,Luca Van Assche,3.0,2.0,1.0,0.0,absent,false,finished,False
S0GZ:atp:2022/9625/ms021:CI14,S0GZ,Nikolas Sanchez Izquierdo,Roanne,CH,2022-11-07,R32,Jay,Clarke,6-3 1-6 6-2,Challenger main draw,2022,linked,10862862,1667997600.0,"Roanne, France",Challenger,Round of 32,Jay Clarke,3.0,2.0,1.0,0.0,absent,false,finished,False
S0GZ:atp:2022/2823/ms008:MM66,S0GZ,Nikolas Sanchez Izquierdo,Valencia,CH,2022-11-21,R16,Nikola,Milojevic,7-5 3-6 4-6,Challenger main draw,2022,linked,10888120,1669199400.0,"Valencia, Spain",Challenger,Round of 16,Nikola Milojevic,3.0,2.0,1.0,0.0,absent,false,finished,False
S0GZ:atp:2022/2823/ms016:G983,S0GZ,Nikolas Sanchez Izquierdo,Valencia,CH,2022-11-21,R32,Alessandro,Giannessi,6-2 6-4,Challenger main draw,2022,linked,10898909,1669107600.0,"Valencia, Spain",Challenger,Round of 32,Alessandro Giannessi,3.0,2.0,1.0,0.0,absent,false,finished,False
S0GZ:atp:2022/2825/ms025:RB60,S0GZ,Nikolas Sanchez Izquierdo,Maspalomas,CH,2022-11-28,R32,Oriol,Roca Batalla,2-6 4-6,Challenger main draw,2022,linked,10906549,1669732800.0,"Maspalomas, Spain",Challenger,Round of 32,Oriol Roca Batalla,3.0,2.0,1.0,0.0,absent,false,finished,False
S0GZ:atp:2023/2833/ms024:S483,S0GZ,Nikolas Sanchez Izquierdo,Oeiras 2,CH,2023-01-09,R32,Pedro,Sousa,6-7(3) 3-6,Challenger main draw,2023,linked,10977365,1673352900.0,"Oeiras 2, Portugal",Challenger,Round of 32,Pedro Sousa,3.0,2.0,1.0,0.0,absent,false,finished,False
S0GZ:atp:2023/9623/ms031:P0CT,S0GZ,Nikolas Sanchez Izquierdo,Tenerife 1,CH,2023-01-16,R32,Francesco,Passaro,1-6 4-6,Challenger main draw,2023,linked,10992338,1673967300.0,"Tenerife, Spain",Challenger,Round of 32,Francesco Passaro,3.0,2.0,1.0,0.0,absent,false,finished,False
S0GZ:atp:2023/8148/ms004:R0FP,S0GZ,Nikolas Sanchez Izquierdo,M25 Manacor,FU,2023-01-23,QF,Daniel,Rincon,4-6 1-6,ITF main draw,2023,unobserved,,,,,,,,,,,,,,False
S0GZ:atp:2023/8148/ms008:M0MW,S0GZ,Nikolas Sanchez Izquierdo,M25 Manacor,FU,2023-01-23,R16,Xavi,Matas Ortega,6-1 6-3,ITF main draw,2023,unobserved,,,,,,,,,,,,,,False
S0GZ:atp:2023/8148/ms016:L0AT,S0GZ,Nikolas Sanchez Izquierdo,M25 Manacor,FU,2023-01-23,R32,Imanol,Lopez Morillo,6-7(5) 6-2 7-6(4),ITF main draw,2023,unobserved,,,,,,,,,,,,,,False
S0GZ:atp:2023/2839/qs022:LF29,S0GZ,Nikolas Sanchez Izquierdo,Tenerife 2,CH,2023-01-30,Q1,Alvaro,Lopez San Martin,5-7 6-7(5),Challenger qualifying,2023,unobserved,,,,,,,,,,,,,,False
S0GZ:atp:2023/398/ms030:DA86,S0GZ,Nikolas Sanchez Izquierdo,Cherbourg,CH,2023-02-13,R32,Joris,De Loore,2-6 6-7(4),Challenger main draw,2023,unobserved,,,,,,,,,,,,,,False
S0GZ:atp:2023/8248/ms007:E0AU,S0GZ,Nikolas Sanchez Izquierdo,M25 Torello,FU,2023-02-27,QF,John,Echeverria,3-6 4-6,ITF main draw,2023,unobserved,,,,,,,,,,,,,,False
S0GZ:atp:2023/8248/ms015:B0HF,S0GZ,Nikolas Sanchez Izquierdo,M25 Torello,FU,2023-02-27,R16,Diego Augusto,Barreto Sanchez,7-6(3) 6-3,ITF main draw,2023,unobserved,,,,,,,,,,,,,,False
S0GZ:atp:2023/8248/ms031:CH19,S0GZ,Nikolas Sanchez Izquierdo,M25 Torello,FU,2023-02-27,R32,Daniele,Capecchi,6-2 6-1,ITF main draw,2023,unobserved,,,,,,,,,,,,,,False
S0GZ:atp:2023/9430/ms025:CE25,S0GZ,Nikolas Sanchez Izquierdo,Antalya,CH,2023-03-06,R32,Salvatore,Caruso,7-6(8) 4-6 2-6,Challenger main draw,2023,unobserved,,,,,,,,,,,,,,False
S0GZ:atp:2023/2827/ms030:G983,S0GZ,Nikolas Sanchez Izquierdo,Szekesfehervar,CH,2023-03-13,R32,Alessandro,Giannessi,4-6 7-6(3) 4-6,Challenger main draw,2023,unobserved,,,,,,,,,,,,,,False
S0GZ:atp:2023/2853/ms031:GF95,S0GZ,Nikolas Sanchez Izquierdo,Les Franqueses del Valles,CH,2023-03-20,R32,Hugo,Grenier,4-6 4-6,Challenger main draw,2023,linked,11140912,1679410800.0,"Las Franquesas del Valles, Spain",Challenger,Round of 32,Hugo Grenier,3.0,2.0,1.0,0.0,absent,false,finished,False
S0GZ:atp:2023/2855/qs021:D916,S0GZ,Nikolas Sanchez Izquierdo,Girona,CH,2023-03-27,Q1,Steven,Diez,3-6 4-6,Challenger qualifying,2023,linked,11158006,1679824800.0,"Girona, Spain, Qualifying",Challenger,Qualification round 1,Steven Diez,3.0,2.0,1.0,0.0,absent,false,finished,False
S0GZ:atp:2023/8211/ms006:M0L2,S0GZ,Nikolas Sanchez Izquierdo,M25 Reus,FU,2023-04-03,QF,Alejandro,Manzanera Pertusa,5-7 6-1 1-6,ITF main draw,2023,linked,11195491,1680864300.0,"Reus, Singles Main, M-ITF-ESP-06A",ITF Men,Quarterfinals,Alejandro Manzanera Pertusa,3.0,2.0,1.0,0.0,1,false,finished,True
S0GZ:atp:2023/8211/ms013:PI96,S0GZ,Nikolas Sanchez Izquierdo,M25 Reus,FU,2023-04-03,R16,Sergi,Perez Contri,6-2 6-7(3) 6-4,ITF main draw,2023,linked,11189368,1680798300.0,"Reus, Singles Main, M-ITF-ESP-06A",ITF Men,Round of 16,Sergi Perez Contri,3.0,2.0,1.0,0.0,2,false,finished,True
S0GZ:atp:2023/8211/ms027:G0GZ,S0GZ,Nikolas Sanchez Izquierdo,M25 Reus,FU,2023-04-03,R32,Liam,Gavrielides,6-2 6-4,ITF main draw,2023,linked,11190503,1680698100.0,"Reus, Singles Main, M-ITF-ESP-06A",ITF Men,Round of 32,Liam Gavrielides,3.0,2.0,1.0,0.0,2,false,finished,True
S0GZ:atp:2023/9687/ms030:D0CN,S0GZ,Nikolas Sanchez Izquierdo,Madrid,CH,2023-04-10,R32,Miguel,Damas,4-6 4-6,Challenger main draw,2023,linked,11203493,1681202700.0,"Madrid, Spain",Challenger,Round of 32,Miguel Damas,3.0,2.0,1.0,0.0,absent,false,finished,False
S0GZ:atp:2023/9687/qs010:BV25,S0GZ,Nikolas Sanchez Izquierdo,Madrid,CH,2023-04-10,Q2,Javier,Barranco Cosano,3-6 7-6(6) 6-2,Challenger qualifying,2023,linked,11201541,1681117200.0,"Madrid, Spain, Qualifying",Challenger,Qualification round 1,Javier Barranco Cosano,3.0,1.0,1.0,0.0,absent,false,finished,False
S0GZ:atp:2023/9687/qs021:J0DZ,S0GZ,Nikolas Sanchez Izquierdo,Madrid,CH,2023-04-10,Q1,Rafael,Jodar,6-1 6-0,Challenger qualifying,2023,linked,11199048,1681052100.0,"Madrid, Spain, Qualifying",Challenger,Qualification round 1,Rafael Jodar,3.0,2.0,1.0,0.0,absent,false,finished,False
S0GZ:atp:2023/8253/ms007:O639,S0GZ,Nikolas Sanchez Izquierdo,M25 Santa Margherita di Pula,FU,2023-04-24,QF,Giovanni,Oradini,4-6 6-0 1-6,ITF main draw,2023,linked,11239894,1682591700.0,"S. Margherita Di Pula, Singles Main, M-ITF-ITA-05A",ITF Men,Quarterfinals,Giovanni Oradini,3.0,2.0,1.0,0.0,2,false,finished,True
S0GZ:atp:2023/8253/ms015:C0OW,S0GZ,Nikolas Sanchez Izquierdo,M25 Santa Margherita di Pula,FU,2023-04-24,R16,Lorenzo,Carboni,6-3 6-3,ITF main draw,2023,linked,11237279,1682495700.0,"S. Margherita Di Pula, Singles Main, M-ITF-ITA-05A",ITF Men,Round of 16,Lorenzo Carboni,3.0,2.0,1.0,0.0,1,false,finished,True
S0GZ:atp:2023/8253/ms031:C0KO,S0GZ,Nikolas Sanchez Izquierdo,M25 Santa Margherita di Pula,FU,2023-04-24,R32,Niccolò,Ciavarella,6-0 6-7(4) 6-1,ITF main draw,2023,linked,11232856,1682336100.0,"S. Margherita Di Pula, Singles Main, M-ITF-ITA-05A",ITF Men,Round of 32,Niccolo Ciavarella,3.0,2.0,1.0,0.0,1,false,finished,True
S0GZ:atp:2023/9879/ms010:BK19,S0GZ,Nikolas Sanchez Izquierdo,M25 Sabadell,FU,2023-05-01,R16,Mathias,Bourgue,7-6(3) 5-7 1-6,ITF main draw,2023,unobserved,,,,,,,,,,,,,,False
S0GZ:atp:2023/9879/ms020:K0BJ,S0GZ,Nikolas Sanchez Izquierdo,M25 Sabadell,FU,2023-05-01,R32,Georgii,Kravchenko,7-6(7) 7-5,ITF main draw,2023,linked,11253890,1683108000.0,"Sabadell, Singles Main, M-ITF-ESP-12A",ITF Men,Round of 32,Georgii Kravchenko,3.0,2.0,1.0,0.0,1,false,finished,True
S0GZ:atp:2023/275/ms001:M0EY,S0GZ,Nikolas Sanchez Izquierdo,M25 Valldoreix,FU,2023-05-08,F,Alex,Marti Pujolras,6-2 6-0,ITF main draw,2023,unobserved,,,,,,,,,,,,,,False
S0GZ:atp:2023/275/ms003:HB48,S0GZ,Nikolas Sanchez Izquierdo,M25 Valldoreix,FU,2023-05-08,SF,Calvin,Hemery,6-4 6-1,ITF main draw,2023,unobserved,,,,,,,,,,,,,,False
S0GZ:atp:2023/275/ms006:LC11,S0GZ,Nikolas Sanchez Izquierdo,M25 Valldoreix,FU,2023-05-08,QF,Tristan,Lamasine,3-6 6-1 6-2,ITF main draw,2023,unobserved,,,,,,,,,,,,,,False
S0GZ:atp:2023/275/ms013:K0BH,S0GZ,Nikolas Sanchez Izquierdo,M25 Valldoreix,FU,2023-05-08,R16,Rimpei,Kawakami,6-2 6-4,ITF main draw,2023,unobserved,,,,,,,,,,,,,,False
S0GZ:atp:2023/275/ms027:P0I7,S0GZ,Nikolas Sanchez Izquierdo,M25 Valldoreix,FU,2023-05-08,R32,Eduardo,Pobes,6-1 6-0,ITF main draw,2023,unobserved,,,,,,,,,,,,,,False
S0GZ:atp:2023/810/ms013:J476,S0GZ,Nikolas Sanchez Izquierdo,M25 Gurb,FU,2023-05-15,R16,David,Jorda Sanchis,4-6 2-6,ITF main draw,2023,unobserved,,,,,,,,,,,,,,False
S0GZ:atp:2023/810/ms027:K0HL,S0GZ,Nikolas Sanchez Izquierdo,M25 Gurb,FU,2023-05-15,R32,Kyle,Kang,6-4 6-3,ITF main draw,2023,unobserved,,,,,,,,,,,,,,False
S0GZ:atp:2023/809/ms001:S0KT,S0GZ,Nikolas Sanchez Izquierdo,M25 Mataro,FU,2023-05-22,F,Stefanos,Sakellaridis,6-1 6-4,ITF main draw,2023,linked,11313895,1685262000.0,"Mataro, Singles Main, M-ITF-ESP-13A",ITF Men,Final,Stefanos Sakellaridis,3.0,2.0,1.0,0.0,2,false,finished,True
S0GZ:atp:2023/809/ms003:K0HL,S0GZ,Nikolas Sanchez Izquierdo,M25 Mataro,FU,2023-05-22,SF,Kyle,Kang,6-7(5) 6-2 6-2,ITF main draw,2023,linked,11312251,1685178000.0,"Mataro, Singles Main, M-ITF-ESP-13A",ITF Men,Semifinals,Kyle Kang,3.0,2.0,1.0,0.0,1,false,finished,True
S0GZ:atp:2023/809/ms007:V0DP,S0GZ,Nikolas Sanchez Izquierdo,M25 Mataro,FU,2023-05-22,QF,Adolfo Daniel,Vallejo,6-1 6-1,ITF main draw,2023,linked,11311849,1685105100.0,"Mataro, Singles Main, M-ITF-ESP-13A",ITF Men,Quarterfinals,Adolfo Daniel Vallejo,3.0,2.0,1.0,0.0,1,false,finished,True
S0GZ:atp:2023/809/ms015:SX90,S0GZ,Nikolas Sanchez Izquierdo,M25 Mataro,FU,2023-05-22,R16,Fajing,Sun,6-2 6-3,ITF main draw,2023,unobserved,,,,,,,,,,,,,,False
S0GZ:atp:2023/809/ms031:S0YI,S0GZ,Nikolas Sanchez Izquierdo,M25 Mataro,FU,2023-05-22,R32,Zach,Stephens,6-1 6-1,ITF main draw,2023,unobserved,,,,,,,,,,,,,,False
S0GZ:atp:2023/7536/qs018:P0GN,S0GZ,Nikolas Sanchez Izquierdo,Lyon,CH,2023-06-12,Q1,Tom,Paris,5-7 2-6,Challenger qualifying,2023,linked,11342689,1686484500.0,"Lyon, France, Qualifying",Challenger,absent,Tom Paris,3.0,1.0,1.0,0.0,absent,false,finished,False
S0GZ:atp:2023/6757/ms003:J0AZ,S0GZ,Nikolas Sanchez Izquierdo,Blois,CH,2023-06-19,SF,Kyrian,Jacquet,3-6 3-6,Challenger main draw,2023,linked,11353068,1687534200.0,"Blois, France",Challenger,Semifinals,Kyrian Jacquet,3.0,2.0,1.0,0.0,absent,false,finished,False
S0GZ:atp:2023/6757/ms007:D750,S0GZ,Nikolas Sanchez Izquierdo,Blois,CH,2023-06-19,QF,Kenny,De Schepper,3-6 6-3 7-6(5),Challenger main draw,2023,linked,11353075,1687514400.0,"Blois, France",Challenger,Quarterfinals,Kenny De Schepper,3.0,2.0,1.0,0.0,absent,false,finished,False
S0GZ:atp:2023/6757/ms015:MO44,S0GZ,Nikolas Sanchez Izquierdo,Blois,CH,2023-06-19,R16,Pedro,Martinez,6-4 6-3,Challenger main draw,2023,linked,11353062,1687344600.0,"Blois, France",Challenger,Round of 16,Pedro Martinez,3.0,2.0,1.0,0.0,absent,false,finished,False
S0GZ:atp:2023/6757/ms030:E811,S0GZ,Nikolas Sanchez Izquierdo,Blois,CH,2023-06-19,R32,Elmar,Ejupovic,6-7(2) 6-4 6-1,Challenger main draw,2023,linked,11360956,1687263600.0,"Blois, France",Challenger,Round of 32,Elmar Ejupovic,3.0,2.0,1.0,0.0,absent,false,finished,False
S0GZ:atp:2023/6757/qs010:HG90,S0GZ,Nikolas Sanchez Izquierdo,Blois,CH,2023-06-19,Q2,Conner,Huertas del Pino,7-6(5) 6-4,Challenger qualifying,2023,linked,11359107,1687175100.0,"Blois, France, Qualifying",Challenger,absent,Connor Huertas Del Pino,1.0,1.0,1.0,0.0,absent,false,finished,False
S0GZ:atp:2023/6757/qs020:P0D0,S0GZ,Nikolas Sanchez Izquierdo,Blois,CH,2023-06-19,Q1,Jakub,Paul,7-6(5) 3-6 6-1,Challenger qualifying,2023,linked,11357639,1687098300.0,"Blois, France, Qualifying",Challenger,Qualification round 1,Jakub Paul,3.0,2.0,1.0,0.0,absent,false,finished,False
S0GZ:atp:2023/1214/ms026:DC48,S0GZ,Nikolas Sanchez Izquierdo,Troyes,CH,2023-07-03,R32,Murkel,Dellien,6-7(8) 6-0 4-6,Challenger main draw,2023,linked,11398229,1688459400.0,"Troyes, France",Challenger,Round of 32,Murkel Dellien,3.0,2.0,1.0,0.0,absent,false,finished,False
S0GZ:atp:2023/4361/ms001:V0BP,S0GZ,Nikolas Sanchez Izquierdo,M25 Esch/Alzette,FU,2023-07-10,F,Marlon,Vankan,1-6 6-3 6-2,ITF main draw,2023,linked,11437041,1689496200.0,"Esch-sur-Alzette, Singles Main, M-ITF-LUX-02A",ITF Men,Final,Marlon Vankan,3.0,2.0,1.0,0.0,2,false,finished,True
S0GZ:atp:2023/4361/ms002:B0PG,S0GZ,Nikolas Sanchez Izquierdo,M25 Esch/Alzette,FU,2023-07-10,SF,Alexander,Blockx,4-6 7-6(4) 6-4,ITF main draw,2023,linked,11432692,1689414900.0,"Esch-sur-Alzette, Singles Main, M-ITF-LUX-02A",ITF Men,Semifinals,Alexander Blockx,3.0,2.0,1.0,0.0,1,false,finished,True
S0GZ:atp:2023/4361/ms004:Z0C9,S0GZ,Nikolas Sanchez Izquierdo,M25 Esch/Alzette,FU,2023-07-10,QF,Marcel,Zielinski,6-1 2-0,ITF main draw,2023,linked,11430502,1689328800.0,"Esch-sur-Alzette, Singles Main, M-ITF-LUX-02A",ITF Men,Quarterfinals,Marcel Zielinski,3.0,2.0,1.0,0.0,2,false,finished,True
S0GZ:atp:2023/4361/ms008:K0FY,S0GZ,Nikolas Sanchez Izquierdo,M25 Esch/Alzette,FU,2023-07-10,R16,Martin,Krumich,6-3 7-6(4),ITF main draw,2023,linked,11427763,1689260400.0,"Esch-sur-Alzette, Singles Main, M-ITF-LUX-02A",ITF Men,Round of 16,Martin Krumich,3.0,2.0,1.0,0.0,1,false,finished,True
S0GZ:atp:2023/4361/ms016:K572,S0GZ,Nikolas Sanchez Izquierdo,M25 Esch/Alzette,FU,2023-07-10,R32,Gilles,Kremer,6-2 6-1,ITF main draw,2023,linked,11422438,1689175800.0,"Esch-sur-Alzette, Singles Main, M-ITF-LUX-02A",ITF Men,Round of 32,Gilles Kremer,3.0,2.0,1.0,0.0,2,false,finished,True
S0GZ:atp:2023/221/ms012:A0CJ,S0GZ,Nikolas Sanchez Izquierdo,Tampere,CH,2023-07-17,R16,Duje,Ajdukovic,1-6 6-7(5),Challenger main draw,2023,unobserved,,,,,,,,,,,,,,False
S0GZ:atp:2023/221/ms024:LI03,S0GZ,Nikolas Sanchez Izquierdo,Tampere,CH,2023-07-17,R32,Edoardo,Lavagno,6-4 6-3,Challenger main draw,2023,linked,11436687,1689678600.0,"Tampere, Finland",Challenger,Round of 32,Edoardo Lavagno,3.0,2.0,1.0,0.0,absent,false,finished,False
S0GZ:atp:2023/9540/ms015:MU94,S0GZ,Nikolas Sanchez Izquierdo,San Marino,CH,2023-07-31,R16,Jaume,Munar,1-6 2-6,Challenger main draw,2023,unobserved,,,,,,,,,,,,,,False
S0GZ:atp:2023/9540/ms030:TE16,S0GZ,Nikolas Sanchez Izquierdo,San Marino,CH,2023-07-31,R32,Carlos,Taberner,2-6 6-2 7-5,Challenger main draw,2023,unobserved,,,,,,,,,,,,,,False
S0GZ:atp:2023/1607/ms022:A0CJ,S0GZ,Nikolas Sanchez Izquierdo,Banja Luka,CH,2023-08-07,R32,Duje,Ajdukovic,4-6 5-7,Challenger main draw,2023,unobserved,,,,,,,,,,,,,,False
S0GZ:atp:2023/8266/ms019:M0BN,S0GZ,Nikolas Sanchez Izquierdo,Augsburg,CH,2023-08-21,R32,Marvin,Moeller,6-2 2-6 0-6,Challenger main draw,2023,unobserved,,,,,,,,,,,,,,False
S0GZ:atp:2023/3473/ms017:N0CS,S0GZ,Nikolas Sanchez Izquierdo,Como,CH,2023-08-28,R32,Lukas,Neumayer,3-6 7-5 3-6,Challenger main draw,2023,linked,11588260,1693309200.0,"Como, Italy",Challenger,Round of 32,Lukas Neumayer,3.0,2.0,1.0,0.0,absent,false,finished,False
S0GZ:atp:2023/784/ms014:L0CX,S0GZ,Nikolas Sanchez Izquierdo,Seville,CH,2023-09-04,R16,Pablo,Llamas Ruiz,7-6(7) 4-6 4-6,Challenger main draw,2023,linked,11596480,1694009100.0,"Seville, Spain",Challenger,Round of 16,Pablo Llamas Ruiz,3.0,2.0,1.0,0.0,absent,false,finished,False
S0GZ:atp:2023/784/ms029:DC76,S0GZ,Nikolas Sanchez Izquierdo,Seville,CH,2023-09-04,R32,Viktor,Durasovic,6-4 3-6 6-4,Challenger main draw,2023,linked,11612178,1693938000.0,"Seville, Spain",Challenger,Round of 32,Viktor Durasović,3.0,2.0,1.0,0.0,absent,false,finished,False
S0GZ:atp:2023/6590/ms016:P09O,S0GZ,Nikolas Sanchez Izquierdo,Sibiu,CH,2023-09-18,R32,Zsombor,Piros,3-6 3-6,Challenger main draw,2023,linked,11649975,1695106800.0,"Sibiu, Romania",Challenger,Round of 32,Zsombor Piros,3.0,2.0,1.0,0.0,absent,false,finished,False
S0GZ:atp:2023/7913/qs010:S0AR,S0GZ,Nikolas Sanchez Izquierdo,Braga,CH,2023-09-25,Q2,Timo,Stodder,6-3 4-6 1-6,Challenger qualifying,2023,linked,11684534,1695632400.0,"Braga, Portugal, Qualifying",Challenger,Qualification round 1,Timo Stodder,3.0,1.0,1.0,0.0,absent,false,finished,False
S0GZ:atp:2023/7913/qs021:VA15,S0GZ,Nikolas Sanchez Izquierdo,Braga,CH,2023-09-25,Q1,Duarte,Vale,6-3 6-2,Challenger qualifying,2023,linked,11683362,1695546000.0,"Braga, Portugal, Qualifying",Challenger,Qualification round 1,Duarte Vale,3.0,2.0,1.0,0.0,absent,false,finished,False
S0GZ:atp:2023/4438/ms001:P0I6,S0GZ,Nikolas Sanchez Izquierdo,M25 Santa Margherita di Pula,FU,2023-10-02,F,Gabriele,Piraino,6-0 6-4,ITF main draw,2023,linked,11716400,1696668900.0,"S. Margherita Di Pula, Singles, M-ITF-ITA-27A",ITF Men,Final,Gabriele Piraino,3.0,2.0,1.0,0.0,2,false,finished,True
S0GZ:atp:2023/4438/ms003:F0CJ,S0GZ,Nikolas Sanchez Izquierdo,M25 Santa Margherita di Pula,FU,2023-10-02,SF,Gianmarco,Ferrari,4-6 6-4 6-2,ITF main draw,2023,linked,11712963,1696582800.0,"S. Margherita Di Pula, Singles, M-ITF-ITA-27A",ITF Men,Semifinals,Gianmarco Ferrari,3.0,2.0,1.0,0.0,1,false,finished,True
S0GZ:atp:2023/4438/ms007:I09N,S0GZ,Nikolas Sanchez Izquierdo,M25 Santa Margherita di Pula,FU,2023-10-02,QF,Federico,Iannaccone,6-1 6-2,ITF main draw,2023,linked,11709354,1696496400.0,"S. Margherita Di Pula, Singles, M-ITF-ITA-27A",ITF Men,Quarterfinals,Federico Iannaccone,3.0,2.0,1.0,0.0,2,false,finished,True
S0GZ:atp:2023/4438/ms015:C0BB,S0GZ,Nikolas Sanchez Izquierdo,M25 Santa Margherita di Pula,FU,2023-10-02,R16,Tommaso,Compagnucci,7-6(4) 6-0,ITF main draw,2023,linked,11702660,1696406400.0,"S. Margherita Di Pula, Singles, M-ITF-ITA-27A",ITF Men,Round of 16,Tommaso Compagnucci,3.0,2.0,1.0,0.0,absent,false,finished,False
S0GZ:atp:2023/4438/ms031:ML51,S0GZ,Nikolas Sanchez Izquierdo,M25 Santa Margherita di Pula,FU,2023-10-02,R32,Toby,Martin,6-1 6-3,ITF main draw,2023,linked,11703636,1696319700.0,"S. Margherita Di Pula, Singles, M-ITF-ITA-27A",ITF Men,Round of 32,Toby Martin,3.0,2.0,1.0,0.0,1,false,finished,True
S0GZ:atp:2023/4444/ms007:O482,S0GZ,Nikolas Sanchez Izquierdo,M25 Santa Margherita di Pula,FU,2023-10-09,QF,Gonzalo,Oliveira,4-6 7-6(4) 6-7(6),ITF main draw,2023,unobserved,,,,,,,,,,,,,,False
S0GZ:atp:2023/4444/ms014:C0OW,S0GZ,Nikolas Sanchez Izquierdo,M25 Santa Margherita di Pula,FU,2023-10-09,R16,Lorenzo,Carboni,3-6 6-4 6-2,ITF main draw,2023,unobserved,,,,,,,,,,,,,,False
S0GZ:atp:2023/4444/ms028:P0B2,S0GZ,Nikolas Sanchez Izquierdo,M25 Santa Margherita di Pula,FU,2023-10-09,R32,Luca,Potenza,6-2 4-6 7-6(1),ITF main draw,2023,unobserved,,,,,,,,,,,,,,False
S0GZ:atp:2023/8297/ms025:HD68,S0GZ,Nikolas Sanchez Izquierdo,Hamburg,CH,2023-10-16,R32,Billy,Harris,4-6 2-6,Challenger main draw,2023,unobserved,,,,,,,,,,,,,,False
S0GZ:atp:2023/4642/ms015:D0CN,S0GZ,Nikolas Sanchez Izquierdo,M25 Benicarlo,FU,2023-11-06,R16,Miguel,Damas,3-6 0-6,ITF main draw,2023,unobserved,,,,,,,,,,,,,,False
S0GZ:atp:2023/4642/ms031:B0NO,S0GZ,Nikolas Sanchez Izquierdo,M25 Benicarlo,FU,2023-11-06,R32,Darwin,Blanch,6-0 6-1,ITF main draw,2023,unobserved,,,,,,,,,,,,,,False
S0GZ:atp:2023/2823/qs012:H996,S0GZ,Nikolas Sanchez Izquierdo,Valencia,CH,2023-11-20,Q2,Pierre-Hugues,Herbert,6-0 6-7(4) 1-6,Challenger qualifying,2023,unobserved,,,,,,,,,,,,,,False
S0GZ:atp:2023/2823/qs025:P0I5,S0GZ,Nikolas Sanchez Izquierdo,Valencia,CH,2023-11-20,Q1,Ignacio,Parisca Romera,7-5 6-0,Challenger qualifying,2023,unobserved,,,,,,,,,,,,,,False
S0GZ:atp:2023/2825/ms024:R0FP,S0GZ,Nikolas Sanchez Izquierdo,Maspalomas,CH,2023-11-27,R32,Daniel,Rincon,2-6 5-7,Challenger main draw,2023,unobserved,,,,,,,,,,,,,,False
S0GZ:atp:2024/1210/ms023:S0AR,S0GZ,Nikolas Sanchez Izquierdo,Buenos Aires (Argentino) 1,CH,2024-01-08,R32,Timo,Stodder,2-6 6-7(5),Challenger main draw,2024,unobserved,,,,,,,,,,,,,,False
S0GZ:atp:2024/9678/ms013:CC66,S0GZ,Nikolas Sanchez Izquierdo,Buenos Aires (Argentino) 2,CH,2024-01-15,R16,Andrea,Collarini,6-3 2-6 3-6,Challenger main draw,2024,linked,11961173,1705600200.0,"Buenos Aires 2, Argentina",Challenger,Round of 16,Andrea Collarini,3.0,2.0,1.0,0.0,1,false,finished,True
S0GZ:atp:2024/9678/ms026:LF26,S0GZ,Nikolas Sanchez Izquierdo,Buenos Aires (Argentino) 2,CH,2024-01-15,R32,Orlando,Luz,6-3 2-6 6-1,Challenger main draw,2024,linked,11975844,1705437900.0,"Buenos Aires 2, Argentina",Challenger,Round of 32,Orlando Luz,3.0,2.0,1.0,0.0,2,false,finished,True
S0GZ:atp:2024/2901/ms013:C0C8,S0GZ,Nikolas Sanchez Izquierdo,Punta del Este,CH,2024-01-22,R16,Juan Manuel,Cerundolo,1-6 3-6,Challenger main draw,2024,linked,11978583,1706205600.0,"Punta del Este, Uruguay",Challenger,Round of 16,Juan Manuel Cerundolo,3.0,2.0,1.0,0.0,1,false,finished,True
S0GZ:atp:2024/2901/ms027:BS86,S0GZ,Nikolas Sanchez Izquierdo,Punta del Este,CH,2024-01-22,R32,Tomas,Barrios Vera,3-6 6-4 6-4,Challenger main draw,2024,linked,11997068,1706046000.0,"Punta del Este, Uruguay",Challenger,Round of 32,Tomás Barrios Vera,3.0,2.0,1.0,0.0,2,false,finished,True
S0GZ:atp:2024/2901/qs010:LF26,S0GZ,Nikolas Sanchez Izquierdo,Punta del Este,CH,2024-01-22,Q2,Orlando,Luz,4-6 6-1 6-4,Challenger qualifying,2024,linked,11994089,1705939200.0,"Punta del Este, Uruguay, Qualifying",Challenger,absent,Orlando Luz,3.0,1.0,1.0,0.0,2,false,finished,True
S0GZ:atp:2024/2901/qs020:T0DM,S0GZ,Nikolas Sanchez Izquierdo,Punta del Este,CH,2024-01-22,Q1,Juan Bautista,Torres,5-7 6-3 6-4,Challenger qualifying,2024,linked,11992497,1705845600.0,"Punta del Este, Uruguay, Qualifying",Challenger,Qualification round 1,Juan Bautista Torres,3.0,2.0,1.0,0.0,2,false,finished,True
S0GZ:atp:2024/2835/ms029:F0F4,S0GZ,Nikolas Sanchez Izquierdo,Piracicaba,CH,2024-01-29,R32,Kilian,Feldbausch,4-6 4-6,Challenger main draw,2024,linked,12019245,1706639100.0,"Piracicaba, Brazil",Challenger,Round of 32,Kilian Feldbausch,3.0,2.0,1.0,0.0,1,false,finished,True
S0GZ:atp:2024/496/qs010:Z0A1,S0GZ,Nikolas Sanchez Izquierdo,Marseille,250,2024-02-05,Q1,Giulio,Zeppieri,5-7 2-6,Tour qualifying,2024,linked,12039868,1707062100.0,"Marseille, France, Qualifying",ATP,Qualification round 1,Giulio Zeppieri,3.0,2.0,1.0,0.0,2,false,finished,True
S0GZ:atp:2024/4568/ms016:F0C4,S0GZ,Nikolas Sanchez Izquierdo,M15 Torello,FU,2024-03-04,R32,Diego,Fernandez Flores,3-6 4-6,ITF main draw,2024,linked,12127650,1709731800.0,"Torello, Singles Main, M-ITF-ESP-12A",ITF Men,Round of 32,Diego Fernandez Flores,3.0,2.0,1.0,0.0,2,false,finished,True
S0GZ:atp:2024/4581/ms004:S0BT,S0GZ,Nikolas Sanchez Izquierdo,M15 Les Franqueses des Valle,FU,2024-03-11,QF,Adria,Soriano Barrera,0-6,ITF main draw,2024,unobserved,,,,,,,,,,,,,,False
S0GZ:atp:2024/4581/ms008:V0HT,S0GZ,Nikolas Sanchez Izquierdo,M15 Les Franqueses des Valle,FU,2024-03-11,R16,Ronetto,Van Tilburg,4-6 7-6(4) 7-5,ITF main draw,2024,unobserved,,,,,,,,,,,,,,False
S0GZ:atp:2024/4581/ms016:P0MN,S0GZ,Nikolas Sanchez Izquierdo,M15 Les Franqueses des Valle,FU,2024-03-11,R32,Albert,Pedrico Kravtsov,6-3 6-4,ITF main draw,2024,unobserved,,,,,,,,,,,,,,False
S0GZ:atp:2024/9171/ms025:BK19,S0GZ,Nikolas Sanchez Izquierdo,Murcia,CH,2024-03-18,R32,Mathias,Bourgue,5-7 3-6,Challenger main draw,2024,unobserved,,,,,,,,,,,,,,False
S0GZ:atp:2024/2855/ms002:A829,S0GZ,Nikolas Sanchez Izquierdo,Girona,CH,2024-03-25,SF,Radu,Albot,4-6 2-6,Challenger main draw,2024,unobserved,,,,,,,,,,,,,,False
S0GZ:atp:2024/2855/ms005:SH90,S0GZ,Nikolas Sanchez Izquierdo,Girona,CH,2024-03-25,QF,Joao,Sousa,,Challenger main draw,2024,unobserved,,,,,,,,,,,,,,False
S0GZ:atp:2024/2855/ms011:E698,S0GZ,Nikolas Sanchez Izquierdo,Girona,CH,2024-03-25,R16,Gastao,Elias,5-7 6-3 6-4,Challenger main draw,2024,unobserved,,,,,,,,,,,,,,False
S0GZ:atp:2024/2855/ms023:L0CX,S0GZ,Nikolas Sanchez Izquierdo,Girona,CH,2024-03-25,R32,Pablo,Llamas Ruiz,4-6 6-3 6-3,Challenger main draw,2024,unobserved,,,,,,,,,,,,,,False
S0GZ:atp:2024/2855/qs013:E698,S0GZ,Nikolas Sanchez Izquierdo,Girona,CH,2024-03-25,Q2,Gastao,Elias,4-6 6-0 4-6,Challenger qualifying,2024,unobserved,,,,,,,,,,,,,,False
S0GZ:atp:2024/2855/qs026:RH69,S0GZ,Nikolas Sanchez Izquierdo,Girona,CH,2024-03-25,Q1,Matthew,Romios,6-0 6-1,Challenger qualifying,2024,unobserved,,,,,,,,,,,,,,False
S0GZ:atp:2024/9132/ms013:D0C1,S0GZ,Nikolas Sanchez Izquierdo,Barcelona,CH,2024-04-01,R16,Jesper,de Jong,3-6 4-6,Challenger main draw,2024,unobserved,,,,,,,,,,,,,,False
S0GZ:atp:2024/9132/ms026:N0EK,S0GZ,Nikolas Sanchez Izquierdo,Barcelona,CH,2024-04-01,R32,David,Naharro,6-1 6-0,Challenger main draw,2024,unobserved,,,,,,,,,,,,,,False
S0GZ:atp:2024/9687/qs026:TE16,S0GZ,Nikolas Sanchez Izquierdo,Madrid,CH,2024-04-08,Q1,Carlos,Taberner,1-4,Challenger qualifying,2024,linked,12229002,1712485800.0,"Madrid, Spain, Qualifying",Challenger,Qualification round 1,Carlos Taberner,3.0,2.0,1.0,0.0,2,false,finished,True
S0GZ:atp:2024/425/qs020:M0G4,S0GZ,Nikolas Sanchez Izquierdo,Barcelona,500,2024-04-15,Q1,Harold,Mayot,7-6(2) 2-6 3-6,Tour qualifying,2024,linked,12245557,1713013800.0,"Barcelona, Spain, Qualifying",ATP,absent,Harold Mayot,3.0,1.0,1.0,0.0,2,false,finished,True
S0GZ:atp:2024/2151/ms027:KC04,S0GZ,Nikolas Sanchez Izquierdo,Rome,CH,2024-04-22,R32,Jozef,Kovalik,6-4 6-7(4) 2-6,Challenger main draw,2024,linked,12267780,1713859200.0,"Rome, Italy",Challenger,Round of 32,Jozef Kovalik,3.0,2.0,1.0,0.0,2,false,finished,True
S0GZ:atp:2024/4659/ms001:D0CN,S0GZ,Nikolas Sanchez Izquierdo,M25 Sabadell,FU,2024-04-29,F,Miguel,Damas,6-4 4-6 6-3,ITF main draw,2024,linked,12305712,1714899600.0,"Sabadell, Singles Main, M-ITF-ESP-22A",ITF Men,Final,Miguel Damas,3.0,2.0,1.0,0.0,1,false,finished,True
S0GZ:atp:2024/4659/ms003:R0FP,S0GZ,Nikolas Sanchez Izquierdo,M25 Sabadell,FU,2024-04-29,SF,Daniel,Rincon,6-4 6-0,ITF main draw,2024,linked,12303589,1714815000.0,"Sabadell, Singles Main, M-ITF-ESP-22A",ITF Men,Semifinals,Daniel Rincon,3.0,2.0,1.0,0.0,2,false,finished,True
S0GZ:atp:2024/4659/ms006:I0A7,S0GZ,Nikolas Sanchez Izquierdo,M25 Sabadell,FU,2024-04-29,QF,Nicholas David,Ionel,3-6 6-3 6-0,ITF main draw,2024,linked,12300797,1714736700.0,"Sabadell, Singles Main, M-ITF-ESP-22A",ITF Men,Quarterfinals,Nicholas David Ionel,3.0,2.0,1.0,0.0,1,false,finished,True
S0GZ:atp:2024/4659/ms013:KD87,S0GZ,Nikolas Sanchez Izquierdo,M25 Sabadell,FU,2024-04-29,R16,Evgeny,Karlovskiy,6-7(1) 6-1 6-1,ITF main draw,2024,linked,12298345,1714647900.0,"Sabadell, Singles Main, M-ITF-ESP-22A",ITF Men,Round of 16,Evgeny Karlovskiy,3.0,2.0,1.0,0.0,2,false,finished,True
S0GZ:atp:2024/4659/ms027:B0VF,S0GZ,Nikolas Sanchez Izquierdo,M25 Sabadell,FU,2024-04-29,R32,Oliver,Bonding,6-3 6-1,ITF main draw,2024,linked,12293465,1714558500.0,"Sabadell, Singles Main, M-ITF-ESP-22A",ITF Men,Round of 32,Oliver Bonding,3.0,2.0,1.0,0.0,2,false,finished,True
S0GZ:atp:2024/600/ms027:M0AC,S0GZ,Nikolas Sanchez Izquierdo,Prague 2,CH,2024-05-06,R32,Rudolf,Molleker,3-6 1-6,Challenger main draw,2024,linked,12306792,1715173500.0,"Prague 2, Czech Republic",Challenger,Round of 32,Rudolf Molleker,3.0,2.0,1.0,0.0,2,false,finished,True
S0GZ:atp:2024/4686/ms016:DH55,S0GZ,Nikolas Sanchez Izquierdo,M25 Vic,FU,2024-05-13,R32,Michiel,De Krom,3-6 7-6(4) 5-7,ITF main draw,2024,linked,12333041,1715763300.0,"Vic, Singles Main, M-ITF-ESP-26A",ITF Men,Round of 32,Michiel De Krom,3.0,2.0,0.0,0.0,2,false,finished,True
S0GZ:atp:2024/7694/ms019:EA24,S0GZ,Nikolas Sanchez Izquierdo,Lyon,250,2024-05-20,R32,Tomas Martin,Etcheverry,6-1 2-6 2-6,Tour main draw,2024,linked,12346123,1716195600.0,"Lyon, France",ATP,Round of 32,Tomas Martin Etcheverry,3.0,2.0,1.0,0.0,1,false,finished,True
S0GZ:atp:2024/7694/qs005:BV25,S0GZ,Nikolas Sanchez Izquierdo,Lyon,250,2024-05-20,Q2,Javier,Barranco Cosano,6-1 6-3,Tour qualifying,2024,linked,12344635,1716114600.0,"Lyon, France, Qualifying",ATP,absent,Javier Barranco Cosano,3.0,1.0,1.0,0.0,1,false,finished,True
S0GZ:atp:2024/7694/qs010:LB66,S0GZ,Nikolas Sanchez Izquierdo,Lyon,250,2024-05-20,Q1,Constant,Lestienne,3-6 6-1 7-6(2),Tour qualifying,2024,linked,12342209,1716040800.0,"Lyon, France, Qualifying",ATP,absent,Constant Lestienne,3.0,1.0,1.0,0.0,1,false,finished,True
S0GZ:atp:2024/460/ms011:GE28,S0GZ,Nikolas Sanchez Izquierdo,Heilbronn,CH,2024-06-03,R16,Ivan,Gakhov,3-6 1-6,Challenger main draw,2024,linked,12375536,1717668000.0,"Heilbronn, Germany",Challenger,Round of 16,Ivan Gakhov,3.0,2.0,1.0,0.0,1,false,finished,True
S0GZ:atp:2024/460/ms022:SG56,S0GZ,Nikolas Sanchez Izquierdo,Heilbronn,CH,2024-06-03,R32,Daniel,Dutra da Silva,7-6(6) 6-2,Challenger main draw,2024,linked,12392110,1717493400.0,"Heilbronn, Germany",Challenger,Round of 32,Daniel Dutra Da Silva,3.0,2.0,1.0,0.0,2,false,finished,True
S0GZ:atp:2024/9001/ms020:AE14,S0GZ,Nikolas Sanchez Izquierdo,Perugia,CH,2024-06-10,R32,Daniel,Altmaier,2-6 3-6,Challenger main draw,2024,linked,12406712,1718106000.0,"Perugia, Italy",Challenger,Round of 32,Daniel Altmaier,3.0,2.0,1.0,0.0,2,false,finished,True
S0GZ:atp:2024/786/ms031:U182,S0GZ,Nikolas Sanchez Izquierdo,Poznan,CH,2024-06-17,R32,Camilo,Ugo Carabelli,4-6 2-6,Challenger main draw,2024,linked,12429761,1718705400.0,"Poznan, Poland",Challenger,Round of 32,Camilo Ugo Carabelli,3.0,2.0,1.0,0.0,2,false,finished,True
S0GZ:atp:2024/3463/ms011:GJ16,S0GZ,Nikolas Sanchez Izquierdo,Milan,CH,2024-06-24,R16,Federico Agustin,Gomez,6-4 4-6 1-6,Challenger main draw,2024,unobserved,,,,,,,,,,,,,,False
S0GZ:atp:2024/3463/ms023:P0DR,S0GZ,Nikolas Sanchez Izquierdo,Milan,CH,2024-06-24,R32,Andrea,Picchione,6-3 1-6 6-1,Challenger main draw,2024,unobserved,,,,,,,,,,,,,,False
S0GZ:atp:2024/2879/ms023:P09O,S0GZ,Nikolas Sanchez Izquierdo,Karlsruhe,CH,2024-07-01,R32,Zsombor,Piros,6-7(5) 4-6,Challenger main draw,2024,unobserved,,,,,,,,,,,,,,False
S0GZ:atp:2024/9351/ms023:RB60,S0GZ,Nikolas Sanchez Izquierdo,Trieste,CH,2024-07-08,R32,Oriol,Roca Batalla,3-6 2-6,Challenger main draw,2024,unobserved,,,,,,,,,,,,,,False
S0GZ:atp:2024/316/qs011:M0HT,S0GZ,Nikolas Sanchez Izquierdo,Bastad,250,2024-07-15,Q1,Alejandro,Moro Canas,1-6 3-6,Tour qualifying,2024,linked,12537224,1720966200.0,"Bastad, Sweden, Qualifying",ATP,Qualification round 1,Alejandro Moro Canas,3.0,2.0,1.0,0.0,1,false,finished,True
S0GZ:atp:2024/221/ms017:LC11,S0GZ,Nikolas Sanchez Izquierdo,Tampere,CH,2024-07-22,R32,Tristan,Lamasine,6-7(3) 5-7,Challenger main draw,2024,linked,12579242,1721729700.0,"Tampere, Finland",Challenger,Round of 32,Tristan Lamasine,3.0,2.0,1.0,0.0,2,false,finished,True
S0GZ:atp:2024/6795/ms011:V0B2,S0GZ,Nikolas Sanchez Izquierdo,Liberec,CH,2024-07-29,R16,Michael,Vrbensky,4-6 2-6,Challenger main draw,2024,linked,12593446,1722416400.0,"Liberec, Czech Republic",Challenger,Round of 16,Michael Vrbensky,3.0,2.0,1.0,0.0,2,false,finished,True
S0GZ:atp:2024/6795/ms022:PL64,S0GZ,Nikolas Sanchez Izquierdo,Liberec,CH,2024-07-29,R32,Oleg,Prihodko,3-6 7-6(2) 6-1,Challenger main draw,2024,linked,12621528,1722331800.0,"Liberec, Czech Republic",Challenger,Round of 32,Oleg Prihodko,3.0,2.0,1.0,0.0,2,false,finished,True
S0GZ:atp:2024/2120/ms021:A0IK,S0GZ,Nikolas Sanchez Izquierdo,Cordenons,CH,2024-08-05,R32,Luciano Emanuel,Ambrogi,7-6(2) 3-6 5-7,Challenger main draw,2024,linked,12646867,1722949500.0,"Cordenons, Italy",Challenger,Round of 32,Luciano Emanuel Ambrogi,3.0,2.0,1.0,0.0,1,false,finished,True
S0GZ:atp:2024/2043/ms012:N0CJ,S0GZ,Nikolas Sanchez Izquierdo,Dobrich 1,CH,2024-08-19,R16,Petr,Nesterov,1-6 2-6,Challenger main draw,2024,linked,12679927,1724235300.0,"Dobrich, Bulgaria",Challenger,Round of 16,Pyotr Nesterov,1.0,2.0,1.0,0.0,2,false,finished,True
S0GZ:atp:2024/2043/ms025:M0KA,S0GZ,Nikolas Sanchez Izquierdo,Dobrich 1,CH,2024-08-19,R32,Yanaki,Milev,6-3 6-4,Challenger main draw,2024,linked,12705007,1724137200.0,"Dobrich, Bulgaria",Challenger,Round of 32,Yanaki Milev,3.0,2.0,1.0,0.0,2,false,finished,True
S0GZ:atp:2024/2933/ms002:A0AB,S0GZ,Nikolas Sanchez Izquierdo,Porto 2,CH,2024-08-26,SF,Adrian,Andreev,4-6 1-6,Challenger main draw,2024,unobserved,,,,,,,,,,,,,,False
S0GZ:atp:2024/2933/ms005:MN20,S0GZ,Nikolas Sanchez Izquierdo,Porto 2,CH,2024-08-26,QF,Daniel,Masur,7-6(7) 6-4,Challenger main draw,2024,unobserved,,,,,,,,,,,,,,False
S0GZ:atp:2024/2933/ms011:B0OU,S0GZ,Nikolas Sanchez Izquierdo,Porto 2,CH,2024-08-26,R16,Hynek,Barton,6-3 6-4,Challenger main draw,2024,linked,12715582,1724923800.0,"Porto 2, Portugal",Challenger,Round of 16,Hynek Barton,3.0,2.0,1.0,0.0,2,false,finished,True
S0GZ:atp:2024/2933/ms023:KI48,S0GZ,Nikolas Sanchez Izquierdo,Porto 2,CH,2024-08-26,R32,Ergi,Kirkin,6-3 6-0,Challenger main draw,2024,linked,12737973,1724763300.0,"Porto 2, Portugal",Challenger,Round of 32,Ergi Kirkin,3.0,2.0,1.0,0.0,1,false,finished,True
S0GZ:atp:2024/784/ms021:DG80,S0GZ,Nikolas Sanchez Izquierdo,Seville,CH,2024-09-02,R32,Enrico,Dalla Valle,2-6 6-7(1),Challenger main draw,2024,unobserved,,,,,,,,,,,,,,False
S0GZ:atp:2024/2945/ms016:R0EB,S0GZ,Nikolas Sanchez Izquierdo,Dobrich 2,CH,2024-09-09,R32,Valentin,Royer,2-6 3-6,Challenger main draw,2024,unobserved,,,,,,,,,,,,,,False
S0GZ:atp:2024/6590/ms019:C0B2,S0GZ,Nikolas Sanchez Izquierdo,Sibiu,CH,2024-09-16,R32,Cezar,Cretu,4-6 6-7(3),Challenger main draw,2024,unobserved,,,,,,,,,,,,,,False
S0GZ:atp:2024/4444/ms007:CI14,S0GZ,Nikolas Sanchez Izquierdo,M25 Santa Margherita di Pula,FU,2024-10-07,QF,Jay,Clarke,2-6 4-6,ITF main draw,2024,linked,12965628,1728633600.0,"Italy F32, Singles",ITF Men,Quarterfinals,Jay Clarke,3.0,2.0,0.0,0.0,1,false,finished,True
S0GZ:atp:2024/4444/ms014:WB19,S0GZ,Nikolas Sanchez Izquierdo,M25 Santa Margherita di Pula,FU,2024-10-07,R16,Alexander,Weis,7-5 6-1,ITF main draw,2024,unobserved,,,,,,,,,,,,,,False
S0GZ:atp:2024/4444/ms028:K0DP,S0GZ,Nikolas Sanchez Izquierdo,M25 Santa Margherita di Pula,FU,2024-10-07,R32,Oleksii,Krutykh,6-2 3-6 6-3,ITF main draw,2024,unobserved,,,,,,,,,,,,,,False
S0GZ:atp:2024/4465/ms003:A0EA,S0GZ,Nikolas Sanchez Izquierdo,M15 Valencia,FU,2024-11-11,SF,Max,Alcala Gurri,6-7(5) 5-7,ITF main draw,2024,linked,13129708,1731745800.0,"Spain F45, Singles",ITF Men,Semifinals,Max Alcala Gurri,3.0,2.0,0.0,0.0,1,false,finished,True
S0GZ:atp:2024/4465/ms007:S0XE,S0GZ,Nikolas Sanchez Izquierdo,M15 Valencia,FU,2024-11-11,QF,Alejo,Sanchez Quilez,6-4 6-3,ITF main draw,2024,linked,13128208,1731675600.0,"Spain F45, Singles",ITF Men,Quarterfinals,Alejo Sanchez Quilez,3.0,2.0,0.0,0.0,1,false,finished,True
S0GZ:atp:2024/4465/ms015:F0C4,S0GZ,Nikolas Sanchez Izquierdo,M15 Valencia,FU,2024-11-11,R16,Diego,Fernandez Flores,3-6 6-1 6-3,ITF main draw,2024,linked,13119798,1731657300.0,"Spain F45, Singles",ITF Men,Round of 16,Diego Fernandez Flores,3.0,2.0,0.0,0.0,1,false,finished,True
S0GZ:atp:2024/4465/ms031:C0OI,S0GZ,Nikolas Sanchez Izquierdo,M15 Valencia,FU,2024-11-11,R32,Carles,Cordoba,6-1 6-1,ITF main draw,2024,linked,13113120,1731412800.0,"Spain F45, Singles",ITF Men,Round of 32,Carles Cordoba,3.0,2.0,0.0,0.0,absent,false,finished,False
S0GZ:atp:2024/2955/qs012:L0C1,S0GZ,Nikolas Sanchez Izquierdo,Montemar,CH,2024-11-18,Q2,Carlos,Lopez Montagud,2-6 6-3 3-6,Challenger qualifying,2024,linked,13136308,1731922200.0,"Montemar, Spain, Qualifying",Challenger,Qualification round 2,Carlos Lopez Montagud,3.0,2.0,1.0,0.0,1,false,finished,True
S0GZ:atp:2024/2955/qs024:C0KH,S0GZ,Nikolas Sanchez Izquierdo,Montemar,CH,2024-11-18,Q1,Julio,Cesar Porras,6-4 6-4,Challenger qualifying,2024,linked,13134503,1731835800.0,"Montemar, Spain, Qualifying",Challenger,Qualification round 1,Julio Cesar Porras,3.0,2.0,1.0,0.0,1,false,finished,True
S0GZ:atp:2024/8312/ms024:R772,S0GZ,Nikolas Sanchez Izquierdo,Maia,CH,2024-11-25,R32,Albert,Ramos-Vinolas,4-6 4-6,Challenger main draw,2024,linked,13167239,1732641000.0,"Maia, Portugal",Challenger,Round of 32,Albert Ramos-Vinolas,3.0,2.0,1.0,0.0,2,false,finished,True
S0GZ:atp:2024/8312/qs011:M0FA,S0GZ,Nikolas Sanchez Izquierdo,Maia,CH,2024-11-25,Q2,Anton,Matusevich,6-4 6-2,Challenger qualifying,2024,linked,13163736,1732543800.0,"Maia, Portugal, Qualifying",Challenger,Qualification Final,Anton Matusevich,3.0,1.0,1.0,0.0,1,false,finished,True
S0GZ:atp:2024/8312/qs022:PI95,S0GZ,Nikolas Sanchez Izquierdo,Maia,CH,2024-11-25,Q1,David,Pichler,6-4 6-3,Challenger qualifying,2024,linked,13161185,1732459200.0,"Maia, Portugal, Qualifying",Challenger,Qualification Round 1,David Pichler,3.0,2.0,1.0,0.0,2,false,finished,True
S0GZ:atp:2025/9678/qs008:A0IK,S0GZ,Nikolas Sanchez Izquierdo,Buenos Aires Nautico Hacoaj,CH,2025-01-13,Q2,Luciano Emanuel,Ambrogi,1-6 6-1 4-6,Challenger qualifying,2025,unobserved,,,,,,,,,,,,,,False
S0GZ:atp:2025/9678/qs016:M0VX,S0GZ,Nikolas Sanchez Izquierdo,Buenos Aires Nautico Hacoaj,CH,2025-01-13,Q1,Tadeo,Meneo,6-1 6-1,Challenger qualifying,2025,linked,13326392,1736697300.0,"Buenos Aires, Argentina, Qualifying",Challenger,Qualification Round 1,Tadeo Meneo,3.0,2.0,1.0,0.0,1,false,finished,True
S0GZ:atp:2025/2901/qs021:B0GY,S0GZ,Nikolas Sanchez Izquierdo,Punta del Este,CH,2025-01-20,Q1,Alex,Barrena,6-3 3-6 1-6,Challenger qualifying,2025,unobserved,,,,,,,,,,,,,,False
S0GZ:atp:2025/2835/ms015:CE77,S0GZ,Nikolas Sanchez Izquierdo,Piracicaba,CH,2025-01-27,R16,Federico,Coria,3-6 5-7,Challenger main draw,2025,unobserved,,,,,,,,,,,,,,False
S0GZ:atp:2025/2835/ms030:P0IY,S0GZ,Nikolas Sanchez Izquierdo,Piracicaba,CH,2025-01-27,R32,Juan Carlos,Prado Angelo,3-6 6-3 6-4,Challenger main draw,2025,unobserved,,,,,,,,,,,,,,False
S0GZ:atp:2025/2835/qs010:A0IK,S0GZ,Nikolas Sanchez Izquierdo,Piracicaba,CH,2025-01-27,Q2,Luciano Emanuel,Ambrogi,7-5 6-3,Challenger qualifying,2025,unobserved,,,,,,,,,,,,,,False
S0GZ:atp:2025/2835/qs020:K0HN,S0GZ,Nikolas Sanchez Izquierdo,Piracicaba,CH,2025-01-27,Q1,Bruno,Kuzuhara,6-3 6-4,Challenger qualifying,2025,unobserved,,,,,,,,,,,,,,False
S0GZ:atp:2025/2965/qs019:B0GY,S0GZ,Nikolas Sanchez Izquierdo,Rosario,CH,2025-02-03,Q1,Alex,Barrena,3-6 6-4 6-7(1),Challenger qualifying,2025,unobserved,,,,,,,,,,,,,,False
S0GZ:atp:2025/4533/ms005:RH59,S0GZ,Nikolas Sanchez Izquierdo,M25 Punta del Este,FU,2025-02-10,QF,Santiago,Rodriguez Taverna,3-6 6-4 4-6,ITF main draw,2025,linked,13478739,1739624400.0,ITF M25 Punta del Este Men,ITF Men,Quarterfinals,Santiago Rodriguez Taverna,3.0,2.0,1.0,0.0,2,false,finished,True
S0GZ:atp:2025/4533/ms011:V0J9,S0GZ,Nikolas Sanchez Izquierdo,M25 Punta del Este,FU,2025-02-10,R16,Felipe,Vazquez,6-0 6-0,ITF main draw,2025,linked,13474762,1739547000.0,ITF M25 Punta del Este Men,ITF Men,Round of 16,Felipe Vazquez,3.0,2.0,1.0,0.0,absent,false,finished,False
S0GZ:atp:2025/4533/ms023:C0S8,S0GZ,Nikolas Sanchez Izquierdo,M25 Punta del Este,FU,2025-02-10,R32,Juan Ignacio,Centurion Delvalle,6-0 6-3,ITF main draw,2025,linked,13469155,1739467800.0,ITF M25 Punta del Este Men,ITF Men,Round of 32,Juan Ignacio Centurión Delvalle,3.0,2.0,1.0,0.0,absent,false,finished,False
S0GZ:atp:2025/2983/ms025:P0BK,S0GZ,Nikolas Sanchez Izquierdo,Hersonissos 1,CH,2025-03-03,R32,Stuart,Parker,5-7 6-2 3-6,Challenger main draw,2025,linked,13561233,1741085400.0,"Hersonissos, Greece",Challenger,Round of 32,Stuart Parker,3.0,2.0,1.0,0.0,1,false,finished,True
S0GZ:atp:2025/2985/ms022:S0KT,S0GZ,Nikolas Sanchez Izquierdo,Hersonissos 2,CH,2025-03-10,R32,Stefanos,Sakellaridis,5-7 3-6,Challenger main draw,2025,linked,13582213,1741609800.0,"Hersonissos 2, Greece",Challenger,Round of 32,Stefanos Sakellaridis,3.0,2.0,1.0,0.0,1,false,finished,True
S0GZ:atp:2025/4600/ms011:C0KH,S0GZ,Nikolas Sanchez Izquierdo,M25 Badalona,FU,2025-03-17,R16,Julio,Cesar Porras,4-6 2-6,ITF main draw,2025,linked,13647890,1742547600.0,ITF M25 Badalona Men,ITF Men,Round of 16,Julio Cesar Porras,3.0,2.0,1.0,0.0,absent,false,finished,False
S0GZ:atp:2025/4600/ms023:M0MW,S0GZ,Nikolas Sanchez Izquierdo,M25 Badalona,FU,2025-03-17,R32,Xavi,Matas Ortega,6-0 3-6 6-1,ITF main draw,2025,linked,13634553,1742464800.0,ITF M25 Badalona Men,ITF Men,Round of 32,Xavi Matas Ortega,3.0,2.0,1.0,0.0,absent,false,finished,False
S0GZ:atp:2025/4605/ms001:BV24,S0GZ,Nikolas Sanchez Izquierdo,M25 Tarragona,FU,2025-03-24,F,Raul,Brancaccio,6-1 6-3,ITF main draw,2025,linked,13690693,1743321600.0,ITF M25 Tarragona Men,ITF Men,Final,Raul Brancaccio,3.0,2.0,1.0,0.0,2,false,finished,True
S0GZ:atp:2025/4605/ms003:K0CJ,S0GZ,Nikolas Sanchez Izquierdo,M25 Tarragona,FU,2025-03-24,SF,Sandro,Kopp,6-2 6-3,ITF main draw,2025,linked,13685574,1743238800.0,ITF M25 Tarragona Men,ITF Men,Semifinals,Sandro Kopp,3.0,2.0,1.0,0.0,1,false,finished,True
S0GZ:atp:2025/4605/ms007:S0CG,S0GZ,Nikolas Sanchez Izquierdo,M25 Tarragona,FU,2025-03-24,QF,Carlos,Sanchez Jover,6-1 7-5,ITF main draw,2025,linked,13683207,1743161400.0,ITF M25 Tarragona Men,ITF Men,Quarterfinals,Carlos Sanchez Jover,3.0,2.0,1.0,0.0,absent,false,finished,False
S0GZ:atp:2025/4605/ms014:M0EY,S0GZ,Nikolas Sanchez Izquierdo,M25 Tarragona,FU,2025-03-24,R16,Alex,Marti Pujolras,7-6(2) 6-4,ITF main draw,2025,linked,13677894,1743080400.0,ITF M25 Tarragona Men,ITF Men,Round of 16,Alex Marti Pujolras,3.0,2.0,1.0,0.0,absent,false,finished,False
S0GZ:atp:2025/4605/ms029:U09T,S0GZ,Nikolas Sanchez Izquierdo,M25 Tarragona,FU,2025-03-24,R32,Iker,Urribarrens Ramirez,6-3 6-0,ITF main draw,2025,linked,13674129,1742983200.0,ITF M25 Tarragona Men,ITF Men,Round of 32,Iker Urribarrens Ramirez,3.0,2.0,1.0,0.0,absent,false,finished,False
S0GZ:atp:2025/4616/ms001:T09X,S0GZ,Nikolas Sanchez Izquierdo,M25 Reus,FU,2025-03-31,F,Clement,Tabur,4-6 4-6,ITF main draw,2025,unobserved,,,,,,,,,,,,,,False
S0GZ:atp:2025/4616/ms002:GE28,S0GZ,Nikolas Sanchez Izquierdo,M25 Reus,FU,2025-03-31,SF,Ivan,Gakhov,1-6 6-3 7-5,ITF main draw,2025,unobserved,,,,,,,,,,,,,,False
S0GZ:atp:2025/4616/ms005:S0Y0,S0GZ,Nikolas Sanchez Izquierdo,M25 Reus,FU,2025-03-31,QF,Andres,Santamarta Roig,3-6 6-2 6-1,ITF main draw,2025,unobserved,,,,,,,,,,,,,,False
S0GZ:atp:2025/4616/ms010:C0HN,S0GZ,Nikolas Sanchez Izquierdo,M25 Reus,FU,2025-03-31,R16,Ian Luca,Cervantes Tomas,6-2 6-1,ITF main draw,2025,linked,13708320,1743667200.0,ITF M25 Reus Men,ITF Men,Round of 16,Ian Luca Cervantes Tomás,3.0,2.0,1.0,0.0,1,false,finished,True
S0GZ:atp:2025/4616/ms020:PI96,S0GZ,Nikolas Sanchez Izquierdo,M25 Reus,FU,2025-03-31,R32,Sergi,Perez Contri,6-4 6-4,ITF main draw,2025,linked,13699120,1743606900.0,ITF M25 Reus Men,ITF Men,Round of 32,Sergi Perez Contri,3.0,2.0,1.0,0.0,1,false,finished,True
S0GZ:atp:2025/4646/ms010:LC12,S0GZ,Nikolas Sanchez Izquierdo,M25 Santa Margherita di Pula,FU,2025-04-21,R16,Laurent,Lokoli,3-6 6-3 6-7(4),ITF main draw,2025,unobserved,,,,,,,,,,,,,,False
S0GZ:atp:2025/4646/ms020:O639,S0GZ,Nikolas Sanchez Izquierdo,M25 Santa Margherita di Pula,FU,2025-04-21,R32,Giovanni,Oradini,7-5 6-4,ITF main draw,2025,unobserved,,,,,,,,,,,,,,False
S0GZ:atp:2025/2919/ms001:RH59,S0GZ,Nikolas Sanchez Izquierdo,Porto Alegre,CH,2025-04-28,F,Santiago,Rodriguez Taverna,6-4 4-6 6-7(6),Challenger main draw,2025,linked,13805073,1746370800.0,"Porto Alegre, Brazil",Challenger,Final,Santiago Rodriguez Taverna,3.0,2.0,1.0,0.0,2,false,finished,True
S0GZ:atp:2025/2919/ms003:B0GY,S0GZ,Nikolas Sanchez Izquierdo,Porto Alegre,CH,2025-04-28,SF,Alex,Barrena,1-6 7-5 6-4,Challenger main draw,2025,linked,13805074,1746299100.0,"Porto Alegre, Brazil",Challenger,Semifinals,Alex Barrena,3.0,2.0,1.0,0.0,1,false,finished,True
S0GZ:atp:2025/2919/ms006:R09V,S0GZ,Nikolas Sanchez Izquierdo,Porto Alegre,CH,2025-04-28,QF,Eduardo,Ribeiro,7-5 7-5,Challenger main draw,2025,linked,13805080,1746213000.0,"Porto Alegre, Brazil",Challenger,Quarterfinals,Eduardo Ribeiro,3.0,2.0,1.0,0.0,2,false,finished,True
S0GZ:atp:2025/2919/ms013:T0DM,S0GZ,Nikolas Sanchez Izquierdo,Porto Alegre,CH,2025-04-28,R16,Juan Bautista,Torres,6-3 1-6 6-1,Challenger main draw,2025,unobserved,,,,,,,,,,,,,,False
S0GZ:atp:2025/2919/ms026:SL94,S0GZ,Nikolas Sanchez Izquierdo,Porto Alegre,CH,2025-04-28,R32,Pedro,Sakamoto,6-2 6-0,Challenger main draw,2025,unobserved,,,,,,,,,,,,,,False
S0GZ:atp:2025/2923/ms025:M0OH,S0GZ,Nikolas Sanchez Izquierdo,Santos,CH,2025-05-05,R32,Lautaro,Midon,4-6 2-6,Challenger main draw,2025,linked,13850871,1746556200.0,"Santos, Brazil",Challenger,Round of 32,Lautaro Midon,3.0,2.0,1.0,0.0,1,false,finished,True
S0GZ:atp:2025/4686/ms027:S0Y0,S0GZ,Nikolas Sanchez Izquierdo,M25 Vic,FU,2025-05-12,R32,Andres,Santamarta Roig,0-4,ITF main draw,2025,linked,13888175,1747209600.0,ITF M25 Vic Men,ITF Men,Round of 32,Andres Santamarta Roig,3.0,2.0,0.0,0.0,2,false,finished,True
S0GZ:atp:2025/4689/ms001:Z419,S0GZ,Nikolas Sanchez Izquierdo,M25 Mataro,FU,2025-05-19,F,Bernabe,Zapata Miralles,5-7 4-6,ITF main draw,2025,linked,13937020,1748160000.0,ITF M25 Mataro Men,ITF Men,Final,Bernabe Zapata Miralles,3.0,2.0,1.0,0.0,absent,false,finished,False
S0GZ:atp:2025/4689/ms002:D0CN,S0GZ,Nikolas Sanchez Izquierdo,M25 Mataro,FU,2025-05-19,SF,Miguel,Damas,2-6 6-1 6-3,ITF main draw,2025,linked,13934866,1748075400.0,ITF M25 Mataro Men,ITF Men,Semifinals,Miguel Damas,3.0,2.0,1.0,0.0,absent,false,finished,False
S0GZ:atp:2025/4689/ms004:S0XE,S0GZ,Nikolas Sanchez Izquierdo,M25 Mataro,FU,2025-05-19,QF,Alejo,Sanchez Quilez,6-4 6-2,ITF main draw,2025,linked,13930443,1747987200.0,ITF M25 Mataro Men,ITF Men,Quarterfinals,Alejo Sanchez Quilez,3.0,2.0,1.0,0.0,absent,false,finished,False
S0GZ:atp:2025/4689/ms008:D985,S0GZ,Nikolas Sanchez Izquierdo,M25 Mataro,FU,2025-05-19,R16,Joao,Domingues,6-1 6-2,ITF main draw,2025,linked,13925279,1747900800.0,ITF M25 Mataro Men,ITF Men,Round of 16,Joao Domingues,3.0,2.0,1.0,0.0,absent,false,finished,False
S0GZ:atp:2025/4689/ms016:B0QC,S0GZ,Nikolas Sanchez Izquierdo,M25 Mataro,FU,2025-05-19,R32,Gilles Arnaud,Bailly,7-6(8) 6-2,ITF main draw,2025,linked,13918002,1747814400.0,ITF M25 Mataro Men,ITF Men,Round of 32,Gilles Arnaud Bailly,3.0,2.0,1.0,0.0,absent,false,finished,False
S0GZ:atp:2025/558/ms029:J09X,S0GZ,Nikolas Sanchez Izquierdo,Prostejov,CH,2025-06-02,R32,Filip Cristian,Jianu,5-7 7-6(4) 4-6,Challenger main draw,2025,linked,13959616,1748954400.0,"Prostejov, Czech Republic",Challenger,Round of 32,Filip Cristian Jianu,3.0,2.0,1.0,0.0,1,false,finished,True
S0GZ:atp:2025/4942/ms031:D0DW,S0GZ,Nikolas Sanchez Izquierdo,Royan,CH,2025-06-16,R32,Titouan,Droguet,1-6 2-6,Challenger main draw,2025,linked,14012228,1750081500.0,"Royan, France",Challenger,Round of 32,Titouan Droguet,3.0,2.0,1.0,0.0,1,false,finished,True
S0GZ:atp:2025/4750/ms001:D0CN,S0GZ,Nikolas Sanchez Izquierdo,M25 Montauban,FU,2025-06-23,F,Miguel,Damas,1-6 6-7(7),ITF main draw,2025,unobserved,,,,,,,,,,,,,,False
S0GZ:atp:2025/4750/ms003:SO20,S0GZ,Nikolas Sanchez Izquierdo,M25 Montauban,FU,2025-06-23,SF,Jelle,Sels,6-3 6-3,ITF main draw,2025,unobserved,,,,,,,,,,,,,,False
S0GZ:atp:2025/4750/ms006:G0NU,S0GZ,Nikolas Sanchez Izquierdo,M25 Montauban,FU,2025-06-23,QF,Thomas,Gerbaud,6-1 6-2,ITF main draw,2025,unobserved,,,,,,,,,,,,,,False
S0GZ:atp:2025/4750/ms013:J0EM,S0GZ,Nikolas Sanchez Izquierdo,M25 Montauban,FU,2025-06-23,R16,Daniel,Jade,6-3 6-2,ITF main draw,2025,linked,14051866,1750924800.0,ITF M25 Montauban Men,ITF Men,Round of 16,Daniel Jade,3.0,2.0,1.0,0.0,2,false,finished,True
S0GZ:atp:2025/4750/ms027:G0FF,S0GZ,Nikolas Sanchez Izquierdo,M25 Montauban,FU,2025-06-23,R32,Axel,Garcian,6-0 6-0,ITF main draw,2025,linked,14043142,1750856400.0,ITF M25 Montauban Men,ITF Men,Round of 32,Axel Garcian,3.0,2.0,1.0,0.0,2,false,finished,True
S0GZ:atp:2025/1214/ms004:TA29,S0GZ,Nikolas Sanchez Izquierdo,Troyes,CH,2025-06-30,QF,Marco,Trungelliti,6-7(4) 4-6,Challenger main draw,2025,unobserved,,,,,,,,,,,,,,False
S0GZ:atp:2025/1214/ms009:R0KE,S0GZ,Nikolas Sanchez Izquierdo,Troyes,CH,2025-06-30,R16,Cosme,Rolland De Ravel,6-2 6-4,Challenger main draw,2025,unobserved,,,,,,,,,,,,,,False
S0GZ:atp:2025/1214/ms018:M0E1,S0GZ,Nikolas Sanchez Izquierdo,Troyes,CH,2025-06-30,R32,Daniel,Michalski,6-3 1-6 7-6(1),Challenger main draw,2025,unobserved,,,,,,,,,,,,,,False
S0GZ:atp:2025/472/ms018:E698,S0GZ,Nikolas Sanchez Izquierdo,Pozoblanco,CH,2025-07-14,R32,Gastao,Elias,4-6 6-4 3-6,Challenger main draw,2025,unobserved,,,,,,,,,,,,,,False
S0GZ:atp:2025/1591/ms007:H0DQ,S0GZ,Nikolas Sanchez Izquierdo,M25 Denia,FU,2025-07-21,QF,Carles,Hernandez,4-6 6-7(0),ITF main draw,2025,unobserved,,,,,,,,,,,,,,False
S0GZ:atp:2025/1591/ms015:M0RO,S0GZ,Nikolas Sanchez Izquierdo,M25 Denia,FU,2025-07-21,R16,Iannis,Miletich,2-6 6-4 6-2,ITF main draw,2025,unobserved,,,,,,,,,,,,,,False
S0GZ:atp:2025/1591/ms031:S0RC,S0GZ,Nikolas Sanchez Izquierdo,M25 Denia,FU,2025-07-21,R32,Emilio,Sanchez Bronzetti,6-2 6-0,ITF main draw,2025,unobserved,,,,,,,,,,,,,,False
S0GZ:atp:2025/2120/ms028:RH59,S0GZ,Nikolas Sanchez Izquierdo,Cordenons,CH,2025-08-04,R32,Santiago,Rodriguez Taverna,6-7(4) 3-6,Challenger main draw,2025,linked,14339487,1754380800.0,"Cordenons, Italy",Challenger,Round of 32,Santiago Rodriguez Taverna,3.0,2.0,1.0,0.0,1,false,finished,True
S0GZ:atp:2025/2043/ms005:KH56,S0GZ,Nikolas Sanchez Izquierdo,Sofia 1,CH,2025-08-11,QF,Zdenek,Kolar,3-6 0-6,Challenger main draw,2025,linked,14360044,1755158400.0,"Sofia, Bulgaria",Challenger,Quarterfinals,Zdenek Kolar,3.0,2.0,1.0,0.0,1,false,finished,True
S0GZ:atp:2025/2043/ms011:S0MN,S0GZ,Nikolas Sanchez Izquierdo,Sofia 1,CH,2025-08-11,R16,Marat,Sharipov,6-3 6-2,Challenger main draw,2025,linked,14360042,1755078300.0,"Sofia, Bulgaria",Challenger,Round of 16,Marat Sharipov,3.0,2.0,1.0,0.0,2,false,finished,True
S0GZ:atp:2025/2043/ms022:M0RF,S0GZ,Nikolas Sanchez Izquierdo,Sofia 1,CH,2025-08-11,R32,Viktor,Markov,6-4 6-0,Challenger main draw,2025,linked,14406381,1754992200.0,"Sofia, Bulgaria",Challenger,Round of 32,Viktor Markov,3.0,2.0,1.0,0.0,1,false,finished,True
S0GZ:atp:2025/8266/ms006:S0AK,S0GZ,Nikolas Sanchez Izquierdo,Augsburg,CH,2025-08-18,QF,Henri,Squire,3-6 3-6,Challenger main draw,2025,linked,14418124,1755789000.0,"Augsburg, Germany",Challenger,Quarterfinals,Henri Squire,3.0,2.0,1.0,0.0,2,false,finished,True
S0GZ:atp:2025/8266/ms012:D0LJ,S0GZ,Nikolas Sanchez Izquierdo,Augsburg,CH,2025-08-18,R16,Diego,Dedura,6-2 7-6(6),Challenger main draw,2025,linked,14418131,1755678600.0,"Augsburg, Germany",Challenger,Round of 16,Diego Dedura-Palomero,2.0,2.0,1.0,0.0,1,false,finished,True
S0GZ:atp:2025/8266/ms024:BV24,S0GZ,Nikolas Sanchez Izquierdo,Augsburg,CH,2025-08-18,R32,Raul,Brancaccio,7-6(4) 3-6 6-3,Challenger main draw,2025,linked,14458874,1755525900.0,"Augsburg, Germany",Challenger,Round of 32,Raul Brancaccio,3.0,2.0,1.0,0.0,1,false,finished,True
S0GZ:atp:2025/2933/ms004:M0HT,S0GZ,Nikolas Sanchez Izquierdo,Porto 2,CH,2025-08-25,QF,Alejandro,Moro Canas,6-7(6) 4-6,Challenger main draw,2025,linked,14487520,1756459800.0,"Porto 2, Portugal",Challenger,Quarterfinals,Alejandro Moro Canas,3.0,2.0,1.0,0.0,1,false,finished,True
S0GZ:atp:2025/2933/ms008:D0L3,S0GZ,Nikolas Sanchez Izquierdo,Porto 2,CH,2025-08-25,R16,Matej,Dodig,6-3 6-2,Challenger main draw,2025,linked,14487521,1756292400.0,"Porto 2, Portugal",Challenger,Round of 16,Matej Dodig,3.0,2.0,1.0,0.0,1,false,finished,True
S0GZ:atp:2025/2933/ms016:SX91,S0GZ,Nikolas Sanchez Izquierdo,Porto 2,CH,2025-08-25,R32,Thiago,Seyboth Wild,6-2 6-4,Challenger main draw,2025,linked,14528393,1756119600.0,"Porto 2, Portugal",Challenger,Round of 32,Thiago Seyboth Wild,3.0,2.0,1.0,0.0,2,false,finished,True
S0GZ:atp:2025/1763/ms014:PH64,S0GZ,Nikolas Sanchez Izquierdo,Genoa,CH,2025-09-01,R16,Andrea,Pellegrino,3-6 0-6,Challenger main draw,2025,linked,14552582,1756924500.0,"Genoa, Italy",Challenger,Round of 16,Andrea Pellegrino,3.0,2.0,1.0,0.0,1,false,finished,True
S0GZ:atp:2025/1763/ms029:D0L3,S0GZ,Nikolas Sanchez Izquierdo,Genoa,CH,2025-09-01,R32,Matej,Dodig,3-6 6-3 6-1,Challenger main draw,2025,linked,14580795,1756808700.0,"Genoa, Italy",Challenger,Round of 32,Matej Dodig,3.0,2.0,1.0,0.0,2,false,finished,True
S0GZ:atp:2025/448/ms027:GE33,S0GZ,Nikolas Sanchez Izquierdo,Szczecin,CH,2025-09-08,R32,Daniel Elahi,Galan,7-6(4) 4-6 6-7(4),Challenger main draw,2025,linked,14512844,1757364600.0,"Szczecin, Poland",Challenger,Round of 32,Daniel Elahi Galan,3.0,2.0,1.0,0.0,1,false,finished,True
S0GZ:atp:2025/2889/ms028:HF80,S0GZ,Nikolas Sanchez Izquierdo,Antofagasta,CH,2025-09-29,R32,Hady,Habib,3-6 6-4 2-6,Challenger main draw,2025,unobserved,,,,,,,,,,,,,,False
S0GZ:atp:2025/9814/ms029:CC66,S0GZ,Nikolas Sanchez Izquierdo,Cali,CH,2025-10-06,R32,Andrea,Collarini,5-7 6-7(5),Challenger main draw,2025,unobserved,,,,,,,,,,,,,,False
S0GZ:atp:2025/2895/ms026:B0GR,S0GZ,Nikolas Sanchez Izquierdo,Curitiba,CH,2025-10-13,R32,Gonzalo,Bueno,0-6 6-7(3),Challenger main draw,2025,unobserved,,,,,,,,,,,,,,False
S0GZ:atp:2025/4465/ms008:R0H2,S0GZ,Nikolas Sanchez Izquierdo,M25 Valencia,FU,2025-11-03,R16,Pedro,Rodenas,6-3 2-6 5-7,ITF main draw,2025,unobserved,,,,,,,,,,,,,,False
S0GZ:atp:2025/4465/ms016:S0Y0,S0GZ,Nikolas Sanchez Izquierdo,M25 Valencia,FU,2025-11-03,R32,Andres,Santamarta Roig,6-2 2-6 6-3,ITF main draw,2025,unobserved,,,,,,,,,,,,,,False
S0GZ:atp:2025/2955/ms012:KH56,S0GZ,Nikolas Sanchez Izquierdo,Montemar,CH,2025-11-17,R16,Zdenek,Kolar,6-0 3-6 4-6,Challenger main draw,2025,linked,15042529,1763544600.0,"Montemar, Spain",Challenger,Round of 16,Zdenek Kolar,3.0,2.0,1.0,0.0,1,false,finished,True
S0GZ:atp:2025/2955/ms025:AA27,S0GZ,Nikolas Sanchez Izquierdo,Montemar,CH,2025-11-17,R32,Franco,Agamenone,6-3 6-0,Challenger main draw,2025,linked,15107681,1763395200.0,"Montemar, Spain",Challenger,Round of 32,Franco Agamenone,3.0,2.0,1.0,0.0,2,false,finished,True
S0GZ:atp:2025/8312/ms030:S0CG,S0GZ,Nikolas Sanchez Izquierdo,Maia,CH,2025-11-24,R32,Carlos,Sanchez Jover,4-6 1-6,Challenger main draw,2025,linked,15143178,1764092400.0,"Maia, Portugal",Challenger,Round of 32,Carlos Sanchez Jover,3.0,2.0,1.0,0.0,2,false,finished,True
S0GZ:atp:2026/1210/ms005:DC48,S0GZ,Nikolas Sanchez Izquierdo,Buenos Aires (Argentino) 1,CH,2026-01-12,QF,Murkel,Dellien,3-6 7-5 3-6,Challenger main draw,2026,linked,15327990,1768483800.0,"Buenos Aires, Argentina",Challenger,Quarterfinals,Murkel Dellien,3.0,2.0,1.0,0.0,1,false,finished,True
S0GZ:atp:2026/1210/ms011:SG56,S0GZ,Nikolas Sanchez Izquierdo,Buenos Aires (Argentino) 1,CH,2026-01-12,R16,Daniel,Dutra da Silva,6-2 3-1,Challenger main draw,2026,linked,15327993,1768395600.0,"Buenos Aires, Argentina",Challenger,Round of 16,Daniel Dutra Da Silva,3.0,2.0,1.0,0.0,2,false,finished,True
S0GZ:atp:2026/1210/ms022:S0T1,S0GZ,Nikolas Sanchez Izquierdo,Buenos Aires (Argentino) 1,CH,2026-01-12,R32,Joao Eduardo,Schiessl,3-6 6-2 6-2,Challenger main draw,2026,linked,15344356,1768248900.0,"Buenos Aires, Argentina",Challenger,Round of 32,Joao Eduardo Schiessl,3.0,2.0,1.0,0.0,2,false,finished,True
S0GZ:atp:2026/3053/ms003:V0DP,S0GZ,Nikolas Sanchez Izquierdo,Itajai,CH,2026-01-19,SF,Adolfo Daniel,Vallejo,4-6 1-6,Challenger main draw,2026,linked,15366345,1769261400.0,"Itajai, Brazil",Challenger,Semifinals,Adolfo Daniel Vallejo,3.0,2.0,1.0,0.0,2,false,finished,True
S0GZ:atp:2026/3053/ms006:P0CY,S0GZ,Nikolas Sanchez Izquierdo,Itajai,CH,2026-01-19,QF,Stefan,Palosi,6-2 6-3,Challenger main draw,2026,linked,15366351,1769187600.0,"Itajai, Brazil",Challenger,Quarterfinals,Stefan Palosi,3.0,2.0,1.0,0.0,1,false,finished,True
S0GZ:atp:2026/3053/ms012:L0GR,S0GZ,Nikolas Sanchez Izquierdo,Itajai,CH,2026-01-19,R16,Juan Manuel,La Serna,6-4 6-1,Challenger main draw,2026,linked,15366346,1769109600.0,"Itajai, Brazil",Challenger,Round of 16,Juan Manuel La Serna,3.0,2.0,1.0,0.0,1,false,finished,True
S0GZ:atp:2026/3053/ms024:R0A7,S0GZ,Nikolas Sanchez Izquierdo,Itajai,CH,2026-01-19,R32,Joao Lucas,Reis Da Silva,6-4 6-2,Challenger main draw,2026,linked,15387096,1768944600.0,"Itajai, Brazil",Challenger,Round of 32,Joao Lucas Reis da Silva,3.0,2.0,1.0,0.0,2,false,finished,True
S0GZ:atp:2026/9452/ms026:R0A7,S0GZ,Nikolas Sanchez Izquierdo,Concepcion,CH,2026-01-26,R32,Joao Lucas,Reis Da Silva,4-6 2-6,Challenger main draw,2026,unobserved,,,,,,,,,,,,,,False
S0GZ:atp:2026/2965/ms013:A0G7,S0GZ,Nikolas Sanchez Izquierdo,Rosario,CH,2026-02-02,R16,Valerio,Aboian,5-7 4-6,Challenger main draw,2026,unobserved,,,,,,,,,,,,,,False
S0GZ:atp:2026/2965/ms026:CC66,S0GZ,Nikolas Sanchez Izquierdo,Rosario,CH,2026-02-02,R32,Andrea,Collarini,3-6 6-2 6-1,Challenger main draw,2026,unobserved,,,,,,,,,,,,,,False
S0GZ:atp:2026/9695/ms012:D0CG,S0GZ,Nikolas Sanchez Izquierdo,Tigre 2,CH,2026-02-23,R16,Facundo,Diaz Acosta,4-6 2-6,Challenger main draw,2026,unobserved,,,,,,,,,,,,,,False
S0GZ:atp:2026/9695/ms024:RH59,S0GZ,Nikolas Sanchez Izquierdo,Tigre 2,CH,2026-02-23,R32,Santiago,Rodriguez Taverna,6-4 6-2,Challenger main draw,2026,unobserved,,,,,,,,,,,,,,False
S0GZ:atp:2026/3065/ms018:D0CG,S0GZ,Nikolas Sanchez Izquierdo,Brasilia,CH,2026-03-02,R32,Facundo,Diaz Acosta,3-6 6-7(5),Challenger main draw,2026,unobserved,,,,,,,,,,,,,,False
S0GZ:atp:2026/3406/ms006:R0GO,S0GZ,Nikolas Sanchez Izquierdo,Santiago,CH,2026-03-09,QF,Henrique,Rocha,6-7(2) 6-3 3-6,Challenger main draw,2026,linked,15658154,1773419100.0,"Santiago, Chile",Challenger,Quarterfinals,Henrique Rocha,3.0,2.0,1.0,0.0,2,false,finished,True
S0GZ:atp:2026/3406/ms012:MJ98,S0GZ,Nikolas Sanchez Izquierdo,Santiago,CH,2026-03-09,R16,Facundo,Mena,7-6(3) 6-4,Challenger main draw,2026,linked,15658150,1773331500.0,"Santiago, Chile",Challenger,Round of 16,Facundo Mena,3.0,2.0,1.0,0.0,2,false,finished,True
S0GZ:atp:2026/3406/ms025:K0DB,S0GZ,Nikolas Sanchez Izquierdo,Santiago,CH,2026-03-09,R32,Cannon,Kingsley,6-4 7-5,Challenger main draw,2026,linked,15695695,1773159600.0,"Santiago, Chile",Challenger,Round of 32,Cannon Kingsley,3.0,2.0,1.0,0.0,absent,false,finished,False
S0GZ:atp:2026/9171/ms023:CF59,S0GZ,Nikolas Sanchez Izquierdo,Murcia,CH,2026-03-16,R32,Roberto,Carballes Baena,3-6 6-7(5),Challenger main draw,2026,linked,15736439,1773741600.0,"Murcia, Spain",Challenger,Round of 32,Roberto Carballés Baena,3.0,2.0,1.0,0.0,1,false,finished,True
S0GZ:atp:2026/2987/ms018:M0EA,S0GZ,Nikolas Sanchez Izquierdo,Menorca,CH,2026-03-30,R32,Pol,Martin Tiffon,1-6 3-6,Challenger main draw,2026,linked,15901590,1775050800.0,"Menorca, Spain",Challenger,Round of 32,Pol Martin Tiffon,3.0,2.0,1.0,0.0,1,false,finished,True
S0GZ:atp:2026/9687/ms007:R09X,S0GZ,Nikolas Sanchez Izquierdo,Madrid,CH,2026-04-06,QF,Jurij,Rodionov,3-6 4-6,Challenger main draw,2026,linked,15921578,1775823600.0,"Madrid, Spain",Challenger,Quarterfinals,Jurij Rodionov,3.0,2.0,1.0,0.0,2,false,finished,True
S0GZ:atp:2026/9687/ms014:RB60,S0GZ,Nikolas Sanchez Izquierdo,Madrid,CH,2026-04-06,R16,Oriol,Roca Batalla,6-4 6-4,Challenger main draw,2026,linked,15921583,1775656200.0,"Madrid, Spain",Challenger,Round of 16,Oriol Roca Batalla,3.0,2.0,1.0,0.0,2,false,finished,True
S0GZ:atp:2026/9687/ms029:I0BF,S0GZ,Nikolas Sanchez Izquierdo,Madrid,CH,2026-04-06,R32,Ivan,Ivanov,7-5 6-2,Challenger main draw,2026,linked,15951607,1775482800.0,"Madrid, Spain",Challenger,Round of 32,Ivan Ivanov,3.0,2.0,1.0,0.0,2,false,finished,True
S0GZ:atp:2026/2151/ms011:S0KT,S0GZ,Nikolas Sanchez Izquierdo,Rome,CH,2026-04-20,R16,Stefanos,Sakellaridis,6-7(6) 6-7(3),Challenger main draw,2026,linked,16009987,1776857400.0,"Rome, Italy",Challenger,Round of 16,Stefanos Sakellaridis,3.0,2.0,1.0,0.0,2,false,finished,True
S0GZ:atp:2026/2151/ms022:DG80,S0GZ,Nikolas Sanchez Izquierdo,Rome,CH,2026-04-20,R32,Enrico,Dalla Valle,6-0 6-3,Challenger main draw,2026,linked,16031396,1776758400.0,"Rome, Italy",Challenger,Round of 32,Enrico Dalla Valle,3.0,2.0,1.0,0.0,2,false,finished,True
S0GZ:atp:2026/1797/ms001:KH56,S0GZ,Nikolas Sanchez Izquierdo,Ostrava,CH,2026-04-27,F,Zdenek,Kolar,6-4 7-6(4),Challenger main draw,2026,unobserved,,,,,,,,,,,,,,False
S0GZ:atp:2026/1797/ms002:G0IB,S0GZ,Nikolas Sanchez Izquierdo,Ostrava,CH,2026-04-27,SF,Tom,Gentzsch,3-6 6-4 6-1,Challenger main draw,2026,unobserved,,,,,,,,,,,,,,False
S0GZ:atp:2026/1797/ms004:S0GD,S0GZ,Nikolas Sanchez Izquierdo,Ostrava,CH,2026-04-27,QF,Dalibor,Svrcina,6-4 5-7 6-2,Challenger main draw,2026,unobserved,,,,,,,,,,,,,,False
S0GZ:atp:2026/1797/ms009:SS25,S0GZ,Nikolas Sanchez Izquierdo,Ostrava,CH,2026-04-27,R16,Vitaliy,Sachko,6-7(7) 7-5 6-4,Challenger main draw,2026,linked,16050454,1777548600.0,"Ostrava, Czech Republic",Challenger,Round of 16,Vitaliy Sachko,3.0,2.0,1.0,0.0,1,false,finished,True
S0GZ:atp:2026/1797/ms018:M0SE,S0GZ,Nikolas Sanchez Izquierdo,Ostrava,CH,2026-04-27,R32,Maxim,Mrva,7-6(3) 6-3,Challenger main draw,2026,linked,16073918,1777365000.0,"Ostrava, Czech Republic",Challenger,Round of 32,Maxim Mrva,3.0,2.0,1.0,0.0,1,false,finished,True
S0GZ:atp:2026/7707/ms014:D0CG,S0GZ,Nikolas Sanchez Izquierdo,Francavilla al Mare,CH,2026-05-04,R16,Facundo,Diaz Acosta,4-6 4-6,Challenger main draw,2026,unobserved,,,,,,,,,,,,,,False
S0GZ:atp:2026/7707/ms029:E0DD,S0GZ,Nikolas Sanchez Izquierdo,Francavilla al Mare,CH,2026-05-04,R32,Justin,Engel,6-7(2) 6-2 6-2,Challenger main draw,2026,unobserved,,,,,,,,,,,,,,False
S0GZ:atp:2026/3105/ms007:J476,S0GZ,Nikolas Sanchez Izquierdo,Istanbul (TTF),CH,2026-05-18,QF,David,Jorda Sanchis,2-6 4-6,Challenger main draw,2026,unobserved,,,,,,,,,,,,,,False
S0GZ:atp:2026/3105/ms015:KC33,S0GZ,Nikolas Sanchez Izquierdo,Istanbul (TTF),CH,2026-05-18,R16,Dimitar,Kuzmanov,6-0 6-7(4) 6-1,Challenger main draw,2026,unobserved,,,,,,,,,,,,,,False
S0GZ:atp:2026/3105/ms031:S0CG,S0GZ,Nikolas Sanchez Izquierdo,Istanbul (TTF),CH,2026-05-18,R32,Carlos,Sanchez Jover,6-3 6-4,Challenger main draw,2026,unobserved,,,,,,,,,,,,,,False
S0GZ:atp:2026/558/ms002:B0BI,S0GZ,Nikolas Sanchez Izquierdo,Prostejov,CH,2026-06-01,SF,Sebastian,Baez,2-6 6-7(2),Challenger main draw,2026,unobserved,,,,,,,,,,,,,,False
S0GZ:atp:2026/558/ms005:M0OH,S0GZ,Nikolas Sanchez Izquierdo,Prostejov,CH,2026-06-01,QF,Lautaro,Midon,6-7(6) 6-3 6-3,Challenger main draw,2026,unobserved,,,,,,,,,,,,,,False
S0GZ:atp:2026/558/ms010:S0H2,S0GZ,Nikolas Sanchez Izquierdo,Prostejov,CH,2026-06-01,R16,Aleksandr,Shevchenko,7-6(8) 6-1,Challenger main draw,2026,unobserved,,,,,,,,,,,,,,False
S0GZ:atp:2026/558/ms021:P0AY,S0GZ,Nikolas Sanchez Izquierdo,Prostejov,CH,2026-06-01,R32,Luka,Pavlovic,6-3 4-6 6-3,Challenger main draw,2026,unobserved,,,,,,,,,,,,,,False
S0GZ:atp:2026/7536/ms007:B0EJ,S0GZ,Nikolas Sanchez Izquierdo,Lyon,CH,2026-06-08,QF,Tristan,Boyer,2-6 6-2 6-7(2),Challenger main draw,2026,linked,16272821,1781261100.0,"Lyon, France",Challenger,Quarterfinals,Tristan Boyer,3.0,2.0,1.0,0.0,1,false,finished,True
S0GZ:atp:2026/7536/ms015:V0DZ,S0GZ,Nikolas Sanchez Izquierdo,Lyon,CH,2026-06-08,R16,Luca,Van Assche,7-6(3) 1-6 6-4,Challenger main draw,2026,linked,16272814,1781100300.0,"Lyon, France",Challenger,Round of 16,Luca Van Assche,3.0,2.0,1.0,0.0,absent,false,finished,False
S0GZ:atp:2026/7536/ms030:B0JJ,S0GZ,Nikolas Sanchez Izquierdo,Lyon,CH,2026-06-08,R32,Robin,Bertrand,6-3 6-2,Challenger main draw,2026,linked,16287086,1780993800.0,"Lyon, France",Challenger,Round of 32,Robin Bertrand,3.0,2.0,1.0,0.0,2,false,finished,True
S0GZ:atp:2026/9835/ms031:V0DZ,S0GZ,Nikolas Sanchez Izquierdo,Parma,CH,2026-06-15,R32,Luca,Van Assche,3-6 6-3 3-6,Challenger main draw,2026,linked,16324584,1781535000.0,"Parma, Italy",Challenger,Round of 32,Luca Van Assche,3.0,2.0,1.0,0.0,2,false,finished,True
S0GZ:atp:2026/540/qs066:KF17,S0GZ,Nikolas Sanchez Izquierdo,Wimbledon,GS,2026-06-29,Q1,Soonwoo,Kwon,6-7(7) 3-6,Tour qualifying,2026,linked,16373466,1782126600.0,"Wimbledon, London, GB, Qualifying, 1st - 2nd Round",ATP,Qualification Round 1,Soonwoo Kwon,3.0,2.0,1.0,0.0,2,false,finished,True
S0GZ:atp:2026/9351/ms007:DA31,S0GZ,Nikolas Sanchez Izquierdo,Trieste,CH,2026-07-06,QF,Hugo,Dellien,6-3 0-6 5-7,Challenger main draw,2026,linked,16425146,1783697700.0,"Trieste, Italy",Challenger,Quarterfinals,Hugo Dellien,3.0,2.0,1.0,0.0,2,false,finished,True
S0GZ:atp:2026/9351/ms014:B0GY,S0GZ,Nikolas Sanchez Izquierdo,Trieste,CH,2026-07-06,R16,Alex,Barrena,6-4 6-3,Challenger main draw,2026,linked,16425162,1783613100.0,"Trieste, Italy",Challenger,Round of 16,Alex Barrena,3.0,2.0,1.0,0.0,1,false,finished,True
S0GZ:atp:2026/9351/ms028:D0HX,S0GZ,Nikolas Sanchez Izquierdo,Trieste,CH,2026-07-06,R32,Dylan,Dietrich,7-6(7) 2-6 6-3,Challenger main draw,2026,linked,16445248,1783417200.0,"Trieste, Italy",Challenger,Round of 32,Dylan Dietrich,3.0,2.0,1.0,0.0,1,false,finished,True
S0GZ:atp:2026/439/qs006:P0IY,S0GZ,Nikolas Sanchez Izquierdo,Umag,250,2026-07-13,Q2,Juan Carlos,Prado Angelo,3-6 6-7(4),Tour qualifying,2026,linked,16496676,1783868400.0,"Umag, Croatia, Qualifying",ATP,Qualification Final,Juan Carlos Prado Angelo,3.0,1.0,1.0,0.0,1,false,finished,True
S0GZ:atp:2026/439/qs013:GB93,S0GZ,Nikolas Sanchez Izquierdo,Umag,250,2026-07-13,Q1,Norbert,Gombos,7-6(4) 6-2,Tour qualifying,2026,linked,16487199,1783788900.0,"Umag, Croatia, Qualifying",ATP,Qualification Round 1,Norbert Gombos,3.0,2.0,1.0,0.0,2,false,finished,True
S0GZ:atp:2026/221/ms024:V993,S0GZ,Nikolas Sanchez Izquierdo,Tampere,CH,2026-07-20,R32,Eero,Vasa,6-7(3) 6-4 0-6,Challenger main draw,2026,linked,16565985,1784629800.0,"Tampere, Finland",Challenger,Round of 32,Eero Vasa,3.0,2.0,1.0,0.0,1,false,finished,True
S0GZ:atp:2026/8392/ms012:M0SE,S0GZ,Nikolas Sanchez Izquierdo,Todi,CH,2026-08-10,R16,Maxim,Mrva,6-3 4-6 4-6,Challenger main draw,2026,linked,16728382,1786548900.0,"Todi, Italy",Challenger,Round of 16,Maxim Mrva,3.0,2.0,1.0,0.0,2,false,finished,True
S0GZ:atp:2026/8392/ms024:P0I6,S0GZ,Nikolas Sanchez Izquierdo,Todi,CH,2026-08-10,R32,Gabriele,Piraino,6-2 6-2,Challenger main draw,2026,linked,16762951,1786453200.0,"Todi, Italy",Challenger,Round of 32,Gabriele Piraino,3.0,2.0,1.0,0.0,1,false,finished,True
S0GZ:atp:2026/2933/ms028:D0CN,S0GZ,Nikolas Sanchez Izquierdo,Porto (CTP),CH,2026-08-31,R32,Miguel,Damas,5-7 6-1 5-7,Challenger main draw,2026,unobserved,,,,,,,,,,,,,,False
S0GZ:atp:2026/560/qs066:M0N1,S0GZ,Nikolas Sanchez Izquierdo,US Open,GS,2026-08-31,Q1,Luka,Mikrut,3-6 4-6,Tour qualifying,2026,linked,16767618,1787548800.0,"US Open, New York, USA, Qualifying",ATP,Qualification Round 1,Luka Mikrut,3.0,2.0,0.0,0.0,1,false,finished,True
S0GZ:atp:2026/784/ms029:RH59,S0GZ,Nikolas Sanchez Izquierdo,Seville,CH,2026-09-07,R32,Santiago,Rodriguez Taverna,6-1 3-6 5-7,Challenger main draw,2026,unobserved,,,,,,,,,,,,,,False
S0GZ:atp:2026/448/ms001:MJ08,S0GZ,Nikolas Sanchez Izquierdo,Szczecin,CH,2026-09-14,F,Thiago,Monteiro,4-6 6-3 7-6(6),Challenger main draw,2026,unobserved,,,,,,,,,,,,,,False
S0GZ:atp:2026/448/ms002:M0N1,S0GZ,Nikolas Sanchez Izquierdo,Szczecin,CH,2026-09-14,SF,Luka,Mikrut,6-3 6-4,Challenger main draw,2026,unobserved,,,,,,,,,,,,,,False
S0GZ:atp:2026/448/ms004:KH56,S0GZ,Nikolas Sanchez Izquierdo,Szczecin,CH,2026-09-14,QF,Zdenek,Kolar,6-1 6-3,Challenger main draw,2026,unobserved,,,,,,,,,,,,,,False
S0GZ:atp:2026/448/ms008:GE33,S0GZ,Nikolas Sanchez Izquierdo,Szczecin,CH,2026-09-14,R16,Daniel Elahi,Galan,6-0 6-3,Challenger main draw,2026,unobserved,,,,,,,,,,,,,,False
S0GZ:atp:2026/448/ms017:B0JP,S0GZ,Nikolas Sanchez Izquierdo,Szczecin,CH,2026-09-14,R32,Dali,Blanch,6-2 6-2,Challenger main draw,2026,unobserved,,,,,,,,,,,,,,False
V0F6:atp:2021/9589/qs011:R913,V0F6,Nicolas Villalon,Santiago 2,CH,2021-10-04,Q1,Cristian,Rodriguez,2-6 4-6,Challenger qualifying,2021,linked,9854931,1633275600.0,"Santiago 2, Chile, Qualifying",Challenger,Round of 16,Cristian Rodriguez,3.0,1.0,1.0,0.0,absent,false,finished,False
V0F6:atp:2022/9818/qs008:V821,V0F6,Nicolas Villalon,Concepcion 2,CH,2022-03-14,Q2,Gonzalo,Villanueva,0-6 1-6,Challenger qualifying,2022,linked,10191646,1647264600.0,"Concepcion 2, Chile, Qualifying",Challenger,Qualification Final,Gonzalo Villanueva,3.0,1.0,1.0,0.0,absent,false,finished,False
V0F6:atp:2022/9818/qs016:N830,V0F6,Nicolas Villalon,Concepcion 2,CH,2022-03-14,Q1,Johan,Nikles,6-4 2-6 7-6(5),Challenger qualifying,2022,linked,10190555,1647178200.0,"Concepcion 2, Chile, Qualifying",Challenger,Qualification round 1,Johan Nikles,3.0,2.0,1.0,0.0,absent,false,finished,False
V0F6:atp:2022/1202/ms017:HG90,V0F6,Nicolas Villalon,Coquimbo,CH,2022-05-09,R32,Conner,Huertas del Pino,2-6 2-6,Challenger main draw,2022,linked,10302599,1652205300.0,"Coquimbo, Chile",Challenger,Round of 32,Connor Huertas Del Pino,1.0,2.0,1.0,0.0,absent,false,finished,False
V0F6:atp:2022/9644/ms012:Y223,V0F6,Nicolas Villalon,M15 Recife,FU,2022-08-15,R16,Fernando,Yamacita,2-6 3-6,ITF main draw,2022,linked,10601069,1660839900.0,"Recife, Singles Main, M-ITF-BRA-02A",ITF Men,Round of 16,Fernando Yamacita,3.0,2.0,1.0,0.0,2,false,finished,True
V0F6:atp:2022/9644/ms025:TE14,V0F6,Nicolas Villalon,M15 Recife,FU,2022-08-15,R32,Gabriel,Tumasonis,6-2 3-6 6-4,ITF main draw,2022,linked,10597847,1660765500.0,"Recife, Singles Main, M-ITF-BRA-02A",ITF Men,Round of 32,Gabriel Pascotto Tumasonis,2.0,2.0,1.0,0.0,1,false,finished,True
V0F6:atp:2022/388/ms025:N0B3,V0F6,Nicolas Villalon,M15 Brasilia,FU,2022-08-22,R32,Joao Marcos,Nusdeo,5-7 0-6,ITF main draw,2022,linked,10622199,1661345100.0,"Brasilia, DF, Singles Main, M-ITF-BRA-03A",ITF Men,Round of 32,Joao Marcos Nusdeo,3.0,2.0,1.0,0.0,2,false,finished,True
V0F6:atp:2022/2819/qs018:R0FP,V0F6,Nicolas Villalon,Coquimbo 2,CH,2022-10-17,Q1,Daniel,Rincon,4-6 2-6,Challenger qualifying,2022,linked,10799029,1665931500.0,"Coquimbo 2, Chile, Qualifying",Challenger,Qualification round 1,Daniel Rincon,3.0,2.0,1.0,0.0,absent,false,finished,False
V0F6:atp:2022/2829/qs010:A09P,V0F6,Nicolas Villalon,Temuco,CH,2022-11-21,Q2,Alafia,Ayeni,4-6 2-6,Challenger qualifying,2022,linked,10896528,1669035600.0,"Temuco, Chile, Qualifying",Challenger,absent,Alafia Ayeni,3.0,1.0,1.0,0.0,absent,false,finished,False
V0F6:atp:2022/2829/qs021:AG25,V0F6,Nicolas Villalon,Temuco,CH,2022-11-21,Q1,Gonzalo,Achondo,4-6 7-5 6-1,Challenger qualifying,2022,linked,10894567,1668949200.0,"Temuco, Chile, Qualifying",Challenger,Qualification round 1,Achondo G.,1.0,2.0,1.0,0.0,absent,false,finished,False
V0F6:atp:2023/9452/qs026:SG56,V0F6,Nicolas Villalon,Concepcion,CH,2023-01-23,Q1,Daniel,Dutra da Silva,1-6 3-6,Challenger qualifying,2023,linked,11007097,1674406500.0,"Concepcion, Chile, Qualifying",Challenger,Qualification round 1,Daniel Dutra Da Silva,3.0,2.0,1.0,0.0,absent,false,finished,False
V0F6:atp:2023/8215/ms017:H999,V0F6,Nicolas Villalon,M25 Tucuman,FU,2023-02-27,R32,Gabriel Alejandro,Hidalgo,1-6 2-6,ITF main draw,2023,linked,11091150,1677596400.0,"Tucuman, Singles Main, M-ITF-ARG-02A",ITF Men,Round of 32,Gabriel Alejandro Hidalgo,3.0,2.0,1.0,0.0,2,false,finished,True
V0F6:atp:2023/3406/ms028:U182,V0F6,Nicolas Villalon,Santiago,CH,2023-03-06,R32,Camilo,Ugo Carabelli,1-6 0-6,Challenger main draw,2023,linked,11104925,1678138200.0,"Santiago, Chile",Challenger,Round of 32,Camilo Ugo Carabelli,3.0,2.0,1.0,0.0,absent,false,finished,False
V0F6:atp:2023/2851/qs027:LF26,V0F6,Nicolas Villalon,Vina del Mar,CH,2023-03-13,Q1,Orlando,Luz,2-6 0-6,Challenger qualifying,2023,linked,11123637,1678638600.0,"Vina del Mar, Chile, Qualifying",Challenger,Qualification round 1,Orlando Luz,3.0,2.0,1.0,0.0,absent,false,finished,False
V0F6:atp:2023/8245/ms027:B0GR,V0F6,Nicolas Villalon,M15 Santo Domingo de los Tsachilas,FU,2023-04-03,R32,Gonzalo,Bueno,4-6 0-6,ITF main draw,2023,unobserved,,,,,,,,,,,,,,False
V0F6:atp:2023/1202/ms021:H0C9,V0F6,Nicolas Villalon,Coquimbo,CH,2023-05-01,R32,Arklon,Huertas Del Pino Cordova,4-6 1-6,Challenger main draw,2023,unobserved,,,,,,,,,,,,,,False
V0F6:atp:2023/4332/ms015:V0D4,V0F6,Nicolas Villalon,M15 Addis Ababa,FU,2023-05-15,R16,Eric,Vanshelboim,1-6 4-6,ITF main draw,2023,unobserved,,,,,,,,,,,,,,False
V0F6:atp:2023/4332/ms030:SY50,V0F6,Nicolas Villalon,M15 Addis Ababa,FU,2023-05-15,R32,Nitin Kumar,Sinha,3-6 6-3 7-6(8),ITF main draw,2023,unobserved,,,,,,,,,,,,,,False
V0F6:atp:2023/4333/ms013:SY71,V0F6,Nicolas Villalon,M15 Addis Ababa,FU,2023-05-22,R16,Digvijay Pratap,Singh,2-6 1-6,ITF main draw,2023,linked,11304848,1684994400.0,"Addis Ababa, Singles Main, M-ITF-ETH-02A",ITF Men,Round of 16,Digvijay Pratap Singh,3.0,2.0,1.0,0.0,2,false,finished,True
V0F6:atp:2023/4333/ms026:MM67,V0F6,Nicolas Villalon,M15 Addis Ababa,FU,2023-05-22,R32,Ryotero,Matsumura,6-4 6-2,ITF main draw,2023,unobserved,,,,,,,,,,,,,,False
V0F6:atp:2023/4334/ms028:F0DP,V0F6,Nicolas Villalon,M15 Kursumlijska Banja,FU,2023-05-29,R32,Peter,Fajta,3-6 4-6,ITF main draw,2023,linked,11320700,1685524500.0,"Kursumlijska Banja, Singles Main, M-ITF-SRB-06A",ITF Men,Round of 32,Peter Fajta,3.0,2.0,1.0,0.0,1,false,finished,True
V0F6:atp:2023/4349/ms028:P0G5,V0F6,Nicolas Villalon,M15 Kursumlijska Banja,FU,2023-06-19,R32,Stefan,Popovic,3-6 1-6,ITF main draw,2023,linked,11362712,1687330800.0,"Kursumlijska Banja, Singles Main, M-ITF-SRB-09A",ITF Men,Round of 32,Stefan Popović,3.0,2.0,1.0,0.0,1,false,finished,True
V0F6:atp:2023/374/ms016:CN78,V0F6,Nicolas Villalon,M25 Rosario-Sante Fe,FU,2023-06-26,R32,Lucas,Catarina,1-6 0-6,ITF main draw,2023,linked,11380472,1687965900.0,"Rosario, Singles Main, M-ITF-ARG-04A",ITF Men,Round of 32,Lucas Catarina,3.0,2.0,1.0,0.0,2,false,finished,True
V0F6:atp:2023/2887/ms022:S0EK,V0F6,Nicolas Villalon,Santa Fe,CH,2023-07-03,R32,Matias,Soto,2-6 6-7(5),Challenger main draw,2023,unobserved,,,,,,,,,,,,,,False
V0F6:atp:2023/2887/qs012:A0G1,V0F6,Nicolas Villalon,Santa Fe,CH,2023-07-03,Q2,Benjamin Denis,Alarcon,7-5 6-2,Challenger qualifying,2023,unobserved,,,,,,,,,,,,,,False
V0F6:atp:2023/2887/qs025:G0KV,V0F6,Nicolas Villalon,Santa Fe,CH,2023-07-03,Q1,Nicolas,Garcia Longo,6-4 7-5,Challenger qualifying,2023,unobserved,,,,,,,,,,,,,,False
V0F6:atp:2023/388/ms012:D0IP,V0F6,Nicolas Villalon,M15 Sao Paulo,FU,2023-08-21,R16,Gustavo Ribeiro,De Almeida,7-6(6) 4-6 3-6,ITF main draw,2023,unobserved,,,,,,,,,,,,,,False
V0F6:atp:2023/388/ms025:C0NR,V0F6,Nicolas Villalon,M15 Sao Paulo,FU,2023-08-21,R32,Henrique,Costanzi De Brito,1-6 7-6(2) 6-4,ITF main draw,2023,unobserved,,,,,,,,,,,,,,False
V0F6:atp:2023/8303/ms005:F0BV,V0F6,Nicolas Villalon,M15 Cochabamba,FU,2023-11-13,QF,Tomas,Farjat,3-6 3-6,ITF main draw,2023,linked,11838575,1700254800.0,"Cochabamba, Singles Main, M-ITF-BOL-01A",ITF Men,Quarterfinals,Tomas Farjat,3.0,2.0,1.0,0.0,1,false,finished,True
V0F6:atp:2023/8303/ms011:P0IY,V0F6,Nicolas Villalon,M15 Cochabamba,FU,2023-11-13,R16,Juan Carlos,Prado Angelo,6-4 7-6(5),ITF main draw,2023,linked,11836342,1700163900.0,"Cochabamba, Singles Main, M-ITF-BOL-01A",ITF Men,Round of 16,Juan Carlos Prado Angelo,3.0,2.0,1.0,0.0,1,false,finished,True
V0F6:atp:2023/8303/ms022:A0LI,V0F6,Nicolas Villalon,M15 Cochabamba,FU,2023-11-13,R32,Ramiro,Amarilla,6-4 6-4,ITF main draw,2023,linked,11827965,1700081100.0,"Cochabamba, Singles Main, M-ITF-BOL-01A",ITF Men,Round of 32,Ramiro Amarilla,3.0,2.0,1.0,0.0,1,false,finished,True
V0F6:atp:2023/4246/ms029:P0IY,V0F6,Nicolas Villalon,M15 Santa Cruz,FU,2023-11-20,R32,Juan Carlos,Prado Angelo,6-4 3-6 0-6,ITF main draw,2023,linked,11848099,1700607600.0,"Santa Cruz, Singles Main, M-ITF-BOL-02A",ITF Men,Round of 32,Juan Carlos Prado Angelo,3.0,2.0,1.0,0.0,1,false,finished,True
V0F6:atp:2023/2829/qs024:AG08,V0F6,Nicolas Villalon,Temuco,CH,2023-11-27,Q1,Andy,Andrade,6-1 0-6 4-6,Challenger qualifying,2023,linked,11858276,1701011400.0,"Temuco, Chile, Qualifying",Challenger,absent,Andres Andrade,1.0,1.0,1.0,0.0,absent,false,finished,False
V0F6:atp:2023/4476/ms016:V821,V0F6,Nicolas Villalon,M15 Concepcion,FU,2023-12-04,R32,Gonzalo,Villanueva,1-6 3-6,ITF main draw,2023,linked,11877682,1701784800.0,"Concepcion, Singles Main, M-ITF-CHI-01A",ITF Men,Round of 32,Gonzalo Villanueva,3.0,2.0,1.0,0.0,2,false,finished,True
V0F6:atp:2023/4477/ms030:S0IV,V0F6,Nicolas Villalon,M15 Concepcion,FU,2023-12-11,R32,Paulo Andre,Saraiva Dos Santos,2-6 6-7(7),ITF main draw,2023,linked,11893498,1702402500.0,"Concepcion, Singles Main, M-ITF-CHI-02A",ITF Men,Round of 32,Paulo Andre Saraiva Dos Santos,3.0,2.0,1.0,0.0,2,false,finished,True
V0F6:atp:2024/4595/ms028:S0IV,V0F6,Nicolas Villalon,M25 Maceio,FU,2024-03-18,R32,Paulo Andre,Saraiva Dos Santos,6-3 2-6 6-7(6),ITF main draw,2024,linked,12171946,1710960000.0,"Maceio, Singles Main, M-ITF-BRA-04A",ITF Men,Round of 32,Paulo Andre Saraiva Dos Santos,3.0,2.0,1.0,0.0,2,false,finished,True
V0F6:atp:2024/4623/ms028:B0EZ,V0F6,Nicolas Villalon,M15 Quillota,FU,2024-04-08,R32,Ignacio Antonio,Becerra Otarola,1-6 2-6,ITF main draw,2024,unobserved,,,,,,,,,,,,,,False
V0F6:atp:2024/4631/ms012:T0AF,V0F6,Nicolas Villalon,M15 Santiago,FU,2024-04-15,R16,Fermin,Tenti,6-4 3-6 1-6,ITF main draw,2024,unobserved,,,,,,,,,,,,,,False
V0F6:atp:2024/4631/ms025:V948,V0F6,Nicolas Villalon,M15 Santiago,FU,2024-04-15,R32,Drew,Van Orderlain,7-5 6-4,ITF main draw,2024,unobserved,,,,,,,,,,,,,,False
V0F6:atp:2024/9452/qs024:R0BT,V0F6,Nicolas Villalon,Concepcion - CH,CH,2024-04-22,Q1,Franco,Roncadelli,2-6 6-0 5-7,Challenger qualifying,2024,unobserved,,,,,,,,,,,,,,False
V0F6:atp:2024/4692/ms009:DC83,V0F6,Nicolas Villalon,M15 Kursumlijska Banja,FU,2024-05-20,R16,Gabriel,Donev,1-6 0-6,ITF main draw,2024,unobserved,,,,,,,,,,,,,,False
V0F6:atp:2024/4692/ms018:S09K,V0F6,Nicolas Villalon,M15 Kursumlijska Banja,FU,2024-05-20,R32,Gorazd,Srbljak,6-4 7-6(3),ITF main draw,2024,unobserved,,,,,,,,,,,,,,False
V0F6:atp:2024/4741/ms015:I0A7,V0F6,Nicolas Villalon,M15 Oradea,FU,2024-06-10,R16,Nicholas David,Ionel,3-6 4-6,ITF main draw,2024,linked,12414434,1718272800.0,"Oradea, Singles Main, M-ITF-ROU-05A",ITF Men,Round of 16,Nicholas David Ionel,3.0,2.0,1.0,0.0,2,false,finished,True
V0F6:atp:2024/4741/ms030:H0DI,V0F6,Nicolas Villalon,M15 Oradea,FU,2024-06-10,R32,Vitek,Horak,6-1 6-1,ITF main draw,2024,linked,12410873,1718089200.0,"Oradea, Singles Main, M-ITF-ROU-05A",ITF Men,Round of 32,Vitek Horak,3.0,2.0,1.0,0.0,2,false,finished,True
V0F6:atp:2024/4758/ms009:A0I6,V0F6,Nicolas Villalon,M15 Cluj Napoca,FU,2024-06-17,R16,Filip,Apltauer,2-6 6-7(5),ITF main draw,2024,linked,12443283,1718874600.0,"Cluj Napoca, Singles Main, M-ITF-ROU-07A",ITF Men,Round of 16,Filip Apltauer,3.0,2.0,1.0,0.0,2,false,finished,True
V0F6:atp:2024/4758/ms019:O659,V0F6,Nicolas Villalon,M15 Cluj Napoca,FU,2024-06-17,R32,Vladyslav,Orlov,6-3 3-6 7-6(1),ITF main draw,2024,linked,12435079,1718793300.0,"Cluj Napoca, Singles Main, M-ITF-ROU-07A",ITF Men,Round of 32,Vladyslav Orlov,3.0,2.0,1.0,0.0,1,false,finished,True
V0F6:atp:2024/4353/ms012:J0CM,V0F6,Nicolas Villalon,M15 Belgrade,FU,2024-06-24,R16,Viktor,Jovic,3-6 2-6,ITF main draw,2024,linked,12464668,1719561600.0,"Belgrade, Singles Main, M-ITF-SRB-13A",ITF Men,Round of 16,Viktor Jovic,3.0,2.0,1.0,0.0,1,false,finished,True
V0F6:atp:2024/4353/ms025:L0LB,V0F6,Nicolas Villalon,M15 Belgrade,FU,2024-06-24,R32,Aleksandar,Ljubojevic,6-4 3-6 6-3,ITF main draw,2024,linked,12461469,1719385200.0,"Belgrade, Singles Main, M-ITF-SRB-13A",ITF Men,Round of 32,Aleksandar Ljubojevic,3.0,2.0,1.0,0.0,1,false,finished,True
V0F6:atp:2024/4349/ms008:P0AY,V0F6,Nicolas Villalon,M15 Kursumlijska Banja,FU,2024-07-01,R16,Luka,Pavlovic,6-0 1-6 0-6,ITF main draw,2024,unobserved,,,,,,,,,,,,,,False
V0F6:atp:2024/4349/ms017:P09S,V0F6,Nicolas Villalon,M15 Kursumlijska Banja,FU,2024-07-01,R32,Benjamin,Pietri,7-5 6-2,ITF main draw,2024,unobserved,,,,,,,,,,,,,,False
V0F6:atp:2024/4344/ms017:F0C2,V0F6,Nicolas Villalon,M15 Kursumlijska Banja,FU,2024-07-08,R32,Andrea,Fiorentini,6-7(3) 6-7(6),ITF main draw,2024,unobserved,,,,,,,,,,,,,,False
V0F6:atp:2024/626/ms008:SG56,V0F6,Nicolas Villalon,M25 Londrina,FU,2024-08-12,R16,Daniel,Dutra da Silva,3-6 2-6,ITF main draw,2024,unobserved,,,,,,,,,,,,,,False
V0F6:atp:2024/626/ms017:F0DZ,V0F6,Nicolas Villalon,M25 Londrina,FU,2024-08-12,R32,Tobias,Franco,6-1 6-4,ITF main draw,2024,unobserved,,,,,,,,,,,,,,False
V0F6:atp:2024/7871/ms017:P0LG,V0F6,Nicolas Villalon,M25 Arequipa,FU,2024-08-19,R32,Salvador,Price,3-6 7-5 4-6,ITF main draw,2024,unobserved,,,,,,,,,,,,,,False
V0F6:atp:2024/4852/ms012:V0DX,V0F6,Nicolas Villalon,M15 Asuncion,FU,2024-09-23,R16,Bautista,Vilicich,2-6 5-7,ITF main draw,2024,linked,12902274,1727358600.0,"Asuncion, Singles Main, M-ITF-PAR-01A",ITF Men,Round of 16,Bautista Vilicich,3.0,2.0,1.0,0.0,2,false,finished,True
V0F6:atp:2024/4852/ms025:S0Y2,V0F6,Nicolas Villalon,M15 Asuncion,FU,2024-09-23,R32,Kaua Lorenzo,Santos Gava,4-6 6-0 6-1,ITF main draw,2024,linked,12892388,1727285400.0,"Asuncion, Singles Main, M-ITF-PAR-01A",ITF Men,Round of 32,Kaua Santos Gava,2.0,2.0,1.0,0.0,2,false,finished,True
V0F6:atp:2024/4857/ms027:P0J1,V0F6,Nicolas Villalon,M25 Luque,FU,2024-09-30,R32,Rodrigo,Pacheco Mendez,2-6 6-4 3-6,ITF main draw,2024,linked,12928094,1727884200.0,"Paraguay F2, Singles",ITF Men,Round of 32,Rodrigo Pacheco Mendez,3.0,2.0,0.0,0.0,2,false,finished,True
V0F6:atp:2024/4879/ms026:A0FR,V0F6,Nicolas Villalon,M15 Guatemala,FU,2024-11-04,R32,Alberto Odiseo,Alvarado Berrospi,6-4 5-7 3-6,ITF main draw,2024,linked,13083420,1730817900.0,"Guatemala F2, Singles",ITF Men,Round of 32,Alberto Alvarado Berrospi,2.0,2.0,1.0,0.0,1,false,finished,True
V0F6:atp:2024/4883/ms011:R0M6,V0F6,Nicolas Villalon,M15 Guatemala,FU,2024-11-11,R16,Leo,Raquin,1-6 6-2 0-6,ITF main draw,2024,unobserved,,,,,,,,,,,,,,False
V0F6:atp:2024/4883/ms023:R0ER,V0F6,Nicolas Villalon,M15 Guatemala,FU,2024-11-11,R32,Nicolas Esteban,Rico Arias,6-2 7-5,ITF main draw,2024,unobserved,,,,,,,,,,,,,,False
V0F6:atp:2024/7476/ms024:B0QL,V0F6,Nicolas Villalon,M15 Santo Domingo,FU,2024-11-18,R32,Brian,Bozemoj,3-6 3-6,ITF main draw,2024,unobserved,,,,,,,,,,,,,,False
V0F6:atp:2024/4476/ms007:B0GY,V0F6,Nicolas Villalon,M15 Santiago,FU,2024-11-25,QF,Alex,Barrena,4-6 3-6,ITF main draw,2024,unobserved,,,,,,,,,,,,,,False
V0F6:atp:2024/4476/ms014:G0M3,V0F6,Nicolas Villalon,M15 Santiago,FU,2024-11-25,R16,Aaron,Gil Garcia,7-6(2) 7-5,ITF main draw,2024,unobserved,,,,,,,,,,,,,,False
V0F6:atp:2024/4476/ms028:G0NE,V0F6,Nicolas Villalon,M15 Santiago,FU,2024-11-25,R32,Javier,Guzman,7-6(2) 6-7(4) 7-6(1),ITF main draw,2024,unobserved,,,,,,,,,,,,,,False
V0F6:atp:2024/4890/ms026:S0KY,V0F6,Nicolas Villalon,M15 Santiago,FU,2024-12-02,R32,Amador,Salazar,6-7(4) 6-0 4-6,ITF main draw,2024,unobserved,,,,,,,,,,,,,,False
V0F6:atp:2025/4901/ms014:WB25,V0F6,Nicolas Villalon,M15 Santiago,FU,2025-01-13,R16,Louis,Wessels,5-7 3-6,ITF main draw,2025,linked,13347262,1737048900.0,ITF M15 Santiago Men,ITF Men,Round of 16,Louis Wessels,3.0,2.0,1.0,0.0,absent,false,finished,False
V0F6:atp:2025/4901/ms029:LA54,V0F6,Nicolas Villalon,M15 Santiago,FU,2025-01-13,R32,Wilson,Leite,7-6(5) 6-3,ITF main draw,2025,linked,13334729,1736865000.0,ITF M15 Santiago Men,ITF Men,Round of 32,Wilson Leite,3.0,2.0,1.0,0.0,absent,false,finished,False
V0F6:atp:2025/4631/ms018:B0E4,V0F6,Nicolas Villalon,M15 Santiago,FU,2025-01-20,R32,Mateo,Barreiros Reyes,4-6 6-7(2),ITF main draw,2025,linked,13366641,1737475200.0,ITF M15 Santiago 2 Men,ITF Men,Round of 32,Mateo Barreiros Reyes,3.0,2.0,1.0,0.0,absent,false,finished,False
V0F6:atp:2025/3406/ms025:M0B2,V0F6,Nicolas Villalon,Santiago,CH,2025-03-10,R32,Yuki,Mochizuki,4-6 6-3 3-6,Challenger main draw,2025,linked,13590981,1741705500.0,"Santiago, Chile",Challenger,Round of 32,Yuki Mochizuki,3.0,2.0,1.0,0.0,1,false,finished,True
V0F6:atp:2025/2917/qs008:H0B7,V0F6,Nicolas Villalon,Merida,CH,2025-03-17,Q2,Trey,Hilderbrand,2-6 4-6,Challenger qualifying,2025,linked,13623982,1742238000.0,"Merida, Mexico, Qualifying",Challenger,Qualification Final,Trey Hilderbrand,3.0,1.0,1.0,0.0,1,false,finished,True
V0F6:atp:2025/2917/qs017:P0D4,V0F6,Nicolas Villalon,Merida,CH,2025-03-17,Q1,Brandon,Perez,6-4 6-3,Challenger qualifying,2025,linked,13620479,1742167800.0,"Merida, Mexico, Qualifying",Challenger,Qualification Round 1,Brandon Perez,3.0,2.0,1.0,0.0,2,false,finished,True
V0F6:atp:2025/9452/ms017:O376,V0F6,Nicolas Villalon,Concepcion,CH,2025-03-24,R32,Renzo,Olivo,3-6 3-6,Challenger main draw,2025,unobserved,,,,,,,,,,,,,,False
V0F6:atp:2025/4944/ms018:G0LF,V0F6,Nicolas Villalon,M25 Chacabuko,FU,2025-03-31,R32,Valentin,Garay,2-6 6-2 3-6,ITF main draw,2025,unobserved,,,,,,,,,,,,,,False
V0F6:atp:2025/2927/qs024:G0D9,V0F6,Nicolas Villalon,San Miguel de Tucuman,CH,2025-04-21,Q1,Igor,Gimenez,3-6 1-6,Challenger qualifying,2025,unobserved,,,,,,,,,,,,,,False
V0F6:atp:2025/7389/qs024:M0RG,V0F6,Nicolas Villalon,Bogota,CH,2025-05-12,Q1,Daniel,Milavsky,3-6 6-2 3-6,Challenger qualifying,2025,unobserved,,,,,,,,,,,,,,False
V0F6:atp:2025/4962/ms020:A0IK,V0F6,Nicolas Villalon,M25 Coquimbo,FU,2025-05-19,R32,Luciano Emanuel,Ambrogi,6-4 4-6 1-6,ITF main draw,2025,unobserved,,,,,,,,,,,,,,False
V0F6:atp:2025/4963/ms022:K0MX,V0F6,Nicolas Villalon,M25 Coquimbo,FU,2025-05-26,R32,Enzo,Kohlmann De Freitas,2-6 6-3 1-6,ITF main draw,2025,unobserved,,,,,,,,,,,,,,False
V0F6:atp:2025/4738/ms008:G0J9,V0F6,Nicolas Villalon,M15 Kursumljiska Banja,FU,2025-06-09,R16,Svyatoslav,Gulin,6-3 3-6 4-6,ITF main draw,2025,unobserved,,,,,,,,,,,,,,False
V0F6:atp:2025/4738/ms017:BU64,V0F6,Nicolas Villalon,M15 Kursumljiska Banja,FU,2025-06-09,R32,Nicolas,Bruna,6-4 1-6 6-0,ITF main draw,2025,unobserved,,,,,,,,,,,,,,False
V0F6:atp:2025/4762/ms019:N0BU,V0F6,Nicolas Villalon,M15 Kursumljiska Banja,FU,2025-06-16,R32,Daniel Antonio,Nunez,6-7(7) 5-7,ITF main draw,2025,unobserved,,,,,,,,,,,,,,False
V0F6:atp:2025/4353/ms016:D0HJ,V0F6,Nicolas Villalon,M15 Kursumljiska Banja,FU,2025-06-23,R32,Branko,Djuric,1-6 0-6,ITF main draw,2025,linked,14046100,1750838400.0,ITF M15 Kursumlijska Banja 9 Men,ITF Men,Round of 32,Branko Đurić,1.0,2.0,1.0,0.0,absent,false,finished,False
V0F6:atp:2025/4983/ms002:R09V,V0F6,Nicolas Villalon,M15 Bucaramanga,FU,2025-07-14,SF,Eduardo,Ribeiro,4-6 1-6,ITF main draw,2025,linked,14209510,1752865200.0,ITF M15 Bucaramanga Men,ITF Men,Semifinals,Eduardo Ribeiro,3.0,2.0,1.0,0.0,absent,false,finished,False
V0F6:atp:2025/4983/ms005:C0LG,V0F6,Nicolas Villalon,M15 Bucaramanga,FU,2025-07-14,QF,Mateo,Castañeda,6-4 6-2,ITF main draw,2025,linked,14201745,1752768000.0,ITF M15 Bucaramanga Men,ITF Men,Quarterfinals,Mateo Castaneda,3.0,2.0,1.0,0.0,absent,false,finished,False
V0F6:atp:2025/4983/ms011:M19S,V0F6,Nicolas Villalon,M15 Bucaramanga,FU,2025-07-14,R16,Tomas,Marin,6-1 6-1,ITF main draw,2025,linked,14193606,1752685200.0,ITF M15 Bucaramanga Men,ITF Men,Round of 16,Tomas Marin,3.0,2.0,1.0,0.0,absent,false,finished,False
V0F6:atp:2025/4983/ms023:S1E3,V0F6,Nicolas Villalon,M15 Bucaramanga,FU,2025-07-14,R32,Cristian Felipe,Sanchez Rojas,6-4 6-3,ITF main draw,2025,linked,14177296,1752539400.0,ITF M15 Bucaramanga Men,ITF Men,Round of 32,Cristian Felipe Sanchez Rojas,3.0,2.0,1.0,0.0,2,false,finished,True
V0F6:atp:2025/4987/ms008:J0AW,V0F6,Nicolas Villalon,M15 Santiago,FU,2025-07-21,R16,Guido Ivan,Justo,1-6 0-6,ITF main draw,2025,unobserved,,,,,,,,,,,,,,False
V0F6:atp:2025/4987/ms017:H0HU,V0F6,Nicolas Villalon,M15 Santiago,FU,2025-07-21,R32,Samuel,Heredia,7-5 2-6 6-2,ITF main draw,2025,linked,14248885,1753279200.0,ITF M15 Santiago 3 Men,ITF Men,Round of 32,Samuel Heredia,3.0,2.0,1.0,0.0,absent,false,finished,False
V0F6:atp:2025/4476/ms015:R0BC,V0F6,Nicolas Villalon,M15 Santiago,FU,2025-07-28,R16,Lorenzo Joaquin,Rodriguez,1-6 2-6,ITF main draw,2025,unobserved,,,,,,,,,,,,,,False
V0F6:atp:2025/4476/ms030:B0EZ,V0F6,Nicolas Villalon,M15 Santiago,FU,2025-07-28,R32,Ignacio Antonio,Becerra Otarola,6-3 7-6(2),ITF main draw,2025,unobserved,,,,,,,,,,,,,,False
V0F6:atp:2025/6250/qs008:BF23,V0F6,Nicolas Villalon,Barranquilla,CH,2025-08-11,Q2,Facundo,Bagnis,1-6 1-6,Challenger qualifying,2025,unobserved,,,,,,,,,,,,,,False
V0F6:atp:2025/6250/qs017:H0C9,V0F6,Nicolas Villalon,Barranquilla,CH,2025-08-11,Q1,Arklon,Huertas Del Pino Cordova,6-4 7-6(4),Challenger qualifying,2025,unobserved,,,,,,,,,,,,,,False
V0F6:atp:2025/4663/ms004:B0I6,V0F6,Nicolas Villalon,M25 Trelew,FU,2025-08-25,QF,Samir,Banerjee,1-6 3-6,ITF main draw,2025,unobserved,,,,,,,,,,,,,,False
V0F6:atp:2025/4663/ms008:J0AW,V0F6,Nicolas Villalon,M25 Trelew,FU,2025-08-25,R16,Guido Ivan,Justo,7-5 6-7(4) 6-4,ITF main draw,2025,unobserved,,,,,,,,,,,,,,False
V0F6:atp:2025/4663/ms017:C0SU,V0F6,Nicolas Villalon,M25 Trelew,FU,2025-08-25,R32,Mateo,Carballo,3-6 6-3 6-4,ITF main draw,2025,unobserved,,,,,,,,,,,,,,False
V0F6:atp:2025/2889/qs018:J0D2,V0F6,Nicolas Villalon,Antofagasta,CH,2025-09-29,Q1,Maximus,Jones,6-2 6-7(3) 4-6,Challenger qualifying,2025,linked,14786816,1759069500.0,"Antofagasta, Chile, Qualifying",Challenger,Qualification Round 1,Maximus Jones,3.0,2.0,1.0,0.0,1,false,finished,True
V0F6:atp:2025/5163/ms008:Z0BY,V0F6,Nicolas Villalon,M25 Rio de Janeiro,FU,2025-10-06,R16,Nicolas,Zanellato,6-4 1-6 4-6,ITF main draw,2025,linked,14849902,1760037300.0,ITF M25 Rio de Janeiro Men,ITF Men,Round of 16,Nicolas Zanellato,3.0,2.0,1.0,0.0,absent,false,finished,False
V0F6:atp:2025/5163/ms017:LA54,V0F6,Nicolas Villalon,M25 Rio de Janeiro,FU,2025-10-06,R32,Wilson,Leite,6-3 6-4,ITF main draw,2025,linked,14837505,1759770000.0,ITF M25 Rio de Janeiro Men,ITF Men,Round of 32,Wilson Leite,3.0,2.0,1.0,0.0,absent,false,finished,False
V0F6:atp:2025/4890/ms019:A0JW,V0F6,Nicolas Villalon,M15 Santiago,FU,2025-10-13,R32,Joaquin,Aguilar Cardozo,3-6 4-6,ITF main draw,2025,linked,14885497,1760533200.0,ITF M15 Santiago 5 Men,ITF Men,Round of 32,Joaquin Aguilar Cardozo,3.0,2.0,1.0,0.0,2,false,finished,True
V0F6:atp:2025/5167/ms029:BU64,V0F6,Nicolas Villalon,M15 Santiago,FU,2025-10-20,R32,Nicolas,Bruna,3-6 4-6,ITF main draw,2025,linked,14924609,1761066000.0,ITF M15 Santiago 6 Men,ITF Men,Round of 32,Nicolas Bruna,3.0,2.0,1.0,0.0,absent,false,finished,False
V0F6:atp:2025/5194/ms006:N0BU,V0F6,Nicolas Villalon,M15 Santiago,FU,2025-11-17,QF,Daniel Antonio,Nunez,6-7(6) 5-7,ITF main draw,2025,unobserved,,,,,,,,,,,,,,False
V0F6:atp:2025/5194/ms012:B0EZ,V0F6,Nicolas Villalon,M15 Santiago,FU,2025-11-17,R16,Ignacio Antonio,Becerra Otarola,6-4 6-4,ITF main draw,2025,linked,15124687,1763647200.0,ITF M15 Santiago 7 Men,ITF Men,Round of 16,Ignacio Antonio Becerra Otarola,3.0,2.0,1.0,0.0,2,false,finished,True
V0F6:atp:2025/5194/ms024:P0NK,V0F6,Nicolas Villalon,M15 Santiago,FU,2025-11-17,R32,Jackson,Pereira Xavier,6-3 6-4,ITF main draw,2025,unobserved,,,,,,,,,,,,,,False
V0F6:atp:2025/2829/qs013:J0EL,V0F6,Nicolas Villalon,Temuco,CH,2025-11-24,Q2,Diego,Jarry Fillol,6-3 4-6 4-6,Challenger qualifying,2025,unobserved,,,,,,,,,,,,,,False
V0F6:atp:2025/5209/ms023:D0IN,V0F6,Nicolas Villalon,M15 Lima,FU,2025-12-08,R32,Ryan,Dickerson,3-6 1-6,ITF main draw,2025,unobserved,,,,,,,,,,,,,,False
V0F6:atp:2025/5211/ms020:C0MH,V0F6,Nicolas Villalon,M15 Lima,FU,2025-12-15,R32,Gerard,Campana Lee,1-6,ITF main draw,2025,unobserved,,,,,,,,,,,,,,False
V0F6:atp:2026/4901/ms013:C0JX,V0F6,Nicolas Villalon,M25 Santiago,FU,2026-01-12,R16,Sean,Cuenin,3-6 6-4 5-7,ITF main draw,2026,linked,15371456,1768482000.0,ITF M25 Santiago Men,ITF Men,Round of 16,Sean Cuenin,3.0,2.0,1.0,0.0,2,false,finished,True
V0F6:atp:2026/4901/ms026:G0NC,V0F6,Nicolas Villalon,M25 Santiago,FU,2026-01-12,R32,Valentino,Grippo,6-2 6-4,ITF main draw,2026,unobserved,,,,,,,,,,,,,,False
V0F6:atp:2026/4631/ms027:A0IK,V0F6,Nicolas Villalon,M25 Santiago,FU,2026-01-19,R32,Luciano Emanuel,Ambrogi,2-6 4-6,ITF main draw,2026,linked,15398955,1768924800.0,ITF M25 Santiago 2 Men,ITF Men,Round of 32,Luciano Emanuel Ambrogi,3.0,2.0,1.0,0.0,absent,false,finished,False
V0F6:atp:2026/9452/ms018:M0OH,V0F6,Nicolas Villalon,Concepcion,CH,2026-01-26,R32,Lautaro,Midon,3-6 6-2 4-6,Challenger main draw,2026,linked,15430153,1769538600.0,"Concepcion, Chile",Challenger,Round of 32,Lautaro Midon,3.0,2.0,1.0,0.0,2,false,finished,True
V0F6:atp:2026/8996/qs014:PH64,V0F6,Nicolas Villalon,Santiago,250,2026-02-23,Q1,Andrea,Pellegrino,3-6 4-6,Tour qualifying,2026,linked,15591958,1771688700.0,"Santiago, Chile, Qualifying",ATP,Qualification Round 1,Andrea Pellegrino,3.0,2.0,1.0,0.0,1,false,finished,True
V0F6:atp:2026/3065/qs012:S0T1,V0F6,Nicolas Villalon,Brasilia,CH,2026-03-02,Q2,Joao Eduardo,Schiessl,2-6 2-6,Challenger qualifying,2026,linked,15641701,1772456400.0,"Brasilia, Brazil, Qualifying",Challenger,Qualification Final,Joao Eduardo Schiessl,3.0,1.0,1.0,0.0,1,false,finished,True
V0F6:atp:2026/3065/qs025:T0CH,V0F6,Nicolas Villalon,Brasilia,CH,2026-03-02,Q1,Rafael,Tosetto,6-4 6-2,Challenger qualifying,2026,linked,15638709,1772376300.0,"Brasilia, Brazil, Qualifying",Challenger,Qualification Round 1,Rafael Tosetto,3.0,2.0,1.0,0.0,2,false,finished,True
V0F6:atp:2026/3406/qs012:V821,V0F6,Nicolas Villalon,Santiago,CH,2026-03-09,Q2,Gonzalo,Villanueva,6-1 0-6 4-6,Challenger qualifying,2026,linked,15687562,1773061200.0,"Santiago, Chile, Qualifying",Challenger,Qualification Final,Gonzalo Villanueva,3.0,1.0,1.0,0.0,2,false,finished,True
V0F6:atp:2026/3406/qs025:D0IN,V0F6,Nicolas Villalon,Santiago,CH,2026-03-09,Q1,Ryan,Dickerson,7-5 6-4,Challenger qualifying,2026,linked,15682986,1772981400.0,"Santiago, Chile, Qualifying",Challenger,Qualification Round 1,Ryan Dickerson,3.0,2.0,1.0,0.0,1,false,finished,True
V0F6:atp:2026/5016/ms003:S0EK,V0F6,Nicolas Villalon,Bucaramanga (Floridablanca),CH,2026-03-23,SF,Matias,Soto,3-6 3-6,Challenger main draw,2026,linked,15808096,1774636800.0,"Bucaramanga, Colombia",Challenger,Semifinals,Matias Soto,3.0,2.0,1.0,0.0,2,false,finished,True
V0F6:atp:2026/5016/ms006:L0GR,V0F6,Nicolas Villalon,Bucaramanga (Floridablanca),CH,2026-03-23,QF,Juan Manuel,La Serna,4-6 7-5 6-4,Challenger main draw,2026,linked,15808101,1774546200.0,"Bucaramanga, Colombia",Challenger,Quarterfinals,Juan Manuel La Serna,3.0,2.0,1.0,0.0,1,false,finished,True
V0F6:atp:2026/5016/ms012:J620,V0F6,Nicolas Villalon,Bucaramanga (Floridablanca),CH,2026-03-23,R16,Maxime,Janvier,6-4 6-1,Challenger main draw,2026,linked,15808095,1774459800.0,"Bucaramanga, Colombia",Challenger,Round of 16,Maxime Janvier,3.0,2.0,1.0,0.0,1,false,finished,True
V0F6:atp:2026/5016/ms025:O659,V0F6,Nicolas Villalon,Bucaramanga (Floridablanca),CH,2026-03-23,R32,Vladyslav,Orlov,7-5 7-5,Challenger main draw,2026,linked,15857389,1774375200.0,"Bucaramanga, Colombia",Challenger,Round of 32,Vladyslav Orlov,3.0,2.0,1.0,0.0,1,false,finished,True
V0F6:atp:2026/5016/qs012:R0EK,V0F6,Nicolas Villalon,Bucaramanga (Floridablanca),CH,2026-03-23,Q2,Natan,Rodrigues,7-6(2) 0-1,Challenger qualifying,2026,linked,15849791,1774278000.0,"Bucaramanga, Colombia, Qualifying",Challenger,Qualification Final,Natan Rodrigues,3.0,1.0,1.0,0.0,2,false,finished,True
V0F6:atp:2026/5016/qs025:R0ER,V0F6,Nicolas Villalon,Bucaramanga (Floridablanca),CH,2026-03-23,Q1,Nicolas Esteban,Rico Arias,6-0 6-4,Challenger qualifying,2026,linked,15845963,1774193400.0,"Bucaramanga, Colombia, Qualifying",Challenger,Qualification Round 1,Nicolas Esteban Rico Arias,3.0,2.0,1.0,0.0,2,false,finished,True
V0F6:atp:2026/6307/qs011:F0FL,V0F6,Nicolas Villalon,Campinas,CH,2026-04-06,Q2,Bruno,Fernandez,0-6 2-6,Challenger qualifying,2026,linked,15954968,1775482200.0,"Campinas, Brazil, Qualifying",Challenger,Qualification Final,Bruno Fernandez,3.0,1.0,1.0,0.0,1,false,finished,True
V0F6:atp:2026/6307/qs023:I0CL,V0F6,Nicolas Villalon,Campinas,CH,2026-04-06,Q1,Marcco,Iannoni,6-3 6-1,Challenger qualifying,2026,linked,15950561,1775400300.0,"Campinas, Brazil, Qualifying",Challenger,Qualification Round 1,Marcco Iannoni,3.0,2.0,1.0,0.0,2,false,finished,True
V0F6:atp:2026/9479/ms009:RH59,V0F6,Nicolas Villalon,Santa Cruz de la Sierra,CH,2026-04-13,R16,Santiago,Rodriguez Taverna,6-7(5) 6-3 6-7(4),Challenger main draw,2026,unobserved,,,,,,,,,,,,,,False
V0F6:atp:2026/9479/ms018:D0DK,V0F6,Nicolas Villalon,Santa Cruz de la Sierra,CH,2026-04-13,R32,Santiago,De La Fuente,6-4 7-5,Challenger main draw,2026,unobserved,,,,,,,,,,,,,,False
V0F6:atp:2026/9479/qs008:S0JB,V0F6,Nicolas Villalon,Santa Cruz de la Sierra,CH,2026-04-13,Q2,Noah,Schachter,6-4 6-3,Challenger qualifying,2026,unobserved,,,,,,,,,,,,,,False
V0F6:atp:2026/9479/qs017:R0O5,V0F6,Nicolas Villalon,Santa Cruz de la Sierra,CH,2026-04-13,Q1,Matias,Rivero,6-2 6-0,Challenger qualifying,2026,linked,15993971,1776027600.0,"Santa Cruz, Bolivia, Qualifying",Challenger,Qualification Round 1,Matias Rivero,3.0,2.0,1.0,0.0,2,false,finished,True
V0F6:atp:2026/5277/ms010:V0IZ,V0F6,Nicolas Villalon,M15 Quito,FU,2026-04-20,R16,Angel,Veliz,2-6 2-6,ITF main draw,2026,unobserved,,,,,,,,,,,,,,False
V0F6:atp:2026/5277/ms020:R0ER,V0F6,Nicolas Villalon,M15 Quito,FU,2026-04-20,R32,Nicolas Esteban,Rico Arias,6-3 7-5,ITF main draw,2026,unobserved,,,,,,,,,,,,,,False
V0F6:atp:2026/2923/qs009:T0AF,V0F6,Nicolas Villalon,Santos,CH,2026-05-04,Q2,Fermin,Tenti,1-6 6-4 4-6,Challenger qualifying,2026,unobserved,,,,,,,,,,,,,,False
V0F6:atp:2026/2923/qs018:B0NA,V0F6,Nicolas Villalon,Santos,CH,2026-05-04,Q1,Victor,Braga,6-0 6-2,Challenger qualifying,2026,unobserved,,,,,,,,,,,,,,False
V0F6:atp:2026/2981/qs008:C0GK,V0F6,Nicolas Villalon,Cordoba,CH,2026-05-11,Q2,Thiago,Cigarran,6-1 6-7(0) 4-6,Challenger qualifying,2026,unobserved,,,,,,,,,,,,,,False
V0F6:atp:2026/5118/ms024:D0AR,V0F6,Nicolas Villalon,M25 Cuiaba,FU,2026-06-01,R32,Mateus,Alves,3-6 3-6,ITF main draw,2026,linked,16268408,1780436117.0,ITF M25 Cuiaba Men,ITF Men,Round of 32,Mateus Alves,3.0,2.0,1.0,0.0,absent,false,finished,False
V0F6:atp:2026/2927/ms024:R0BC,V0F6,Nicolas Villalon,San Miguel de Tucuman,CH,2026-06-08,R32,Lorenzo Joaquin,Rodriguez,2-6 7-6(5) 3-6,Challenger main draw,2026,linked,16301261,1781096400.0,"San Miguel de Tucuman, Argentina",Challenger,Round of 32,Lorenzo Joaquin Rodriguez,3.0,2.0,1.0,0.0,2,false,finished,True
V0F6:atp:2026/2927/qs009:M0IG,V0F6,Nicolas Villalon,San Miguel de Tucuman,CH,2026-06-08,Q2,Ezequiel,Monferrer,7-6(4) 6-4,Challenger qualifying,2026,linked,16292770,1781018100.0,"San Miguel de Tucuman, Argentina, Qualifying",Challenger,Qualification Final,Ezequiel Monferrer,3.0,1.0,1.0,0.0,2,false,finished,True
V0F6:atp:2026/2927/qs018:Z0CM,V0F6,Nicolas Villalon,San Miguel de Tucuman,CH,2026-06-08,Q1,Gonzalo,Zeitune,5-7 6-4 7-5,Challenger qualifying,2026,linked,16288111,1780857000.0,"San Miguel de Tucuman, Argentina, Qualifying",Challenger,Qualification Round 1,Gonzalo Zeitune,3.0,2.0,1.0,0.0,2,false,finished,True
V0F6:atp:2026/2835/ms021:V821,V0F6,Nicolas Villalon,Piracicaba,CH,2026-06-22,R32,Gonzalo,Villanueva,6-1 3-6 1-6,Challenger main draw,2026,linked,16370542,1782160200.0,"Piracicaba, Brazil",Challenger,Round of 32,Gonzalo Villanueva,3.0,2.0,1.0,0.0,1,false,finished,True
V0F6:atp:2026/7389/qs020:P0D4,V0F6,Nicolas Villalon,Bogota,CH,2026-07-06,Q1,Brandon,Perez,2-6 2-6,Challenger qualifying,2026,linked,16446146,1783281900.0,"Bogota, Colombia, Qualifying",Challenger,Qualification Round 1,Brandon Perez,3.0,2.0,1.0,0.0,2,false,finished,True
V0F6:atp:2026/5319/ms009:C0JU,V0F6,Nicolas Villalon,M15 Sao Paulo,FU,2026-07-27,R16,Enzo,Camargo Lima,7-6(6) 6-7(4) 3-6,ITF main draw,2026,linked,16669049,1785420849.0,ITF M15 Sao Paulo Men,ITF Men,Round of 16,Enzo Camargo Lima,3.0,2.0,1.0,0.0,absent,false,finished,False
V0F6:atp:2026/5319/ms019:L0NQ,V0F6,Nicolas Villalon,M15 Sao Paulo,FU,2026-07-27,R32,Tomas Jordi,Leston,6-4 6-1,ITF main draw,2026,linked,16659731,1785341650.0,ITF M15 Sao Paulo Men,ITF Men,Round of 32,Tomás Jordi Leston,3.0,2.0,1.0,0.0,absent,false,finished,False
V0F6:atp:2026/5154/ms023:S0T1,V0F6,Nicolas Villalon,M25 Londrina,FU,2026-08-03,R32,Joao Eduardo,Schiessl,2-6 3-6,ITF main draw,2026,unobserved,,,,,,,,,,,,,,False
V0F6:atp:2026/4804/ms013:E0DP,V0F6,Nicolas Villalon,M15 Asuncion,FU,2026-08-10,R16,Maxwell,Exsted,6-4 1-6 2-6,ITF main draw,2026,unobserved,,,,,,,,,,,,,,False
V0F6:atp:2026/4804/ms027:P0PJ,V0F6,Nicolas Villalon,M15 Asuncion,FU,2026-08-10,R32,Benjamin,Perez,6-4 0-6 6-2,ITF main draw,2026,unobserved,,,,,,,,,,,,,,False
V0F6:atp:2026/4852/ms010:C0H5,V0F6,Nicolas Villalon,M15 Asuncion,FU,2026-08-17,R16,Julian,Cundom,6-0 2-6 1-6,ITF main draw,2026,unobserved,,,,,,,,,,,,,,False
V0F6:atp:2026/4852/ms020:BU64,V0F6,Nicolas Villalon,M15 Asuncion,FU,2026-08-17,R32,Nicolas,Bruna,3-6 7-5 6-2,ITF main draw,2026,unobserved,,,,,,,,,,,,,,False
V0F6:atp:2026/4663/ms015:A0K2,V0F6,Nicolas Villalon,M15 Trelew,FU,2026-08-31,R16,Federico,Aguilar Cardozo,5-7 7-6(4) 5-7,ITF main draw,2026,unobserved,,,,,,,,,,,,,,False
V0F6:atp:2026/4663/ms031:V0HB,V0F6,Nicolas Villalon,M15 Trelew,FU,2026-08-31,R32,Rocco,Valente,6-3 7-5,ITF main draw,2026,unobserved,,,,,,,,,,,,,,False
W09E:atp:2015/3376/ms019:TA04,W09E,Adam Walton,Australia F7,FU,2015-10-05,R32,Finn,Tearney,0-6 1-6,ITF main draw,2015,linked,6923818,1444180800.0,"Australia F7, Singles",ITF Men,1/16-finals (R32),Finn Tearney,3.0,0.0,1.0,0.0,2,false,finished,True
W09E:atp:2015/3389/ms017:MM79,W09E,Adam Walton,Australia F9,FU,2015-10-19,R32,Blake,Mott,2-6 2-6,ITF main draw,2015,linked,6934242,1445396400.0,"Australia F9, Singles",ITF Men,Round of 32,Blake Mott,3.0,2.0,1.0,0.0,1,false,finished,True
W09E:atp:2016/7393/qs017:TD23,W09E,Adam Walton,Canberra,CH,2016-01-11,Q1,Brian,Tran,6-7(9) 2-6,Challenger qualifying,2016,linked,6979045,1452294000.0,"Canberra, Australia, Qualifying",Challenger,Qualification,Brian Tran,3.0,1.0,1.0,0.0,absent,false,finished,False
W09E:atp:2016/380/ms025:BU58,W09E,Adam Walton,Australia F1,FU,2016-02-22,R32,Mislav,Bosnjak,6-3 3-6 4-6,ITF main draw,2016,linked,7011314,1456184400.0,"Australia F1, Singles",ITF Men,absent,Mislav Bosnjak,3.0,0.0,1.0,0.0,1,false,finished,True
W09E:atp:2016/1515/ms011:J393,W09E,Adam Walton,Australia F6,FU,2016-09-26,R16,Jarmere,Jenkins,3-6 1-6,ITF main draw,2016,unobserved,,,,,,,,,,,,,,False
W09E:atp:2016/1515/ms022:E0A5,W09E,Adam Walton,Australia F6,FU,2016-09-26,R32,Nathan,Eshmade,2-6 6-4 7-6(5),ITF main draw,2016,linked,7234492,1474934400.0,"Australia F6, Singles",ITF Men,absent,Nathan Eshmade,3.0,0.0,1.0,0.0,2,false,finished,True
W09E:atp:2016/3376/ms011:PH71,W09E,Adam Walton,Australia F7,FU,2016-10-03,R16,Max,Purcell,4-6 4-6,ITF main draw,2016,linked,7244069,1475718900.0,"Australia F7, Singles",ITF Men,absent,Max Purcell,3.0,0.0,1.0,0.0,1,false,finished,True
W09E:atp:2016/3376/ms022:F034,W09E,Adam Walton,Australia F7,FU,2016-10-03,R32,Patrick,Flynn,6-3 6-1,ITF main draw,2016,unobserved,,,,,,,,,,,,,,False
W09E:atp:2017/363/qs019:SN44,W09E,Adam Walton,Knoxville,CH,2017-11-06,Q1,Bruno,Santanna,4-6 3-6,Challenger qualifying,2017,linked,7637848,1509898800.0,"Knoxville, USA, Qualifying",Challenger,Qualification,Bruno Santanna,3.0,1.0,1.0,0.0,absent,false,finished,False
W09E:atp:2019/382/ms001:G0AB,W09E,Adam Walton,M15 Champaign,FU,2019-09-09,F,Axel,Geller,3-6 6-4 3-6,ITF main draw,2019,linked,8410356,1568563200.0,"Champaign, Singles M-ITF-USA-27A",ITF Men,Final,Axel Geller,3.0,2.0,1.0,0.0,2,false,finished,True
W09E:atp:2019/382/ms002:P0DF,W09E,Adam Walton,M15 Champaign,FU,2019-09-09,SF,Matheus,Pucinelli De Almeida,4-6 6-3 6-3,ITF main draw,2019,linked,8409702,1568476800.0,"Champaign, Singles M-ITF-USA-27A",ITF Men,Semifinals,Matheus Pucinelli de Almeida,3.0,2.0,1.0,0.0,absent,false,finished,False
W09E:atp:2019/382/ms005:F974,W09E,Adam Walton,M15 Champaign,FU,2019-09-09,QF,Tom,Fawcett,6-2 6-2,ITF main draw,2019,linked,8408891,1568406600.0,"Champaign, Singles M-ITF-USA-27A",ITF Men,Quarterfinals,Tom Fawcett,3.0,2.0,1.0,0.0,1,false,finished,True
W09E:atp:2019/382/ms010:CF10,W09E,Adam Walton,M15 Champaign,FU,2019-09-09,R16,Nick,Chappell,4-6 6-4 6-0,ITF main draw,2019,linked,8408036,1568318700.0,"Champaign, Singles M-ITF-USA-27A",ITF Men,Round of 16,Nick Chappell,3.0,2.0,1.0,0.0,absent,false,finished,False
W09E:atp:2019/382/ms021:KI26,W09E,Adam Walton,M15 Champaign,FU,2019-09-09,R32,Noe,Khlif,6-0 6-2,ITF main draw,2019,linked,8406854,1568238000.0,"Champaign, Singles M-ITF-USA-27A",ITF Men,Round of 32,Noe Khlif,3.0,2.0,1.0,0.0,2,false,finished,True
W09E:atp:2021/710/ms030:Z0AK,W09E,Adam Walton,"M15 Champaign, IL",FU,2021-09-13,R32,Tyler,Zink,3-6 6-7(4),ITF main draw,2021,unobserved,,,,,,,,,,,,,,False
W09E:atp:2021/363/ms031:AE14,W09E,Adam Walton,Knoxville,CH,2021-11-08,R32,Daniel,Altmaier,3-6 2-6,Challenger main draw,2021,unobserved,,,,,,,,,,,,,,False
W09E:atp:2022/734/ms016:SZ28,W09E,Adam Walton,M15 South Bend,FU,2022-06-20,R32,Kyle,Seelig,6-7(3) 2-6,ITF main draw,2022,unobserved,,,,,,,,,,,,,,False
W09E:atp:2022/535/ms001:TC01,W09E,Adam Walton,M15 Waco,FU,2022-07-04,F,Li,Tu,7-5 0-6 6-1,ITF main draw,2022,linked,10449906,1657459800.0,"Usa F21, Singles",ITF Men,Final,Li Tu,3.0,2.0,0.0,0.0,2,false,finished,True
W09E:atp:2022/535/ms003:M0ON,W09E,Adam Walton,M15 Waco,FU,2022-07-04,SF,Johannus,Monday,6-3 6-2,ITF main draw,2022,linked,10447422,1657373400.0,"Usa F21, Singles",ITF Men,Semifinals,Johannus Monday,3.0,2.0,0.0,0.0,1,false,finished,True
W09E:atp:2022/535/ms006:HH42,W09E,Adam Walton,M15 Waco,FU,2022-07-04,QF,Chih Chi,Huang,6-1 6-2,ITF main draw,2022,linked,10445291,1657287000.0,"Usa F21, Singles",ITF Men,Quarterfinals,Chih Chi Huang,3.0,2.0,0.0,0.0,2,false,finished,True
W09E:atp:2022/535/ms012:I426,W09E,Adam Walton,M15 Waco,FU,2022-07-04,R16,Masamichi,Imamura,6-1 6-4,ITF main draw,2022,linked,10441412,1657200600.0,"Usa F21, Singles",ITF Men,Round of 16,Masamichi Imamura,3.0,2.0,0.0,0.0,2,false,finished,True
W09E:atp:2022/535/ms025:W0AJ,W09E,Adam Walton,M15 Waco,FU,2022-07-04,R32,Seita,Watanabe,6-2 6-3,ITF main draw,2022,linked,10437584,1657114200.0,"Usa F21, Singles",ITF Men,Round of 32,Seita Watanabe,3.0,2.0,0.0,0.0,1,false,finished,True
W09E:atp:2022/8273/ms001:Y223,W09E,Adam Walton,M15 Cancun,FU,2022-07-11,F,Fernando,Yamacita,6-4 6-1,ITF main draw,2022,linked,10486984,1658068200.0,"Cancun, 2022 Mexico F10, Singles Qualifying",ITF Men,Final,Fernando Yamacita,3.0,0.0,1.0,0.0,1,false,finished,True
W09E:atp:2022/8273/ms002:I426,W09E,Adam Walton,M15 Cancun,FU,2022-07-11,SF,Masamichi,Imamura,6-3 6-3,ITF main draw,2022,linked,10484909,1657980000.0,"Cancun, 2022 Mexico F10, Singles Qualifying",ITF Men,Semifinals,Masamichi Imamura,3.0,0.0,1.0,0.0,1,false,finished,True
W09E:atp:2022/8273/ms005:S0EK,W09E,Adam Walton,M15 Cancun,FU,2022-07-11,QF,Matias,Soto,7-6(5) 6-2,ITF main draw,2022,linked,10468403,1657893600.0,"Cancun, 2022 Mexico F10, Singles Qualifying",ITF Men,Quarterfinals,Matias Soto,3.0,2.0,1.0,0.0,1,false,finished,True
W09E:atp:2022/8273/ms010:O09L,W09E,Adam Walton,M15 Cancun,FU,2022-07-11,R16,Christian,Oliveira,6-1 6-1,ITF main draw,2022,linked,10463803,1657807200.0,"Cancun, 2022 Mexico F10, Singles Qualifying",ITF Men,Round of 16,Cristian Oliveira,1.0,0.0,1.0,0.0,2,false,finished,True
W09E:atp:2022/8273/ms020:F0BV,W09E,Adam Walton,M15 Cancun,FU,2022-07-11,R32,Tomas,Farjat,6-0 6-1,ITF main draw,2022,linked,10456040,1657720800.0,"Cancun, 2022 Mexico F10, Singles Qualifying",ITF Men,Round of 32,Tomas Farjat,3.0,0.0,1.0,0.0,2,false,finished,True
W09E:atp:2022/4134/ms003:S0EK,W09E,Adam Walton,M15 Cancun,FU,2022-07-18,SF,Matias,Soto,4-6 6-1 4-6,ITF main draw,2022,unobserved,,,,,,,,,,,,,,False
W09E:atp:2022/4134/ms007:AB70,W09E,Adam Walton,M15 Cancun,FU,2022-07-18,QF,Ivar Jose,Aramburu Contreras,6-0 6-0,ITF main draw,2022,unobserved,,,,,,,,,,,,,,False
W09E:atp:2022/4134/ms015:GB41,W09E,Adam Walton,M15 Cancun,FU,2022-07-18,R16,Juan Sebastian,Gomez,6-2 6-3,ITF main draw,2022,unobserved,,,,,,,,,,,,,,False
W09E:atp:2022/4134/ms030:B0I5,W09E,Adam Walton,M15 Cancun,FU,2022-07-18,R32,Blaise,Bicknell,6-0 6-1,ITF main draw,2022,unobserved,,,,,,,,,,,,,,False
W09E:atp:2022/4156/ms002:A0B6,W09E,Adam Walton,M15 Cancun,FU,2022-08-08,SF,Jaimee Floyd,Angele,4-6 2-6,ITF main draw,2022,unobserved,,,,,,,,,,,,,,False
W09E:atp:2022/4156/ms005:Z0AK,W09E,Adam Walton,M15 Cancun,FU,2022-08-08,QF,Tyler,Zink,6-4 6-4,ITF main draw,2022,unobserved,,,,,,,,,,,,,,False
W09E:atp:2022/4156/ms010:R0F1,W09E,Adam Walton,M15 Cancun,FU,2022-08-08,R16,Johan Alexander,Rodriguez,6-1 6-4,ITF main draw,2022,unobserved,,,,,,,,,,,,,,False
W09E:atp:2022/4156/ms020:WB36,W09E,Adam Walton,M15 Cancun,FU,2022-08-08,R32,Chukang,Wang,6-3 6-4,ITF main draw,2022,unobserved,,,,,,,,,,,,,,False
W09E:atp:2022/4161/ms001:PG56,W09E,Adam Walton,M15 Cancun,FU,2022-08-15,F,Jorge,Panta,6-1 3-6 4-6,ITF main draw,2022,linked,10612198,1661094000.0,"Cancun, Singles Main, M-ITF-MEX-15A",ITF Men,Final,Jorge Brian Panta,2.0,2.0,1.0,0.0,2,false,finished,True
W09E:atp:2022/4161/ms002:A0B6,W09E,Adam Walton,M15 Cancun,FU,2022-08-15,SF,Jaimee Floyd,Angele,7-5 6-3,ITF main draw,2022,linked,10608383,1661007600.0,"Cancun, Singles Main, M-ITF-MEX-15A",ITF Men,Semifinals,Jaimee Floyd Angele,3.0,2.0,1.0,0.0,2,false,finished,True
W09E:atp:2022/4161/ms005:RH88,W09E,Adam Walton,M15 Cancun,FU,2022-08-15,QF,Alan Fernando,Rubio Fierros,6-1 6-1,ITF main draw,2022,linked,10605546,1660919400.0,"Cancun, Singles Main, M-ITF-MEX-15A",ITF Men,Quarterfinals,Alan Fernando Rubio Fierros,3.0,2.0,1.0,0.0,1,false,finished,True
W09E:atp:2022/4161/ms010:A0IY,W09E,Adam Walton,M15 Cancun,FU,2022-08-15,R16,Luis Carlos,Alvarez,6-1 6-2,ITF main draw,2022,linked,10600091,1660831200.0,"Cancun, Singles Main, M-ITF-MEX-15A",ITF Men,Round of 16,Luis Carlos Alvarez Valdes,2.0,2.0,1.0,0.0,1,false,finished,True
W09E:atp:2022/4161/ms020:S0WP,W09E,Adam Walton,M15 Cancun,FU,2022-08-15,R32,Sebastian Rafael,Sotelo,6-4 6-2,ITF main draw,2022,linked,10592739,1660746600.0,"Cancun, Singles Main, M-ITF-MEX-15A",ITF Men,Round of 32,Sebastian Rafael Sotelo,3.0,2.0,1.0,0.0,1,false,finished,True
W09E:atp:2022/4171/ms001:AG08,W09E,Adam Walton,M15 Cancun,FU,2022-08-22,F,Andy,Andrade,7-6(3) 2-6 6-3,ITF main draw,2022,linked,10642881,1661695200.0,"Cancun, Singles Main, M-ITF-MEX-16A",ITF Men,Final,Andres Andrade,1.0,2.0,1.0,0.0,2,false,finished,True
W09E:atp:2022/4171/ms002:HH32,W09E,Adam Walton,M15 Cancun,FU,2022-08-22,SF,Alejandro,Hoyos,6-2 6-1,ITF main draw,2022,linked,10638354,1661612400.0,"Cancun, Singles Main, M-ITF-MEX-16A",ITF Men,Semifinals,Alejandro Hoyos Franco,2.0,2.0,1.0,0.0,1,false,finished,True
W09E:atp:2022/4171/ms004:CJ60,W09E,Adam Walton,M15 Cancun,FU,2022-08-22,QF,Alexandr,Cozbinov,7-6(5) 6-1,ITF main draw,2022,linked,10635489,1661534100.0,"Cancun, Singles Main, M-ITF-MEX-16A",ITF Men,Quarterfinals,Alexandr Cozbinov,3.0,2.0,1.0,0.0,2,false,finished,True
W09E:atp:2022/4171/ms009:RH88,W09E,Adam Walton,M15 Cancun,FU,2022-08-22,R16,Alan Fernando,Rubio Fierros,6-3 6-2,ITF main draw,2022,linked,10628595,1661443200.0,"Cancun, Singles Main, M-ITF-MEX-16A",ITF Men,Round of 16,Alan Fernando Rubio Fierros,3.0,2.0,1.0,0.0,1,false,finished,True
W09E:atp:2022/4171/ms019:W0AK,W09E,Adam Walton,M15 Cancun,FU,2022-08-22,R32,Emmett,Ward IV,6-1 6-1,ITF main draw,2022,linked,10619139,1661364600.0,"Cancun, Singles Main, M-ITF-MEX-16A",ITF Men,Round of 32,Emmett Ward,2.0,2.0,1.0,0.0,1,false,finished,True
W09E:atp:2022/4186/ms005:M0OQ,W09E,Adam Walton,M25 Darwin,FU,2022-09-12,QF,James,McCabe,3-6 6-7(3),ITF main draw,2022,unobserved,,,,,,,,,,,,,,False
W09E:atp:2022/4186/ms011:EA27,W09E,Adam Walton,M25 Darwin,FU,2022-09-12,R16,Blake,Ellis,3-6 6-2 6-4,ITF main draw,2022,unobserved,,,,,,,,,,,,,,False
W09E:atp:2022/4186/ms023:P0LA,W09E,Adam Walton,M25 Darwin,FU,2022-09-12,R32,Thomas,Patton,6-3 6-2,ITF main draw,2022,linked,10683870,1663133400.0,"Darwin, Singles Main, M-ITF-AUS-09A",ITF Men,Round of 32,Thomas Patton,3.0,2.0,1.0,0.0,1,false,finished,True
W09E:atp:2022/4192/ms003:S0IA,W09E,Adam Walton,M25 Darwin,FU,2022-09-19,SF,Dane,Sweeny,6-7(4) 7-6(8) 6-7(5),ITF main draw,2022,unobserved,,,,,,,,,,,,,,False
W09E:atp:2022/4192/ms006:M0OQ,W09E,Adam Walton,M25 Darwin,FU,2022-09-19,QF,James,McCabe,6-4 3-6 6-0,ITF main draw,2022,unobserved,,,,,,,,,,,,,,False
W09E:atp:2022/4192/ms012:C0MS,W09E,Adam Walton,M25 Darwin,FU,2022-09-19,R16,Ethan,Cook,6-2 6-3,ITF main draw,2022,unobserved,,,,,,,,,,,,,,False
W09E:atp:2022/4192/ms024:M0CE,W09E,Adam Walton,M25 Darwin,FU,2022-09-19,R32,Arjun,Mehrotra,3-1,ITF main draw,2022,unobserved,,,,,,,,,,,,,,False
W09E:atp:2022/4227/ms002:BI81,W09E,Adam Walton,M25 Cairns,FU,2022-10-03,SF,Alex,Bolt,3-6 7-5 4-6,ITF main draw,2022,linked,10745159,1665196800.0,"Cairns, Singles Main, M-ITF-AUS-11A",ITF Men,Semifinals,Alex Bolt,3.0,2.0,1.0,0.0,1,false,finished,True
W09E:atp:2022/4227/ms005:M0OQ,W09E,Adam Walton,M25 Cairns,FU,2022-10-03,QF,James,McCabe,6-4 7-6(2),ITF main draw,2022,linked,10739060,1665104400.0,"Cairns, Singles Main, M-ITF-AUS-11A",ITF Men,Quarterfinals,James McCabe,3.0,2.0,1.0,0.0,1,false,finished,True
W09E:atp:2022/4227/ms011:DC38,W09E,Adam Walton,M25 Cairns,FU,2022-10-03,R16,Jake,Delaney,6-7(5) 6-3 6-0,ITF main draw,2022,linked,10737636,1665014400.0,"Cairns, Singles Main, M-ITF-AUS-11A",ITF Men,Round of 16,Jake Delaney,3.0,2.0,1.0,0.0,2,false,finished,True
W09E:atp:2022/4227/ms023:V0D2,W09E,Adam Walton,M25 Cairns,FU,2022-10-03,R32,Nikita,Volonski,6-3 6-4,ITF main draw,2022,linked,10735361,1664939100.0,"Cairns, Singles Main, M-ITF-AUS-11A",ITF Men,Round of 32,Nikita Volonski,3.0,2.0,1.0,0.0,2,false,finished,True
W09E:atp:2022/4235/ms005:SZ28,W09E,Adam Walton,M25 Cairns,FU,2022-10-10,QF,Kyle,Seelig,4-6 2-6,ITF main draw,2022,linked,10763614,1665705600.0,"Cairns, Singles Main, M-ITF-AUS-12A",ITF Men,Quarterfinals,Kyle Seelig,3.0,2.0,1.0,0.0,1,false,finished,True
W09E:atp:2022/4235/ms011:S0TQ,W09E,Adam Walton,M25 Cairns,FU,2022-10-10,R16,Rhys,Searant,2-1,ITF main draw,2022,linked,10756058,1665641700.0,"Cairns, Singles Main, M-ITF-AUS-12A",ITF Men,Round of 16,Rhys Searant,3.0,2.0,1.0,0.0,2,false,finished,True
W09E:atp:2022/4235/ms023:G0KI,W09E,Adam Walton,M25 Cairns,FU,2022-10-10,R32,Thomas Nicholas,Gadecki,6-1 6-1,ITF main draw,2022,linked,10753742,1665536400.0,"Cairns, Singles Main, M-ITF-AUS-12A",ITF Men,Round of 32,Thomas Nicholas Gadecki,3.0,2.0,1.0,0.0,2,false,finished,True
W09E:atp:2022/7586/ms029:R0DC,W09E,Adam Walton,Playford,CH,2022-10-24,R32,Ajeet,Rai,6-2 3-6 5-7,Challenger main draw,2022,linked,10839481,1666740600.0,"Playford, Australia",Challenger,Round of 32,Ajeet Rai,3.0,2.0,1.0,0.0,absent,false,finished,False
W09E:atp:2022/2817/ms006:G09C,W09E,Adam Walton,Sydney,CH,2022-10-31,QF,Marek,Gengel,2-6 0-6,Challenger main draw,2022,linked,10841762,1667526600.0,"Sydney, Australia",Challenger,Quarterfinals,Marek Gengel,3.0,2.0,1.0,0.0,absent,false,finished,False
W09E:atp:2022/2817/ms013:V832,W09E,Adam Walton,Sydney,CH,2022-10-31,R16,Aleksandar,Vukic,7-6(8) 6-1,Challenger main draw,2022,linked,10841759,1667345400.0,"Sydney, Australia",Challenger,Round of 16,Aleksandar Vukić,3.0,2.0,1.0,0.0,absent,false,finished,False
W09E:atp:2022/2817/ms026:EA27,W09E,Adam Walton,Sydney,CH,2022-10-31,R32,Blake,Ellis,4-6 6-3 7-6(5),Challenger main draw,2022,linked,10846600,1667184300.0,"Sydney, Australia",Challenger,Round of 32,Blake Ellis,3.0,2.0,1.0,0.0,absent,false,finished,False
W09E:atp:2022/363/ms018:S0K7,W09E,Adam Walton,Knoxville,CH,2022-11-07,R32,Zachary,Svajda,4-6 6-4 3-6,Challenger main draw,2022,linked,10863574,1667947200.0,"Knoxville,USA",Challenger,Round of 32,Zachary Svajda,3.0,2.0,1.0,0.0,absent,false,finished,False
W09E:atp:2022/637/ms020:E865,W09E,Adam Walton,Champaign,CH,2022-11-14,R32,Christopher,Eubanks,3-6 3-6,Challenger main draw,2022,unobserved,,,,,,,,,,,,,,False
W09E:atp:2023/7393/qs024:CG94,W09E,Adam Walton,Canberra,CH,2023-01-02,Q1,Enzo,Couacaud,6-3 1-6 2-6,Challenger qualifying,2023,unobserved,,,,,,,,,,,,,,False
W09E:atp:2023/580/qs058:G967,W09E,Adam Walton,Australian Open,GS,2023-01-16,Q2,Peter,Gojowczyk,6-2 2-6 4-6,Tour qualifying,2023,unobserved,,,,,,,,,,,,,,False
W09E:atp:2023/580/qs116:A596,W09E,Adam Walton,Australian Open,GS,2023-01-16,Q1,Pablo,Andujar,6-1 6-2,Tour qualifying,2023,unobserved,,,,,,,,,,,,,,False
W09E:atp:2023/5018/ms005:PG94,W09E,Adam Walton,Burnie,CH,2023-01-30,QF,Marc,Polmans,3-6 3-6,Challenger main draw,2023,unobserved,,,,,,,,,,,,,,False
W09E:atp:2023/5018/ms011:SL92,W09E,Adam Walton,Burnie,CH,2023-01-30,R16,Shuichi,Sekiguchi,6-3 6-2,Challenger main draw,2023,unobserved,,,,,,,,,,,,,,False
W09E:atp:2023/5018/ms022:M0B2,W09E,Adam Walton,Burnie,CH,2023-01-30,R32,Yuki,Mochizuki,7-5 6-1,Challenger main draw,2023,unobserved,,,,,,,,,,,,,,False
W09E:atp:2023/8175/ms005:N707,W09E,Adam Walton,M25 Burnie,FU,2023-02-06,QF,Naoki,Nakagawa,6-7(6) 3-6,ITF main draw,2023,linked,11050167,1675995600.0,"Burnie, Singles Main, M-ITF-AUS-01A",ITF Men,Quarterfinals,Naoki Nakagawa,3.0,2.0,1.0,0.0,2,false,finished,True
W09E:atp:2023/8175/ms010:SL92,W09E,Adam Walton,M25 Burnie,FU,2023-02-06,R16,Shuichi,Sekiguchi,6-1 6-7(3) 7-6(3),ITF main draw,2023,unobserved,,,,,,,,,,,,,,False
W09E:atp:2023/8175/ms020:O498,W09E,Adam Walton,M25 Burnie,FU,2023-02-06,R32,Issei,Okamura,6-3 6-4,ITF main draw,2023,unobserved,,,,,,,,,,,,,,False
W09E:atp:2023/7197/ms003:SZ28,W09E,Adam Walton,M25 Santo Domingo,FU,2023-02-13,SF,Kyle,Seelig,4-6 2-6,ITF main draw,2023,linked,11084059,1677333600.0,"Santo Domingo, Singles Main, M-ITF-DOM-02A",ITF Men,Semifinals,Kyle Seelig,3.0,2.0,1.0,4.0,2,false,finished,True
W09E:atp:2023/7197/ms006:M0NB,W09E,Adam Walton,M25 Santo Domingo,FU,2023-02-13,QF,Aidan,Mayo,7-5 6-7(3) 7-5,ITF main draw,2023,linked,11065933,1676640600.0,"Santo Domingo, Singles Main, M-ITF-DOM-01A",ITF Men,Quarterfinals,Aidan Mayo,3.0,2.0,1.0,0.0,1,false,finished,True
W09E:atp:2023/7197/ms012:H0C9,W09E,Adam Walton,M25 Santo Domingo,FU,2023-02-13,R16,Arklon,Huertas Del Pino Cordova,6-4 7-5,ITF main draw,2023,linked,11064216,1676561100.0,"Santo Domingo, Singles Main, M-ITF-DOM-01A",ITF Men,Round of 16,Arklon Huertas Del Pino Cordova,3.0,2.0,1.0,0.0,1,false,finished,True
W09E:atp:2023/7197/ms024:B0QW,W09E,Adam Walton,M25 Santo Domingo,FU,2023-02-13,R32,Leanid,Boika,6-3 6-2,ITF main draw,2023,linked,11062572,1676475000.0,"Santo Domingo, Singles Main, M-ITF-DOM-01A",ITF Men,Round of 32,Leanid Boika,3.0,2.0,1.0,0.0,2,false,finished,True
W09E:atp:2023/7468/ms001:BI81,W09E,Adam Walton,M25 Santo Domingo,FU,2023-02-20,F,Alex,Bolt,6-4 1-6 6-7(5),ITF main draw,2023,linked,11086313,1677420000.0,"Santo Domingo, Singles Main, M-ITF-DOM-02A",ITF Men,Final,Alex Bolt,3.0,2.0,1.0,0.0,2,false,finished,True
W09E:atp:2023/7468/ms003:SZ28,W09E,Adam Walton,M25 Santo Domingo,FU,2023-02-20,SF,Kyle,Seelig,6-2 6-3,ITF main draw,2023,linked,11068625,1676728800.0,"Santo Domingo, Singles Main, M-ITF-DOM-01A",ITF Men,Semifinals,Kyle Seelig,3.0,2.0,1.0,0.0,2,false,finished,True
W09E:atp:2023/7468/ms007:SG56,W09E,Adam Walton,M25 Santo Domingo,FU,2023-02-20,QF,Daniel,Dutra da Silva,6-3 6-1,ITF main draw,2023,linked,11082369,1677255300.0,"Santo Domingo, Singles Main, M-ITF-DOM-02A",ITF Men,Quarterfinals,Daniel Dutra Da Silva,3.0,2.0,1.0,0.0,1,false,finished,True
W09E:atp:2023/7468/ms014:R0J0,W09E,Adam Walton,M25 Santo Domingo,FU,2023-02-20,R16,Yannik,Rahman,6-0 6-2,ITF main draw,2023,linked,11080094,1677172200.0,"Santo Domingo, Singles Main, M-ITF-DOM-02A",ITF Men,Round of 16,Yannik Rahman,3.0,2.0,1.0,0.0,1,false,finished,True
W09E:atp:2023/7468/ms028:BP79,W09E,Adam Walton,M25 Santo Domingo,FU,2023-02-20,R32,Peter,Bertran,6-7(3) 6-4 6-3,ITF main draw,2023,linked,11075704,1677078000.0,"Santo Domingo, Singles Main, M-ITF-DOM-02A",ITF Men,Round of 32,Peter Bertran,3.0,2.0,1.0,0.0,1,false,finished,True
W09E:atp:2023/7911/qs023:D0DT,W09E,Adam Walton,Puerto Vallarta,CH,2023-03-06,Q1,Martin,Damm,6-7(6) 3-6,Challenger qualifying,2023,linked,11105387,1678057200.0,"Puerto Vallarta, Mexico, Qualifying",Challenger,Qualification round 1,Martin Damm Jr,2.0,2.0,1.0,0.0,absent,false,finished,False
W09E:atp:2023/8191/ms020:K0HL,W09E,Adam Walton,"M25 Bakersfield, CA",FU,2023-03-13,R32,Kyle,Kang,3-6 4-6,ITF main draw,2023,linked,11128232,1678906800.0,"Bakersfield, Singles Main, M-ITF-USA-08A",ITF Men,Round of 32,Kyle Kang,3.0,2.0,1.0,0.0,2,false,finished,True
W09E:atp:2023/8201/ms031:R0D3,W09E,Adam Walton,"M25 Calabasas, CA",FU,2023-03-20,R32,Andrew,Rogers,2-6 6-3 7-10,ITF main draw,2023,linked,11153196,1679605200.0,"Calabasas, Singles Main, M-ITF-USA-09A",ITF Men,Round of 32,Andrew Rogers,3.0,2.0,1.0,0.0,absent,false,finished,False
W09E:atp:2023/213/ms018:R0A7,W09E,Adam Walton,San Luis Potosi,CH,2023-04-03,R32,Joao Lucas,Reis Da Silva,1-6 6-3 4-6,Challenger main draw,2023,linked,11185153,1680561000.0,"San Luis Potosi, Mexico",Challenger,Round of 32,Joao Lucas Reis da Silva,3.0,2.0,1.0,0.0,absent,false,finished,False
W09E:atp:2023/2867/ms013:BP41,W09E,Adam Walton,Leon,CH,2023-04-10,R16,Antoine,Bellier,6-7(1) 6-7(5),Challenger main draw,2023,unobserved,,,,,,,,,,,,,,False
W09E:atp:2023/2867/ms026:V0DP,W09E,Adam Walton,Leon,CH,2023-04-10,R32,Adolfo Daniel,Vallejo,6-4 6-3,Challenger main draw,2023,unobserved,,,,,,,,,,,,,,False
W09E:atp:2023/2867/qs011:L0GH,W09E,Adam Walton,Leon,CH,2023-04-10,Q2,Mark,Lajal,7-5 6-3,Challenger qualifying,2023,unobserved,,,,,,,,,,,,,,False
W09E:atp:2023/2867/qs022:A0KG,W09E,Adam Walton,Leon,CH,2023-04-10,Q1,Luciano,Alcocer,6-3 6-3,Challenger qualifying,2023,unobserved,,,,,,,,,,,,,,False
W09E:atp:2023/6963/ms025:P0J1,W09E,Adam Walton,Morelos,CH,2023-04-17,R32,Rodrigo,Pacheco Mendez,4-6 6-3 1-6,Challenger main draw,2023,unobserved,,,,,,,,,,,,,,False
W09E:atp:2023/6608/ms002:K0E6,W09E,Adam Walton,M25 Tbilisi,FU,2023-04-24,SF,Alibek,Kachmazov,7-6(2) 3-6 3-6,ITF main draw,2023,linked,11246430,1682748000.0,"Tbilisi, Singles Main, M-ITF-GEO-01A",ITF Men,Semifinals,Alibek Kachmazov,3.0,2.0,1.0,0.0,1,false,finished,True
W09E:atp:2023/6608/ms004:P0EA,W09E,Adam Walton,M25 Tbilisi,FU,2023-04-24,QF,Saba,Purtseladze,6-0 3-6 6-1,ITF main draw,2023,linked,11241797,1682667000.0,"Tbilisi, Singles Main, M-ITF-GEO-01A",ITF Men,Quarterfinals,Saba Purtseladze,3.0,2.0,1.0,0.0,2,false,finished,True
W09E:atp:2023/6608/ms008:DH46,W09E,Adam Walton,M25 Tbilisi,FU,2023-04-24,R16,Alexander,Donski,6-1 6-2,ITF main draw,2023,linked,11239466,1682575200.0,"Tbilisi, Singles Main, M-ITF-GEO-01A",ITF Men,Round of 16,Alexander Donski,3.0,2.0,1.0,0.0,1,false,finished,True
W09E:atp:2023/6608/ms016:AD04,W09E,Adam Walton,M25 Tbilisi,FU,2023-04-24,R32,Sarp,Agabigun,6-2 6-1,ITF main draw,2023,unobserved,,,,,,,,,,,,,,False
W09E:atp:2023/6632/ms001:K0HO,W09E,Adam Walton,M15 Tbilisi,FU,2023-05-01,F,Orel,Kimhi,6-1 6-2,ITF main draw,2023,linked,11260989,1683352800.0,"Tbilisi, Singles Main, M-ITF-GEO-02A",ITF Men,Final,Orel Kimhi,3.0,2.0,1.0,0.0,2,false,finished,True
W09E:atp:2023/6632/ms002:EA27,W09E,Adam Walton,M15 Tbilisi,FU,2023-05-01,SF,Blake,Ellis,4-2,ITF main draw,2023,linked,11259319,1683282600.0,"Tbilisi, Singles Main, M-ITF-GEO-02A",ITF Men,Semifinals,Blake Ellis,3.0,2.0,1.0,0.0,1,false,finished,True
W09E:atp:2023/6632/ms004:T0AG,W09E,Adam Walton,M15 Tbilisi,FU,2023-05-01,QF,Zura,Tkemaladze,6-3 6-2,ITF main draw,2023,linked,11257328,1683199800.0,"Tbilisi, Singles Main, M-ITF-GEO-02A",ITF Men,Quarterfinals,Zura Tkemaladze,3.0,2.0,1.0,0.0,1,false,finished,True
W09E:atp:2023/6632/ms008:Z09B,W09E,Adam Walton,M15 Tbilisi,FU,2023-05-01,R16,Alexander,Zgirovsky,6-1 6-0,ITF main draw,2023,linked,11255296,1683120600.0,"Tbilisi, Singles Main, M-ITF-GEO-02A",ITF Men,Round of 16,Alexander Zgirovsky,3.0,2.0,1.0,0.0,1,false,finished,True
W09E:atp:2023/6632/ms016:L09D,W09E,Adam Walton,M15 Tbilisi,FU,2023-05-01,R32,Aliaksandr,Liaonenka,6-4 6-3,ITF main draw,2023,linked,11252680,1683029400.0,"Tbilisi, Singles Main, M-ITF-GEO-02A",ITF Men,Round of 32,Aliaksandr Liaonenka,3.0,2.0,1.0,0.0,1,false,finished,True
W09E:atp:2023/9188/ms003:Z09Z,W09E,Adam Walton,Little Rock,CH,2023-05-29,SF,Beibit,Zhukayev,7-6(6) 4-6 6-7(4),Challenger main draw,2023,linked,11303325,1685816100.0,"Little Rock, USA",Challenger,Semifinals,Beibit Zhukayev,3.0,2.0,1.0,0.0,absent,false,finished,False
W09E:atp:2023/9188/ms006:GK06,W09E,Adam Walton,Little Rock,CH,2023-05-29,QF,Alexis,Galarneau,6-4 6-1,Challenger main draw,2023,linked,11303333,1685721600.0,"Little Rock, USA",Challenger,Quarterfinals,Alexis Galarneau,3.0,2.0,1.0,0.0,absent,false,finished,False
W09E:atp:2023/9188/ms013:R0A7,W09E,Adam Walton,Little Rock,CH,2023-05-29,R16,Joao Lucas,Reis Da Silva,3-6 7-6(2) 6-4,Challenger main draw,2023,linked,11303328,1685644800.0,"Little Rock, USA",Challenger,Round of 16,Joao Lucas Reis da Silva,3.0,2.0,1.0,0.0,absent,false,finished,False
W09E:atp:2023/9188/ms027:PG94,W09E,Adam Walton,Little Rock,CH,2023-05-29,R32,Marc,Polmans,6-4 5-7 6-2,Challenger main draw,2023,linked,11318948,1685471400.0,"Little Rock, USA",Challenger,Round of 32,Marc Polmans,3.0,2.0,1.0,0.0,absent,false,finished,False
W09E:atp:2023/9188/qs008:MP13,W09E,Adam Walton,Little Rock,CH,2023-05-29,Q2,Mukund,Sasikumar,6-7(3) 6-4 6-4,Challenger qualifying,2023,linked,11316784,1685379600.0,"Little Rock, USA, Qualifying",Challenger,Qualification round 1,Sasikumar Mukund,3.0,1.0,1.0,0.0,absent,false,finished,False
W09E:atp:2023/9188/qs016:B0S5,W09E,Adam Walton,Little Rock,CH,2023-05-29,Q1,Gabriele,Brancatelli,6-1 6-0,Challenger qualifying,2023,linked,11315407,1685302500.0,"Little Rock, USA, Qualifying",Challenger,Qualification round 1,Gabriele Thomas Brancatelli,2.0,2.0,1.0,0.0,absent,false,finished,False
W09E:atp:2023/2873/ms022:SL08,W09E,Adam Walton,Tyler,CH,2023-06-05,R32,Tennys,Sandgren,6-4 3-6 6-7(4),Challenger main draw,2023,unobserved,,,,,,,,,,,,,,False
W09E:atp:2023/2873/qs009:MP13,W09E,Adam Walton,Tyler,CH,2023-06-05,Q2,Mukund,Sasikumar,6-4 6-3,Challenger qualifying,2023,linked,11331589,1685989800.0,"Tyler, USA, Qualifying",Challenger,Qualification round 1,Sasikumar Mukund,3.0,1.0,1.0,0.0,absent,false,finished,False
W09E:atp:2023/2873/qs018:AB54,W09E,Adam Walton,Tyler,CH,2023-06-05,Q1,Harrison,Adams,6-3 6-3,Challenger qualifying,2023,linked,11329942,1685918100.0,"Tyler, USA, Qualifying",Challenger,Qualification round 1,Harrison Adams,3.0,2.0,1.0,0.0,absent,false,finished,False
W09E:atp:2023/2875/ms006:N552,W09E,Adam Walton,Palmas del Mar,CH,2023-06-12,QF,Kei,Nishikori,4-6 2-6,Challenger main draw,2023,unobserved,,,,,,,,,,,,,,False
W09E:atp:2023/2875/ms013:SF89,W09E,Adam Walton,Palmas del Mar,CH,2023-06-12,R16,Rubin,Statham,6-2 6-0,Challenger main draw,2023,unobserved,,,,,,,,,,,,,,False
W09E:atp:2023/2875/ms027:PG94,W09E,Adam Walton,Palmas del Mar,CH,2023-06-12,R32,Marc,Polmans,7-6(1) 6-1,Challenger main draw,2023,unobserved,,,,,,,,,,,,,,False
W09E:atp:2023/534/ms001:CF10,W09E,Adam Walton,M25 Tulsa,FU,2023-06-19,F,Nick,Chappell,6-1 6-3,ITF main draw,2023,linked,11376451,1687701600.0,"Tulsa, OK, Singles Main, M-ITF-USA-20A",ITF Men,Final,Nick Chappell,3.0,2.0,1.0,0.0,1,false,finished,True
W09E:atp:2023/534/ms002:M0CW,W09E,Adam Walton,M25 Tulsa,FU,2023-06-19,SF,Aidan,McHugh,6-1 6-3,ITF main draw,2023,linked,11373414,1687614900.0,"Tulsa, OK, Singles Main, M-ITF-USA-20A",ITF Men,Semifinals,Aidan McHugh,3.0,2.0,1.0,0.0,2,false,finished,True
W09E:atp:2023/534/ms004:Q02L,W09E,Adam Walton,M25 Tulsa,FU,2023-06-19,QF,Ethan,Quinn,6-2 7-6(6),ITF main draw,2023,linked,11370251,1687528500.0,"Tulsa, OK, Singles Main, M-ITF-USA-20A",ITF Men,Quarterfinals,Ethan Quinn,3.0,2.0,1.0,0.0,1,false,finished,True
W09E:atp:2023/534/ms008:C0HT,W09E,Adam Walton,M25 Tulsa,FU,2023-06-19,R16,Murphy,Cassone,4-6 6-1 6-4,ITF main draw,2023,unobserved,,,,,,,,,,,,,,False
W09E:atp:2023/534/ms016:RH21,W09E,Adam Walton,M25 Tulsa,FU,2023-06-19,R32,Gianni,Ross,6-0 6-1,ITF main draw,2023,unobserved,,,,,,,,,,,,,,False
W09E:atp:2023/2883/ms021:N552,W09E,Adam Walton,Bloomfield Hills,CH,2023-07-03,R32,Kei,Nishikori,1-6 2-6,Challenger main draw,2023,linked,11398771,1688503800.0,"Bloomfield Hills, USA",Challenger,Round of 32,Kei Nishikori,3.0,2.0,1.0,0.0,absent,false,finished,False
W09E:atp:2023/2797/ms011:M0GZ,W09E,Adam Walton,Chicago,CH,2023-07-10,R16,Giovanni,Mpetshi Perricard,6-7(3) 4-6,Challenger main draw,2023,linked,11406230,1689279600.0,"Chicago, USA",Challenger,Round of 16,Giovanni Mpetshi Perricard,3.0,2.0,1.0,0.0,absent,false,finished,False
W09E:atp:2023/2797/ms022:S0JA,W09E,Adam Walton,Chicago,CH,2023-07-10,R32,Eliot,Spizzirri,6-2 6-2,Challenger main draw,2023,linked,11418055,1689026400.0,"Chicago, USA",Challenger,Round of 32,Eliot Spizzirri,3.0,2.0,1.0,0.0,absent,false,finished,False
W09E:atp:2023/877/ms013:J620,W09E,Adam Walton,Granby,CH,2023-07-17,R16,Maxime,Janvier,4-6 6-4 6-7(4),Challenger main draw,2023,linked,11425179,1689799200.0,"Granby, Canada",Challenger,Round of 16,Maxime Janvier,3.0,2.0,1.0,0.0,absent,false,finished,False
W09E:atp:2023/877/ms027:PD07,W09E,Adam Walton,Granby,CH,2023-07-17,R32,Vasek,Pospisil,6-7(7) 7-6(1) 6-1,Challenger main draw,2023,linked,11437601,1689723000.0,"Granby, Canada",Challenger,Round of 32,Vasek Pospisil,3.0,2.0,1.0,0.0,absent,false,finished,False
W09E:atp:2023/59/ms017:J553,W09E,Adam Walton,Salinas,CH,2023-07-24,R32,Omar,Jasika,4-6 2-6,Challenger main draw,2023,unobserved,,,,,,,,,,,,,,False
W09E:atp:2023/586/ms014:BV27,W09E,Adam Walton,Lexington,CH,2023-07-31,R16,Ulises,Blanch,3-6 3-6,Challenger main draw,2023,unobserved,,,,,,,,,,,,,,False
W09E:atp:2023/586/ms028:J620,W09E,Adam Walton,Lexington,CH,2023-07-31,R32,Maxime,Janvier,4-6 6-3 6-3,Challenger main draw,2023,unobserved,,,,,,,,,,,,,,False
W09E:atp:2023/9560/ms001:MW18,W09E,Adam Walton,Cary 1,CH,2023-08-07,F,Nicolas,Moreno De Alboran,6-4 3-6 7-5,Challenger main draw,2023,linked,11500834,1691949600.0,"Cary, USA",Challenger,Final,Nicolas Moreno de Alboran,3.0,2.0,1.0,0.0,absent,false,finished,False
W09E:atp:2023/9560/ms003:BI23,W09E,Adam Walton,Cary 1,CH,2023-08-07,SF,Liam,Broady,6-4 7-5,Challenger main draw,2023,linked,11500913,1691866800.0,"Cary, USA",Challenger,Semifinals,Liam Broady,3.0,2.0,1.0,0.0,absent,false,finished,False
W09E:atp:2023/9560/ms007:H0BH,W09E,Adam Walton,Cary 1,CH,2023-08-07,QF,Rinky,Hijikata,6-2 6-4,Challenger main draw,2023,unobserved,,,,,,,,,,,,,,False
W09E:atp:2023/9560/ms014:HD68,W09E,Adam Walton,Cary 1,CH,2023-08-07,R16,Billy,Harris,3-6 7-6(7) 7-6(3),Challenger main draw,2023,unobserved,,,,,,,,,,,,,,False
W09E:atp:2023/9560/ms029:Z09Z,W09E,Adam Walton,Cary 1,CH,2023-08-07,R32,Beibit,Zhukayev,6-4 6-3,Challenger main draw,2023,unobserved,,,,,,,,,,,,,,False
W09E:atp:2023/2885/ms014:D994,W09E,Adam Walton,"Stanford, CA",CH,2023-08-14,R16,James,Duckworth,3-6 4-6,Challenger main draw,2023,linked,11520718,1692210300.0,"Stanford, USA",Challenger,Round of 16,James Duckworth,3.0,2.0,1.0,0.0,absent,false,finished,False
W09E:atp:2023/2885/ms029:S0K7,W09E,Adam Walton,"Stanford, CA",CH,2023-08-14,R32,Zachary,Svajda,6-2 6-2,Challenger main draw,2023,linked,11529528,1692118800.0,"Stanford, USA",Challenger,Round of 32,Zachary Svajda,3.0,2.0,1.0,0.0,absent,false,finished,False
W09E:atp:2023/6242/qs008:KG27,W09E,Adam Walton,Winston-Salem,250,2023-08-21,Q1,Strong,Kirchheimer,5-7 3-6,Tour qualifying,2023,linked,11553423,1692462300.0,"Winston-Salem, USA, Qualifying",ATP,Qualification round 1,Strong Kirchheimer,3.0,2.0,1.0,0.0,absent,false,finished,False
W09E:atp:2023/7316/ms010:K0A3,W09E,Adam Walton,Cary 2,CH,2023-09-11,R16,Patrick,Kypson,5-7 3-6,Challenger main draw,2023,linked,11616770,1694732400.0,"Cary 2, USA",Challenger,Round of 16,Patrick Kypson,3.0,2.0,1.0,0.0,absent,false,finished,False
W09E:atp:2023/7316/ms020:KC12,W09E,Adam Walton,Cary 2,CH,2023-09-11,R32,Mitchell,Krueger,7-5 6-2,Challenger main draw,2023,linked,11629353,1694553900.0,"Cary 2, USA",Challenger,Round of 32,Mitchell Krueger,3.0,2.0,1.0,0.0,absent,false,finished,False
W09E:atp:2023/8281/ms014:S0N0,W09E,Adam Walton,Columbus 2,CH,2023-09-18,R16,Tristan,Schoolkate,6-4 3-6 1-6,Challenger main draw,2023,linked,11637724,1695241200.0,"Columbus, USA",Challenger,Round of 16,Tristan Schoolkate,3.0,2.0,1.0,0.0,absent,false,finished,False
W09E:atp:2023/8281/ms028:M0GZ,W09E,Adam Walton,Columbus 2,CH,2023-09-18,R32,Giovanni,Mpetshi Perricard,7-5 6-4,Challenger main draw,2023,linked,11651065,1695069900.0,"Columbus, USA",Challenger,Round of 32,Giovanni Mpetshi Perricard,3.0,2.0,1.0,0.0,absent,false,finished,False
W09E:atp:2023/2803/ms007:PH78,W09E,Adam Walton,Charleston,CH,2023-09-25,QF,Ryan,Peniston,5-7 6-1 3-6,Challenger main draw,2023,unobserved,,,,,,,,,,,,,,False
W09E:atp:2023/2803/ms014:DF88,W09E,Adam Walton,Charleston,CH,2023-09-25,R16,Aziz,Dougaz,6-3 7-6(4),Challenger main draw,2023,unobserved,,,,,,,,,,,,,,False
W09E:atp:2023/2803/ms028:ML73,W09E,Adam Walton,Charleston,CH,2023-09-25,R32,Skander,Mansouri,7-6(5) 6-2,Challenger main draw,2023,unobserved,,,,,,,,,,,,,,False
W09E:atp:2023/1768/ms001:S0K7,W09E,Adam Walton,Tiburon,CH,2023-10-02,F,Zachary,Svajda,2-6 2-6,Challenger main draw,2023,unobserved,,,,,,,,,,,,,,False
W09E:atp:2023/1768/ms002:S0N0,W09E,Adam Walton,Tiburon,CH,2023-10-02,SF,Tristan,Schoolkate,6-4 7-5,Challenger main draw,2023,unobserved,,,,,,,,,,,,,,False
W09E:atp:2023/1768/ms005:TA46,W09E,Adam Walton,Tiburon,CH,2023-10-02,QF,Bernard,Tomic,6-4 6-4,Challenger main draw,2023,unobserved,,,,,,,,,,,,,,False
W09E:atp:2023/1768/ms011:T0HA,W09E,Adam Walton,Tiburon,CH,2023-10-02,R16,Learner,Tien,6-2 6-4,Challenger main draw,2023,unobserved,,,,,,,,,,,,,,False
W09E:atp:2023/1768/ms023:PD07,W09E,Adam Walton,Tiburon,CH,2023-10-02,R32,Vasek,Pospisil,6-4 7-6(5),Challenger main draw,2023,unobserved,,,,,,,,,,,,,,False
W09E:atp:2023/7339/ms019:B0NN,W09E,Adam Walton,Fairfield,CH,2023-10-09,R32,Nishesh,Basavareddy,3-6 5-7,Challenger main draw,2023,unobserved,,,,,,,,,,,,,,False
W09E:atp:2023/8297/ms007:ME89,W09E,Adam Walton,Hamburg,CH,2023-10-16,QF,Illya,Marchenko,4-6 1-6,Challenger main draw,2023,linked,11732830,1697792400.0,"Hamburg, Germany",Challenger,Quarterfinals,Illya Marchenko,3.0,2.0,1.0,0.0,absent,false,finished,False
W09E:atp:2023/8297/ms015:SO20,W09E,Adam Walton,Hamburg,CH,2023-10-16,R16,Jelle,Sels,3-6 6-3 6-3,Challenger main draw,2023,linked,11732786,1697630400.0,"Hamburg, Germany",Challenger,Round of 16,Jelle Sels,3.0,2.0,1.0,0.0,absent,false,finished,False
W09E:atp:2023/8297/ms031:KI48,W09E,Adam Walton,Hamburg,CH,2023-10-16,R32,Ergi,Kirkin,6-2 6-4,Challenger main draw,2023,unobserved,,,,,,,,,,,,,,False
W09E:atp:2023/6055/ms024:M0NL,W09E,Adam Walton,Charlottesville,CH,2023-10-30,R32,Inaki,Montes-De La Torre,2-6 6-3 6-7(4),Challenger main draw,2023,linked,11786989,1698768000.0,"Charlottesville, USA",Challenger,Round of 32,Inaki Montes-de la Torre,3.0,2.0,1.0,0.0,absent,false,finished,False
W09E:atp:2024/7203/ms001:S0IA,W09E,Adam Walton,Burnie 2,CH,2024-02-05,F,Dane,Sweeny,6-2 7-6(4),Challenger main draw,2024,unobserved,,,,,,,,,,,,,,False
W09E:atp:2024/7203/ms002:S0N0,W09E,Adam Walton,Burnie 2,CH,2024-02-05,SF,Tristan,Schoolkate,6-4 6-4,Challenger main draw,2024,unobserved,,,,,,,,,,,,,,False
W09E:atp:2024/7203/ms004:S0TI,W09E,Adam Walton,Burnie 2,CH,2024-02-05,QF,Philip,Sekulic,6-2 1-6 7-6(2),Challenger main draw,2024,unobserved,,,,,,,,,,,,,,False
W09E:atp:2024/7203/ms008:I0B0,W09E,Adam Walton,Burnie 2,CH,2024-02-05,R16,Andre,Ilagan,6-2 6-7(3) 6-3,Challenger main draw,2024,unobserved,,,,,,,,,,,,,,False
W09E:atp:2024/7203/ms016:B0OT,W09E,Adam Walton,Burnie 2,CH,2024-02-05,R32,Jacob,Bradshaw,7-5 6-3,Challenger main draw,2024,unobserved,,,,,,,,,,,,,,False
W09E:atp:2024/7808/ms007:N897,W09E,Adam Walton,Bengaluru,CH,2024-02-12,QF,Sumit,Nagal,5-7 2-6,Challenger main draw,2024,linked,12049798,1708095300.0,"Bengaluru, India",Challenger,Quarterfinals,Sumit Nagal,3.0,2.0,1.0,0.0,2,false,finished,True
W09E:atp:2024/7808/ms014:O0A2,W09E,Adam Walton,Bengaluru,CH,2024-02-12,R16,Gauthier,Onclin,6-2 6-2,Challenger main draw,2024,unobserved,,,,,,,,,,,,,,False
W09E:atp:2024/7808/ms028:DH23,W09E,Adam Walton,Bengaluru,CH,2024-02-12,R32,S D Prajwal,Dev,6-3 6-0,Challenger main draw,2024,unobserved,,,,,,,,,,,,,,False
W09E:atp:2024/7100/ms001:VA25,W09E,Adam Walton,Pune,CH,2024-02-19,F,Valentin,Vacherot,6-3 6-7(5) 6-7(5),Challenger main draw,2024,linked,12067302,1708858800.0,"Pune, India",Challenger,Final,Valentin Vacherot,3.0,2.0,1.0,0.0,2,false,finished,True
W09E:atp:2024/7100/ms003:A0CJ,W09E,Adam Walton,Pune,CH,2024-02-19,SF,Duje,Ajdukovic,7-5 7-6(6),Challenger main draw,2024,linked,12067304,1708765200.0,"Pune, India",Challenger,Semifinals,Duje Ajdukovic,3.0,2.0,1.0,0.0,2,false,finished,True
W09E:atp:2024/7100/ms006:MP13,W09E,Adam Walton,Pune,CH,2024-02-19,QF,Mukund,Sasikumar,,Challenger main draw,2024,linked,12067309,1708669800.0,"Pune, India",Challenger,Quarterfinals,Sasikumar Mukund,3.0,2.0,1.0,0.0,absent,false,finished,False
W09E:atp:2024/7100/ms013:W857,W09E,Adam Walton,Pune,CH,2024-02-19,R16,Tung-Lin,Wu,6-0 6-7(5) 7-6(4),Challenger main draw,2024,linked,12067312,1708503300.0,"Pune, India",Challenger,Round of 16,Tung-Lin Wu,3.0,2.0,1.0,0.0,2,false,finished,True
W09E:atp:2024/7100/ms027:C0JP,W09E,Adam Walton,Pune,CH,2024-02-19,R32,Raphael,Collignon,7-6(1) 6-2,Challenger main draw,2024,linked,12082590,1708411800.0,"Pune, India",Challenger,Round of 32,Raphael Collignon,3.0,2.0,1.0,0.0,2,false,finished,True
W09E:atp:2024/6961/ms015:BU54,W09E,Adam Walton,New Delhi,CH,2024-02-26,R16,Geoffrey,Blancaneaux,3-6 0-6,Challenger main draw,2024,linked,12088048,1709191800.0,"New Delhi, India",Challenger,Round of 16,Geoffrey Blancaneaux,3.0,2.0,1.0,0.0,2,false,finished,True
W09E:atp:2024/6961/ms031:O0A2,W09E,Adam Walton,New Delhi,CH,2024-02-26,R32,Gauthier,Onclin,6-4 6-0,Challenger main draw,2024,linked,12099020,1709043300.0,"New Delhi, India",Challenger,Round of 32,Gauthier Onclin,3.0,2.0,1.0,0.0,2,false,finished,True
W09E:atp:2024/404/qs032:SX91,W09E,Adam Walton,ATP Masters 1000 Indian Wells,1000,2024-03-04,Q1,Thiago,Seyboth Wild,1-6 3-6,Tour qualifying,2024,linked,12125316,1709575200.0,"Indian Wells, USA, Qualifying",ATP,Qualification round 1,Thiago Seyboth Wild,3.0,2.0,1.0,0.0,1,false,finished,True
W09E:atp:2024/9167/ms028:C0H0,W09E,Adam Walton,Phoenix,CH,2024-03-11,R32,Arthur,Cazaux,6-7(5) 4-6,Challenger main draw,2024,linked,12155634,1710349200.0,"Phoenix, USA",Challenger,Round of 32,Arthur Cazaux,3.0,2.0,1.0,0.0,2,false,finished,True
W09E:atp:2024/9167/qs011:BI23,W09E,Adam Walton,Phoenix,CH,2024-03-11,Q2,Liam,Broady,6-7(1) 6-2 6-3,Challenger qualifying,2024,linked,12151942,1710262800.0,"Phoenix, USA, Qualifying",Challenger,Qualification round 1,Liam Broady,3.0,1.0,1.0,0.0,1,false,finished,True
W09E:atp:2024/9167/qs023:K926,W09E,Adam Walton,Phoenix,CH,2024-03-11,Q1,Mikhail,Kukushkin,6-2 2-0,Challenger qualifying,2024,linked,12148630,1710176400.0,"Phoenix, USA, Qualifying",Challenger,Qualification round 1,Mikhail Kukushkin,3.0,2.0,1.0,0.0,2,false,finished,True
W09E:atp:2024/403/ms081:AG37,W09E,Adam Walton,ATP Masters 1000 Miami,1000,2024-03-18,R128,Felix,Auger-Aliassime,5-7 4-6,Tour main draw,2024,unobserved,,,,,,,,,,,,,,False
W09E:atp:2024/403/qs023:MO44,W09E,Adam Walton,ATP Masters 1000 Miami,1000,2024-03-18,Q2,Pedro,Martinez,3-6 6-2 6-3,Tour qualifying,2024,unobserved,,,,,,,,,,,,,,False
W09E:atp:2024/403/qs047:MJ08,W09E,Adam Walton,ATP Masters 1000 Miami,1000,2024-03-18,Q1,Thiago,Monteiro,6-7(5) 7-6(3) 6-4,Tour qualifying,2024,unobserved,,,,,,,,,,,,,,False
W09E:atp:2024/8375/ms031:GK06,W09E,Adam Walton,Mexico City,CH,2024-04-01,R32,Alexis,Galarneau,3-6 6-7(5),Challenger main draw,2024,unobserved,,,,,,,,,,,,,,False
W09E:atp:2024/6963/ms003:M0GZ,W09E,Adam Walton,Cuernavaca (Morelos),CH,2024-04-08,SF,Giovanni,Mpetshi Perricard,6-7(6) 7-5 5-7,Challenger main draw,2024,unobserved,,,,,,,,,,,,,,False
W09E:atp:2024/6963/ms006:Z09Z,W09E,Adam Walton,Cuernavaca (Morelos),CH,2024-04-08,QF,Beibit,Zhukayev,7-6(3) 6-7(5) 6-4,Challenger main draw,2024,unobserved,,,,,,,,,,,,,,False
W09E:atp:2024/6963/ms013:BP41,W09E,Adam Walton,Cuernavaca (Morelos),CH,2024-04-08,R16,Antoine,Bellier,7-6(11) 6-4,Challenger main draw,2024,unobserved,,,,,,,,,,,,,,False
W09E:atp:2024/6963/ms027:A09P,W09E,Adam Walton,Cuernavaca (Morelos),CH,2024-04-08,R32,Alafia,Ayeni,6-3 6-1,Challenger main draw,2024,unobserved,,,,,,,,,,,,,,False
W09E:atp:2024/2867/ms001:M0GZ,W09E,Adam Walton,Acapulco,CH,2024-04-15,F,Giovanni,Mpetshi Perricard,3-6 3-6,Challenger main draw,2024,linked,12242108,1713659400.0,"Acapulco, Mexico",Challenger,Final,Giovanni Mpetshi Perricard,3.0,2.0,1.0,0.0,2,false,finished,True
W09E:atp:2024/2867/ms002:GK06,W09E,Adam Walton,Acapulco,CH,2024-04-15,SF,Alexis,Galarneau,6-4 7-6(3),Challenger main draw,2024,linked,12242109,1713569400.0,"Acapulco, Mexico",Challenger,Semifinals,Alexis Galarneau,3.0,2.0,1.0,0.0,2,false,finished,True
W09E:atp:2024/2867/ms005:S0N0,W09E,Adam Walton,Acapulco,CH,2024-04-15,QF,Tristan,Schoolkate,6-2 6-4,Challenger main draw,2024,linked,12242129,1713477600.0,"Acapulco, Mexico",Challenger,Quarterfinals,Tristan Schoolkate,3.0,2.0,1.0,0.0,2,false,finished,True
W09E:atp:2024/2867/ms010:M0CW,W09E,Adam Walton,Acapulco,CH,2024-04-15,R16,Aidan,McHugh,6-1 6-0,Challenger main draw,2024,linked,12242126,1713391200.0,"Acapulco, Mexico",Challenger,Round of 16,Aidan McHugh,3.0,2.0,1.0,0.0,2,false,finished,True
W09E:atp:2024/2867/ms020:BV21,W09E,Adam Walton,Acapulco,CH,2024-04-15,R32,Charles,Broom,6-2 6-3,Challenger main draw,2024,linked,12249941,1713304800.0,"Acapulco, Mexico",Challenger,Round of 32,Charles Broom,3.0,2.0,1.0,0.0,2,false,finished,True
W09E:atp:2024/6965/ms001:S0N0,W09E,Adam Walton,Guangzhou,CH,2024-04-29,F,Tristan,Schoolkate,3-6 6-3 3-6,Challenger main draw,2024,linked,12276771,1714895100.0,"Guangzhou, China",Challenger,Final,Tristan Schoolkate,3.0,2.0,1.0,0.0,1,false,finished,True
W09E:atp:2024/6965/ms003:Y09V,W09E,Adam Walton,Guangzhou,CH,2024-04-29,SF,Yunchaokete,Bu,2-6 7-6(5) 6-2,Challenger main draw,2024,linked,12276780,1714878000.0,"Guangzhou, China",Challenger,Semifinals,Yunchaokete Bu,3.0,2.0,1.0,0.0,1,false,finished,True
W09E:atp:2024/6965/ms006:Z09Z,W09E,Adam Walton,Guangzhou,CH,2024-04-29,QF,Beibit,Zhukayev,6-3 5-7 7-5,Challenger main draw,2024,linked,12276779,1714705200.0,"Guangzhou, China",Challenger,Quarterfinals,Beibit Zhukayev,3.0,2.0,1.0,0.0,2,false,finished,True
W09E:atp:2024/6965/ms013:BI81,W09E,Adam Walton,Guangzhou,CH,2024-04-29,R16,Alex,Bolt,7-6(0) 6-1,Challenger main draw,2024,linked,12276776,1714549800.0,"Guangzhou, China",Challenger,Round of 16,Alex Bolt,3.0,2.0,1.0,0.0,2,false,finished,True
W09E:atp:2024/6965/ms027:Z0CQ,W09E,Adam Walton,Guangzhou,CH,2024-04-29,R32,Yi,Zhou,4-6 7-5 6-3,Challenger main draw,2024,linked,12287434,1714451400.0,"Guangzhou, China",Challenger,Round of 32,Yi Zhou,3.0,2.0,1.0,0.0,2,false,finished,True
W09E:atp:2024/2921/ms005:K0E6,W09E,Adam Walton,Wuxi,CH,2024-05-06,QF,Alibek,Kachmazov,3-6 6-1 2-6,Challenger main draw,2024,linked,12296884,1715319600.0,"Wuxi, China",Challenger,Quarterfinals,Alibek Kachmazov,3.0,2.0,1.0,0.0,1,false,finished,True
W09E:atp:2024/2921/ms010:BI81,W09E,Adam Walton,Wuxi,CH,2024-05-06,R16,Alex,Bolt,6-1 6-3,Challenger main draw,2024,linked,12296892,1715142000.0,"Wuxi, China",Challenger,Round of 16,Alex Bolt,3.0,2.0,1.0,0.0,1,false,finished,True
W09E:atp:2024/2921/ms020:M0OQ,W09E,Adam Walton,Wuxi,CH,2024-05-06,R32,James,McCabe,6-2 6-3,Challenger main draw,2024,linked,12311269,1715058900.0,"Wuxi, China",Challenger,Round of 32,James McCabe,3.0,2.0,1.0,0.0,2,false,finished,True
W09E:atp:2024/2278/ms001:ME89,W09E,Adam Walton,Taipei,CH,2024-05-13,F,Illya,Marchenko,3-6 6-2 7-6(3),Challenger main draw,2024,unobserved,,,,,,,,,,,,,,False
W09E:atp:2024/2278/ms003:D994,W09E,Adam Walton,Taipei,CH,2024-05-13,SF,James,Duckworth,3-6 7-6(4) 6-2,Challenger main draw,2024,unobserved,,,,,,,,,,,,,,False
W09E:atp:2024/2278/ms006:BE90,W09E,Adam Walton,Taipei,CH,2024-05-13,QF,Ricardas,Berankis,6-3 7-6(7),Challenger main draw,2024,linked,12317331,1715832000.0,"Taipei, Chinese Taipei",Challenger,Quarterfinals,Ricardas Berankis,3.0,2.0,1.0,0.0,1,false,finished,True
W09E:atp:2024/2278/ms013:N652,W09E,Adam Walton,Taipei,CH,2024-05-13,R16,JiSung,Nam,6-0 6-3,Challenger main draw,2024,linked,12317333,1715748000.0,"Taipei, Chinese Taipei",Challenger,Round of 16,Ji Sung Nam,1.0,2.0,1.0,0.0,1,false,finished,True
W09E:atp:2024/2278/ms027:S0AQ,W09E,Adam Walton,Taipei,CH,2024-05-13,R32,Yuta,Shimizu,7-6(5) 6-0,Challenger main draw,2024,linked,12325974,1715670900.0,"Taipei, Chinese Taipei",Challenger,Round of 32,Yuta Shimizu,3.0,2.0,1.0,0.0,1,false,finished,True
W09E:atp:2024/520/ms077:RC91,W09E,Adam Walton,Roland Garros,GS,2024-05-27,R128,Arthur,Rinderknech,2-6 4-6 5-7,Tour main draw,2024,unobserved,,,,,,,,,,,,,,False
W09E:atp:2024/7297/ms031:E687,W09E,Adam Walton,Surbiton,CH,2024-06-03,R32,Daniel,Evans,4-6 7-5 6-7(8),Challenger main draw,2024,unobserved,,,,,,,,,,,,,,False
W09E:atp:2024/440/qs010:HH06,W09E,Adam Walton,'s-Hertogenbosch,250,2024-06-10,Q1,Marc-Andrea,Huesler,6-7(3) 1-6,Tour qualifying,2024,unobserved,,,,,,,,,,,,,,False
W09E:atp:2024/500/qs013:H997,W09E,Adam Walton,Halle,500,2024-06-17,Q1,Yannick,Hanfmann,2-6 3-6,Tour qualifying,2024,unobserved,,,,,,,,,,,,,,False
W09E:atp:2024/8994/ms009:J0A4,W09E,Adam Walton,Mallorca,250,2024-06-24,R16,Paul,Jubb,0-6 3-6,Tour main draw,2024,linked,12432698,1719410100.0,"Mallorca, Spain",ATP,Round of 16,Paul Jubb,3.0,2.0,1.0,0.0,2,false,finished,True
W09E:atp:2024/8994/ms019:H997,W09E,Adam Walton,Mallorca,250,2024-06-24,R32,Yannick,Hanfmann,7-5 6-2,Tour main draw,2024,unobserved,,,,,,,,,,,,,,False
W09E:atp:2024/8994/qs007:MN20,W09E,Adam Walton,Mallorca,250,2024-06-24,Q2,Daniel,Masur,6-2 7-6(4),Tour qualifying,2024,unobserved,,,,,,,,,,,,,,False
W09E:atp:2024/8994/qs014:J476,W09E,Adam Walton,Mallorca,250,2024-06-24,Q1,David,Jorda Sanchis,7-6(3) 6-3,Tour qualifying,2024,unobserved,,,,,,,,,,,,,,False
W09E:atp:2024/540/ms048:C0DF,W09E,Adam Walton,Wimbledon,GS,2024-07-01,R64,Francisco,Comesana,5-7 6-1 7-6(12) 1-6 6-7(8),Tour main draw,2024,linked,12458037,1720087200.0,"Wimbledon, London, Great Britain",ATP,Round of 64,Francisco Comesaña,3.0,2.0,1.0,0.0,1,false,finished,True
W09E:atp:2024/540/ms097:CE77,W09E,Adam Walton,Wimbledon,GS,2024-07-01,R128,Federico,Coria,6-3 6-3 7-5,Tour main draw,2024,linked,12477732,1719927000.0,"Wimbledon, London, Great Britain",ATP,Round of 128,Federico Coria,3.0,2.0,1.0,0.0,2,false,finished,True
W09E:atp:2024/877/ms016:AG08,W09E,Adam Walton,Granby,CH,2024-07-15,R32,Andy,Andrade,6-4 2-5,Challenger main draw,2024,linked,12538450,1721074800.0,"Granby, Canada",Challenger,Round of 32,Andres Andrade,1.0,2.0,1.0,0.0,1,false,finished,True
W09E:atp:2024/6116/ms014:RC91,W09E,Adam Walton,Atlanta,250,2024-07-22,R16,Arthur,Rinderknech,6-7(4) 3-6,Tour main draw,2024,linked,12590909,1721846700.0,"Atlanta, USA",ATP,Round of 16,Arthur Rinderknech,3.0,2.0,1.0,0.0,1,false,finished,True
W09E:atp:2024/6116/ms028:KI95,W09E,Adam Walton,Atlanta,250,2024-07-22,R32,Miomir,Kecmanovic,6-4 6-4,Tour main draw,2024,linked,12584433,1721751900.0,"Atlanta, USA",ATP,Round of 32,Miomir Kecmanović,3.0,2.0,1.0,0.0,2,false,finished,True
W09E:atp:2024/6116/qs005:B0GG,W09E,Adam Walton,Atlanta,250,2024-07-22,Q2,Mattia,Bellucci,6-7(4) 6-3 1-6,Tour qualifying,2024,linked,12578463,1721574000.0,"Atlanta, USA, Qualifying",ATP,absent,Mattia Bellucci,3.0,1.0,1.0,0.0,1,false,finished,True
W09E:atp:2024/6116/qs010:M0HU,W09E,Adam Walton,Atlanta,250,2024-07-22,Q1,Shintaro,Mochizuki,6-4 6-2,Tour qualifying,2024,linked,12574701,1721484000.0,"Atlanta, USA, Qualifying",ATP,Qualification round 1,Shintaro Mochizuki,3.0,2.0,1.0,0.0,2,false,finished,True
W09E:atp:2024/418/ms054:HC21,W09E,Adam Walton,Washington,500,2024-07-29,R64,Seongchan,Hong,6-7(6) 6-7(4),Tour main draw,2024,linked,12617312,1722278100.0,"Washington, USA",ATP,Round of 64,Seong Chan Hong,1.0,2.0,1.0,0.0,2,false,finished,True
W09E:atp:2024/421/qs023:HD68,W09E,Adam Walton,ATP Masters 1000 Canada,1000,2024-08-05,Q1,Billy,Harris,4-6 2-6,Tour qualifying,2024,linked,12644763,1722799500.0,"Montreal, Canada, Qualifying",ATP,Qualification round 1,Billy Harris,3.0,2.0,1.0,0.0,2,false,finished,True
W09E:atp:2024/7316/ms027:B0NN,W09E,Adam Walton,Cary,CH,2024-08-12,R32,Nishesh,Basavareddy,4-6 4-6,Challenger main draw,2024,linked,12665196,1723510500.0,"Cary, USA",Challenger,Round of 32,Nishesh Basavareddy,3.0,2.0,1.0,0.0,2,false,finished,True
W09E:atp:2024/6242/ms061:E865,W09E,Adam Walton,Winston-Salem,250,2024-08-19,R64,Christopher,Eubanks,6-2 5-7 4-6,Tour main draw,2024,linked,12701789,1724034600.0,"Winston-Salem, USA",ATP,Round of 64,Christopher Eubanks,3.0,2.0,1.0,0.0,1,false,finished,True
W09E:atp:2024/560/ms110:MP20,W09E,Adam Walton,US Open,GS,2024-08-26,R128,Alexandre,Muller,6-3 6-7(7) 3-6 4-6,Tour main draw,2024,linked,12730018,1724701800.0,"US Open, New York, USA",ATP,Round of 128,Alexandre Muller,3.0,2.0,0.0,0.0,1,false,finished,True
W09E:atp:2024/7581/ms021:KI63,W09E,Adam Walton,Chengdu,250,2024-09-16,R32,Lukas,Klein,6-7(3) 4-6,Tour main draw,2024,linked,12851936,1726635600.0,"Chengdu, China",ATP,Round of 32,Lukas Klein,3.0,2.0,1.0,0.0,1,false,finished,True
W09E:atp:2024/2939/ms007:W0BH,W09E,Adam Walton,Nonthaburi 4,CH,2024-09-23,QF,Coleman,Wong,4-6 4-6,Challenger main draw,2024,unobserved,,,,,,,,,,,,,,False
W09E:atp:2024/2939/ms015:BI81,W09E,Adam Walton,Nonthaburi 4,CH,2024-09-23,R16,Alex,Bolt,7-6(4) 6-3,Challenger main draw,2024,unobserved,,,,,,,,,,,,,,False
W09E:atp:2024/2939/ms031:H09F,W09E,Adam Walton,Nonthaburi 4,CH,2024-09-23,R32,Yu Hsiou,Hsu,6-3 6-3,Challenger main draw,2024,unobserved,,,,,,,,,,,,,,False
W09E:atp:2024/5014/qs018:A0GC,W09E,Adam Walton,ATP Masters 1000 Shanghai,1000,2024-09-30,Q2,Terence,Atmane,7-6(4) 4-6 4-6,Tour qualifying,2024,unobserved,,,,,,,,,,,,,,False
W09E:atp:2024/5014/qs036:K0HC,W09E,Adam Walton,ATP Masters 1000 Shanghai,1000,2024-09-30,Q1,Maks,Kasnikowski,6-1 7-6(8),Tour qualifying,2024,unobserved,,,,,,,,,,,,,,False
W09E:atp:2024/2947/ms004:D994,W09E,Adam Walton,Hangzhou,CH,2024-10-07,QF,James,Duckworth,4-6 4-6,Challenger main draw,2024,linked,12928750,1728615600.0,"Hangzhou, China",Challenger,Quarterfinals,James Duckworth,3.0,2.0,1.0,0.0,1,false,finished,True
W09E:atp:2024/2947/ms009:SX90,W09E,Adam Walton,Hangzhou,CH,2024-10-07,R16,Fajing,Sun,6-3 6-4,Challenger main draw,2024,unobserved,,,,,,,,,,,,,,False
W09E:atp:2024/2947/ms019:BV16,W09E,Adam Walton,Hangzhou,CH,2024-10-07,R32,Ugo,Blanchet,3-6 7-6(6) 6-4,Challenger main draw,2024,unobserved,,,,,,,,,,,,,,False
W09E:atp:2024/7797/ms003:MK66,W09E,Adam Walton,Shenzhen (Longhua),CH,2024-10-14,SF,Mackenzie,McDonald,3-6 4-6,Challenger main draw,2024,linked,12965247,1729306800.0,"Shenzhen 2, China",Challenger,Semifinals,Mackenzie McDonald,3.0,2.0,1.0,0.0,2,false,finished,True
W09E:atp:2024/7797/ms007:M0OQ,W09E,Adam Walton,Shenzhen (Longhua),CH,2024-10-14,QF,James,McCabe,6-3 3-0,Challenger main draw,2024,linked,12965246,1729218600.0,"Shenzhen 2, China",Challenger,Quarterfinals,James McCabe,3.0,2.0,1.0,0.0,2,false,finished,True
W09E:atp:2024/7797/ms015:SX90,W09E,Adam Walton,Shenzhen (Longhua),CH,2024-10-14,R16,Fajing,Sun,7-6(5) 7-5,Challenger main draw,2024,linked,12965240,1729049400.0,"Shenzhen 2, China",Challenger,Round of 16,Fajing Sun,3.0,2.0,1.0,0.0,2,false,finished,True
W09E:atp:2024/7797/ms031:C0AJ,W09E,Adam Walton,Shenzhen (Longhua),CH,2024-10-14,R32,Jie,Cui,6-4 6-3,Challenger main draw,2024,linked,12972893,1728957600.0,"Shenzhen 2, China",Challenger,Round of 32,Jie Cui,3.0,2.0,1.0,0.0,1,false,finished,True
W09E:atp:2024/2949/ms001:DA81,W09E,Adam Walton,Taipei 2,CH,2024-10-21,F,Taro,Daniel,4-6 5-7,Challenger main draw,2024,linked,12991763,1730017500.0,"Taipei 2, Chinese Taipei",Challenger,Final,Taro Daniel,3.0,2.0,1.0,0.0,2,false,finished,True
W09E:atp:2024/2949/ms002:V832,W09E,Adam Walton,Taipei 2,CH,2024-10-21,SF,Aleksandar,Vukic,6-3 5-7 6-3,Challenger main draw,2024,linked,12991774,1729925400.0,"Taipei 2, Chinese Taipei",Challenger,Semifinals,Aleksandar Vukić,3.0,2.0,1.0,0.0,2,false,finished,True
W09E:atp:2024/2949/ms005:MK66,W09E,Adam Walton,Taipei 2,CH,2024-10-21,QF,Mackenzie,McDonald,6-1 7-6(0),Challenger main draw,2024,linked,12991775,1729828800.0,"Taipei 2, Chinese Taipei",Challenger,Quarterfinals,Mackenzie McDonald,3.0,2.0,1.0,0.0,1,false,finished,True
W09E:atp:2024/2949/ms010:H0B5,W09E,Adam Walton,Taipei 2,CH,2024-10-21,R16,Tsung-Hao,Huang,7-5 6-1,Challenger main draw,2024,linked,12991770,1729677000.0,"Taipei 2, Chinese Taipei",Challenger,Round of 16,Tsung-Hao Huang,3.0,2.0,1.0,0.0,2,false,finished,True
W09E:atp:2024/2949/ms020:E768,W09E,Adam Walton,Taipei 2,CH,2024-10-21,R32,Antoine,Escoffier,6-4 1-6 6-1,Challenger main draw,2024,linked,13006649,1729566000.0,"Taipei 2, Chinese Taipei",Challenger,Round of 32,Antoine Escoffier,3.0,2.0,1.0,0.0,2,false,finished,True
W09E:atp:2024/363/ms016:H09P,W09E,Adam Walton,Knoxville,CH,2024-11-04,R32,Brandon,Holt,4-6 3-6,Challenger main draw,2024,linked,13064954,1730763900.0,"Knoxville, USA",Challenger,Round of 32,Brandon Holt,3.0,2.0,1.0,0.0,2,false,finished,True
W09E:atp:2024/637/ms016:Q02L,W09E,Adam Walton,Champaign,CH,2024-11-11,R32,Ethan,Quinn,3-6 4-6,Challenger main draw,2024,linked,13108397,1731373500.0,"Champaign, USA",Challenger,Round of 32,Ethan Quinn,3.0,2.0,1.0,0.0,2,false,finished,True
W09E:atp:2025/339/ms020:TD51,W09E,Adam Walton,Brisbane,250,2024-12-30,R32,Frances,Tiafoe,6-7(5) 3-6,Tour main draw,2024,linked,13278111,1735612200.0,"Brisbane, Australia",ATP,Round of 32,Frances Tiafoe,3.0,2.0,1.0,0.0,1,false,finished,True
W09E:atp:2025/8998/ms021:C0H0,W09E,Adam Walton,Adelaide,250,2025-01-06,R32,Arthur,Cazaux,5-7 1-6,Tour main draw,2025,linked,13302978,1736218800.0,"Adelaide, Australia",ATP,Round of 32,Arthur Cazaux,3.0,2.0,1.0,0.0,1,false,finished,True
W09E:atp:2025/8998/qs006:H0BH,W09E,Adam Walton,Adelaide,250,2025-01-06,Q2,Rinky,Hijikata,1-6 7-6(4) 6-4,Tour qualifying,2025,linked,13301129,1736130600.0,"Adelaide, Australia, Qualifying",ATP,Qualification Final,Rinky Hijikata,3.0,1.0,1.0,0.0,2,false,finished,True
W09E:atp:2025/8998/qs013:L987,W09E,Adam Walton,Adelaide,250,2025-01-06,Q1,Dusan,Lajovic,6-4 4-6 6-3,Tour qualifying,2025,linked,13298713,1736055300.0,"Adelaide, Australia, Qualifying",ATP,Qualification Round 1,Dušan Lajović,3.0,2.0,1.0,0.0,1,false,finished,True
W09E:atp:2025/580/ms122:HB64,W09E,Adam Walton,Australian Open,GS,2025-01-13,R128,Quentin,Halys,6-4 6-4 4-6 6-7(4) 5-7,Tour main draw,2025,linked,13314093,1736673600.0,"Australian Open, Melbourne, Australia",ATP,Round of 128,Quentin Halys,3.0,2.0,1.0,0.0,2,false,finished,True
W09E:atp:2025/2967/ms003:S0N0,W09E,Adam Walton,Brisbane 1,CH,2025-01-27,SF,Tristan,Schoolkate,6-4 3-6 6-7(5),Challenger main draw,2025,unobserved,,,,,,,,,,,,,,False
W09E:atp:2025/2967/ms007:TA46,W09E,Adam Walton,Brisbane 1,CH,2025-01-27,QF,Bernard,Tomic,6-4 7-5,Challenger main draw,2025,unobserved,,,,,,,,,,,,,,False
W09E:atp:2025/2967/ms015:H0BA,W09E,Adam Walton,Brisbane 1,CH,2025-01-27,R16,Shinji,Hazawa,6-4 6-3,Challenger main draw,2025,unobserved,,,,,,,,,,,,,,False
W09E:atp:2025/2967/ms031:I0B0,W09E,Adam Walton,Brisbane 1,CH,2025-01-27,R32,Andre,Ilagan,6-2 6-4,Challenger main draw,2025,unobserved,,,,,,,,,,,,,,False
W09E:atp:2025/2969/ms001:KB95,W09E,Adam Walton,Brisbane 2,CH,2025-02-03,F,Jason,Kubler,7-6(6) 7-6(4),Challenger main draw,2025,linked,13404999,1739075400.0,"Brisbane 2, Australia",Challenger,Final,Jason Kubler,3.0,2.0,1.0,0.0,2,false,finished,True
W09E:atp:2025/2969/ms002:J553,W09E,Adam Walton,Brisbane 2,CH,2025-02-03,SF,Omar,Jasika,6-2 6-4,Challenger main draw,2025,linked,13405002,1738998900.0,"Brisbane 2, Australia",Challenger,Semifinals,Omar Jasika,3.0,2.0,1.0,0.0,1,false,finished,True
W09E:atp:2025/2969/ms004:I0B0,W09E,Adam Walton,Brisbane 2,CH,2025-02-03,QF,Andre,Ilagan,6-3 6-4,Challenger main draw,2025,linked,13404993,1738906500.0,"Brisbane 2, Australia",Challenger,Quarterfinals,Andre Ilagan,3.0,2.0,1.0,0.0,1,false,finished,True
W09E:atp:2025/2969/ms008:MI01,W09E,Adam Walton,Brisbane 2,CH,2025-02-03,R16,Hiroki,Moriya,6-3 6-4,Challenger main draw,2025,unobserved,,,,,,,,,,,,,,False
W09E:atp:2025/2969/ms016:N0AL,W09E,Adam Walton,Brisbane 2,CH,2025-02-03,R32,Govind,Nanda,6-2 6-4,Challenger main draw,2025,unobserved,,,,,,,,,,,,,,False
W09E:atp:2025/499/ms021:T0HA,W09E,Adam Walton,Delray Beach,250,2025-02-10,R32,Learner,Tien,4-6 3-6,Tour main draw,2025,linked,13450122,1739376000.0,"Delray Beach, USA",ATP,Round of 32,Learner Tien,3.0,2.0,1.0,0.0,1,false,finished,True
W09E:atp:2025/807/ms026:GC88,W09E,Adam Walton,Acapulco,500,2025-02-24,R32,Marcos,Giron,6-7(4) 2-6,Tour main draw,2025,linked,13525567,1740452100.0,"Acapulco, Mexico",ATP,Round of 32,Marcos Giron,3.0,2.0,1.0,0.0,2,false,finished,True
W09E:atp:2025/807/qs005:K0AZ,W09E,Adam Walton,Acapulco,500,2025-02-24,Q2,Aleksandar,Kovacevic,3-6 6-2 6-3,Tour qualifying,2025,linked,13521222,1740355200.0,"Acapulco, Mexico, Qualifying",ATP,Qualification Final,Aleksandar Kovačević,3.0,1.0,1.0,0.0,2,false,finished,True
W09E:atp:2025/807/qs011:ME82,W09E,Adam Walton,Acapulco,500,2025-02-24,Q1,Adrian,Mannarino,6-4 6-0,Tour qualifying,2025,linked,13516450,1740265200.0,"Acapulco, Mexico, Qualifying",ATP,Qualification Round 1,Adrian Mannarino,3.0,2.0,1.0,0.0,2,false,finished,True
W09E:atp:2025/404/ms062:SU55,W09E,Adam Walton,ATP Masters 1000 Indian Wells,1000,2025-03-03,R64,Denis,Shapovalov,3-6 2-6,Tour main draw,2025,linked,13537571,1741466700.0,"Indian Wells, USA",ATP,Round of 64,Denis Shapovalov,3.0,2.0,1.0,0.0,1,false,finished,True
W09E:atp:2025/404/ms125:Z0A1,W09E,Adam Walton,ATP Masters 1000 Indian Wells,1000,2025-03-03,R128,Giulio,Zeppieri,7-5 6-1,Tour main draw,2025,linked,13566903,1741312500.0,"Indian Wells, USA",ATP,Round of 128,Giulio Zeppieri,3.0,2.0,1.0,0.0,1,false,finished,True
W09E:atp:2025/404/qs024:MP01,W09E,Adam Walton,ATP Masters 1000 Indian Wells,1000,2025-03-03,Q2,Michael,Mmoh,6-4 2-6 6-1,Tour qualifying,2025,linked,13563112,1741132200.0,"Indian Wells, USA, Qualifying",ATP,Qualification Round 2,Michael Mmoh,3.0,2.0,1.0,0.0,2,false,finished,True
W09E:atp:2025/404/qs048:LB66,W09E,Adam Walton,ATP Masters 1000 Indian Wells,1000,2025-03-03,Q1,Constant,Lestienne,7-5 6-4,Tour qualifying,2025,linked,13559758,1741049700.0,"Indian Wells, USA, Qualifying",ATP,absent,Constant Lestienne,3.0,1.0,1.0,0.0,1,false,finished,True
W09E:atp:2025/9167/ms025:G09O,W09E,Adam Walton,Phoenix,CH,2025-03-10,R32,Hugo,Gaston,2-6 4-6,Challenger main draw,2025,linked,13587110,1741804500.0,"Phoenix, USA",Challenger,Round of 32,Hugo Gaston,3.0,2.0,1.0,0.0,2,false,finished,True
W09E:atp:2025/403/ms010:FB98,W09E,Adam Walton,ATP Masters 1000 Miami,1000,2025-03-17,R16,Taylor,Fritz,3-6 5-7,Tour main draw,2025,linked,13610773,1742945700.0,"Miami, USA",ATP,Round of 16,Taylor Fritz,3.0,2.0,1.0,0.0,1,false,finished,True
W09E:atp:2025/403/ms021:W0BH,W09E,Adam Walton,ATP Masters 1000 Miami,1000,2025-03-17,R32,Coleman,Wong,7-6(6) 4-6 6-4,Tour main draw,2025,linked,13610812,1742828400.0,"Miami, USA",ATP,Round of 32,Coleman Wong,3.0,2.0,1.0,0.0,1,false,finished,True
W09E:atp:2025/403/ms042:D0FJ,W09E,Adam Walton,ATP Masters 1000 Miami,1000,2025-03-17,R64,Luciano,Darderi,6-4 6-4,Tour main draw,2025,linked,13653285,1742655600.0,"Miami, USA",ATP,Round of 64,Luciano Darderi,3.0,2.0,1.0,0.0,1,false,finished,True
W09E:atp:2025/403/qs023:S0N0,W09E,Adam Walton,ATP Masters 1000 Miami,1000,2025-03-17,Q2,Tristan,Schoolkate,3-6 4-6,Tour qualifying,2025,linked,13630868,1742322000.0,"Miami, USA, Qualifying",ATP,Qualification Round 2,Tristan Schoolkate,3.0,2.0,1.0,0.0,2,false,finished,True
W09E:atp:2025/403/qs046:K926,W09E,Adam Walton,ATP Masters 1000 Miami,1000,2025-03-17,Q1,Mikhail,Kukushkin,6-1 6-4,Tour qualifying,2025,linked,13623398,1742246100.0,"Miami, USA, Qualifying",ATP,Qualification Round 1,Mikhail Kukushkin,3.0,2.0,1.0,0.0,2,false,finished,True
W09E:atp:2025/717/ms015:TD51,W09E,Adam Walton,Houston,250,2025-03-31,R16,Frances,Tiafoe,5-7 3-6,Tour main draw,2025,unobserved,,,,,,,,,,,,,,False
W09E:atp:2025/717/ms030:MP01,W09E,Adam Walton,Houston,250,2025-03-31,R32,Michael,Mmoh,6-3 7-6(5),Tour main draw,2025,linked,13587109,1711843200.0,"Houston, USA",ATP,Round of 32,Michael Mmoh,3.0,2.0,1.0,4.0,2,false,finished,True
W09E:atp:2025/1741/ms001:A0GC,W09E,Adam Walton,Busan,CH,2025-04-14,F,Terence,Atmane,3-6 4-6,Challenger main draw,2025,linked,13740650,1745122800.0,"Busan, South Korea",Challenger,Final,Terence Atmane,3.0,2.0,1.0,0.0,2,false,finished,True
W09E:atp:2025/1741/ms002:KB95,W09E,Adam Walton,Busan,CH,2025-04-14,SF,Jason,Kubler,7-6(6) 6-7(3) 7-5,Challenger main draw,2025,linked,13740653,1745037600.0,"Busan, South Korea",Challenger,Semifinals,Jason Kubler,3.0,2.0,1.0,0.0,1,false,finished,True
W09E:atp:2025/1741/ms004:U134,W09E,Adam Walton,Busan,CH,2025-04-14,QF,Yasutaka,Uchiyama,7-5 5-7 6-3,Challenger main draw,2025,unobserved,,,,,,,,,,,,,,False
W09E:atp:2025/1741/ms008:S0AQ,W09E,Adam Walton,Busan,CH,2025-04-14,R16,Yuta,Shimizu,6-2 7-6(4),Challenger main draw,2025,unobserved,,,,,,,,,,,,,,False
W09E:atp:2025/1741/ms016:N09U,W09E,Adam Walton,Busan,CH,2025-04-14,R32,Rio,Noguchi,6-0 6-2,Challenger main draw,2025,unobserved,,,,,,,,,,,,,,False
W09E:atp:2025/7490/ms008:KB95,W09E,Adam Walton,Gwangju,CH,2025-04-21,R16,Jason,Kubler,4-6 1-6,Challenger main draw,2025,linked,13773683,1745471400.0,"Gwangju, South Korea",Challenger,Round of 16,Jason Kubler,3.0,2.0,1.0,0.0,2,false,finished,True
W09E:atp:2025/7490/ms016:S0MN,W09E,Adam Walton,Gwangju,CH,2025-04-21,R32,Marat,Sharipov,6-3 6-2,Challenger main draw,2025,linked,13795343,1745370000.0,"Gwangju, South Korea",Challenger,Round of 32,Marat Sharipov,3.0,2.0,1.0,0.0,1,false,finished,True
W09E:atp:2025/6965/ms008:K0E6,W09E,Adam Walton,Guangzhou,CH,2025-04-28,R16,Alibek,Kachmazov,6-4 6-7(2) 2-6,Challenger main draw,2025,linked,13804952,1746074700.0,"Guangzhou, China",Challenger,Round of 16,Alibek Kachmazov,3.0,2.0,1.0,0.0,2,false,finished,True
W09E:atp:2025/6965/ms016:I0B0,W09E,Adam Walton,Guangzhou,CH,2025-04-28,R32,Andre,Ilagan,6-3 7-6(3),Challenger main draw,2025,linked,13823696,1745909100.0,"Guangzhou, China",Challenger,Round of 32,Andre Ilagan,3.0,2.0,1.0,0.0,1,false,finished,True
W09E:atp:2025/2921/ms016:I0B0,W09E,Adam Walton,Wuxi,CH,2025-05-05,R32,Andre,Ilagan,4-6 1-4,Challenger main draw,2025,linked,13854768,1746506400.0,"Wuxi, China",Challenger,Round of 32,Andre Ilagan,3.0,2.0,1.0,0.0,1,false,finished,True
W09E:atp:2025/520/ms034:RE44,W09E,Adam Walton,Roland Garros,GS,2025-05-26,R64,Andrey,Rublev,6-7(1) 1-6 6-7(5),Tour main draw,2025,linked,13919834,1748521800.0,"French Open, Paris, France",ATP,Round of 64,Andrey Rublev,3.0,2.0,0.0,0.0,2,false,finished,True
W09E:atp:2025/520/ms069:MN13,W09E,Adam Walton,Roland Garros,GS,2025-05-26,R128,Maximilian,Marterer,7-6(3) 4-6 6-3 2-6 6-2,Tour main draw,2025,linked,13934932,1748350200.0,"French Open, Paris, France",ATP,Round of 128,Maximilian Marterer,3.0,2.0,0.0,0.0,2,false,finished,True
W09E:atp:2025/440/qs008:E687,W09E,Adam Walton,'s-Hertogenbosch,250,2025-06-09,Q1,Daniel,Evans,2-6 6-2 3-6,Tour qualifying,2025,linked,13980016,1749391800.0,"S-Hertogenbosch, Netherlands, Qualifying",ATP,Qualification Round 1,Daniel Evans,3.0,2.0,1.0,0.0,2,false,finished,True
W09E:atp:2025/311/ms016:A0E2,W09E,Adam Walton,London / Queen's Club,500,2025-06-16,R32,Carlos,Alcaraz,4-6 6-7(4),Tour main draw,2025,linked,14020587,1750169400.0,"London, Great Britain",ATP,Round of 32,Carlos Alcaraz,3.0,2.0,1.0,0.0,1,false,finished,True
W09E:atp:2025/311/qs005:V832,W09E,Adam Walton,London / Queen's Club,500,2025-06-16,Q2,Aleksandar,Vukic,4-6 4-6,Tour qualifying,2025,linked,14010556,1749990000.0,"London, Great Britain, Qualifying",ATP,Qualification Final,Aleksandar Vukić,3.0,1.0,1.0,0.0,2,false,finished,True
W09E:atp:2025/311/qs010:M0JF,W09E,Adam Walton,London / Queen's Club,500,2025-06-16,Q1,Hamad,Medjedovic,7-6(5) 6-2,Tour qualifying,2025,linked,14006533,1749913200.0,"London, Great Britain, Qualifying",ATP,Qualification Round 1,Hamad Medjedović,3.0,2.0,1.0,0.0,2,false,finished,True
W09E:atp:2025/8994/qs012:H09P,W09E,Adam Walton,Mallorca,250,2025-06-23,Q1,Brandon,Holt,3-6 7-6(1) 6-7(0),Tour qualifying,2025,linked,14033235,1750496400.0,"Mallorca, Spain, Qualifying",ATP,Qualification Round 1,Brandon Holt,3.0,2.0,1.0,0.0,2,false,finished,True
W09E:atp:2025/540/ms089:C0H0,W09E,Adam Walton,Wimbledon,GS,2025-06-30,R128,Arthur,Cazaux,3-6 6-7(6) 6-4 7-6(5) 1-6,Tour main draw,2025,linked,14061817,1751364000.0,"Wimbledon, London, Great Britain",ATP,Round of 128,Arthur Cazaux,3.0,2.0,1.0,0.0,2,false,finished,True
W09E:atp:2025/7480/ms003:SU55,W09E,Adam Walton,Los Cabos,250,2025-07-14,SF,Denis,Shapovalov,2-6 2-6,Tour main draw,2025,unobserved,,,,,,,,,,,,,,False
W09E:atp:2025/7480/ms007:D994,W09E,Adam Walton,Los Cabos,250,2025-07-14,QF,James,Duckworth,3-6 6-3 6-4,Tour main draw,2025,unobserved,,,,,,,,,,,,,,False
W09E:atp:2025/7480/ms014:B0NN,W09E,Adam Walton,Los Cabos,250,2025-07-14,R16,Nishesh,Basavareddy,6-1 6-0,Tour main draw,2025,linked,14147243,1752730500.0,"Los Cabos, Mexico",ATP,Round of 16,Nishesh Basavareddy,3.0,2.0,1.0,0.0,1,false,finished,True
W09E:atp:2025/7480/ms028:P0J1,W09E,Adam Walton,Los Cabos,250,2025-07-14,R32,Rodrigo,Pacheco Mendez,7-6(5) 6-2,Tour main draw,2025,linked,14172148,1752636300.0,"Los Cabos, Mexico",ATP,Round of 32,Rodrigo Pacheco Mendez,3.0,2.0,1.0,0.0,1,false,finished,True
W09E:atp:2025/421/ms032:Z355,W09E,Adam Walton,ATP Masters 1000 Canada,1000,2025-07-28,R64,Alexander,Zverev,6-7(6) 4-6,Tour main draw,2025,unobserved,,,,,,,,,,,,,,False
W09E:atp:2025/421/ms065:BM95,W09E,Adam Walton,ATP Masters 1000 Canada,1000,2025-07-28,R128,Benjamin,Bonzi,4-6 6-0 6-3,Tour main draw,2025,unobserved,,,,,,,,,,,,,,False
W09E:atp:2025/422/ms025:L0BV,W09E,Adam Walton,ATP Masters 1000 Cincinnati,1000,2025-08-04,R32,Jiri,Lehecka,6-7(5) 6-7(3),Tour main draw,2025,unobserved,,,,,,,,,,,,,,False
W09E:atp:2025/422/ms051:MM58,W09E,Adam Walton,ATP Masters 1000 Cincinnati,1000,2025-08-04,R64,Daniil,Medvedev,6-7(0) 6-4 6-1,Tour main draw,2025,unobserved,,,,,,,,,,,,,,False
W09E:atp:2025/422/ms102:N0BS,W09E,Adam Walton,ATP Masters 1000 Cincinnati,1000,2025-08-04,R128,Mariano,Navone,4-6 7-6(3) 6-1,Tour main draw,2025,unobserved,,,,,,,,,,,,,,False
W09E:atp:2025/6242/ms038:V812,W09E,Adam Walton,Winston-Salem,250,2025-08-18,R64,Botic,van de Zandschulp,6-2 5-7 3-6,Tour main draw,2025,unobserved,,,,,,,,,,,,,,False
W09E:atp:2025/560/ms042:W0BH,W09E,Adam Walton,US Open,GS,2025-08-25,R64,Coleman,Wong,6-7(5) 2-6 6-4 4-6,Tour main draw,2025,unobserved,,,,,,,,,,,,,,False
W09E:atp:2025/560/ms084:HH26,W09E,Adam Walton,US Open,GS,2025-08-25,R128,Ugo,Humbert,6-4 7-6(4) 5-7 6-1,Tour main draw,2025,unobserved,,,,,,,,,,,,,,False
W09E:atp:2025/4713/ms029:K0AH,W09E,Adam Walton,Hangzhou,250,2025-09-15,R32,Sebastian,Korda,5-7 3-6,Tour main draw,2025,linked,14689582,1758262500.0,"Hangzhou, China",ATP,Round of 32,Sebastian Korda,3.0,2.0,1.0,0.0,2,false,finished,True
W09E:atp:2025/329/qs013:S0UV,W09E,Adam Walton,Tokyo,500,2025-09-22,Q1,Rei,Sakamoto,2-6 4-6,Tour qualifying,2025,linked,14736694,1758517500.0,"Tokyo, Japan, Qualifying",ATP,Qualification Round 1,Rei Sakamoto,3.0,2.0,1.0,0.0,1,false,finished,True
W09E:atp:2025/5014/ms122:B0GG,W09E,Adam Walton,ATP Masters 1000 Shanghai,1000,2025-09-29,R128,Mattia,Bellucci,6-7(6) 1-6,Tour main draw,2025,linked,14792373,1759293000.0,"Shanghai, China",ATP,Round of 128,Mattia Bellucci,3.0,2.0,1.0,0.0,2,false,finished,True
W09E:atp:2025/7746/ms015:H09P,W09E,Adam Walton,Jinan,CH,2025-10-06,R16,Brandon,Holt,4-6 3-6,Challenger main draw,2025,linked,14807217,1759995900.0,"Jinan, China",Challenger,Round of 16,Brandon Holt,3.0,2.0,1.0,0.0,2,false,finished,True
W09E:atp:2025/7746/ms031:SX90,W09E,Adam Walton,Jinan,CH,2025-10-06,R32,Fajing,Sun,3-6 7-5 6-4,Challenger main draw,2025,linked,14828475,1759819200.0,"Jinan, China",Challenger,Round of 32,Fajing Sun,3.0,2.0,1.0,0.0,2,false,finished,True
W09E:atp:2025/9410/ms015:MM58,W09E,Adam Walton,Almaty,250,2025-10-13,R16,Daniil,Medvedev,5-7 6-7(0),Tour main draw,2025,linked,14851657,1760604000.0,"Almaty, Kazakhstan",ATP,Round of 16,Daniil Medvedev,3.0,2.0,1.0,0.0,2,false,finished,True
W09E:atp:2025/9410/ms030:S0N0,W09E,Adam Walton,Almaty,250,2025-10-13,R32,Tristan,Schoolkate,7-6(4) 6-7(3) 6-2,Tour main draw,2025,linked,14869760,1760421600.0,"Almaty, Kazakhstan",ATP,Round of 32,Tristan Schoolkate,3.0,2.0,1.0,0.0,2,false,finished,True
W09E:atp:2025/328/qs013:C977,W09E,Adam Walton,Basel,500,2025-10-20,Q1,Marin,Cilic,4-6 1-6,Tour qualifying,2025,linked,14906079,1760800800.0,"Basel, Switzerland, Qualifying",ATP,Qualification Round 1,Marin Čilić,3.0,2.0,1.0,0.0,1,false,finished,True
W09E:atp:2025/352/qs025:V832,W09E,Adam Walton,ATP Masters 1000 Paris,1000,2025-10-27,Q1,Aleksandar,Vukic,6-3 2-6 4-6,Tour qualifying,2025,linked,14946099,1761395400.0,"Paris, France, Qualifying",ATP,Qualification Round 1,Aleksandar Vukić,3.0,2.0,1.0,0.0,2,false,finished,True
W09E:atp:2025/5100/ms017:TE30,W09E,Adam Walton,Athens,250,2025-11-03,R32,Alejandro,Tabilo,6-7(7) 7-6(6) 5-7,Tour main draw,2025,linked,14982503,1762098300.0,"Athens, Greece",ATP,Round of 32,Alejandro Tabilo,3.0,2.0,1.0,0.0,2,false,finished,True
W09E:atp:2026/339/ms026:H0BH,W09E,Adam Walton,Brisbane,250,2026-01-05,R32,Rinky,Hijikata,3-6 2-6,Tour main draw,2026,linked,15313778,1767686400.0,"Brisbane, Australia",ATP,Round of 32,Rinky Hijikata,3.0,2.0,1.0,0.0,1,false,finished,True
W09E:atp:2026/8998/qs006:HB64,W09E,Adam Walton,Adelaide,250,2026-01-12,Q2,Quentin,Halys,2-6 6-7(9),Tour qualifying,2026,linked,15346302,1768186800.0,"Adelaide, Australia, Qualifying",ATP,Qualification Final,Quentin Halys,3.0,1.0,1.0,0.0,1,false,finished,True
W09E:atp:2026/8998/qs012:DC38,W09E,Adam Walton,Adelaide,250,2026-01-12,Q1,Jake,Delaney,6-2 3-6 7-6(2),Tour qualifying,2026,linked,15341442,1768111200.0,"Adelaide, Australia, Qualifying",ATP,Qualification Round 1,Jake Delaney,3.0,2.0,1.0,0.0,1,false,finished,True
W09E:atp:2026/580/ms064:A0E2,W09E,Adam Walton,Australian Open,GS,2026-01-19,R128,Carlos,Alcaraz,3-6 6-7(2) 2-6,Tour main draw,2026,linked,15372343,1768730100.0,"Australian Open, Melbourne, Australia",ATP,Round of 128,Carlos Alcaraz,3.0,2.0,1.0,0.0,2,false,finished,True
W09E:atp:2026/2967/ms016:N707,W09E,Adam Walton,Brisbane 1,CH,2026-02-02,R32,Naoki,Nakagawa,6-4 3-6 4-6,Challenger main draw,2026,unobserved,,,,,,,,,,,,,,False
W09E:atp:2026/424/ms030:ME82,W09E,Adam Walton,Dallas,500,2026-02-09,R32,Adrian,Mannarino,4-6 2-6,Tour main draw,2026,unobserved,,,,,,,,,,,,,,False
W09E:atp:2026/499/ms009:PL56,W09E,Adam Walton,Delray Beach,250,2026-02-16,R16,Tommy,Paul,6-7(11) 3-6,Tour main draw,2026,unobserved,,,,,,,,,,,,,,False
W09E:atp:2026/499/ms018:D0F6,W09E,Adam Walton,Delray Beach,250,2026-02-16,R32,Gabriel,Diallo,7-6(4) 6-3,Tour main draw,2026,unobserved,,,,,,,,,,,,,,False
W09E:atp:2026/499/qs004:SY67,W09E,Adam Walton,Delray Beach,250,2026-02-16,Q2,Sho,Shimabukuro,3-6 4-6,Tour qualifying,2026,unobserved,,,,,,,,,,,,,,False
W09E:atp:2026/499/qs008:MW18,W09E,Adam Walton,Delray Beach,250,2026-02-16,Q1,Nicolas,Moreno De Alboran,6-3 4-6 6-4,Tour qualifying,2026,unobserved,,,,,,,,,,,,,,False
W09E:atp:2026/807/ms025:K0AZ,W09E,Adam Walton,Acapulco,500,2026-02-23,R32,Aleksandar,Kovacevic,6-7(1) 6-7(3),Tour main draw,2026,unobserved,,,,,,,,,,,,,,False
W09E:atp:2026/404/ms057:T0HA,W09E,Adam Walton,ATP Masters 1000 Indian Wells,1000,2026-03-02,R64,Learner,Tien,6-7(3) 6-7(8),Tour main draw,2026,linked,15625007,1772823600.0,"Indian Wells, USA",ATP,Round of 64,Learner Tien,3.0,2.0,1.0,0.0,1,false,finished,True
W09E:atp:2026/404/ms114:HB64,W09E,Adam Walton,ATP Masters 1000 Indian Wells,1000,2026-03-02,R128,Quentin,Halys,6-3 6-3,Tour main draw,2026,unobserved,,,,,,,,,,,,,,False
W09E:atp:2026/2975/ms002:B0GG,W09E,Adam Walton,Cap Cana,CH,2026-03-09,SF,Mattia,Bellucci,3-6 5-7,Challenger main draw,2026,linked,15655241,1773522600.0,"Cap Cana, Dominican Republic",Challenger,Semifinals,Mattia Bellucci,3.0,2.0,1.0,0.0,2,false,finished,True
W09E:atp:2026/2975/ms004:KI95,W09E,Adam Walton,Cap Cana,CH,2026-03-09,QF,Miomir,Kecmanovic,2-6 7-5 6-2,Challenger main draw,2026,linked,15655248,1773441300.0,"Cap Cana, Dominican Republic",Challenger,Quarterfinals,Miomir Kecmanović,3.0,2.0,1.0,0.0,2,false,finished,True
W09E:atp:2026/2975/ms009:AG08,W09E,Adam Walton,Cap Cana,CH,2026-03-09,R16,Andy,Andrade,6-4 6-2,Challenger main draw,2026,linked,15655239,1773354300.0,"Cap Cana, Dominican Republic",Challenger,Round of 16,Andres Andrade,1.0,2.0,1.0,0.0,1,false,finished,True
W09E:atp:2026/2975/ms019:J551,W09E,Adam Walton,Cap Cana,CH,2026-03-09,R32,Nicolas,Jarry,7-6(5) 6-1,Challenger main draw,2026,linked,15688594,1773175800.0,"Cap Cana, Dominican Republic",Challenger,Round of 32,Nicolas Jarry,3.0,2.0,1.0,0.0,2,false,finished,True
W09E:atp:2026/403/ms059:M0NI,W09E,Adam Walton,ATP Masters 1000 Miami,1000,2026-03-16,R64,Jakub,Mensik,6-3 2-6 4-6,Tour main draw,2026,linked,15708872,1774128300.0,"Miami, USA",ATP,Round of 64,Jakub Menšik,3.0,2.0,1.0,0.0,2,false,finished,True
W09E:atp:2026/403/ms118:B0BI,W09E,Adam Walton,ATP Masters 1000 Miami,1000,2026-03-16,R128,Sebastian,Baez,6-2 6-2,Tour main draw,2026,linked,15791046,1774041300.0,"Miami, USA",ATP,Round of 128,Sebastián Báez,3.0,2.0,1.0,0.0,1,false,finished,True
W09E:atp:2026/403/qs021:H0BH,W09E,Adam Walton,ATP Masters 1000 Miami,1000,2026-03-16,Q2,Rinky,Hijikata,6-3 6-7(2) 6-1,Tour qualifying,2026,linked,15759296,1773781200.0,"Miami, USA, Qualifying",ATP,Qualification Round 2,Rinky Hijikata,3.0,2.0,1.0,0.0,1,false,finished,True
W09E:atp:2026/403/qs042:R0E0,W09E,Adam Walton,ATP Masters 1000 Miami,1000,2026-03-16,Q1,Chris,Rodesch,6-2 6-4,Tour qualifying,2026,linked,15744142,1773707400.0,"Miami, USA, Qualifying",ATP,Qualification Round 1,Chris Rodesch,3.0,2.0,1.0,0.0,1,false,finished,True
W09E:atp:2026/2991/ms031:P0AY,W09E,Adam Walton,Morelia,CH,2026-03-23,R32,Luka,Pavlovic,3-6 5-7,Challenger main draw,2026,linked,15847200,1774380900.0,"Morelia, Mexico",Challenger,Round of 32,Luka Pavlović,3.0,2.0,1.0,0.0,2,false,finished,True
W09E:atp:2026/717/ms022:B0FV,W09E,Adam Walton,Houston,250,2026-03-30,R32,Roman Andres,Burruchaga,2-6 3-6,Tour main draw,2026,linked,15897169,1775062800.0,"Houston, USA",ATP,Round of 32,Roman Andres Burruchaga,3.0,2.0,1.0,0.0,1,false,finished,True
W09E:atp:2026/1741/ms007:Y09V,W09E,Adam Walton,Busan,CH,2026-04-13,QF,Yunchaokete,Bu,4-6 6-7(6),Challenger main draw,2026,linked,15981219,1776391200.0,"Busan, Korea Republic",Challenger,Quarterfinals,Yunchaokete Bu,3.0,2.0,1.0,0.0,1,false,finished,True
W09E:atp:2026/1741/ms015:T0BW,W09E,Adam Walton,Busan,CH,2026-04-13,R16,James,Trotter,6-4 6-7(2) 6-3,Challenger main draw,2026,linked,15981223,1776218400.0,"Busan, Korea Republic",Challenger,Round of 16,James Trotter,3.0,2.0,1.0,0.0,2,false,finished,True
W09E:atp:2026/1741/ms031:H09F,W09E,Adam Walton,Busan,CH,2026-04-13,R32,Yu Hsiou,Hsu,6-2 5-7 6-2,Challenger main draw,2026,linked,15991902,1776058500.0,"Busan, Korea Republic",Challenger,Round of 32,Yu Hsiou Hsu,3.0,2.0,1.0,0.0,2,false,finished,True
W09E:atp:2026/1536/ms060:KE29,W09E,Adam Walton,ATP Masters 1000 Madrid,1000,2026-04-20,R64,Karen,Khachanov,2-6 3-6,Tour main draw,2026,linked,16012171,1777107600.0,"Madrid, Spain",ATP,Round of 64,Karen Khachanov,3.0,2.0,1.0,0.0,2,false,finished,True
W09E:atp:2026/1536/ms121:L0IL,W09E,Adam Walton,ATP Masters 1000 Madrid,1000,2026-04-20,R128,Martin,Landaluce,6-2 6-3,Tour main draw,2026,linked,16040141,1776962100.0,"Madrid, Spain",ATP,Round of 128,Martin Landaluce,3.0,2.0,1.0,0.0,2,false,finished,True
W09E:atp:2026/3083/ms001:W0BH,W09E,Adam Walton,Jiujiang,CH,2026-04-27,F,Coleman,Wong,5-7 6-7(4),Challenger main draw,2026,unobserved,,,,,,,,,,,,,,False
W09E:atp:2026/3083/ms002:BI81,W09E,Adam Walton,Jiujiang,CH,2026-04-27,SF,Alex,Bolt,6-2 3-6 7-6(5),Challenger main draw,2026,unobserved,,,,,,,,,,,,,,False
W09E:atp:2026/3083/ms005:GK06,W09E,Adam Walton,Jiujiang,CH,2026-04-27,QF,Alexis,Galarneau,6-1 6-7(5) 7-6(3),Challenger main draw,2026,unobserved,,,,,,,,,,,,,,False
W09E:atp:2026/3083/ms010:W857,W09E,Adam Walton,Jiujiang,CH,2026-04-27,R16,Tung-Lin,Wu,5-7 6-3 7-6(4),Challenger main draw,2026,linked,16070439,1777554600.0,"Jiujiang, China",Challenger,Round of 16,Tung-Lin Wu,3.0,2.0,1.0,0.0,1,false,finished,True
W09E:atp:2026/3083/ms020:C0AJ,W09E,Adam Walton,Jiujiang,CH,2026-04-27,R32,Jie,Cui,6-3 6-2,Challenger main draw,2026,linked,16070438,1777467000.0,"Jiujiang, China",Challenger,Round of 32,Jie Cui,3.0,2.0,1.0,0.0,1,false,finished,True
W09E:atp:2026/2921/ms004:Y09V,W09E,Adam Walton,Wuxi,CH,2026-05-04,QF,Yunchaokete,Bu,2-6 0-6,Challenger main draw,2026,unobserved,,,,,,,,,,,,,,False
W09E:atp:2026/2921/ms008:M0OQ,W09E,Adam Walton,Wuxi,CH,2026-05-04,R16,James,McCabe,6-3 7-6(1),Challenger main draw,2026,unobserved,,,,,,,,,,,,,,False
W09E:atp:2026/2921/ms016:H09F,W09E,Adam Walton,Wuxi,CH,2026-05-04,R32,Yu Hsiou,Hsu,6-4 6-4,Challenger main draw,2026,unobserved,,,,,,,,,,,,,,False
W09E:atp:2026/520/ms047:S0K7,W09E,Adam Walton,Roland Garros,GS,2026-05-25,R64,Zachary,Svajda,3-6 4-6 7-6(4) 2-6,Tour main draw,2026,unobserved,,,,,,,,,,,,,,False
W09E:atp:2026/520/ms095:MM58,W09E,Adam Walton,Roland Garros,GS,2026-05-25,R128,Daniil,Medvedev,6-2 1-6 6-1 1-6 6-4,Tour main draw,2026,unobserved,,,,,,,,,,,,,,False
W09E:atp:2026/2873/ms001:I0B0,W09E,Adam Walton,Tyler,CH,2026-06-01,F,Andre,Ilagan,7-5 6-1,Challenger main draw,2026,linked,16257428,1780851600.0,"Tyler, USA",Challenger,Final,Andre Ilagan,3.0,2.0,1.0,0.0,1,false,finished,True
W09E:atp:2026/2873/ms002:D0DP,W09E,Adam Walton,Tyler,CH,2026-06-01,SF,Liam,Draxl,6-4 6-4,Challenger main draw,2026,linked,16257432,1780765500.0,"Tyler, USA",Challenger,Semifinals,Liam Draxl,3.0,2.0,1.0,0.0,1,false,finished,True
W09E:atp:2026/2873/ms004:L0ER,W09E,Adam Walton,Tyler,CH,2026-06-01,QF,Timo,Legout,6-2 6-2,Challenger main draw,2026,linked,16257433,1780685400.0,"Tyler, USA",Challenger,Quarterfinals,Timo Legout,3.0,2.0,1.0,0.0,1,false,finished,True
W09E:atp:2026/2873/ms008:M0NP,W09E,Adam Walton,Tyler,CH,2026-06-01,R16,Andres,Martin,6-2 6-2,Challenger main draw,2026,linked,16257426,1780612500.0,"Tyler, USA",Challenger,Round of 16,Andres Martin,3.0,2.0,1.0,0.0,1,false,finished,True
W09E:atp:2026/2873/ms016:W857,W09E,Adam Walton,Tyler,CH,2026-06-01,R32,Tung-Lin,Wu,4-6 7-6(4) 6-1,Challenger main draw,2026,unobserved,,,,,,,,,,,,,,False
W09E:atp:2026/311/qs015:W0AH,W09E,Adam Walton,London / Queen's Club,500,2026-06-15,Q1,Harry,Wendelken,3-6 7-6(5) 3-6,Tour qualifying,2026,linked,16320695,1781353800.0,"London, Great Britain, Qualifying",ATP,Qualification Round 1,Harry Wendelken,3.0,2.0,1.0,0.0,2,false,finished,True
W09E:atp:2026/8994/ms015:DH50,W09E,Adam Walton,Mallorca,250,2026-06-22,R16,Alejandro,Davidovich Fokina,4-6 5-7,Tour main draw,2026,linked,16345038,1782306000.0,"Mallorca, Spain",ATP,Round of 16,Alejandro Davidovich Fokina,3.0,2.0,1.0,0.0,2,false,finished,True
W09E:atp:2026/8994/ms030:KE17,W09E,Adam Walton,Mallorca,250,2026-06-22,R32,Nick,Kyrgios,6-3 6-4,Tour main draw,2026,linked,16373773,1782142200.0,"Mallorca, Spain",ATP,Round of 32,Nick Kyrgios,3.0,2.0,1.0,0.0,1,false,finished,True
W09E:atp:2026/8994/qs005:G0IW,W09E,Adam Walton,Mallorca,250,2026-06-22,Q2,Antoine,Ghibaudo,6-4 6-1,Tour qualifying,2026,linked,16368134,1782036000.0,"Mallorca, Spain, Qualifying",ATP,Qualification Final,Antoine Ghibaudo,3.0,1.0,1.0,0.0,2,false,finished,True
W09E:atp:2026/8994/qs010:B0PE,W09E,Adam Walton,Mallorca,250,2026-06-22,Q1,Federico,Bondioli,6-1 7-5,Tour qualifying,2026,linked,16365703,1781951700.0,"Mallorca, Spain, Qualifying",ATP,Qualification Round 1,Federico Bondioli,3.0,2.0,1.0,0.0,2,false,finished,True
W09E:atp:2026/540/ms081:P0HW,W09E,Adam Walton,Wimbledon,GS,2026-06-29,R128,Dino,Prizmic,6-4 6-7(3) 4-6 2-6,Tour main draw,2026,linked,16397271,1782741300.0,"Wimbledon, London, Great Britain",ATP,Round of 128,Dino Prižmić,3.0,2.0,1.0,0.0,2,false,finished,True
W09E:atp:2026/315/ms001:F0BY,W09E,Adam Walton,Newport,CH,2026-07-06,F,Jacob,Fearnley,7-5 6-7(8) 4-6,Challenger main draw,2026,linked,16425125,1783882500.0,"Newport, USA",Challenger,Final,Jacob Fearnley,3.0,2.0,1.0,0.0,2,false,finished,True
W09E:atp:2026/315/ms003:M0QI,W09E,Adam Walton,Newport,CH,2026-07-06,SF,Alex,Michelsen,7-6(2) 6-4,Challenger main draw,2026,linked,16425127,1783792800.0,"Newport, USA",Challenger,Semifinals,Alex Michelsen,3.0,2.0,1.0,0.0,1,false,finished,True
W09E:atp:2026/315/ms006:G0IX,W09E,Adam Walton,Newport,CH,2026-07-06,QF,Arthur,Gea,6-4 6-4,Challenger main draw,2026,linked,16425103,1783695600.0,"Newport, USA",Challenger,Quarterfinals,Arthur Gea,3.0,2.0,1.0,0.0,2,false,finished,True
W09E:atp:2026/315/ms013:TA46,W09E,Adam Walton,Newport,CH,2026-07-06,R16,Bernard,Tomic,6-4 4-6 6-2,Challenger main draw,2026,linked,16425112,1783626300.0,"Newport, USA",Challenger,Round of 16,Bernard Tomić,3.0,2.0,1.0,0.0,2,false,finished,True
W09E:atp:2026/315/ms027:MK66,W09E,Adam Walton,Newport,CH,2026-07-06,R32,Mackenzie,McDonald,6-1 6-3,Challenger main draw,2026,linked,16451931,1783526400.0,"Newport, USA",Challenger,Round of 32,Mackenzie McDonald,3.0,2.0,1.0,0.0,1,false,finished,True
W09E:atp:2026/2883/ms007:Z0BZ,W09E,Adam Walton,Bloomfield Hills,CH,2026-07-20,QF,Michael,Zheng,6-4 6-7(4) 3-6,Challenger main draw,2026,linked,16515861,1784905200.0,"Bloomfield Hills, USA",Challenger,Quarterfinals,Michael Zheng,3.0,2.0,1.0,0.0,2,false,finished,True
W09E:atp:2026/2883/ms015:KD46,W09E,Adam Walton,Bloomfield Hills,CH,2026-07-20,R16,Thanasi,Kokkinakis,2-6 6-3 7-6(3),Challenger main draw,2026,linked,16515854,1784746200.0,"Bloomfield Hills, USA",Challenger,Round of 16,Thanasi Kokkinakis,3.0,2.0,1.0,0.0,2,false,finished,True
W09E:atp:2026/2883/ms031:B0I5,W09E,Adam Walton,Bloomfield Hills,CH,2026-07-20,R32,Blaise,Bicknell,3-6 6-1 3-1,Challenger main draw,2026,linked,16569335,1784576700.0,"Bloomfield Hills, USA",Challenger,Round of 32,Blaise Bicknell,3.0,2.0,1.0,0.0,1,false,finished,True
W09E:atp:2026/7480/ms030:S0GD,W09E,Adam Walton,Los Cabos,250,2026-07-27,R32,Dalibor,Svrcina,7-6(2) 6-7(2) 3-6,Tour main draw,2026,linked,16630745,1785305700.0,"Los Cabos, Mexico",ATP,Round of 32,Dalibor Svrcina,3.0,2.0,1.0,0.0,1,false,finished,True
W09E:atp:2026/421/ms094:B0CD,W09E,Adam Walton,ATP Masters 1000 Canada,1000,2026-08-03,R128,Jenson,Brooksby,3-6 4-6,Tour main draw,2026,linked,16696351,1785855600.0,"Montreal, Canada",ATP,Round of 128,Jenson Brooksby,3.0,2.0,1.0,0.0,2,false,finished,True
W09E:atp:2026/421/qs023:B0F8,W09E,Adam Walton,ATP Masters 1000 Canada,1000,2026-08-03,Q1,Justin,Boulais,7-5 7-6(4),Tour qualifying,2026,linked,16687904,1785601800.0,"Montreal, Canada, Qualifying",ATP,Qualification Round 1,Justin Boulais,3.0,2.0,1.0,0.0,2,false,finished,True
W09E:atp:2026/422/ms028:F0F2,W09E,Adam Walton,ATP Masters 1000 Cincinnati,1000,2026-08-10,R32,Jaime,Faria,6-4 4-6 6-7(3),Tour main draw,2026,unobserved,,,,,,,,,,,,,,False
W09E:atp:2026/422/ms057:B0ID,W09E,Adam Walton,ATP Masters 1000 Cincinnati,1000,2026-08-10,R64,Ignacio,Buse,6-4 6-3,Tour main draw,2026,unobserved,,,,,,,,,,,,,,False
W09E:atp:2026/422/ms114:M0AW,W09E,Adam Walton,ATP Masters 1000 Cincinnati,1000,2026-08-10,R128,Nicolas,Mejia,7-6(5) 6-0,Tour main draw,2026,unobserved,,,,,,,,,,,,,,False
W09E:atp:2026/6242/ms027:B0ID,W09E,Adam Walton,Winston-Salem,250,2026-08-24,R32,Ignacio,Buse,2-6 7-5 3-6,Tour main draw,2026,unobserved,,,,,,,,,,,,,,False
W09E:atp:2026/6242/ms054:D0C1,W09E,Adam Walton,Winston-Salem,250,2026-08-24,R64,Jesper,de Jong,6-2 6-4,Tour main draw,2026,unobserved,,,,,,,,,,,,,,False
W09E:atp:2026/560/ms125:WB32,W09E,Adam Walton,US Open,GS,2026-08-31,R128,Yibing,Wu,6-7(2) 2-6 5-7,Tour main draw,2026,unobserved,,,,,,,,,,,,,,False
