code,page,sofa_id,ts,tournament,category,sofa_round,home,away,winner_code,final_result_only,first_to_serve,status,home_sets,away_sets,ts_suspect,ts_link,player,doubles,side,opponent,round_code,date
CH12,0,16306516,1781791500,"Poznan, Poland",Challenger,Quarterfinals,Gustavo Heide,Jan Choinski,1,false,2,finished,2,1,False,1781791500,Jan Choinski,False,away,Gustavo Heide,QF,2026-06-18 14:05
CH12,0,16365476,1781977500,"Eastbourne, Great Britain, Qualifying",ATP,Qualification Round 1,Jan Choinski,Yibing Wu,1,false,1,finished,2,0,False,1781977500,Jan Choinski,False,home,Yibing Wu,Q1,2026-06-20 17:45
CH12,0,16370145,1782045000,"Eastbourne, Great Britain, Qualifying",ATP,Qualification Final,Marcos Giron,Jan Choinski,2,false,1,finished,1,2,False,1782045000,Jan Choinski,False,away,Marcos Giron,Q,2026-06-21 12:30
CH12,0,16373935,1782145500,"Eastbourne, Great Britain",ATP,Round of 32,Jan Choinski,Alexei Popyrin,1,false,2,finished,2,1,False,1782145500,Jan Choinski,False,home,Alexei Popyrin,R32,2026-06-22 16:25
CH12,0,16385970,1782307800,"Eastbourne, Great Britain",ATP,Round of 16,Felix Gill,Jan Choinski,2,false,2,finished,1,2,False,1782307800,Jan Choinski,False,away,Felix Gill,R16,2026-06-24 13:30
CH12,0,16345107,1782307800,"Eastbourne, Great Britain",ATP,Round of 16,Taylor Fritz,Jan Choinski,absent,false,absent,canceled,absent,absent,False,1782307800,Jan Choinski,False,away,Taylor Fritz,R16,2026-06-24 13:30
CH12,0,16345099,1782387600,"Eastbourne, Great Britain",ATP,Quarterfinals,Jan Choinski,Zizou Bergs,2,false,2,finished,0,2,False,1782387600,Jan Choinski,False,home,Zizou Bergs,QF,2026-06-25 11:40
CH12,0,16397384,1782839100,"Wimbledon, London, Great Britain",ATP,Round of 128,Vit Kopřiva,Jan Choinski,2,false,2,finished,0,3,False,1782839100,Jan Choinski,False,away,Vit Kopřiva,R128,2026-06-30 17:05
CH12,0,16385322,1783010100,"Wimbledon, London, Great Britain",ATP,Round of 64,Frances Tiafoe,Jan Choinski,1,false,1,finished,3,1,False,1783010100,Jan Choinski,False,away,Frances Tiafoe,R64,2026-07-02 16:35
CH12,0,16457953,1783416300,"Braunschweig, Germany",Challenger,Round of 32,Jan Choinski,Dimitar Kuzmanov,1,false,1,finished,2,0,False,1783416300,Jan Choinski,False,home,Dimitar Kuzmanov,R32,2026-07-07 09:25
CH12,0,16425304,1783524300,"Braunschweig, Germany",Challenger,Round of 16,Jan Choinski,Max Hans Rehberg,1,false,2,finished,2,1,False,1783524300,Jan Choinski,False,home,Max Hans Rehberg,R16,2026-07-08 15:25
CH12,0,16425309,1783677600,"Braunschweig, Germany",Challenger,Quarterfinals,Jan Choinski,Diego Dedura-Palomero,1,false,1,finished,2,0,False,1783677600,Jan Choinski,False,home,Diego Dedura-Palomero,QF,2026-07-10 10:00
CH12,0,16425314,1783771200,"Braunschweig, Germany",Challenger,Semifinals,Daniel Rincon,Jan Choinski,2,false,1,finished,0,2,False,1783771200,Jan Choinski,False,away,Daniel Rincon,SF,2026-07-11 12:00
CH12,0,16425315,1783858500,"Braunschweig, Germany",Challenger,Final,Jan Choinski,Hugo Gaston,1,false,2,finished,2,1,False,1783858500,Jan Choinski,False,home,Hugo Gaston,F,2026-07-12 12:15
CH12,0,16495404,1784029800,"Bastad, Sweden",ATP,Round of 32,Jan Choinski,Nikoloz Basilashvili,2,false,2,finished,0,2,False,1784029800,Jan Choinski,False,home,Nikoloz Basilashvili,R32,2026-07-14 11:50
CH12,0,16564423,1784631600,"Estoril, Portugal",ATP,Round of 32,Jan Choinski,Jesper De Jong,absent,false,absent,canceled,absent,absent,False,1784631600,Jan Choinski,False,home,Jesper De Jong,R32,2026-07-21 11:00
CH12,0,16629547,1785156300,"Bonn, Germany",Challenger,Round of 32,Jan Choinski,Francesco Passaro,1,false,1,finished,2,0,False,1785156300,Jan Choinski,False,home,Francesco Passaro,R32,2026-07-27 12:45
CH12,0,16593398,1785315600,"Bonn, Germany",Challenger,Round of 16,Jan Choinski,Alex Barrena,1,false,1,finished,2,0,False,1785315600,Jan Choinski,False,home,Alex Barrena,R16,2026-07-29 09:00
CH12,0,16593403,1785488400,"Bonn, Germany",Challenger,Quarterfinals,Jan Choinski,Olle Wallin,1,false,2,finished,2,0,False,1785488400,Jan Choinski,False,home,Olle Wallin,QF,2026-07-31 09:00
CH12,0,16593394,1785588600,"Bonn, Germany",Challenger,Semifinals,Jan Choinski,Federico Agustin Gomez,1,false,1,finished,2,0,False,1785588600,Jan Choinski,False,home,Federico Agustin Gomez,SF,2026-08-01 12:50
CH12,0,16593393,1785668400,"Bonn, Germany",Challenger,Final,Jan Choinski,Jamie Mackenzie,1,false,1,finished,2,0,False,1785668400,Jan Choinski,False,home,Jamie Mackenzie,F,2026-08-02 11:00
CH12,1,15588989,1771657200,"Dubai, UAE, Qualifying",ATP,Qualification Round 1,Jan Choinski,Jesper De Jong,1,false,2,finished,2,0,False,1771657200,Jan Choinski,False,home,Jesper De Jong,Q1,2026-02-21 07:00
CH12,1,15592767,1771743600,"Dubai, UAE, Qualifying",ATP,Qualification Final,Giovanni Mpetshi Perricard,Jan Choinski,1,false,1,finished,2,1,False,1771743600,Jan Choinski,False,away,Giovanni Mpetshi Perricard,Q,2026-02-22 07:00
CH12,1,15638564,1772543400,"Thionville, France",Challenger,Round of 32,Mae Malige,Jan Choinski,2,false,2,finished,0,2,False,1772543400,Jan Choinski,False,away,Mae Malige,R32,2026-03-03 13:10
CH12,1,15624630,1772653500,"Thionville, France",Challenger,Round of 16,Roman Safiullin,Jan Choinski,2,false,2,finished,1,2,False,1772653500,Jan Choinski,False,away,Roman Safiullin,R16,2026-03-04 19:45
CH12,1,15624620,1772798400,"Thionville, France",Challenger,Quarterfinals,Nicolai Budkov Kjaer,Jan Choinski,1,false,1,finished,2,0,False,1772798400,Jan Choinski,False,away,Nicolai Budkov Kjaer,QF,2026-03-06 12:00
CH12,1,15736435,1773669900,"Murcia, Spain",Challenger,Round of 32,Miguel Damas,Jan Choinski,2,false,2,finished,1,2,False,1773669900,Jan Choinski,False,away,Miguel Damas,R32,2026-03-16 14:05
CH12,1,15710324,1773832500,"Murcia, Spain",Challenger,Round of 16,Pablo Llamas Ruiz,Jan Choinski,1,false,1,finished,2,1,False,1773832500,Jan Choinski,False,away,Pablo Llamas Ruiz,R16,2026-03-18 11:15
CH12,1,15856217,1774362600,"Montemar, Spain",Challenger,Round of 32,Jan Choinski,Tiago Pereira,1,false,1,finished,2,0,False,1774362600,Jan Choinski,False,home,Tiago Pereira,R32,2026-03-24 14:30
CH12,1,15829616,1774525800,"Montemar, Spain",Challenger,Round of 16,Jan Choinski,Roman Safiullin,2,false,2,finished,0,2,False,1774525800,Jan Choinski,False,home,Roman Safiullin,R16,2026-03-26 11:50
CH12,1,15917527,1774964400,"Bucharest, Romania",ATP,Round of 32,Stefanos Sakellaridis,Jan Choinski,1,false,1,finished,2,0,False,1774964400,Jan Choinski,False,away,Stefanos Sakellaridis,R32,2026-03-31 13:40
CH12,1,15944205,1775309400,"Monte Carlo, Monaco, Qualifying",ATP,Qualifications,Jan Choinski,Alexandre Muller,2,false,1,finished,0,2,False,1775309400,Jan Choinski,False,home,Alexandre Muller,Q,2026-04-04 13:30
CH12,1,15989238,1775898000,"Munich, Germany, Qualifying",ATP,Qualification Round 1,Jan Choinski,Marc-Andrea Huesler,2,false,2,finished,1,2,False,1775898000,Jan Choinski,False,home,Marc-Andrea Huesler,Q1,2026-04-11 09:00
CH12,1,16036200,1776695400,"Madrid, Spain, Qualifying",ATP,Qualification Round 1,Henrique Rocha,Jan Choinski,1,false,1,finished,2,1,False,1776695400,Jan Choinski,False,away,Henrique Rocha,Q1,2026-04-20 14:30
CH12,1,16071381,1777368300,"Mauthausen, Austria",Challenger,Round of 32,Joel Schwaerzler,Jan Choinski,2,false,1,finished,1,2,False,1777368300,Jan Choinski,False,away,Joel Schwaerzler,R32,2026-04-28 09:25
CH12,1,16050295,1777456200,"Mauthausen, Austria",Challenger,Round of 16,Laslo Djere,Jan Choinski,1,false,1,finished,2,0,False,1777456200,Jan Choinski,False,away,Laslo Djere,R16,2026-04-29 09:50
CH12,1,16119502,1777888800,"ATP Rome Masters, Italy, Qualifying",ATP,Qualification Round 1,Dušan Lajović,Jan Choinski,2,false,2,finished,0,2,False,1777888800,Jan Choinski,False,away,Dušan Lajović,Q1,2026-05-04 10:00
CH12,1,16125548,1777968000,"ATP Rome Masters, Italy, Qualifying",ATP,Qualification Final,Cristian Garin,Jan Choinski,1,false,1,finished,2,1,False,1777968000,Jan Choinski,False,away,Cristian Garin,Q,2026-05-05 08:00
CH12,1,16155397,1778659200,"Zagreb, Croatia",Challenger,Round of 32,Jan Choinski,Juan Pablo Ficovich,1,false,1,finished,2,1,False,1778659200,Jan Choinski,False,home,Juan Pablo Ficovich,R32,2026-05-13 08:00
CH12,1,16135268,1778752800,"Zagreb, Croatia",Challenger,Round of 16,Jan Choinski,Daniel Elahi Galan,1,false,1,finished,2,1,False,1778752800,Jan Choinski,False,home,Daniel Elahi Galan,R16,2026-05-14 10:00
CH12,1,16135266,1778771400,"Zagreb, Croatia",Challenger,Quarterfinals,Jan Choinski,Chris Rodesch,1,false,2,finished,2,1,False,1778771400,Jan Choinski,False,home,Chris Rodesch,QF,2026-05-14 15:10
CH12,1,16124747,1778859600,"Zagreb, Croatia",Challenger,Semifinals,Jan Choinski,Marko Milic,1,false,2,finished,2,0,False,1778859600,Jan Choinski,False,home,Marko Milic,SF,2026-05-15 15:40
CH12,2,14680556,1757941200,"Bad Waltersdorf, Austria",Challenger,Round of 32,Jan Choinski,Vitaliy Sachko,1,false,2,finished,2,0,False,1757941200,Jan Choinski,False,home,Vitaliy Sachko,R32,2025-09-15 13:00
CH12,2,14654939,1758192600,"Bad Waltersdorf, Austria",Challenger,Round of 16,Marko Topo,Jan Choinski,2,false,1,finished,1,2,False,1758192600,Jan Choinski,False,away,Marko Topo,R16,2025-09-18 10:50
CH12,2,14654938,1758268800,"Bad Waltersdorf, Austria",Challenger,Quarterfinals,Jan Choinski,Francesco Passaro,1,false,1,finished,2,0,False,1758268800,Jan Choinski,False,home,Francesco Passaro,QF,2025-09-19 08:00
CH12,2,14654947,1758362400,"Bad Waltersdorf, Austria",Challenger,Semifinals,Jan Choinski,Zdenek Kolar,1,false,2,finished,2,0,False,1758362400,Jan Choinski,False,home,Zdenek Kolar,SF,2025-09-20 10:00
CH12,2,14654941,1758457800,"Bad Waltersdorf, Austria",Challenger,Final,Jan Choinski,Vit Kopřiva,1,false,1,finished,2,0,False,1758457800,Jan Choinski,False,home,Vit Kopřiva,F,2025-09-21 12:30
CH12,2,14731340,1758625200,"Lisbon, Portugal",Challenger,Round of 32,Jan Choinski,Andrea Pellegrino,1,false,1,finished,2,1,False,1758625200,Jan Choinski,False,home,Andrea Pellegrino,R32,2025-09-23 11:00
CH12,2,14712418,1758715200,"Lisbon, Portugal",Challenger,Round of 16,Henrique Rocha,Jan Choinski,2,false,1,finished,2,0,False,1758715200,Jan Choinski,False,away,Henrique Rocha,R16,2025-09-24 12:00
CH12,2,14758427,1758725100,"Lisbon, Portugal, Doubles",Challenger,Round of 16,Choinski J / Trungelliti M,Jecan A / Pavel B,absent,false,absent,canceled,absent,absent,False,1758725100,Jan Choinski,True,,,R16,2025-09-24 14:45
CH12,2,14838656,1759825800,"Valencia, Spain",Challenger,Round of 32,Jan Choinski,Miguel Damas,1,false,2,finished,2,1,False,1759825800,Jan Choinski,False,home,Miguel Damas,R32,2025-10-07 08:30
CH12,2,14807120,1759931700,"Valencia, Spain",Challenger,Round of 16,Jan Choinski,Ivan Gakhov,1,false,2,finished,2,1,False,1759931700,Jan Choinski,False,home,Ivan Gakhov,R16,2025-10-08 13:55
CH12,2,14807111,1760022000,"Valencia, Spain",Challenger,Quarterfinals,Albert Ramos-Vinolas,Jan Choinski,2,false,2,finished,0,2,False,1760022000,Jan Choinski,False,away,Albert Ramos-Vinolas,QF,2025-10-09 15:00
CH12,2,14807102,1760268300,"Valencia, Spain",Challenger,Semifinals,Jan Choinski,Henri Squire,1,false,1,finished,2,1,False,1760268300,Jan Choinski,False,home,Henri Squire,SF,2025-10-12 11:25
CH12,2,14807105,1760284800,"Valencia, Spain",Challenger,Final,Jan Choinski,Luka Mikrut,1,false,1,finished,2,1,False,1760284800,Jan Choinski,False,home,Luka Mikrut,F,2025-10-12 16:00
CH12,2,14952101,1761577500,"Bratislava 2, Slovakia, Qualifying",Challenger,Qualification Final,Jan Choinski,Miloš Karol,1,false,1,finished,2,0,False,1761577500,Jan Choinski,False,home,Miloš Karol,Q,2025-10-27 15:05
CH12,2,14957362,1761651300,"Bratislava 2, Slovakia",Challenger,Round of 32,Jan Choinski,Billy Harris,2,false,2,finished,0,2,False,1761651300,Jan Choinski,False,home,Billy Harris,R32,2025-10-28 11:35
CH12,2,14982059,1761991200,"Metz, France, Qualifying",ATP,Qualification Round 1,Jan Choinski,Harold Mayot,1,false,2,finished,0,0,False,1761991200,Jan Choinski,False,home,Harold Mayot,Q1,2025-11-01 10:00
CH12,2,14988104,1762077600,"Metz, France, Qualifying",ATP,Qualification Final,Jan Choinski,Kyrian Jacquet,1,false,1,finished,2,1,False,1762077600,Jan Choinski,False,home,Kyrian Jacquet,Q,2025-11-02 10:00
CH12,2,14992077,1762174800,"Metz, France",ATP,Round of 32,Jan Choinski,Lorenzo Sonego,2,false,2,finished,1,2,False,1762174800,Jan Choinski,False,home,Lorenzo Sonego,R32,2025-11-03 13:00
CH12,2,15022887,1762768800,"Lyon (Decines-Charpieu), France",Challenger,Round of 32,Luka Pavlović,Jan Choinski,absent,false,absent,canceled,absent,absent,False,1762768800,Jan Choinski,False,away,Luka Pavlović,R32,2025-11-10 10:00
CH12,2,15108096,1763398800,"Bergamo, Italy",Challenger,Round of 32,Marko Topo,Jan Choinski,1,false,2,finished,2,0,False,1763398800,Jan Choinski,False,away,Marko Topo,R32,2025-11-17 17:00
CH12,3,13836294,1746693000,"Prague, Czech Republic",Challenger,Round of 16,Jan Choinski,Alexander Blockx,2,false,2,finished,1,2,False,1746693000,Jan Choinski,False,home,Alexander Blockx,R16,2025-05-08 08:30
CH12,3,13914614,1747728000,"French Open, Paris, France, Qualifying",ATP,Qualification Round 1,Giulio Zeppieri,Jan Choinski,1,false,absent,finished,2,0,False,1747728000,Jan Choinski,False,away,Giulio Zeppieri,Q1,2025-05-20 08:00
CH12,3,13959357,1748880300,"Heilbronn, Germany",Challenger,Round of 32,Marco Trungelliti,Jan Choinski,1,false,1,finished,2,1,False,1748880300,Jan Choinski,False,away,Marco Trungelliti,R32,2025-06-02 16:05
CH12,3,13982992,1749556800,"Bratislava, Slovakia",Challenger,Round of 32,Jan Choinski,Jozef Kovalik,1,false,2,finished,2,0,False,1749556800,Jan Choinski,False,home,Jozef Kovalik,R32,2025-06-10 12:00
CH12,3,13970173,1749726900,"Bratislava, Slovakia",Challenger,Round of 16,Aleksandr Shevchenko,Jan Choinski,1,false,1,finished,2,0,False,1749726900,Jan Choinski,False,away,Aleksandr Shevchenko,R16,2025-06-12 11:15
CH12,3,14006902,1749991500,"Nottingham 2, Great Britain, Qualifying",Challenger,Qualification Round 1,Jan Choinski,Alibek Kachmazov,1,false,1,finished,2,1,False,1749991500,Jan Choinski,False,home,Alibek Kachmazov,Q1,2025-06-15 12:45
CH12,3,14012842,1750010400,"Nottingham 2, Great Britain, Qualifying",Challenger,Qualification Final,Paul Jubb,Jan Choinski,2,false,2,finished,1,2,False,1750010400,Jan Choinski,False,away,Paul Jubb,Q,2025-06-15 18:00
CH12,3,14013559,1750080049,"Nottingham 2, Great Britain",Challenger,Round of 32,Eliot Spizzirri,Jan Choinski,2,false,2,finished,1,2,False,1750080049,Jan Choinski,False,away,Eliot Spizzirri,R32,2025-06-16 13:20
CH12,3,14017764,1750258200,"Nottingham 2, Great Britain",Challenger,Round of 16,Jaime Faria,Jan Choinski,1,false,1,finished,2,0,False,1750258200,Jan Choinski,False,away,Jaime Faria,R16,2025-06-18 14:50
CH12,3,14039639,1750680000,"Wimbledon, London, GB, Qualifying, 1st - 2nd Round",ATP,Qualification Round 1,Jan Choinski,Mark Lajal,2,false,1,finished,1,2,False,1750680000,Jan Choinski,False,home,Mark Lajal,Q1,2025-06-23 12:00
CH12,3,14067091,1751297400,"Troyes, France",Challenger,Round of 32,Jan Choinski,Theo Papamalamis,1,false,2,finished,2,0,False,1751297400,Jan Choinski,False,home,Theo Papamalamis,R32,2025-06-30 15:30
CH12,3,14053524,1751454300,"Troyes, France",Challenger,Round of 16,Jan Choinski,Branko Đurić,1,false,1,finished,2,0,False,1751454300,Jan Choinski,False,home,Branko Đurić,R16,2025-07-02 11:05
CH12,3,14053527,1751617800,"Troyes, France",Challenger,Quarterfinals,Jan Choinski,Harold Mayot,1,false,1,finished,2,0,False,1751617800,Jan Choinski,False,home,Harold Mayot,QF,2025-07-04 08:30
CH12,3,14053528,1751706000,"Troyes, France",Challenger,Semifinals,Marco Trungelliti,Jan Choinski,2,false,1,finished,1,2,False,1751706000,Jan Choinski,False,away,Marco Trungelliti,SF,2025-07-05 09:00
CH12,3,14053531,1751788800,"Troyes, France",Challenger,Final,Jan Choinski,Calvin Hemery,1,false,2,finished,2,1,False,1751788800,Jan Choinski,False,home,Calvin Hemery,F,2025-07-06 08:00
CH12,3,14112638,1751979900,"Braunschweig, Germany",Challenger,Round of 32,Jan Choinski,Botic Van de Zandschulp,2,false,2,finished,0,2,False,1751979900,Jan Choinski,False,home,Botic Van de Zandschulp,R32,2025-07-08 13:05
CH12,3,14171900,1752511200,"Bunschoten, Netherlands",Challenger,Round of 32,Jan Choinski,Manvydas Balciunas,1,false,1,finished,2,0,False,1752511200,Jan Choinski,False,home,Manvydas Balciunas,R32,2025-07-14 16:40
CH12,3,14137168,1752681000,"Bunschoten, Netherlands",Challenger,Round of 16,Jan Choinski,Matej Dodig,1,false,1,finished,2,0,False,1752681000,Jan Choinski,False,home,Matej Dodig,R16,2025-07-16 15:50
CH12,3,14137170,1752829200,"Bunschoten, Netherlands",Challenger,Quarterfinals,Jan Choinski,Benjamin Hassan,1,false,2,finished,2,0,False,1752829200,Jan Choinski,False,home,Benjamin Hassan,QF,2025-07-18 09:00
CH12,3,14137163,1752926400,"Bunschoten, Netherlands",Challenger,Semifinals,Guy Den Ouden,Jan Choinski,1,false,2,finished,1,0,False,1752926400,Jan Choinski,False,away,Guy Den Ouden,SF,2025-07-19 12:00
CH12,4,12857659,1726646400,"Bad Waltersdorf, Austria",Challenger,Round of 32,Laslo Djere,Jan Choinski,1,false,1,finished,2,1,False,1726646400,Jan Choinski,False,away,Laslo Djere,R32,2024-09-18 08:00
CH12,4,12914945,1727859600,"Braga, Portugal",Challenger,Round of 32,Jan Choinski,Cristian Garin,2,false,2,finished,1,2,False,1727859600,Jan Choinski,False,home,Cristian Garin,R32,2024-10-02 09:00
CH12,4,12954808,1728381300,"Valencia, Spain",Challenger,Round of 32,Federico Arnaboldi,Jan Choinski,2,false,2,finished,0,2,False,1728381300,Jan Choinski,False,away,Federico Arnaboldi,R32,2024-10-08 09:55
CH12,4,12928779,1728554400,"Valencia, Spain",Challenger,Round of 16,Jan Choinski,Joel Schwaerzler,1,false,2,finished,2,0,False,1728554400,Jan Choinski,False,home,Joel Schwaerzler,R16,2024-10-10 10:00
CH12,4,12928782,1728645300,"Valencia, Spain",Challenger,Quarterfinals,Daniel Elahi Galan,Jan Choinski,1,false,2,finished,2,1,False,1728645300,Jan Choinski,False,away,Daniel Elahi Galan,QF,2024-10-11 11:15
CH12,4,12974436,1728985800,"Olbia, Italy",Challenger,Round of 32,Andrea Vavassori,Jan Choinski,1,false,2,finished,2,0,False,1728985800,Jan Choinski,False,away,Andrea Vavassori,R32,2024-10-15 09:50
CH12,4,13038161,1730027700,"Bratislava 2, Slovakia, Qualifying",Challenger,Qualification round 1,Jan Choinski,Egor Gerasimov,2,false,2,finished,0,2,False,1730027700,Jan Choinski,False,home,Egor Gerasimov,Q1,2024-10-27 11:15
CH12,4,13081744,1730809200,"Helsinki, Finland",Challenger,Round of 32,Sandro Kopp,Jan Choinski,2,false,1,finished,0,2,False,1730809200,Jan Choinski,False,away,Sandro Kopp,R32,2024-11-05 12:20
CH12,4,13051711,1730979000,"Helsinki, Finland",Challenger,Round of 16,Jan Choinski,Joao Fonseca,1,false,1,finished,2,1,False,1730979000,Jan Choinski,False,home,Joao Fonseca,R16,2024-11-07 11:30
CH12,4,13051701,1731077100,"Helsinki, Finland",Challenger,Quarterfinals,Luca Nardi,Jan Choinski,1,false,1,finished,2,0,False,1731077100,Jan Choinski,False,away,Luca Nardi,QF,2024-11-08 14:45
CH12,4,13141207,1732011600,"Rovereto, Italy",Challenger,Round of 32,Jan Choinski,Oleg Prihodko,absent,false,absent,canceled,absent,absent,False,1732011600,Jan Choinski,False,home,Oleg Prihodko,R32,2024-11-19 10:20
CH12,4,13300818,1736235300,"Australian Open, Melbourne, Australia, Qualifying",ATP,Qualification Round 1,Titouan Droguet,Jan Choinski,1,false,2,finished,2,0,False,1736235300,Jan Choinski,False,away,Titouan Droguet,Q1,2025-01-07 07:35
CH12,4,13359792,1737473400,"Oeiras 3, Portugal",Challenger,Round of 32,Pedro Araujo,Jan Choinski,1,false,1,finished,2,0,False,1737473400,Jan Choinski,False,away,Pedro Araujo,R32,2025-01-21 15:30
CH12,4,13422830,1738669200,"Tenerife, Spain",Challenger,Round of 32,Jan Choinski,Lukas Pokorny,2,false,2,finished,0,2,False,1738669200,Jan Choinski,False,home,Lukas Pokorny,R32,2025-02-04 11:40
CH12,4,13416509,1738766700,"Tenerife, Spain, Doubles",Challenger,Round of 16,Choinski J / Neumayer L,Andrade A / Shelbayh A,2,false,2,finished,1,2,False,1738766700,Jan Choinski,True,,,R16,2025-02-05 14:45
CH12,4,13450108,1739268000,"Tenerife 2, Spain",Challenger,Round of 32,Jan Choinski,Emil Ruusuvuori,2,false,1,finished,0,2,False,1739268000,Jan Choinski,False,home,Emil Ruusuvuori,R32,2025-02-11 10:00
CH12,4,13520153,1740568500,"Lugano, Switzerland",Challenger,Round of 32,Patrick Zahraj,Jan Choinski,2,false,1,finished,1,2,False,1740568500,Jan Choinski,False,away,Patrick Zahraj,R32,2025-02-26 11:15
CH12,4,13499081,1740666300,"Lugano, Switzerland",Challenger,Round of 16,Luca Van Assche,Jan Choinski,1,false,1,finished,2,0,False,1740666300,Jan Choinski,False,away,Luca Van Assche,R16,2025-02-27 14:25
CH12,4,13561570,1741093500,"Thionville, France",Challenger,Round of 32,Jan Choinski,Philip Henning,1,false,1,finished,2,0,False,1741093500,Jan Choinski,False,home,Philip Henning,R32,2025-03-04 13:05
CH12,4,13537028,1741255200,"Thionville, France",Challenger,Round of 16,Jan Choinski,Sascha Gueymard Wayenburg,1,false,2,finished,2,0,False,1741255200,Jan Choinski,False,home,Sascha Gueymard Wayenburg,R16,2025-03-06 10:00
CH12,5,12387380,1717509000,"Heilbronn, Germany",Challenger,Round of 32,Jan Choinski,Yannick Hanfmann,1,false,1,finished,2,0,False,1717509000,Jan Choinski,False,home,Yannick Hanfmann,R32,2024-06-04 13:50
CH12,5,12375537,1717598100,"Heilbronn, Germany",Challenger,Round of 16,Peter Heller,Jan Choinski,2,false,absent,finished,0,2,False,1717598100,Jan Choinski,False,away,Peter Heller,R16,2024-06-05 14:35
CH12,5,12375532,1717767000,"Heilbronn, Germany",Challenger,Quarterfinals,Alejandro Moro Canas,Jan Choinski,2,false,2,finished,0,2,False,1717767000,Jan Choinski,False,away,Alejandro Moro Canas,QF,2024-06-07 13:30
CH12,5,12375543,1717861200,"Heilbronn, Germany",Challenger,Semifinals,Alexander Ritschard,Jan Choinski,1,false,2,finished,2,1,False,1717861200,Jan Choinski,False,away,Alexander Ritschard,SF,2024-06-08 15:40
CH12,5,12411424,1718106300,"Nottingham 2, Great Britain",Challenger,Round of 32,Alex Bolt,Jan Choinski,1,false,1,finished,2,0,False,1718106300,Jan Choinski,False,away,Alex Bolt,R32,2024-06-11 11:45
CH12,5,12427034,1718535600,"London, Great Britain, Qualifying",ATP,Qualification round 1,Jan Choinski,Zizou Bergs,2,false,2,finished,1,2,False,1718535600,Jan Choinski,False,home,Zizou Bergs,Q1,2024-06-16 11:00
CH12,5,12449986,1719064200,"Eastbourne, Great Britain, Qualifying",ATP,Qualification round 1,Jan Choinski,Max Purcell,2,false,2,finished,0,2,False,1719064200,Jan Choinski,False,home,Max Purcell,Q1,2024-06-22 13:50
CH12,5,12477715,1719914400,"Wimbledon, London, Great Britain",ATP,Round of 128,Luciano Darderi,Jan Choinski,1,false,2,finished,3,2,False,1719914400,Jan Choinski,False,away,Luciano Darderi,R128,2024-07-02 10:00
CH12,5,12508846,1720453800,"Salzburg, Austria",Challenger,Round of 32,Jan Choinski,Neil Oberleitner,1,false,2,finished,2,0,False,1720453800,Jan Choinski,False,home,Neil Oberleitner,R32,2024-07-08 15:50
CH12,5,12495748,1720607100,"Salzburg, Austria",Challenger,Round of 16,Jan Choinski,Alejandro Moro Canas,2,false,1,finished,0,2,False,1720607100,Jan Choinski,False,home,Alejandro Moro Canas,R16,2024-07-10 10:25
CH12,5,12579252,1721635200,"Verona, Italy",Challenger,Round of 32,Stefano Napolitano,Jan Choinski,absent,false,absent,canceled,absent,absent,False,1721635200,Jan Choinski,False,away,Stefano Napolitano,R32,2024-07-22 08:00
CH12,5,12580886,1721721600,"Verona, Italy",Challenger,Round of 32,Henri Squire,Jan Choinski,2,false,2,finished,1,2,False,1721721600,Jan Choinski,False,away,Henri Squire,R32,2024-07-23 08:00
CH12,5,12565647,1721811600,"Verona, Italy",Challenger,Round of 16,Jan Choinski,Gonzalo Bueno,2,false,2,finished,1,2,False,1721811600,Jan Choinski,False,home,Gonzalo Bueno,R16,2024-07-24 09:00
CH12,5,12611460,1722259500,"Luedenscheid, Germany",Challenger,Round of 32,Jan Choinski,Henri Squire,2,false,1,finished,0,2,False,1722259500,Jan Choinski,False,home,Henri Squire,R32,2024-07-29 13:25
CH12,5,12647012,1722960000,"Bonn, Germany",Challenger,Round of 32,Juan Bautista Torres,Jan Choinski,2,false,2,finished,0,2,False,1722960000,Jan Choinski,False,away,Juan Bautista Torres,R32,2024-08-06 16:00
CH12,5,12629190,1723112400,"Bonn, Germany",Challenger,Round of 16,Geoffrey Blancaneaux,Jan Choinski,2,false,2,finished,1,2,False,1723112400,Jan Choinski,False,away,Geoffrey Blancaneaux,R16,2024-08-08 10:20
CH12,5,12629195,1723199400,"Bonn, Germany",Challenger,Quarterfinals,Jan Choinski,Martin Landaluce,2,false,1,finished,0,2,False,1723199400,Jan Choinski,False,home,Martin Landaluce,QF,2024-08-09 10:30
CH12,5,12709408,1724195700,"US Open, New York, USA, Qualifying",ATP,Qualification round 1,Jan Choinski,Pedro Cachin,1,false,2,finished,2,0,False,1724195700,Jan Choinski,False,home,Pedro Cachin,Q1,2024-08-20 23:15
CH12,5,12721917,1724277900,"US Open, New York, USA, Qualifying",ATP,Qualification round 2,Valentin Vacherot,Jan Choinski,2,false,2,finished,0,1,False,1724277900,Jan Choinski,False,away,Valentin Vacherot,Q2,2024-08-21 22:05
CH12,5,12726672,1724355900,"US Open, New York, USA, Qualifying",ATP,Qualification round 3,Jan Choinski,Maxime Cressy,1,false,2,finished,2,1,False,1724355900,Jan Choinski,False,home,Maxime Cressy,Q3,2024-08-22 19:45
CH12,6,11954341,1704848100,"Australian Open, Melbourne, Australia, Qualifying",ATP,Qualification round 1,Jan Choinski,Benjamin Hassan,2,false,2,finished,0,2,False,1704848100,Jan Choinski,False,home,Benjamin Hassan,Q1,2024-01-10 00:55
CH12,6,11994282,1706032500,"Ottignies-Louvain-la-Neuve, Belgium",Challenger,Round of 32,Antoine Escoffier,Jan Choinski,2,false,2,finished,0,2,False,1706032500,Jan Choinski,False,away,Antoine Escoffier,R32,2024-01-23 17:55
CH12,6,11978539,1706173200,"Ottignies-Louvain-la-Neuve, Belgium",Challenger,Round of 16,Jan Choinski,Adrian Andreev,1,false,1,finished,2,0,False,1706173200,Jan Choinski,False,home,Adrian Andreev,R16,2024-01-25 09:00
CH12,6,11978543,1706275800,"Ottignies-Louvain-la-Neuve, Belgium",Challenger,Quarterfinals,Brandon Nakashima,Jan Choinski,1,false,1,finished,2,1,False,1706275800,Jan Choinski,False,away,Brandon Nakashima,QF,2024-01-26 13:30
CH12,6,12010808,1706639100,"Koblenz, Germany, Doubles",Challenger,Round of 16,Choinski J / Kolar Z,Arends S / Verbeek S,2,false,1,finished,0,2,False,1706639100,Jan Choinski,True,,,R16,2024-01-30 18:25
CH12,6,12011297,1706706000,"Koblenz, Germany",Challenger,Round of 32,Jan Choinski,Stefano Travaglia,absent,false,absent,canceled,absent,absent,False,1706706000,Jan Choinski,False,home,Stefano Travaglia,R32,2024-01-31 13:00
CH12,6,12039977,1707318900,"Nottingham, Great Britain",Challenger,Round of 32,Jan Choinski,Dimitar Kuzmanov,2,false,1,finished,1,2,False,1707318900,Jan Choinski,False,home,Dimitar Kuzmanov,R32,2024-02-07 15:15
CH12,6,12063928,1707851100,"Cherbourg, France",Challenger,Round of 32,Tristan Lamasine,Jan Choinski,1,false,2,finished,2,1,False,1707851100,Jan Choinski,False,away,Tristan Lamasine,R32,2024-02-13 19:05
CH12,6,12078285,1708539600,"Pau, France",Challenger,Round of 32,Benoit Paire,Jan Choinski,1,false,2,finished,2,0,False,1708539600,Jan Choinski,False,away,Benoit Paire,R32,2024-02-21 18:20
CH12,6,12099619,1709026200,"Lille, France",Challenger,Round of 32,Giovanni Mpetshi Perricard,Jan Choinski,1,false,1,finished,2,1,False,1709026200,Jan Choinski,False,away,Giovanni Mpetshi Perricard,R32,2024-02-27 09:30
CH12,6,12121683,1709715600,"Lugano, Switzerland",Challenger,Round of 32,Jan Choinski,Coleman Wong,1,false,1,finished,2,1,False,1709715600,Jan Choinski,False,home,Coleman Wong,R32,2024-03-06 09:00
CH12,6,12109883,1709817300,"Lugano, Switzerland",Challenger,Round of 16,Jan Choinski,Rudolf Molleker,2,false,1,finished,0,2,False,1709817300,Jan Choinski,False,home,Rudolf Molleker,R16,2024-03-07 13:15
CH12,6,12145479,1710167400,"Hamburg, Germany",Challenger,Round of 32,Jan Choinski,Yasutaka Uchiyama,2,false,2,finished,0,2,False,1710167400,Jan Choinski,False,home,Yasutaka Uchiyama,R32,2024-03-11 14:30
CH12,6,12147508,1710242100,"Hamburg, Germany, Doubles",Challenger,Round of 16,Choinski J / Harris B,Schnaitter J / Wallner M,2,false,1,finished,0,2,False,1710242100,Jan Choinski,True,,,R16,2024-03-12 11:15
CH12,6,12166959,1710779700,"Murcia, Spain",Challenger,Round of 32,Pablo Llamas Ruiz,Jan Choinski,1,false,2,finished,2,0,False,1710779700,Jan Choinski,False,away,Pablo Llamas Ruiz,R32,2024-03-18 16:35
CH12,6,12167899,1710875700,"Murcia, Spain, Doubles",Challenger,Round of 16,Choinski J / Yevseyev D,Barranco Cosano J / Llamas Ruiz P,1,false,2,finished,2,0,False,1710875700,Jan Choinski,True,,,R16,2024-03-19 19:15
CH12,6,12156247,1711035300,"Murcia, Spain, Doubles",Challenger,Quarterfinals,T. Arribage / V. Cornea,Choinski J / Yevseyev D,1,false,1,finished,2,0,False,1711035300,Jan Choinski,True,,,QF,2024-03-21 15:35
CH12,6,12190262,1711458000,"Girona, Spain",Challenger,Round of 32,Jesper De Jong,Jan Choinski,1,false,1,finished,2,0,False,1711458000,Jan Choinski,False,away,Jesper De Jong,R32,2024-03-26 13:00
CH12,7,11465664,1690301400,"Hamburg, Germany",ATP,Round of 32,Jan Choinski,Zhizhen Zhang,2,false,absent,finished,0,2,False,1690301400,Jan Choinski,False,home,Zhizhen Zhang,R32,2023-07-25 16:10
CH12,7,11487113,1690904400,"Luedenscheid, Germany",Challenger,Round of 32,Gauthier Onclin,Jan Choinski,2,false,7,finished,0,2,False,1690904400,Jan Choinski,False,away,Gauthier Onclin,R32,2023-08-01 15:40
CH12,7,11508645,1691490300,"Meerbusch, Germany",Challenger,Round of 32,Nicola Kuhn,Jan Choinski,2,false,absent,finished,0,2,False,1691490300,Jan Choinski,False,away,Nicola Kuhn,R32,2023-08-08 10:25
CH12,7,11516749,1691568000,"Meerbusch, Germany",Challenger,Round of 32,Nicola Kuhn,Jan Choinski,absent,false,absent,canceled,absent,absent,False,1691568000,Jan Choinski,False,away,Nicola Kuhn,R32,2023-08-09 08:00
CH12,7,11500888,1691669700,"Meerbusch, Germany",Challenger,Round of 16,Louis Wessels,Jan Choinski,2,false,absent,finished,1,2,False,1691669700,Jan Choinski,False,away,Louis Wessels,R16,2023-08-10 12:15
CH12,7,11500883,1691756100,"Meerbusch, Germany",Challenger,Quarterfinals,Dimitar Kuzmanov,Jan Choinski,2,false,absent,finished,1,2,False,1691756100,Jan Choinski,False,away,Dimitar Kuzmanov,QF,2023-08-11 12:15
CH12,7,11500880,1691848800,"Meerbusch, Germany",Challenger,Semifinals,Titouan Droguet,Jan Choinski,2,false,absent,finished,0,2,False,1691848800,Jan Choinski,False,away,Titouan Droguet,SF,2023-08-12 14:00
CH12,7,11500881,1691924400,"Meerbusch, Germany",Challenger,Final,Camilo Ugo Carabelli,Jan Choinski,2,false,absent,finished,0,2,False,1691924400,Jan Choinski,False,away,Camilo Ugo Carabelli,F,2023-08-13 11:00
CH12,7,11563194,1692808800,"US Open, New York, USA, Qualifying",ATP,Qualification round 1,Sho Shimabukuro,Jan Choinski,1,false,21,finished,2,0,False,1692808800,Jan Choinski,False,away,Sho Shimabukuro,Q1,2023-08-23 16:40
CH12,7,11629125,1694419200,"Szczecin, Poland",Challenger,Round of 32,Jan Choinski,Pedro Cachin,absent,false,absent,canceled,absent,absent,False,1694419200,Jan Choinski,False,home,Pedro Cachin,R32,2023-09-11 08:00
CH12,7,11630778,1694514000,"Szczecin, Poland",Challenger,Round of 32,Jan Choinski,Vit Kopřiva,2,false,absent,finished,0,2,False,1694514000,Jan Choinski,False,home,Vit Kopřiva,R32,2023-09-12 10:20
CH12,7,11628029,1694533800,"Szczecin, Poland, Doubles",Challenger,Round of 16,Choinski J / Kielan S,Kolar Z / Martos Gornes S,2,false,absent,finished,0,2,False,1694533800,Jan Choinski,True,,,R16,2023-09-12 15:50
CH12,7,11649732,1695042900,"Bad Waltersdorf, Austria",Challenger,Round of 32,Pedro Martinez,Jan Choinski,2,false,absent,finished,0,2,False,1695042900,Jan Choinski,False,away,Pedro Martinez,R32,2023-09-18 13:15
CH12,7,11637749,1695196800,"Bad Waltersdorf, Austria",Challenger,Round of 16,Jan Choinski,Zdenek Kolar,1,false,absent,finished,2,1,False,1695196800,Jan Choinski,False,home,Zdenek Kolar,R16,2023-09-20 08:00
CH12,7,11649731,1695216600,"Bad Waltersdorf, Austria, Doubles",Challenger,Round of 16,Choinski J / Kolar Z,Jebavy R / Nouza P,1,false,absent,finished,2,0,False,1695216600,Jan Choinski,True,,,R16,2023-09-20 13:30
CH12,7,11637719,1695302400,"Bad Waltersdorf, Austria, Doubles",Challenger,Quarterfinals,Bergevi F / Veldheer M,Choinski J / Kolar Z,1,false,absent,finished,2,0,False,1695302400,Jan Choinski,True,,,QF,2023-09-21 13:20
CH12,7,11637752,1695380400,"Bad Waltersdorf, Austria",Challenger,Quarterfinals,Jan Choinski,Dennis Novak,2,false,absent,finished,0,2,False,1695380400,Jan Choinski,False,home,Dennis Novak,QF,2023-09-22 11:00
CH12,7,11683525,1695652200,"Braga, Portugal",Challenger,Round of 32,Jan Choinski,Duje Ajduković,2,false,absent,finished,1,2,False,1695652200,Jan Choinski,False,home,Duje Ajduković,R32,2023-09-25 14:30
CH12,7,11699515,1696276800,"Campinas, Brazil",Challenger,Round of 32,Joao Lucas Reis da Silva,Jan Choinski,2,false,absent,finished,1,2,False,1696276800,Jan Choinski,False,away,Joao Lucas Reis da Silva,R32,2023-10-02 20:00
CH12,8,11174118,1680894000,"San Luis Potosi, Mexico",Challenger,Quarterfinals,Thiago Agustin Tirante,Jan Choinski,2,false,absent,finished,0,2,False,1680894000,Jan Choinski,False,away,Thiago Agustin Tirante,QF,2023-04-07 19:00
CH12,8,11174112,1680989700,"San Luis Potosi, Mexico",Challenger,Semifinals,Jan Choinski,Dominik Koepfer,2,false,absent,finished,0,2,False,1680989700,Jan Choinski,False,home,Dominik Koepfer,SF,2023-04-08 21:35
CH12,8,11233052,1682354400,"Madrid, Spain, Qualifying",ATP,Qualification round 1,Borna Gojo,Jan Choinski,1,false,absent,finished,2,0,False,1682354400,Jan Choinski,False,away,Borna Gojo,Q1,2023-04-24 16:40
CH12,8,11249074,1682841600,"Prague 1, Czech Republic, Qualifying",Challenger,Qualification round 1,Jan Choinski,Billy Harris,1,false,absent,finished,2,0,False,1682841600,Jan Choinski,False,home,Billy Harris,Q1,2023-04-30 08:00
CH12,8,11250633,1682929800,"Prague 1, Czech Republic, Qualifying",Challenger,Qualification round 1,Jan Choinski,Rudolf Molleker,1,false,absent,finished,2,0,False,1682929800,Jan Choinski,False,home,Rudolf Molleker,Q1,2023-05-01 08:30
CH12,8,11252797,1683030600,"Prague 1, Czech Republic",Challenger,Round of 32,F. Krajinović,Jan Choinski,1,false,absent,finished,2,1,False,1683030600,Jan Choinski,False,away,F. Krajinović,R32,2023-05-02 12:30
CH12,8,11265815,1683547500,"Rome, Italy, Qualifying",ATP,Qualification round 1,Jan Choinski,Jurij Rodionov,1,false,absent,finished,2,1,False,1683547500,Jan Choinski,False,home,Jurij Rodionov,Q1,2023-05-08 12:05
CH12,8,11267532,1683622800,"Rome, Italy, Qualifying",ATP,Qualification round 1,Thanasi Kokkinakis,Jan Choinski,1,false,absent,finished,2,0,False,1683622800,Jan Choinski,False,away,Thanasi Kokkinakis,Q1,2023-05-09 09:00
CH12,8,11284290,1684231800,"Oeiras 4, Portugal",Challenger,Round of 32,Jan Choinski,Alessandro Giannessi,1,false,absent,finished,2,1,False,1684231800,Jan Choinski,False,home,Alessandro Giannessi,R32,2023-05-16 10:10
CH12,8,11270233,1684314000,"Oeiras 4, Portugal",Challenger,Round of 16,Radu Albot,Jan Choinski,1,false,absent,finished,2,0,False,1684314000,Jan Choinski,False,away,Radu Albot,R16,2023-05-17 09:00
CH12,8,11299117,1684828800,"French Open, Paris, France, Qualifying",ATP,Qualification round 1,Jan Choinski,Nicolas Kicker,1,false,2,finished,1,1,False,1684828800,Jan Choinski,False,home,Nicolas Kicker,Q1,2023-05-23 08:00
CH12,8,11304233,1684931700,"French Open, Paris, France, Qualifying",ATP,Qualification round 2,Sebastian Ofner,Jan Choinski,1,false,2,finished,2,1,False,1684931700,Jan Choinski,False,away,Sebastian Ofner,Q2,2023-05-24 12:35
CH12,8,11314730,1685433600,"Troisdorf, Germany",Challenger,Round of 32,Jan Choinski,Zizou Bergs,absent,false,absent,canceled,absent,absent,False,1685433600,Jan Choinski,False,home,Zizou Bergs,R32,2023-05-30 08:00
CH12,8,11318408,1685460600,"Troisdorf, Germany",Challenger,Round of 32,Jan Choinski,Jose Pereira,1,false,absent,finished,2,0,False,1685460600,Jan Choinski,False,home,Jose Pereira,R32,2023-05-30 15:30
CH12,8,11303339,1685633400,"Troisdorf, Germany",Challenger,Round of 16,Sumit Nagal,Jan Choinski,1,false,absent,finished,absent,absent,False,1685633400,Jan Choinski,False,away,Sumit Nagal,R16,2023-06-01 15:30
CH12,8,11342943,1686675000,"Nottingham, Great Britain",Challenger,Round of 32,Hugo Grenier,Jan Choinski,1,false,absent,finished,2,0,False,1686675000,Jan Choinski,False,away,Hugo Grenier,R32,2023-06-13 16:50
CH12,8,11356957,1687008600,"London, Great Britain, Doubles Qualifying",ATP,Qualification round 1,Choinski J / Peniston R,Bhambri Y / Myneni S,2,false,absent,finished,1,2,False,1687008600,Jan Choinski,True,,,Q1,2023-06-17 13:30
CH12,8,11357850,1687192200,"London, Great Britain",ATP,Round of 32,Lorenzo Musetti,Jan Choinski,1,false,1,finished,2,0,False,1687192200,Jan Choinski,False,away,Lorenzo Musetti,R32,2023-06-19 16:30
CH12,8,11374112,1687600800,"Eastbourne, Great Britain, Qualifying",ATP,Qualification round 1,Giles Hussey,Jan Choinski,2,false,absent,finished,1,2,False,1687600800,Jan Choinski,False,away,Giles Hussey,Q1,2023-06-24 10:00
CH12,9,10982775,1674022200,"Nonthaburi 3, Thailand",Challenger,Round of 16,Jan Choinski,Zdenek Kolar,2,false,absent,finished,1,2,False,1674022200,Jan Choinski,False,home,Zdenek Kolar,R16,2023-01-18 06:10
CH12,9,10982769,1674099000,"Nonthaburi 3, Thailand, Doubles",Challenger,Quarterfinals,Geerts M / Orlov V,Choinski J / Parker S,2,false,absent,finished,0,2,False,1674099000,Jan Choinski,True,,,QF,2023-01-19 03:30
CH12,9,10982770,1674201600,"Nonthaburi 3, Thailand, Doubles",Challenger,Semifinals,Chandrasekar A / Prashanth N V S,Choinski J / Parker S,2,false,absent,finished,0,2,False,1674201600,Jan Choinski,True,,,SF,2023-01-20 08:00
CH12,9,10982776,1674278100,"Nonthaburi 3, Thailand, Doubles",Challenger,Final,Nam J S / Song M-K,Choinski J / Parker S,1,false,absent,finished,2,0,False,1674278100,Jan Choinski,True,,,F,2023-01-21 05:15
CH12,9,11010979,1674648300,"Nussloch, Singles Main, M-ITF-GER-01A",ITF Men,Round of 32,Jan Choinski,Daniele Capecchi,1,false,1,finished,2,1,False,1674648300,Jan Choinski,False,home,Daniele Capecchi,R32,2023-01-25 12:05
CH12,9,11014946,1674745200,"Nussloch, Singles Main, M-ITF-GER-01A",ITF Men,Round of 16,Jan Choinski,Tristan Lamasine,1,false,1,finished,2,0,False,1674745200,Jan Choinski,False,home,Tristan Lamasine,R16,2023-01-26 15:00
CH12,9,11019529,1674819900,"Nussloch, Singles Main, M-ITF-GER-01A",ITF Men,Quarterfinals,Jan Choinski,Florian Broska,1,false,1,finished,2,1,False,1674819900,Jan Choinski,False,home,Florian Broska,QF,2023-01-27 11:45
CH12,9,11023131,1674910500,"Nussloch, Singles Main, M-ITF-GER-01A",ITF Men,Semifinals,Jan Choinski,Daniel Masur,2,false,2,finished,0,2,False,1674910500,Jan Choinski,False,home,Daniel Masur,SF,2023-01-28 12:55
CH12,9,11028177,1675185000,"Koblenz, Germany",Challenger,Round of 32,Jan Choinski,Denis Yevseyev,1,false,absent,finished,2,1,False,1675185000,Jan Choinski,False,home,Denis Yevseyev,R32,2023-01-31 17:10
CH12,9,11013071,1675277700,"Koblenz, Germany",Challenger,Round of 16,Jan Choinski,Alexandre Muller,2,false,absent,finished,1,2,False,1675277700,Jan Choinski,False,home,Alexandre Muller,R16,2023-02-01 18:55
CH12,9,11059986,1676371500,"Cherbourg, France",Challenger,Round of 32,Jan Choinski,Denis Yevseyev,1,false,absent,finished,2,0,False,1676371500,Jan Choinski,False,home,Denis Yevseyev,R32,2023-02-14 10:45
CH12,9,11047233,1676555700,"Cherbourg, France",Challenger,Round of 16,Hugo Grenier,Jan Choinski,2,false,absent,finished,0,2,False,1676555700,Jan Choinski,False,away,Hugo Grenier,R16,2023-02-16 13:55
CH12,9,11047234,1676650800,"Cherbourg, France",Challenger,Quarterfinals,Jan Choinski,Gabriel Debru,1,false,absent,finished,2,1,False,1676650800,Jan Choinski,False,home,Gabriel Debru,QF,2023-02-17 16:20
CH12,9,11047238,1676731500,"Cherbourg, France",Challenger,Semifinals,Giulio Zeppieri,Jan Choinski,1,false,absent,finished,2,1,False,1676731500,Jan Choinski,False,away,Giulio Zeppieri,SF,2023-02-18 14:45
CH12,9,11071397,1677064800,"Rovereto, Italy",Challenger,Round of 32,Marek Gengel,Jan Choinski,2,false,absent,finished,0,2,False,1677064800,Jan Choinski,False,away,Marek Gengel,R32,2023-02-22 11:20
CH12,9,11079795,1677162000,"Rovereto, Italy",Challenger,Round of 16,Jurij Rodionov,Jan Choinski,1,false,absent,finished,2,1,False,1677162000,Jan Choinski,False,away,Jurij Rodionov,R16,2023-02-23 14:20
CH12,9,11110822,1678229400,"Puerto Vallarta, Mexico",Challenger,Round of 32,Jan Choinski,Christian Langmo,2,false,absent,finished,0,2,False,1678229400,Jan Choinski,False,home,Christian Langmo,R32,2023-03-07 22:50
CH12,9,11107857,1678335900,"Puerto Vallarta, Mexico, Doubles",Challenger,Round of 16,Choinski J / Mejia N,Moreno D / Paire B,2,false,absent,finished,0,2,False,1678335900,Jan Choinski,True,,,R16,2023-03-09 04:25
CH12,9,11118969,1678752000,"Anapoima, Singles Main, M-ITF-COL-01A",ITF Men,Round of 32,Jan Choinski,Enrique Pena,1,false,2,finished,2,0,False,1678752000,Jan Choinski,False,home,Enrique Pena,R32,2023-03-14 00:00
CH12,10,10720537,1665237000,"Campinas, Brazil",Challenger,Semifinals,Remy Bertola,Jan Choinski,2,false,absent,finished,0,2,False,1665237000,Jan Choinski,False,away,Remy Bertola,SF,2022-10-08 13:50
CH12,10,10720523,1665331200,"Campinas, Brazil",Challenger,Final,Jan Choinski,Juan Pablo Varillas,1,false,absent,finished,2,0,False,1665331200,Jan Choinski,False,home,Juan Pablo Varillas,F,2022-10-09 16:00
CH12,10,10749112,1665520200,"Rio de Janeiro, Brazil",Challenger,Round of 32,Dmitry Popko,Jan Choinski,2,false,absent,finished,1,2,False,1665520200,Jan Choinski,False,away,Dmitry Popko,R32,2022-10-11 20:30
CH12,10,10749082,1665606000,"Rio de Janeiro, Brazil, Doubles",Challenger,Round of 16,Choinski J / Nagal S,J. L. R. D. Silva / M. Zormann,2,false,absent,finished,0,2,False,1665606000,Jan Choinski,True,,,R16,2022-10-12 20:20
CH12,10,10738240,1665673800,"Rio de Janeiro, Brazil",Challenger,Round of 16,Yannick Hanfmann,Jan Choinski,1,false,absent,finished,2,0,False,1665673800,Jan Choinski,False,away,Yannick Hanfmann,R16,2022-10-13 15:10
CH12,10,10800316,1666121700,"Ambato, Ecuador",Challenger,Round of 32,Giovanni Mpetshi Perricard,Jan Choinski,1,false,absent,finished,2,0,False,1666121700,Jan Choinski,False,away,Giovanni Mpetshi Perricard,R32,2022-10-18 19:35
CH12,10,10834888,1666548600,"Lima 2, Peru, Qualifying",Challenger,Qualification round 1,Jan Choinski,J. Vidal Azorin,1,false,absent,finished,2,0,False,1666548600,Jan Choinski,False,home,J. Vidal Azorin,Q1,2022-10-23 18:10
CH12,10,10836242,1666635300,"Lima 2, Peru, Qualifying",Challenger,absent,Jan Choinski,Roman Andres Burruchaga,1,false,absent,finished,2,0,False,1666635300,Jan Choinski,False,home,Roman Andres Burruchaga,Q,2022-10-24 18:15
CH12,10,10838630,1666748400,"Lima 2, Peru",Challenger,Round of 32,Jan Choinski,Tomas Martin Etcheverry,2,false,absent,finished,0,2,False,1666748400,Jan Choinski,False,home,Tomas Martin Etcheverry,R32,2022-10-26 01:40
CH12,10,10834403,1666809900,"Lima 2, Peru, Doubles",Challenger,Round of 16,Balaji N S / Nedunchezhiyan J,Choinski J / Drzewiecki K,1,false,absent,finished,2,1,False,1666809900,Jan Choinski,True,,,R16,2022-10-26 18:45
CH12,10,10850307,1667228400,"Guayaquil, Ecuador, Qualifying",Challenger,Qualification round 1,Jan Choinski,Boris Arias,1,false,absent,finished,2,0,False,1667228400,Jan Choinski,False,home,Boris Arias,Q1,2022-10-31 15:00
CH12,10,10852297,1667314800,"Guayaquil, Ecuador, Qualifying",Challenger,absent,Jan Choinski,Daniel Merida,1,false,absent,finished,2,0,False,1667314800,Jan Choinski,False,home,Daniel Merida,Q,2022-11-01 15:00
CH12,10,10854294,1667406900,"Guayaquil, Ecuador",Challenger,Round of 32,Thiago Agustin Tirante,Jan Choinski,2,false,absent,finished,0,2,False,1667406900,Jan Choinski,False,away,Thiago Agustin Tirante,R32,2022-11-02 16:35
CH12,10,10841551,1667487600,"Guayaquil, Ecuador",Challenger,Round of 16,Juan Manuel Cerundolo,Jan Choinski,2,false,absent,finished,1,2,False,1667487600,Jan Choinski,False,away,Juan Manuel Cerundolo,R16,2022-11-03 15:00
CH12,10,10841548,1667590800,"Guayaquil, Ecuador",Challenger,Quarterfinals,Jan Choinski,Marco Cecchinato,2,false,absent,finished,0,2,False,1667590800,Jan Choinski,False,home,Marco Cecchinato,QF,2022-11-04 19:40
CH12,10,10862992,1667757300,"Montevideo, Uruguay, Qualifying",Challenger,Qualification round 1,Jan Choinski,Juan Martin Fumeaux,1,false,absent,finished,2,0,False,1667757300,Jan Choinski,False,home,Juan Martin Fumeaux,Q1,2022-11-06 17:55
CH12,10,10864683,1667843700,"Montevideo, Uruguay, Qualifying",Challenger,absent,Jan Choinski,Damien Wenger,1,false,absent,finished,2,0,False,1667843700,Jan Choinski,False,home,Damien Wenger,Q,2022-11-07 17:55
CH12,10,10871201,1667940000,"Montevideo, Uruguay",Challenger,Round of 32,Jan Choinski,Genaro Alberto Olivieri,2,false,absent,finished,0,2,False,1667940000,Jan Choinski,False,home,Genaro Alberto Olivieri,R32,2022-11-08 20:40
CH12,10,10862863,1668018300,"Montevideo, Uruguay, Doubles",Challenger,Round of 16,Carou I / Comesaña F,Choinski J / Houkes M,1,false,absent,finished,2,0,False,1668018300,Jan Choinski,True,,,R16,2022-11-09 18:25
CH12,11,10288330,1651581000,"Nottingham, Singles M-ITF-GBR-07A",ITF Men,Round of 32,Jan Choinski,Alexis Canter,1,false,2,finished,2,0,False,1651581000,Jan Choinski,False,home,Alexis Canter,R32,2022-05-03 12:30
CH12,11,10289411,1651680900,"Nottingham, Doubles M-ITF-GBR-07A",ITF Men,Round of 16,Broom C / Choinski J,Matusevich A / Paris J,1,false,1,finished,2,1,False,1651680900,Jan Choinski,True,,,R16,2022-05-04 16:15
CH12,11,10289407,1651753500,"Nottingham, Singles M-ITF-GBR-07A",ITF Men,Round of 16,Brandon Murphy,Jan Choinski,1,false,1,finished,2,1,False,1651753500,Jan Choinski,False,away,Brandon Murphy,R16,2022-05-05 12:25
CH12,11,10292498,1651767300,"Nottingham, Doubles M-ITF-GBR-07A",ITF Men,Quarterfinals,Weightman O / Wendelken H,Broom C / Choinski J,2,false,1,finished,0,2,False,1651767300,Jan Choinski,True,,,QF,2022-05-05 16:15
CH12,11,10294192,1651845300,"Nottingham, Doubles M-ITF-GBR-07A",ITF Men,Semifinals,Broom C / Choinski J,Jones B / Little D,1,false,2,finished,2,0,False,1651845300,Jan Choinski,True,,,SF,2022-05-06 13:55
CH12,11,10295410,1651927200,"Nottingham, Doubles M-ITF-GBR-07A",ITF Men,Final,Broom C / Choinski J,Cash J / Patten H,2,false,1,finished,0,2,False,1651927200,Jan Choinski,True,,,F,2022-05-07 12:40
CH12,11,10455149,1657632000,"Germany F6, Singles",ITF Men,Round of 32,Philip Florig,Jan Choinski,2,false,2,finished,0,2,False,1657632000,Jan Choinski,False,away,Philip Florig,R32,2022-07-12 13:20
CH12,11,10463749,1657788900,"Germany F6, Singles",ITF Men,Round of 16,Jan Choinski,Sebastian Fanselow,2,false,2,finished,0,2,False,1657788900,Jan Choinski,False,home,Sebastian Fanselow,R16,2022-07-14 08:55
CH12,11,10542216,1659528000,"Germany F7, Singles",ITF Men,Round of 32,Maik Steiner,Jan Choinski,1,false,1,finished,2,0,False,1659528000,Jan Choinski,False,away,Maik Steiner,R32,2022-08-03 12:00
CH12,11,10544744,1659610800,"Germany F7, Singles",ITF Men,Round of 16,Gauthier Onclin,Jan Choinski,1,false,1,finished,1,2,False,1659610800,Jan Choinski,False,away,Gauthier Onclin,R16,2022-08-04 11:00
CH12,11,10548281,1659708000,"Germany F7, Singles",ITF Men,Quarterfinals,Nick Hardt,Jan Choinski,2,false,2,finished,2,0,False,1659708000,Jan Choinski,False,away,Nick Hardt,QF,2022-08-05 14:00
CH12,11,10556360,1660139100,"Germany F8, Singles",ITF Men,Round of 32,Jan Choinski,Adam Blecha,1,false,2,finished,2,0,False,1660139100,Jan Choinski,False,home,Adam Blecha,R32,2022-08-10 13:45
CH12,11,10560250,1660213800,"Germany F8, Singles",ITF Men,Round of 16,Jan Choinski,Niklas Schell,1,false,absent,finished,absent,absent,False,1660213800,Jan Choinski,False,home,Niklas Schell,R16,2022-08-11 10:30
CH12,11,10581824,1660296300,"Germany F8, Singles",ITF Men,Quarterfinals,Jan Choinski,Daniel Pátý,1,false,1,finished,2,0,False,1660296300,Jan Choinski,False,home,Daniel Pátý,QF,2022-08-12 09:25
CH12,11,10584726,1660393200,"Germany F8, Singles",ITF Men,Semifinals,Jan Choinski,Kai Wehnelt,1,false,2,finished,2,0,False,1660393200,Jan Choinski,False,home,Kai Wehnelt,SF,2022-08-13 12:20
CH12,11,10586807,1660467600,"Germany F8, Singles",ITF Men,Final,Imanol Lopez Morillo,Jan Choinski,2,false,2,finished,0,2,False,1660467600,Jan Choinski,False,away,Imanol Lopez Morillo,F,2022-08-14 09:00
CH12,11,10612366,1661180400,"Banja Luka, Bosnia & Herzegovina",Challenger,Round of 32,Jan Choinski,Lorenzo Giustino,1,false,absent,finished,2,0,False,1661180400,Jan Choinski,False,home,Lorenzo Giustino,R32,2022-08-22 15:00
CH12,11,10599704,1661437800,"Banja Luka, Bosnia & Herzegovina",Challenger,Round of 16,N. Álvarez,Jan Choinski,1,false,absent,finished,1,1,False,1661437800,Jan Choinski,False,away,N. Álvarez,R16,2022-08-25 14:30
CH12,12,9239399,1608642300,Battle of the Brits,Exhibition,Match,James Ward,Jan Choinski,absent,false,absent,canceled,absent,absent,False,1608642300,Jan Choinski,False,away,James Ward,MATCH,2020-12-22 13:05
CH12,12,9320179,1612340400,"St. Petersburg, Singles M-ITF-RUS-01A",ITF Men,Round of 32,Jan Choinski,Daniil Glinka,1,false,2,finished,2,0,False,1612340400,Jan Choinski,False,home,Daniil Glinka,R32,2021-02-03 08:20
CH12,12,9323194,1612432800,"St. Petersburg, Singles M-ITF-RUS-01A",ITF Men,Round of 16,Jan Choinski,Andrew Paulson,1,false,1,finished,2,0,False,1612432800,Jan Choinski,False,home,Andrew Paulson,R16,2021-02-04 10:00
CH12,12,9325314,1612520400,"St. Petersburg, Singles M-ITF-RUS-01A",ITF Men,Quarterfinals,Jan Choinski,Ivan Gakhov,1,false,1,finished,2,0,False,1612520400,Jan Choinski,False,home,Ivan Gakhov,QF,2021-02-05 10:20
CH12,12,9327068,1612598400,"St. Petersburg, Singles M-ITF-RUS-01A",ITF Men,Semifinals,Jan Choinski,Alexey Zakharov,2,false,1,finished,0,2,False,1612598400,Jan Choinski,False,home,Alexey Zakharov,SF,2021-02-06 08:00
CH12,12,9332772,1612959300,"St. Petersburg, Singles M-ITF-RUS-02A",ITF Men,Round of 32,Jan Choinski,Alexander Wolfschmidt,1,false,2,finished,2,0,False,1612959300,Jan Choinski,False,home,Alexander Wolfschmidt,R32,2021-02-10 12:15
CH12,12,9336561,1613048100,"St. Petersburg, Singles M-ITF-RUS-02A",ITF Men,Round of 16,Jan Choinski,Marat Deviatiarov,1,false,1,finished,2,1,False,1613048100,Jan Choinski,False,home,Marat Deviatiarov,R16,2021-02-11 12:55
CH12,12,9338701,1613129700,"St. Petersburg, Singles M-ITF-RUS-02A",ITF Men,Quarterfinals,Jan Choinski,Alexandr Cozbinov,1,false,2,finished,2,1,False,1613129700,Jan Choinski,False,home,Alexandr Cozbinov,QF,2021-02-12 11:35
CH12,12,9340726,1613209200,"St. Petersburg, Singles M-ITF-RUS-02A",ITF Men,Semifinals,Jan Choinski,Evgenii Tiurnev,2,false,1,finished,0,2,False,1613209200,Jan Choinski,False,home,Evgenii Tiurnev,SF,2021-02-13 09:40
CH12,12,10060648,1641911400,"Great Britain F21, Singles",ITF Men,Round of 32,Patrik Niklas-Salminen,Jan Choinski,2,false,1,finished,0,2,False,1641911400,Jan Choinski,False,away,Patrik Niklas-Salminen,R32,2022-01-11 14:30
CH12,12,10064611,1642085100,"Great Britain F21, Singles",ITF Men,Round of 16,Jan Choinski,Phoenix Weir,1,false,2,finished,2,0,False,1642085100,Jan Choinski,False,home,Phoenix Weir,R16,2022-01-13 14:45
CH12,12,10067400,1642154100,"Great Britain F21, Singles",ITF Men,Quarterfinals,Alastair Gray,Jan Choinski,2,false,2,finished,0,2,False,1642154100,Jan Choinski,False,away,Alastair Gray,QF,2022-01-14 09:55
CH12,12,10068898,1642240800,"Great Britain F21, Singles",ITF Men,Semifinals,Charles Broom,Jan Choinski,1,false,2,finished,2,0,False,1642240800,Jan Choinski,False,away,Charles Broom,SF,2022-01-15 10:00
CH12,12,10090707,1643118900,"Loughborough, 2022 Great Britain F3, Singles",ITF Men,Round of 32,Jelle Sels,Jan Choinski,2,false,absent,finished,0,1,False,1643118900,Jan Choinski,False,away,Jelle Sels,R32,2022-01-25 13:55
CH12,12,10096113,1643288400,"Loughborough, 2022 Great Britain F3, Singles",ITF Men,Round of 16,Jan Choinski,Daniel Little,1,false,2,finished,2,0,False,1643288400,Jan Choinski,False,home,Daniel Little,R16,2022-01-27 13:00
CH12,12,10099081,1643388000,"Loughborough, 2022 Great Britain F3, Singles",ITF Men,Quarterfinals,Jan Choinski,Paul Jubb,1,false,2,finished,2,1,False,1643388000,Jan Choinski,False,home,Paul Jubb,QF,2022-01-28 16:40
CH12,12,10101343,1643459400,"Loughborough, 2022 Great Britain F3, Singles",ITF Men,Semifinals,Jan Choinski,Antoine Escoffier,2,false,1,finished,0,1,False,1643459400,Jan Choinski,False,home,Antoine Escoffier,SF,2022-01-29 12:30
CH12,12,10193310,1647524700,"Loule, Singles M-ITF-POR-04A",ITF Men,absent,Guy Den Ouden,Jan Choinski,2,false,1,finished,0,2,False,1647524700,Jan Choinski,False,away,Guy Den Ouden,ABSENT,2022-03-17 13:45
CH12,12,10200107,1647597600,"Loule, Singles M-ITF-POR-04A",ITF Men,absent,Jan Choinski,Anton Matusevich,2,false,2,finished,1,2,False,1647597600,Jan Choinski,False,home,Anton Matusevich,ABSENT,2022-03-18 10:00
CH12,13,8690355,1592046300,Base Tennis Exhibition Series Germany 2020,Exhibition,absent,Jan Choinski,Tim Putz,2,false,1,finished,1,2,False,1592046300,Jan Choinski,False,home,Tim Putz,ABSENT,2020-06-13 11:05
CH12,13,8690358,1592132700,Base Tennis Exhibition Series Germany 2020,Exhibition,absent,Luca Gelhardt,Jan Choinski,2,false,1,finished,1,2,False,1592132700,Jan Choinski,False,away,Luca Gelhardt,ABSENT,2020-06-14 11:05
CH12,13,8731797,1594119600,Base Tennis Exhibition Series Germany 2020,Exhibition,absent,Jan Choinski,Tim Putz,2,false,2,finished,1,2,False,1594119600,Jan Choinski,False,home,Tim Putz,ABSENT,2020-07-07 11:00
CH12,13,8732664,1594206000,Base Tennis Exhibition Series Germany 2020,Exhibition,absent,Florian Broska,Jan Choinski,1,false,2,finished,2,1,False,1594206000,Jan Choinski,False,away,Florian Broska,ABSENT,2020-07-08 11:00
CH12,13,8732667,1594294200,Base Tennis Exhibition Series Germany 2020,Exhibition,absent,Daniel Vishnick,Jan Choinski,2,false,1,finished,0,2,False,1594294200,Jan Choinski,False,away,Daniel Vishnick,ABSENT,2020-07-09 11:30
CH12,13,8732668,1594368000,Base Tennis Exhibition Series Germany 2020,Exhibition,absent,Benjamin Hassan,Jan Choinski,2,false,1,finished,0,2,False,1594368000,Jan Choinski,False,away,Benjamin Hassan,ABSENT,2020-07-10 08:00
CH12,13,8732671,1594454400,Base Tennis Exhibition Series Germany 2020,Exhibition,absent,Schmitz Constantin,Jan Choinski,1,false,2,finished,2,0,False,1594454400,Jan Choinski,False,away,Schmitz Constantin,ABSENT,2020-07-11 08:00
CH12,13,8744489,1594645200,St Georges Hill Pro Series,Exhibition,absent,Jan Choinski,Joshua Paris,1,false,absent,finished,2,0,False,1594645200,Jan Choinski,False,home,Joshua Paris,ABSENT,2020-07-13 13:00
CH12,13,8746050,1594717200,St Georges Hill Pro Series,Exhibition,absent,Jan Choinski,Anton Matusevich,2,false,absent,finished,1,2,False,1594717200,Jan Choinski,False,home,Anton Matusevich,ABSENT,2020-07-14 09:00
CH12,13,8793916,1595250000,St Georges Hill Pro Series,Exhibition,absent,Jan Choinski,Ryan James Storrie,1,false,absent,finished,2,0,False,1595250000,Jan Choinski,False,home,Ryan James Storrie,ABSENT,2020-07-20 13:00
CH12,13,8794120,1595326500,St Georges Hill Pro Series,Exhibition,absent,Jan Choinski,Luke Johnson,1,false,absent,finished,2,0,False,1595326500,Jan Choinski,False,home,Luke Johnson,ABSENT,2020-07-21 10:15
CH12,13,8797384,1595422800,St Georges Hill Pro Series,Exhibition,absent,Jan Choinski,Jonathan Gray,1,false,absent,finished,1,0,False,1595422800,Jan Choinski,False,home,Jonathan Gray,ABSENT,2020-07-22 13:00
CH12,13,8801085,1595514600,St Georges Hill Pro Series,Exhibition,absent,Jan Choinski,Tom Hands,1,false,absent,finished,2,0,False,1595514600,Jan Choinski,False,home,Tom Hands,ABSENT,2020-07-23 14:30
CH12,13,8802448,1595595600,St Georges Hill Pro Series,Exhibition,absent,Jan Choinski,Alexis Canter,1,false,absent,finished,2,1,False,1595595600,Jan Choinski,False,home,Alexis Canter,ABSENT,2020-07-24 13:00
CH12,13,8803635,1595672100,St Georges Hill Pro Series,Exhibition,absent,Jan Choinski,Billy Harris,2,false,absent,finished,1,2,False,1595672100,Jan Choinski,False,home,Billy Harris,ABSENT,2020-07-25 10:15
CH12,13,8808308,1595932200,Battle of the Brits,Exhibition,absent,Jan Choinski,Cameron Norrie,2,false,2,finished,0,2,False,1595932200,Jan Choinski,False,home,Cameron Norrie,ABSENT,2020-07-28 10:30
CH12,13,8810562,1596023100,Battle of the Brits,Exhibition,absent,Jan Choinski,Liam Broady,1,false,1,finished,2,0,False,1596023100,Jan Choinski,False,home,Liam Broady,ABSENT,2020-07-29 11:45
CH12,13,8813947,1596111600,Battle of the Brits,Exhibition,absent,Jan Choinski,Liam Broady,1,false,1,finished,2,0,False,1596111600,Jan Choinski,False,home,Liam Broady,ABSENT,2020-07-30 12:20
CH12,13,8819770,1596277800,Battle of the Brits,Exhibition,absent,Jan Choinski,Alastair Gray,1,false,1,finished,2,1,False,1596277800,Jan Choinski,False,home,Alastair Gray,ABSENT,2020-08-01 10:30
CH12,13,8820982,1596370800,Battle of the Brits,Exhibition,absent,Jan Choinski,Kyle Edmund,2,false,1,finished,0,2,False,1596370800,Jan Choinski,False,home,Kyle Edmund,ABSENT,2020-08-02 12:20
CH12,13,9149474,1604401200,"Heraklion, Doubles, 2020 Greece F10, Doubles",ITF Men,Round of 16,Bergs Z / Choinski J,Thanos A / Tsitsipas P,absent,false,absent,canceled,absent,absent,False,1604401200,Jan Choinski,True,,,R16,2020-11-03 11:00
CH12,13,9151077,1604484600,"Greece F10, Singles",ITF Men,Round of 32,Jan Choinski,Nicholas David Ionel,2,false,1,finished,0,2,False,1604484600,Jan Choinski,False,home,Nicholas David Ionel,R32,2020-11-04 10:10
CH12,13,9166943,1605252600,"Heraklion, 2020 Greece F11, Singles Qualifying",ITF Men,Round of 16,Evan Furness,Jan Choinski,1,false,absent,finished,2,0,False,1605252600,Jan Choinski,False,away,Evan Furness,Q,2020-11-13 07:30
CH12,13,9168268,1605427200,"Heraklion, Singles M-ITF-GRE-12A",ITF Men,Round of 32,Jan Choinski,Shuichi Sekiguchi,2,false,absent,finished,1,2,False,1605427200,Jan Choinski,False,home,Shuichi Sekiguchi,R32,2020-11-15 08:00
CH12,14,8642481,1589020800,Base Tennis Exhibition Series Germany 2020,Exhibition,absent,Jan Choinski,Johannes Haerteis,1,false,2,finished,2,0,False,1589020800,Jan Choinski,False,home,Johannes Haerteis,ABSENT,2020-05-09 10:40
CH12,14,8647752,1589048700,Base Tennis Exhibition Series Germany 2020,Exhibition,absent,Jan Choinski,Yannick Hanfmann,1,false,2,finished,2,0,False,1589048700,Jan Choinski,False,home,Yannick Hanfmann,ABSENT,2020-05-09 18:25
CH12,14,8647992,1589102400,Base Tennis Exhibition Series Germany 2020,Exhibition,absent,Dustin Brown,Jan Choinski,2,false,1,finished,1,2,False,1589102400,Jan Choinski,False,away,Dustin Brown,ABSENT,2020-05-10 09:20
CH12,14,8647998,1589128500,Base Tennis Exhibition Series Germany 2020,Exhibition,absent,Jan Choinski,Daniel Altmaier,2,false,1,finished,0,2,False,1589128500,Jan Choinski,False,home,Daniel Altmaier,ABSENT,2020-05-10 16:35
CH12,14,8652325,1589444700,Base Tennis Exhibition Series Germany 2020,Exhibition,absent,Yannick Hanfmann,Jan Choinski,1,false,1,finished,2,0,False,1589444700,Jan Choinski,False,away,Yannick Hanfmann,ABSENT,2020-05-14 08:25
CH12,14,8652333,1589470800,Base Tennis Exhibition Series Germany 2020,Exhibition,absent,Jan Choinski,Alexey Vatutin,1,false,2,finished,2,1,False,1589470800,Jan Choinski,False,home,Alexey Vatutin,ABSENT,2020-05-14 15:40
CH12,14,8652336,1589526000,Base Tennis Exhibition Series Germany 2020,Exhibition,absent,Jan Choinski,Rameez Junaid,1,false,1,finished,2,0,False,1589526000,Jan Choinski,False,home,Rameez Junaid,ABSENT,2020-05-15 07:00
CH12,14,8652343,1589549700,Base Tennis Exhibition Series Germany 2020,Exhibition,absent,Schmitz Constantin,Jan Choinski,2,false,2,finished,1,2,False,1589549700,Jan Choinski,False,away,Schmitz Constantin,ABSENT,2020-05-15 13:35
CH12,14,8652353,1589628300,Base Tennis Exhibition Series Germany 2020,Exhibition,absent,Jan Choinski,Benjamin Hassan,2,false,2,finished,0,2,False,1589628300,Jan Choinski,False,home,Benjamin Hassan,ABSENT,2020-05-16 11:25
CH12,14,8657873,1589636400,Base Tennis Exhibition Series Germany 2020,Exhibition,absent,Daniel Altmaier,Jan Choinski,2,false,1,finished,0,2,False,1589636400,Jan Choinski,False,away,Daniel Altmaier,ABSENT,2020-05-16 13:40
CH12,14,8657908,1589713200,Base Tennis Exhibition Series Germany 2020,Exhibition,absent,Alexey Vatutin,Jan Choinski,1,false,2,finished,2,1,False,1589713200,Jan Choinski,False,away,Alexey Vatutin,ABSENT,2020-05-17 11:00
CH12,14,8657912,1589727300,Base Tennis Exhibition Series Germany 2020,Exhibition,absent,Dustin Brown,Jan Choinski,2,false,1,finished,0,2,False,1589727300,Jan Choinski,False,away,Dustin Brown,ABSENT,2020-05-17 14:55
CH12,14,8662006,1589967000,Base Tennis Exhibition Series Germany 2020,Exhibition,absent,Hazem Naw,Jan Choinski,2,false,1,finished,0,2,False,1589967000,Jan Choinski,False,away,Hazem Naw,ABSENT,2020-05-20 09:30
CH12,14,8662712,1590055800,Base Tennis Exhibition Series Germany 2020,Exhibition,absent,Rameez Junaid,Jan Choinski,2,false,2,finished,0,2,False,1590055800,Jan Choinski,False,away,Rameez Junaid,ABSENT,2020-05-21 10:10
CH12,14,8662763,1590145200,Base Tennis Exhibition Series Germany 2020,Exhibition,absent,Jan Choinski,Benjamin Hassan,2,false,2,finished,0,2,False,1590145200,Jan Choinski,False,home,Benjamin Hassan,ABSENT,2020-05-22 11:00
CH12,14,8662765,1590226200,Base Tennis Exhibition Series Germany 2020,Exhibition,absent,Jan Choinski,Schmitz Constantin,2,false,1,finished,0,2,False,1590226200,Jan Choinski,False,home,Schmitz Constantin,ABSENT,2020-05-23 09:30
CH12,14,8662769,1590321300,Base Tennis Exhibition Series Germany 2020,Exhibition,absent,Luca Gelhardt,Jan Choinski,2,false,2,finished,0,2,False,1590321300,Jan Choinski,False,away,Luca Gelhardt,ABSENT,2020-05-24 11:55
CH12,14,8670932,1590571800,Base Tennis Exhibition Series Germany 2020,Exhibition,absent,Tim Putz,Jan Choinski,1,false,1,finished,2,0,False,1590571800,Jan Choinski,False,away,Tim Putz,ABSENT,2020-05-27 09:30
CH12,14,8671005,1590658200,Base Tennis Exhibition Series Germany 2020,Exhibition,absent,Luca Gelhardt,Jan Choinski,1,false,1,finished,2,1,False,1590658200,Jan Choinski,False,away,Luca Gelhardt,ABSENT,2020-05-28 09:30
CH12,14,8671009,1590752400,Base Tennis Exhibition Series Germany 2020,Exhibition,absent,Jan Choinski,Florian Broska,1,false,2,finished,2,0,False,1590752400,Jan Choinski,False,home,Florian Broska,ABSENT,2020-05-29 11:40
CH12,14,8671011,1590833700,Base Tennis Exhibition Series Germany 2020,Exhibition,absent,Jan Choinski,Johannes Haerteis,2,false,2,finished,0,2,False,1590833700,Jan Choinski,False,home,Johannes Haerteis,ABSENT,2020-05-30 10:15
CH12,14,8671015,1590922800,Base Tennis Exhibition Series Germany 2020,Exhibition,absent,Schmitz Constantin,Jan Choinski,2,false,1,finished,0,2,False,1590922800,Jan Choinski,False,away,Schmitz Constantin,ABSENT,2020-05-31 11:00
CH12,15,8505772,1574348400,"Sarreguemines, Doubles M-ITF-FRA-22A",ITF Men,Quarterfinals,Johann L / Pfaff M,Choinski J / Gelhardt L,2,false,1,finished,0,2,False,1574348400,Jan Choinski,True,,,QF,2019-11-21 15:00
CH12,15,8506525,1574445000,"Sarreguemines, Singles M-ITF-FRA-22A",ITF Men,Quarterfinals,Jan Choinski,Hugo Schott,2,false,2,finished,1,2,False,1574445000,Jan Choinski,False,home,Hugo Schott,QF,2019-11-22 17:50
CH12,15,8506548,1574453700,"Sarreguemines, Doubles M-ITF-FRA-22A",ITF Men,Semifinals,Choinski J / Gelhardt L,Ivanov V / Sabanin Y,1,false,2,finished,2,1,False,1574453700,Jan Choinski,True,,,SF,2019-11-22 20:15
CH12,15,8507527,1574512200,"Sarreguemines, Doubles M-ITF-FRA-22A",ITF Men,Final,Bouquier A / Dussin L,Choinski J / Gelhardt L,2,false,1,finished,0,2,False,1574512200,Jan Choinski,True,,,F,2019-11-23 12:30
CH12,15,8509379,1574790000,"Santo Domingo, Doubles M-ITF-DOM-01A",ITF Men,Round of 16,Choinski J / Mora M,Bierman R / Perez A,1,false,2,finished,2,0,False,1574790000,Jan Choinski,True,,,R16,2019-11-26 17:40
CH12,15,8510015,1574865000,"Santo Domingo, Singles M-ITF-DOM-01A",ITF Men,Round of 32,Jan Choinski,A J Catanzariti,1,false,2,finished,2,0,False,1574865000,Jan Choinski,False,home,A J Catanzariti,R32,2019-11-27 14:30
CH12,15,8510741,1574947800,"Santo Domingo, Singles M-ITF-DOM-01A",ITF Men,Round of 16,Jan Choinski,Federico Zeballos,1,false,2,finished,2,0,False,1574947800,Jan Choinski,False,home,Federico Zeballos,R16,2019-11-28 13:30
CH12,15,8510810,1574965800,"Santo Domingo, Doubles M-ITF-DOM-01A",ITF Men,Quarterfinals,Choinski J / Mora M,Mendoza A / Zeballos F,1,false,1,finished,2,1,False,1574965800,Jan Choinski,True,,,QF,2019-11-28 18:30
CH12,15,8511386,1575035700,"Santo Domingo, Singles M-ITF-DOM-01A",ITF Men,Quarterfinals,Jan Choinski,Arklon Huertas Del Pino Cordova,1,false,2,finished,2,0,False,1575035700,Jan Choinski,False,home,Arklon Huertas Del Pino Cordova,QF,2019-11-29 13:55
CH12,15,8511477,1575049800,"Santo Domingo, Doubles M-ITF-DOM-01A",ITF Men,Semifinals,Perez Y / Rivera Granja O,Choinski J / Mora M,2,false,1,finished,0,2,False,1575049800,Jan Choinski,True,,,SF,2019-11-29 17:50
CH12,15,8512356,1575122400,"Santo Domingo, Singles M-ITF-DOM-01A",ITF Men,Semifinals,Jan Choinski,Paul Jubb,1,false,1,finished,2,0,False,1575122400,Jan Choinski,False,home,Paul Jubb,SF,2019-11-30 14:00
CH12,15,8512628,1575138300,"Santo Domingo, Doubles M-ITF-DOM-01A",ITF Men,Final,Huertas Del Pino Cordova A / Ugo Carabelli Camilo,Choinski J / Mora M,1,false,2,finished,2,0,False,1575138300,Jan Choinski,True,,,F,2019-11-30 18:25
CH12,15,8513181,1575208800,"Santo Domingo, Singles M-ITF-DOM-01A",ITF Men,Final,Jan Choinski,Daniel Altmaier,2,false,2,finished,1,2,False,1575208800,Jan Choinski,False,home,Daniel Altmaier,F,2019-12-01 14:00
CH12,15,8514745,1575477600,"Santo Domingo, Singles M-ITF-DOM-02A",ITF Men,Round of 32,Jan Choinski,Peter Bertran,1,false,2,finished,2,0,False,1575477600,Jan Choinski,False,home,Peter Bertran,R32,2019-12-04 16:40
CH12,15,8516766,1575554400,"Santo Domingo, Singles M-ITF-DOM-02A",ITF Men,Round of 16,Jan Choinski,Toby Alex Kodat,1,false,2,finished,2,0,False,1575554400,Jan Choinski,False,home,Toby Alex Kodat,R16,2019-12-05 14:00
CH12,16,8359070,1565775300,"Meerbusch, Germany",Challenger,Round of 32,Jan Choinski,Daniel Muñoz de la Nava,1,false,2,finished,2,0,False,1565775300,Jan Choinski,False,home,Daniel Muñoz de la Nava,R32,2019-08-14 09:35
CH12,16,8361172,1565953200,"Meerbusch, Germany",Challenger,Round of 16,Jan Choinski,Aslan Karatsev,1,false,2,finished,2,1,False,1565953200,Jan Choinski,False,home,Aslan Karatsev,R16,2019-08-16 11:00
CH12,16,8363494,1565963100,"Meerbusch, Germany",Challenger,Quarterfinals,Jan Choinski,Louis Wessels,1,false,1,finished,2,0,False,1565963100,Jan Choinski,False,home,Louis Wessels,QF,2019-08-16 13:45
CH12,16,8363769,1566045000,"Meerbusch, Germany",Challenger,Semifinals,Pedja Krstin,Jan Choinski,1,false,2,finished,2,0,False,1566045000,Jan Choinski,False,away,Pedja Krstin,SF,2019-08-17 12:30
CH12,16,8381479,1566820800,"Como, Italy",Challenger,Round of 64,Tomás Barrios Vera,Jan Choinski,2,false,2,finished,0,2,False,1566820800,Jan Choinski,False,away,Tomás Barrios Vera,R64,2019-08-26 12:00
CH12,16,8383682,1567074000,"Como, Italy",Challenger,Round of 32,Jan Choinski,Salvatore Caruso,1,false,2,finished,2,0,False,1567074000,Jan Choinski,False,home,Salvatore Caruso,R32,2019-08-29 10:20
CH12,16,8389217,1567090800,"Como, Italy",Challenger,Round of 16,Dmitry Popko,Jan Choinski,1,false,2,finished,2,1,False,1567090800,Jan Choinski,False,away,Dmitry Popko,R16,2019-08-29 15:00
CH12,16,8393382,1567411200,"Genoa, Italy",Challenger,Round of 64,Alejandro Tabilo,Jan Choinski,1,false,2,finished,2,0,False,1567411200,Jan Choinski,False,away,Alejandro Tabilo,R64,2019-09-02 08:00
CH12,16,8401110,1568047800,"Szczecin, Poland",Challenger,Round of 64,Jan Choinski,Alessandro Bega,2,false,2,finished,0,2,False,1568047800,Jan Choinski,False,home,Alessandro Bega,R64,2019-09-09 16:50
CH12,16,8432397,1569844800,"Barcelona, Spain",Challenger,Round of 64,Jan Choinski,A. Menendez-Maceiras,absent,false,absent,canceled,absent,absent,False,1569844800,Jan Choinski,False,home,A. Menendez-Maceiras,R64,2019-09-30 12:00
CH12,16,8434257,1569851100,"Barcelona, Spain",Challenger,Round of 64,Jan Choinski,Daniel Muñoz de la Nava,2,false,1,finished,0,2,False,1569851100,Jan Choinski,False,home,Daniel Muñoz de la Nava,R64,2019-09-30 13:45
CH12,16,8449771,1570532400,"Bad Salzdetfurth, Singles M-ITF-GER-14A",ITF Men,Round of 32,Osman Torski,Jan Choinski,2,false,1,finished,0,2,False,1570532400,Jan Choinski,False,away,Osman Torski,R32,2019-10-08 11:00
CH12,16,8450915,1570634700,"Bad Salzdetfurth, Doubles M-ITF-GER-14A",ITF Men,Round of 16,Barbu A / Ignatik U,Altmaier D / Choinski J,2,false,2,finished,0,2,False,1570634700,Jan Choinski,True,,,R16,2019-10-09 15:25
CH12,16,8451969,1570698000,"Bad Salzdetfurth, Singles M-ITF-GER-14A",ITF Men,Round of 16,Ondřej Krstev,Jan Choinski,2,false,1,finished,0,2,False,1570698000,Jan Choinski,False,away,Ondřej Krstev,R16,2019-10-10 09:00
CH12,16,8452168,1570717500,"Bad Salzdetfurth, Doubles M-ITF-GER-14A",ITF Men,Quarterfinals,Paul J / Steinegger Y,Altmaier D / Choinski J,2,false,2,finished,1,2,False,1570717500,Jan Choinski,True,,,QF,2019-10-10 14:25
CH12,16,8453325,1570784400,"Bad Salzdetfurth, Singles M-ITF-GER-14A",ITF Men,Quarterfinals,Robert Strombachs,Jan Choinski,2,false,1,finished,1,2,False,1570784400,Jan Choinski,False,away,Robert Strombachs,QF,2019-10-11 09:00
CH12,16,8453445,1570801500,"Bad Salzdetfurth, Doubles M-ITF-GER-14A",ITF Men,Semifinals,Lescure M / Tchoutakian M,Altmaier D / Choinski J,2,false,1,finished,0,2,False,1570801500,Jan Choinski,True,,,SF,2019-10-11 13:45
CH12,16,8454126,1570870800,"Bad Salzdetfurth, Singles M-ITF-GER-14A",ITF Men,Semifinals,M. Koneční,Jan Choinski,2,false,2,finished,0,2,False,1570870800,Jan Choinski,False,away,M. Koneční,SF,2019-10-12 09:00
CH12,16,8454261,1570905600,"Bad Salzdetfurth, Doubles M-ITF-GER-14A",ITF Men,Final,Altmaier D / Choinski J,Ong M / Polansky L,absent,false,2,finished,2,1,False,1570905600,Jan Choinski,True,,,F,2019-10-12 18:40
CH12,17,8126676,1549337100,"Dallas, USA",Challenger,Round of 64,Jan Choinski,Evan Zhu,1,false,1,finished,2,0,False,1549337100,Jan Choinski,False,home,Evan Zhu,R64,2019-02-05 03:25
CH12,17,8130249,1549403100,"Dallas, USA",Challenger,Round of 32,Reilly Opelka,Jan Choinski,1,false,1,finished,2,1,False,1549403100,Jan Choinski,False,away,Reilly Opelka,R32,2019-02-05 21:45
CH12,17,8141310,1550502600,"Bergamo, Italy",Challenger,Round of 64,Benjamin Bonzi,Jan Choinski,2,false,absent,finished,0,1,False,1550502600,Jan Choinski,False,away,Benjamin Bonzi,R64,2019-02-18 15:10
CH12,17,8143309,1550594400,"Bergamo, Italy",Challenger,Round of 32,Jan Choinski,Stefano Travaglia,absent,false,absent,canceled,absent,absent,False,1550594400,Jan Choinski,False,home,Stefano Travaglia,R32,2019-02-19 16:40
CH12,17,8144054,1550601600,"Bergamo, Italy",Challenger,Round of 32,Federico Arnaboldi,Jan Choinski,1,false,absent,finished,2,0,False,1550601600,Jan Choinski,False,away,Federico Arnaboldi,R32,2019-02-19 18:40
CH12,17,8145426,1550741400,"Bergamo, Italy",Challenger,Round of 16,Jay Clarke,Jan Choinski,2,false,absent,finished,1,2,False,1550741400,Jan Choinski,False,away,Jay Clarke,R16,2019-02-21 09:30
CH12,17,8146627,1550829600,"Bergamo, Italy",Challenger,Quarterfinals,Roberto Marcora,Jan Choinski,1,false,absent,finished,2,0,False,1550829600,Jan Choinski,False,away,Roberto Marcora,QF,2019-02-22 10:00
CH12,17,8149818,1551092400,"Pau, France",Challenger,Round of 64,Jan Choinski,S. Gutiérrez-Ferrol,1,false,1,finished,2,1,False,1551092400,Jan Choinski,False,home,S. Gutiérrez-Ferrol,R64,2019-02-25 11:00
CH12,17,8151049,1551213300,"Pau, France",Challenger,Round of 32,Jan Choinski,Adam Pavlasek,1,false,2,finished,2,0,False,1551213300,Jan Choinski,False,home,Adam Pavlasek,R32,2019-02-26 20:35
CH12,17,8152903,1551362700,"Pau, France",Challenger,Round of 16,Alexander Bublik,Jan Choinski,1,false,1,finished,2,0,False,1551362700,Jan Choinski,False,away,Alexander Bublik,R16,2019-02-28 14:05
CH12,17,8167350,1552913100,"Lille, France",Challenger,Round of 64,Jan Choinski,F. Horanský,1,false,1,finished,2,0,False,1552913100,Jan Choinski,False,home,F. Horanský,R64,2019-03-18 12:45
CH12,17,8168396,1552990800,"Lille, France",Challenger,Round of 32,Jan Choinski,Yannick Hanfmann,1,false,1,finished,2,0,False,1552990800,Jan Choinski,False,home,Yannick Hanfmann,R32,2019-03-19 10:20
CH12,17,8170289,1553165400,"Lille, France",Challenger,Round of 16,Rayane Roumane,Jan Choinski,2,false,1,finished,1,2,False,1553165400,Jan Choinski,False,away,Rayane Roumane,R16,2019-03-21 10:50
CH12,17,8172460,1553262300,"Lille, France",Challenger,Quarterfinals,Jan Choinski,Yannick Maden,2,false,2,finished,0,2,False,1553262300,Jan Choinski,False,home,Yannick Maden,QF,2019-03-22 13:45
CH12,17,8189110,1554800400,"Murcia, Spain",Challenger,Round of 64,David Vega Hernandez,Jan Choinski,2,false,1,finished,0,2,False,1554800400,Jan Choinski,False,away,David Vega Hernandez,R64,2019-04-09 09:00
CH12,17,8190321,1554886800,"Murcia, Spain",Challenger,Round of 32,Jan Choinski,Mikael Ymer,2,false,absent,finished,0,2,False,1554886800,Jan Choinski,False,home,Mikael Ymer,R32,2019-04-10 09:00
CH12,17,8205121,1556535600,"Bordeaux, France",Challenger,Round of 64,Andrea Pellegrino,Jan Choinski,1,false,absent,finished,0,0,False,1556535600,Jan Choinski,False,away,Andrea Pellegrino,R64,2019-04-29 11:00
CH12,17,8250910,1560864000,"Ilkley, Great Britain",Challenger,Round of 64,Jan Choinski,Brydan Klein,2,false,1,finished,1,2,False,1560864000,Jan Choinski,False,home,Brydan Klein,R64,2019-06-18 13:20
CH12,17,8248119,1560952800,"Ilkley, Great Britain, Doubles",Challenger,Round of 16,Choinski J / Hoyt E,Daniell M / Paes L,2,false,absent,finished,1,2,False,1560952800,Jan Choinski,True,,,R16,2019-06-19 14:00
CH12,17,8262679,1561370400,"Wimbledon, London, GB, Qualifying, 1st - 2nd Round",ATP,Qualification,James Duckworth,Jan Choinski,1,false,2,finished,2,0,False,1561370400,Jan Choinski,False,away,James Duckworth,Q,2019-06-24 10:00
CH12,17,8266320,1561986000,"Ludwigshafen, Germany",Challenger,Round of 64,Jan Choinski,Cedrik Madden,1,false,absent,finished,2,0,False,1561986000,Jan Choinski,False,home,Cedrik Madden,R64,2019-07-01 13:00
CH12,18,7948185,1535112000,"Belgium F9, Singles",ITF Men,Quarterfinals,Jan Choinski,Dan Added,1,false,1,finished,2,0,False,1535112000,Jan Choinski,False,home,Dan Added,QF,2018-08-24 12:00
CH12,18,7950760,1535198400,"Belgium F9, Singles",ITF Men,Semifinals,Jan Choinski,Samuel Brosset,1,false,2,finished,2,0,False,1535198400,Jan Choinski,False,home,Samuel Brosset,SF,2018-08-25 12:00
CH12,18,7951365,1535288400,"Belgium F9, Singles",ITF Men,Final,Jan Choinski,Colin Sinclair,1,false,1,finished,2,1,False,1535288400,Jan Choinski,False,home,Colin Sinclair,F,2018-08-26 13:00
CH12,18,7974972,1536711000,"Cary, USA",Challenger,Round of 32,Jan Choinski,Donald Young,2,false,2,finished,1,2,False,1536711000,Jan Choinski,False,home,Donald Young,R32,2018-09-12 00:10
CH12,18,7988768,1537202100,"Columbus, USA",Challenger,Round of 32,Jeffrey John Wolf,Jan Choinski,1,false,1,finished,2,0,False,1537202100,Jan Choinski,False,away,Jeffrey John Wolf,R32,2018-09-17 16:35
CH12,18,7994920,1537635600,"Tiburon, USA, Qualifying",Challenger,Round of 32,Jan Choinski,Jackson Ryder,absent,false,absent,canceled,absent,absent,False,1537635600,Jan Choinski,False,home,Jackson Ryder,Q,2018-09-22 17:00
CH12,18,7994921,1537635600,"Tiburon, USA, Qualifying",Challenger,Qualification,Jan Choinski,Jackson (2001) Ryder,1,false,absent,finished,2,0,False,1537635600,Jan Choinski,False,home,Jackson (2001) Ryder,Q,2018-09-22 17:00
CH12,18,7995559,1537722000,"Tiburon, USA, Qualifying",Challenger,Qualification,Jan Choinski,A. Gómez,1,false,absent,finished,2,1,False,1537722000,Jan Choinski,False,home,A. Gómez,Q,2018-09-23 17:00
CH12,18,7996424,1537808400,"Tiburon, USA, Qualifying",Challenger,Qualification,Jan Choinski,R. Ortega-Olmedo,2,false,absent,finished,0,2,False,1537808400,Jan Choinski,False,home,R. Ortega-Olmedo,Q,2018-09-24 17:00
CH12,18,8004112,1538499600,"Stockton, USA",Challenger,Round of 32,Jan Choinski,Casper Ruud,2,false,absent,finished,0,2,False,1538499600,Jan Choinski,False,home,Casper Ruud,R32,2018-10-02 17:00
CH12,18,8012654,1538853900,"Fairfield, USA, Qualifying",Challenger,Qualification,Jan Choinski,William Griffith,1,false,absent,finished,2,0,False,1538853900,Jan Choinski,False,home,William Griffith,Q,2018-10-06 19:25
CH12,18,8013879,1538931600,"Fairfield, USA, Qualifying",Challenger,Qualification,Jan Choinski,Marc-Andrea Huesler,2,false,absent,finished,0,2,False,1538931600,Jan Choinski,False,home,Marc-Andrea Huesler,Q,2018-10-07 17:00
CH12,18,8022936,1539635400,"Calgary, Canada",Challenger,Round of 32,Stefan Kozlov,Jan Choinski,2,false,2,finished,0,2,False,1539635400,Jan Choinski,False,away,Stefan Kozlov,R32,2018-10-15 20:30
CH12,18,8023923,1539812400,"Calgary, Canada, Doubles",Challenger,Round of 16,Choinski J / Serdarusic N,Gonzales R / Lammons N,2,false,absent,finished,0,2,False,1539812400,Jan Choinski,True,,,R16,2018-10-17 21:40
CH12,18,8026787,1539882000,"Calgary, Canada",Challenger,Round of 16,Jan Choinski,Casper Ruud,2,false,2,finished,0,2,False,1539882000,Jan Choinski,False,home,Casper Ruud,R16,2018-10-18 17:00
CH12,18,8029700,1540314000,"Las Vegas, USA",Challenger,Round of 32,Jan Choinski,Ernesto Escobedo,absent,false,absent,canceled,absent,absent,False,1540314000,Jan Choinski,False,home,Ernesto Escobedo,R32,2018-10-23 17:00
CH12,18,8031399,1540334700,"Las Vegas, USA",Challenger,Round of 32,Jan Choinski,R. Ortega-Olmedo,2,false,absent,finished,0,2,False,1540334700,Jan Choinski,False,home,R. Ortega-Olmedo,R32,2018-10-23 22:45
CH12,18,8035425,1540676700,"Charlottesville, USA, Qualifying",Challenger,Qualification,Jan Choinski,Ryan Shane,1,false,absent,finished,2,1,False,1540676700,Jan Choinski,False,home,Ryan Shane,Q,2018-10-27 21:45
CH12,18,8036273,1540746900,"Charlottesville, USA, Qualifying",Challenger,Qualification,Jan Choinski,Nuno Borges,2,false,absent,finished,1,2,False,1540746900,Jan Choinski,False,home,Nuno Borges,Q,2018-10-28 17:15
CH12,18,8037057,1540840200,"Charlottesville, USA, Doubles Qualifying",Challenger,Qualification,Karlovskiy E / Serdarusic N,Choinski J / Majchrzak K,1,false,absent,finished,2,0,False,1540840200,Jan Choinski,True,,,Q,2018-10-29 19:10
CH12,19,7778140,1523739600,"Sarasota, USA, Qualifying",Challenger,Qualification,Jan Choinski,Samuel Shropshire,1,false,absent,finished,2,1,False,1523739600,Jan Choinski,False,home,Samuel Shropshire,Q,2018-04-14 21:00
CH12,19,7778279,1523807100,"Sarasota, USA, Qualifying",Challenger,Qualification,Jan Choinski,Kaichi Uchida,2,false,absent,finished,1,2,False,1523807100,Jan Choinski,False,home,Kaichi Uchida,Q,2018-04-15 15:45
CH12,19,7780427,1523973600,"Sarasota, USA",Challenger,Round of 32,Facundo Bagnis,Jan Choinski,1,false,absent,finished,2,0,False,1523973600,Jan Choinski,False,away,Facundo Bagnis,R32,2018-04-17 14:00
CH12,19,7785189,1524589200,"Tallahassee, USA",Challenger,Round of 32,Jan Choinski,Juan Ignacio Londero,2,false,absent,finished,1,2,False,1524589200,Jan Choinski,False,home,Juan Ignacio Londero,R32,2018-04-24 17:00
CH12,19,7791918,1525096800,"Sarasota, USA",Challenger,Round of 32,Jan Choinski,Hugo Dellien,2,false,1,finished,1,2,False,1525096800,Jan Choinski,False,home,Hugo Dellien,R32,2018-04-30 14:00
CH12,19,7807367,1526724900,"Geneva, Switzerland, Qualifying",ATP,Qualification,Frank Dancevic,Jan Choinski,1,false,absent,finished,2,0,False,1526724900,Jan Choinski,False,away,Frank Dancevic,Q,2018-05-19 10:15
CH12,19,7809074,1526911500,"Roland Garros, Paris, France, Qualifying",ATP,Qualification,Alexander Bublik,Jan Choinski,1,false,absent,finished,2,0,False,1526911500,Jan Choinski,False,away,Alexander Bublik,Q,2018-05-21 14:05
CH12,19,7809804,1527073500,"Roland Garros, Paris, France, Qualifying",ATP,Qualification,Gonçalo Oliveira,Jan Choinski,1,false,absent,finished,2,1,False,1527073500,Jan Choinski,False,away,Gonçalo Oliveira,Q,2018-05-23 11:05
CH12,19,7817782,1528111800,"Prostejov, Czech Republic",Challenger,Round of 32,Jan Choinski,Zdenek Kolar,2,false,absent,finished,1,2,False,1528111800,Jan Choinski,False,home,Zdenek Kolar,R32,2018-06-04 11:30
CH12,19,7822111,1528549200,"Stuttgart, Germany, Qualifying",ATP,Qualification,Denis Kudla,Jan Choinski,1,false,absent,finished,2,0,False,1528549200,Jan Choinski,False,away,Denis Kudla,Q,2018-06-09 13:00
CH12,19,7832387,1529418300,"Todi, Italy",Challenger,Round of 32,Luca Vanni,Jan Choinski,1,false,absent,finished,2,1,False,1529418300,Jan Choinski,False,away,Luca Vanni,R32,2018-06-19 14:25
CH12,19,7840381,1529748000,"Eastbourne, Great Britain, Qualifying",ATP,Qualification,C. Gómez-Herrera,Jan Choinski,1,false,absent,finished,2,0,False,1529748000,Jan Choinski,False,away,C. Gómez-Herrera,Q,2018-06-23 10:00
CH12,19,7878097,1531821600,"Scheveningen, Netherlands",Challenger,Round of 32,Botic Van de Zandschulp,Jan Choinski,1,false,absent,finished,2,0,False,1531821600,Jan Choinski,False,away,Botic Van de Zandschulp,R32,2018-07-17 10:00
CH12,19,7891872,1532419200,"Padova, Italy",Challenger,Round of 32,Carlos Taberner,Jan Choinski,absent,false,absent,canceled,absent,absent,False,1532419200,Jan Choinski,False,away,Carlos Taberner,R32,2018-07-24 08:00
CH12,19,7894625,1532428200,"Padova, Italy",Challenger,Round of 32,Andrea Arnaboldi,Jan Choinski,1,false,absent,finished,2,0,False,1532428200,Jan Choinski,False,away,Andrea Arnaboldi,R32,2018-07-24 10:30
CH12,19,7904096,1533027600,"Sopot, Poland",Challenger,Round of 32,Gleb Sakharov,Jan Choinski,2,false,absent,finished,1,2,False,1533027600,Jan Choinski,False,away,Gleb Sakharov,R32,2018-07-31 09:00
CH12,19,7907248,1533045000,"Sopot, Poland, Doubles",Challenger,Round of 16,Choinski J / Haerteis J,Panfil G / Sakharov G,2,false,absent,finished,0,2,False,1533045000,Jan Choinski,True,,,R16,2018-07-31 13:50
CH12,19,7907201,1533125400,"Sopot, Poland",Challenger,Round of 16,Jan Choinski,Paolo Lorenzi,2,false,absent,finished,0,2,False,1533125400,Jan Choinski,False,home,Paolo Lorenzi,R16,2018-08-01 12:10
CH12,19,7918377,1533656700,"Germany F11, Singles",ITF Men,Round of 32,Jan Choinski,Chris Rodesch,1,false,2,finished,2,0,False,1533656700,Jan Choinski,False,home,Chris Rodesch,R32,2018-08-07 15:45
CH12,20,7662369,1512463800,"Turkey F46, Singles",ITF Men,Round of 32,Jan Choinski,A. Alcaraz Ivorra,2,false,1,finished,1,2,False,1512463800,Jan Choinski,False,home,A. Alcaraz Ivorra,R32,2017-12-05 08:50
CH12,20,7683917,1515582000,"Germany F1, Singles",ITF Men,Round of 32,Jan Choinski,Dominik Boehler,1,false,2,finished,1,0,False,1515582000,Jan Choinski,False,home,Dominik Boehler,R32,2018-01-10 11:00
CH12,20,7685500,1515668400,"Germany F1, Singles",ITF Men,Round of 16,Jan Choinski,Kevin Krawietz,2,false,1,finished,1,2,False,1515668400,Jan Choinski,False,home,Kevin Krawietz,R16,2018-01-11 11:00
CH12,20,7689119,1516126200,"Koblenz, Germany",Challenger,Round of 32,Tommy Robredo,Jan Choinski,2,false,1,finished,1,2,False,1516126200,Jan Choinski,False,away,Tommy Robredo,R32,2018-01-16 18:10
CH12,20,7689873,1516188000,"Koblenz, Germany, Doubles",Challenger,Round of 16,Balaji N. S / Vardhan V,Choinski J / Moeller M,2,false,absent,finished,0,2,False,1516188000,Jan Choinski,True,,,R16,2018-01-17 11:20
CH12,20,7691125,1516287600,"Koblenz, Germany",Challenger,Round of 16,Jan Choinski,Mohamed Safwat,2,false,1,finished,1,2,False,1516287600,Jan Choinski,False,home,Mohamed Safwat,R16,2018-01-18 15:00
CH12,20,7691169,1516297500,"Koblenz, Germany, Doubles",Challenger,Quarterfinals,Choinski J / Moeller M,Panfil G / Uzhylovskyi V,2,false,absent,finished,1,2,False,1516297500,Jan Choinski,True,,,QF,2018-01-18 17:45
CH12,20,7695395,1516816500,"Germany F2, Singles",ITF Men,Round of 32,Robin Lang,Jan Choinski,2,false,2,finished,0,2,False,1516816500,Jan Choinski,False,away,Robin Lang,R32,2018-01-24 17:55
CH12,20,7697335,1516884300,"Germany F2, Singles",ITF Men,Round of 16,Boy Westerhof,Jan Choinski,2,false,2,finished,0,2,False,1516884300,Jan Choinski,False,away,Boy Westerhof,R16,2018-01-25 12:45
CH12,20,7698240,1516970400,"Germany F2, Singles",ITF Men,Quarterfinals,Botic Van de Zandschulp,Jan Choinski,1,false,2,finished,0,2,False,1516970400,Jan Choinski,False,away,Botic Van de Zandschulp,QF,2018-01-26 12:40
CH12,20,7699745,1517061000,"Germany F2, Singles",ITF Men,Semifinals,Jan Choinski,Christopher Heyman,2,false,1,finished,1,2,False,1517061000,Jan Choinski,False,home,Christopher Heyman,SF,2018-01-27 13:50
CH12,20,7709336,1518009000,"Switzerland F1, Singles",ITF Men,Round of 32,Sami Reinwein,Jan Choinski,1,false,2,finished,2,0,False,1518009000,Jan Choinski,False,away,Sami Reinwein,R32,2018-02-07 13:10
CH12,20,7722539,1519063200,"Morelos, Mexico",Challenger,Round of 32,Jan Choinski,A. Pavić,2,false,absent,finished,0,2,False,1519063200,Jan Choinski,False,home,A. Pavić,R32,2018-02-19 18:00
CH12,20,7732158,1519505100,"Indian Wells, USA, Qualifying",Challenger,Qualification,Jan Choinski,Evan Song,2,false,absent,finished,0,2,False,1519505100,Jan Choinski,False,home,Evan Song,Q,2018-02-24 20:45
CH12,20,7749112,1520970600,"Usa F7, Singles",ITF Men,Round of 32,Alexios Halebian,Jan Choinski,2,false,1,finished,0,2,False,1520970600,Jan Choinski,False,away,Alexios Halebian,R32,2018-03-13 19:50
CH12,20,7749115,1520987400,"Usa F7, Doubles",ITF Men,Round of 16,Bradley J / Choinski J,Appelgren D / Gojo B,2,false,1,finished,0,2,False,1520987400,Jan Choinski,True,,,R16,2018-03-14 00:30
CH12,20,7752355,1521153600,"Usa F7, Singles",ITF Men,Round of 16,Daniel Appelgren,Jan Choinski,2,false,absent,finished,0,2,False,1521153600,Jan Choinski,False,away,Daniel Appelgren,R16,2018-03-15 22:40
CH12,20,7752415,1521241800,"Usa F7, Singles",ITF Men,Quarterfinals,Ulises Blanch,Jan Choinski,2,false,1,finished,0,2,False,1521241800,Jan Choinski,False,away,Ulises Blanch,QF,2018-03-16 23:10
CH12,21,7510585,1501862700,"Germany F9, Singles",ITF Men,Semifinals,Rudolf Molleker,Jan Choinski,2,false,2,finished,1,1,False,1501862700,Jan Choinski,False,away,Rudolf Molleker,SF,2017-08-04 16:05
CH12,21,7511450,1501938000,"Germany F9, Singles",ITF Men,Final,Daniel Dutra Da Silva,Jan Choinski,2,false,1,finished,0,2,False,1501938000,Jan Choinski,False,away,Daniel Dutra Da Silva,F,2017-08-05 13:00
CH12,21,7514796,1502198100,"Germany F10, Singles",ITF Men,Round of 32,Jan Choinski,Jannis Kahlke,1,false,2,finished,2,1,False,1502198100,Jan Choinski,False,home,Jannis Kahlke,R32,2017-08-08 13:15
CH12,21,7516074,1502281200,"Germany F10, Singles",ITF Men,Round of 16,Jan Choinski,Jonas Luetjen,1,false,2,finished,2,0,False,1502281200,Jan Choinski,False,home,Jonas Luetjen,R16,2017-08-09 12:20
CH12,21,7518621,1502461800,"Germany F10, Singles",ITF Men,Quarterfinals,Jan Choinski,Julian Lenz,1,false,1,finished,2,1,False,1502461800,Jan Choinski,False,home,Julian Lenz,QF,2017-08-11 14:30
CH12,21,7521234,1502545800,"Germany F10, Singles",ITF Men,Semifinals,Jan Choinski,Maciej Rajski,1,false,2,finished,2,0,False,1502545800,Jan Choinski,False,home,Maciej Rajski,SF,2017-08-12 13:50
CH12,21,7522090,1502622000,"Germany F10, Singles",ITF Men,Final,Elmar Ejupovic,Jan Choinski,2,false,1,finished,0,2,False,1502622000,Jan Choinski,False,away,Elmar Ejupovic,F,2017-08-13 11:00
CH12,21,7524153,1502901900,"Germany F11, Singles",ITF Men,Round of 32,Marvin Möller,Jan Choinski,2,false,2,finished,0,2,False,1502901900,Jan Choinski,False,away,Marvin Möller,R32,2017-08-16 16:45
CH12,21,7531225,1502971500,"Germany F11, Singles",ITF Men,Round of 16,Nicolás Xiviller,Jan Choinski,2,false,1,finished,0,2,False,1502971500,Jan Choinski,False,away,Nicolás Xiviller,R16,2017-08-17 12:05
CH12,21,7532116,1503063600,"Germany F11, Singles",ITF Men,Quarterfinals,Alexei Popyrin,Jan Choinski,2,false,1,finished,0,2,False,1503063600,Jan Choinski,False,away,Alexei Popyrin,QF,2017-08-18 13:40
CH12,21,7532881,1503152700,"Germany F11, Singles",ITF Men,Semifinals,Benjamin Hassan,Jan Choinski,2,false,1,finished,0,2,False,1503152700,Jan Choinski,False,away,Benjamin Hassan,SF,2017-08-19 14:25
CH12,21,7536918,1503226800,"Germany F11, Singles",ITF Men,Final,Mate Valkusz,Jan Choinski,2,false,1,finished,0,2,False,1503226800,Jan Choinski,False,away,Mate Valkusz,F,2017-08-20 11:00
CH12,21,7593419,1506186000,"Tiburon, USA, Qualifying",Challenger,Qualification,Jan Choinski,Sebastian Fanselow,1,false,absent,finished,2,0,False,1506186000,Jan Choinski,False,home,Sebastian Fanselow,Q,2017-09-23 17:00
CH12,21,7594333,1506272400,"Tiburon, USA, Qualifying",Challenger,Qualification,Jan Choinski,Lucas Gomez,1,false,absent,finished,2,1,False,1506272400,Jan Choinski,False,home,Lucas Gomez,Q,2017-09-24 17:00
CH12,21,7595259,1506358800,"Tiburon, USA, Qualifying",Challenger,Qualification,Kaichi Uchida,Jan Choinski,1,false,absent,finished,2,1,False,1506358800,Jan Choinski,False,away,Kaichi Uchida,Q,2017-09-25 17:00
CH12,21,7596880,1506456300,"Tiburon, USA",Challenger,Round of 32,Ramkumar Ramanathan,Jan Choinski,2,false,absent,finished,0,2,False,1506456300,Jan Choinski,False,away,Ramkumar Ramanathan,R32,2017-09-26 20:05
CH12,21,7597865,1506621600,"Tiburon, USA",Challenger,Round of 16,Jan Choinski,Christian Harrison,2,false,1,finished,0,2,False,1506621600,Jan Choinski,False,home,Christian Harrison,R16,2017-09-28 18:00
CH12,21,7604124,1506877200,"Stockton, USA, Qualifying",Challenger,Qualification,Jan Choinski,Alexios Halebian,1,false,absent,finished,2,0,False,1506877200,Jan Choinski,False,home,Alexios Halebian,Q,2017-10-01 17:00
CH12,21,7604934,1506963600,"Stockton, USA, Qualifying",Challenger,Qualification,Jan Choinski,Matias Franco Descotte,1,false,absent,finished,2,0,False,1506963600,Jan Choinski,False,home,Matias Franco Descotte,Q,2017-10-02 17:00
CH12,21,7606470,1507050000,"Stockton, USA",Challenger,Round of 32,Denis Kudla,Jan Choinski,1,false,absent,finished,2,0,False,1507050000,Jan Choinski,False,away,Denis Kudla,R32,2017-10-03 17:00
CH12,22,7425925,1496320200,"Czech Republic F3, Doubles",ITF Men,absent,Maiga R / Nolan D,Choinski J / Majchrzak K,2,false,1,finished,0,2,False,1496320200,Jan Choinski,True,,,ABSENT,2017-06-01 12:30
CH12,22,7426570,1496398200,"Czech Republic F3, Singles",ITF Men,absent,Pascal Meis,Jan Choinski,2,false,2,finished,1,2,False,1496398200,Jan Choinski,False,away,Pascal Meis,ABSENT,2017-06-02 10:10
CH12,22,7426961,1496476800,"Czech Republic F3, Singles",ITF Men,absent,Bruno Santanna,Jan Choinski,1,false,2,finished,2,1,False,1496476800,Jan Choinski,False,away,Bruno Santanna,ABSENT,2017-06-03 08:00
CH12,22,7426977,1496494200,"Czech Republic F3, Doubles",ITF Men,absent,Michnev P / Vocel M,Choinski J / Majchrzak K,2,false,1,finished,0,2,False,1496494200,Jan Choinski,True,,,ABSENT,2017-06-03 12:50
CH12,22,7434708,1497281100,"Poland F1, Doubles",ITF Men,absent,Choinski J / Stanek R,Andrzejczuk A / Juszczak P,2,false,1,finished,1,2,False,1497281100,Jan Choinski,True,,,ABSENT,2017-06-12 15:25
CH12,22,7434710,1497356400,"Poland F1, Singles",ITF Men,absent,Wilson Leite,Jan Choinski,2,false,2,finished,0,2,False,1497356400,Jan Choinski,False,away,Wilson Leite,ABSENT,2017-06-13 12:20
CH12,22,7436205,1497524700,"Poland F1, Singles",ITF Men,absent,Pawel Juszczak,Jan Choinski,2,false,2,finished,1,2,False,1497524700,Jan Choinski,False,away,Pawel Juszczak,ABSENT,2017-06-15 11:05
CH12,22,7438349,1497628800,"Poland F1, Singles",ITF Men,absent,Mariano Kestelboim,Jan Choinski,2,false,1,finished,0,2,False,1497628800,Jan Choinski,False,away,Mariano Kestelboim,ABSENT,2017-06-16 16:00
CH12,22,7440343,1497697200,"Poland F1, Singles",ITF Men,absent,Kamil Majchrzak,Jan Choinski,1,false,2,finished,2,0,False,1497697200,Jan Choinski,False,away,Kamil Majchrzak,ABSENT,2017-06-17 11:00
CH12,22,7443134,1497959700,"Poland F2, Singles",ITF Men,absent,Evan Furness,Jan Choinski,1,false,2,finished,2,0,False,1497959700,Jan Choinski,False,away,Evan Furness,ABSENT,2017-06-20 11:55
CH12,22,7443106,1497971400,"Poland F2, Doubles",ITF Men,absent,Choinski J / Zielinski J,Libietis M / Reese H,1,false,2,finished,2,1,False,1497971400,Jan Choinski,True,,,ABSENT,2017-06-20 15:10
CH12,22,7445188,1498053900,"Poland F2, Doubles",ITF Men,absent,ASK F / Goransson A,Choinski J / Zielinski J,1,false,1,finished,2,1,False,1498053900,Jan Choinski,True,,,ABSENT,2017-06-21 14:05
CH12,22,7455135,1498479900,"Poland F3, Singles",ITF Men,absent,Adrian Andrzejczuk,Jan Choinski,2,false,1,finished,0,2,False,1498479900,Jan Choinski,False,away,Adrian Andrzejczuk,ABSENT,2017-06-26 12:25
CH12,22,7455423,1498491900,"Poland F3, Doubles",ITF Men,absent,Choinski J / Matuszewski P,Marse-Vidri J / Neubau M,1,false,1,finished,2,0,False,1498491900,Jan Choinski,True,,,ABSENT,2017-06-26 15:45
CH12,22,7457790,1498640400,"Poland F3, Singles",ITF Men,absent,Wojciech Marek,Jan Choinski,2,false,1,finished,0,2,False,1498640400,Jan Choinski,False,away,Wojciech Marek,ABSENT,2017-06-28 09:00
CH12,22,7456625,1498653900,"Poland F3, Doubles",ITF Men,absent,Choinski J / Matuszewski P,Drzewiecki K / Smola M,2,false,1,finished,1,2,False,1498653900,Jan Choinski,True,,,ABSENT,2017-06-28 12:45
CH12,22,7458575,1498817700,"Poland F3, Singles",ITF Men,absent,Andrea Vavassori,Jan Choinski,2,false,2,finished,0,2,False,1498817700,Jan Choinski,False,away,Andrea Vavassori,ABSENT,2017-06-30 10:15
CH12,22,7458906,1498900200,"Poland F3, Singles",ITF Men,absent,Jan Choinski,Thomaz Bellucci,1,false,1,finished,2,0,False,1498900200,Jan Choinski,False,home,Thomaz Bellucci,ABSENT,2017-07-01 09:10
CH12,23,7311675,1484227200,"Germany F1, Singles",ITF Men,absent,Jan Choinski,Patrik Rosenholm,1,false,2,finished,2,0,False,1484227200,Jan Choinski,False,home,Patrik Rosenholm,ABSENT,2017-01-12 13:20
CH12,23,7312174,1484308800,"Germany F1, Singles",ITF Men,absent,Evgeny Karlovskiy,Jan Choinski,1,false,absent,finished,2,0,False,1484308800,Jan Choinski,False,away,Evgeny Karlovskiy,ABSENT,2017-01-13 12:00
CH12,23,7314359,1484679600,"Koblenz, Germany",Challenger,Round of 32,Jan Choinski,Daniel Brands,2,false,absent,finished,0,2,False,1484679600,Jan Choinski,False,home,Daniel Brands,R32,2017-01-17 19:00
CH12,23,7314926,1484760600,"Koblenz, Germany, Doubles",Challenger,Round of 16,Choinski J / Hassan B,Junaid R / Mies A,2,false,absent,finished,0,2,False,1484760600,Jan Choinski,True,,,R16,2017-01-18 17:30
CH12,23,7321205,1485360000,"Germany F3, Singles",ITF Men,absent,Elmar Ejupovic,Jan Choinski,2,false,2,finished,0,2,False,1485360000,Jan Choinski,False,away,Elmar Ejupovic,ABSENT,2017-01-25 16:00
CH12,23,7321897,1485442200,"Germany F3, Singles",ITF Men,absent,Jan Choinski,Laurynas Grigelis,1,false,1,finished,2,0,False,1485442200,Jan Choinski,False,home,Laurynas Grigelis,ABSENT,2017-01-26 14:50
CH12,23,7322588,1485523800,"Germany F3, Singles",ITF Men,absent,Alexey Vatutin,Jan Choinski,1,false,1,finished,2,0,False,1485523800,Jan Choinski,False,away,Alexey Vatutin,ABSENT,2017-01-27 13:30
CH12,23,7343283,1487692800,"USA F8, Singles",ITF Men,absent,Jan Choinski,Corentin Denolly,2,false,2,finished,1,2,False,1487692800,Jan Choinski,False,home,Corentin Denolly,ABSENT,2017-02-21 16:00
CH12,23,7343290,1487714400,"USA F8, Doubles",ITF Men,absent,Collarini A / Simonsson F,Choinski J / Rodríguez-Pace R,2,false,1,finished,0,2,False,1487714400,Jan Choinski,True,,,ABSENT,2017-02-21 22:00
CH12,23,7344006,1487895000,"USA F8, Doubles",ITF Men,absent,Choinski J / Rodríguez-Pace R,Jones J / Knights T,2,false,1,finished,0,2,False,1487895000,Jan Choinski,True,,,ABSENT,2017-02-24 00:10
CH12,23,7348388,1488303000,"USA F9, Singles",ITF Men,absent,Jan Choinski,Daniel Nolan,1,false,1,finished,2,0,False,1488303000,Jan Choinski,False,home,Daniel Nolan,ABSENT,2017-02-28 17:30
CH12,23,7349460,1488478800,"USA F9, Singles",ITF Men,absent,Jan Choinski,Tommy Paul,2,false,2,finished,1,2,False,1488478800,Jan Choinski,False,home,Tommy Paul,ABSENT,2017-03-02 18:20
CH12,23,7359891,1489543500,"USA F10, Singles",ITF Men,absent,Jarryd Woog,Jan Choinski,2,false,1,finished,0,2,False,1489543500,Jan Choinski,False,away,Jarryd Woog,ABSENT,2017-03-15 02:05
CH12,23,7362613,1489715100,"USA F10, Singles",ITF Men,absent,Kimmer Coppejans,Jan Choinski,1,false,absent,finished,2,0,False,1489715100,Jan Choinski,False,away,Kimmer Coppejans,ABSENT,2017-03-17 01:45
CH12,23,7367070,1490206200,"USA F11, Singles",ITF Men,absent,Finn Tearney,Jan Choinski,2,false,2,finished,1,2,False,1490206200,Jan Choinski,False,away,Finn Tearney,ABSENT,2017-03-22 18:10
CH12,23,7368716,1490297700,"USA F11, Singles",ITF Men,absent,Jan Choinski,Bradley Klahn,2,false,1,finished,1,2,False,1490297700,Jan Choinski,False,home,Bradley Klahn,ABSENT,2017-03-23 19:35
CH12,23,7367079,1490312700,"USA F11, Doubles",ITF Men,absent,Betau S / Martinez L D,Choinski J / Nolan D,1,false,2,finished,2,0,False,1490312700,Jan Choinski,True,,,ABSENT,2017-03-23 23:45
CH12,23,7377746,1491231600,"USA F12, Singles Qualifying",ITF Men,absent,Jan Choinski,Connor Farren,1,false,1,finished,2,0,False,1491231600,Jan Choinski,False,home,Connor Farren,Q,2017-04-03 15:00
CH12,23,7377926,1491264000,"USA F12, Singles",ITF Men,absent,Jan Choinski,Yannick Mertens,1,false,2,finished,2,0,False,1491264000,Jan Choinski,False,home,Yannick Mertens,ABSENT,2017-04-04 00:00
CH12,24,7136509,1469120700,"Germany F8, Doubles",ITF Men,absent,Doumbia S / Hernández-Fernández J,Choinski J / Haerteis J,1,false,2,finished,2,1,False,1469120700,Jan Choinski,True,,,ABSENT,2016-07-21 17:05
CH12,24,7155869,1470135600,"Germany F9, Singles",ITF Men,absent,Marvin Netuschil,Jan Choinski,1,false,absent,finished,2,1,False,1470135600,Jan Choinski,False,away,Marvin Netuschil,ABSENT,2016-08-02 11:00
CH12,24,7165466,1470740400,"Germany F10, Singles",ITF Men,absent,Florian Broska,Jan Choinski,2,false,1,finished,0,2,False,1470740400,Jan Choinski,False,away,Florian Broska,ABSENT,2016-08-09 11:00
CH12,24,7166695,1470827700,"Germany F10, Singles",ITF Men,absent,Robin Kern,Jan Choinski,2,false,2,finished,0,2,False,1470827700,Jan Choinski,False,away,Robin Kern,ABSENT,2016-08-10 11:15
CH12,24,7167738,1470919200,"Germany F10, Singles",ITF Men,absent,Maverick Banes,Jan Choinski,2,false,2,finished,0,1,False,1470919200,Jan Choinski,False,away,Maverick Banes,ABSENT,2016-08-11 12:40
CH12,24,7169917,1470999600,"Germany F10, Singles",ITF Men,absent,Marvin Netuschil,Jan Choinski,1,false,1,finished,2,0,False,1470999600,Jan Choinski,False,away,Marvin Netuschil,ABSENT,2016-08-12 11:00
CH12,24,7177080,1471362600,"2017 Poland F5, Doubles",ITF Men,Round of 16,Choinski J / Majchrowicz A,Dabryian A / Grynkowski P,1,false,1,finished,2,0,False,1471362600,Jan Choinski,True,,,R16,2016-08-16 15:50
CH12,24,7178419,1471437900,"2017 Poland F5, Singles Qualifying",ITF Men,Round of 32,Sumit Nagal,Jan Choinski,1,false,2,finished,2,0,False,1471437900,Jan Choinski,False,away,Sumit Nagal,Q,2016-08-17 12:45
CH12,24,7178898,1471610400,"2017 Poland F5, Doubles",ITF Men,Quarterfinals,Choinski J / Majchrowicz A,Luz O / Zormann M,1,false,2,finished,2,1,False,1471610400,Jan Choinski,True,,,QF,2016-08-19 12:40
CH12,24,7181962,1471612200,"2017 Poland F5, Doubles",ITF Men,Semifinals,Choinski J / Majchrowicz A,Dembek M / Panfil G,2,false,absent,finished,0,2,False,1471612200,Jan Choinski,True,,,SF,2016-08-19 13:10
CH12,24,7214488,1473800400,"USA F28, Singles",ITF Men,absent,Jan Choinski,Martin Redlicki,2,false,1,finished,1,2,False,1473800400,Jan Choinski,False,home,Martin Redlicki,ABSENT,2016-09-13 21:00
CH12,24,7214498,1473812700,"USA F28, Doubles",ITF Men,absent,Catarina L / Diep F,Choinski J / Ejupović E,1,false,2,finished,2,1,False,1473812700,Jan Choinski,True,,,ABSENT,2016-09-14 00:25
CH12,24,7229715,1474491000,"USA F29, Singles",ITF Men,absent,Shahin Khaledan,Jan Choinski,2,false,2,finished,0,2,False,1474491000,Jan Choinski,False,away,Shahin Khaledan,ABSENT,2016-09-21 20:50
CH12,24,7230739,1474572600,"USA F29, Singles",ITF Men,absent,Martin Redlicki,Jan Choinski,2,false,2,finished,0,1,False,1474572600,Jan Choinski,False,away,Martin Redlicki,ABSENT,2016-09-22 19:30
CH12,24,7231624,1474656000,"USA F29, Singles",ITF Men,absent,Marcos Giron,Jan Choinski,2,false,1,finished,1,2,False,1474656000,Jan Choinski,False,away,Marcos Giron,ABSENT,2016-09-23 18:40
CH12,24,7232640,1474741200,"USA F29, Singles",ITF Men,absent,Sebastian Fanselow,Jan Choinski,2,false,2,finished,0,2,False,1474741200,Jan Choinski,False,away,Sebastian Fanselow,ABSENT,2016-09-24 18:20
CH12,24,7233464,1474822800,"USA F29, Singles",ITF Men,absent,Mackenzie McDonald,Jan Choinski,1,false,1,finished,2,0,False,1474822800,Jan Choinski,False,away,Mackenzie McDonald,ABSENT,2016-09-25 17:00
CH12,24,7236260,1475079300,"USA F30, Singles",ITF Men,absent,Florent Diep,Jan Choinski,2,false,2,finished,1,2,False,1475079300,Jan Choinski,False,away,Florent Diep,ABSENT,2016-09-28 16:15
CH12,25,7046382,1459864800,"USA F12, Singles",ITF Men,absent,Jan Choinski,Clay Thompson,1,false,2,finished,2,1,False,1459864800,Jan Choinski,False,home,Clay Thompson,ABSENT,2016-04-05 14:00
CH12,25,7046421,1459889100,"USA F12, Doubles",ITF Men,absent,Choinski J / Thompson C,Meister N / Quigley E,2,false,1,finished,0,2,False,1459889100,Jan Choinski,True,,,ABSENT,2016-04-05 20:45
CH12,25,7047445,1460061000,"USA F12, Singles",ITF Men,absent,Jan Choinski,Felipe Mantilla,1,false,1,finished,2,0,False,1460061000,Jan Choinski,False,home,Felipe Mantilla,ABSENT,2016-04-07 20:30
CH12,25,7047953,1460136900,"USA F12, Singles",ITF Men,absent,Jan Choinski,Ryan Haviland,2,false,1,finished,0,2,False,1460136900,Jan Choinski,False,home,Ryan Haviland,ABSENT,2016-04-08 17:35
CH12,25,7050342,1460484000,"USA F13, Singles",ITF Men,absent,Jan Choinski,Clay Thompson,1,false,2,finished,2,0,False,1460484000,Jan Choinski,False,home,Clay Thompson,ABSENT,2016-04-12 18:00
CH12,25,7050352,1460500800,"USA F13, Doubles",ITF Men,absent,Crowley K-P / Martinez L D,Choinski J / Shapovalov D,2,false,1,finished,0,2,False,1460500800,Jan Choinski,True,,,ABSENT,2016-04-12 22:40
CH12,25,7051865,1460646600,"USA F13, Singles",ITF Men,absent,Christian Lindell,Jan Choinski,1,false,1,finished,2,1,False,1460646600,Jan Choinski,False,away,Christian Lindell,ABSENT,2016-04-14 15:10
CH12,25,7051319,1460674800,"USA F13, Doubles",ITF Men,absent,Choinski J / Shapovalov D,Luetjen J / Scholtz N,1,false,1,finished,2,0,False,1460674800,Jan Choinski,True,,,ABSENT,2016-04-14 23:00
CH12,25,7052339,1460758500,"USA F13, Doubles",ITF Men,absent,Choinski J / Shapovalov D,Lipman R / Sandgren T,2,false,1,finished,1,2,False,1460758500,Jan Choinski,True,,,ABSENT,2016-04-15 22:15
CH12,25,7056997,1461420000,"Tallahassee, USA, Qualifying",Challenger,Qualification,Jan Choinski,Peter Polansky,2,false,absent,finished,0,2,False,1461420000,Jan Choinski,False,home,Peter Polansky,Q,2016-04-23 14:00
CH12,25,7066991,1462613700,"Heilbronn, Germany, Qualifying",Challenger,Qualification,Louis Wessels,Jan Choinski,2,false,absent,finished,0,2,False,1462613700,Jan Choinski,False,away,Louis Wessels,Q,2016-05-07 09:35
CH12,25,7067204,1462704900,"Heilbronn, Germany, Qualifying",Challenger,Qualification,Jan Choinski,Artem Smirnov,1,false,absent,finished,2,1,False,1462704900,Jan Choinski,False,home,Artem Smirnov,Q,2016-05-08 10:55
CH12,25,7067969,1462788000,"Heilbronn, Germany, Qualifying",Challenger,Qualification,Peter Torebko,Jan Choinski,1,false,absent,finished,1,0,False,1462788000,Jan Choinski,False,away,Peter Torebko,Q,2016-05-09 10:00
CH12,25,7076405,1464165000,"Czech Republic F3, Singles",ITF Men,absent,Jan Choinski,P. Štaubert,1,false,2,finished,2,0,False,1464165000,Jan Choinski,False,home,P. Štaubert,ABSENT,2016-05-25 08:30
CH12,25,7076624,1464178200,"Czech Republic F3, Doubles",ITF Men,absent,Choinski J / Schonenberg T,Franek M / Kuncik J,1,false,2,finished,2,0,False,1464178200,Jan Choinski,True,,,ABSENT,2016-05-25 12:10
CH12,25,7077048,1464251400,"Czech Republic F3, Singles",ITF Men,absent,Jan Choinski,M. Franěk,2,false,1,finished,1,2,False,1464251400,Jan Choinski,False,home,M. Franěk,ABSENT,2016-05-26 08:30
CH12,25,7077043,1464268800,"Czech Republic F3, Doubles",ITF Men,absent,Dlouhy L / Jebavy R,Choinski J / Schonenberg T,2,false,2,finished,0,2,False,1464268800,Jan Choinski,True,,,ABSENT,2016-05-26 13:20
CH12,26,6932913,1445241600,"Norway F1, Singles",ITF Men,Round of 32,Bartosz Wojnar,Jan Choinski,2,false,1,finished,0,2,False,1445241600,Jan Choinski,False,away,Bartosz Wojnar,R32,2015-10-19 08:00
CH12,26,6935184,1445414400,"Norway F1, Singles",ITF Men,Round of 16,Matej Sabanov,Jan Choinski,2,false,2,finished,0,2,False,1445414400,Jan Choinski,False,away,Matej Sabanov,R16,2015-10-21 08:00
CH12,26,6935796,1445509200,"Norway F1, Singles",ITF Men,Quarterfinals,Daniel Appelgren,Jan Choinski,1,false,1,finished,2,0,False,1445509200,Jan Choinski,False,away,Daniel Appelgren,QF,2015-10-22 10:20
CH12,26,6939005,1445936400,"Norway F2, Singles",ITF Men,Round of 32,Tallon Griekspoor,Jan Choinski,2,false,2,finished,1,1,False,1445936400,Jan Choinski,False,away,Tallon Griekspoor,R32,2015-10-27 09:00
CH12,26,6940275,1446033300,"Norway F2, Singles",ITF Men,Round of 16,Jonathan Stenberg,Jan Choinski,2,false,2,finished,0,2,False,1446033300,Jan Choinski,False,away,Jonathan Stenberg,R16,2015-10-28 11:55
CH12,26,6941038,1446124500,"Norway F2, Singles",ITF Men,Quarterfinals,Bjoern Petersen,Jan Choinski,2,false,2,finished,1,2,False,1446124500,Jan Choinski,False,away,Bjoern Petersen,QF,2015-10-29 13:15
CH12,26,6941703,1446217200,"Norway F2, Singles",ITF Men,Semifinals,Jan Choinski,Viktor Durasović,2,false,2,finished,0,2,False,1446217200,Jan Choinski,False,home,Viktor Durasović,SF,2015-10-30 15:00
CH12,26,6943676,1446558300,"Norway F3, Singles",ITF Men,Round of 32,A. Forberg Skogeng,Jan Choinski,2,false,2,finished,0,2,False,1446558300,Jan Choinski,False,away,A. Forberg Skogeng,R32,2015-11-03 13:45
CH12,26,6943675,1446566400,"Norway F3, Doubles",ITF Men,Round of 16,Choinski J / Meum S,Forberg Skogeng A / Santiago M,2,false,2,finished,0,2,False,1446566400,Jan Choinski,True,,,R16,2015-11-03 16:00
CH12,26,6944609,1446632700,"Norway F3, Singles",ITF Men,Round of 16,Jonathan Mridha,Jan Choinski,1,false,1,finished,2,0,False,1446632700,Jan Choinski,False,away,Jonathan Mridha,R16,2015-11-04 10:25
CH12,26,6982382,1452704400,"Germany F1, Singles",ITF Men,Round of 32,Jan Choinski,Philipp Scholz,1,false,2,finished,2,1,False,1452704400,Jan Choinski,False,home,Philipp Scholz,R32,2016-01-13 17:00
CH12,26,6983212,1452769200,"Germany F1, Singles",ITF Men,Round of 16,Jan Choinski,Yannick Maden,1,false,2,finished,2,1,False,1452769200,Jan Choinski,False,home,Yannick Maden,R16,2016-01-14 11:00
CH12,26,6983702,1452876900,"Germany F1, Singles",ITF Men,Quarterfinals,Jan Choinski,Andreas Beck,2,false,1,finished,0,2,False,1452876900,Jan Choinski,False,home,Andreas Beck,QF,2016-01-15 16:55
CH12,26,6986720,1453215600,"Germany F2, Singles",ITF Men,Round of 32,Jan Choinski,Filip Veger,2,false,1,finished,1,2,False,1453215600,Jan Choinski,False,home,Filip Veger,R32,2016-01-19 15:00
CH12,26,6992285,1453921800,"Germany F3, Singles",ITF Men,Round of 32,Jan Choinski,Yannik Reuter,1,false,2,finished,2,0,False,1453921800,Jan Choinski,False,home,Yannik Reuter,R32,2016-01-27 19:10
CH12,26,6992885,1453986000,"Germany F3, Singles",ITF Men,Round of 16,Uladzimir Ignatik,Jan Choinski,1,false,2,finished,2,0,False,1453986000,Jan Choinski,False,away,Uladzimir Ignatik,R16,2016-01-28 13:00
CH12,26,7001150,1455021600,"Switzerland F1, Singles",ITF Men,Round of 32,Jan Choinski,Adrien Bossel,1,false,1,finished,2,1,False,1455021600,Jan Choinski,False,home,Adrien Bossel,R32,2016-02-09 12:40
CH12,26,7001940,1455101100,"Switzerland F1, Singles",ITF Men,Round of 16,Jan Choinski,Elie Rousset,1,false,2,finished,2,1,False,1455101100,Jan Choinski,False,home,Elie Rousset,R16,2016-02-10 10:45
CH12,26,7002566,1455189900,"Switzerland F1, Singles",ITF Men,Quarterfinals,Frank Dancevic,Jan Choinski,2,false,1,finished,0,2,False,1455189900,Jan Choinski,False,away,Frank Dancevic,QF,2016-02-11 11:25
CH12,26,7003546,1455294600,"Switzerland F1, Singles",ITF Men,Semifinals,Jan Choinski,Ilya Ivashka,1,false,1,finished,2,0,False,1455294600,Jan Choinski,False,home,Ilya Ivashka,SF,2016-02-12 16:30
CH12,27,6848246,1438945200,"Germany F10, Singles",ITF Men,Semifinals,Jan Choinski,Juan Lizariturry,1,false,2,finished,2,1,False,1438945200,Jan Choinski,False,home,Juan Lizariturry,SF,2015-08-07 11:00
CH12,27,6849304,1439039700,"Germany F10, Singles",ITF Men,Final,Hugo Dellien,Jan Choinski,1,false,absent,finished,2,0,False,1439039700,Jan Choinski,False,away,Hugo Dellien,F,2015-08-08 13:15
CH12,27,6854510,1439301600,"Belgium F10, Singles",ITF Men,1/16-finals (R32),Dennis Bogaert,Jan Choinski,2,false,1,finished,0,2,False,1439301600,Jan Choinski,False,away,Dennis Bogaert,1/16-FINALS (R32),2015-08-11 14:00
CH12,27,6856761,1439452800,"Belgium F10, Singles",ITF Men,1/8-finals (R16),Gonçalo Oliveira,Jan Choinski,2,false,2,finished,1,2,False,1439452800,Jan Choinski,False,away,Gonçalo Oliveira,1/8-FINALS (R16),2015-08-13 08:00
CH12,27,6858247,1439560200,"Belgium F10, Singles",ITF Men,Quarterfinals,Romain Barbosa,Jan Choinski,1,false,2,finished,2,0,False,1439560200,Jan Choinski,False,away,Romain Barbosa,QF,2015-08-14 13:50
CH12,27,6866150,1439971200,"Netherlands F5, Singles",ITF Men,1/16-finals (R32),Jan Choinski,Yannick Hanfmann,2,false,1,finished,0,2,False,1439971200,Jan Choinski,False,home,Yannick Hanfmann,1/16-FINALS (R32),2015-08-19 08:00
CH12,27,6870272,1440418500,"Netherlands F6, Doubles",ITF Men,1/8-finals (R16),Choinski J / Oliveira G,Gerlakh K / Sabanin Y,1,false,2,finished,2,1,False,1440418500,Jan Choinski,True,,,1/8-FINALS (R16),2015-08-24 12:15
CH12,27,6870969,1440512700,"Netherlands F6, Singles",ITF Men,1/16-finals (R32),Jan Choinski,C. Van Beem,1,false,2,finished,2,0,False,1440512700,Jan Choinski,False,home,C. Van Beem,1/16-FINALS (R32),2015-08-25 14:25
CH12,27,6871683,1440596400,"Netherlands F6, Doubles",ITF Men,Quarterfinals,Buntsma G / Elliott E,Choinski J / Oliveira G,2,false,1,finished,0,2,False,1440596400,Jan Choinski,True,,,QF,2015-08-26 13:40
CH12,27,6872588,1440671100,"Netherlands F6, Singles",ITF Men,1/8-finals (R16),Maxime Chazal,Jan Choinski,2,false,absent,finished,0,0,False,1440671100,Jan Choinski,False,away,Maxime Chazal,1/8-FINALS (R16),2015-08-27 10:25
CH12,27,6874079,1440748800,"Netherlands F6, Singles",ITF Men,Quarterfinals,Jan Choinski,Yannick Maden,2,false,2,finished,0,2,False,1440748800,Jan Choinski,False,home,Yannick Maden,QF,2015-08-28 08:00
CH12,27,6872587,1440759900,"Netherlands F6, Doubles",ITF Men,Semifinals,Koolhof W / Middelkoop M,Choinski J / Oliveira G,1,false,1,finished,2,0,False,1440759900,Jan Choinski,True,,,SF,2015-08-28 11:05
CH12,27,6901151,1442305800,"France F18, Singles",ITF Men,1/16-finals (R32),Jan Choinski,Nino Portales,1,false,2,finished,2,0,False,1442305800,Jan Choinski,False,home,Nino Portales,1/16-FINALS (R32),2015-09-15 08:30
CH12,27,6902289,1442413800,"France F18, Singles",ITF Men,1/8-finals (R16),Jan Choinski,Yannick Hanfmann,2,false,2,finished,1,2,False,1442413800,Jan Choinski,False,home,Yannick Hanfmann,1/8-FINALS (R16),2015-09-16 14:30
CH12,27,6908227,1442836800,"France F19, Doubles",ITF Men,1/8-finals (R16),Choinski J / Gelhardt L,King E / Reed A,2,false,1,finished,0,2,False,1442836800,Jan Choinski,True,,,1/8-FINALS (R16),2015-09-21 12:00
CH12,27,6909020,1442921400,"France F19, Singles",ITF Men,1/16-finals (R32),Rayane Roumane,Jan Choinski,2,false,1,finished,1,2,False,1442921400,Jan Choinski,False,away,Rayane Roumane,1/16-FINALS (R32),2015-09-22 11:30
CH12,27,6909425,1443002400,"France F19, Singles",ITF Men,1/8-finals (R16),Sander Arends,Jan Choinski,2,false,2,finished,0,2,False,1443002400,Jan Choinski,False,away,Sander Arends,1/8-FINALS (R16),2015-09-23 10:00
CH12,27,6913179,1443182400,"France F19, Singles",ITF Men,Quarterfinals,P. Vivero González,Jan Choinski,2,false,2,finished,0,2,False,1443182400,Jan Choinski,False,away,P. Vivero González,QF,2015-09-25 12:00
CH12,27,6915169,1443268800,"France F19, Singles",ITF Men,Semifinals,Evan King,Jan Choinski,1,false,2,finished,2,0,False,1443268800,Jan Choinski,False,away,Evan King,SF,2015-09-26 12:00
CH12,28,6747439,1432035900,"Czech Republic F2, Singles",ITF Men,absent,Jan Choinski,Milan Habrman,1,false,2,finished,2,0,False,1432035900,Jan Choinski,False,home,Milan Habrman,ABSENT,2015-05-19 11:45
CH12,28,6748128,1432126500,"Czech Republic F2, Doubles",ITF Men,absent,Altmaier D / Woerner P,Boehler D / Choinski J,1,false,1,finished,2,0,False,1432126500,Jan Choinski,True,,,ABSENT,2015-05-20 12:55
CH12,28,6748815,1432205700,"Czech Republic F2, Singles",ITF Men,absent,Jan Choinski,Hannes Wagner,1,false,2,finished,2,0,False,1432205700,Jan Choinski,False,home,Hannes Wagner,ABSENT,2015-05-21 10:55
CH12,28,6749242,1432285200,"Czech Republic F2, Singles",ITF Men,absent,Jan Choinski,M. Michalička,2,false,1,finished,1,2,False,1432285200,Jan Choinski,False,home,M. Michalička,ABSENT,2015-05-22 09:00
CH12,28,6751552,1432630800,"Czech Republic F3, Singles",ITF Men,absent,P. Hájek,Jan Choinski,2,false,2,finished,0,2,False,1432630800,Jan Choinski,False,away,P. Hájek,ABSENT,2015-05-26 09:00
CH12,28,6752788,1432809000,"Czech Republic F3, Singles",ITF Men,absent,Petr Michnev,Jan Choinski,2,false,2,finished,0,2,False,1432809000,Jan Choinski,False,away,Petr Michnev,ABSENT,2015-05-28 10:30
CH12,28,6753340,1432894500,"Czech Republic F3, Singles",ITF Men,absent,M. Michalička,Jan Choinski,2,false,1,finished,0,2,False,1432894500,Jan Choinski,False,away,M. Michalička,ABSENT,2015-05-29 10:15
CH12,28,6753608,1432981500,"Czech Republic F3, Singles",ITF Men,absent,Adrian Sikora,Jan Choinski,1,false,2,finished,2,0,False,1432981500,Jan Choinski,False,away,Adrian Sikora,ABSENT,2015-05-30 10:25
CH12,28,6758366,1433590200,"Stuttgart, Germany, Qualifying",ATP,Qualification,Robin Kern,Jan Choinski,2,false,absent,finished,0,1,False,1433590200,Jan Choinski,False,away,Robin Kern,Q,2015-06-06 11:30
CH12,28,6758739,1433674800,"Stuttgart, Germany, Qualifying",ATP,Qualification,Jan Choinski,Michael Berrer,2,false,1,finished,0,2,False,1433674800,Jan Choinski,False,home,Michael Berrer,Q,2015-06-07 11:00
CH12,28,6767661,1434531600,"Netherlands F1, Singles",ITF Men,absent,Jan Choinski,Mick Veldheer,1,false,2,finished,2,0,False,1434531600,Jan Choinski,False,home,Mick Veldheer,ABSENT,2015-06-17 09:00
CH12,28,6767671,1434549900,"Netherlands F1, Doubles",ITF Men,absent,Sporken M / Van Den Honert V,Choinski J / Pel D,1,false,2,finished,2,0,False,1434549900,Jan Choinski,True,,,ABSENT,2015-06-17 14:05
CH12,28,6770016,1434629700,"Netherlands F1, Singles",ITF Men,absent,Jan Choinski,Jean-Marc Werner,2,false,1,finished,1,2,False,1434629700,Jan Choinski,False,home,Jean-Marc Werner,ABSENT,2015-06-18 12:15
CH12,28,6777266,1435046400,"Belgium F3, Singles",ITF Men,absent,Tristan Meraut,Jan Choinski,2,false,1,finished,0,2,False,1435046400,Jan Choinski,False,away,Tristan Meraut,ABSENT,2015-06-23 08:00
CH12,28,6779216,1435132800,"Belgium F3, Singles",ITF Men,absent,N. De Plaen,Jan Choinski,2,false,2,finished,0,2,False,1435132800,Jan Choinski,False,away,N. De Plaen,ABSENT,2015-06-24 08:00
CH12,28,6781314,1435237200,"Belgium F3, Singles",ITF Men,absent,Marvin Netuschil,Jan Choinski,1,false,2,finished,2,0,False,1435237200,Jan Choinski,False,away,Marvin Netuschil,ABSENT,2015-06-25 13:00
CH12,28,6785632,1435654800,"Marburg, Germany",Challenger,1/16-finals (R32),Jan Choinski,Inigo Cervantes,2,false,absent,finished,0,2,False,1435654800,Jan Choinski,False,home,Inigo Cervantes,1/16-FINALS (R32),2015-06-30 09:00
CH12,28,6787406,1435686600,"Marburg, Germany, Doubles",Challenger,1/8-finals (R16),Koolhof W / Middelkoop M,Choinski J / Kahlke J,1,false,absent,finished,0,0,False,1435686600,Jan Choinski,True,,,1/8-FINALS (R16),2015-06-30 17:50
CH12,28,6807956,1436950800,"Germany F7, Singles",ITF Men,absent,Jan Choinski,Bjoern Petersen,1,false,2,finished,2,0,False,1436950800,Jan Choinski,False,home,Bjoern Petersen,ABSENT,2015-07-15 09:00
CH12,29,6434495,1416470400,"Turkey F41, Singles",ITF Men,absent,Tucker Vorster,Jan Choinski,2,false,1,finished,1,2,False,1416470400,Jan Choinski,False,away,Tucker Vorster,ABSENT,2014-11-20 08:00
CH12,29,6438143,1416555000,"Turkey F41, Singles",ITF Men,absent,Jan Choinski,Altug Celikbilek,1,false,1,finished,2,1,False,1416555000,Jan Choinski,False,home,Altug Celikbilek,ABSENT,2014-11-21 07:30
CH12,29,6440715,1416652800,"Turkey F41, Singles",ITF Men,absent,Ricardo Rodríguez-Pace,Jan Choinski,1,false,1,finished,2,0,False,1416652800,Jan Choinski,False,away,Ricardo Rodríguez-Pace,ABSENT,2014-11-22 10:40
CH12,29,6458599,1416992400,"Turkey F42, Singles",ITF Men,absent,Tucker Vorster,Jan Choinski,1,false,2,finished,2,0,False,1416992400,Jan Choinski,False,away,Tucker Vorster,ABSENT,2014-11-26 09:00
CH12,29,6576346,1420534800,"Germany F1, Singles",ITF Men,absent,Daniel Altmaier,Jan Choinski,2,false,2,finished,0,2,False,1420534800,Jan Choinski,False,away,Daniel Altmaier,ABSENT,2015-01-06 09:00
CH12,29,6577366,1420729200,"Germany F1, Singles",ITF Men,absent,Uladzimir Ignatik,Jan Choinski,1,false,1,finished,2,1,False,1420729200,Jan Choinski,False,away,Uladzimir Ignatik,ABSENT,2015-01-08 15:00
CH12,29,6582130,1421238900,"Germany F2, Singles",ITF Men,absent,Jan Choinski,Pirmin Haenle,2,false,2,finished,1,2,False,1421238900,Jan Choinski,False,home,Pirmin Haenle,ABSENT,2015-01-14 12:35
CH12,29,6658495,1421847300,"Germany F3, Singles",ITF Men,absent,Uladzimir Ignatik,Jan Choinski,1,false,absent,finished,2,1,False,1421847300,Jan Choinski,False,away,Uladzimir Ignatik,ABSENT,2015-01-21 13:35
CH12,29,6664676,1422352200,"Turkey F4, Singles",ITF Men,absent,Jan Choinski,Nikola Milojevic,2,false,1,finished,0,2,False,1422352200,Jan Choinski,False,home,Nikola Milojevic,ABSENT,2015-01-27 09:50
CH12,29,6665565,1422447900,"Turkey F4, Doubles",ITF Men,absent,Choinski J / Krawietz K,Chiu Y H / Kawachi K,1,false,1,finished,2,0,False,1422447900,Jan Choinski,True,,,ABSENT,2015-01-28 12:25
CH12,29,6668900,1422775800,"Turkey F4, Doubles",ITF Men,absent,Choinski J / Krawietz K,Beran M / Reinwein S,1,false,1,finished,2,0,False,1422775800,Jan Choinski,True,,,ABSENT,2015-02-01 07:30
CH12,29,6669582,1422862200,"Turkey F4, Doubles",ITF Men,absent,Li Z / Roelofse R,Choinski J / Krawietz K,2,false,1,finished,2,1,False,1422862200,Jan Choinski,True,,,ABSENT,2015-02-02 07:30
CH12,29,6670026,1422954300,"Turkey F5, Singles",ITF Men,absent,Ruan Roelofse,Jan Choinski,1,false,2,finished,2,0,False,1422954300,Jan Choinski,False,away,Ruan Roelofse,ABSENT,2015-02-03 09:05
CH12,29,6670407,1423048200,"Turkey F5, Doubles",ITF Men,absent,Choinski J / Krawietz K,Lamberti E / Rizzuti G,1,false,2,finished,2,0,False,1423048200,Jan Choinski,True,,,ABSENT,2015-02-04 11:10
CH12,29,6671133,1423137600,"Turkey F5, Doubles",ITF Men,absent,Li Z / Roelofse R,Choinski J / Krawietz K,2,false,2,finished,1,2,False,1423137600,Jan Choinski,True,,,ABSENT,2015-02-05 12:00
CH12,29,6672179,1423227900,"Turkey F5, Doubles",ITF Men,absent,Choinski J / Krawietz K,Kuzmanov D / Rodríguez-Pace R,2,false,1,finished,0,2,False,1423227900,Jan Choinski,True,,,ABSENT,2015-02-06 13:05
CH12,29,6692374,1425319800,"France F4, Singles",ITF Men,absent,Jan Choinski,Yannick Mertens,2,false,2,finished,0,2,False,1425319800,Jan Choinski,False,home,Yannick Mertens,ABSENT,2015-03-02 18:10
CH12,29,6704801,1426602900,"Great Britain F4, Singles",ITF Men,absent,Sander Arends,Jan Choinski,1,false,2,finished,2,1,False,1426602900,Jan Choinski,False,away,Sander Arends,ABSENT,2015-03-17 14:35
CH12,30,5752630,1406121900,"Germany F9, Singles",ITF Men,absent,Kim Moellers,Jan Choinski,1,false,1,finished,1,1,False,1406121900,Jan Choinski,False,away,Kim Moellers,ABSENT,2014-07-23 13:25
CH12,30,5748094,1406121900,"Germany F9, Singles",ITF Men,absent,Lennart Zynga,Jan Choinski,absent,false,absent,canceled,absent,absent,False,1406121900,Jan Choinski,False,away,Lennart Zynga,ABSENT,2014-07-23 13:25
CH12,30,5768072,1406462400,"Germany F10, Singles Qualifying",ITF Men,absent,Killian Davanzo,Jan Choinski,2,false,absent,finished,0,2,False,1406462400,Jan Choinski,False,away,Killian Davanzo,Q,2014-07-27 12:00
CH12,30,5771160,1406466000,"Germany F10, Singles Qualifying",ITF Men,absent,Niclas Braun,Jan Choinski,2,false,absent,finished,0,2,False,1406466000,Jan Choinski,False,away,Niclas Braun,Q,2014-07-27 13:00
CH12,30,5773484,1406559600,"Germany F10, Singles Qualifying",ITF Men,absent,Marvin Netuschil,Jan Choinski,2,false,absent,finished,1,2,False,1406559600,Jan Choinski,False,away,Marvin Netuschil,Q,2014-07-28 15:00
CH12,30,5784346,1406642100,"Germany F10, Singles",ITF Men,absent,Jan Choinski,Andrei Plotniy,1,false,1,finished,2,0,False,1406642100,Jan Choinski,False,home,Andrei Plotniy,ABSENT,2014-07-29 13:55
CH12,30,5791846,1406728800,"Germany F10, Singles",ITF Men,absent,Maxime Tchoutakian,Jan Choinski,2,false,1,finished,0,2,False,1406728800,Jan Choinski,False,away,Maxime Tchoutakian,ABSENT,2014-07-30 14:00
CH12,30,5796938,1406804400,"Germany F10, Singles",ITF Men,absent,Jan Choinski,Evgeny Korolev,2,false,2,finished,0,2,False,1406804400,Jan Choinski,False,home,Evgeny Korolev,ABSENT,2014-07-31 11:00
CH12,30,5855284,1407847800,"Germany F12, Singles",ITF Men,absent,Teri Groll,Jan Choinski,2,false,1,finished,0,2,False,1407847800,Jan Choinski,False,away,Teri Groll,ABSENT,2014-08-12 12:50
CH12,30,5864664,1408030500,"Germany F12, Singles",ITF Men,absent,Jan Choinski,Paul Woerner,1,false,1,finished,2,1,False,1408030500,Jan Choinski,False,home,Paul Woerner,ABSENT,2014-08-14 15:35
CH12,30,5873082,1408107600,"Germany F12, Singles",ITF Men,absent,Marko Lenz,Jan Choinski,2,false,absent,finished,1,2,False,1408107600,Jan Choinski,False,away,Marko Lenz,ABSENT,2014-08-15 13:00
CH12,30,5878842,1408186800,"Germany F12, Singles",ITF Men,absent,Jan Choinski,Johannes Haerteis,1,false,1,finished,2,0,False,1408186800,Jan Choinski,False,home,Johannes Haerteis,ABSENT,2014-08-16 11:00
CH12,30,5881628,1408273200,"Germany F12, Singles",ITF Men,absent,Yannick Hanfmann,Jan Choinski,1,false,1,finished,2,0,False,1408273200,Jan Choinski,False,away,Yannick Hanfmann,ABSENT,2014-08-17 11:00
CH12,30,5899356,1408458900,"Belgium F12, Singles",ITF Men,absent,Lucas Trentin,Jan Choinski,2,false,1,finished,0,2,False,1408458900,Jan Choinski,False,away,Lucas Trentin,ABSENT,2014-08-19 14:35
CH12,30,5909830,1408545000,"Belgium F12, Singles",ITF Men,absent,Jan Choinski,David Perez Sanz,1,false,2,finished,2,0,False,1408545000,Jan Choinski,False,home,David Perez Sanz,ABSENT,2014-08-20 14:30
CH12,30,5919044,1408631700,"Belgium F12, Singles",ITF Men,absent,J. Gonzalez Carrasco,Jan Choinski,2,false,2,finished,0,2,False,1408631700,Jan Choinski,False,away,J. Gonzalez Carrasco,ABSENT,2014-08-21 14:35
CH12,30,5930296,1408714200,"Belgium F12, Singles",ITF Men,absent,Jan Choinski,Omar Salman,1,false,2,finished,2,0,False,1408714200,Jan Choinski,False,home,Omar Salman,ABSENT,2014-08-22 13:30
CH12,30,5937464,1408806000,"Belgium F12, Singles",ITF Men,absent,Julien Cagnina,Jan Choinski,2,false,1,finished,1,2,False,1408806000,Jan Choinski,False,away,Julien Cagnina,ABSENT,2014-08-23 15:00
CH12,30,6074362,1410854400,"Trnava, Slovakia",Challenger,1/16-finals (R32),Jan Mertl,Jan Choinski,1,false,absent,finished,2,0,False,1410854400,Jan Choinski,False,away,Jan Mertl,1/16-FINALS (R32),2014-09-16 08:00
CH12,30,6112444,1411196400,"France F20, Singles Qualifying",ITF Men,absent,Lucas Krusinski,Jan Choinski,1,false,absent,finished,2,0,False,1411196400,Jan Choinski,False,away,Lucas Krusinski,Q,2014-09-20 07:00
CH12,30,6114486,1411288200,"France F20, Singles Qualifying",ITF Men,absent,Joel Vincent Link,Jan Choinski,1,false,absent,finished,2,0,False,1411288200,Jan Choinski,False,away,Joel Vincent Link,Q,2014-09-21 08:30
CH12,30,6128832,1411488000,"France F20, Singles",ITF Men,absent,Hugo Nys,Jan Choinski,1,false,1,finished,2,1,False,1411488000,Jan Choinski,False,away,Hugo Nys,ABSENT,2014-09-23 16:00
CH12,31,4508342,1381136400,"Germany F18, Singles Qualifying",ITF Men,absent,Luca Marquard,Jan Choinski,2,false,absent,finished,0,2,False,1381136400,Jan Choinski,False,away,Luca Marquard,Q,2013-10-07 09:00
CH12,31,4531852,1381399200,"Germany F18, Singles",ITF Men,absent,Jan Choinski,Daniel Masur,2,false,absent,finished,1,2,False,1381399200,Jan Choinski,False,home,Daniel Masur,ABSENT,2013-10-10 10:00
CH12,31,4542190,1381737600,"Germany F19, Singles Qualifying",ITF Men,absent,Sander Arends,Jan Choinski,1,false,absent,finished,2,0,False,1381737600,Jan Choinski,False,away,Sander Arends,Q,2013-10-14 08:00
CH12,31,4588848,1382536800,"Germany F20, Singles",ITF Men,absent,Jan Choinski,Michel Dornbusch,2,false,absent,finished,1,2,False,1382536800,Jan Choinski,False,home,Michel Dornbusch,ABSENT,2013-10-23 14:00
CH12,31,5663382,1404569400,"Stuttgart, Germany, Qualifying",ATP,Qualification,Jan Choinski,D. Estruch Mano,1,false,absent,finished,2,0,False,1404569400,Jan Choinski,False,home,D. Estruch Mano,Q,2014-07-05 14:10
CH12,31,5664174,1404651600,"Stuttgart, Germany, Qualifying",ATP,Qualification,Jan Choinski,Yann Marti,2,false,absent,finished,1,2,False,1404651600,Jan Choinski,False,home,Yann Marti,Q,2014-07-06 13:00
CH12,31,5709246,1405438200,"Germany F8, Singles",ITF Men,absent,Jan Choinski,Peter Torebko,2,false,1,finished,0,2,False,1405438200,Jan Choinski,False,home,Peter Torebko,ABSENT,2014-07-15 15:30
G0BY,0,16208025,1779955200,"Chisinau, Moldova",Challenger,Round of 16,Daniil Glinka,Liam Broady,2,false,2,finished,1,2,False,1779955200,Daniil Glinka,False,home,Liam Broady,R16,2026-05-28 08:00
G0BY,0,16282884,1780746300,"Stuttgart, Germany, Qualifying",ATP,Qualification Round 1,Pierre-Hugues Herbert,Daniil Glinka,1,false,2,finished,2,0,False,1780746300,Daniil Glinka,False,away,Pierre-Hugues Herbert,Q1,2026-06-06 11:45
G0BY,0,16295996,1781003100,"Stuttgart, Germany, Doubles",ATP,Round of 16,Schnaitter J / Wallner M,Glinka D / Sakellaridis S,2,false,2,finished,1,2,False,1781003100,Daniil Glinka,True,,,R16,2026-06-09 11:05
G0BY,0,16272648,1781288700,"Stuttgart, Germany, Doubles",ATP,Quarterfinals,Glinka D / Sakellaridis S,Bublik A / Kyrgios N,1,false,absent,finished,absent,absent,False,1781288700,Daniil Glinka,True,,,QF,2026-06-12 18:25
G0BY,0,16272649,1781350200,"Stuttgart, Germany, Doubles",ATP,Semifinals,Cabral F / Mektic N,Glinka D / Sakellaridis S,2,false,2,finished,1,2,False,1781350200,Daniil Glinka,True,,,SF,2026-06-13 11:30
G0BY,0,16272650,1781429400,"Stuttgart, Germany, Doubles",ATP,Final,Glinka D / Sakellaridis S,Hanfmann Y / Struff J,2,false,2,finished,1,2,False,1781429400,Daniil Glinka,True,,,F,2026-06-14 09:30
G0BY,0,16333666,1781619000,"Dublin, Ireland",Challenger,Round of 32,Oliver Crawford,Daniil Glinka,1,false,2,finished,2,1,False,1781619000,Daniil Glinka,False,away,Oliver Crawford,R32,2026-06-16 14:10
G0BY,0,16373398,1782122400,"Wimbledon, London, GB, Qualifying, 1st - 2nd Round",ATP,Qualification Round 1,Daniil Glinka,Kimmer Coppejans,2,false,2,finished,0,2,False,1782122400,Daniil Glinka,False,home,Kimmer Coppejans,Q1,2026-06-22 10:00
G0BY,0,16402327,1782774600,"Cary, USA",Challenger,Round of 32,Daniil Glinka,Aidan Mayo,1,false,1,finished,2,1,False,1782774600,Daniil Glinka,False,home,Aidan Mayo,R32,2026-06-29 23:10
G0BY,0,16383664,1782952800,"Cary, USA",Challenger,Round of 16,Daniil Glinka,Edward Winter,2,false,2,finished,1,2,False,1782952800,Daniil Glinka,False,home,Edward Winter,R16,2026-07-02 00:40
G0BY,0,16451936,1783542300,"Newport, USA",Challenger,Round of 32,Daniil Glinka,Yunchaokete Bu,2,false,2,finished,0,2,False,1783542300,Daniil Glinka,False,home,Yunchaokete Bu,R32,2026-07-08 20:25
G0BY,0,16498679,1784037600,"Granby, Canada",Challenger,Round of 32,Daniil Glinka,Garrett Johns,1,false,1,finished,2,0,False,1784037600,Daniil Glinka,False,home,Garrett Johns,R32,2026-07-14 14:00
G0BY,0,16465867,1784229000,"Granby, Canada",Challenger,Round of 16,Daniil Glinka,Philip Sekulic,2,false,2,finished,1,2,False,1784229000,Daniil Glinka,False,home,Philip Sekulic,R16,2026-07-16 19:10
G0BY,0,16693947,1785759300,"Grodzisk Mazowiecki, Poland",Challenger,Round of 32,Faris Zakaria,Daniil Glinka,2,false,2,finished,1,2,False,1785759300,Daniil Glinka,False,away,Faris Zakaria,R32,2026-08-03 12:15
G0BY,0,16661588,1785921900,"Grodzisk Mazowiecki, Poland",Challenger,Round of 16,Amit Vales,Daniil Glinka,2,false,1,finished,1,2,False,1785921900,Daniil Glinka,False,away,Amit Vales,R16,2026-08-05 09:25
G0BY,0,16661583,1786096800,"Grodzisk Mazowiecki, Poland",Challenger,Quarterfinals,Alexander Donski,Daniil Glinka,2,false,1,finished,0,2,False,1786096800,Daniil Glinka,False,away,Alexander Donski,QF,2026-08-07 10:00
G0BY,0,16661585,1786179600,"Grodzisk Mazowiecki, Poland",Challenger,Semifinals,Andrea Guerrieri,Daniil Glinka,1,false,1,finished,2,1,False,1786179600,Daniil Glinka,False,away,Andrea Guerrieri,SF,2026-08-08 09:00
G0BY,0,16843659,1787065200,"Kingston, Jamaica",Challenger,Round of 32,Daniil Glinka,Florent Bax,1,false,2,finished,2,1,False,1787065200,Daniil Glinka,False,home,Florent Bax,R32,2026-08-18 15:00
G0BY,0,16806853,1787151600,"Kingston, Jamaica",Challenger,Round of 16,Daniil Glinka,Elias Ymer,1,false,1,finished,2,0,False,1787151600,Daniil Glinka,False,home,Elias Ymer,R16,2026-08-19 15:00
G0BY,1,15386785,1768922700,"Oeiras, Portugal",Challenger,Round of 32,Daniil Glinka,Gauthier Onclin,1,false,2,finished,2,1,False,1768922700,Daniil Glinka,False,home,Gauthier Onclin,R32,2026-01-20 15:25
G0BY,1,15366161,1769083800,"Oeiras, Portugal",Challenger,Round of 16,Nicolas Mejia,Daniil Glinka,2,false,8,finished,0,2,False,1769083800,Daniil Glinka,False,away,Nicolas Mejia,R16,2026-01-22 12:10
G0BY,1,15366162,1769173200,"Oeiras, Portugal",Challenger,Quarterfinals,Daniil Glinka,Francesco Passaro,1,false,1,finished,2,0,False,1769173200,Daniil Glinka,False,home,Francesco Passaro,QF,2026-01-23 13:00
G0BY,1,15366150,1769262000,"Oeiras, Portugal",Challenger,Semifinals,Daniil Glinka,Zsombor Piros,2,false,2,finished,1,2,False,1769262000,Daniil Glinka,False,home,Zsombor Piros,SF,2026-01-24 13:40
G0BY,1,15424864,1769518800,"Oeiras 2, Portugal",Challenger,Round of 32,Gastao Elias,Daniil Glinka,2,false,2,finished,0,2,False,1769518800,Daniil Glinka,False,away,Gastao Elias,R32,2026-01-27 13:00
G0BY,1,15403440,1769605200,"Oeiras 2, Portugal",Challenger,Round of 16,Daniil Glinka,Mikhail Kukushkin,1,false,1,finished,2,0,False,1769605200,Daniil Glinka,False,home,Mikhail Kukushkin,R16,2026-01-28 13:00
G0BY,1,15403431,1769778600,"Oeiras 2, Portugal",Challenger,Quarterfinals,Pablo Llamas Ruiz,Daniil Glinka,2,false,1,finished,1,2,False,1769778600,Daniil Glinka,False,away,Pablo Llamas Ruiz,QF,2026-01-30 13:10
G0BY,1,15403438,1769857200,"Oeiras 2, Portugal",Challenger,Semifinals,Daniil Glinka,Frederico Ferreira Silva,1,false,2,finished,2,1,False,1769857200,Daniil Glinka,False,home,Frederico Ferreira Silva,SF,2026-01-31 11:00
G0BY,1,15403442,1769943600,"Oeiras 2, Portugal",Challenger,Final,Chris Rodesch,Daniil Glinka,1,false,1,finished,2,0,False,1769943600,Daniil Glinka,False,away,Chris Rodesch,F,2026-02-01 11:00
G0BY,1,15505771,1770815100,"Pau, France",Challenger,Round of 32,Mark Lajal,Daniil Glinka,2,false,1,finished,0,1,False,1770815100,Daniil Glinka,False,away,Mark Lajal,R32,2026-02-11 13:05
G0BY,1,15482168,1770924600,"Pau, France",Challenger,Round of 16,Daniil Glinka,Aleksandr Shevchenko,2,false,2,finished,1,2,False,1770924600,Daniil Glinka,False,home,Aleksandr Shevchenko,R16,2026-02-12 19:30
G0BY,1,15544564,1771414200,"Lille, France",Challenger,Round of 32,Daniil Glinka,Benjamin Bonzi,2,false,2,finished,0,2,False,1771414200,Daniil Glinka,False,home,Benjamin Bonzi,R32,2026-02-18 11:30
G0BY,1,15604996,1772020800,"Lugano, Switzerland",Challenger,Round of 32,Dylan Dietrich,Daniil Glinka,2,false,2,finished,0,2,False,1772020800,Daniil Glinka,False,away,Dylan Dietrich,R32,2026-02-25 12:00
G0BY,1,15565584,1772109300,"Lugano, Switzerland",Challenger,Round of 16,Marc-Andrea Huesler,Daniil Glinka,1,false,1,finished,2,0,False,1772109300,Daniil Glinka,False,away,Marc-Andrea Huesler,R16,2026-02-26 12:35
G0BY,1,15638571,1772558100,"Thionville, France",Challenger,Round of 32,Hugo Gaston,Daniil Glinka,1,false,2,finished,1,0,False,1772558100,Daniil Glinka,False,away,Hugo Gaston,R32,2026-03-03 17:15
G0BY,1,15682412,1773135000,"Cherbourg-en-Cotentin, France",Challenger,Round of 32,Daniil Glinka,Dan Added,2,false,1,finished,1,2,False,1773135000,Daniil Glinka,False,home,Dan Added,R32,2026-03-10 09:30
G0BY,1,15901578,1774870500,"Barletta, Italy",Challenger,Round of 32,Daniil Glinka,Mikhail Kukushkin,1,false,2,finished,2,0,False,1774870500,Daniil Glinka,False,home,Mikhail Kukushkin,R32,2026-03-30 11:35
G0BY,1,15886149,1775214300,"Barletta, Italy",Challenger,Round of 16,Daniil Glinka,Kimmer Coppejans,2,false,2,finished,0,2,False,1775214300,Daniil Glinka,False,home,Kimmer Coppejans,R16,2026-04-03 11:05
G0BY,1,15951490,1775499000,"Sarasota, USA",Challenger,Round of 32,Daniil Glinka,Jeffrey John Wolf,1,false,1,finished,2,0,False,1775499000,Daniil Glinka,False,home,Jeffrey John Wolf,R32,2026-04-06 18:10
G0BY,1,15926559,1775663400,"Sarasota, USA",Challenger,Round of 16,Daniil Glinka,Strong Kirchheimer,1,false,2,finished,2,0,False,1775663400,Daniil Glinka,False,home,Strong Kirchheimer,R16,2026-04-08 15:50
G0BY,1,15926554,1775836800,"Sarasota, USA",Challenger,Quarterfinals,Daniil Glinka,Andres Andrade,2,false,2,finished,0,2,False,1775836800,Daniil Glinka,False,home,Andres Andrade,QF,2026-04-10 16:00
G0BY,1,15707842,1776044700,"Tallahassee, USA",Challenger,Round of 32,Daniil Glinka,Stefan Dostanić,1,false,1,finished,2,0,False,1776044700,Daniil Glinka,False,home,Stefan Dostanić,R32,2026-04-13 01:45
G0BY,2,14693290,1758103200,ITF M25 Nevers Men,ITF Men,Round of 32,Daniil Glinka,Marwan Haida-Lamrani,1,false,2,finished,2,0,False,1758103200,Daniil Glinka,False,home,Marwan Haida-Lamrani,R32,2025-09-17 10:00
G0BY,2,14710339,1758182400,ITF M25 Nevers Men,ITF Men,Round of 16,Daniil Glinka,Ferdinand Livet Novkirichka,1,false,absent,finished,2,0,False,1758182400,Daniil Glinka,False,home,Ferdinand Livet Novkirichka,R16,2025-09-18 08:00
G0BY,2,14718833,1758268800,ITF M25 Nevers Men,ITF Men,Quarterfinals,Daniil Glinka,Niels Visker,1,false,absent,finished,2,0,False,1758268800,Daniil Glinka,False,home,Niels Visker,QF,2025-09-19 08:00
G0BY,2,14722824,1758355200,ITF M25 Nevers Men,ITF Men,Semifinals,Daniil Glinka,Loann Massard,1,false,absent,finished,2,0,False,1758355200,Daniil Glinka,False,home,Loann Massard,SF,2025-09-20 08:00
G0BY,2,14731508,1758457800,ITF M25 Nevers Men,ITF Men,Final,Daniil Glinka,Maxence Beauge,1,false,2,finished,2,0,False,1758457800,Daniil Glinka,False,home,Maxence Beauge,F,2025-09-21 12:30
G0BY,2,14828948,1759682100,"Roanne, France, Qualifying",Challenger,Qualification Round 1,Daniil Glinka,Neil Oberleitner,1,false,1,finished,2,0,False,1759682100,Daniil Glinka,False,home,Neil Oberleitner,Q1,2025-10-05 16:35
G0BY,2,14833349,1759752900,"Roanne, France, Qualifying",Challenger,Qualification Final,Daniil Glinka,Nikolay Vylegzhanin,1,false,1,finished,2,1,False,1759752900,Daniil Glinka,False,home,Nikolay Vylegzhanin,Q,2025-10-06 12:15
G0BY,2,14839440,1759845300,"Roanne, France",Challenger,Round of 32,Daniil Glinka,Calvin Hemery,2,false,2,finished,0,2,False,1759845300,Daniil Glinka,False,home,Calvin Hemery,R32,2025-10-07 13:55
G0BY,2,14871150,1760271900,"Olbia, Italy, Qualifying",Challenger,Qualification Round 1,Daniil Glinka,Aleksandr Braynin,1,false,2,finished,2,0,False,1760271900,Daniil Glinka,False,home,Aleksandr Braynin,Q1,2025-10-12 12:25
G0BY,2,14875052,1760348700,"Olbia, Italy, Qualifying",Challenger,Qualification Final,Daniil Glinka,Enrico Dalla Valle,1,false,1,finished,2,0,False,1760348700,Daniil Glinka,False,home,Enrico Dalla Valle,Q,2025-10-13 09:45
G0BY,2,14879214,1760433900,"Olbia, Italy",Challenger,Round of 32,Daniil Glinka,Clement Tabur,1,false,1,finished,2,0,False,1760433900,Daniil Glinka,False,home,Clement Tabur,R32,2025-10-14 09:25
G0BY,2,14851833,1760616300,"Olbia, Italy",Challenger,Round of 16,Alejandro Tabilo,Daniil Glinka,1,false,2,finished,2,1,False,1760616300,Daniil Glinka,False,away,Alejandro Tabilo,R16,2025-10-16 12:05
G0BY,2,14921263,1761035400,"Hamburg, Germany",Challenger,Round of 32,Pedro Vives Marcos,Daniil Glinka,2,false,1,finished,0,2,False,1761035400,Daniil Glinka,False,away,Pedro Vives Marcos,R32,2025-10-21 08:30
G0BY,2,14896661,1761145200,"Hamburg, Germany",Challenger,Round of 16,George Loffhagen,Daniil Glinka,1,false,absent,finished,absent,absent,False,1761145200,Daniil Glinka,False,away,George Loffhagen,R16,2025-10-22 15:00
G0BY,2,14949751,1761687300,"Charlottesville, USA",Challenger,Round of 32,Patrick Kypson,Daniil Glinka,2,false,2,finished,0,2,False,1761687300,Daniil Glinka,False,away,Patrick Kypson,R32,2025-10-28 21:35
G0BY,2,14932356,1761757500,"Charlottesville, USA",Challenger,Round of 16,Daniil Glinka,Patrick Zahraj,1,false,1,finished,2,0,False,1761757500,Daniil Glinka,False,home,Patrick Zahraj,R16,2025-10-29 17:05
G0BY,2,14932358,1761955500,"Charlottesville, USA",Challenger,Quarterfinals,Daniil Glinka,Martin Damm Jr,2,false,2,finished,1,2,False,1761955500,Daniil Glinka,False,home,Martin Damm Jr,QF,2025-11-01 00:05
G0BY,2,15001988,1762285200,"Knoxville, USA",Challenger,Round of 32,Daniil Glinka,Peter Makk,1,false,1,finished,2,0,False,1762285200,Daniil Glinka,False,home,Peter Makk,R32,2025-11-04 19:40
G0BY,2,14957020,1762444800,"Knoxville, USA",Challenger,Round of 16,Daniil Glinka,Alfredo Perez,1,false,1,finished,2,0,False,1762444800,Daniil Glinka,False,home,Alfredo Perez,R16,2025-11-06 16:00
G0BY,2,14957011,1762556700,"Knoxville, USA",Challenger,Quarterfinals,Daniil Glinka,Shunsuke Mitsui,1,false,2,finished,2,0,False,1762556700,Daniil Glinka,False,home,Shunsuke Mitsui,QF,2025-11-07 23:05
G0BY,2,14957025,1762627200,"Knoxville, USA",Challenger,Semifinals,Daniil Glinka,Darwin Blanch,2,false,2,finished,0,2,False,1762627200,Daniil Glinka,False,home,Darwin Blanch,SF,2025-11-08 18:40
G0BY,2,15024002,1762959600,"Drummondville, Canada",Challenger,Round of 32,Daniil Glinka,Cannon Kingsley,1,false,1,finished,2,0,False,1762959600,Daniil Glinka,False,home,Cannon Kingsley,R32,2025-11-12 15:00
G0BY,3,13836120,1746090000,ITF M25 Nottingham Men,ITF Men,Round of 16,Aidan McHugh,Daniil Glinka,2,false,2,finished,0,2,False,1746090000,Daniil Glinka,False,away,Aidan McHugh,R16,2025-05-01 09:00
G0BY,3,13840244,1746176400,ITF M25 Nottingham Men,ITF Men,Quarterfinals,George Loffhagen,Daniil Glinka,1,false,absent,finished,2,1,False,1746176400,Daniil Glinka,False,away,George Loffhagen,QF,2025-05-02 09:00
G0BY,3,13886888,1747126800,ITF M25 Tbilisi Men,ITF Men,Round of 32,Daniil Glinka,Sergey Betov,1,false,2,finished,2,0,False,1747126800,Daniil Glinka,False,home,Sergey Betov,R32,2025-05-13 09:00
G0BY,3,13896486,1747217700,ITF M25 Tbilisi Men,ITF Men,Round of 16,Lukas Pokorny,Daniil Glinka,2,false,absent,finished,0,2,False,1747217700,Daniil Glinka,False,away,Lukas Pokorny,R16,2025-05-14 10:15
G0BY,3,13896489,1747288800,ITF M25 Tbilisi Men,ITF Men,Quarterfinals,Daniil Glinka,Erik Arutiunian,2,false,1,finished,0,2,False,1747288800,Daniil Glinka,False,home,Erik Arutiunian,QF,2025-05-15 06:00
G0BY,3,13911666,1747738800,"Tbilisi, Georgia",Challenger,Round of 32,Fajing Sun,Daniil Glinka,2,false,1,finished,0,2,False,1747738800,Daniil Glinka,False,away,Fajing Sun,R32,2025-05-20 11:00
G0BY,3,13899215,1747810800,"Tbilisi, Georgia",Challenger,Round of 16,Daniil Glinka,Henry Searle,1,false,1,finished,2,0,False,1747810800,Daniil Glinka,False,home,Henry Searle,R16,2025-05-21 07:00
G0BY,3,13899220,1747900500,"Tbilisi, Georgia",Challenger,Quarterfinals,Daniil Glinka,Saba Purtseladze,2,false,2,finished,1,2,False,1747900500,Daniil Glinka,False,home,Saba Purtseladze,QF,2025-05-22 07:55
G0BY,3,13937395,1748415600,"Chisinau, Moldova",Challenger,Round of 32,Philip Henning,Daniil Glinka,1,false,1,finished,2,1,False,1748415600,Daniil Glinka,False,away,Philip Henning,R32,2025-05-28 07:00
G0BY,3,13995537,1749655800,ITF M25 Martos Men,ITF Men,Round of 32,Mario Martinez Serrano,Daniil Glinka,1,false,absent,finished,2,1,False,1749655800,Daniil Glinka,False,away,Mario Martinez Serrano,R32,2025-06-11 15:30
G0BY,3,14068053,1751214000,"Cary, USA, Qualifying",Challenger,Qualification Round 1,Braden Shick,Daniil Glinka,2,false,1,finished,1,2,False,1751214000,Daniil Glinka,False,away,Braden Shick,Q1,2025-06-29 16:20
G0BY,3,14070364,1751299200,"Cary, USA, Qualifying",Challenger,Qualification Final,Moerani Bouzige,Daniil Glinka,2,false,2,finished,1,2,False,1751299200,Daniil Glinka,False,away,Moerani Bouzige,Q,2025-06-30 16:00
G0BY,3,14076723,1751382000,"Cary, USA",Challenger,Round of 32,William Manning,Daniil Glinka,2,false,2,finished,1,2,False,1751382000,Daniil Glinka,False,away,William Manning,R32,2025-07-01 15:00
G0BY,3,14053472,1751583900,"Cary, USA",Challenger,Round of 16,Daniil Glinka,Michael Zheng,2,false,2,finished,0,2,False,1751583900,Daniil Glinka,False,home,Michael Zheng,R16,2025-07-03 23:05
G0BY,3,14114019,1751831400,"Winnipeg, Canada, Qualifying",Challenger,Qualification Round 1,Daniil Glinka,Sid Donarski,1,false,1,finished,1,0,False,1751831400,Daniil Glinka,False,home,Sid Donarski,Q1,2025-07-06 19:50
G0BY,3,14122146,1751990400,"Winnipeg, Canada, Qualifying",Challenger,Qualification Final,Daniil Glinka,Tsung-Hao Huang,1,false,1,finished,2,1,False,1751990400,Daniil Glinka,False,home,Tsung-Hao Huang,Q,2025-07-08 16:00
G0BY,3,14135690,1752083700,"Winnipeg, Canada",Challenger,Round of 32,Daniil Glinka,Masamichi Imamura,2,false,2,finished,0,2,False,1752083700,Daniil Glinka,False,home,Masamichi Imamura,R32,2025-07-09 17:55
G0BY,3,14170840,1752430500,"Pozoblanco, Spain, Qualifying",Challenger,Qualification Round 1,Daniil Glinka,Alberto Barroso Campos,1,false,1,finished,2,0,False,1752430500,Daniil Glinka,False,home,Alberto Barroso Campos,Q1,2025-07-13 18:15
G0BY,3,14176582,1752515400,"Pozoblanco, Spain, Qualifying",Challenger,Qualification Final,Daniil Glinka,Aryan Shah,2,false,1,finished,0,2,False,1752515400,Daniil Glinka,False,home,Aryan Shah,Q,2025-07-14 17:50
G0BY,3,14339338,1754216400,"Grodzisk Mazowiecki, Poland, Qualifying",Challenger,Qualification Round 1,Daniil Glinka,David Poljak,1,false,1,finished,2,0,False,1754216400,Daniil Glinka,False,home,David Poljak,Q1,2025-08-03 10:20
G0BY,3,14344482,1754298000,"Grodzisk Mazowiecki, Poland, Qualifying",Challenger,Qualification Final,Daniil Glinka,Amit Vales,1,false,1,finished,2,0,False,1754298000,Daniil Glinka,False,home,Amit Vales,Q,2025-08-04 09:00
G0BY,3,14349617,1754384400,"Grodzisk Mazowiecki, Poland",Challenger,Round of 32,Daniil Glinka,Radu Albot,1,false,1,finished,2,0,False,1754384400,Daniil Glinka,False,home,Radu Albot,R32,2025-08-05 09:00
G0BY,4,12923821,1727862300,"France F31, Singles",ITF Men,Round of 32,Liam Branger,Daniil Glinka,1,false,2,finished,2,0,False,1727862300,Daniil Glinka,False,away,Liam Branger,R32,2024-10-02 09:45
G0BY,4,12981619,1728982500,"Great Britain F11, Singles",ITF Men,Round of 32,Luke Simkiss,Daniil Glinka,1,false,2,finished,2,0,False,1728982500,Daniil Glinka,False,away,Luke Simkiss,R32,2024-10-15 08:55
G0BY,4,13304586,1736244000,ITF M25 Hazebrouck Men,ITF Men,Round of 32,Daniil Glinka,Kenny De Schepper,1,false,absent,finished,2,0,False,1736244000,Daniil Glinka,False,home,Kenny De Schepper,R32,2025-01-07 10:00
G0BY,4,13312882,1736413200,ITF M25 Hazebrouck Men,ITF Men,Round of 16,Daniil Glinka,Louis Van Herck,1,false,absent,finished,2,0,False,1736413200,Daniil Glinka,False,home,Louis Van Herck,R16,2025-01-09 09:00
G0BY,4,13317758,1736499600,ITF M25 Hazebrouck Men,ITF Men,Quarterfinals,Toby Alex Kodat,Daniil Glinka,1,false,absent,finished,2,1,False,1736499600,Daniil Glinka,False,away,Toby Alex Kodat,QF,2025-01-10 09:00
G0BY,4,13322283,1736586000,ITF M25 Hazebrouck Men,ITF Men,Semifinals,Arthur Gea,Daniil Glinka,1,false,absent,finished,2,0,False,1736586000,Daniil Glinka,False,away,Arthur Gea,SF,2025-01-11 09:00
G0BY,4,13341600,1736940600,ITF M15 Bressuire Men,ITF Men,Round of 32,Daniil Glinka,Francois Musitelli,2,false,absent,finished,0,2,False,1736940600,Daniil Glinka,False,home,Francois Musitelli,R32,2025-01-15 11:30
G0BY,4,13364961,1737536400,ITF M25 Esch/Alzette Men,ITF Men,Round of 32,Daniil Glinka,Viktor Durasović,1,false,absent,finished,2,1,False,1737536400,Daniil Glinka,False,home,Viktor Durasović,R32,2025-01-22 09:00
G0BY,4,13373753,1737623100,ITF M25 Esch/Alzette Men,ITF Men,Round of 16,Francois Musitelli,Daniil Glinka,2,false,absent,finished,0,2,False,1737623100,Daniil Glinka,False,away,Francois Musitelli,R16,2025-01-23 09:05
G0BY,4,13382330,1737718200,ITF M25 Esch/Alzette Men,ITF Men,Quarterfinals,Illya Beloborodko,Daniil Glinka,2,false,absent,finished,0,2,False,1737718200,Daniil Glinka,False,away,Illya Beloborodko,QF,2025-01-24 11:30
G0BY,4,13385879,1737813600,ITF M25 Esch/Alzette Men,ITF Men,Semifinals,Mikael Ymer,Daniil Glinka,1,false,absent,finished,2,1,False,1737813600,Daniil Glinka,False,away,Mikael Ymer,SF,2025-01-25 14:00
G0BY,4,13455936,1739286000,ITF M25 Roehampton Men,ITF Men,Round of 32,Daniil Glinka,Florent Bax,1,false,absent,finished,2,0,False,1739286000,Daniil Glinka,False,home,Florent Bax,R32,2025-02-11 15:00
G0BY,4,13469097,1739440800,ITF M25 Roehampton Men,ITF Men,Round of 16,Daniil Glinka,Liam Broady,2,false,absent,finished,1,2,False,1739440800,Daniil Glinka,False,home,Liam Broady,R16,2025-02-13 10:00
G0BY,4,13492232,1739867400,ITF M25 Trento Men,ITF Men,Round of 32,Antoine (SRL) Hoang,Daniil Glinka,2,false,2,finished,1,2,False,1739867400,Daniil Glinka,False,away,Antoine (SRL) Hoang,R32,2025-02-18 08:30
G0BY,4,13502914,1740042000,ITF M25 Trento Men,ITF Men,Round of 16,Giovanni Oradini,Daniil Glinka,2,false,2,finished,0,2,False,1740042000,Daniil Glinka,False,away,Giovanni Oradini,R16,2025-02-20 09:00
G0BY,4,13508922,1740128400,ITF M25 Trento Men,ITF Men,Quarterfinals,Luca Castagnola,Daniil Glinka,2,false,2,finished,0,2,False,1740128400,Daniil Glinka,False,away,Luca Castagnola,QF,2025-02-21 09:00
G0BY,4,13514522,1740225600,ITF M25 Trento Men,ITF Men,Semifinals,Dan Added,Daniil Glinka,2,false,2,finished,1,2,False,1740225600,Daniil Glinka,False,away,Dan Added,SF,2025-02-22 12:00
G0BY,4,13520026,1740303000,ITF M25 Trento Men,ITF Men,Final,Daniil Glinka,Christian Sigsgaard,2,false,2,finished,0,2,False,1740303000,Daniil Glinka,False,home,Christian Sigsgaard,F,2025-02-23 09:30
G0BY,4,13565766,1741165200,ITF M25 Trimbach Men,ITF Men,Round of 32,Luc Wieland,Daniil Glinka,1,false,2,finished,2,0,False,1741165200,Daniil Glinka,False,away,Luc Wieland,R32,2025-03-05 09:00
G0BY,4,13568012,1741251600,ITF M25 Trimbach Men,ITF Men,Round of 16,Matthew William Donald,Daniil Glinka,1,false,absent,finished,2,0,False,1741251600,Daniil Glinka,False,away,Matthew William Donald,R16,2025-03-06 09:00
G0BY,4,13574377,1741347000,ITF M25 Trimbach Men,ITF Men,Quarterfinals,Daniil Glinka,Mats Rosenkranz,1,false,absent,finished,2,1,False,1741347000,Daniil Glinka,False,home,Mats Rosenkranz,QF,2025-03-07 11:30
G0BY,4,13578087,1741424400,ITF M25 Trimbach Men,ITF Men,Semifinals,Tim Handel,Daniil Glinka,2,false,absent,finished,0,2,False,1741424400,Daniil Glinka,False,away,Tim Handel,SF,2025-03-08 09:00
G0BY,4,13579649,1741510800,ITF M25 Trimbach Men,ITF Men,Final,Dominic Stricker,Daniil Glinka,2,false,1,finished,1,2,False,1741510800,Daniil Glinka,False,away,Dominic Stricker,F,2025-03-09 09:00
G0BY,5,12354429,1716381600,"Kachreti, Georgia, Doubles",Challenger,Round of 16,Glinka D / Saar K K,Davis J / Hussey G,2,false,2,finished,1,2,False,1716381600,Daniil Glinka,True,,,R16,2024-05-22 12:40
G0BY,5,12337568,1716448500,"Kachreti, Georgia",Challenger,Quarterfinals,Paul Jubb,Daniil Glinka,1,false,1,finished,2,0,False,1716448500,Daniil Glinka,False,away,Paul Jubb,QF,2024-05-23 07:15
G0BY,5,12393076,1717592400,"Setubal, Singles Main, M-ITF-POR-17A",ITF Men,Round of 32,Daniil Glinka,Tiago Pereira,2,false,1,finished,1,2,False,1717592400,Daniil Glinka,False,home,Tiago Pereira,R32,2024-06-05 13:00
G0BY,5,12411005,1718101800,"Elvas, Singles Main, M-ITF-POR-18A",ITF Men,Round of 32,Ricardo Batista,Daniil Glinka,2,false,2,finished,0,2,False,1718101800,Daniil Glinka,False,away,Ricardo Batista,R32,2024-06-11 10:30
G0BY,5,12418815,1718269200,"Elvas, Singles Main, M-ITF-POR-18A",ITF Men,Round of 16,Tiago Pereira,Daniil Glinka,1,false,2,finished,2,0,False,1718269200,Daniil Glinka,False,away,Tiago Pereira,R16,2024-06-13 09:00
G0BY,5,12509546,1720368000,"Winnipeg, Canada, Qualifying",Challenger,Qualification round 1,Quinn Vandecasteele,Daniil Glinka,1,false,2,finished,2,0,False,1720368000,Daniil Glinka,False,away,Quinn Vandecasteele,Q1,2024-07-07 16:00
G0BY,5,12539357,1720965600,"Granby, Canada, Qualifying",Challenger,Qualification round 1,Cleeve Harper,Daniil Glinka,1,false,2,finished,2,0,False,1720965600,Daniil Glinka,False,away,Cleeve Harper,Q1,2024-07-14 14:00
G0BY,5,12537829,1720965600,"Granby, Canada, Qualifying",Challenger,Qualification round 1,Juan Carlos Aguilar,Daniil Glinka,absent,false,absent,canceled,0,0,False,1720965600,Daniil Glinka,False,away,Juan Carlos Aguilar,Q1,2024-07-14 14:00
G0BY,5,12537537,1721236500,"Granby, Canada, Doubles",Challenger,Round of 16,Stevenson K / Whiting T,Glinka D / Lajal M,2,false,1,finished,1,2,False,1721236500,Daniil Glinka,True,,,R16,2024-07-17 17:15
G0BY,5,12527297,1721328900,"Granby, Canada, Doubles",Challenger,Quarterfinals,Glinka D / Lajal M,Boulais J / Lapadat J,2,false,1,finished,0,2,False,1721328900,Daniil Glinka,True,,,QF,2024-07-18 18:55
G0BY,5,12579994,1721578800,"Chicago, USA, Qualifying",Challenger,Qualification round 1,James Trotter,Daniil Glinka,1,false,2,finished,2,1,False,1721578800,Daniil Glinka,False,away,James Trotter,Q1,2024-07-21 16:20
G0BY,5,12611429,1722160800,"Porto, Portugal, Qualifying",Challenger,Qualification round 1,Pedro Araujo,Daniil Glinka,1,false,1,finished,2,1,False,1722160800,Daniil Glinka,False,away,Pedro Araujo,Q1,2024-07-28 10:00
G0BY,5,12667061,1723376100,"Grodzisk Mazowiecki, Poland, Qualifying",Challenger,Qualification round 1,Daniil Glinka,Alan Bojarski,1,false,1,finished,2,0,False,1723376100,Daniil Glinka,False,home,Alan Bojarski,Q1,2024-08-11 11:35
G0BY,5,12671828,1723459800,"Grodzisk Mazowiecki, Poland, Qualifying",Challenger,Qualification round 1,Daniil Glinka,Iannis Miletich,1,false,1,finished,2,0,False,1723459800,Daniil Glinka,False,home,Iannis Miletich,Q1,2024-08-12 10:50
G0BY,5,12677039,1723570200,"Grodzisk Mazowiecki, Poland",Challenger,Round of 32,Daniil Glinka,Norbert Gombos,2,false,2,finished,1,2,False,1723570200,Daniil Glinka,False,home,Norbert Gombos,R32,2024-08-13 17:30
G0BY,5,12713381,1724140800,"Idanha-a-Nova, Singles Main, M-ITF-POR-20A",ITF Men,Round of 32,Tiago Silva,Daniil Glinka,2,false,2,finished,0,2,False,1724140800,Daniil Glinka,False,away,Tiago Silva,R32,2024-08-20 08:00
G0BY,5,12725050,1724326800,"Idanha-a-Nova, Singles Main, M-ITF-POR-20A",ITF Men,Round of 16,Alex Knaff,Daniil Glinka,2,false,2,finished,1,2,False,1724326800,Daniil Glinka,False,away,Alex Knaff,R16,2024-08-22 11:40
G0BY,5,12729615,1724408100,"Idanha-a-Nova, Singles Main, M-ITF-POR-20A",ITF Men,Quarterfinals,Alastair Gray,Daniil Glinka,1,false,2,finished,2,0,False,1724408100,Daniil Glinka,False,away,Alastair Gray,QF,2024-08-23 10:15
G0BY,5,12748096,1724845500,"Budapest, Singles Main, M-ITF-HUN-04A",ITF Men,Round of 32,Aurel Ciocanu,Daniil Glinka,2,false,1,finished,0,2,False,1724845500,Daniil Glinka,False,away,Aurel Ciocanu,R32,2024-08-28 11:45
G0BY,6,12083285,1708446600,"Trento, Singles Main, M-ITF-ITA-01A",ITF Men,Round of 32,Peter Buldorini,Daniil Glinka,2,false,2,finished,0,2,False,1708446600,Daniil Glinka,False,away,Peter Buldorini,R32,2024-02-20 16:30
G0BY,6,12086969,1708592400,"Trento, Singles Main, M-ITF-ITA-01A",ITF Men,Round of 16,Daniil Glinka,Alexey Vatutin,1,false,1,finished,2,1,False,1708592400,Daniil Glinka,False,home,Alexey Vatutin,R16,2024-02-22 09:00
G0BY,6,12093534,1708689300,"Trento, Singles Main, M-ITF-ITA-01A",ITF Men,Quarterfinals,Tibo Colson,Daniil Glinka,2,false,2,finished,0,2,False,1708689300,Daniil Glinka,False,away,Tibo Colson,QF,2024-02-23 11:55
G0BY,6,12095739,1708781700,"Trento, Singles Main, M-ITF-ITA-01A",ITF Men,Semifinals,Daniil Glinka,Giovanni Oradini,2,false,2,finished,1,2,False,1708781700,Daniil Glinka,False,home,Giovanni Oradini,SF,2024-02-24 13:35
G0BY,6,12099642,1708876800,"Lille, France, Qualifying",Challenger,Qualification round 1,Daniil Glinka,Oscar Otte,2,false,2,finished,0,2,False,1708876800,Daniil Glinka,False,home,Oscar Otte,Q1,2024-02-25 16:00
G0BY,6,12127623,1709745300,"Poitiers, Singles Main, M-ITF-FRA-09A",ITF Men,Round of 32,Daniil Glinka,Mikail Alimli,1,false,1,finished,2,0,False,1709745300,Daniil Glinka,False,home,Mikail Alimli,R32,2024-03-06 17:15
G0BY,6,12133883,1709823600,"Poitiers, Singles Main, M-ITF-FRA-09A",ITF Men,Round of 16,Daniil Glinka,Marcus Walters,1,false,1,finished,2,0,False,1709823600,Daniil Glinka,False,home,Marcus Walters,R16,2024-03-07 15:00
G0BY,6,12137107,1709902200,"Poitiers, Singles Main, M-ITF-FRA-09A",ITF Men,Quarterfinals,Daniil Glinka,Hamish Stewart,1,false,1,finished,2,0,False,1709902200,Daniil Glinka,False,home,Hamish Stewart,QF,2024-03-08 12:50
G0BY,6,12140696,1710001200,"Poitiers, Singles Main, M-ITF-FRA-09A",ITF Men,Semifinals,Daniil Glinka,Fabien Salle,2,false,2,finished,1,2,False,1710001200,Daniil Glinka,False,home,Fabien Salle,SF,2024-03-09 16:20
G0BY,6,12154325,1710320400,"Trimbach, Singles Main, M-ITF-SUI-01A",ITF Men,Round of 32,Alexis Canter,Daniil Glinka,2,false,2,finished,0,2,False,1710320400,Daniil Glinka,False,away,Alexis Canter,R32,2024-03-13 09:00
G0BY,6,12157157,1710410400,"Trimbach, Singles Main, M-ITF-SUI-01A",ITF Men,Round of 16,Yannik Steinegger,Daniil Glinka,2,false,2,finished,0,2,False,1710410400,Daniil Glinka,False,away,Yannik Steinegger,R16,2024-03-14 10:00
G0BY,6,12160760,1710498600,"Trimbach, Singles Main, M-ITF-SUI-01A",ITF Men,Quarterfinals,Aidan McHugh,Daniil Glinka,2,false,2,finished,0,2,False,1710498600,Daniil Glinka,False,away,Aidan McHugh,QF,2024-03-15 10:30
G0BY,6,12163433,1710593400,"Trimbach, Singles Main, M-ITF-SUI-01A",ITF Men,Semifinals,Daniil Glinka,Antoine Hoang,2,false,2,finished,0,2,False,1710593400,Daniil Glinka,False,home,Antoine Hoang,SF,2024-03-16 12:50
G0BY,6,12171481,1710846300,"Balma, Singles Main, M-ITF-FRA-04A",ITF Men,Round of 32,Yanis Ghazouani Durand,Daniil Glinka,2,false,2,finished,0,1,False,1710846300,Daniil Glinka,False,away,Yanis Ghazouani Durand,R32,2024-03-19 11:05
G0BY,6,12174130,1711019100,"Balma, Singles Main, M-ITF-FRA-04A",ITF Men,Round of 16,Arthur Fery,Daniil Glinka,1,false,2,finished,2,0,False,1711019100,Daniil Glinka,False,away,Arthur Fery,R16,2024-03-21 11:05
G0BY,6,12210883,1711900800,"Mexico City, Mexico, Qualifying",Challenger,Qualification round 1,Ryan Seggerman,Daniil Glinka,1,false,2,finished,2,1,False,1711900800,Daniil Glinka,False,away,Ryan Seggerman,Q1,2024-03-31 16:00
G0BY,6,12229980,1712510100,"Morelos, Mexico, Qualifying",Challenger,Qualification round 1,Daniil Glinka,Alex Hernandez,2,false,1,finished,0,2,False,1712510100,Daniil Glinka,False,home,Alex Hernandez,Q1,2024-04-07 17:15
G0BY,6,12249935,1713132000,"Acapulco, Mexico, Qualifying",Challenger,Qualification round 1,Andres Delgadillo,Daniil Glinka,2,false,2,finished,0,2,False,1713132000,Daniil Glinka,False,away,Andres Delgadillo,Q1,2024-04-14 22:00
G0BY,6,12251932,1713218400,"Acapulco, Mexico, Qualifying",Challenger,absent,Ryan Seggerman,Daniil Glinka,1,false,1,finished,2,1,False,1713218400,Daniil Glinka,False,away,Ryan Seggerman,Q,2024-04-15 22:00
G0BY,6,12308276,1714986000,"Tbilisi, Singles Main, M-ITF-GEO-01A",ITF Men,Round of 32,Daniil Glinka,Egor Pleshivtsev,1,false,2,finished,2,0,False,1714986000,Daniil Glinka,False,home,Egor Pleshivtsev,R32,2024-05-06 09:00
G0BY,6,12312559,1715084400,"Tbilisi, Doubles Main, M-ITF-GEO-01A",ITF Men,Round of 16,Golubev D / Tiurnev E,Glinka D / Medvedev A,2,false,2,finished,1,2,False,1715084400,Daniil Glinka,True,,,R16,2024-05-07 12:20
G0BY,7,11694357,1695984000,"Forbach, Singles Main, M-ITF-FRA-19A",ITF Men,Quarterfinals,Daniil Glinka,Axel Garcian,1,false,2,finished,2,0,False,1695984000,Daniil Glinka,False,home,Axel Garcian,QF,2023-09-29 10:40
G0BY,7,11696863,1696075200,"Forbach, Singles Main, M-ITF-FRA-19A",ITF Men,Semifinals,Arthur Bouquier,Daniil Glinka,2,false,absent,finished,0,2,False,1696075200,Daniil Glinka,False,away,Arthur Bouquier,SF,2023-09-30 12:00
G0BY,7,11698861,1696163400,"Forbach, Singles Main, M-ITF-FRA-19A",ITF Men,Final,Hamish Stewart,Daniil Glinka,2,false,1,finished,0,2,False,1696163400,Daniil Glinka,False,away,Hamish Stewart,F,2023-10-01 12:30
G0BY,7,11704561,1696329900,"Nevers, Singles Main, M-ITF-FRA-18A",ITF Men,Round of 32,Matteo Rocci,Daniil Glinka,2,false,1,finished,0,2,False,1696329900,Daniil Glinka,False,away,Matteo Rocci,R32,2023-10-03 10:45
G0BY,7,11706582,1696496400,"Nevers, Singles Main, M-ITF-FRA-18A",ITF Men,Round of 16,Daniil Glinka,Mika Brunold,1,false,1,finished,2,1,False,1696496400,Daniil Glinka,False,home,Mika Brunold,R16,2023-10-05 09:00
G0BY,7,11713166,1696599300,"Nevers, Singles Main, M-ITF-FRA-18A",ITF Men,Quarterfinals,Alexander Blockx,Daniil Glinka,2,false,1,finished,0,1,False,1696599300,Daniil Glinka,False,away,Alexander Blockx,QF,2023-10-06 13:35
G0BY,7,11716909,1696694700,"Nevers, Singles Main, M-ITF-FRA-18A",ITF Men,Semifinals,Daniil Glinka,Sascha Gueymard Wayenburg,2,false,2,finished,1,2,False,1696694700,Daniil Glinka,False,home,Sascha Gueymard Wayenburg,SF,2023-10-07 16:05
G0BY,7,11729668,1697042100,"Onet, Singles Main, M-ITF-FRA-22A",ITF Men,Round of 32,Sascha Gueymard Wayenburg,Daniil Glinka,2,false,2,finished,1,2,False,1697042100,Daniil Glinka,False,away,Sascha Gueymard Wayenburg,R32,2023-10-11 16:35
G0BY,7,11734663,1697127300,"Onet, Singles Main, M-ITF-FRA-22A",ITF Men,Round of 16,Daniil Glinka,Alec Deckers,1,false,1,finished,2,1,False,1697127300,Daniil Glinka,False,home,Alec Deckers,R16,2023-10-12 16:15
G0BY,7,11737808,1697209200,"Onet, Singles Main, M-ITF-FRA-22A",ITF Men,Quarterfinals,Hady Habib,Daniil Glinka,2,false,2,finished,0,2,False,1697209200,Daniil Glinka,False,away,Hady Habib,QF,2023-10-13 15:00
G0BY,7,11740967,1697293500,"Onet, Singles Main, M-ITF-FRA-22A",ITF Men,Semifinals,Tom Paris,Daniil Glinka,1,false,1,finished,2,0,False,1697293500,Daniil Glinka,False,away,Tom Paris,SF,2023-10-14 14:25
G0BY,7,11764742,1697981400,"Ortisei, Italy, Qualifying",Challenger,Qualification round 1,Peter Buldorini,Daniil Glinka,2,false,absent,finished,1,2,False,1697981400,Daniil Glinka,False,away,Peter Buldorini,Q1,2023-10-22 13:30
G0BY,7,11766869,1698055800,"Ortisei, Italy, Qualifying",Challenger,Qualification round 1,Patrick Brady,Daniil Glinka,2,false,absent,finished,1,2,False,1698055800,Daniil Glinka,False,away,Patrick Brady,Q1,2023-10-23 10:10
G0BY,7,11769351,1698154800,"Ortisei, Italy",Challenger,Round of 32,Ryan Nijboer,Daniil Glinka,2,false,absent,finished,0,2,False,1698154800,Daniil Glinka,False,away,Ryan Nijboer,R32,2023-10-24 13:40
G0BY,7,11757350,1698241800,"Ortisei, Italy",Challenger,Round of 16,Antoine Bellier,Daniil Glinka,2,false,absent,finished,0,2,False,1698241800,Daniil Glinka,False,away,Antoine Bellier,R16,2023-10-25 13:50
G0BY,7,11757355,1698397200,"Ortisei, Italy",Challenger,Quarterfinals,Daniil Glinka,Billy Harris,2,false,absent,finished,1,2,False,1698397200,Daniil Glinka,False,home,Billy Harris,QF,2023-10-27 09:00
G0BY,7,11827894,1700043300,"Monastir, Singles Main, M-ITF-TUN-52A",ITF Men,Round of 32,Yanki Erel,Daniil Glinka,2,false,2,finished,0,2,False,1700043300,Daniil Glinka,False,away,Yanki Erel,R32,2023-11-15 10:15
G0BY,7,11835034,1700128800,"Monastir, Singles Main, M-ITF-TUN-52A",ITF Men,Round of 16,Daniil Glinka,Toby Martin,2,false,1,finished,1,2,False,1700128800,Daniil Glinka,False,home,Toby Martin,R16,2023-11-16 10:00
G0BY,7,11930336,1704020400,"Oeiras, Portugal, Qualifying",Challenger,Qualification round 1,Daniil Glinka,Cannon Kingsley,1,false,1,finished,2,1,False,1704020400,Daniil Glinka,False,home,Cannon Kingsley,Q1,2023-12-31 11:00
G0BY,7,11931645,1704106800,"Oeiras, Portugal, Qualifying",Challenger,Qualification round 1,Jay Clarke,Daniil Glinka,1,false,1,finished,2,1,False,1704106800,Daniil Glinka,False,away,Jay Clarke,Q1,2024-01-01 11:00
G0BY,7,11958166,1704810300,"Loughborough, Singles Main, M-ITF-GBR-01A",ITF Men,Round of 32,Daniil Glinka,Marcello Serafini,1,false,1,finished,2,0,False,1704810300,Daniil Glinka,False,home,Marcello Serafini,R32,2024-01-09 14:25
G0BY,8,11311799,1685102400,"Monastir, Singles Main, M-ITF-TUN-25A",ITF Men,Quarterfinals,Robin Bertrand,Daniil Glinka,2,false,1,finished,1,2,False,1685102400,Daniil Glinka,False,away,Robin Bertrand,QF,2023-05-26 12:00
G0BY,8,11312231,1685178000,"Monastir, Singles Main, M-ITF-TUN-25A",ITF Men,Semifinals,Daniil Glinka,Adrien Gobat,2,false,2,finished,0,2,False,1685178000,Daniil Glinka,False,home,Adrien Gobat,SF,2023-05-27 09:00
G0BY,8,11348650,1686727800,"Davis Cup Single Matches, Group I-V",Davis Cup,absent,Daniil Glinka,Matija Samardzic,1,false,1,finished,2,0,False,1686727800,Daniil Glinka,False,home,Matija Samardzic,ABSENT,2023-06-14 07:30
G0BY,8,11353812,1686904800,"Davis Cup Single Matches, Group I-V",Davis Cup,absent,Daniil Glinka,M. de Rossi,1,false,2,finished,2,0,False,1686904800,Daniil Glinka,False,home,M. de Rossi,ABSENT,2023-06-16 08:40
G0BY,8,11355798,1686993300,"Davis Cup Single Matches, Group I-V",Davis Cup,absent,Daniil Glinka,Ilie Cazac,1,false,1,finished,2,0,False,1686993300,Daniil Glinka,False,home,Ilie Cazac,ABSENT,2023-06-17 09:15
G0BY,8,11361600,1687352400,"Monastir, Singles Main, M-ITF-TUN-29A",ITF Men,Round of 32,Daniil Glinka,Adit Sinha,1,false,1,finished,2,1,False,1687352400,Daniil Glinka,False,home,Adit Sinha,R32,2023-06-21 13:00
G0BY,8,11365662,1687443000,"Monastir, Singles Main, M-ITF-TUN-29A",ITF Men,Round of 16,Daniil Glinka,Vladislav Melnic,2,false,2,finished,1,2,False,1687443000,Daniil Glinka,False,home,Vladislav Melnic,R16,2023-06-22 14:10
G0BY,8,11381026,1687966500,"Monastir, Singles Main, M-ITF-TUN-30A",ITF Men,Round of 32,Billy Blaydes,Daniil Glinka,1,false,absent,finished,2,1,False,1687966500,Daniil Glinka,False,away,Billy Blaydes,R32,2023-06-28 15:35
G0BY,8,11463454,1690095300,"Astana, Kazakhstan, Qualifying",Challenger,Qualification round 1,Mykhailo Mossur,Daniil Glinka,2,false,absent,finished,0,2,False,1690095300,Daniil Glinka,False,away,Mykhailo Mossur,Q1,2023-07-23 06:55
G0BY,8,11464824,1690171200,"Astana, Kazakhstan, Qualifying",Challenger,absent,Alexander Zgirovsky,Daniil Glinka,1,false,3,finished,2,1,False,1690171200,Daniil Glinka,False,away,Alexander Zgirovsky,Q,2023-07-24 04:00
G0BY,8,11491933,1690884600,"Astana, Doubles Main, M-ITF-KAZ-05A",ITF Men,Round of 16,Aitkulov A / Orynbasar I,Glinka D / Saar K K,2,false,2,finished,1,2,False,1690884600,Daniil Glinka,True,,,R16,2023-08-01 10:10
G0BY,8,11493363,1690964100,"Astana, Singles Main, M-ITF-KAZ-05A",ITF Men,Round of 32,Daniil Glinka,Yusuke Takahashi,2,false,2,finished,0,2,False,1690964100,Daniil Glinka,False,home,Yusuke Takahashi,R32,2023-08-02 08:15
G0BY,8,11496558,1691069400,"Astana, Doubles Main, M-ITF-KAZ-05A",ITF Men,Quarterfinals,Bertrand R / Watanabe S,Glinka D / Saar K K,2,false,1,finished,1,2,False,1691069400,Daniil Glinka,True,,,QF,2023-08-03 13:30
G0BY,8,11501919,1691145600,"Astana, Doubles Main, M-ITF-KAZ-05A",ITF Men,Semifinals,Ibragimov D / Philippov E,Glinka D / Saar K K,2,false,2,finished,1,2,False,1691145600,Daniil Glinka,True,,,SF,2023-08-04 10:40
G0BY,8,11504172,1691238300,"Astana, Doubles Main, M-ITF-KAZ-05A",ITF Men,Final,Glinka D / Saar K K,Banthia S / Ganta S K R,2,false,2,finished,1,2,False,1691238300,Daniil Glinka,True,,,F,2023-08-05 12:25
G0BY,8,11513824,1691488800,"London, Singles Main, M-ITF-GBR-11A",ITF Men,Round of 32,Ewen Lumsden,Daniil Glinka,2,false,1,finished,0,2,False,1691488800,Daniil Glinka,False,away,Ewen Lumsden,R32,2023-08-08 10:00
G0BY,8,11520622,1691677200,"London, Singles Main, M-ITF-GBR-11A",ITF Men,Round of 16,Matthew Dellavedova,Daniil Glinka,2,false,2,finished,0,2,False,1691677200,Daniil Glinka,False,away,Matthew Dellavedova,R16,2023-08-10 14:20
G0BY,8,11524421,1691751900,"London, Singles Main, M-ITF-GBR-11A",ITF Men,Quarterfinals,Daniil Glinka,Oliver Tarvet,1,false,1,finished,2,1,False,1691751900,Daniil Glinka,False,home,Oliver Tarvet,QF,2023-08-11 11:05
G0BY,8,11527906,1691838600,"London, Singles Main, M-ITF-GBR-11A",ITF Men,Semifinals,Paul Jubb,Daniil Glinka,2,false,2,finished,1,2,False,1691838600,Daniil Glinka,False,away,Paul Jubb,SF,2023-08-12 11:10
G0BY,9,11106918,1678095000,"Creteil, Singles Qualifying, M-ITF-FRA-08A",ITF Men,Qualification round 1,Marc Antoine Gaillard,Daniil Glinka,1,false,1,finished,0,2,False,1678095000,Daniil Glinka,False,away,Marc Antoine Gaillard,Q1,2023-03-06 09:30
G0BY,9,11109644,1678207200,"Creteil, Singles Main, M-ITF-FRA-08A",ITF Men,Round of 32,Daniil Glinka,Milan Welte,1,false,2,finished,2,0,False,1678207200,Daniil Glinka,False,home,Milan Welte,R32,2023-03-07 16:40
G0BY,9,11115329,1678359600,"Creteil, Singles Main, M-ITF-FRA-08A",ITF Men,Round of 16,Kalin Ivanovski,Daniil Glinka,2,false,2,finished,1,2,False,1678359600,Daniil Glinka,False,away,Kalin Ivanovski,R16,2023-03-09 11:00
G0BY,9,11127476,1678803300,"Trimbach, Singles Main, M-ITF-SUI-01A",ITF Men,Round of 32,Daniil Glinka,Kacper Zuk,2,false,2,finished,1,2,False,1678803300,Daniil Glinka,False,home,Kacper Zuk,R32,2023-03-14 14:15
G0BY,9,11128643,1678901400,"Trimbach, Doubles Main, M-ITF-SUI-01A",ITF Men,Round of 16,Glinka D / Saar K K,Braynin A / Lopez N,1,false,1,finished,2,0,False,1678901400,Daniil Glinka,True,,,R16,2023-03-15 17:30
G0BY,9,11133730,1678977000,"Trimbach, Doubles Main, M-ITF-SUI-01A",ITF Men,Quarterfinals,Glinka D / Saar K K,Broom C / Matusevich A,2,false,2,finished,1,2,False,1678977000,Daniil Glinka,True,,,QF,2023-03-16 14:30
G0BY,9,11140804,1679240700,"St. Brieuc, France, Spain, Qualifying",Challenger,Qualification round 1,Sem Verbeek,Daniil Glinka,2,false,absent,finished,0,2,False,1679240700,Daniil Glinka,False,away,Sem Verbeek,Q1,2023-03-19 15:45
G0BY,9,11143297,1679312100,"St. Brieuc, France, Spain, Qualifying",Challenger,Qualification round 1,Jurgen Briand,Daniil Glinka,1,false,absent,finished,2,0,False,1679312100,Daniil Glinka,False,away,Jurgen Briand,Q1,2023-03-20 11:35
G0BY,9,11160308,1679920500,"Trento, Singles Qualifying, M-ITF-ITA-01A",ITF Men,Qualification round 1,Leonardo Taddia,Daniil Glinka,1,false,1,finished,0,2,False,1679920500,Daniil Glinka,False,away,Leonardo Taddia,Q1,2023-03-27 12:35
G0BY,9,11165450,1679990400,"Trento, Singles Qualifying, M-ITF-ITA-01A",ITF Men,Qualification round 1,Carlo Alberto Fossati,Daniil Glinka,1,false,1,finished,0,2,False,1679990400,Daniil Glinka,False,away,Carlo Alberto Fossati,Q1,2023-03-28 08:00
G0BY,9,11165461,1680007200,"Trento, Doubles Main, M-ITF-ITA-01A",ITF Men,Round of 16,Glinka D / Saar K K,Haerteis J / Veldheer M,1,false,1,finished,2,1,False,1680007200,Daniil Glinka,True,,,R16,2023-03-28 12:40
G0BY,9,11172954,1680109500,"Trento, Singles Main, M-ITF-ITA-01A",ITF Men,Round of 32,Daniil Glinka,Sandro Kopp,2,false,2,finished,0,2,False,1680109500,Daniil Glinka,False,home,Sandro Kopp,R32,2023-03-29 17:05
G0BY,9,11172969,1680190800,"Trento, Doubles Main, M-ITF-ITA-01A",ITF Men,Quarterfinals,D. Sakellaridis / S. Sakellaridis,Glinka D / Saar K K,2,false,1,finished,0,2,False,1680190800,Daniil Glinka,True,,,QF,2023-03-30 15:40
G0BY,9,11178730,1680267000,"Trento, Doubles Main, M-ITF-ITA-01A",ITF Men,Semifinals,Glinka D / Saar K K,Little D / Whitehouse M,2,false,1,finished,0,2,False,1680267000,Daniil Glinka,True,,,SF,2023-03-31 12:50
G0BY,9,11215177,1681674600,"Morelos, Mexico, Qualifying",Challenger,Qualification round 1,Daniil Glinka,Ajeet Rai,1,false,absent,finished,2,0,False,1681674600,Daniil Glinka,False,home,Ajeet Rai,Q1,2023-04-16 19:50
G0BY,9,11217310,1681750800,"Morelos, Mexico, Qualifying",Challenger,Qualification round 1,Marius Copil,Daniil Glinka,1,false,absent,finished,2,1,False,1681750800,Daniil Glinka,False,away,Marius Copil,Q1,2023-04-17 17:00
G0BY,9,11221960,1681857900,"Morelos, Mexico, Doubles",Challenger,Round of 16,Mejia N / Urrea A,Glinka D / Saar K K,1,false,absent,finished,2,0,False,1681857900,Daniil Glinka,True,,,R16,2023-04-18 22:45
G0BY,9,11232289,1682250300,"Savannah, USA, Qualifying",Challenger,Qualification round 1,Daniil Glinka,Kyrian Jacquet,2,false,absent,finished,3,6,False,1682250300,Daniil Glinka,False,home,Kyrian Jacquet,Q1,2023-04-23 11:45
G0BY,10,10486372,1658041200,"Nur Sultan, Kazakhstan, Qualifying",Challenger,Qualification round 1,Arslanbek Aitkulov,Daniil Glinka,2,false,absent,finished,0,2,False,1658041200,Daniil Glinka,False,away,Arslanbek Aitkulov,Q1,2022-07-17 07:00
G0BY,10,10487914,1658134800,"Nur Sultan, Kazakhstan, Qualifying",Challenger,Qualification round 1,Yanki Erel,Daniil Glinka,1,false,absent,finished,2,1,False,1658134800,Daniil Glinka,False,away,Yanki Erel,Q1,2022-07-18 09:00
G0BY,10,10486382,1658322000,"Nur Sultan, Kazakhstan, Doubles",Challenger,Round of 16,Glinka D / Saar K K,Bondarevskiy Y / Zhukayev B,2,false,absent,finished,0,2,False,1658322000,Daniil Glinka,True,,,R16,2022-07-20 13:00
G0BY,10,10514291,1658817000,"Georgia F1, Singles",ITF Men,Round of 32,Evgeny Philippov,Daniil Glinka,1,false,2,finished,2,1,False,1658817000,Daniil Glinka,False,away,Evgeny Philippov,R32,2022-07-26 06:30
G0BY,10,10517184,1658921400,"Georgia F1, Doubles",ITF Men,Round of 16,Glinka D / Saar K K,Santillan A / Statham R,2,false,2,finished,1,2,False,1658921400,Daniil Glinka,True,,,R16,2022-07-27 11:30
G0BY,10,10537571,1659445500,"Georgia F2, Singles",ITF Men,Round of 32,Daniil Glinka,Yanki Erel,2,false,2,finished,1,2,False,1659445500,Daniil Glinka,False,home,Yanki Erel,R32,2022-08-02 13:05
G0BY,10,10540534,1659526500,"Georgia F2, Doubles",ITF Men,Round of 16,Glinka D / Saar K K,Leshem E / Zhukayev B,2,false,2,finished,1,2,False,1659526500,Daniil Glinka,True,,,R16,2022-08-03 11:35
G0BY,10,10554490,1660046400,"Georgia F3, Singles",ITF Men,Round of 32,Rubin Statham,Daniil Glinka,2,false,2,finished,0,2,False,1660046400,Daniil Glinka,False,away,Rubin Statham,R32,2022-08-09 12:00
G0BY,10,10557181,1660111200,"Georgia F3, Singles",ITF Men,Round of 16,Daniil Glinka,Petr Bar Biryukov,1,false,1,finished,2,1,False,1660111200,Daniil Glinka,False,home,Petr Bar Biryukov,R16,2022-08-10 06:00
G0BY,10,10559646,1660204800,"Georgia F3, Singles",ITF Men,Quarterfinals,Daniil Glinka,Yunchaokete Bu,2,false,2,finished,0,2,False,1660204800,Daniil Glinka,False,home,Yunchaokete Bu,QF,2022-08-11 08:00
G0BY,10,10586940,1660495200,"Grodzisk Mazowiecki, Poland, Qualifying",Challenger,Qualification round 1,Daniil Glinka,Luca Potenza,2,false,absent,finished,1,2,False,1660495200,Daniil Glinka,False,home,Luca Potenza,Q1,2022-08-14 16:40
G0BY,10,10645092,1661764800,"Mallorca, Spain, Qualifying",Challenger,Qualification round 1,Daniil Glinka,Miguel Damas,absent,false,absent,canceled,absent,absent,False,1661764800,Daniil Glinka,False,home,Miguel Damas,Q1,2022-08-29 09:20
G0BY,10,10646278,1661766300,"Mallorca, Spain, Qualifying",Challenger,Qualification round 1,Daniil Glinka,Szymon Walkow,1,false,absent,finished,2,0,False,1661766300,Daniil Glinka,False,home,Szymon Walkow,Q1,2022-08-29 09:45
G0BY,10,10646602,1661852700,"Mallorca, Spain, Qualifying",Challenger,Qualification round 1,Lukáš Lacko,Daniil Glinka,2,false,absent,finished,0,1,False,1661852700,Daniil Glinka,False,away,Lukáš Lacko,Q1,2022-08-30 09:45
G0BY,10,10649992,1661876400,"Mallorca, Spain, Doubles",Challenger,Round of 16,Bhambri Y / Myneni S,Glinka D / Saar K K,1,false,absent,finished,2,0,False,1661876400,Daniil Glinka,True,,,R16,2022-08-30 16:20
G0BY,10,10649828,1661959200,"Mallorca, Spain",Challenger,Round of 32,A. Menendez-Maceiras,Daniil Glinka,1,false,absent,finished,2,1,False,1661959200,Daniil Glinka,False,away,A. Menendez-Maceiras,R32,2022-08-31 15:20
G0BY,10,10678807,1662915000,"Cary, USA, Qualifying",Challenger,Qualification round 1,Daniil Glinka,Roy Smith,1,false,absent,finished,2,0,False,1662915000,Daniil Glinka,False,home,Roy Smith,Q1,2022-09-11 16:50
G0BY,10,10680418,1662998400,"Cary, USA, Qualifying",Challenger,Qualification round 1,Aidan Mayo,Daniil Glinka,2,false,absent,finished,0,2,False,1662998400,Daniil Glinka,False,away,Aidan Mayo,Q1,2022-09-12 16:00
G0BY,10,10682561,1663092000,"Cary, USA",Challenger,Round of 32,Nick Chappell,Daniil Glinka,1,false,absent,finished,2,0,False,1663092000,Daniil Glinka,False,away,Nick Chappell,R32,2022-09-13 18:00
G0BY,11,10246403,1649675400,"Nottingham, Singles Qualifying M-ITF-GBR-05A",ITF Men,Qualification,Daniil Glinka,Sean Hodkin,2,false,2,finished,1,2,False,1649675400,Daniil Glinka,False,home,Sean Hodkin,Q,2022-04-11 11:10
G0BY,11,10258627,1650198900,"Nottingham, Singles Qualifying M-ITF-GBR-06A",ITF Men,absent,Daniil Glinka,Mattias Southcombe,1,false,2,finished,2,0,False,1650198900,Daniil Glinka,False,home,Mattias Southcombe,Q,2022-04-17 12:35
G0BY,11,10260188,1650288600,"Nottingham, Singles Qualifying M-ITF-GBR-06A",ITF Men,absent,Daniil Glinka,Liam Hignett,1,false,1,finished,2,0,False,1650288600,Daniil Glinka,False,home,Liam Hignett,Q,2022-04-18 13:30
G0BY,11,10262347,1650460800,"Nottingham, Singles M-ITF-GBR-06A",ITF Men,absent,Hiroki Moriya,Daniil Glinka,1,false,1,finished,2,0,False,1650460800,Daniil Glinka,False,away,Hiroki Moriya,ABSENT,2022-04-20 13:20
G0BY,11,10273478,1650961800,"Monastir, Singles M-ITF-TUN-20A",ITF Men,absent,Gage Brymer,Daniil Glinka,2,false,absent,finished,0,2,False,1650961800,Daniil Glinka,False,away,Gage Brymer,ABSENT,2022-04-26 08:30
G0BY,11,10274237,1650978000,"Monastir, Doubles M-ITF-TUN-20A",ITF Men,absent,Ivanovski K / Schuetze C,Glinka D / Saar K K,2,false,1,finished,0,2,False,1650978000,Daniil Glinka,True,,,ABSENT,2022-04-26 13:00
G0BY,11,10278125,1651134600,"Monastir, Singles M-ITF-TUN-20A",ITF Men,absent,Daniil Glinka,Kirill Kivattsev,2,false,1,finished,0,2,False,1651134600,Daniil Glinka,False,home,Kirill Kivattsev,ABSENT,2022-04-28 08:30
G0BY,11,10276183,1651149600,"Monastir, Doubles M-ITF-TUN-20A",ITF Men,Quarterfinals,Glinka D / Saar K K,GAO X / Wang A,1,false,1,finished,2,1,False,1651149600,Daniil Glinka,True,,,QF,2022-04-28 12:40
G0BY,11,10280230,1651237200,"Monastir, Doubles M-ITF-TUN-20A",ITF Men,Semifinals,Glinka D / Saar K K,Abderrahman W / Takahashi Y,1,false,1,finished,2,0,False,1651237200,Daniil Glinka,True,,,SF,2022-04-29 13:00
G0BY,11,10282242,1651323600,"Monastir, Doubles M-ITF-TUN-20A",ITF Men,Final,Bellucci M / Iannaccone F,Glinka D / Saar K K,1,false,2,finished,2,0,False,1651323600,Daniil Glinka,True,,,F,2022-04-30 13:00
G0BY,11,10287442,1651653000,"Monastir, Singles M-ITF-TUN-21A",ITF Men,Round of 32,Daniil Glinka,Alexander Crnokrak,2,false,2,finished,1,2,False,1651653000,Daniil Glinka,False,home,Alexander Crnokrak,R32,2022-05-04 08:30
G0BY,11,10301503,1652177100,"Monastir, Singles M-ITF-TUN-22A",ITF Men,absent,Daniil Glinka,Christian Langmo,2,false,1,finished,0,2,False,1652177100,Daniil Glinka,False,home,Christian Langmo,ABSENT,2022-05-10 10:05
G0BY,11,10315573,1652889300,"Kouvola, Singles M-ITF-FIN-03A",ITF Men,Round of 32,Egor Noskin,Daniil Glinka,1,false,2,finished,2,1,False,1652889300,Daniil Glinka,False,away,Egor Noskin,R32,2022-05-18 15:55
G0BY,11,10332686,1653480600,"Monastir, Singles M-ITF-TUN-24A",ITF Men,Round of 32,Yasutaka Uchiyama,Daniil Glinka,1,false,1,finished,2,0,False,1653480600,Daniil Glinka,False,away,Yasutaka Uchiyama,R32,2022-05-25 12:10
G0BY,11,10348091,1654066800,"Vaasa, Singles Main, M-ITF-FIN-01A",ITF Men,Round of 32,Daniil Glinka,Ben Jones,1,false,2,finished,2,0,False,1654066800,Daniil Glinka,False,home,Ben Jones,R32,2022-06-01 07:00
G0BY,11,10350293,1654164600,"Vaasa, Singles Main, M-ITF-FIN-01A",ITF Men,Round of 16,Daniil Glinka,Leonid Sheyngezikht,1,false,2,finished,2,1,False,1654164600,Daniil Glinka,False,home,Leonid Sheyngezikht,R16,2022-06-02 10:10
G0BY,11,10352914,1654253400,"Vaasa, Singles Main, M-ITF-FIN-01A",ITF Men,Quarterfinals,Daniil Glinka,Luca Castelnuovo,1,false,2,finished,2,0,False,1654253400,Daniil Glinka,False,home,Luca Castelnuovo,QF,2022-06-03 10:50
G0BY,11,10354947,1654326000,"Vaasa, Singles Main, M-ITF-FIN-01A",ITF Men,Semifinals,Daniil Glinka,Karl Friberg,2,false,1,finished,0,2,False,1654326000,Daniil Glinka,False,home,Karl Friberg,SF,2022-06-04 07:00
G0BY,12,9885620,1634205900,"Monastir, Singles M-ITF-TUN-41A",ITF Men,Round of 16,Moez Echargui,Daniil Glinka,1,false,1,finished,2,0,False,1634205900,Daniil Glinka,False,away,Moez Echargui,R16,2021-10-14 10:05
G0BY,12,9896144,1634654700,"Monastir, Doubles M-ITF-TUN-42A",ITF Men,Round of 16,Glinka D / Saar K K,Reitano S / Tomasetto L,1,false,2,finished,2,0,False,1634654700,Daniil Glinka,True,,,R16,2021-10-19 14:45
G0BY,12,9896706,1634720400,"Monastir, Singles M-ITF-TUN-42A",ITF Men,Round of 32,Moerani Bouzige,Daniil Glinka,1,false,2,finished,2,0,False,1634720400,Daniil Glinka,False,away,Moerani Bouzige,R32,2021-10-20 09:00
G0BY,12,9903840,1634828700,"Monastir, Doubles M-ITF-TUN-42A",ITF Men,Quarterfinals,Glinka D / Saar K K,Cuenin S / Gueymard Wayenburg S,1,false,1,finished,2,1,False,1634828700,Daniil Glinka,True,,,QF,2021-10-21 15:05
G0BY,12,9907378,1634907600,"Monastir, Doubles M-ITF-TUN-42A",ITF Men,Semifinals,Glinka D / Saar K K,Beaupain S / Sakharov G,1,false,2,finished,2,0,False,1634907600,Daniil Glinka,True,,,SF,2021-10-22 13:00
G0BY,12,9909205,1634986800,"Monastir, Doubles M-ITF-TUN-42A",ITF Men,Final,Jović Viktor / Ouakaa A,Glinka D / Saar K K,2,false,1,finished,0,2,False,1634986800,Daniil Glinka,True,,,F,2021-10-23 11:00
G0BY,12,9915213,1635256500,"Tunisia F43, Singles",ITF Men,Round of 32,Preston Connor,Daniil Glinka,2,false,1,finished,0,2,False,1635256500,Daniil Glinka,False,away,Preston Connor,R32,2021-10-26 13:55
G0BY,12,9919524,1635417000,"Tunisia F43, Singles",ITF Men,Round of 16,Quentin Folliot,Daniil Glinka,1,false,2,finished,2,0,False,1635417000,Daniil Glinka,False,away,Quentin Folliot,R16,2021-10-28 10:30
G0BY,12,9917567,1635427500,"Monastir, Doubles, 2021 Tunisia F43, Doubles",ITF Men,Round of 16,T. Arribage / A. Garcian,Glinka D / Saar K K,1,false,2,finished,2,0,False,1635427500,Daniil Glinka,True,,,R16,2021-10-28 13:25
G0BY,12,9973003,1637676000,"Cancun, Singles M-ITF-MEX-06A",ITF Men,Round of 32,Daniil Glinka,Giles Hussey,2,false,2,finished,0,2,False,1637676000,Daniil Glinka,False,home,Giles Hussey,R32,2021-11-23 14:00
G0BY,12,9973030,1637691600,"Cancun, Doubles M-ITF-MEX-06A",ITF Men,Round of 16,Glinka D / Tamm K,Chavez A / Macias E,1,false,2,finished,2,0,False,1637691600,Daniil Glinka,True,,,R16,2021-11-23 18:20
G0BY,12,9977643,1637949600,"Cancun, Doubles M-ITF-MEX-06A",ITF Men,Quarterfinals,Glinka D / Tamm K,Kissell C / Sheehy J,2,false,2,finished,1,2,False,1637949600,Daniil Glinka,True,,,QF,2021-11-26 18:00
G0BY,12,9986888,1638460800,"Cancun, Singles M-ITF-MEX-07A",ITF Men,Round of 32,Nam Hoang Ly,Daniil Glinka,1,false,1,finished,2,0,False,1638460800,Daniil Glinka,False,away,Nam Hoang Ly,R32,2021-12-02 16:00
G0BY,12,9986891,1638560100,"Cancun, Doubles M-ITF-MEX-07A",ITF Men,Round of 16,Glinka D / Tamm K,L. Draxl / C. Harper,2,false,2,finished,0,2,False,1638560100,Daniil Glinka,True,,,R16,2021-12-03 19:35
G0BY,12,9999952,1638977400,"Mexico F8, Singles",ITF Men,Round of 32,Arklon Huertas Del Pino Cordova,Daniil Glinka,absent,false,absent,canceled,absent,absent,False,1638977400,Daniil Glinka,False,away,Arklon Huertas Del Pino Cordova,R32,2021-12-08 15:30
G0BY,12,10074474,1642505700,"Kazan, Singles M-ITF-RUS-01A",ITF Men,Round of 32,Daniil Glinka,Alibek Kachmazov,2,false,1,finished,1,2,False,1642505700,Daniil Glinka,False,home,Alibek Kachmazov,R32,2022-01-18 11:35
G0BY,13,9616462,1625731200,"Velenje, Doubles M-ITF-SLO-01A",ITF Men,Quarterfinals,Glinka D / Setkic A,Kekez D / Nincevic F,2,false,2,finished,0,2,False,1625731200,Daniil Glinka,True,,,QF,2021-07-08 08:00
G0BY,13,9641246,1626271200,"Telfs, Singles M-ITF-AUT-02A",ITF Men,Round of 32,Daniil Glinka,Philip Bachmaier,2,false,1,finished,0,2,False,1626271200,Daniil Glinka,False,home,Philip Bachmaier,R32,2021-07-14 14:00
G0BY,13,9674245,1627403700,"Castelo Branco, Doubles M-ITF-POR-09A",ITF Men,Round of 16,Ayeni A / Smith R,Glinka D / Saar K K,1,false,2,finished,2,0,False,1627403700,Daniil Glinka,True,,,R16,2021-07-27 16:35
G0BY,13,9674265,1627479000,"Castelo Branco, Singles M-ITF-POR-09A",ITF Men,Round of 32,Daniil Glinka,Jean Thirouin,2,false,1,finished,1,2,False,1627479000,Daniil Glinka,False,home,Jean Thirouin,R32,2021-07-28 13:30
G0BY,13,9694670,1628002800,"Monastir, Doubles M-ITF-TUN-31A",ITF Men,Round of 16,Moceanu N / Sheehy J,Glinka D / Saar K K,2,false,2,finished,1,2,False,1628002800,Daniil Glinka,True,,,R16,2021-08-03 15:00
G0BY,13,9700032,1628089200,"Monastir, Singles M-ITF-TUN-31A",ITF Men,Round of 32,Daniil Glinka,Adil Kalyanpur,1,false,1,finished,1,0,False,1628089200,Daniil Glinka,False,home,Adil Kalyanpur,R32,2021-08-04 15:00
G0BY,13,9692391,1628089200,"Monastir, Singles M-ITF-TUN-31A",ITF Men,Round of 32,Daniil Glinka,Naoki Tajima,absent,false,absent,canceled,absent,absent,False,1628089200,Daniil Glinka,False,home,Naoki Tajima,R32,2021-08-04 15:00
G0BY,13,9700446,1628148000,"Monastir, Singles M-ITF-TUN-31A",ITF Men,Round of 16,Dusty H Boyer,Daniil Glinka,2,false,1,finished,0,2,False,1628148000,Daniil Glinka,False,away,Dusty H Boyer,R16,2021-08-05 07:20
G0BY,13,9698623,1628179200,"Monastir, Doubles M-ITF-TUN-31A",ITF Men,Quarterfinals,Deckers A / Pearson K,Glinka D / Saar K K,2,false,2,finished,1,2,False,1628179200,Daniil Glinka,True,,,QF,2021-08-05 16:00
G0BY,13,9701433,1628235000,"Monastir, Singles M-ITF-TUN-31A",ITF Men,Quarterfinals,Daniil Glinka,Coleman Wong,1,false,1,finished,2,1,False,1628235000,Daniil Glinka,False,home,Coleman Wong,QF,2021-08-06 07:30
G0BY,13,9701828,1628265600,"Monastir, Doubles M-ITF-TUN-31A",ITF Men,Semifinals,Glinka D / Saar K K,Ichikawa T / Watanabe S,2,false,2,finished,0,2,False,1628265600,Daniil Glinka,True,,,SF,2021-08-06 16:00
G0BY,13,9702515,1628321400,"Monastir, Singles M-ITF-TUN-31A",ITF Men,Semifinals,Daniil Glinka,Mattia Bellucci,2,false,2,finished,0,2,False,1628321400,Daniil Glinka,False,home,Mattia Bellucci,SF,2021-08-07 07:30
G0BY,13,9704727,1628411400,"Monastir, Singles Qualifying M-ITF-TUN-32A",ITF Men,Qualification,Daniil Glinka,Duarte Vale,1,false,absent,finished,2,1,False,1628411400,Daniil Glinka,False,home,Duarte Vale,Q,2021-08-08 08:30
G0BY,13,9707572,1628494200,"Monastir, Singles Qualifying M-ITF-TUN-32A",ITF Men,Qualification,Daniil Glinka,Boopathy Sakthivel,1,false,absent,finished,2,0,False,1628494200,Daniil Glinka,False,home,Boopathy Sakthivel,Q,2021-08-09 07:30
G0BY,13,9708933,1628580600,"Monastir, Singles Qualifying M-ITF-TUN-32A",ITF Men,Qualification,Daniil Glinka,Drew Baird,1,false,absent,finished,2,0,False,1628580600,Daniil Glinka,False,home,Drew Baird,Q,2021-08-10 07:30
G0BY,13,9710175,1628667000,"Monastir, Singles M-ITF-TUN-32A",ITF Men,Round of 32,Daniil Glinka,Santiago Rodriguez Taverna,2,false,2,finished,0,2,False,1628667000,Daniil Glinka,False,home,Santiago Rodriguez Taverna,R32,2021-08-11 07:30
G0BY,13,9725776,1629189000,"Monastir, Singles M-ITF-TUN-33A",ITF Men,Round of 32,Gage Brymer,Daniil Glinka,absent,false,absent,canceled,absent,absent,False,1629189000,Daniil Glinka,False,away,Gage Brymer,R32,2021-08-17 08:30
G0BY,13,9715181,1630195200,"Saint Tropez, France, Qualifying",Challenger,Round of 16,Tennyson Whiting,Daniil Glinka,2,false,absent,finished,0,2,False,1630195200,Daniil Glinka,False,away,Tennyson Whiting,Q,2021-08-29 00:00
G0BY,14,9467200,1618405800,"St. Petersburg, Singles M-ITF-RUS-04A",ITF Men,Round of 32,J. Šátral,Daniil Glinka,2,false,1,finished,0,2,False,1618405800,Daniil Glinka,False,away,J. Šátral,R32,2021-04-14 13:10
G0BY,14,9469403,1618477200,"St. Petersburg, Singles M-ITF-RUS-04A",ITF Men,Round of 16,Daniil Glinka,Marat Sharipov,2,false,absent,finished,0,2,False,1618477200,Daniil Glinka,False,home,Marat Sharipov,R16,2021-04-15 09:00
G0BY,14,9474837,1618729200,"Antalya, Singles Qualifying M-ITF-TUR-16A",ITF Men,Qualification,O. Seong-Gook,Daniil Glinka,2,false,absent,finished,0,2,False,1618729200,Daniil Glinka,False,away,O. Seong-Gook,Q,2021-04-18 07:00
G0BY,14,9476026,1618822800,"Antalya, Singles Qualifying M-ITF-TUR-16A",ITF Men,Qualification,Mathys Erhard,Daniil Glinka,1,false,absent,finished,2,1,False,1618822800,Daniil Glinka,False,away,Mathys Erhard,Q,2021-04-19 09:00
G0BY,14,9488814,1619334000,"Antalya, Singles Qualifying M-ITF-TUR-17A",ITF Men,Qualification,Keisuke Saitoh,Daniil Glinka,2,false,absent,finished,0,2,False,1619334000,Daniil Glinka,False,away,Keisuke Saitoh,Q,2021-04-25 07:00
G0BY,14,9490225,1619427600,"Antalya, Singles Qualifying M-ITF-TUR-17A",ITF Men,Qualification,Denis Parshutin,Daniil Glinka,2,false,absent,finished,0,2,False,1619427600,Daniil Glinka,False,away,Denis Parshutin,Q,2021-04-26 09:00
G0BY,14,9492000,1619514000,"Antalya, Singles Qualifying M-ITF-TUR-17A",ITF Men,Qualification,Paul Woerner,Daniil Glinka,2,false,absent,finished,1,2,False,1619514000,Daniil Glinka,False,away,Paul Woerner,Q,2021-04-27 09:00
G0BY,14,9493854,1619604600,"Antalya, Singles M-ITF-TUR-17A",ITF Men,Round of 32,Daniil Glinka,Jeroen Vanneste,2,false,2,finished,0,2,False,1619604600,Daniil Glinka,False,home,Jeroen Vanneste,R32,2021-04-28 10:10
G0BY,14,9500784,1619935200,"Antalya, Singles Qualifying M-ITF-TUR-18A",ITF Men,Qualification,S Mert Ozdemir,Daniil Glinka,2,false,absent,finished,0,2,False,1619935200,Daniil Glinka,False,away,S Mert Ozdemir,Q,2021-05-02 06:00
G0BY,14,9502108,1620025200,"Antalya, Singles Qualifying M-ITF-TUR-18A",ITF Men,Qualification,Matthew Dellavedova,Daniil Glinka,2,false,absent,finished,0,2,False,1620025200,Daniil Glinka,False,away,Matthew Dellavedova,Q,2021-05-03 07:00
G0BY,14,9503708,1620111600,"Antalya, Singles Qualifying M-ITF-TUR-18A",ITF Men,Qualification,Edoardo Eremin,Daniil Glinka,1,false,absent,finished,2,0,False,1620111600,Daniil Glinka,False,away,Edoardo Eremin,Q,2021-05-04 07:00
G0BY,14,9505563,1620217800,"Antalya, Doubles M-ITF-TUR-18A",ITF Men,Round of 16,Glinka D / Tkemaladze Z,Kopp S / Veldheer M,2,false,1,finished,0,2,False,1620217800,Daniil Glinka,True,,,R16,2021-05-05 12:30
G0BY,14,9511783,1620543600,"Antalya, Singles Qualifying M-ITF-TUR-19A",ITF Men,Qualification,Daniel Antonio Nunez,Daniil Glinka,1,false,absent,finished,2,0,False,1620543600,Daniil Glinka,False,away,Daniel Antonio Nunez,Q,2021-05-09 07:00
G0BY,14,9515037,1620729000,"Antalya, Doubles M-ITF-TUR-19A",ITF Men,Round of 16,Glinka D / Tkemaladze Z,Friberg K / Yitbarek S,2,false,2,finished,0,2,False,1620729000,Daniil Glinka,True,,,R16,2021-05-11 10:30
G0BY,14,9523754,1621148400,"Antalya, Singles Qualifying M-ITF-TUR-20A",ITF Men,Qualification,Daniil Glinka,Bader Alabdullah,1,false,absent,finished,2,0,False,1621148400,Daniil Glinka,False,home,Bader Alabdullah,Q,2021-05-16 07:00
G0BY,14,9524768,1621234800,"Antalya, Singles Qualifying M-ITF-TUR-20A",ITF Men,Qualification,Daniil Glinka,Adil Karimov,1,false,absent,finished,2,0,False,1621234800,Daniil Glinka,False,home,Adil Karimov,Q,2021-05-17 07:00
G0BY,14,9527143,1621321200,"Antalya, Singles Qualifying M-ITF-TUR-20A",ITF Men,Qualification,Daniil Glinka,Jose Pereira,2,false,absent,finished,0,2,False,1621321200,Daniil Glinka,False,home,Jose Pereira,Q,2021-05-18 07:00
G0BY,14,9527141,1621335600,"Antalya, Doubles M-ITF-TUR-20A",ITF Men,Round of 16,Carou I / Navone M,Glinka D / Ilhan M,1,false,1,finished,2,0,False,1621335600,Daniil Glinka,True,,,R16,2021-05-18 11:00
G0BY,14,9527155,1621382400,"Antalya, Singles M-ITF-TUR-20A",ITF Men,Round of 32,Cezar Cretu,Daniil Glinka,1,false,2,finished,absent,absent,False,1621382400,Daniil Glinka,False,away,Cezar Cretu,R32,2021-05-19 00:00
G0BY,15,9036710,1601199000,"Monastir, Singles Qualifying M-ITF-TUN-31A",ITF Men,Qualification,Oscar Weightman,Daniil Glinka,2,false,absent,finished,0,2,False,1601199000,Daniil Glinka,False,away,Oscar Weightman,Q,2020-09-27 09:30
G0BY,15,9110259,1602662400,"Monastir, Singles M-ITF-TUN-33A",ITF Men,Round of 32,Oscar Moraing,Daniil Glinka,2,false,2,finished,1,2,False,1602662400,Daniil Glinka,False,away,Oscar Moraing,R32,2020-10-14 08:00
G0BY,15,9112179,1602680100,"Monastir, Doubles M-ITF-TUN-33A",ITF Men,Round of 16,Ghorbel A / Ouakaa A,Glinka D / Saar K K,2,false,1,finished,1,2,False,1602680100,Daniil Glinka,True,,,R16,2020-10-14 12:55
G0BY,15,9113601,1602748500,"Monastir, Singles M-ITF-TUN-33A",ITF Men,Round of 16,Laurynas Grigelis,Daniil Glinka,1,false,2,finished,2,0,False,1602748500,Daniil Glinka,False,away,Laurynas Grigelis,R16,2020-10-15 07:55
G0BY,15,9113733,1602768600,"Monastir, Doubles M-ITF-TUN-33A",ITF Men,Quarterfinals,Glinka D / Saar K K,Ivanov V / Kachmazov A,2,false,1,finished,1,2,False,1602768600,Daniil Glinka,True,,,QF,2020-10-15 13:30
G0BY,15,9124700,1603192500,"Monastir, Doubles M-ITF-TUN-34A",ITF Men,Round of 16,Glinka D / Saar K K,Galus P / Yamanaka T,1,false,1,finished,2,0,False,1603192500,Daniil Glinka,True,,,R16,2020-10-20 11:15
G0BY,15,9124715,1603277100,"Monastir, Singles M-ITF-TUN-34A",ITF Men,Round of 32,Daniil Glinka,Skander Mansouri,1,false,2,finished,2,1,False,1603277100,Daniil Glinka,False,home,Skander Mansouri,R32,2020-10-21 10:45
G0BY,15,9128438,1603353600,"Monastir, Singles M-ITF-TUN-34A",ITF Men,Round of 16,Kristjan Tamm,Daniil Glinka,2,false,2,finished,0,2,False,1603353600,Daniil Glinka,False,away,Kristjan Tamm,R16,2020-10-22 08:00
G0BY,15,9126071,1603374000,"Monastir, Doubles M-ITF-TUN-34A",ITF Men,Quarterfinals,Dougaz A / Mansouri S,Glinka D / Saar K K,1,false,2,finished,2,0,False,1603374000,Daniil Glinka,True,,,QF,2020-10-22 13:40
G0BY,15,9130410,1603447800,"Monastir, Singles M-ITF-TUN-34A",ITF Men,Quarterfinals,Oscar Weightman,Daniil Glinka,2,false,2,finished,0,2,False,1603447800,Daniil Glinka,False,away,Oscar Weightman,QF,2020-10-23 10:10
G0BY,15,9132332,1603528200,"Monastir, Singles M-ITF-TUN-34A",ITF Men,Semifinals,Wojciech Marek,Daniil Glinka,1,false,2,finished,2,0,False,1603528200,Daniil Glinka,False,away,Wojciech Marek,SF,2020-10-24 08:30
G0BY,15,9149382,1604390400,"Estonia F1, Singles",ITF Men,Round of 32,Daniil Glinka,Siim Troost,1,false,2,finished,2,0,False,1604390400,Daniil Glinka,False,home,Siim Troost,R32,2020-11-03 08:00
G0BY,15,9149516,1604406600,"Parnu, Doubles, 2020 Estonia F1, Doubles",ITF Men,Round of 16,Glinka D / Raisma K,Loncar S / Renard L,1,false,2,finished,2,0,False,1604406600,Daniil Glinka,True,,,R16,2020-11-03 12:30
G0BY,15,9152829,1604563200,"Estonia F1, Singles",ITF Men,Round of 16,Daniil Glinka,Mick Veldheer,2,false,1,finished,0,2,False,1604563200,Daniil Glinka,False,home,Mick Veldheer,R16,2020-11-05 08:00
G0BY,15,9153396,1604588400,"Parnu, Doubles, 2020 Estonia F1, Doubles",ITF Men,Quarterfinals,Burdet A / Riedi L,Glinka D / Raisma K,2,false,2,finished,1,2,False,1604588400,Daniil Glinka,True,,,QF,2020-11-05 15:00
G0BY,15,9155064,1604671200,"Parnu, Doubles, 2020 Estonia F1, Doubles",ITF Men,Semifinals,Seeman J / Troost S,Glinka D / Raisma K,1,false,1,finished,2,1,False,1604671200,Daniil Glinka,True,,,SF,2020-11-06 14:00
G0BY,15,9162451,1612051200,"St. Petersburg, Singles Qualifying M-ITF-RUS-01A",ITF Men,Qualification,Daniil Glinka,Vasily Sulima,1,false,1,finished,2,1,False,1612051200,Daniil Glinka,False,home,Vasily Sulima,Q,2021-01-31 00:00
G0BY,16,8521476,1576174800,"Doha, Doubles M-ITF-QAT-05A",ITF Men,Quarterfinals,Glinka D / Krutykh O,Moundir A / Noguchi R,2,false,1,finished,1,2,False,1576174800,Daniil Glinka,True,,,QF,2019-12-12 18:20
G0BY,16,8523666,1576675800,"Doha, Singles M-ITF-QAT-06A",ITF Men,Round of 32,Daniil Glinka,Danylo Kalenichenko,2,false,1,finished,0,2,False,1576675800,Daniil Glinka,False,home,Danylo Kalenichenko,R32,2019-12-18 13:30
G0BY,16,8575886,1581235200,"Sharm El Sheikh, Singles Qualifying M-ITF-EGY-05A",ITF Men,Qualification,Daniil Glinka,Denis Parshutin,1,false,absent,finished,2,0,False,1581235200,Daniil Glinka,False,home,Denis Parshutin,Q,2020-02-09 08:00
G0BY,16,8576559,1581321600,"Sharm El Sheikh, Singles Qualifying M-ITF-EGY-05A",ITF Men,Qualification,Daniil Glinka,Oleksandr Ovcharenko,2,false,absent,finished,0,2,False,1581321600,Daniil Glinka,False,home,Oleksandr Ovcharenko,Q,2020-02-10 08:00
G0BY,16,8583779,1582113600,"Sharm El Sheikh, Singles M-ITF-EGY-06A",ITF Men,Round of 32,Daniil Glinka,Ryota Tanuma,1,false,2,finished,2,0,False,1582113600,Daniil Glinka,False,home,Ryota Tanuma,R32,2020-02-19 12:00
G0BY,16,8586618,1582191900,"Sharm El Sheikh, Singles M-ITF-EGY-06A",ITF Men,Round of 16,Aryan Goveas,Daniil Glinka,2,false,1,finished,0,2,False,1582191900,Daniil Glinka,False,away,Aryan Goveas,R16,2020-02-20 09:45
G0BY,16,8587819,1582272000,"Sharm El Sheikh, Singles M-ITF-EGY-06A",ITF Men,Quarterfinals,R. Staněk,Daniil Glinka,1,false,2,finished,2,0,False,1582272000,Daniil Glinka,False,away,R. Staněk,QF,2020-02-21 08:00
G0BY,16,8604416,1583577900,"Davis Cup Single Matches, Group I-V",Davis Cup,Qualification,Nikoloz Davlianidze,Daniil Glinka,2,false,2,finished,1,2,False,1583577900,Daniil Glinka,False,away,Nikoloz Davlianidze,Q,2020-03-07 10:45
G0BY,16,8606695,1583858400,"Doha, Doubles M-ITF-QAT-01A",ITF Men,Round of 16,Kunsuwan N / Wattanakul P,Glinka D / Taylor S,2,false,absent,finished,1,2,False,1583858400,Daniil Glinka,True,,,R16,2020-03-10 16:40
G0BY,16,8607731,1583934900,"Doha, Singles M-ITF-QAT-01A",ITF Men,Round of 32,Daniil Glinka,Natthasith Kunsuwan,1,false,2,finished,2,1,False,1583934900,Daniil Glinka,False,home,Natthasith Kunsuwan,R32,2020-03-11 13:55
G0BY,16,8608554,1584014100,"Doha, Singles M-ITF-QAT-01A",ITF Men,Round of 16,Schmitz Constantin,Daniil Glinka,1,false,1,finished,2,0,False,1584014100,Daniil Glinka,False,away,Schmitz Constantin,R16,2020-03-12 11:55
G0BY,16,8608039,1584025800,"Doha, Doubles M-ITF-QAT-01A",ITF Men,Quarterfinals,Khan S / Zayed M S,Glinka D / Taylor S,1,false,1,finished,2,0,False,1584025800,Daniil Glinka,True,,,QF,2020-03-12 15:10
G0BY,16,8853759,1597654800,"Vogau, Singles Qualifying M-ITF-AUT-05A",ITF Men,Qualification,Alexander Erler,Daniil Glinka,1,false,absent,finished,2,0,False,1597654800,Daniil Glinka,False,away,Alexander Erler,Q,2020-08-17 09:00
G0BY,16,8904488,1598166000,"Anif, Singles Qualifying M-ITF-AUT-06A",ITF Men,Qualification,Dean Thurner,Daniil Glinka,2,false,absent,finished,0,2,False,1598166000,Daniil Glinka,False,away,Dean Thurner,Q,2020-08-23 07:00
G0BY,16,8905438,1598184000,"Anif, Singles Qualifying M-ITF-AUT-06A",ITF Men,Qualification,Tim Heger,Daniil Glinka,1,false,absent,finished,2,0,False,1598184000,Daniil Glinka,False,away,Tim Heger,Q,2020-08-23 12:00
G0BY,16,8906446,1598283300,"German Masters Series, Singles",Exhibition,absent,Inigo Cervantes,Daniil Glinka,1,false,1,finished,2,0,False,1598283300,Daniil Glinka,False,away,Inigo Cervantes,ABSENT,2020-08-24 15:35
G0BY,16,8908274,1598342400,"German Masters Series, Singles",Exhibition,absent,Daniil Glinka,Sebastian Gima,1,false,2,finished,2,1,False,1598342400,Daniil Glinka,False,home,Sebastian Gima,ABSENT,2020-08-25 08:00
G0BY,16,8910455,1598448900,"German Masters Series, Singles",Exhibition,absent,Altug Celikbilek,Daniil Glinka,1,false,2,finished,2,1,False,1598448900,Daniil Glinka,False,away,Altug Celikbilek,ABSENT,2020-08-26 13:35
G0BY,16,8913042,1598515200,"German Masters Series, Singles",Exhibition,absent,Peter Torebko,Daniil Glinka,1,false,1,finished,2,1,False,1598515200,Daniil Glinka,False,away,Peter Torebko,ABSENT,2020-08-27 08:00
G0BY,17,8355283,1565593200,"Moscow, Singles Qualifying M-ITF-RUS-03A",ITF Men,Qualification,Timur Kiuamov,Daniil Glinka,1,false,absent,finished,2,0,False,1565593200,Daniil Glinka,False,away,Timur Kiuamov,Q,2019-08-12 07:00
G0BY,17,8365076,1566205200,"Moscow, Singles Qualifying M-ITF-RUS-04A",ITF Men,Qualification,Aleksandr Myagkov,Daniil Glinka,2,false,absent,finished,0,2,False,1566205200,Daniil Glinka,False,away,Aleksandr Myagkov,Q,2019-08-19 09:00
G0BY,17,8367290,1566284400,"Moscow, Singles Qualifying M-ITF-RUS-04A",ITF Men,Qualification,Mikhail Sokolovskiy,Daniil Glinka,1,false,absent,finished,2,1,False,1566284400,Daniil Glinka,False,away,Mikhail Sokolovskiy,Q,2019-08-20 07:00
G0BY,17,8368078,1566377100,"Moscow, Singles M-ITF-RUS-04A",ITF Men,Round of 32,Egor Agafonov,Daniil Glinka,2,false,2,finished,0,2,False,1566377100,Daniil Glinka,False,away,Egor Agafonov,R32,2019-08-21 08:45
G0BY,17,8372467,1566457200,"Moscow, Singles M-ITF-RUS-04A",ITF Men,Round of 16,Daniil Glinka,Alessandro Procopio,1,false,1,finished,2,0,False,1566457200,Daniil Glinka,False,home,Alessandro Procopio,R16,2019-08-22 07:00
G0BY,17,8373506,1566552000,"Moscow, Singles M-ITF-RUS-04A",ITF Men,Quarterfinals,Konstantin Kravchuk,Daniil Glinka,1,false,2,finished,2,0,False,1566552000,Daniil Glinka,False,away,Konstantin Kravchuk,QF,2019-08-23 09:20
G0BY,17,8394317,1567440000,"Tabarka, Singles Qualifying M-ITF-TUN-35A",ITF Men,Qualification,Leonardo Catani,Daniil Glinka,1,false,absent,finished,2,0,False,1567440000,Daniil Glinka,False,away,Leonardo Catani,Q,2019-09-02 16:00
G0BY,17,8411279,1568619000,"Pajulahti, Singles Qualifying M-ITF-FIN-02A",ITF Men,Qualification,Daniil Glinka,Ville Perkkola,1,false,absent,finished,2,0,False,1568619000,Daniil Glinka,False,home,Ville Perkkola,Q,2019-09-16 07:30
G0BY,17,8412305,1568705400,"Pajulahti, Singles Qualifying M-ITF-FIN-02A",ITF Men,Qualification,Daniil Glinka,Ville-Petteri Ahti,1,false,2,finished,2,0,False,1568705400,Daniil Glinka,False,home,Ville-Petteri Ahti,Q,2019-09-17 07:30
G0BY,17,8413641,1568791800,"Pajulahti, Singles M-ITF-FIN-02A",ITF Men,Round of 32,Maxim Ratniuk,Daniil Glinka,1,false,2,finished,2,1,False,1568791800,Daniil Glinka,False,away,Maxim Ratniuk,R32,2019-09-18 07:30
G0BY,17,8422747,1569229200,"Stockholm, Singles Qualifying M-ITF-SWE-05A",ITF Men,Qualification,Daniil Glinka,Masi Sarpola,2,false,1,finished,1,2,False,1569229200,Daniil Glinka,False,home,Masi Sarpola,Q,2019-09-23 09:00
G0BY,17,8432432,1569744000,"Falun, Singles Qualifying M-ITF-SWE-04A",ITF Men,Qualification,Daniil Glinka,Oliver Johansson,1,false,absent,finished,2,0,False,1569744000,Daniil Glinka,False,home,Oliver Johansson,Q,2019-09-29 08:00
G0BY,17,8433690,1569837000,"Falun, Singles Qualifying M-ITF-SWE-04A",ITF Men,Qualification,Daniil Glinka,Arslanbek Temirhanov,1,false,2,finished,2,0,False,1569837000,Daniil Glinka,False,home,Arslanbek Temirhanov,Q,2019-09-30 09:50
G0BY,17,8434519,1569933600,"Falun, Singles M-ITF-SWE-04A",ITF Men,Round of 32,Baptiste Crepatte,Daniil Glinka,2,false,1,finished,1,2,False,1569933600,Daniil Glinka,False,away,Baptiste Crepatte,R32,2019-10-01 12:40
G0BY,17,8440905,1570020600,"Falun, Singles M-ITF-SWE-04A",ITF Men,Round of 16,Daniil Glinka,Sandro Kopp,1,false,2,finished,2,0,False,1570020600,Daniil Glinka,False,home,Sandro Kopp,R16,2019-10-02 12:50
G0BY,17,8444634,1570110600,"Falun, Singles M-ITF-SWE-04A",ITF Men,Quarterfinals,Daniil Glinka,Patrik Niklas-Salminen,2,false,2,finished,0,2,False,1570110600,Daniil Glinka,False,home,Patrik Niklas-Salminen,QF,2019-10-03 13:50
G0BY,17,8456426,1571040000,"Olomouc, Singles Qualifying M-ITF-CZE-07A",ITF Men,Qualification,Daniil Glinka,Vitek Horak,1,false,absent,finished,2,1,False,1571040000,Daniil Glinka,False,home,Vitek Horak,Q,2019-10-14 08:00
G0BY,17,8457690,1571132700,"Olomouc, Singles Qualifying M-ITF-CZE-07A",ITF Men,Qualification,Daniil Glinka,Antonín Bolardt,1,false,1,finished,2,0,False,1571132700,Daniil Glinka,False,home,Antonín Bolardt,Q,2019-10-15 09:45
G0BY,17,8458394,1571228400,"Olomouc, Singles M-ITF-CZE-07A",ITF Men,Round of 32,Daniil Glinka,Elmar Ejupovic,2,false,1,finished,1,2,False,1571228400,Daniil Glinka,False,home,Elmar Ejupovic,R32,2019-10-16 12:20
G0BY,17,8468965,1572360000,"Parnu, Singles M-ITF-EST-02A",ITF Men,Round of 32,Daniil Glinka,Dan Added,1,false,1,finished,2,1,False,1572360000,Daniil Glinka,False,home,Dan Added,R32,2019-10-29 14:40
G0BY,17,8469266,1572380400,"Parnu, Doubles M-ITF-EST-02A",ITF Men,Round of 16,Parko C B / Suvi K,Glinka D / Jebawy M,2,false,2,finished,1,2,False,1572380400,Daniil Glinka,True,,,R16,2019-10-29 20:20
G0BY,18,8212160,1557243000,"Sozopol, Doubles M-ITF-BUL-01A",ITF Men,Round of 16,Glinka D / Raisma K,Elbaz S / Tamar G,1,false,2,finished,2,0,False,1557243000,Daniil Glinka,True,,,R16,2019-05-07 15:30
G0BY,18,8213220,1557308100,"Sozopol, Singles M-ITF-BUL-01A",ITF Men,Round of 32,Daniil Glinka,Michael Gloeckler,2,false,1,finished,1,2,False,1557308100,Daniil Glinka,False,home,Michael Gloeckler,R32,2019-05-08 09:35
G0BY,18,8214104,1557404400,"Sozopol, Doubles M-ITF-BUL-01A",ITF Men,Quarterfinals,Glinka D / Raisma K,Dimitrov M / Nedev D,2,false,absent,finished,absent,absent,False,1557404400,Daniil Glinka,True,,,QF,2019-05-09 12:20
G0BY,18,8222223,1558339200,"Brcko, Singles Qualifying M-ITF-BIH-03A",ITF Men,Qualification,Aleksa Bucan,Daniil Glinka,2,false,absent,finished,0,2,False,1558339200,Daniil Glinka,False,away,Aleksa Bucan,Q,2019-05-20 08:00
G0BY,18,8223038,1558425600,"Brcko, Singles Qualifying M-ITF-BIH-03A",ITF Men,Qualification,L. Čelebi​ć,Daniil Glinka,1,false,2,finished,2,0,False,1558425600,Daniil Glinka,False,away,L. Čelebi​ć,Q,2019-05-21 08:00
G0BY,18,8223826,1558516800,"Brcko, Singles M-ITF-BIH-03A",ITF Men,Round of 32,David Pichler,Daniil Glinka,1,false,1,finished,2,0,False,1558516800,Daniil Glinka,False,away,David Pichler,R32,2019-05-22 09:20
G0BY,18,8223050,1558542900,"Brcko, Doubles M-ITF-BIH-03A",ITF Men,Round of 16,Celebic L / Drinic M,Glinka D / Raisma K,2,false,1,finished,0,1,False,1558542900,Daniil Glinka,True,,,R16,2019-05-22 16:35
G0BY,18,8225076,1558630200,"Brcko, Doubles M-ITF-BIH-03A",ITF Men,Quarterfinals,Pichler D / Podzus M,Glinka D / Raisma K,2,false,1,finished,0,2,False,1558630200,Daniil Glinka,True,,,QF,2019-05-23 16:50
G0BY,18,8226056,1558710000,"Brcko, Doubles M-ITF-BIH-03A",ITF Men,Semifinals,Ficovich J P / Gutierrez O J,Glinka D / Raisma K,2,false,1,finished,0,2,False,1558710000,Daniil Glinka,True,,,SF,2019-05-24 15:00
G0BY,18,8226187,1558791000,"Brcko, Doubles M-ITF-BIH-03A",ITF Men,Final,Glinka D / Raisma K,Faivre P / Tchoutakian M,1,false,1,finished,2,1,False,1558791000,Daniil Glinka,True,,,F,2019-05-25 13:30
G0BY,18,8227601,1558958400,"Kiseljak, Singles Qualifying M-ITF-BIH-04A",ITF Men,Qualification,Andres Dellatorre,Daniil Glinka,2,false,absent,finished,0,2,False,1558958400,Daniil Glinka,False,away,Andres Dellatorre,Q,2019-05-27 12:00
G0BY,18,8228296,1559031000,"Kiseljak, Singles Qualifying M-ITF-BIH-04A",ITF Men,Qualification,Keivon Tabrizi,Daniil Glinka,2,false,2,finished,0,2,False,1559031000,Daniil Glinka,False,away,Keivon Tabrizi,Q,2019-05-28 08:10
G0BY,18,8228298,1559052000,"Kiseljak, Doubles M-ITF-BIH-04A",ITF Men,Round of 16,Jankovic L / Stojanovic L,Glinka D / Raisma K,2,false,1,finished,0,2,False,1559052000,Daniil Glinka,True,,,R16,2019-05-28 14:00
G0BY,18,8229141,1559199600,"Kiseljak, Singles M-ITF-BIH-04A",ITF Men,Round of 32,Daniil Glinka,Domagoj Bilješko,2,false,2,finished,1,2,False,1559199600,Daniil Glinka,False,home,Domagoj Bilješko,R32,2019-05-30 07:00
G0BY,18,8230026,1559219400,"Kiseljak, Doubles M-ITF-BIH-04A",ITF Men,Quarterfinals,Glinka D / Raisma K,Cerundolo F / Sorgi J,2,false,1,finished,0,2,False,1559219400,Daniil Glinka,True,,,QF,2019-05-30 12:30
G0BY,18,8232434,1559556000,"Plovdiv, Singles Qualifying M-ITF-BUL-03A",ITF Men,Qualification,Daniil Glinka,Besir Durguti,1,false,absent,finished,2,0,False,1559556000,Daniil Glinka,False,home,Besir Durguti,Q,2019-06-03 10:00
G0BY,19,7974920,1536571800,"Great Britain F4, Singles Qualifying",ITF Men,Qualification,Daniil Glinka,J. Newman-Billington,2,false,absent,finished,0,2,False,1536571800,Daniil Glinka,False,home,J. Newman-Billington,Q,2018-09-10 09:30
G0BY,19,7976586,1536684600,"Great Britain F4, Doubles",ITF Men,Round of 16,Glinka D / Saar K K,Rosenzweig N / Whitehouse M,1,false,1,finished,2,0,False,1536684600,Daniil Glinka,True,,,R16,2018-09-11 16:50
G0BY,19,7977747,1536758700,"Great Britain F4, Doubles",ITF Men,Quarterfinals,Glinka D / Saar K K,Cannell J / Frawley J,1,false,1,finished,2,0,False,1536758700,Daniil Glinka,True,,,QF,2018-09-12 13:25
G0BY,19,7978327,1536844500,"Great Britain F4, Doubles",ITF Men,Semifinals,Glinka D / Saar K K,Harris B / Jones B,1,false,2,finished,2,1,False,1536844500,Daniil Glinka,True,,,SF,2018-09-13 13:15
G0BY,19,7980106,1536932700,"Great Britain F4, Doubles",ITF Men,Final,Binding J / Duncan S,Glinka D / Saar K K,1,false,2,finished,2,0,False,1536932700,Daniil Glinka,True,,,F,2018-09-14 13:45
G0BY,19,8003745,1538301600,"Egypt F21, Singles Qualifying",ITF Men,Qualification,Daniil Glinka,Kevin Portmann,1,false,absent,finished,2,0,False,1538301600,Daniil Glinka,False,home,Kevin Portmann,Q,2018-09-30 10:00
G0BY,19,8004458,1538388000,"Egypt F21, Singles Qualifying",ITF Men,Qualification,Michal Mikula,Daniil Glinka,2,false,absent,finished,0,2,False,1538388000,Daniil Glinka,False,away,Michal Mikula,Q,2018-10-01 10:00
G0BY,19,8006249,1538476200,"Egypt F21, Doubles",ITF Men,Round of 16,Glinka D / Saar K K,Dias F / Vidal Azorin J F,1,false,2,finished,2,0,False,1538476200,Daniil Glinka,True,,,R16,2018-10-02 10:30
G0BY,19,8006256,1538558400,"Egypt F21, Singles",ITF Men,Round of 32,Daniil Glinka,Aleksei Khomich,1,false,2,finished,2,0,False,1538558400,Daniil Glinka,False,home,Aleksei Khomich,R32,2018-10-03 09:20
G0BY,19,8009405,1538640000,"Egypt F21, Singles",ITF Men,Round of 16,Marek Gengel,Daniil Glinka,1,false,2,finished,2,0,False,1538640000,Daniil Glinka,False,away,Marek Gengel,R16,2018-10-04 08:00
G0BY,19,8008849,1538654700,"Egypt F21, Doubles",ITF Men,Quarterfinals,Chaudhry S / Guerrero J,Glinka D / Saar K K,2,false,2,finished,0,2,False,1538654700,Daniil Glinka,True,,,QF,2018-10-04 12:05
G0BY,19,8011380,1538740800,"Egypt F21, Doubles",ITF Men,Semifinals,Brugnerotto M / Perez Sanz D,Glinka D / Saar K K,1,false,2,finished,2,1,False,1538740800,Daniil Glinka,True,,,SF,2018-10-05 12:00
G0BY,19,8012161,1538812800,"Egypt F22, Singles Qualifying",ITF Men,Qualification,Vladyslav Gorodynskyi,Daniil Glinka,2,false,absent,finished,0,2,False,1538812800,Daniil Glinka,False,away,Vladyslav Gorodynskyi,Q,2018-10-06 08:00
G0BY,19,8013642,1538899200,"Egypt F22, Singles Qualifying",ITF Men,Qualification,Daniil Glinka,Muhammad Ragy,1,false,absent,finished,2,0,False,1538899200,Daniil Glinka,False,home,Muhammad Ragy,Q,2018-10-07 08:00
G0BY,19,8014622,1538985600,"Egypt F22, Singles Qualifying",ITF Men,Qualification,Tom Pisane,Daniil Glinka,1,false,absent,finished,2,0,False,1538985600,Daniil Glinka,False,away,Tom Pisane,Q,2018-10-08 08:00
G0BY,19,8016003,1539088800,"Egypt F22, Doubles",ITF Men,Round of 16,Glinka D / Saar K K,Bass F / Pauffley N,1,false,1,finished,2,0,False,1539088800,Daniil Glinka,True,,,R16,2018-10-09 12:40
G0BY,19,8017329,1539174000,"Egypt F22, Doubles",ITF Men,Quarterfinals,Wojcik Y / Zuk K,Glinka D / Saar K K,2,false,2,finished,0,2,False,1539174000,Daniil Glinka,True,,,QF,2018-10-10 12:20
G0BY,20,6942338,1446287400,"Estonia F3, Singles Qualifying",ITF Men,Qualification,Christian Hirschmueller,Daniil Glinka,1,false,absent,finished,2,0,False,1446287400,Daniil Glinka,False,away,Christian Hirschmueller,Q,2015-10-31 10:30
G0BY,20,7266318,1477737000,"Estonia F3, Singles Qualifying",ITF Men,Qualification,Bart Stevens,Daniil Glinka,absent,false,absent,canceled,absent,absent,False,1477737000,Daniil Glinka,False,away,Bart Stevens,Q,2016-10-29 10:30
G0BY,20,7272305,1478473200,"Estonia F4, Doubles",ITF Men,Round of 16,Glinka D / Saar K K,Davydov I / Lebedev I,1,false,2,finished,2,0,False,1478473200,Daniil Glinka,True,,,R16,2016-11-06 23:00
G0BY,20,7273901,1478646000,"Estonia F4, Doubles",ITF Men,Quarterfinals,Eriksson M / Sekulic M,Glinka D / Saar K K,1,false,2,finished,2,0,False,1478646000,Daniil Glinka,True,,,QF,2016-11-08 23:00
G0BY,20,7503485,1501581600,"Finland F1, Doubles",ITF Men,Round of 16,Moghini G / Rizzuti G,Glinka D / Saar K K,2,false,absent,finished,absent,absent,False,1501581600,Daniil Glinka,True,,,R16,2017-08-01 10:00
G0BY,20,7506260,1501681800,"Finland F1, Doubles",ITF Men,Quarterfinals,Glinka D / Saar K K,Kaukovalta P / Pollanen A,2,false,1,finished,1,2,False,1501681800,Daniil Glinka,True,,,QF,2017-08-02 13:50
G0BY,20,7513990,1502108100,"Finland F2, Doubles",ITF Men,Round of 16,Glinka D / Saar K K,Chappell N / Merino A,2,false,1,finished,0,2,False,1502108100,Daniil Glinka,True,,,R16,2017-08-07 12:15
G0BY,20,7628328,1508774400,"Estonia F2, Doubles",ITF Men,Round of 16,Goles Babic M / Pollanen A,Glinka D / Saar K K,2,false,2,finished,1,2,False,1508774400,Daniil Glinka,True,,,R16,2017-10-23 16:00
G0BY,20,7628294,1508835000,"Estonia F2, Singles",ITF Men,Round of 32,Marat Deviatiarov,Daniil Glinka,1,false,2,finished,2,1,False,1508835000,Daniil Glinka,False,away,Marat Deviatiarov,R32,2017-10-24 08:50
G0BY,20,7629213,1508936700,"Estonia F2, Doubles",ITF Men,Quarterfinals,Glinka D / Saar K K,Polyakov V / Tyurnev E,2,false,1,finished,0,2,False,1508936700,Daniil Glinka,True,,,QF,2017-10-25 13:05
G0BY,20,7631994,1509183000,"Estonia F3, Singles Qualifying",ITF Men,Qualification,Daniil Glinka,Krisjanis Stabins,2,false,absent,finished,0,2,False,1509183000,Daniil Glinka,False,home,Krisjanis Stabins,Q,2017-10-28 09:30
G0BY,20,7633664,1509371100,"Estonia F3, Doubles",ITF Men,Round of 16,Polyakov V / Tyurnev E,Glinka D / Saar K K,1,false,2,finished,2,0,False,1509371100,Daniil Glinka,True,,,R16,2017-10-30 13:45
G0BY,20,7636865,1509804000,"Estonia F4, Singles Qualifying",ITF Men,Qualification,Daniil Glinka,Roberts Grinvalds,1,false,absent,finished,2,1,False,1509804000,Daniil Glinka,False,home,Roberts Grinvalds,Q,2017-11-04 14:00
G0BY,20,7637667,1509872400,"Estonia F4, Singles Qualifying",ITF Men,Qualification,Andrew Watson,Daniil Glinka,1,false,absent,finished,2,1,False,1509872400,Daniil Glinka,False,away,Andrew Watson,Q,2017-11-05 09:00
G0BY,20,7879971,1531818900,"Estonia F1, Singles",ITF Men,Round of 32,Matvey Khomentovskiy,Daniil Glinka,1,false,2,finished,2,0,False,1531818900,Daniil Glinka,False,away,Matvey Khomentovskiy,R32,2018-07-17 09:15
G0BY,20,7883147,1531837200,"Estonia F1, Doubles",ITF Men,Round of 16,Glinka D / Saar K K,Butler S / Jubb P,2,false,2,finished,1,2,False,1531837200,Daniil Glinka,True,,,R16,2018-07-17 14:20
H09P,0,14006904,1750074600,"Nottingham 2, Great Britain",Challenger,Round of 32,Brandon Holt,Jaime Faria,2,false,1,finished,0,2,False,1750074600,Brandon Holt,False,home,Jaime Faria,R32,2025-06-16 11:50
H09P,0,14033235,1750496400,"Mallorca, Spain, Qualifying",ATP,Qualification Round 1,Adam Walton,Brandon Holt,2,false,2,finished,1,2,False,1750496400,Brandon Holt,False,away,Adam Walton,Q1,2025-06-21 09:00
H09P,0,14036857,1750586400,"Mallorca, Spain, Qualifying",ATP,Qualification Final,Brandon Holt,Elias Ymer,1,false,1,finished,2,0,False,1750586400,Brandon Holt,False,home,Elias Ymer,Q,2025-06-22 10:00
H09P,0,14039793,1750759200,"Mallorca, Spain",ATP,Round of 32,Benjamin Bonzi,Brandon Holt,2,false,2,finished,1,2,False,1750759200,Brandon Holt,False,away,Benjamin Bonzi,R32,2025-06-24 10:00
H09P,0,14023194,1750854600,"Mallorca, Spain",ATP,Round of 16,Alex Michelsen,Brandon Holt,1,false,1,finished,2,0,False,1750854600,Brandon Holt,False,away,Alex Michelsen,R16,2025-06-25 12:30
H09P,0,14061807,1751303400,"Wimbledon, London, Great Britain",ATP,Round of 128,Brandon Holt,Alejandro Davidovich Fokina,2,false,2,finished,0,3,False,1751303400,Brandon Holt,False,home,Alejandro Davidovich Fokina,R128,2025-06-30 17:10
H09P,0,14114231,1751993100,"Newport, USA",Challenger,Round of 32,Brandon Holt,Murphy Cassone,1,false,1,finished,2,0,False,1751993100,Brandon Holt,False,home,Murphy Cassone,R32,2025-07-08 16:45
H09P,0,14121813,1752073200,"Newport, USA, Doubles",Challenger,Round of 16,Holt B / Svajda Z,Chandrasekar A / Stalder R,2,false,2,finished,0,2,False,1752073200,Brandon Holt,True,,,R16,2025-07-09 15:00
H09P,0,14096617,1752246000,"Newport, USA",Challenger,Round of 16,Brandon Holt,Zachary Svajda,2,false,2,finished,1,2,False,1752246000,Brandon Holt,False,home,Zachary Svajda,R16,2025-07-11 15:00
H09P,0,14357961,1754665200,"Cincinnati, USA",ATP,Round of 128,Tristan Boyer,Brandon Holt,1,false,1,finished,2,0,False,1754665200,Brandon Holt,False,away,Tristan Boyer,R128,2025-08-08 15:00
H09P,0,14452481,1755474300,"Winston Salem, USA",ATP,Round of 64,Mackenzie McDonald,Brandon Holt,1,false,1,finished,2,1,False,1755474300,Brandon Holt,False,away,Mackenzie McDonald,R64,2025-08-17 23:45
H09P,0,14506229,1756244100,"US Open, New York, USA",ATP,Round of 128,Nuno Borges,Brandon Holt,1,false,1,finished,3,0,False,1756244100,Brandon Holt,False,away,Nuno Borges,R128,2025-08-26 21:35
H09P,0,14560208,1756582500,"US Open, New York, USA, Doubles",ATP,Round of 64,Borges N / Rinderknech A,Holt B / Smith C,absent,false,absent,canceled,absent,absent,False,1756582500,Brandon Holt,True,,,R64,2025-08-30 19:35
H09P,0,14580719,1756590300,"US Open, New York, USA, Doubles",ATP,Round of 64,Escobar G / Reyes-Varela M A,Holt B / Smith C,1,false,1,finished,2,0,False,1756590300,Brandon Holt,True,,,R64,2025-08-30 21:45
H09P,0,14689554,1758009000,"Hangzhou, China, Qualifying",ATP,Qualification Round 1,Ye Chen,Brandon Holt,2,false,2,finished,0,2,False,1758009000,Brandon Holt,False,away,Ye Chen,Q1,2025-09-16 07:50
H09P,0,14698754,1758094800,"Hangzhou, China, Qualifying",ATP,Qualification Final,Rinky Hijikata,Brandon Holt,1,false,1,finished,2,0,False,1758094800,Brandon Holt,False,away,Rinky Hijikata,Q,2025-09-17 07:40
H09P,0,14749439,1758691800,"Jingshan, China",Challenger,Round of 32,Lloyd Harris,Brandon Holt,1,false,1,finished,2,0,False,1758691800,Brandon Holt,False,away,Lloyd Harris,R32,2025-09-24 05:30
H09P,1,13499050,1740640500,"Bengaluru, India",Challenger,Round of 16,Bernard Tomić,Brandon Holt,2,false,2,finished,1,2,False,1740640500,Brandon Holt,False,away,Bernard Tomić,R16,2025-02-27 07:15
H09P,1,13499055,1740747900,"Bengaluru, India",Challenger,Quarterfinals,Petr Bar Biryukov,Brandon Holt,2,false,2,finished,0,2,False,1740747900,Brandon Holt,False,away,Petr Bar Biryukov,QF,2025-02-28 13:05
H09P,1,13499045,1740831600,"Bengaluru, India",Challenger,Semifinals,Brandon Holt,Billy Harris,1,false,1,finished,2,0,False,1740831600,Brandon Holt,False,home,Billy Harris,SF,2025-03-01 12:20
H09P,1,13499051,1740918600,"Bengaluru, India",Challenger,Final,Shintaro Mochizuki,Brandon Holt,2,false,1,finished,0,2,False,1740918600,Brandon Holt,False,away,Shintaro Mochizuki,F,2025-03-02 12:30
H09P,1,13559751,1741052400,"Indian Wells, USA, Qualifying",ATP,Qualification Round 1,Damir Džumhur,Brandon Holt,1,false,1,finished,2,0,False,1741052400,Brandon Holt,False,away,Damir Džumhur,Q1,2025-03-04 01:40
H09P,1,13587113,1741814700,"Phoenix, USA",Challenger,Round of 32,Rinky Hijikata,Brandon Holt,1,false,2,finished,2,0,False,1741814700,Brandon Holt,False,away,Rinky Hijikata,R32,2025-03-12 21:25
H09P,1,13623407,1742247900,"Miami, USA, Qualifying",ATP,Qualification Round 1,Martin Damm Jr,Brandon Holt,2,false,2,finished,1,2,False,1742247900,Brandon Holt,False,away,Martin Damm Jr,Q1,2025-03-17 21:45
H09P,1,13630866,1742323800,"Miami, USA, Qualifying",ATP,Qualification Round 2,Gabriel Diallo,Brandon Holt,2,false,2,finished,1,2,False,1742323800,Brandon Holt,False,away,Gabriel Diallo,Q2,2025-03-18 18:50
H09P,1,13634864,1742408400,"Miami, USA",ATP,Round of 128,Camilo Ugo Carabelli,Brandon Holt,1,false,1,finished,2,1,False,1742408400,Brandon Holt,False,away,Camilo Ugo Carabelli,R128,2025-03-19 18:20
H09P,1,13658890,1742849700,"Morelia, Mexico",Challenger,Round of 32,Brandon Holt,Marc-Andrea Huesler,2,false,1,finished,0,2,False,1742849700,Brandon Holt,False,home,Marc-Andrea Huesler,R32,2025-03-24 20:55
H09P,1,13695949,1743465000,"Houston, USA",ATP,Round of 32,Brandon Holt,Corentin Denolly,2,false,2,finished,0,2,False,1743465000,Brandon Holt,False,home,Corentin Denolly,R32,2025-03-31 23:50
H09P,1,13757118,1744695000,"Busan, South Korea",Challenger,Round of 32,Constant Lestienne,Brandon Holt,2,false,2,finished,1,2,False,1744695000,Brandon Holt,False,away,Constant Lestienne,R32,2025-04-15 05:30
H09P,1,13740627,1744862700,"Busan, South Korea",Challenger,Round of 16,Alex Bolt,Brandon Holt,2,false,1,finished,0,2,False,1744862700,Brandon Holt,False,away,Alex Bolt,R16,2025-04-17 04:05
H09P,1,13740654,1744941600,"Busan, South Korea",Challenger,Quarterfinals,Yu Hsiou Hsu,Brandon Holt,2,false,2,finished,0,2,False,1744941600,Brandon Holt,False,away,Yu Hsiou Hsu,QF,2025-04-18 02:00
H09P,1,13740652,1745028000,"Busan, South Korea",Challenger,Semifinals,Brandon Holt,Terence Atmane,2,false,2,finished,1,2,False,1745028000,Brandon Holt,False,home,Terence Atmane,SF,2025-04-19 02:00
H09P,1,13795347,1745375100,"Gwangju, South Korea",Challenger,Round of 32,Yu Hsiou Hsu,Brandon Holt,2,false,1,finished,0,2,False,1745375100,Brandon Holt,False,away,Yu Hsiou Hsu,R32,2025-04-23 02:25
H09P,1,13773681,1745460000,"Gwangju, South Korea",Challenger,Round of 16,Uisung Park,Brandon Holt,2,false,1,finished,1,2,False,1745460000,Brandon Holt,False,away,Uisung Park,R16,2025-04-24 02:00
H09P,1,13773686,1745546400,"Gwangju, South Korea",Challenger,Quarterfinals,Yosuke Watanuki,Brandon Holt,1,false,1,finished,2,0,False,1745546400,Brandon Holt,False,away,Yosuke Watanuki,QF,2025-04-25 02:00
H09P,1,13818689,1745820900,"Guangzhou, China",Challenger,Round of 32,Rio Noguchi,Brandon Holt,2,false,1,finished,0,2,False,1745820900,Brandon Holt,False,away,Rio Noguchi,R32,2025-04-28 06:15
H09P,1,13804960,1745985300,"Guangzhou, China",Challenger,Round of 16,Jie Cui,Brandon Holt,2,false,1,finished,0,2,False,1745985300,Brandon Holt,False,away,Jie Cui,R16,2025-04-30 03:55
H09P,1,13804955,1746151200,"Guangzhou, China",Challenger,Quarterfinals,Yu Hsiou Hsu,Brandon Holt,2,false,1,finished,0,2,False,1746151200,Brandon Holt,False,away,Yu Hsiou Hsu,QF,2025-05-02 02:00
H09P,2,13051730,1731029400,"Knoxville, USA, Doubles",Challenger,Quarterfinals,Holt B / Krueger M,Braswell M / Spizzirri E,2,false,2,finished,0,2,False,1731029400,Brandon Holt,True,,,QF,2024-11-08 01:30
H09P,2,13108334,1731423600,"Drummondville, Canada",Challenger,Round of 32,Ryan Seggerman,Brandon Holt,2,false,1,finished,0,2,False,1731423600,Brandon Holt,False,away,Ryan Seggerman,R32,2024-11-12 15:00
H09P,2,13086124,1731618000,"Drummondville, Canada",Challenger,Round of 16,Karue Sell,Brandon Holt,1,false,1,finished,2,0,False,1731618000,Brandon Holt,False,away,Karue Sell,R16,2024-11-14 21:00
H09P,2,13278439,1735433700,"Canberra, Australia, Qualifying",Challenger,Qualification Round 1,Cruz Hewitt,Brandon Holt,2,false,2,finished,0,2,False,1735433700,Brandon Holt,False,away,Cruz Hewitt,Q1,2024-12-29 00:55
H09P,2,13287054,1735513200,"Canberra, Australia, Doubles",Challenger,Round of 16,Galan D E / Holt B,Romios M C / Stalder R,absent,false,absent,postponed,absent,absent,False,1735513200,Brandon Holt,True,,,R16,2024-12-29 23:00
H09P,2,13281970,1735520400,"Canberra, Australia, Qualifying",Challenger,Qualification Final,Alexis Galarneau,Brandon Holt,1,false,1,finished,2,1,False,1735520400,Brandon Holt,False,away,Alexis Galarneau,Q,2024-12-30 01:00
H09P,2,13287396,1735704900,"Canberra, Australia, Doubles",Challenger,Round of 16,Galan D E / Holt B,Romios M C / Stalder R,1,false,1,finished,2,1,False,1735704900,Brandon Holt,True,,,R16,2025-01-01 04:15
H09P,2,13274731,1735777800,"Canberra, Australia, Doubles",Challenger,Quarterfinals,Jones H / Marinkov P,Galan D E / Holt B,1,false,absent,finished,0,0,False,1735777800,Brandon Holt,True,,,QF,2025-01-02 00:30
H09P,2,13300730,1736154900,"Australian Open, Melbourne, Australia, Qualifying",ATP,Qualification Round 1,Brandon Holt,Gianluca Mager,1,false,1,finished,2,0,False,1736154900,Brandon Holt,False,home,Gianluca Mager,Q1,2025-01-06 09:15
H09P,2,13303781,1736305200,"Australian Open, Melbourne, Australia, Qualifying",ATP,Qualification Round 2,Brandon Holt,Mackenzie McDonald,2,false,2,finished,0,2,False,1736305200,Brandon Holt,False,home,Mackenzie McDonald,Q2,2025-01-08 03:00
H09P,2,13325540,1736823600,"Nonthaburi 3, Thailand",Challenger,Round of 32,Brandon Holt,Wishaya Trongcharoenchaikul,1,false,2,finished,2,0,False,1736823600,Brandon Holt,False,home,Wishaya Trongcharoenchaikul,R32,2025-01-14 03:00
H09P,2,13309569,1737004800,"Nonthaburi 3, Thailand",Challenger,Round of 16,Coleman Wong,Brandon Holt,2,false,2,finished,0,2,False,1737004800,Brandon Holt,False,away,Coleman Wong,R16,2025-01-16 05:20
H09P,2,13309563,1737092700,"Nonthaburi 3, Thailand",Challenger,Quarterfinals,Brandon Holt,Zachary Svajda,1,false,1,finished,2,1,False,1737092700,Brandon Holt,False,home,Zachary Svajda,QF,2025-01-17 05:45
H09P,2,13309573,1737172800,"Nonthaburi 3, Thailand",Challenger,Semifinals,Brandon Holt,Clement Tabur,1,false,1,finished,2,0,False,1737172800,Brandon Holt,False,home,Clement Tabur,SF,2025-01-18 04:00
H09P,2,13309565,1737259200,"Nonthaburi 3, Thailand",Challenger,Final,Vit Kopřiva,Brandon Holt,2,false,2,finished,0,2,False,1737259200,Brandon Holt,False,away,Vit Kopřiva,F,2025-01-19 04:00
H09P,2,13390814,1738025100,"Cleveland, USA",Challenger,Round of 32,Kalin Ivanovski,Brandon Holt,2,false,1,finished,0,2,False,1738025100,Brandon Holt,False,away,Kalin Ivanovski,R32,2025-01-28 00:45
H09P,2,13372925,1738173600,"Cleveland, USA",Challenger,Round of 16,Tyler Zink,Brandon Holt,1,false,absent,finished,absent,absent,False,1738173600,Brandon Holt,False,away,Tyler Zink,R16,2025-01-29 18:00
H09P,2,13391625,1738368000,"Dallas, USA, Qualifying",ATP,Qualification Round 1,Brandon Holt,Mitchell Krueger,1,false,1,finished,2,0,False,1738368000,Brandon Holt,False,home,Mitchell Krueger,Q1,2025-02-01 00:00
H09P,3,12565809,1721923200,"Chicago, USA",Challenger,Round of 16,Brandon Holt,Marc Polmans,1,false,1,finished,2,0,False,1721923200,Brandon Holt,False,home,Marc Polmans,R16,2024-07-25 16:00
H09P,3,12569229,1722013200,"Chicago, USA",Challenger,Quarterfinals,Jacob Fearnley,Brandon Holt,1,false,1,finished,2,0,False,1722013200,Brandon Holt,False,away,Jacob Fearnley,QF,2024-07-26 17:00
H09P,3,12618402,1722348000,"Lexington, USA",Challenger,Round of 32,Brandon Holt,Arthur Gea,2,false,1,finished,0,1,False,1722348000,Brandon Holt,False,home,Arthur Gea,R32,2024-07-30 14:00
H09P,3,12612395,1722348000,"Lexington, USA",Challenger,Round of 32,Brandon Holt,Ethan Quinn,absent,false,absent,canceled,absent,absent,False,1722348000,Brandon Holt,False,home,Ethan Quinn,R32,2024-07-30 14:00
H09P,3,12667879,1723388400,"Cincinnati, USA, Qualifying",ATP,Qualification round 1,Dušan Lajović,Brandon Holt,2,false,2,finished,1,2,False,1723388400,Brandon Holt,False,away,Dušan Lajović,Q1,2024-08-11 15:00
H09P,3,12672023,1723474800,"Cincinnati, USA, Qualifying",ATP,Qualification round 2,Brandon Holt,Zachary Svajda,1,false,2,finished,2,1,False,1723474800,Brandon Holt,False,home,Zachary Svajda,Q2,2024-08-12 15:00
H09P,3,12678807,1723598700,"Cincinnati, USA",ATP,Round of 64,Brandon Holt,Arthur Fils,2,false,2,finished,0,2,False,1723598700,Brandon Holt,False,home,Arthur Fils,R64,2024-08-14 01:25
H09P,3,12709316,1724166000,"US Open, New York, USA, Qualifying",ATP,Qualification round 1,Abdullah Shelbayh,Brandon Holt,1,false,2,finished,2,1,False,1724166000,Brandon Holt,False,away,Abdullah Shelbayh,Q1,2024-08-20 15:00
H09P,3,12816139,1726024500,"Las Vegas, USA",Challenger,Round of 32,Brandon Holt,Patrick Maloney,2,false,2,finished,1,2,False,1726024500,Brandon Holt,False,home,Patrick Maloney,R32,2024-09-11 03:15
H09P,3,12845175,1726520100,"Columbus, USA",Challenger,Round of 32,Alexander Bernard,Brandon Holt,1,false,1,finished,2,0,False,1726520100,Brandon Holt,False,away,Alexander Bernard,R32,2024-09-16 20:55
H09P,3,12884787,1727186400,"Charleston, USA",Challenger,Round of 32,Ethan Quinn,Brandon Holt,1,false,2,finished,2,0,False,1727186400,Brandon Holt,False,away,Ethan Quinn,R32,2024-09-24 14:00
H09P,3,12888566,1727289300,"Charleston, USA, Doubles",Challenger,Round of 16,Roveri Sidney G / Whiting T,Galarneau A / Holt B,1,false,1,finished,2,0,False,1727289300,Brandon Holt,True,,,R16,2024-09-25 18:35
H09P,3,12915803,1727776800,"Tiburon, USA, Doubles",Challenger,Round of 16,Holt B / Mejia N,Kypson P / Spizzirri E,absent,false,absent,canceled,absent,absent,False,1727776800,Brandon Holt,True,,,R16,2024-10-01 10:00
H09P,3,12916094,1727825400,"Tiburon, USA",Challenger,Round of 32,Andres Andrade,Brandon Holt,2,false,1,finished,0,2,False,1727825400,Brandon Holt,False,away,Andres Andrade,R32,2024-10-01 23:30
H09P,3,12920165,1727904600,"Tiburon, USA, Doubles",Challenger,Round of 16,Kiger M / Trhac P,Holt B / Mejia N,1,false,1,finished,2,0,False,1727904600,Brandon Holt,True,,,R16,2024-10-02 21:30
H09P,3,12898380,1727988600,"Tiburon, USA",Challenger,Round of 16,Nishesh Basavareddy,Brandon Holt,1,false,2,finished,2,0,False,1727988600,Brandon Holt,False,away,Nishesh Basavareddy,R16,2024-10-03 20:50
H09P,3,12959333,1728420300,"Fairfield, USA",Challenger,Round of 32,Murphy Cassone,Brandon Holt,2,false,1,finished,0,2,False,1728420300,Brandon Holt,False,away,Murphy Cassone,R32,2024-10-08 20:45
H09P,3,12937581,1728593400,"Fairfield, USA",Challenger,Round of 16,Eliot Spizzirri,Brandon Holt,2,false,1,finished,0,2,False,1728593400,Brandon Holt,False,away,Eliot Spizzirri,R16,2024-10-10 20:50
H09P,3,12959334,1728681000,"Fairfield, USA",Challenger,Quarterfinals,Dmitry Popko,Brandon Holt,2,false,1,finished,1,2,False,1728681000,Brandon Holt,False,away,Dmitry Popko,QF,2024-10-11 21:10
H09P,4,12097134,1708815600,"Acapulco, Mexico, Qualifying",ATP,Round of 16,Flavio Cobolli,Brandon Holt,1,false,1,finished,2,1,False,1708815600,Brandon Holt,False,away,Flavio Cobolli,Q,2024-02-24 23:00
H09P,4,12155644,1710362400,"Bakersfield, Singles Main, M-ITF-USA-06A",ITF Men,Round of 32,Brandon Holt,Ryan James Storrie,2,false,2,finished,2,0,False,1710362400,Brandon Holt,False,home,Ryan James Storrie,R32,2024-03-13 20:40
H09P,4,12152426,1710457500,"Bakersfield, Singles Main, M-ITF-USA-06A",ITF Men,Round of 16,Murphy Cassone,Brandon Holt,2,false,1,finished,1,2,False,1710457500,Brandon Holt,False,away,Murphy Cassone,R16,2024-03-14 23:05
H09P,4,12162112,1710550800,"Bakersfield, Singles Main, M-ITF-USA-06A",ITF Men,Quarterfinals,Elijah Strode,Brandon Holt,2,false,2,finished,0,2,False,1710550800,Brandon Holt,False,away,Elijah Strode,QF,2024-03-16 01:00
H09P,4,12164637,1710631200,"Bakersfield, Singles Main, M-ITF-USA-06A",ITF Men,Semifinals,Brandon Holt,Ernesto Escobedo,1,false,1,finished,2,0,False,1710631200,Brandon Holt,False,home,Ernesto Escobedo,SF,2024-03-16 23:20
H09P,4,12166828,1710705300,"Bakersfield, Singles Main, M-ITF-USA-06A",ITF Men,Final,Timo Legout,Brandon Holt,2,false,2,finished,0,2,False,1710705300,Brandon Holt,False,away,Timo Legout,F,2024-03-17 19:55
H09P,4,12175297,1710953400,"Calabasas, Singles Main, M-ITF-USA-07A",ITF Men,Round of 32,Stefan Menichella,Brandon Holt,2,false,1,finished,0,2,False,1710953400,Brandon Holt,False,away,Stefan Menichella,R32,2024-03-20 16:50
H09P,4,12177971,1711051800,"Calabasas, Singles Main, M-ITF-USA-07A",ITF Men,Round of 16,Bor Artnak,Brandon Holt,2,false,2,finished,1,2,False,1711051800,Brandon Holt,False,away,Bor Artnak,R16,2024-03-21 20:10
H09P,4,12182028,1711138800,"Calabasas, Singles Main, M-ITF-USA-07A",ITF Men,Quarterfinals,Nishesh Basavareddy,Brandon Holt,1,false,1,finished,2,0,False,1711138800,Brandon Holt,False,away,Nishesh Basavareddy,QF,2024-03-22 20:20
H09P,4,12206200,1711831800,"Houston, USA, Qualifying",ATP,Qualification round 1,Brandon Holt,Martin Damm Jr,1,false,1,finished,2,1,False,1711831800,Brandon Holt,False,home,Martin Damm Jr,Q1,2024-03-30 20:50
H09P,4,12210412,1711908300,"Houston, USA, Qualifying",ATP,absent,Patrick Kypson,Brandon Holt,1,false,2,finished,0,0,False,1711908300,Brandon Holt,False,away,Patrick Kypson,Q,2024-03-31 18:05
H09P,4,12287427,1714462200,"Guangzhou, China",Challenger,Round of 32,Max Purcell,Brandon Holt,2,false,1,finished,0,2,False,1714462200,Brandon Holt,False,away,Max Purcell,R32,2024-04-30 07:30
H09P,4,12276775,1714627500,"Guangzhou, China",Challenger,Round of 16,Brandon Holt,Yu Hsiou Hsu,2,false,1,finished,0,2,False,1714627500,Brandon Holt,False,home,Yu Hsiou Hsu,R16,2024-05-02 05:25
H09P,4,12305989,1714992600,"Wuxi, China",Challenger,Round of 32,Arthur Fery,Brandon Holt,2,false,2,finished,0,2,False,1714992600,Brandon Holt,False,away,Arthur Fery,R32,2024-05-06 10:50
H09P,4,12296888,1715142600,"Wuxi, China",Challenger,Round of 16,Brandon Holt,Philip Sekulic,2,false,1,finished,1,2,False,1715142600,Brandon Holt,False,home,Philip Sekulic,R16,2024-05-08 04:30
H09P,4,12325978,1715687700,"Taipei, Chinese Taipei",Challenger,Round of 32,Ricardas Berankis,Brandon Holt,1,false,2,finished,2,0,False,1715687700,Brandon Holt,False,away,Ricardas Berankis,R32,2024-05-14 11:55
H09P,4,12369611,1716837000,"Little Rock, USA",Challenger,Round of 32,Sasikumar Mukund,Brandon Holt,2,false,2,finished,1,2,False,1716837000,Brandon Holt,False,away,Sasikumar Mukund,R32,2024-05-27 19:10
H09P,4,12360749,1716998400,"Little Rock, USA",Challenger,Round of 16,Seongchan Hong,Brandon Holt,2,false,2,finished,0,2,False,1716998400,Brandon Holt,False,away,Seongchan Hong,R16,2024-05-29 16:00
H09P,4,12360755,1717179600,"Little Rock, USA",Challenger,Quarterfinals,Brandon Holt,Abdullah Shelbayh,2,false,1,finished,1,2,False,1717179600,Brandon Holt,False,home,Abdullah Shelbayh,QF,2024-05-31 18:20
H09P,4,12389742,1717547700,"Tyler, USA",Challenger,Round of 32,Brandon Holt,Yusuke Takahashi,1,false,1,finished,2,1,False,1717547700,Brandon Holt,False,home,Yusuke Takahashi,R32,2024-06-05 00:35
H09P,5,11699819,1696202700,"Tiburon, USA, Qualifying",Challenger,Qualification round 1,Brandon Holt,Cannon Kingsley,2,false,absent,finished,1,2,False,1696202700,Brandon Holt,False,home,Cannon Kingsley,Q1,2023-10-01 23:25
H09P,5,11723127,1696966200,"Fairfield, USA",Challenger,Round of 32,Alexis Galarneau,Brandon Holt,2,false,absent,finished,0,2,False,1696966200,Brandon Holt,False,away,Alexis Galarneau,R32,2023-10-10 19:30
H09P,5,11706286,1697043600,"Fairfield, USA",Challenger,Round of 16,Brandon Holt,Christian Langmo,1,false,absent,finished,2,1,False,1697043600,Brandon Holt,False,home,Christian Langmo,R16,2023-10-11 17:00
H09P,5,11706278,1697216400,"Fairfield, USA",Challenger,Quarterfinals,Brandon Holt,Zachary Svajda,2,false,absent,finished,0,2,False,1697216400,Brandon Holt,False,home,Zachary Svajda,QF,2023-10-13 17:00
H09P,5,11782593,1698694800,"Charlottesville, USA",Challenger,Round of 32,Emilio Gomez,Brandon Holt,2,false,absent,finished,0,2,False,1698694800,Brandon Holt,False,away,Emilio Gomez,R32,2023-10-30 19:40
H09P,5,11774091,1698867600,"Charlottesville, USA",Challenger,Round of 16,Brandon Holt,Cannon Kingsley,1,false,absent,finished,2,0,False,1698867600,Brandon Holt,False,home,Cannon Kingsley,R16,2023-11-01 19:40
H09P,5,11774094,1699027200,"Charlottesville, USA",Challenger,Quarterfinals,Patrick Kypson,Brandon Holt,1,false,absent,finished,2,0,False,1699027200,Brandon Holt,False,away,Patrick Kypson,QF,2023-11-03 16:00
H09P,5,11805325,1699309800,"Knoxville, USA",Challenger,Round of 32,Brandon Holt,Aleksandar Kovačević,1,false,absent,finished,2,1,False,1699309800,Brandon Holt,False,home,Aleksandar Kovačević,R32,2023-11-06 22:30
H09P,5,11785786,1699473300,"Knoxville, USA",Challenger,Round of 16,Tennys Sandgren,Brandon Holt,1,false,absent,finished,2,0,False,1699473300,Brandon Holt,False,away,Tennys Sandgren,R16,2023-11-08 19:55
H09P,5,11827675,1699983000,"Champaign, USA",Challenger,Round of 32,Brandon Holt,Inaki Montes-de la Torre,1,false,absent,finished,2,1,False,1699983000,Brandon Holt,False,home,Inaki Montes-de la Torre,R32,2023-11-14 17:30
H09P,5,11815760,1700160300,"Champaign, USA",Challenger,Round of 16,Brandon Holt,Titouan Droguet,2,false,absent,finished,0,2,False,1700160300,Brandon Holt,False,home,Titouan Droguet,R16,2023-11-16 18:45
H09P,5,11930089,1704092700,"Nonthaburi, Thailand",Challenger,Round of 32,Clement Tabur,Brandon Holt,2,false,1,finished,0,2,False,1704092700,Brandon Holt,False,away,Clement Tabur,R32,2024-01-01 07:05
H09P,5,11926305,1704250800,"Nonthaburi, Thailand",Challenger,Round of 16,Brandon Holt,Zdenek Kolar,1,false,1,finished,2,0,False,1704250800,Brandon Holt,False,home,Zdenek Kolar,R16,2024-01-03 03:00
H09P,5,11926306,1704339000,"Nonthaburi, Thailand",Challenger,Quarterfinals,Yu Hsiou Hsu,Brandon Holt,1,false,1,finished,2,0,False,1704339000,Brandon Holt,False,away,Yu Hsiou Hsu,QF,2024-01-04 03:30
H09P,5,11946657,1704769200,"Nonthaburi 2, Thailand",Challenger,Round of 32,Brandon Holt,Seong-Chan Hong,1,false,2,finished,2,0,False,1704769200,Brandon Holt,False,home,Seong-Chan Hong,R32,2024-01-09 03:00
H09P,5,11937970,1704855600,"Nonthaburi 2, Thailand",Challenger,Round of 16,Brandon Holt,Giovanni Fonio,1,false,2,finished,2,0,False,1704855600,Brandon Holt,False,home,Giovanni Fonio,R16,2024-01-10 03:00
H09P,5,11937973,1704954000,"Nonthaburi 2, Thailand",Challenger,Quarterfinals,Brandon Holt,Manuel Guinard,2,false,1,finished,0,2,False,1704954000,Brandon Holt,False,home,Manuel Guinard,QF,2024-01-11 06:20
H09P,5,11971946,1705428000,"Indian Wells, USA",Challenger,Round of 32,Blaise Bicknell,Brandon Holt,2,false,2,finished,1,2,False,1705428000,Brandon Holt,False,away,Blaise Bicknell,R32,2024-01-16 18:00
H09P,5,11961198,1705514400,"Indian Wells, USA",Challenger,Round of 16,Strong Kirchheimer,Brandon Holt,2,false,1,finished,0,2,False,1705514400,Brandon Holt,False,away,Strong Kirchheimer,R16,2024-01-17 18:00
H09P,5,11961205,1705687200,"Indian Wells, USA",Challenger,Quarterfinals,Daniel Cukierman,Brandon Holt,2,false,1,finished,1,2,False,1705687200,Brandon Holt,False,away,Daniel Cukierman,QF,2024-01-19 18:00
H09P,5,11961203,1705773600,"Indian Wells, USA",Challenger,Semifinals,Brandon Holt,Thai-Son Kwiatkowski,1,false,1,finished,2,1,False,1705773600,Brandon Holt,False,home,Thai-Son Kwiatkowski,SF,2024-01-20 18:00
H09P,6,11041050,1675638600,"Dallas, USA, Qualifying",ATP,Qualification round 1,Brandon Holt,Nick Chappell,1,false,absent,finished,2,0,False,1675638600,Brandon Holt,False,home,Nick Chappell,Q1,2023-02-05 23:10
H09P,6,11044302,1675712100,"Dallas, USA, Qualifying",ATP,Qualification round 1,Gabriel Diallo,Brandon Holt,1,false,absent,finished,2,0,False,1675712100,Brandon Holt,False,away,Gabriel Diallo,Q1,2023-02-06 19:35
H09P,6,11045623,1675808700,"Dallas, USA",ATP,Round of 32,Jeffrey John Wolf,Brandon Holt,1,false,2,finished,2,0,False,1675808700,Brandon Holt,False,away,Jeffrey John Wolf,R32,2023-02-07 22:25
H09P,6,11054621,1676127600,"Delray Beach, USA, Qualifying",ATP,Qualification round 1,Brandon Holt,Tung-Lin Wu,2,false,absent,finished,1,2,False,1676127600,Brandon Holt,False,home,Tung-Lin Wu,Q1,2023-02-11 15:00
H09P,6,11054683,1676304000,"Delray Beach, USA, Doubles",ATP,Round of 16,Arevalo M / Rojer J,Holt B / Lawson A,1,false,1,finished,2,0,False,1676304000,Brandon Holt,True,,,R16,2023-02-13 16:00
H09P,6,11071954,1676930400,"Monterrey, Mexico",Challenger,Round of 32,Brandon Holt,Daniel Altmaier,2,false,absent,finished,0,2,False,1676930400,Brandon Holt,False,home,Daniel Altmaier,R32,2023-02-20 22:00
H09P,6,11084996,1677372000,"Acapulco, Mexico, Qualifying",ATP,Qualification round 1,Ernesto Escobedo,Brandon Holt,2,false,absent,finished,1,2,False,1677372000,Brandon Holt,False,away,Ernesto Escobedo,Q1,2023-02-26 00:40
H09P,6,11087346,1677452400,"Acapulco, Mexico, Qualifying",ATP,Qualification round 1,Taro Daniel,Brandon Holt,1,false,absent,finished,2,1,False,1677452400,Brandon Holt,False,away,Taro Daniel,Q1,2023-02-26 23:00
H09P,6,11113804,1678392900,"Indian Wells, USA",ATP,Round of 128,Thanasi Kokkinakis,Brandon Holt,1,false,2,finished,2,0,False,1678392900,Brandon Holt,False,away,Thanasi Kokkinakis,R128,2023-03-09 20:15
H09P,6,11143739,1679350500,"Miami, USA, Qualifying",ATP,Qualification round 1,Brandon Holt,Borna Gojo,2,false,absent,finished,1,2,False,1679350500,Brandon Holt,False,home,Borna Gojo,Q1,2023-03-20 22:15
H09P,6,11181839,1680378000,"Houston, USA, Qualifying",ATP,Qualification round 1,Rinky Hijikata,Brandon Holt,2,false,absent,finished,1,2,False,1680378000,Brandon Holt,False,away,Rinky Hijikata,Q1,2023-04-01 19:40
H09P,6,11184541,1680456600,"Houston, USA, Qualifying",ATP,Qualification round 1,Brandon Holt,Tomáš Macháč,2,false,absent,finished,0,2,False,1680456600,Brandon Holt,False,home,Tomáš Macháč,Q1,2023-04-02 17:30
H09P,6,11230066,1682323500,"Seoul, Korea Republic",Challenger,Round of 32,Evgeny Donskoy,Brandon Holt,1,false,absent,finished,2,1,False,1682323500,Brandon Holt,False,away,Evgeny Donskoy,R32,2023-04-24 08:05
H09P,6,11232177,1682494500,"Seoul, Korea Republic, Doubles",Challenger,Round of 16,Gómez E / Holt B,Kadhe A / Raja P,2,false,absent,finished,0,2,False,1682494500,Brandon Holt,True,,,R16,2023-04-26 07:35
H09P,6,11248478,1682915400,"Gwangju, South Korea",Challenger,Round of 32,Cem Ilkel,Brandon Holt,2,false,absent,finished,1,2,False,1682915400,Brandon Holt,False,away,Cem Ilkel,R32,2023-05-01 04:30
H09P,6,11238474,1683077400,"Gwangju, South Korea",Challenger,Round of 16,Brandon Holt,Christopher Eubanks,2,false,absent,finished,0,2,False,1683077400,Brandon Holt,False,home,Christopher Eubanks,R16,2023-05-03 01:30
H09P,6,11252048,1683090000,"Gwangju, South Korea, Doubles",Challenger,Round of 16,Gómez E / Holt B,Matsui T / Uesugi K,2,false,absent,finished,0,2,False,1683090000,Brandon Holt,True,,,R16,2023-05-03 05:00
H09P,6,11263146,1683597600,"Busan, South Korea",Challenger,Round of 32,Brandon Holt,Emilio Gomez,1,false,absent,finished,2,0,False,1683597600,Brandon Holt,False,home,Emilio Gomez,R32,2023-05-09 02:00
H09P,6,11254578,1683684000,"Busan, South Korea",Challenger,Round of 16,Luke Saville,Brandon Holt,2,false,absent,finished,0,2,False,1683684000,Brandon Holt,False,away,Luke Saville,R16,2023-05-10 02:00
H09P,7,10524325,1659535200,"Lexington, USA",Challenger,Round of 16,Brandon Holt,Govind Nanda,2,false,absent,finished,1,2,False,1659535200,Brandon Holt,False,home,Govind Nanda,R16,2022-08-03 14:00
H09P,7,10537525,1659556800,"Lexington, USA, Doubles",Challenger,Round of 16,Cash J / Patten H,Holt B / Nanda G,1,false,absent,finished,4,1,False,1659556800,Brandon Holt,True,,,R16,2022-08-03 20:00
H09P,7,10552430,1659902400,"Chicago, USA",Challenger,Qualification round 1,Andres Martin,Brandon Holt,2,false,absent,finished,0,2,False,1659902400,Brandon Holt,False,away,Andres Martin,Q1,2022-08-07 20:00
H09P,7,10554026,1659999000,"Chicago, USA",Challenger,absent,Stefan Dostanić,Brandon Holt,2,false,absent,finished,0,2,False,1659999000,Brandon Holt,False,away,Stefan Dostanić,ABSENT,2022-08-08 22:50
H09P,7,10557852,1660159500,"Chicago, USA",Challenger,Round of 32,Brandon Holt,Alexander Ritschard,1,false,absent,finished,2,1,False,1660159500,Brandon Holt,False,home,Alexander Ritschard,R32,2022-08-10 19:25
H09P,7,10551169,1660236600,"Chicago, USA",Challenger,Round of 16,Liam Broady,Brandon Holt,1,false,absent,finished,2,1,False,1660236600,Brandon Holt,False,away,Liam Broady,R16,2022-08-11 16:50
H09P,7,10551800,1660253400,"Chicago, USA, Doubles",Challenger,Round of 16,Holt B / Monroe N,Gille S / Smith J,2,false,absent,finished,0,2,False,1660253400,Brandon Holt,True,,,R16,2022-08-11 21:30
H09P,7,10618335,1661273400,"US Open, New York, USA, Qualifying",ATP,Qualification round 1,Alexandre Muller,Brandon Holt,2,false,2,finished,1,2,False,1661273400,Brandon Holt,False,away,Alexandre Muller,Q1,2022-08-23 16:50
H09P,7,10622506,1661439600,"US Open, New York, USA, Qualifying",ATP,Qualification round 2,Emilio Gomez,Brandon Holt,2,false,2,finished,1,2,False,1661439600,Brandon Holt,False,away,Emilio Gomez,Q2,2022-08-25 15:00
H09P,7,10635439,1661526000,"US Open, New York, USA, Qualifying",ATP,absent,Brandon Holt,Dimitar Kuzmanov,1,false,1,finished,2,1,False,1661526000,Brandon Holt,False,home,Dimitar Kuzmanov,Q,2022-08-26 15:00
H09P,7,10639078,1661812800,"US Open, New York, USA",ATP,Round of 128,Taylor Fritz,Brandon Holt,2,false,2,finished,1,3,False,1661812800,Brandon Holt,False,away,Taylor Fritz,R128,2022-08-29 22:40
H09P,7,10623924,1661958000,"US Open, New York, USA",ATP,Round of 64,Brandon Holt,Pedro Cachin,1,false,1,finished,2,3,False,1661958000,Brandon Holt,False,home,Pedro Cachin,R64,2022-08-31 15:00
H09P,7,10644993,1662060600,"US Open, New York, USA, Doubles",ATP,Round of 64,Mektić N / Pavić M,Holt B / Nanda G,1,false,2,finished,2,0,False,1662060600,Brandon Holt,True,,,R64,2022-09-01 19:30
H09P,7,10691991,1663641600,"San Diego, USA",ATP,Round of 32,Brandon Holt,Constant Lestienne,2,false,2,finished,1,2,False,1663641600,Brandon Holt,False,home,Constant Lestienne,R32,2022-09-20 02:40
H09P,7,10731304,1664928000,"Tiburon, USA",Challenger,Round of 32,Denis Kudla,Brandon Holt,1,false,absent,finished,1,0,False,1664928000,Brandon Holt,False,away,Denis Kudla,R32,2022-10-05 00:00
H09P,7,10834960,1666645500,"Las Vegas, USA",Challenger,Round of 32,Maxim Verboven,Brandon Holt,2,false,absent,finished,0,2,False,1666645500,Brandon Holt,False,away,Maxim Verboven,R32,2022-10-24 21:05
H09P,7,10827327,1666805400,"Las Vegas, USA",Challenger,Round of 16,Brandon Holt,Aleksandar Kovačević,1,false,absent,finished,2,0,False,1666805400,Brandon Holt,False,home,Aleksandar Kovačević,R16,2022-10-26 17:30
H09P,8,10268934,1650704100,"Nottingham, Singles M-ITF-GBR-06A",ITF Men,Semifinals,Brandon Holt,Filip Peliwo,1,false,2,finished,2,0,False,1650704100,Brandon Holt,False,home,Filip Peliwo,SF,2022-04-23 08:55
H09P,8,10270202,1650797100,"Nottingham, Singles M-ITF-GBR-06A",ITF Men,Final,Brandon Holt,Henry Patten,1,false,2,finished,2,0,False,1650797100,Brandon Holt,False,home,Henry Patten,F,2022-04-24 10:45
H09P,8,10332583,1653486600,"Cancun, Singles M-ITF-MEX-08A",ITF Men,Round of 32,Brandon Holt,Alan Fernando Rubio Fierros,1,false,2,finished,2,0,False,1653486600,Brandon Holt,False,home,Alan Fernando Rubio Fierros,R32,2022-05-25 13:50
H09P,8,10336654,1653584400,"Cancun, Singles M-ITF-MEX-08A",ITF Men,Round of 16,Brandon Holt,Cesar Ramirez,1,false,2,finished,2,0,False,1653584400,Brandon Holt,False,home,Cesar Ramirez,R16,2022-05-26 17:00
H09P,8,10338561,1653660000,"Cancun, Singles M-ITF-MEX-08A",ITF Men,Quarterfinals,Brandon Holt,Luis Britto,1,false,2,finished,2,0,False,1653660000,Brandon Holt,False,home,Luis Britto,QF,2022-05-27 14:00
H09P,8,10341346,1653746400,"Cancun, Singles M-ITF-MEX-08A",ITF Men,Semifinals,Brandon Holt,Alexander Bernard,1,false,1,finished,2,0,False,1653746400,Brandon Holt,False,home,Alexander Bernard,SF,2022-05-28 14:00
H09P,8,10342849,1653832800,"Cancun, Singles M-ITF-MEX-08A",ITF Men,Final,Brandon Holt,Alex Knaff,1,false,2,finished,2,0,False,1653832800,Brandon Holt,False,home,Alex Knaff,F,2022-05-29 14:00
H09P,8,10343226,1654031100,"Little Rock, USA",Challenger,Round of 32,Andrew Harris,Brandon Holt,2,false,absent,finished,0,2,False,1654031100,Brandon Holt,False,away,Andrew Harris,R32,2022-05-31 21:05
H09P,8,10339234,1654268400,"Little Rock, USA",Challenger,Round of 16,Rinky Hijikata,Brandon Holt,2,false,absent,finished,1,2,False,1654268400,Brandon Holt,False,away,Rinky Hijikata,R16,2022-06-03 15:00
H09P,8,10339242,1654288200,"Little Rock, USA",Challenger,Quarterfinals,Brandon Holt,Jason Kubler,2,false,absent,finished,0,2,False,1654288200,Brandon Holt,False,home,Jason Kubler,QF,2022-06-03 20:30
H09P,8,10358336,1654541100,"Orlando, USA",Challenger,Round of 32,Brandon Holt,Ergi Kirkin,1,false,absent,finished,2,0,False,1654541100,Brandon Holt,False,home,Ergi Kirkin,R32,2022-06-06 18:45
H09P,8,10358339,1654644300,"Orlando, USA, Doubles",Challenger,Round of 16,Fanselow S / Sweeny D,Holt B / Svajda Z,2,false,2,finished,0,2,False,1654644300,Brandon Holt,True,,,R16,2022-06-07 23:25
H09P,8,10350913,1654705500,"Orlando, USA",Challenger,Round of 16,Jeffrey John Wolf,Brandon Holt,1,false,absent,finished,2,1,False,1654705500,Brandon Holt,False,away,Jeffrey John Wolf,R16,2022-06-08 16:25
H09P,8,10351897,1654801500,"Orlando, USA, Doubles",Challenger,Quarterfinals,Holt B / Svajda Z,Chung Y / Pervolarakis M,2,false,absent,finished,1,2,False,1654801500,Brandon Holt,True,,,QF,2022-06-09 19:05
H09P,8,10420148,1656464400,"Usa F19, Singles",ITF Men,Round of 32,Brandon Holt,Eduardo Nava,1,false,2,finished,2,0,False,1656464400,Brandon Holt,False,home,Eduardo Nava,R32,2022-06-29 01:00
H09P,8,10420049,1656549000,"Usa F19, Doubles",ITF Men,Round of 16,Sigouin B / Tyler J,Holt B / Svajda Z,2,false,2,finished,1,2,False,1656549000,Brandon Holt,True,,,R16,2022-06-30 00:30
H09P,8,10422628,1656617400,"Usa F19, Singles",ITF Men,Round of 16,Brandon Holt,Adolfo Daniel Vallejo,1,false,1,finished,2,0,False,1656617400,Brandon Holt,False,home,Adolfo Daniel Vallejo,R16,2022-06-30 19:30
H09P,8,10424514,1656638700,"Usa F19, Doubles",ITF Men,Quarterfinals,Maginley H J / Montsi K,Holt B / Svajda Z,2,false,1,finished,absent,absent,False,1656638700,Brandon Holt,True,,,QF,2022-07-01 01:25
H09P,9,10101905,1643468400,"Mexico F2, Singles",ITF Men,Semifinals,Emil Reinberg,Brandon Holt,2,false,1,finished,0,2,False,1643468400,Brandon Holt,False,away,Emil Reinberg,SF,2022-01-29 15:00
H09P,9,10101926,1643475600,"Cancun, Doubles, 2022 Mexico F2, Doubles",ITF Men,Semifinals,Bangoura S / Holt B,Bittoun Kouzmine C / Patino L,2,false,1,finished,1,2,False,1643475600,Brandon Holt,True,,,SF,2022-01-29 17:00
H09P,9,10103853,1643558400,"Mexico F2, Singles",ITF Men,Final,L. Patiño,Brandon Holt,2,false,1,finished,0,2,False,1643558400,Brandon Holt,False,away,L. Patiño,F,2022-01-30 16:00
H09P,9,10107174,1643823600,"Mexico F3, Singles",ITF Men,Round of 32,Brandon Holt,Sandro Kopp,1,false,2,finished,2,1,False,1643823600,Brandon Holt,False,home,Sandro Kopp,R32,2022-02-02 17:40
H09P,9,10110232,1643913600,"Mexico F3, Singles",ITF Men,Round of 16,Evan Zhu,Brandon Holt,2,false,2,finished,0,2,False,1643913600,Brandon Holt,False,away,Evan Zhu,R16,2022-02-03 18:40
H09P,9,10112005,1644005700,"Mexico F3, Singles",ITF Men,Quarterfinals,Brandon Holt,Gage Brymer,1,false,1,finished,2,0,False,1644005700,Brandon Holt,False,home,Gage Brymer,QF,2022-02-04 20:15
H09P,9,10115557,1644076800,"Mexico F3, Singles",ITF Men,Semifinals,Terence Atmane,Brandon Holt,2,false,1,finished,0,2,False,1644076800,Brandon Holt,False,away,Terence Atmane,SF,2022-02-05 16:00
H09P,9,10117495,1644177300,"Mexico F3, Singles",ITF Men,Final,Emil Reinberg,Brandon Holt,2,false,1,finished,0,2,False,1644177300,Brandon Holt,False,away,Emil Reinberg,F,2022-02-06 19:55
H09P,9,10148440,1645448400,"Dominican Republic F1, Singles Qualifying",ITF Men,Qualification round 1,Brandon Holt,Tomas Valencia Navech,1,false,2,finished,2,0,False,1645448400,Brandon Holt,False,home,Tomas Valencia Navech,Q1,2022-02-21 13:00
H09P,9,10149598,1645466400,"Dominican Republic F1, Singles Qualifying",ITF Men,Qualification round 1,Brandon Holt,Colin Markes,2,false,1,finished,1,2,False,1645466400,Brandon Holt,False,home,Colin Markes,Q1,2022-02-21 18:00
H09P,9,10150732,1645645800,"Santo Domingo, Doubles, 2022 Dominican Republic F1, Doubles",ITF Men,Round of 16,Cid Subervi R / Hardt N,Cukierman D / Holt B,2,false,2,finished,1,2,False,1645645800,Brandon Holt,True,,,R16,2022-02-23 19:50
H09P,9,10156610,1645817400,"Santo Domingo, Doubles, 2022 Dominican Republic F1, Doubles",ITF Men,Quarterfinals,Cukierman D / Holt B,Hijikata R / Patten H,2,false,1,finished,0,2,False,1645817400,Brandon Holt,True,,,QF,2022-02-25 19:30
H09P,9,10163908,1646240400,"Dominican Republic F2, Singles",ITF Men,Round of 32,Brandon Holt,Wilson Leite,1,false,2,finished,2,0,False,1646240400,Brandon Holt,False,home,Wilson Leite,R32,2022-03-02 17:00
H09P,9,10171344,1646320200,"Dominican Republic F2, Singles",ITF Men,Round of 16,Filip Peliwo,Brandon Holt,2,false,2,finished,1,2,False,1646320200,Brandon Holt,False,away,Filip Peliwo,R16,2022-03-03 15:10
H09P,9,10173058,1646400000,"Dominican Republic F2, Singles",ITF Men,Quarterfinals,Brandon Holt,Aleksandar Kovačević,1,false,1,finished,2,1,False,1646400000,Brandon Holt,False,home,Aleksandar Kovačević,QF,2022-03-04 13:20
H09P,9,10175960,1646488800,"Dominican Republic F2, Singles",ITF Men,Semifinals,Brandon Holt,Rinky Hijikata,2,false,1,finished,0,2,False,1646488800,Brandon Holt,False,home,Rinky Hijikata,SF,2022-03-05 14:00
H09P,9,10181701,1646794800,"Indian Wells, USA, Qualifying",ATP,Qualification round 1,John Millman,Brandon Holt,1,false,absent,finished,2,0,False,1646794800,Brandon Holt,False,away,John Millman,Q1,2022-03-09 03:00
H09P,10,9172956,1605538800,"Orlando, USA",Challenger,Round of 32,Brandon Holt,Zachary Svajda,2,false,1,finished,0,2,False,1605538800,Brandon Holt,False,home,Zachary Svajda,R32,2020-11-16 15:00
H09P,10,9170412,1605711600,"Orlando, USA, Doubles",Challenger,Round of 16,Galan D E / Harrison C,Holt B / Smith K,1,false,1,finished,2,1,False,1605711600,Brandon Holt,True,,,R16,2020-11-18 15:00
H09P,10,9346678,1613574000,"Naples, Fl, Singles M-ITF-USA-01A",ITF Men,Round of 32,Jordi Arconada,Brandon Holt,2,false,1,finished,0,2,False,1613574000,Brandon Holt,False,away,Jordi Arconada,R32,2021-02-17 15:00
H09P,10,9350560,1613660400,"Naples, Fl, Singles M-ITF-USA-01A",ITF Men,Round of 16,Christian Harrison,Brandon Holt,1,false,1,finished,2,0,False,1613660400,Brandon Holt,False,away,Christian Harrison,R16,2021-02-18 15:00
H09P,10,9358621,1614009600,"Naples, FL, Singles Qualifying M-ITF-USA-02A",ITF Men,Qualification,Brandon Holt,Harris Walker,2,false,absent,finished,absent,absent,False,1614009600,Brandon Holt,False,home,Harris Walker,Q,2021-02-22 16:00
H09P,10,9360743,1614103200,"Naples, FL, Doubles M-ITF-USA-02A",ITF Men,Round of 16,Huertas del Pino C / Merino A,Aragone J / Holt B,1,false,absent,canceled,absent,absent,False,1614103200,Brandon Holt,True,,,R16,2021-02-23 18:00
H09P,10,9492397,1619529900,"Monastir, Doubles M-ITF-TUN-17A",ITF Men,Round of 16,Holt B / Svajda Z,Crepaldi E / Vilardo F,1,false,2,finished,2,1,False,1619529900,Brandon Holt,True,,,R16,2021-04-27 13:25
H09P,10,9492407,1619604600,"Monastir, Singles M-ITF-TUN-17A",ITF Men,Round of 32,Zachary Svajda,Brandon Holt,1,false,2,finished,2,1,False,1619604600,Brandon Holt,False,away,Zachary Svajda,R32,2021-04-28 10:10
H09P,10,9493967,1619700000,"Monastir, Doubles M-ITF-TUN-17A",ITF Men,Quarterfinals,Chung Y / Imai S,Holt B / Svajda Z,1,false,1,finished,2,0,False,1619700000,Brandon Holt,True,,,QF,2021-04-29 12:40
H09P,10,9503962,1620124200,"Monastir, Singles M-ITF-TUN-18A",ITF Men,Round of 32,Yun Seong Chung,Brandon Holt,2,false,2,finished,0,2,False,1620124200,Brandon Holt,False,away,Yun Seong Chung,R32,2021-05-04 10:30
H09P,10,9504168,1620145500,"Monastir, Doubles M-ITF-TUN-18A",ITF Men,Round of 16,Potenza L / Vilardo F,Holt B / Svajda Z,2,false,2,finished,1,2,False,1620145500,Brandon Holt,True,,,R16,2021-05-04 16:25
H09P,10,9505451,1620299700,"Monastir, Singles M-ITF-TUN-18A",ITF Men,Round of 16,Brandon Holt,Luca Potenza,2,false,1,finished,1,2,False,1620299700,Brandon Holt,False,home,Luca Potenza,R16,2021-05-06 11:15
H09P,10,9507165,1620312300,"Monastir, Doubles M-ITF-TUN-18A",ITF Men,Quarterfinals,Dougaz M A / Lock B,Holt B / Svajda Z,1,false,2,finished,2,0,False,1620312300,Brandon Holt,True,,,QF,2021-05-06 14:45
H09P,10,9516416,1620738600,"Monastir, Doubles M-ITF-TUN-19A",ITF Men,Round of 16,Holt B / Smith R,Ghorbel A / Ouakaa A,2,false,2,finished,1,2,False,1620738600,Brandon Holt,True,,,R16,2021-05-11 13:10
H09P,10,9514187,1620813600,"Monastir, Singles M-ITF-TUN-19A",ITF Men,Round of 32,Luca Potenza,Brandon Holt,2,false,2,finished,1,2,False,1620813600,Brandon Holt,False,away,Luca Potenza,R32,2021-05-12 10:00
H09P,10,9515748,1620902400,"Monastir, Singles M-ITF-TUN-19A",ITF Men,Round of 16,Santiago Rodriguez Taverna,Brandon Holt,1,false,2,finished,2,1,False,1620902400,Brandon Holt,False,away,Santiago Rodriguez Taverna,R16,2021-05-13 10:40
H09P,11,8541585,1578597300,"Los Angeles, Singles M-ITF-USA-01A",ITF Men,Round of 16,Alexander Sarkissian,Brandon Holt,2,false,1,finished,0,1,False,1578597300,Brandon Holt,False,away,Alexander Sarkissian,R16,2020-01-09 19:15
H09P,11,8540183,1578613200,"Los Angeles, Doubles M-ITF-USA-01A",ITF Men,Quarterfinals,Dempster I / Freund S,Ehrat S / Holt B,2,false,2,finished,0,2,False,1578613200,Brandon Holt,True,,,QF,2020-01-09 23:40
H09P,11,8542378,1578688800,"Los Angeles, Singles M-ITF-USA-01A",ITF Men,Quarterfinals,Brandon Holt,Geoffrey Blancaneaux,1,false,1,finished,2,1,False,1578688800,Brandon Holt,False,home,Geoffrey Blancaneaux,QF,2020-01-10 20:40
H09P,11,8542419,1578704100,"Los Angeles, Doubles M-ITF-USA-01A",ITF Men,Semifinals,Nava E / Nava E,Ehrat S / Holt B,2,false,2,finished,1,2,False,1578704100,Brandon Holt,True,,,SF,2020-01-11 00:55
H09P,11,8543062,1578765600,"Los Angeles, Singles M-ITF-USA-01A",ITF Men,Semifinals,Alexander Ritschard,Brandon Holt,1,false,2,finished,2,1,False,1578765600,Brandon Holt,False,away,Alexander Ritschard,SF,2020-01-11 18:00
H09P,11,8543122,1578780300,"Los Angeles, Doubles M-ITF-USA-01A",ITF Men,Final,Ehrat S / Holt B,Cukierman D / Smith R,2,false,1,finished,0,2,False,1578780300,Brandon Holt,True,,,F,2020-01-11 22:05
H09P,11,8545733,1578938400,"Rancho Santa Fe, Singles Qualifying M-ITF-USA-02A",ITF Men,Qualification,Brandon Holt,August Holmgren,1,false,absent,finished,2,0,False,1578938400,Brandon Holt,False,home,August Holmgren,Q,2020-01-13 18:00
H09P,11,8546934,1579023000,"Rancho Santa Fe, Singles Qualifying M-ITF-USA-02A",ITF Men,Qualification,Brandon Holt,Logan Smith,1,false,2,finished,2,0,False,1579023000,Brandon Holt,False,home,Logan Smith,Q,2020-01-14 17:30
H09P,11,8548416,1579109400,"Rancho Santa Fe, Singles M-ITF-USA-02A",ITF Men,Round of 32,Agustin Velotti,Brandon Holt,2,false,1,finished,0,2,False,1579109400,Brandon Holt,False,away,Agustin Velotti,R32,2020-01-15 17:30
H09P,11,8549050,1579197600,"Rancho Santa Fe, Singles M-ITF-USA-02A",ITF Men,Round of 16,Brandon Holt,Geoffrey Blancaneaux,2,false,1,finished,0,1,False,1579197600,Brandon Holt,False,home,Geoffrey Blancaneaux,R16,2020-01-16 18:00
H09P,11,8597623,1583189100,"Indian Wells, USA",Challenger,Round of 64,Brandon Holt,Sebastian Korda,2,false,1,finished,0,2,False,1583189100,Brandon Holt,False,home,Sebastian Korda,R64,2020-03-02 22:45
H09P,11,8687107,1591550400,US Pro Tennis Series,Exhibition,absent,Brandon Holt,Felix Corwin,1,false,1,finished,2,0,False,1591550400,Brandon Holt,False,home,Felix Corwin,ABSENT,2020-06-07 17:20
H09P,11,8688979,1591638900,US Pro Tennis Series,Exhibition,absent,Brandon Nakashima,Brandon Holt,1,false,2,finished,2,0,False,1591638900,Brandon Holt,False,away,Brandon Nakashima,ABSENT,2020-06-08 17:55
H09P,11,8690637,1591724400,US Pro Tennis Series,Exhibition,absent,Brandon Holt,Collin Altamirano,2,false,2,finished,0,2,False,1591724400,Brandon Holt,False,home,Collin Altamirano,ABSENT,2020-06-09 17:40
H09P,11,8696256,1592073600,US Pro Tennis Series,Exhibition,absent,Brandon Holt,Nick Chappell,1,false,2,finished,2,1,False,1592073600,Brandon Holt,False,home,Nick Chappell,ABSENT,2020-06-13 18:40
H09P,11,8804974,1595784900,US Pro Tennis Series,Exhibition,absent,Brandon Holt,Jurabek Karimov,1,false,1,finished,2,1,False,1595784900,Brandon Holt,False,home,Jurabek Karimov,ABSENT,2020-07-26 17:35
H09P,11,8807037,1595887200,US Pro Tennis Series,Exhibition,absent,Felix Corwin,Brandon Holt,2,false,1,finished,0,2,False,1595887200,Brandon Holt,False,away,Felix Corwin,ABSENT,2020-07-27 22:00
H09P,11,8819835,1596311100,US Pro Tennis Series,Exhibition,absent,Jurabek Karimov,Brandon Holt,2,false,1,finished,0,2,False,1596311100,Brandon Holt,False,away,Jurabek Karimov,ABSENT,2020-08-01 19:45
H09P,11,8820958,1596384000,US Pro Tennis Series,Exhibition,absent,Bogdan Bobrov,Brandon Holt,1,false,1,finished,2,1,False,1596384000,Brandon Holt,False,away,Bogdan Bobrov,ABSENT,2020-08-02 16:00
H09P,11,9018807,1600614000,US Pro Tennis Series,Exhibition,absent,Gage Brymer,Brandon Holt,2,false,1,finished,0,2,False,1600614000,Brandon Holt,False,away,Gage Brymer,ABSENT,2020-09-20 15:00
H09P,11,9020381,1600706400,US Pro Tennis Series,Exhibition,absent,Brandon Holt,Alec Adamson,1,false,2,finished,2,0,False,1600706400,Brandon Holt,False,home,Alec Adamson,ABSENT,2020-09-21 16:40
H09P,11,9021941,1600889400,US Pro Tennis Series,Exhibition,absent,Brandon Holt,Denis Kudla,1,false,1,finished,2,0,False,1600889400,Brandon Holt,False,home,Denis Kudla,ABSENT,2020-09-23 19:30
H09P,12,8243126,1560448200,"Wichita, Singles M-ITF-USA-15A",ITF Men,Round of 16,Brandon Holt,Alexandr Cozbinov,1,false,1,finished,2,0,False,1560448200,Brandon Holt,False,home,Alexandr Cozbinov,R16,2019-06-13 17:50
H09P,12,8243296,1560459300,"Wichita, Doubles M-ITF-USA-15A",ITF Men,Quarterfinals,Cozbinov A / Holt B,Reinberg E / Smith T K,1,false,2,finished,2,0,False,1560459300,Brandon Holt,True,,,QF,2019-06-13 20:55
H09P,12,8244326,1560532500,"Wichita, Singles M-ITF-USA-15A",ITF Men,Quarterfinals,Brandon Holt,Oliver Crawford,1,false,2,finished,2,0,False,1560532500,Brandon Holt,False,home,Oliver Crawford,QF,2019-06-14 17:15
H09P,12,8244414,1560563400,"Wichita, Doubles M-ITF-USA-15A",ITF Men,Semifinals,Johnson H / Johnson Y,Cozbinov A / Holt B,2,false,1,finished,0,2,False,1560563400,Brandon Holt,True,,,SF,2019-06-15 01:50
H09P,12,8245554,1560618000,"Wichita, Singles M-ITF-USA-15A",ITF Men,Semifinals,Evan Zhu,Brandon Holt,2,false,1,finished,0,2,False,1560618000,Brandon Holt,False,away,Evan Zhu,SF,2019-06-15 17:00
H09P,12,8245637,1560628800,"Wichita, Doubles M-ITF-USA-15A",ITF Men,Final,Cozbinov A / Holt B,Dunbar J / Fox D,1,false,1,finished,2,0,False,1560628800,Brandon Holt,True,,,F,2019-06-15 20:00
H09P,12,8247857,1560704400,"Wichita, Singles M-ITF-USA-15A",ITF Men,Final,Brandon Holt,Sam Riffice,2,false,1,finished,0,2,False,1560704400,Brandon Holt,False,home,Sam Riffice,F,2019-06-16 17:00
H09P,12,8303105,1563212100,"Gatineau, Canada",Challenger,Round of 64,Collin Altamirano,Brandon Holt,2,false,absent,finished,0,2,False,1563212100,Brandon Holt,False,away,Collin Altamirano,R64,2019-07-15 17:35
H09P,12,8305151,1563295200,"Gatineau, Canada",Challenger,Round of 32,Brandon Holt,Michael Mmoh,2,false,1,finished,0,2,False,1563295200,Brandon Holt,False,home,Michael Mmoh,R32,2019-07-16 16:40
H09P,12,8303369,1563315900,"Gatineau, Canada, Doubles",Challenger,Round of 16,Neuchrist M / Pasha N,Collard S / Holt B,2,false,2,finished,1,2,False,1563315900,Brandon Holt,True,,,R16,2019-07-16 22:25
H09P,12,8310657,1563485700,"Gatineau, Canada, Doubles",Challenger,Quarterfinals,Maytin R / Withrow J,Collard S / Holt B,1,false,1,finished,2,1,False,1563485700,Brandon Holt,True,,,QF,2019-07-18 21:35
H09P,12,8318968,1563842700,"Granby, Canada",Challenger,Round of 64,Brandon Holt,Liam Draxl,1,false,1,finished,2,0,False,1563842700,Brandon Holt,False,home,Liam Draxl,R64,2019-07-23 00:45
H09P,12,8322534,1563994500,"Granby, Canada",Challenger,Round of 32,Brandon Holt,Steven Diez,2,false,2,finished,0,2,False,1563994500,Brandon Holt,False,home,Steven Diez,R32,2019-07-24 18:55
H09P,12,8345864,1565110800,"Aptos, USA",Challenger,Round of 64,Keegan Smith,Brandon Holt,1,false,absent,finished,2,0,False,1565110800,Brandon Holt,False,away,Keegan Smith,R64,2019-08-06 17:00
H09P,12,8344705,1565215200,"Aptos, USA, Doubles",Challenger,Round of 16,Aragone J / Holt B,Lammons N / Lawson A,2,false,absent,finished,1,2,False,1565215200,Brandon Holt,True,,,R16,2019-08-07 22:00
H09P,12,8421427,1569276300,"Tiburon, USA",Challenger,Round of 64,Brandon Holt,Raymond Sarmiento,1,false,1,finished,2,1,False,1569276300,Brandon Holt,False,home,Raymond Sarmiento,R64,2019-09-23 22:05
H09P,12,8426980,1569450600,"Tiburon, USA",Challenger,Round of 32,Tommy Paul,Brandon Holt,1,false,1,finished,2,1,False,1569450600,Brandon Holt,False,away,Tommy Paul,R32,2019-09-25 22:30
H09P,13,7843951,1530032400,"Canada F4, Singles",ITF Men,Round of 32,Alexios Halebian,Brandon Holt,2,false,2,finished,1,2,False,1530032400,Brandon Holt,False,away,Alexios Halebian,R32,2018-06-26 17:00
H09P,13,7847641,1530148200,"Canada F4, Doubles",ITF Men,Quarterfinals,Halebian A / Kushnirovich G,Holt B / Kirkov V,2,false,1,finished,0,2,False,1530148200,Brandon Holt,True,,,QF,2018-06-28 01:10
H09P,13,7848621,1530205200,"Canada F4, Singles",ITF Men,Round of 16,Brandon Holt,Juan Carlos Aguilar,2,false,2,finished,1,2,False,1530205200,Brandon Holt,False,home,Juan Carlos Aguilar,R16,2018-06-28 17:00
H09P,13,7848745,1530227100,"Canada F4, Doubles",ITF Men,Semifinals,Holt B / Kirkov V,Bradley J / Kwiatkowski T-S,2,false,1,finished,0,2,False,1530227100,Brandon Holt,True,,,SF,2018-06-28 23:05
H09P,13,7855023,1530624600,"Usa F19, Singles",ITF Men,Round of 32,Brandon Holt,Felix Corwin,1,false,2,finished,2,0,False,1530624600,Brandon Holt,False,home,Felix Corwin,R32,2018-07-03 13:30
H09P,13,7856169,1530664200,"Usa F19, Doubles",ITF Men,Round of 16,Bryan J D / Flores J,Cressy M / Holt B,2,false,1,finished,0,2,False,1530664200,Brandon Holt,True,,,R16,2018-07-04 00:30
H09P,13,7857717,1530734700,"Usa F19, Doubles",ITF Men,Quarterfinals,Cressy M / Holt B,Craig H / Strode I,1,false,2,finished,2,0,False,1530734700,Brandon Holt,True,,,QF,2018-07-04 20:05
H09P,13,7858623,1530799200,"Usa F19, Singles",ITF Men,Round of 16,Aziz Dougaz,Brandon Holt,2,false,2,finished,1,2,False,1530799200,Brandon Holt,False,away,Aziz Dougaz,R16,2018-07-05 14:00
H09P,13,7858733,1530831600,"Usa F19, Doubles",ITF Men,Semifinals,Dougaz M A / Iradukunda G O,Cressy M / Holt B,2,false,2,finished,0,2,False,1530831600,Brandon Holt,True,,,SF,2018-07-05 23:00
H09P,13,7859987,1530889200,"Usa F19, Singles",ITF Men,Quarterfinals,Brandon Holt,Andrew Harris,2,false,1,finished,0,2,False,1530889200,Brandon Holt,False,home,Andrew Harris,QF,2018-07-06 15:00
H09P,13,7860172,1530918000,"Usa F19, Doubles",ITF Men,Final,Johnson H / Johnson Y,Cressy M / Holt B,2,false,1,finished,1,2,False,1530918000,Brandon Holt,True,,,F,2018-07-06 23:00
H09P,13,7863439,1530991800,"Winnetka, USA, Qualifying",Challenger,Qualification,Michael Shabaz,Brandon Holt,1,false,absent,finished,2,0,False,1530991800,Brandon Holt,False,away,Michael Shabaz,Q,2018-07-07 19:30
H09P,13,7891004,1532185800,"Binghamton, USA, Qualifying",Challenger,Qualification,Francesco Ferrari,Brandon Holt,1,false,absent,finished,2,0,False,1532185800,Brandon Holt,False,away,Francesco Ferrari,Q,2018-07-21 15:10
H09P,13,7896412,1532574600,"Binghamton, USA, Doubles",Challenger,Round of 16,Kirkov V / Ritschard A,Holt B / Kwiatkowski T-S,1,false,absent,finished,2,0,False,1532574600,Brandon Holt,True,,,R16,2018-07-26 03:10
H09P,13,7914639,1533590700,"Aptos, USA",Challenger,Round of 32,Brandon Holt,Prajnesh Gunneswaran,2,false,absent,finished,1,2,False,1533590700,Brandon Holt,False,home,Prajnesh Gunneswaran,R32,2018-08-06 21:25
H09P,13,7920829,1536691800,"Usa F24, Singles",ITF Men,Round of 32,Alec Adamson,Brandon Holt,2,false,1,finished,0,2,False,1536691800,Brandon Holt,False,away,Alec Adamson,R32,2018-09-11 18:50
H09P,14,7435800,1497375000,"USA F17, Doubles",ITF Men,absent,Smith K / Stalder R,Holt B / Smith R,2,false,1,finished,0,2,False,1497375000,Brandon Holt,True,,,ABSENT,2017-06-13 17:30
H09P,14,7435832,1497456000,"USA F17, Singles",ITF Men,absent,Ryan Shane,Brandon Holt,2,false,1,finished,0,2,False,1497456000,Brandon Holt,False,away,Ryan Shane,ABSENT,2017-06-14 16:00
H09P,14,7436609,1497468300,"USA F17, Doubles",ITF Men,absent,Holt B / Smith R,Craig H / Strode I,1,false,2,finished,2,0,False,1497468300,Brandon Holt,True,,,ABSENT,2017-06-14 19:25
H09P,14,7437503,1497535800,"USA F17, Singles",ITF Men,absent,Brandon Holt,Borna Gojo,1,false,1,finished,2,1,False,1497535800,Brandon Holt,False,home,Borna Gojo,ABSENT,2017-06-15 14:10
H09P,14,7437582,1497554700,"USA F17, Doubles",ITF Men,absent,Holt B / Smith R,Martinez L D / Peliwo F,1,false,2,finished,2,0,False,1497554700,Brandon Holt,True,,,ABSENT,2017-06-15 19:25
H09P,14,7438873,1497622200,"USA F17, Singles",ITF Men,absent,Brandon Holt,Kevin King,2,false,1,finished,0,2,False,1497622200,Brandon Holt,False,home,Kevin King,ABSENT,2017-06-16 14:10
H09P,14,7438975,1497635100,"USA F17, Doubles",ITF Men,absent,Eubanks C / King K,Holt B / Smith R,2,false,1,finished,0,2,False,1497635100,Brandon Holt,True,,,ABSENT,2017-06-16 17:45
H09P,14,7443201,1497881400,"Usa F19, Singles Qualifying",ITF Men,Qualification,A J Catanzariti,Brandon Holt,2,false,1,finished,0,2,False,1497881400,Brandon Holt,False,away,A J Catanzariti,Q,2017-06-19 14:10
H09P,14,7444458,1497976800,"Usa F19, Doubles",ITF Men,absent,Holt B / Smith R,Thomson C / Thomson M,1,false,1,finished,2,0,False,1497976800,Brandon Holt,True,,,ABSENT,2017-06-20 16:40
H09P,14,7444464,1498053600,"Usa F19, Singles",ITF Men,absent,Keegan Smith,Brandon Holt,2,false,1,finished,0,2,False,1498053600,Brandon Holt,False,away,Keegan Smith,ABSENT,2017-06-21 14:00
H09P,14,7445273,1498077000,"Usa F19, Doubles",ITF Men,absent,Eubanks C / King K,Holt B / Smith R,1,false,absent,finished,absent,absent,False,1498077000,Brandon Holt,True,,,ABSENT,2017-06-21 20:30
H09P,14,7446416,1498145400,"Usa F19, Singles",ITF Men,absent,Wil Spencer,Brandon Holt,1,false,absent,finished,absent,absent,False,1498145400,Brandon Holt,False,away,Wil Spencer,ABSENT,2017-06-22 15:30
H09P,14,7472616,1499618700,"Winnetka, USA, Qualifying",Challenger,Qualification,Jeffrey Schorsch,Brandon Holt,1,false,1,finished,2,0,False,1499618700,Brandon Holt,False,away,Jeffrey Schorsch,Q,2017-07-09 16:45
H09P,14,7474557,1499804100,"Winnetka, USA, Doubles",Challenger,Round of 16,Eubanks C / Holt B,Krajicek A / Withrow J,2,false,2,finished,0,2,False,1499804100,Brandon Holt,True,,,R16,2017-07-11 20:15
H09P,14,7484815,1500396300,"Usa F24, Singles",ITF Men,Round of 32,Brandon Holt,Riley Smith,1,false,2,finished,2,0,False,1500396300,Brandon Holt,False,home,Riley Smith,R32,2017-07-18 16:45
H09P,14,7487332,1500476400,"Usa F24, Singles",ITF Men,Round of 16,Genaro Alberto Olivieri,Brandon Holt,2,false,2,finished,0,2,False,1500476400,Brandon Holt,False,away,Genaro Alberto Olivieri,R16,2017-07-19 15:00
H09P,14,7487564,1500562500,"Usa F24, Doubles",ITF Men,Round of 16,Holt B / Smith R,Kirchheimer S / Schorsch J,1,false,1,finished,2,0,False,1500562500,Brandon Holt,True,,,R16,2017-07-20 14:55
H09P,15,6947001,1446840000,"USA F32, Singles Qualifying",ITF Men,Qualification,Vasil Kirkov,Brandon Holt,2,false,absent,finished,0,2,False,1446840000,Brandon Holt,False,away,Vasil Kirkov,Q,2015-11-06 20:00
H09P,15,6947606,1446913800,"USA F32, Singles Qualifying",ITF Men,Qualification,Brandon Holt,C. Perez-Blanco,2,false,absent,finished,1,2,False,1446913800,Brandon Holt,False,home,C. Perez-Blanco,Q,2015-11-07 16:30
H09P,15,6949218,1447185600,"USA F32, Doubles",ITF Men,Round of 16,Nagy P / Tave A,Holt B / Shapovalov D,2,false,1,finished,0,2,False,1447185600,Brandon Holt,True,,,R16,2015-11-10 20:00
H09P,15,6950324,1447272000,"USA F32, Doubles",ITF Men,Quarterfinals,Fortuna C / Leonardi F,Holt B / Shapovalov D,2,false,2,finished,0,2,False,1447272000,Brandon Holt,True,,,QF,2015-11-11 20:00
H09P,15,6950613,1447359600,"USA F32, Doubles",ITF Men,Semifinals,Chappell N / Webb D,Holt B / Shapovalov D,1,false,2,finished,2,1,False,1447359600,Brandon Holt,True,,,SF,2015-11-12 20:20
H09P,15,6951199,1447453800,"USA F33, Singles Qualifying",ITF Men,Qualification,Brandon Holt,Noah Sutter,3,false,absent,finished,absent,absent,False,1447453800,Brandon Holt,False,home,Noah Sutter,Q,2015-11-13 22:30
H09P,15,6973841,1452048000,"USA F1, Singles",ITF Men,Round of 32,Brandon Holt,Philip Bester,2,false,2,finished,0,2,False,1452048000,Brandon Holt,False,home,Philip Bester,R32,2016-01-06 02:40
H09P,15,6973845,1452230700,"USA F1, Doubles",ITF Men,Round of 16,Holt B / Smith R,Devine J / Smith T K,1,false,1,finished,2,1,False,1452230700,Brandon Holt,True,,,R16,2016-01-08 05:25
H09P,15,6978650,1452284700,"USA F1, Doubles",ITF Men,Quarterfinals,Holt B / Smith R,Austin G / Lipman R,1,false,1,finished,2,1,False,1452284700,Brandon Holt,True,,,QF,2016-01-08 20:25
H09P,15,6980609,1452299400,"USA F1, Doubles",ITF Men,Semifinals,King E / Sarmiento R,Holt B / Smith R,1,false,2,finished,2,0,False,1452299400,Brandon Holt,True,,,SF,2016-01-09 00:30
H09P,15,6980633,1452362400,"USA F2, Singles Qualifying",ITF Men,Qualification,Brandon Holt,Ganesh Alagappan,3,false,absent,finished,absent,absent,False,1452362400,Brandon Holt,False,home,Ganesh Alagappan,Q,2016-01-09 18:00
H09P,15,6981404,1452448800,"USA F2, Singles Qualifying",ITF Men,Qualification,Shahin Khaledan,Brandon Holt,2,false,absent,finished,0,2,False,1452448800,Brandon Holt,False,away,Shahin Khaledan,Q,2016-01-10 18:00
H09P,15,6981453,1452540300,"USA F2, Singles Qualifying",ITF Men,Qualification,Brandon Holt,Alberto Lim,1,false,2,finished,2,0,False,1452540300,Brandon Holt,False,home,Alberto Lim,Q,2016-01-11 19:25
H09P,15,6981888,1452639600,"USA F2, Doubles",ITF Men,Round of 16,Holt B / Smith R,Bridge J / Cooper G,1,false,2,finished,2,0,False,1452639600,Brandon Holt,True,,,R16,2016-01-12 23:00
H09P,15,6982735,1452713400,"USA F2, Singles",ITF Men,Round of 32,Brandon Holt,Clay Thompson,2,false,1,finished,0,2,False,1452713400,Brandon Holt,False,home,Clay Thompson,R32,2016-01-13 19:30
H09P,15,6982728,1452726600,"USA F2, Doubles",ITF Men,Quarterfinals,Aubone J-Y / Nevolo D,Holt B / Smith R,1,false,1,finished,2,0,False,1452726600,Brandon Holt,True,,,QF,2016-01-13 23:10
H09P,15,6984850,1454344200,"USA F7, Singles Qualifying",ITF Men,Qualification,Farzin Danny Amiri,Brandon Holt,2,false,absent,finished,absent,2,False,1454344200,Brandon Holt,False,away,Farzin Danny Amiri,Q,2016-02-01 16:30
H09P,16,6905075,1442604600,"USA F27, Singles Qualifying",ITF Men,Qualification,Brandon Holt,Miles Seemann,1,false,absent,finished,2,0,False,1442604600,Brandon Holt,False,home,Miles Seemann,Q,2015-09-18 19:30
H09P,16,6905744,1442682000,"USA F27, Singles Qualifying",ITF Men,Qualification,Boris Nicola Bakalov,Brandon Holt,2,false,absent,finished,0,2,False,1442682000,Brandon Holt,False,away,Boris Nicola Bakalov,Q,2015-09-19 17:00
H09P,16,6907065,1442768400,"USA F27, Singles Qualifying",ITF Men,Qualification,Brandon Holt,Zhe Zhou,1,false,absent,finished,2,0,False,1442768400,Brandon Holt,False,home,Zhe Zhou,Q,2015-09-20 17:00
H09P,16,6916835,1443560400,"USA F28, Doubles",ITF Men,1/8-finals (R16),Holt B / Smith R,Buehning S / Ianakiev M,1,false,1,finished,2,0,False,1443560400,Brandon Holt,True,,,1/8-FINALS (R16),2015-09-29 21:00
H09P,16,6918587,1443645000,"USA F28, Doubles",ITF Men,Quarterfinals,Garza D / Hach Verdugo H,Holt B / Smith R,2,false,1,finished,0,2,False,1443645000,Brandon Holt,True,,,QF,2015-09-30 20:30
H09P,16,6919317,1443736800,"USA F28, Doubles",ITF Men,Semifinals,Holt B / Smith R,Ellen K / Gambill J-M,1,false,2,finished,2,0,False,1443736800,Brandon Holt,True,,,SF,2015-10-01 22:00
H09P,16,6920577,1443824100,"USA F28, Doubles",ITF Men,Final,Holt B / Smith R,Ore J / Spencer W,1,false,1,finished,2,0,False,1443824100,Brandon Holt,True,,,F,2015-10-02 22:15
H0A4,0,16119839,1778103300,"Santos, Brazil, Doubles",Challenger,Round of 16,Hardt N / Rodriguez C,Dutra Da Silva D / Mena F,2,false,1,finished,1,2,False,1778103300,Nick Hardt,True,,,R16,2026-05-06 21:35
H0A4,0,16097018,1778166000,"Santos, Brazil",Challenger,Round of 16,Murkel Dellien,Nick Hardt,1,false,absent,finished,1,1,False,1778166000,Nick Hardt,False,away,Murkel Dellien,R16,2026-05-07 15:00
H0A4,0,16172828,1778684919,"ITF M25 Pensacola, FL Men",ITF Men,Round of 32,Nick Hardt,Oliver Okonkwo,1,false,absent,finished,2,0,False,1778684919,Nick Hardt,False,home,Oliver Okonkwo,R32,2026-05-13 15:08
H0A4,0,16177284,1778783280,"ITF M25 Pensacola, FL Men",ITF Men,Round of 16,Nick Hardt,Aleksa Ciric,1,false,1,finished,2,1,False,1778783280,Nick Hardt,False,home,Aleksa Ciric,R16,2026-05-14 18:28
H0A4,0,16182944,1778857833,"ITF M25 Pensacola, FL Men",ITF Men,Quarterfinals,Nick Hardt,Kaylan Bigun,1,false,absent,finished,2,0,False,1778857833,Nick Hardt,False,home,Kaylan Bigun,QF,2026-05-15 15:10
H0A4,0,16187883,1778944050,"ITF M25 Pensacola, FL Men",ITF Men,Semifinals,Nick Hardt,Ilyas Milad Fahim,1,false,absent,finished,2,0,False,1778944050,Nick Hardt,False,home,Ilyas Milad Fahim,SF,2026-05-16 15:07
H0A4,0,16191712,1779030684,"ITF M25 Pensacola, FL Men",ITF Men,Final,Ryan Colby,Nick Hardt,2,false,absent,finished,1,2,False,1779030684,Nick Hardt,False,away,Ryan Colby,F,2026-05-17 15:11
H0A4,0,16271597,1780521994,ITF M25 Cuiaba Men,ITF Men,Round of 32,Wilson Leite,Nick Hardt,2,false,absent,finished,0,2,False,1780521994,Nick Hardt,False,away,Wilson Leite,R32,2026-06-03 21:26
H0A4,0,16276869,1780600193,ITF M25 Cuiaba Men,ITF Men,Round of 16,Salvador Price,Nick Hardt,2,false,absent,finished,0,2,False,1780600193,Nick Hardt,False,away,Salvador Price,R16,2026-06-04 19:09
H0A4,0,16280232,1780686715,ITF M25 Cuiaba Men,ITF Men,Quarterfinals,Mateus Alves,Nick Hardt,2,false,absent,finished,1,2,False,1780686715,Nick Hardt,False,away,Mateus Alves,QF,2026-06-05 19:11
H0A4,0,16284750,1780787477,ITF M25 Cuiaba Men,ITF Men,Semifinals,Nick Hardt,Gonzalo Villanueva,1,false,absent,finished,2,1,False,1780787477,Nick Hardt,False,home,Gonzalo Villanueva,SF,2026-06-06 23:11
H0A4,0,16288402,1780870247,ITF M25 Cuiaba Men,ITF Men,Final,Carlos Maria Zarate,Nick Hardt,2,false,absent,finished,0,2,False,1780870247,Nick Hardt,False,away,Carlos Maria Zarate,F,2026-06-07 22:10
H0A4,0,16288354,1781107200,"San Miguel de Tucuman, Argentina",Challenger,Round of 32,Nick Hardt,Bruno Fernandez,1,false,1,finished,2,0,False,1781107200,Nick Hardt,False,home,Bruno Fernandez,R32,2026-06-10 16:00
H0A4,0,16272802,1781217600,"San Miguel de Tucuman, Argentina",Challenger,Round of 16,Nicolas Kicker,Nick Hardt,1,false,1,finished,2,0,False,1781217600,Nick Hardt,False,away,Nicolas Kicker,R16,2026-06-11 22:40
H0A4,0,16325439,1781553600,"Asuncion 2, Paraguay",Challenger,Round of 32,Bruno Fernandez,Nick Hardt,2,false,1,finished,1,2,False,1781553600,Nick Hardt,False,away,Bruno Fernandez,R32,2026-06-15 20:00
H0A4,0,16306786,1781717400,"Asuncion 2, Paraguay",Challenger,Round of 16,Thiago Seyboth Wild,Nick Hardt,2,false,1,finished,1,2,False,1781717400,Nick Hardt,False,away,Thiago Seyboth Wild,R16,2026-06-17 17:30
H0A4,0,16306778,1781802000,"Asuncion 2, Paraguay",Challenger,Quarterfinals,Nick Hardt,Matias Soto,1,false,1,finished,2,1,False,1781802000,Nick Hardt,False,home,Matias Soto,QF,2026-06-18 17:00
H0A4,0,16306776,1781904600,"Asuncion 2, Paraguay",Challenger,Semifinals,Guido Ivan Justo,Nick Hardt,2,false,1,finished,0,2,False,1781904600,Nick Hardt,False,away,Guido Ivan Justo,SF,2026-06-19 21:30
H0A4,0,16306780,1781989200,"Asuncion 2, Paraguay",Challenger,Final,Nick Hardt,Juan Estevez,1,false,2,finished,2,1,False,1781989200,Nick Hardt,False,home,Juan Estevez,F,2026-06-20 21:00
H0A4,0,16377666,1782392400,"Piracicaba, Brazil",Challenger,Round of 32,Nick Hardt,Nicolas Oliveira,1,false,2,finished,2,1,False,1782392400,Nick Hardt,False,home,Nicolas Oliveira,R32,2026-06-25 13:00
H0A4,0,16345077,1782491400,"Piracicaba, Brazil",Challenger,Round of 16,Nick Hardt,Wilson Leite,1,false,1,finished,2,0,False,1782491400,Nick Hardt,False,home,Wilson Leite,R16,2026-06-26 16:30
H0A4,1,14881673,1760445000,ITF M25 Santa Margherita di Pula 11 Men Doubles,ITF Men,Round of 16,Overmyer K / Pisanu M,Aubriot A / Hardt N,2,false,1,finished,0,2,False,1760445000,Nick Hardt,True,,,R16,2025-10-14 12:30
H0A4,1,14887287,1760515200,ITF M25 Santa Margherita di Pula 11 Men,ITF Men,Round of 16,Nick Hardt,Lorenzo Giustino,1,false,2,finished,0,0,False,1760515200,Nick Hardt,False,home,Lorenzo Giustino,R16,2025-10-15 08:00
H0A4,1,14895620,1760608800,ITF M25 Santa Margherita di Pula 11 Men,ITF Men,Quarterfinals,Dominik Reček,Nick Hardt,1,false,absent,finished,2,1,False,1760608800,Nick Hardt,False,away,Dominik Reček,QF,2025-10-16 10:00
H0A4,1,14893255,1760788800,ITF M25 Santa Margherita di Pula 11 Men Doubles,ITF Men,Quarterfinals,Bondioli F / Oradini G,Aubriot A / Hardt N,1,false,absent,finished,2,1,False,1760788800,Nick Hardt,True,,,QF,2025-10-18 12:00
H0A4,1,14915367,1760956200,ITF M25 Santa Margherita di Pula 12 Men,ITF Men,Round of 32,Andrey Chepelev,Nick Hardt,2,false,absent,finished,0,2,False,1760956200,Nick Hardt,False,away,Andrey Chepelev,R32,2025-10-20 10:30
H0A4,1,14937620,1761289200,ITF M25 Santa Margherita di Pula 12 Men,ITF Men,Round of 16,Nick Hardt,Federico Iannaccone,1,false,1,finished,2,1,False,1761289200,Nick Hardt,False,home,Federico Iannaccone,R16,2025-10-24 07:00
H0A4,1,14942754,1761305400,ITF M25 Santa Margherita di Pula 12 Men,ITF Men,Quarterfinals,Nick Hardt,Juan Cruz Martin Manzano,2,false,2,finished,1,2,False,1761305400,Nick Hardt,False,home,Juan Cruz Martin Manzano,QF,2025-10-24 11:30
H0A4,1,14963936,1761739200,ITF M25 Sintra 2 Men,ITF Men,Round of 32,Nick Hardt,Joao Graca,1,false,1,finished,2,0,False,1761739200,Nick Hardt,False,home,Joao Graca,R32,2025-10-29 12:00
H0A4,1,14970886,1761910200,ITF M25 Sintra 2 Men,ITF Men,Round of 16,Carlo Alberto Caniato,Nick Hardt,1,false,absent,finished,2,0,False,1761910200,Nick Hardt,False,away,Carlo Alberto Caniato,R16,2025-10-31 11:30
H0A4,1,15546270,1771357200,"Metepec, Mexico",Challenger,Round of 32,Alexis Galarneau,Nick Hardt,1,false,1,finished,2,0,False,1771357200,Nick Hardt,False,away,Alexis Galarneau,R32,2026-02-17 19:40
H0A4,1,15610656,1771954200,ITF M15 San Jose Men,ITF Men,Round of 32,Nick Hardt,Peter Bertran,1,false,absent,finished,2,0,False,1771954200,Nick Hardt,False,home,Peter Bertran,R32,2026-02-24 17:30
H0A4,1,15616854,1772031600,ITF M15 San Jose Men,ITF Men,Round of 16,Nick Hardt,Seydina Andre,1,false,2,finished,2,0,False,1772031600,Nick Hardt,False,home,Seydina Andre,R16,2026-02-25 15:00
H0A4,1,15616876,1772042400,ITF M15 San Jose Men Doubles,ITF Men,Round of 16,Hardt N / Munoz E,Catini N / Gurenko V,absent,true,absent,canceled,absent,absent,False,1772042400,Nick Hardt,True,,,R16,2026-02-25 18:00
H0A4,1,15624738,1772118000,ITF M15 San Jose Men,ITF Men,Quarterfinals,Nick Hardt,Andrew Fenty,1,false,absent,finished,2,1,False,1772118000,Nick Hardt,False,home,Andrew Fenty,QF,2026-02-26 15:00
H0A4,1,15624735,1772130600,ITF M15 San Jose Men Doubles,ITF Men,Quarterfinals,Seeman J / Strombachs R,Hardt N / Munoz E,2,false,2,finished,2,1,False,1772130600,Nick Hardt,True,,,QF,2026-02-26 18:30
H0A4,1,15629735,1772217000,ITF M15 San Jose Men,ITF Men,Semifinals,Guillaume Dalmasso,Nick Hardt,2,false,absent,finished,0,2,False,1772217000,Nick Hardt,False,away,Guillaume Dalmasso,SF,2026-02-27 18:30
H0A4,1,15633842,1772298000,ITF M15 San Jose Men,ITF Men,Final,Blaise Bicknell,Nick Hardt,1,false,absent,finished,2,0,False,1772298000,Nick Hardt,False,away,Blaise Bicknell,F,2026-02-28 17:00
H0A4,1,15688599,1773279000,"Cap Cana, Dominican Republic",Challenger,Round of 32,Mariano Navone,Nick Hardt,1,false,1,finished,2,1,False,1773279000,Nick Hardt,False,away,Mariano Navone,R32,2026-03-12 01:30
H0A4,1,15688601,1773360600,"Cap Cana, Dominican Republic, Doubles",Challenger,Round of 16,Bertran P / Hardt N,Cerundolo J / Uchiyama T,2,false,2,finished,1,2,False,1773360600,Nick Hardt,True,,,R16,2026-03-13 00:10
H0A4,2,14017715,1750154400,ITF M25 Klosters Men Doubles,ITF Men,Round of 16,Aubriot A / Hardt N,Plunger M / Taddia L,1,false,1,finished,2,1,False,1750154400,Nick Hardt,True,,,R16,2025-06-17 10:00
H0A4,2,14019088,1750240800,ITF M25 Klosters Men,ITF Men,Round of 32,Pyotr Nesterov,Nick Hardt,1,false,2,finished,2,0,False,1750240800,Nick Hardt,False,away,Pyotr Nesterov,R32,2025-06-18 10:00
H0A4,2,14023157,1750320000,ITF M25 Klosters Men Doubles,ITF Men,Quarterfinals,Genier T / Wenger D,Aubriot A / Hardt N,1,false,absent,finished,absent,absent,False,1750320000,Nick Hardt,True,,,QF,2025-06-19 08:00
H0A4,2,14043225,1750766400,ITF M25 Brussels Men Doubles,ITF Men,Round of 16,Beaupain S / Hardt N,Baluska Y / Raynel A,1,false,absent,finished,2,0,False,1750766400,Nick Hardt,True,,,R16,2025-06-24 12:00
H0A4,2,14043202,1750838400,ITF M25 Brussels Men,ITF Men,Round of 32,Nick Hardt,Amaury Raynel,1,false,absent,finished,2,0,False,1750838400,Nick Hardt,False,home,Amaury Raynel,R32,2025-06-25 08:00
H0A4,2,14051851,1750933800,ITF M25 Brussels Men,ITF Men,Round of 16,Nick Hardt,Emilien Demanet,1,false,2,finished,2,0,False,1750933800,Nick Hardt,False,home,Emilien Demanet,R16,2025-06-26 10:30
H0A4,2,14051979,1750946400,ITF M25 Brussels Men Doubles,ITF Men,Quarterfinals,Bonnaud A / Branger L,Beaupain S / Hardt N,1,false,absent,finished,absent,absent,False,1750946400,Nick Hardt,True,,,QF,2025-06-26 14:00
H0A4,2,14057431,1751011200,ITF M25 Brussels Men,ITF Men,Quarterfinals,Daniel Dutra Da Silva,Nick Hardt,2,false,1,finished,0,2,False,1751011200,Nick Hardt,False,away,Daniel Dutra Da Silva,QF,2025-06-27 08:00
H0A4,2,14062135,1751110200,ITF M25 Brussels Men,ITF Men,Semifinals,Nick Hardt,Marvin Möller,2,false,absent,finished,0,2,False,1751110200,Nick Hardt,False,home,Marvin Möller,SF,2025-06-28 11:30
H0A4,2,14082825,1751457600,ITF M25 Marburg Men,ITF Men,Round of 32,Nick Hardt,Rudolf Molleker,1,false,1,finished,2,0,False,1751457600,Nick Hardt,False,home,Rudolf Molleker,R32,2025-07-02 12:00
H0A4,2,14087718,1751556600,ITF M25 Marburg Men,ITF Men,Round of 16,Imanol Lopez Morillo,Nick Hardt,2,false,2,finished,0,2,False,1751556600,Nick Hardt,False,away,Imanol Lopez Morillo,R16,2025-07-03 15:30
H0A4,2,14096770,1751632200,ITF M25 Marburg Men,ITF Men,Quarterfinals,Filip Jeff Planins ek,Nick Hardt,1,false,absent,finished,2,1,False,1751632200,Nick Hardt,False,away,Filip Jeff Planins ek,QF,2025-07-04 12:30
H0A4,2,14130432,1751968800,ITF M25+H Kassel Men,ITF Men,Qualification Round 3,Nick Hardt,Thomas Gerbaud,1,false,2,finished,2,0,False,1751968800,Nick Hardt,False,home,Thomas Gerbaud,Q3,2025-07-08 10:00
H0A4,2,14134687,1752064200,ITF M25+H Kassel Men,ITF Men,Round of 32,David Fix,Nick Hardt,2,false,absent,finished,0,2,False,1752064200,Nick Hardt,False,away,David Fix,R32,2025-07-09 12:30
H0A4,2,14145919,1752159600,ITF M25+H Kassel Men,ITF Men,Round of 16,Nick Hardt,Sydney Zick,1,false,2,finished,2,1,False,1752159600,Nick Hardt,False,home,Sydney Zick,R16,2025-07-10 15:00
H0A4,2,14153892,1752242400,ITF M25+H Kassel Men,ITF Men,Quarterfinals,Daniel Siniakov,Nick Hardt,1,false,absent,finished,2,0,False,1752242400,Nick Hardt,False,away,Daniel Siniakov,QF,2025-07-11 14:00
H0A4,2,14248183,1753282800,ITF M25 Denia Men,ITF Men,Round of 32,Sergio Planella Hernandez,Nick Hardt,absent,true,absent,canceled,absent,absent,False,1753282800,Nick Hardt,False,away,Sergio Planella Hernandez,R32,2025-07-23 15:00
H0A4,2,14297838,1753774200,ITF M25 Gentofte Men,ITF Men,Round of 32,Nick Hardt,Benjamin Hannestad,1,false,absent,finished,2,0,False,1753774200,Nick Hardt,False,home,Benjamin Hannestad,R32,2025-07-29 07:30
H0A4,2,14308645,1753956000,ITF M25 Gentofte Men,ITF Men,Round of 16,Nick Hardt,Anton Shepp,1,false,absent,finished,2,0,False,1753956000,Nick Hardt,False,home,Anton Shepp,R16,2025-07-31 10:00
H0A4,2,14320504,1754035200,ITF M25 Gentofte Men,ITF Men,Quarterfinals,Nick Hardt,Eric Vanshelboim,1,false,absent,finished,2,0,False,1754035200,Nick Hardt,False,home,Eric Vanshelboim,QF,2025-08-01 08:00
H0A4,3,12429764,1718700000,"Poznan, Poland",Challenger,Round of 32,Nick Hardt,Ivan Gakhov,1,false,1,finished,2,0,False,1718700000,Nick Hardt,False,home,Ivan Gakhov,R32,2024-06-18 08:40
H0A4,3,12419799,1718794200,"Poznan, Poland",Challenger,Round of 16,Nick Hardt,Hynek Barton,1,false,2,finished,2,0,False,1718794200,Nick Hardt,False,home,Hynek Barton,R16,2024-06-19 10:50
H0A4,3,12419795,1718880000,"Poznan, Poland",Challenger,Quarterfinals,Nick Hardt,Genaro Alberto Olivieri,2,false,1,finished,0,2,False,1718880000,Nick Hardt,False,home,Genaro Alberto Olivieri,QF,2024-06-20 10:40
H0A4,3,12455065,1719228000,"Wimbledon, London, GB, Qualifying, 1st - 2nd Round",ATP,Qualification round 1,Nick Hardt,Dennis Novak,1,false,1,finished,2,0,False,1719228000,Nick Hardt,False,home,Dennis Novak,Q1,2024-06-24 11:20
H0A4,3,12457502,1719396000,"Wimbledon, London, GB, Qualifying, 1st - 2nd Round",ATP,Qualification round 2,Damir Džumhur,Nick Hardt,1,false,1,finished,2,1,False,1719396000,Nick Hardt,False,away,Damir Džumhur,Q2,2024-06-26 10:00
H0A4,3,12533552,1720867800,"Hamburg, Germany, Qualifying",ATP,Qualification round 1,Marvin Möller,Nick Hardt,2,false,1,finished,0,2,False,1720867800,Nick Hardt,False,away,Marvin Möller,Q1,2024-07-13 10:50
H0A4,3,12536413,1720951200,"Hamburg, Germany, Qualifying",ATP,Qualification round 2,Jesper De Jong,Nick Hardt,1,false,1,finished,2,0,False,1720951200,Nick Hardt,False,away,Jesper De Jong,Q2,2024-07-14 10:00
H0A4,3,12546052,1721120400,"Hamburg, Germany",ATP,Round of 32,Luciano Darderi,Nick Hardt,1,false,1,finished,2,1,False,1721120400,Nick Hardt,False,away,Luciano Darderi,R32,2024-07-16 09:00
H0A4,3,12574327,1721491200,"Umag, Croatia, Qualifying",ATP,Qualification round 1,David Jorda Sanchis,Nick Hardt,1,false,2,finished,2,1,False,1721491200,Nick Hardt,False,away,David Jorda Sanchis,Q1,2024-07-20 16:00
H0A4,3,12611467,1722330000,"San Marino, San Marino",Challenger,Round of 32,Nick Hardt,Maxime Janvier,1,false,1,finished,2,0,False,1722330000,Nick Hardt,False,home,Maxime Janvier,R32,2024-07-30 09:00
H0A4,3,12610118,1722438300,"San Marino, San Marino, Doubles",Challenger,Round of 16,Martos Gornes S / Vega Hernández D,Dutra da Silva D / Hardt N,2,false,1,finished,1,2,False,1722438300,Nick Hardt,True,,,R16,2024-07-31 15:05
H0A4,3,12593698,1722520800,"San Marino, San Marino",Challenger,Round of 16,Nick Hardt,Francisco Comesaña,2,false,1,finished,1,2,False,1722520800,Nick Hardt,False,home,Francisco Comesaña,R16,2024-08-01 14:00
H0A4,3,12595109,1722536700,"San Marino, San Marino, Doubles",Challenger,Quarterfinals,Dutra da Silva D / Hardt N,Bortolotti M / Romios M C,2,false,absent,finished,absent,absent,False,1722536700,Nick Hardt,True,,,QF,2024-08-01 18:25
H0A4,3,12667266,1723585800,"Santo Domingo, Dominican Republic",Challenger,Round of 32,Bernard Tomić,Nick Hardt,1,false,2,finished,2,1,False,1723585800,Nick Hardt,False,away,Bernard Tomić,R32,2024-08-13 21:50
H0A4,3,12709338,1724175000,"US Open, New York, USA, Qualifying",ATP,Qualification round 1,Borna Gojo,Nick Hardt,1,false,1,finished,2,0,False,1724175000,Nick Hardt,False,away,Borna Gojo,Q1,2024-08-20 17:30
H0A4,3,13134520,1731944700,"Montemar, Spain",Challenger,Round of 32,Nick Hardt,Adrian Andreev,1,false,1,finished,1,0,False,1731944700,Nick Hardt,False,home,Adrian Andreev,R32,2024-11-18 15:45
H0A4,3,13120881,1732204800,"Montemar, Spain",Challenger,Round of 16,Nick Hardt,Edas Butvilas,1,false,1,finished,2,0,False,1732204800,Nick Hardt,False,home,Edas Butvilas,R16,2024-11-21 16:00
H0A4,3,13120876,1732291200,"Montemar, Spain",Challenger,Quarterfinals,Lukas Neumayer,Nick Hardt,1,false,2,finished,2,0,False,1732291200,Nick Hardt,False,away,Lukas Neumayer,QF,2024-11-22 16:00
H0A4,3,13134521,1736121600,"Australian Open, Melbourne, Australia, Qualifying",ATP,Qualification Round 1,Nick Hardt,Matteo Gigante,2,false,1,finished,0,2,False,1736121600,Nick Hardt,False,home,Matteo Gigante,Q1,2025-01-06 00:00
H0A4,4,12156232,1710967800,"Merida, Mexico",Challenger,Round of 16,Jacob Brumm,Nick Hardt,2,false,1,finished,0,2,False,1710967800,Nick Hardt,False,away,Jacob Brumm,R16,2024-03-20 20:50
H0A4,4,12156226,1711051200,"Merida, Mexico",Challenger,Quarterfinals,Nick Hardt,Facundo Mena,1,false,1,finished,2,0,False,1711051200,Nick Hardt,False,home,Facundo Mena,QF,2024-03-21 20:00
H0A4,4,12156231,1711159200,"Merida, Mexico",Challenger,Semifinals,Nick Hardt,Tristan Boyer,2,false,1,finished,0,2,False,1711159200,Nick Hardt,False,home,Tristan Boyer,SF,2024-03-23 02:00
H0A4,4,12197282,1711535400,"Tarragona, Singles Main, M-ITF-ESP-06A",ITF Men,Round of 32,Nick Hardt,Iliyan Radulov,1,false,2,finished,2,1,False,1711535400,Nick Hardt,False,home,Iliyan Radulov,R32,2024-03-27 10:30
H0A4,4,12200135,1711631400,"Tarragona, Singles Main, M-ITF-ESP-06A",ITF Men,Round of 16,Nick Hardt,Michiel De Krom,2,false,1,finished,0,2,False,1711631400,Nick Hardt,False,home,Michiel De Krom,R16,2024-03-28 13:10
H0A4,4,12210500,1711984800,"Barcelona, Spain",Challenger,Round of 32,Quentin Halys,Nick Hardt,2,false,2,finished,1,2,False,1711984800,Nick Hardt,False,away,Quentin Halys,R32,2024-04-01 15:20
H0A4,4,12209452,1712072700,"Barcelona, Spain, Doubles",Challenger,Round of 16,Chirala S R / Hardt N,Drzewiecki K / Walkow S,2,false,1,finished,0,2,False,1712072700,Nick Hardt,True,,,R16,2024-04-02 15:45
H0A4,4,12191988,1712151600,"Barcelona, Spain",Challenger,Round of 16,Nick Hardt,Valentin Royer,1,false,1,finished,2,0,False,1712151600,Nick Hardt,False,home,Valentin Royer,R16,2024-04-03 13:40
H0A4,4,12191985,1712316000,"Barcelona, Spain",Challenger,Quarterfinals,Nick Hardt,Nicholas David Ionel,1,false,2,finished,2,0,False,1712316000,Nick Hardt,False,home,Nicholas David Ionel,QF,2024-04-05 11:20
H0A4,4,12191987,1712399700,"Barcelona, Spain",Challenger,Semifinals,Nick Hardt,Javier Barranco Cosano,1,false,1,finished,2,1,False,1712399700,Nick Hardt,False,home,Javier Barranco Cosano,SF,2024-04-06 10:35
H0A4,4,12191997,1712480400,"Barcelona, Spain",Challenger,Final,Nick Hardt,Bernabe Zapata Miralles,1,false,1,finished,2,1,False,1712480400,Nick Hardt,False,home,Bernabe Zapata Miralles,F,2024-04-07 09:00
H0A4,4,12230039,1712678100,"Madrid, Spain",Challenger,Round of 32,Nick Hardt,Rudolf Molleker,2,false,2,finished,0,2,False,1712678100,Nick Hardt,False,home,Rudolf Molleker,R32,2024-04-09 15:55
H0A4,4,12245560,1713003300,"Barcelona, Spain, Qualifying",ATP,Qualifying,Facundo Bagnis,Nick Hardt,2,false,2,finished,1,2,False,1713003300,Nick Hardt,False,away,Facundo Bagnis,Q,2024-04-13 10:15
H0A4,4,12248504,1713089700,"Barcelona, Spain, Qualifying",ATP,Qualifying,Nick Hardt,Hugo Dellien,1,false,1,finished,2,1,False,1713089700,Nick Hardt,False,home,Hugo Dellien,Q,2024-04-14 10:15
H0A4,4,12251100,1713186300,"Barcelona, Spain",ATP,Round of 64,Nick Hardt,Martin Landaluce,1,false,2,finished,2,1,False,1713186300,Nick Hardt,False,home,Martin Landaluce,R64,2024-04-15 13:05
H0A4,4,12241881,1713283800,"Barcelona, Spain",ATP,Round of 32,Tomas Martin Etcheverry,Nick Hardt,1,false,1,finished,2,0,False,1713283800,Nick Hardt,False,away,Tomas Martin Etcheverry,R32,2024-04-16 16:10
H0A4,4,12306771,1715072400,"Francavilla, Italy",Challenger,Round of 32,Nick Hardt,Enrico Dalla Valle,1,false,1,finished,2,0,False,1715072400,Nick Hardt,False,home,Enrico Dalla Valle,R32,2024-05-07 09:00
H0A4,4,12296909,1715164500,"Francavilla, Italy",Challenger,Round of 16,Maks Kasnikowski,Nick Hardt,2,false,2,finished,1,2,False,1715164500,Nick Hardt,False,away,Maks Kasnikowski,R16,2024-05-08 10:35
H0A4,4,12308583,1715184000,"Francavilla, Italy, Doubles",Challenger,Round of 16,Hardt N / Taylor A (1991),Galarneau A / Kiger M,2,false,1,finished,0,2,False,1715184000,Nick Hardt,True,,,R16,2024-05-08 16:00
H0A4,4,12296914,1715331600,"Francavilla, Italy",Challenger,Quarterfinals,Nick Hardt,Andrea Pellegrino,1,false,2,finished,2,0,False,1715331600,Nick Hardt,False,home,Andrea Pellegrino,QF,2024-05-10 09:00
H0A4,4,12296915,1715426400,"Francavilla, Italy",Challenger,Semifinals,Nick Hardt,Jacopo Berrettini,2,false,2,finished,1,2,False,1715426400,Nick Hardt,False,home,Jacopo Berrettini,SF,2024-05-11 11:20
H0A4,5,11970177,1705208100,"Nonthaburi 3, Thailand, Qualifying",Challenger,Qualification round 1,Nick Hardt,Giovanni Fonio,2,false,2,finished,0,2,False,1705208100,Nick Hardt,False,home,Giovanni Fonio,Q1,2024-01-14 04:55
H0A4,5,12016517,1706617800,"Antalya, Doubles Main, M-ITF-TUR-04A",ITF Men,Round of 16,Hardt N / Roveri Sidney G,Akkoyun U / Ozdemir S M,1,false,1,finished,2,1,False,1706617800,Nick Hardt,True,,,R16,2024-01-30 12:30
H0A4,5,12018812,1706702700,"Antalya, Singles Main, M-ITF-TUR-04A",ITF Men,Round of 32,Haydar Cem Gokpinar,Nick Hardt,2,false,absent,finished,0,2,False,1706702700,Nick Hardt,False,away,Haydar Cem Gokpinar,R32,2024-01-31 12:05
H0A4,5,12017483,1706770800,"Antalya, Singles Main, M-ITF-TUR-04A",ITF Men,Round of 16,Nikita Mashtakov,Nick Hardt,1,false,2,finished,2,1,False,1706770800,Nick Hardt,False,away,Nikita Mashtakov,R16,2024-02-01 07:00
H0A4,5,12022275,1706787900,"Antalya, Doubles Main, M-ITF-TUR-04A",ITF Men,Quarterfinals,Hardt N / Roveri Sidney G,Erhard M / Gea A,1,false,2,finished,2,0,False,1706787900,Nick Hardt,True,,,QF,2024-02-01 11:45
H0A4,5,12024685,1706863200,"Antalya, Doubles Main, M-ITF-TUR-04A",ITF Men,Semifinals,Hardt N / Roveri Sidney G,Kellovsky D / Pavel B,2,false,absent,finished,0,2,False,1706863200,Nick Hardt,True,,,SF,2024-02-02 08:40
H0A4,5,12046086,1707220500,"Antalya, Doubles Main, M-ITF-TUR-05A",ITF Men,Round of 16,Hardt N / Roveri Sidney G,Reitano S / Spiridon D C,1,false,1,finished,2,0,False,1707220500,Nick Hardt,True,,,R16,2024-02-06 11:55
H0A4,5,12048618,1707303000,"Antalya, Singles Main, M-ITF-TUR-05A",ITF Men,Round of 32,Nick Hardt,Denis Constantin Spiridon,1,false,1,finished,1,0,False,1707303000,Nick Hardt,False,home,Denis Constantin Spiridon,R32,2024-02-07 10:50
H0A4,5,12051707,1707382800,"Antalya, Singles Main, M-ITF-TUR-05A",ITF Men,Round of 16,Nick Hardt,Stefano Reitano,1,false,1,finished,2,0,False,1707382800,Nick Hardt,False,home,Stefano Reitano,R16,2024-02-08 09:00
H0A4,5,12051800,1707394500,"Antalya, Doubles Main, M-ITF-TUR-05A",ITF Men,Quarterfinals,Hardt N / Roveri Sidney G,Hignett L / Mackinlay J,1,false,1,finished,2,0,False,1707394500,Nick Hardt,True,,,QF,2024-02-08 12:15
H0A4,5,12054313,1707472800,"Antalya, Singles Main, M-ITF-TUR-05A",ITF Men,Quarterfinals,Nick Hardt,Hady Habib,1,false,1,finished,2,1,False,1707472800,Nick Hardt,False,home,Hady Habib,QF,2024-02-09 10:00
H0A4,5,12058236,1707564600,"Antalya, Singles Main, M-ITF-TUR-05A",ITF Men,Semifinals,Daniel Merida,Nick Hardt,2,false,absent,finished,0,2,False,1707564600,Nick Hardt,False,away,Daniel Merida,SF,2024-02-10 11:30
H0A4,5,12054535,1707570300,"Antalya, Doubles Main, M-ITF-TUR-05A",ITF Men,Semifinals,Hardt N / Roveri Sidney G,Gulin S / Popovic S,1,false,1,finished,2,0,False,1707570300,Nick Hardt,True,,,SF,2024-02-10 13:05
H0A4,5,12058407,1707636600,"Antalya, Singles Main, M-ITF-TUR-05A",ITF Men,Final,Clement Tabur,Nick Hardt,2,false,1,finished,0,2,False,1707636600,Nick Hardt,False,away,Clement Tabur,F,2024-02-11 07:30
H0A4,5,12058466,1707655500,"Antalya, Doubles Main, M-ITF-TUR-05A",ITF Men,Final,Hardt N / Roveri Sidney G,Lingua Lavallen A L / Paz J P,2,false,2,finished,0,2,False,1707655500,Nick Hardt,True,,,F,2024-02-11 12:45
H0A4,5,12064937,1707985800,"Antalya, Singles Main, M-ITF-TUR-06A",ITF Men,Round of 32,Nick Hardt,Mathys Erhard,1,false,1,finished,1,0,False,1707985800,Nick Hardt,False,home,Mathys Erhard,R32,2024-02-15 08:30
H0A4,6,11553417,1692468900,"Winston-Salem, USA, Qualifying",ATP,Qualification round 1,Nick Hardt,Thai-Son Kwiatkowski,2,false,absent,finished,0,2,False,1692468900,Nick Hardt,False,home,Thai-Son Kwiatkowski,Q1,2023-08-19 18:15
H0A4,6,11589147,1693310400,"Mallorca, Spain",Challenger,Round of 32,Coleman Wong,Nick Hardt,2,false,absent,finished,1,2,False,1693310400,Nick Hardt,False,away,Coleman Wong,R32,2023-08-29 12:00
H0A4,6,11588813,1693326600,"Mallorca, Spain, Doubles",Challenger,Round of 16,T. Arribage / L. Sanchez,Hardt N / Taylor A (1991),1,false,absent,finished,2,1,False,1693326600,Nick Hardt,True,,,R16,2023-08-29 16:30
H0A4,6,11568313,1693498800,"Mallorca, Spain",Challenger,Round of 16,Jules Marie,Nick Hardt,2,false,absent,finished,1,2,False,1693498800,Nick Hardt,False,away,Jules Marie,R16,2023-08-31 16:20
H0A4,6,11568318,1693591800,"Mallorca, Spain",Challenger,Quarterfinals,Nick Hardt,Harold Mayot,2,false,absent,finished,1,2,False,1693591800,Nick Hardt,False,home,Harold Mayot,QF,2023-09-01 18:10
H0A4,6,11607058,1693821600,"Istanbul, Turkiye",Challenger,Round of 32,Soonwoo Kwon,Nick Hardt,2,false,absent,finished,0,2,False,1693821600,Nick Hardt,False,away,Soonwoo Kwon,R32,2023-09-04 10:00
H0A4,6,11596626,1694078700,"Istanbul, Turkiye",Challenger,Round of 16,Nick Hardt,Bernard Tomić,1,false,absent,finished,2,1,False,1694078700,Nick Hardt,False,home,Bernard Tomić,R16,2023-09-07 09:25
H0A4,6,11596627,1694165100,"Istanbul, Turkiye",Challenger,Quarterfinals,Nick Hardt,Altug Celikbilek,1,false,absent,finished,1,1,False,1694165100,Nick Hardt,False,home,Altug Celikbilek,QF,2023-09-08 09:25
H0A4,6,11596635,1694257800,"Istanbul, Turkiye",Challenger,Semifinals,Nick Hardt,Damir Džumhur,2,false,absent,finished,0,2,False,1694257800,Nick Hardt,False,home,Damir Džumhur,SF,2023-09-09 11:10
H0A4,6,11634471,1694523000,"Monastir, Doubles Main, M-ITF-TUN-41A",ITF Men,Round of 16,Fukuda K / Umeoka Y,Hardt N / Reitano S,2,false,2,finished,0,2,False,1694523000,Nick Hardt,True,,,R16,2023-09-12 12:50
H0A4,6,11635386,1694599500,"Monastir, Singles Main, M-ITF-TUN-41A",ITF Men,Round of 32,Federico Bove,Nick Hardt,1,false,1,finished,2,0,False,1694599500,Nick Hardt,False,away,Federico Bove,R32,2023-09-13 10:05
H0A4,6,11639014,1694680200,"Monastir, Singles Main, M-ITF-TUN-41A",ITF Men,Round of 16,Cyril Vandermeersch,Nick Hardt,1,false,2,finished,2,0,False,1694680200,Nick Hardt,False,away,Cyril Vandermeersch,R16,2023-09-14 08:30
H0A4,6,11636825,1694701800,"Monastir, Doubles Main, M-ITF-TUN-41A",ITF Men,Quarterfinals,Benaim M / Mischker F,Hardt N / Reitano S,2,false,2,finished,1,2,False,1694701800,Nick Hardt,True,,,QF,2023-09-14 14:30
H0A4,6,11641760,1694766600,"Monastir, Singles Main, M-ITF-TUN-41A",ITF Men,Quarterfinals,Robin Bertrand,Nick Hardt,2,false,2,finished,1,2,False,1694766600,Nick Hardt,False,away,Robin Bertrand,QF,2023-09-15 08:30
H0A4,6,11643133,1694782800,"Monastir, Doubles Main, M-ITF-TUN-41A",ITF Men,Semifinals,Bhangdia J / Nortey I,Hardt N / Reitano S,2,false,absent,finished,0,2,False,1694782800,Nick Hardt,True,,,SF,2023-09-15 13:00
H0A4,6,11646981,1694857500,"Monastir, Doubles Main, M-ITF-TUN-41A",ITF Men,Final,Ostapenkov D / van Wyk K,Hardt N / Reitano S,1,false,absent,finished,absent,absent,False,1694857500,Nick Hardt,True,,,F,2023-09-16 09:45
H0A4,6,11684085,1695740400,"Bogota, Colombia",Challenger,Round of 32,Orlando Luz,Nick Hardt,2,false,absent,finished,0,2,False,1695740400,Nick Hardt,False,away,Orlando Luz,R32,2023-09-26 15:00
H0A4,6,11673955,1695826800,"Bogota, Colombia",Challenger,Round of 16,Murkel Dellien,Nick Hardt,1,false,absent,finished,2,0,False,1695826800,Nick Hardt,False,away,Murkel Dellien,R16,2023-09-27 15:00
H0A4,6,11695621,1695931800,"Bogota, Colombia, Doubles",Challenger,Round of 16,Lock B / Nedunchezhiyan J,Hardt N / Soto M,1,false,absent,finished,2,1,False,1695931800,Nick Hardt,True,,,R16,2023-09-28 20:10
H0A4,7,11238829,1683134700,"Coquimbo, Chile",Challenger,Round of 16,Nick Hardt,Jose Pereira,1,false,absent,finished,2,0,False,1683134700,Nick Hardt,False,home,Jose Pereira,R16,2023-05-03 17:25
H0A4,7,11238839,1683216600,"Coquimbo, Chile",Challenger,Quarterfinals,Nick Hardt,Joao Lucas Reis da Silva,2,false,absent,finished,1,2,False,1683216600,Nick Hardt,False,home,Joao Lucas Reis da Silva,QF,2023-05-04 16:10
H0A4,7,11238845,1683295200,"Coquimbo, Chile, Doubles",Challenger,Quarterfinals,Carou I / Comesaña F,Hardt N / Nakagawa N,2,false,absent,finished,absent,absent,False,1683295200,Nick Hardt,True,,,QF,2023-05-05 14:00
H0A4,7,11238842,1683312300,"Coquimbo, Chile, Doubles",Challenger,Semifinals,Farjat T / Juarez F,Hardt N / Nakagawa N,1,false,absent,finished,2,0,False,1683312300,Nick Hardt,True,,,SF,2023-05-05 18:45
H0A4,7,11264037,1683619200,"Prague 2, Czech Republic",Challenger,Round of 32,Federico Gaio,Nick Hardt,2,false,absent,finished,0,2,False,1683619200,Nick Hardt,False,away,Federico Gaio,R32,2023-05-09 08:00
H0A4,7,11254685,1683716100,"Prague 2, Czech Republic",Challenger,Round of 16,Nick Hardt,Akira Santillan,2,false,absent,finished,1,2,False,1683716100,Nick Hardt,False,home,Akira Santillan,R16,2023-05-10 10:55
H0A4,7,11280385,1684064700,"Oeiras 4, Portugal, Qualifying",Challenger,Qualification round 1,Nick Hardt,Eduardo Ribeiro,2,false,absent,finished,1,2,False,1684064700,Nick Hardt,False,home,Eduardo Ribeiro,Q1,2023-05-14 11:45
H0A4,7,11299145,1684847700,"French Open, Paris, France, Qualifying",ATP,Qualification round 1,Nick Hardt,Gabriel Debru,1,false,1,finished,2,1,False,1684847700,Nick Hardt,False,home,Gabriel Debru,Q1,2023-05-23 13:15
H0A4,7,11305010,1684936800,"French Open, Paris, France, Qualifying",ATP,Qualification round 2,Aslan Karatsev,Nick Hardt,1,false,2,finished,2,0,False,1684936800,Nick Hardt,False,away,Aslan Karatsev,Q2,2023-05-24 14:00
H0A4,7,11314527,1685272800,"Troisdorf, Germany, Qualifying",Challenger,Qualification round 1,Nick Hardt,Orlando Luz,1,false,absent,finished,2,0,False,1685272800,Nick Hardt,False,home,Orlando Luz,Q1,2023-05-28 11:20
H0A4,7,11316493,1685354400,"Troisdorf, Germany, Qualifying",Challenger,Qualification round 2,Nick Hardt,Louis Wessels,1,false,absent,finished,2,0,False,1685354400,Nick Hardt,False,home,Louis Wessels,Q2,2023-05-29 10:00
H0A4,7,11318405,1685439300,"Troisdorf, Germany",Challenger,Round of 32,Nick Hardt,Chun-Hsin Tseng,1,false,absent,finished,2,1,False,1685439300,Nick Hardt,False,home,Chun-Hsin Tseng,R32,2023-05-30 09:35
H0A4,7,11313738,1685458800,"Troisdorf, Germany, Doubles",Challenger,Round of 16,Hardt N / Kotov P,Merino A / Negritu C,1,false,absent,finished,2,0,False,1685458800,Nick Hardt,True,,,R16,2023-05-30 15:00
H0A4,7,11303350,1685541300,"Troisdorf, Germany",Challenger,Round of 16,Nick Hardt,Mats Moraing,1,false,absent,finished,2,1,False,1685541300,Nick Hardt,False,home,Mats Moraing,R16,2023-05-31 13:55
H0A4,7,11308644,1685629200,"Troisdorf, Germany, Doubles",Challenger,Quarterfinals,Hardt N / Kotov P,Molchanov D / Zelenay I,2,false,absent,finished,0,2,False,1685629200,Nick Hardt,True,,,QF,2023-06-01 14:20
H0A4,7,11303346,1685710800,"Troisdorf, Germany",Challenger,Quarterfinals,Ivan Gakhov,Nick Hardt,1,false,absent,finished,2,1,False,1685710800,Nick Hardt,False,away,Ivan Gakhov,QF,2023-06-02 13:00
H0A4,7,11329524,1686044700,"Prostejov, Czech Republic",Challenger,Round of 32,Jiri Lehecka,Nick Hardt,1,false,absent,finished,2,0,False,1686044700,Nick Hardt,False,away,Jiri Lehecka,R32,2023-06-06 09:45
H0A4,7,11342747,1686661200,"Lyon, France",Challenger,Round of 32,Lucas Pouille,Nick Hardt,1,false,absent,finished,2,1,False,1686661200,Nick Hardt,False,away,Lucas Pouille,R32,2023-06-13 13:00
H0A4,7,11343149,1686720300,"Lyon, France, Doubles",Challenger,Round of 16,Lawson A / Pervolarakis M,Hardt N / Uchida K,1,false,absent,finished,absent,absent,False,1686720300,Nick Hardt,True,,,R16,2023-06-14 05:25
H0A4,8,10910269,1669907400,"Santo Domingo, Singles Main, M-ITF-DOM-08A",ITF Men,Round of 16,Nick Hardt,Marko Stakusic,1,false,absent,finished,absent,absent,False,1669907400,Nick Hardt,False,home,Marko Stakusic,R16,2022-12-01 15:10
H0A4,8,10912829,1669925100,"Santo Domingo, Doubles Main, M-ITF-DOM-08A",ITF Men,Quarterfinals,Hilderbrand T / Schachter N,Hardt N / Segarelli E A,1,false,1,finished,2,0,False,1669925100,Nick Hardt,True,,,QF,2022-12-01 20:05
H0A4,8,10916944,1669994700,"Santo Domingo, Singles Main, M-ITF-DOM-08A",ITF Men,Quarterfinals,Nick Hardt,Guy Den Ouden,1,false,1,finished,2,1,False,1669994700,Nick Hardt,False,home,Guy Den Ouden,QF,2022-12-02 15:25
H0A4,8,10918584,1670082900,"Santo Domingo, Singles Main, M-ITF-DOM-08A",ITF Men,Semifinals,Nick Hardt,Victor Lilov,1,false,2,finished,2,0,False,1670082900,Nick Hardt,False,home,Victor Lilov,SF,2022-12-03 15:55
H0A4,8,10920353,1670166000,"Santo Domingo, Singles Main, M-ITF-DOM-08A",ITF Men,Final,Nick Hardt,Liam Draxl,1,false,2,finished,2,0,False,1670166000,Nick Hardt,False,home,Liam Draxl,F,2022-12-04 15:00
H0A4,8,10978089,1673218800,"Australian Open, Melbourne, Australia, Qualifying",ATP,Qualification round 1,Nick Hardt,Elias Ymer,2,false,2,finished,0,2,False,1673218800,Nick Hardt,False,home,Elias Ymer,Q1,2023-01-08 23:00
H0A4,8,10992352,1673959500,"Tenerife, Spain",Challenger,Round of 32,Santiago Rodriguez Taverna,Nick Hardt,2,false,absent,finished,0,2,False,1673959500,Nick Hardt,False,away,Santiago Rodriguez Taverna,R32,2023-01-17 12:45
H0A4,8,10982726,1674124200,"Tenerife, Spain",Challenger,Round of 16,Nick Hardt,Aleksandr Shevchenko,2,false,absent,finished,0,2,False,1674124200,Nick Hardt,False,home,Aleksandr Shevchenko,R16,2023-01-19 10:30
H0A4,8,11008390,1674483300,"Quimper, France, Qualifying",Challenger,Qualification round 1,Nick Hardt,Reese Stalder,1,false,absent,finished,2,1,False,1674483300,Nick Hardt,False,home,Reese Stalder,Q1,2023-01-23 14:15
H0A4,8,11009980,1674560100,"Quimper, France, Qualifying",Challenger,absent,Nick Hardt,Johan Tatlot,2,false,absent,finished,0,2,False,1674560100,Nick Hardt,False,home,Johan Tatlot,Q,2023-01-24 11:35
H0A4,8,11013869,1674643500,"Quimper, France",Challenger,Round of 32,Dennis Novak,Nick Hardt,1,false,absent,finished,2,0,False,1674643500,Nick Hardt,False,away,Dennis Novak,R32,2023-01-25 10:45
H0A4,8,11037651,1675515600,"Davis Cup Single Matches, Group I-V",Davis Cup,absent,Lucas Catarina,Nick Hardt,1,false,1,finished,2,0,False,1675515600,Nick Hardt,False,away,Lucas Catarina,ABSENT,2023-02-04 13:00
H0A4,8,11042360,1675590600,"Davis Cup Double Matches, Group I-V",Davis Cup,absent,Arneodo R / Nys H,Cid Subervi R / Hardt N,1,false,2,finished,2,0,False,1675590600,Nick Hardt,True,,,ABSENT,2023-02-05 09:50
H0A4,8,11039904,1675599000,"Davis Cup Single Matches, Group I-V",Davis Cup,absent,Valentin Vacherot,Nick Hardt,absent,false,absent,canceled,absent,absent,False,1675599000,Nick Hardt,False,away,Valentin Vacherot,ABSENT,2023-02-05 12:10
H0A4,8,11040001,1675756800,"Tenerife 3, Spain, Doubles",Challenger,Round of 16,Garcia M / Rousseau H,N. Hardt / N. M. d. Alboran,absent,false,absent,canceled,absent,absent,False,1675756800,Nick Hardt,True,,,R16,2023-02-07 08:00
H0A4,8,11075194,1677006600,"Santo Domingo, Doubles Main, M-ITF-DOM-02A",ITF Men,Round of 16,Brown T / Rodrigues D,Hardt N / Segarelli E A,1,false,1,finished,2,0,False,1677006600,Nick Hardt,True,,,R16,2023-02-21 19:10
H0A4,8,11077558,1677090900,"Santo Domingo, Singles Main, M-ITF-DOM-02A",ITF Men,Round of 32,Nick Hardt,Luis Britto,1,false,2,finished,1,0,False,1677090900,Nick Hardt,False,home,Luis Britto,R32,2023-02-22 18:35
H0A4,8,11077529,1677170100,"Santo Domingo, Singles Main, M-ITF-DOM-02A",ITF Men,Round of 16,Nick Hardt,Connor Huertas Del Pino,1,false,1,finished,2,0,False,1677170100,Nick Hardt,False,home,Connor Huertas Del Pino,R16,2023-02-23 16:35
H0A4,9,10558496,1660869600,"Santo Domingo, Dominican Republic, Doubles",Challenger,Quarterfinals,Bonadio R / Giannessi A,Burruchaga R / Hardt N,1,false,absent,finished,absent,absent,False,1660869600,Nick Hardt,True,,,QF,2022-08-19 00:40
H0A4,9,10558506,1661007600,"Santo Domingo, Dominican Republic, Doubles",Challenger,Semifinals,Barrientos N / Reyes-Varela M,Burruchaga R / Hardt N,1,false,absent,finished,0,0,False,1661007600,Nick Hardt,True,,,SF,2022-08-20 15:00
H0A4,9,10609999,1661263200,"Granby, Canada",Challenger,Round of 32,Nick Hardt,Juan Carlos Aguilar,absent,false,absent,canceled,absent,absent,False,1661263200,Nick Hardt,False,home,Juan Carlos Aguilar,R32,2022-08-23 14:00
H0A4,9,10688844,1663342200,"Davis Cup Single Matches, Group I-V",Davis Cup,absent,Karlis Ozolins,Nick Hardt,1,false,1,finished,2,0,False,1663342200,Nick Hardt,False,away,Karlis Ozolins,ABSENT,2022-09-16 15:30
H0A4,9,10692862,1663398000,"Davis Cup Single Matches, Group I-V",Davis Cup,absent,Daniels Tens,Nick Hardt,2,false,absent,finished,0,2,False,1663398000,Nick Hardt,False,away,Daniels Tens,ABSENT,2022-09-17 07:00
H0A4,9,10692535,1663412400,"Davis Cup Double Matches, Group I-V",Davis Cup,absent,Ozolins K / Strombachs R,Estrella Burgos V / Hardt N,1,false,2,finished,2,1,False,1663412400,Nick Hardt,True,,,ABSENT,2022-09-17 11:00
H0A4,9,10688845,1663417800,"Davis Cup Single Matches, Group I-V",Davis Cup,absent,Robert Strombachs,Nick Hardt,absent,false,absent,canceled,absent,absent,False,1663417800,Nick Hardt,False,away,Robert Strombachs,ABSENT,2022-09-17 12:30
H0A4,9,10693599,1663671600,"Braga, Portugal",Challenger,Round of 32,Nick Hardt,Timofey Skatov,2,false,absent,finished,0,2,False,1663671600,Nick Hardt,False,home,Timofey Skatov,R32,2022-09-20 11:00
H0A4,9,10693615,1663760100,"Braga, Portugal, Doubles",Challenger,Round of 16,Michalski D / Shevchenko A,Hardt N / Taylor J,2,false,absent,finished,1,2,False,1663760100,Nick Hardt,True,,,R16,2022-09-21 11:35
H0A4,9,10685587,1663844400,"Braga, Portugal, Doubles",Challenger,Quarterfinals,Hardt N / Taylor J,Kopriva V / Pospisil J,2,false,absent,finished,1,2,False,1663844400,Nick Hardt,True,,,QF,2022-09-22 11:00
H0A4,9,10713171,1664112600,"Lisbon, Portugal, Qualifying",Challenger,Qualification round 1,Nick Hardt,Jaime Faria,2,false,absent,finished,0,1,False,1664112600,Nick Hardt,False,home,Jaime Faria,Q1,2022-09-25 13:30
H0A4,9,10712772,1664372400,"Lisbon, Portugal, Doubles",Challenger,Round of 16,Agamenone F / Zeppieri G,Hardt N / Taylor J,2,false,absent,finished,0,2,False,1664372400,Nick Hardt,True,,,R16,2022-09-28 13:40
H0A4,9,10701097,1664460900,"Lisbon, Portugal, Doubles",Challenger,Quarterfinals,Kolar Z / Oliveira G,Hardt N / Taylor J,1,false,absent,finished,2,0,False,1664460900,Nick Hardt,True,,,QF,2022-09-29 14:15
H0A4,9,10731030,1664894400,"Alicante, Spain",Challenger,Round of 32,Nick Hardt,Geoffrey Blancaneaux,1,false,absent,finished,1,0,False,1664894400,Nick Hardt,False,home,Geoffrey Blancaneaux,R32,2022-10-04 14:40
H0A4,9,10720587,1665068700,"Alicante, Spain",Challenger,Round of 16,Nicolas Alvarez Varona,Nick Hardt,2,false,absent,finished,0,2,False,1665068700,Nick Hardt,False,away,Nicolas Alvarez Varona,R16,2022-10-06 15:05
H0A4,9,10720589,1665158400,"Alicante, Spain",Challenger,Quarterfinals,Emilio Nava,Nick Hardt,2,false,absent,finished,1,2,False,1665158400,Nick Hardt,False,away,Emilio Nava,QF,2022-10-07 16:00
H0A4,9,10720584,1665225000,"Alicante, Spain",Challenger,Semifinals,Matteo Arnaldi,Nick Hardt,2,false,absent,finished,1,2,False,1665225000,Nick Hardt,False,away,Matteo Arnaldi,SF,2022-10-08 10:30
H0A4,10,10367714,1655298000,"Corrientes, Argentina",Challenger,Round of 16,Gustavo Heide,Nick Hardt,2,false,absent,finished,1,6,False,1655298000,Nick Hardt,False,away,Gustavo Heide,R16,2022-06-15 13:00
H0A4,10,10374782,1655328600,"Corrientes, Argentina, Doubles",Challenger,Round of 16,Hardt N / Velasquez V,Mayer L / Monzon I,2,false,absent,finished,0,2,False,1655328600,Nick Hardt,True,,,R16,2022-06-15 21:30
H0A4,10,10368984,1655493300,"Corrientes, Argentina",Challenger,Quarterfinals,Juan Pablo Ficovich,Nick Hardt,1,false,absent,finished,2,0,False,1655493300,Nick Hardt,False,away,Juan Pablo Ficovich,QF,2022-06-17 19:15
H0A4,10,10397864,1655825100,"Buenos Aires, Argentina",Challenger,Round of 32,Fermin Tenti,Nick Hardt,2,false,absent,finished,0,2,False,1655825100,Nick Hardt,False,away,Fermin Tenti,R32,2022-06-21 15:25
H0A4,10,10381310,1655996100,"Buenos Aires, Argentina",Challenger,Round of 16,Mariano Navone,Nick Hardt,1,false,absent,finished,2,1,False,1655996100,Nick Hardt,False,away,Mariano Navone,R16,2022-06-23 14:55
H0A4,10,10414857,1656358800,"Cali, Colombia",Challenger,Round of 32,Nick Hardt,Facundo Juarez,2,false,absent,finished,1,2,False,1656358800,Nick Hardt,False,home,Facundo Juarez,R32,2022-06-27 19:40
H0A4,10,10414449,1656450000,"Cali, Colombia, Doubles",Challenger,Round of 16,Juarez F / Villanueva G,Alvarez N / Hardt N,absent,false,absent,canceled,absent,absent,False,1656450000,Nick Hardt,True,,,R16,2022-06-28 21:00
H0A4,10,10430837,1656946800,"Bogota, Colombia",Challenger,Round of 32,Nick Hardt,Francisco Comesaña,absent,false,absent,canceled,absent,absent,False,1656946800,Nick Hardt,False,home,Francisco Comesaña,R32,2022-07-04 15:00
H0A4,10,10432602,1657033200,"Bogota, Colombia",Challenger,Round of 32,Nick Hardt,Aleksandar Kovačević,1,false,absent,finished,2,0,False,1657033200,Nick Hardt,False,home,Aleksandar Kovačević,R32,2022-07-05 15:00
H0A4,10,10420768,1657119600,"Bogota, Colombia",Challenger,Round of 16,Arklon Huertas Del Pino Cordova,Nick Hardt,2,false,absent,finished,0,2,False,1657119600,Nick Hardt,False,away,Arklon Huertas Del Pino Cordova,R16,2022-07-06 15:00
H0A4,10,10420772,1657302300,"Bogota, Colombia",Challenger,Quarterfinals,Facundo Juarez,Nick Hardt,2,false,absent,finished,0,2,False,1657302300,Nick Hardt,False,away,Facundo Juarez,QF,2022-07-08 17:45
H0A4,10,10420782,1657390500,"Bogota, Colombia",Challenger,Semifinals,Nick Hardt,Juan Pablo Ficovich,2,false,absent,finished,1,2,False,1657390500,Nick Hardt,False,home,Juan Pablo Ficovich,SF,2022-07-09 18:15
H0A4,10,10496158,1658226000,"2022 Luxembourg F1, Singles",ITF Men,Round of 32,Nick Hardt,Marlon Vankan,1,false,2,finished,2,0,False,1658226000,Nick Hardt,False,home,Marlon Vankan,R32,2022-07-19 10:20
H0A4,10,10498289,1658394000,"2022 Luxembourg F1, Singles",ITF Men,Round of 16,Nick Hardt,Buvaysar Gadamauri,1,false,1,finished,2,0,False,1658394000,Nick Hardt,False,home,Buvaysar Gadamauri,R16,2022-07-21 09:00
H0A4,10,10499055,1658417400,"Esch-sur-Alzette, Doubles, 2022 Luxembourg F1, Doubles",ITF Men,Quarterfinals,Hardt N / Oliel Y,Knaff A / Rodesch C,2,false,absent,finished,absent,absent,False,1658417400,Nick Hardt,True,,,QF,2022-07-21 15:30
H0A4,10,10506322,1658497200,"2022 Luxembourg F1, Singles",ITF Men,Quarterfinals,Nick Hardt,A. López San Martín,1,false,1,finished,2,0,False,1658497200,Nick Hardt,False,home,A. López San Martín,QF,2022-07-22 13:40
H0A4,10,10509148,1658585400,"2022 Luxembourg F1, Singles",ITF Men,Semifinals,Pol Martin Tiffon,Nick Hardt,1,false,1,finished,2,0,False,1658585400,Nick Hardt,False,away,Pol Martin Tiffon,SF,2022-07-23 14:10
H0A4,10,10520076,1658932800,"Spain F18, Singles",ITF Men,Round of 32,Axel Nefve,Nick Hardt,2,false,1,finished,0,2,False,1658932800,Nick Hardt,False,away,Axel Nefve,R32,2022-07-27 14:40
H0A4,10,10524592,1659016800,"Spain F18, Singles",ITF Men,Round of 16,V. Oliver Moratalla,Nick Hardt,2,false,2,finished,0,2,False,1659016800,Nick Hardt,False,away,V. Oliver Moratalla,R16,2022-07-28 14:00
H0A4,10,10527900,1659090000,"Spain F18, Singles",ITF Men,Quarterfinals,Javier Molino,Nick Hardt,2,false,2,finished,0,2,False,1659090000,Nick Hardt,False,away,Javier Molino,QF,2022-07-29 10:20
H0A4,11,10156430,1645799400,"Dominican Republic F1, Singles",ITF Men,Quarterfinals,Nick Hardt,Filip Peliwo,1,false,1,finished,2,0,False,1645799400,Nick Hardt,False,home,Filip Peliwo,QF,2022-02-25 14:30
H0A4,11,10157977,1645885800,"Dominican Republic F1, Singles",ITF Men,Semifinals,Roberto Cid Subervi,Nick Hardt,2,false,2,finished,0,2,False,1645885800,Nick Hardt,False,away,Roberto Cid Subervi,SF,2022-02-26 14:30
H0A4,11,10159366,1645974000,"Dominican Republic F1, Singles",ITF Men,Final,Nick Hardt,Tung-Lin Wu,2,false,1,finished,0,2,False,1645974000,Nick Hardt,False,home,Tung-Lin Wu,F,2022-02-27 15:00
H0A4,11,10172794,1646406000,"Davis Cup Single Matches, Group I-V",Davis Cup,Qualification,Nick Hardt,Linh Giang Trinh,1,false,1,finished,2,0,False,1646406000,Nick Hardt,False,home,Linh Giang Trinh,Q,2022-03-04 15:00
H0A4,11,10176943,1646491800,"Davis Cup Double Matches, Group I-V",Davis Cup,Qualification,Bertran P / Hardt N,Le Q-K / Ly H N,1,false,1,finished,2,1,False,1646491800,Nick Hardt,True,,,Q,2022-03-05 14:50
H0A4,11,10172844,1646501700,"Davis Cup Single Matches, Group I-V",Davis Cup,Qualification,Nick Hardt,Nam Hoang Ly,absent,false,absent,canceled,absent,absent,False,1646501700,Nick Hardt,False,home,Nam Hoang Ly,Q,2022-03-05 17:35
H0A4,11,10203658,1647981300,"Santa Cruz 2, Bolivia",Challenger,Round of 32,Nick Hardt,Tomás Barrios Vera,2,false,absent,finished,1,2,False,1647981300,Nick Hardt,False,home,Tomás Barrios Vera,R32,2022-03-22 20:35
H0A4,11,10213271,1648073400,"Santa Cruz 2, Bolivia, Doubles",Challenger,Round of 16,Bertran P / Hardt N,Casanova H / Rodríguez Taverna S,2,false,absent,finished,1,2,False,1648073400,Nick Hardt,True,,,R16,2022-03-23 22:10
H0A4,11,10232798,1649179800,"Salinas, Ecuador",Challenger,Round of 32,N. Álvarez,Nick Hardt,1,false,absent,finished,2,1,False,1649179800,Nick Hardt,False,away,N. Álvarez,R32,2022-04-05 17:30
H0A4,11,10232220,1649196300,"Salinas, Ecuador, Doubles",Challenger,Round of 16,Lock B / Lock C J,N. Hardt / N. M. d. Alboran,1,false,absent,finished,absent,absent,False,1649196300,Nick Hardt,True,,,R16,2022-04-05 22:05
H0A4,11,10245275,1649603700,"Sarasota, USA, Qualifying",Challenger,Round of 16,Nick Hardt,Moez Echargui,2,false,absent,finished,0,2,False,1649603700,Nick Hardt,False,home,Moez Echargui,Q,2022-04-10 15:15
H0A4,11,10253536,1649885400,"Sarasota, USA, Doubles",Challenger,Round of 16,Dutra da Silva D / Hardt N,Blumberg W / Schnur M,2,false,absent,finished,0,2,False,1649885400,Nick Hardt,True,,,R16,2022-04-13 21:30
H0A4,11,10259080,1650204000,"Tallahassee, USA, Qualifying",Challenger,Qualification round 1,Nick Hardt,Jonathan Mridha,2,false,absent,finished,0,2,False,1650204000,Nick Hardt,False,home,Jonathan Mridha,Q1,2022-04-17 14:00
H0A4,11,10258823,1650480000,"Tallahassee, USA, Doubles",Challenger,Round of 16,Saville L / Smith J-P,Etcheverry T / Hardt N,1,false,absent,finished,2,0,False,1650480000,Nick Hardt,True,,,R16,2022-04-20 18:40
H0A4,11,10284851,1651582800,"Salvador De Bahia, Brazil",Challenger,Round of 32,Francisco Comesaña,Nick Hardt,2,false,absent,finished,0,2,False,1651582800,Nick Hardt,False,away,Francisco Comesaña,R32,2022-05-03 13:00
H0A4,11,10278440,1651669200,"Salvador De Bahia, Brazil",Challenger,Round of 16,Nick Hardt,Joao Domingues,2,false,absent,finished,1,2,False,1651669200,Nick Hardt,False,home,Joao Domingues,R16,2022-05-04 13:00
H0A4,11,10280859,1651694400,"Salvador De Bahia, Brazil, Doubles",Challenger,Round of 16,Dutra da Silva D / Klier Junior G,Hardt N / Zukas M,2,false,absent,finished,1,2,False,1651694400,Nick Hardt,True,,,R16,2022-05-04 20:00
H0A4,12,9806520,1631974500,"Davis Cup Single Matches, Group I-V",Davis Cup,Group III,Aziz Dougaz,Nick Hardt,1,false,2,finished,2,0,False,1631974500,Nick Hardt,False,away,Aziz Dougaz,GROUP III,2021-09-18 14:15
H0A4,12,9812933,1632254400,"Ambato, Ecuador",Challenger,Round of 32,Nick Hardt,Genaro Alberto Olivieri,2,false,2,finished,0,2,False,1632254400,Nick Hardt,False,home,Genaro Alberto Olivieri,R32,2021-09-21 20:00
H0A4,12,9838431,1632763500,"Lima, Peru",Challenger,Round of 32,Nick Hardt,Hugo Dellien,2,false,1,finished,0,2,False,1632763500,Nick Hardt,False,home,Hugo Dellien,R32,2021-09-27 17:25
H0A4,12,9892365,1634659800,"Buenos Aires, Argentina",Challenger,Round of 32,Nick Hardt,Juan Pablo Varillas,2,false,2,finished,1,2,False,1634659800,Nick Hardt,False,home,Juan Pablo Varillas,R32,2021-10-19 16:10
H0A4,12,9892099,1634671500,"Buenos Aires, Argentina, Doubles",Challenger,Round of 16,Hardt N / Sanchez Izquierdo N,Comesaña F / Navone M,1,false,absent,finished,absent,absent,False,1634671500,Nick Hardt,True,,,R16,2021-10-19 19:25
H0A4,12,9906515,1634842800,"Buenos Aires, Argentina, Doubles",Challenger,Quarterfinals,Hardt N / Sanchez Izquierdo N,Kicker N / Ugo Carabelli Camilo,2,false,2,finished,1,2,False,1634842800,Nick Hardt,True,,,QF,2021-10-21 19:00
H0A4,12,9929352,1635881100,"Guayaquil, Ecuador",Challenger,Round of 32,Daniel Dutra Da Silva,Nick Hardt,1,false,2,finished,2,1,False,1635881100,Nick Hardt,False,away,Daniel Dutra Da Silva,R32,2021-11-02 19:25
H0A4,12,9925582,1635976800,"Guayaquil, Ecuador, Doubles",Challenger,Round of 16,F. D. Acosta / N. Hardt,Cid Subervi R / Tabilo A,1,false,2,finished,2,0,False,1635976800,Nick Hardt,True,,,R16,2021-11-03 22:00
H0A4,12,9933331,1636047000,"Guayaquil, Ecuador, Doubles",Challenger,Quarterfinals,F. D. Acosta / N. Hardt,Romboli F / Zeballos F,2,false,2,finished,0,2,False,1636047000,Nick Hardt,True,,,QF,2021-11-04 17:30
H0A4,12,9982437,1638264000,"Antalya 3, Turkey",Challenger,Round of 32,Nick Hardt,Aziz Dougaz,1,false,1,finished,2,0,False,1638264000,Nick Hardt,False,home,Aziz Dougaz,R32,2021-11-30 09:20
H0A4,12,9987667,1638433500,"Antalya 3, Turkey",Challenger,Round of 16,Nick Hardt,Joao Domingues,1,false,1,finished,2,0,False,1638433500,Nick Hardt,False,home,Joao Domingues,R16,2021-12-02 08:25
H0A4,12,9991710,1638524100,"Antalya 3, Turkey",Challenger,Quarterfinals,Nuno Borges,Nick Hardt,1,false,2,finished,2,0,False,1638524100,Nick Hardt,False,away,Nuno Borges,QF,2021-12-03 09:35
H0A4,12,9995169,1638962100,"Antalya 4, Turkey",Challenger,Round of 32,Nick Hardt,Oleksii Krutykh,1,false,2,finished,2,0,False,1638962100,Nick Hardt,False,home,Oleksii Krutykh,R32,2021-12-08 11:15
H0A4,12,10003238,1639042200,"Antalya 4, Turkey",Challenger,Round of 16,Nick Hardt,Javier Barranco Cosano,1,false,1,finished,2,1,False,1639042200,Nick Hardt,False,home,Javier Barranco Cosano,R16,2021-12-09 09:30
H0A4,12,10004584,1639119600,"Antalya 4, Turkey",Challenger,Quarterfinals,Giovanni Fonio,Nick Hardt,1,false,2,finished,2,0,False,1639119600,Nick Hardt,False,away,Giovanni Fonio,QF,2021-12-10 07:00
H0A4,12,10009480,1639503000,"Maia 2, Portugal",Challenger,Round of 32,Joao Domingues,Nick Hardt,1,false,2,finished,1,2,False,1639503000,Nick Hardt,False,away,Joao Domingues,R32,2021-12-14 17:30
H0A4,12,10014924,1639652400,"Maia 2, Portugal",Challenger,Round of 16,Nick Hardt,Elliot Benchetrit,2,false,absent,finished,0,2,False,1639652400,Nick Hardt,False,home,Elliot Benchetrit,R16,2021-12-16 11:00
H0A4,12,10020449,1642896000,"Columbus, USA, Qualifying",Challenger,Qualification round 1,Chad Miller,Nick Hardt,2,false,absent,finished,0,2,False,1642896000,Nick Hardt,False,away,Chad Miller,Q1,2022-01-23 00:00
H0A4,13,9568606,1623438000,"Santo Domingo, Doubles M-ITF-DOM-02A",ITF Men,Semifinals,Hardt N / Mochizuki S,Huertas Del Pino C / Panta J B,2,false,absent,finished,absent,absent,False,1623438000,Nick Hardt,True,,,SF,2021-06-11 19:00
H0A4,13,9599658,1624963800,"Belgrade, Singles M-ITF-SRB-01A",ITF Men,Round of 32,Kristijan Juhas,Nick Hardt,2,false,2,finished,0,2,False,1624963800,Nick Hardt,False,away,Kristijan Juhas,R32,2021-06-29 10:50
H0A4,13,9602309,1625131200,"Belgrade, Singles M-ITF-SRB-01A",ITF Men,Round of 16,Rrezart Cungu,Nick Hardt,2,false,1,finished,1,2,False,1625131200,Nick Hardt,False,away,Rrezart Cungu,R16,2021-07-01 09:20
H0A4,13,9605303,1625216400,"Belgrade, Singles M-ITF-SRB-01A",ITF Men,Quarterfinals,Skander Mansouri,Nick Hardt,2,false,2,finished,0,2,False,1625216400,Nick Hardt,False,away,Skander Mansouri,QF,2021-07-02 09:00
H0A4,13,9606483,1625306100,"Belgrade, Singles M-ITF-SRB-01A",ITF Men,Semifinals,Alexandar Lazarov,Nick Hardt,2,false,2,finished,0,2,False,1625306100,Nick Hardt,False,away,Alexandar Lazarov,SF,2021-07-03 09:55
H0A4,13,9608416,1625385300,"Belgrade, Singles M-ITF-SRB-01A",ITF Men,Final,Nick Hardt,Daniel Cukierman,1,false,1,finished,2,1,False,1625385300,Nick Hardt,False,home,Daniel Cukierman,F,2021-07-04 07:55
H0A4,13,9611454,1625668500,"Marburg, Singles M-ITF-GER-07A",ITF Men,Round of 32,Ivan Nedelko,Nick Hardt,2,false,2,finished,1,2,False,1625668500,Nick Hardt,False,away,Ivan Nedelko,R32,2021-07-07 14:35
H0A4,13,9616563,1625742000,"Marburg, Singles M-ITF-GER-07A",ITF Men,Round of 16,Nick Hardt,Aleksandre Metreveli,1,false,1,finished,2,1,False,1625742000,Nick Hardt,False,home,Aleksandre Metreveli,R16,2021-07-08 11:00
H0A4,13,9618681,1625821200,"Marburg, Singles M-ITF-GER-07A",ITF Men,Quarterfinals,Nick Hardt,Jonathan Mridha,1,false,1,finished,2,0,False,1625821200,Nick Hardt,False,home,Jonathan Mridha,QF,2021-07-09 09:00
H0A4,13,9621716,1625914800,"Marburg, Singles M-ITF-GER-07A",ITF Men,Semifinals,Ryan Nijboer,Nick Hardt,2,false,2,finished,0,2,False,1625914800,Nick Hardt,False,away,Ryan Nijboer,SF,2021-07-10 11:00
H0A4,13,9623502,1625999400,"Marburg, Singles M-ITF-GER-07A",ITF Men,Final,Nick Hardt,Louis Wessels,2,false,1,finished,1,2,False,1625999400,Nick Hardt,False,home,Louis Wessels,F,2021-07-11 10:30
H0A4,13,9628332,1626279600,"Telfs, Singles M-ITF-AUT-02A",ITF Men,Round of 32,Nick Hardt,Gerald Melzer,2,false,1,finished,0,2,False,1626279600,Nick Hardt,False,home,Gerald Melzer,R32,2021-07-14 16:20
H0A4,13,9674269,1627466100,"Denia, Singles M-ITF-ESP-15A",ITF Men,Round of 32,Nick Hardt,Diego Augusto Barreto Sanchez,1,false,2,finished,2,0,False,1627466100,Nick Hardt,False,home,Diego Augusto Barreto Sanchez,R32,2021-07-28 09:55
H0A4,13,9679207,1627494300,"Denia, Doubles M-ITF-ESP-15A",ITF Men,Round of 16,Lopez Morillo I / Sánchez Jover C,Alcala Gurri M / Hardt N,2,false,1,finished,0,2,False,1627494300,Nick Hardt,True,,,R16,2021-07-28 17:45
H0A4,13,9684732,1627551000,"Denia, Singles M-ITF-ESP-15A",ITF Men,Round of 16,Nick Hardt,Shintaro Mochizuki,1,false,2,finished,2,0,False,1627551000,Nick Hardt,False,home,Shintaro Mochizuki,R16,2021-07-29 09:30
H0A4,13,9685083,1627576200,"Denia, Doubles M-ITF-ESP-15A",ITF Men,Quarterfinals,Klok D / Prihodko O,Alcala Gurri M / Hardt N,1,false,1,finished,2,1,False,1627576200,Nick Hardt,True,,,QF,2021-07-29 16:30
H0A4,13,9686107,1627657200,"Denia, Singles M-ITF-ESP-15A",ITF Men,Quarterfinals,Nick Hardt,A. López San Martín,1,false,1,finished,2,0,False,1627657200,Nick Hardt,False,home,A. López San Martín,QF,2021-07-30 15:00
H0A4,13,9688058,1627806600,"Denia, Singles M-ITF-ESP-15A",ITF Men,absent,E. Esteve Lobato,Nick Hardt,2,false,1,finished,0,2,False,1627806600,Nick Hardt,False,away,E. Esteve Lobato,ABSENT,2021-08-01 08:30
H0A4,14,9380986,1614942000,"Sharm El Sheikh, Doubles M-ITF-EGY-09A",ITF Men,Semifinals,Berrettini J / Nardi L,Hardt N / Pervolarakis M,1,false,1,finished,2,0,False,1614942000,Nick Hardt,True,,,SF,2021-03-05 11:00
H0A4,14,9382153,1615015800,"Sharm El Sheikh, Singles M-ITF-EGY-09A",ITF Men,Semifinals,Yu Hsiou Hsu,Nick Hardt,1,false,1,finished,2,0,False,1615015800,Nick Hardt,False,away,Yu Hsiou Hsu,SF,2021-03-06 07:30
H0A4,14,9503691,1620129000,"Antalya, Singles M-ITF-TUR-18A",ITF Men,Round of 32,Nick Hardt,Nicholas David Ionel,1,false,1,finished,2,1,False,1620129000,Nick Hardt,False,home,Nicholas David Ionel,R32,2021-05-04 11:50
H0A4,14,9507172,1620288600,"Antalya, Singles M-ITF-TUR-18A",ITF Men,Round of 16,Nick Hardt,Peter Heller,1,false,1,finished,2,1,False,1620288600,Nick Hardt,False,home,Peter Heller,R16,2021-05-06 08:10
H0A4,14,9508288,1620372000,"Antalya, Singles M-ITF-TUR-18A",ITF Men,Quarterfinals,Alexander Erler,Nick Hardt,1,false,1,finished,2,0,False,1620372000,Nick Hardt,False,away,Alexander Erler,QF,2021-05-07 07:20
H0A4,14,9515031,1620723600,"Antalya, Singles M-ITF-TUR-19A",ITF Men,Round of 32,Rio Noguchi,Nick Hardt,2,false,2,finished,0,2,False,1620723600,Nick Hardt,False,away,Rio Noguchi,R32,2021-05-11 09:00
H0A4,14,9516917,1620815700,"Antalya, Doubles M-ITF-TUR-19A",ITF Men,Round of 16,Hardt N / Nakagawa N,A. Azkara / B. Bilgin,1,false,2,finished,2,1,False,1620815700,Nick Hardt,True,,,R16,2021-05-12 10:35
H0A4,14,9518060,1620889200,"Antalya, Singles M-ITF-TUR-19A",ITF Men,Round of 16,Nick Hardt,Mick Veldheer,1,false,2,finished,2,0,False,1620889200,Nick Hardt,False,home,Mick Veldheer,R16,2021-05-13 07:00
H0A4,14,9518079,1620910800,"Antalya, Doubles M-ITF-TUR-19A",ITF Men,Quarterfinals,Massara A / Piraino G,Hardt N / Nakagawa N,2,false,1,finished,0,2,False,1620910800,Nick Hardt,True,,,QF,2021-05-13 13:00
H0A4,14,9519759,1620975600,"Antalya, Singles M-ITF-TUR-19A",ITF Men,Quarterfinals,Nick Hardt,Naoki Nakagawa,1,false,2,finished,2,0,False,1620975600,Nick Hardt,False,home,Naoki Nakagawa,QF,2021-05-14 07:00
H0A4,14,9519996,1620990000,"Antalya, Doubles M-ITF-TUR-19A",ITF Men,Semifinals,Hardt N / Nakagawa N,Monzon I / Tenti F,2,false,2,finished,0,2,False,1620990000,Nick Hardt,True,,,SF,2021-05-14 11:00
H0A4,14,9521283,1621063800,"Antalya, Singles M-ITF-TUR-19A",ITF Men,Semifinals,Francesco Forti,Nick Hardt,2,false,2,finished,0,2,False,1621063800,Nick Hardt,False,away,Francesco Forti,SF,2021-05-15 07:30
H0A4,14,9523247,1621150200,"Antalya, Singles M-ITF-TUR-19A",ITF Men,Final,Alexander Erler,Nick Hardt,2,false,1,finished,0,2,False,1621150200,Nick Hardt,False,away,Alexander Erler,F,2021-05-16 07:30
H0A4,14,9527139,1621330800,"Antalya, Doubles M-ITF-TUR-20A",ITF Men,Round of 16,Arabaci M / Cetin G E,N. Hardt / N. M. d. Alboran,2,false,1,finished,0,2,False,1621330800,Nick Hardt,True,,,R16,2021-05-18 09:40
H0A4,14,9526322,1621418100,"Antalya, Singles M-ITF-TUR-20A",ITF Men,Round of 32,Karl Friberg,Nick Hardt,2,false,2,finished,0,2,False,1621418100,Nick Hardt,False,away,Karl Friberg,R32,2021-05-19 09:55
H0A4,14,9529991,1621495500,"Antalya, Singles M-ITF-TUR-20A",ITF Men,Round of 16,Marsel Ilhan,Nick Hardt,2,false,2,finished,0,2,False,1621495500,Nick Hardt,False,away,Marsel Ilhan,R16,2021-05-20 07:25
H0A4,14,9530246,1621584600,"Antalya, Doubles M-ITF-TUR-20A",ITF Men,Quarterfinals,L. Gerch / M. Steiner,N. Hardt / N. M. d. Alboran,2,false,2,finished,0,2,False,1621584600,Nick Hardt,True,,,QF,2021-05-21 08:10
H0A4,15,9205562,1606927800,"Santo Domingo, Singles M-ITF-DOM-02A",ITF Men,Round of 32,Christian Langmo,Nick Hardt,2,false,1,finished,0,2,False,1606927800,Nick Hardt,False,away,Christian Langmo,R32,2020-12-02 16:50
H0A4,15,9211049,1607016000,"Santo Domingo, Singles M-ITF-DOM-02A",ITF Men,Round of 16,Zane Khan,Nick Hardt,1,false,2,finished,2,0,False,1607016000,Nick Hardt,False,away,Zane Khan,R16,2020-12-03 17:20
H0A4,15,9208477,1607104800,"Santo Domingo, Doubles M-ITF-DOM-02A",ITF Men,Quarterfinals,Hardt N / Mochizuki S,Broom C / Corwin F,1,false,1,finished,2,0,False,1607104800,Nick Hardt,True,,,QF,2020-12-04 18:00
H0A4,15,9215785,1607180400,"Santo Domingo, Doubles M-ITF-DOM-02A",ITF Men,Semifinals,Langmo C / Smith R,Hardt N / Mochizuki S,2,false,absent,finished,1,2,False,1607180400,Nick Hardt,True,,,SF,2020-12-05 15:00
H0A4,15,9216110,1607194800,"Santo Domingo, Doubles M-ITF-DOM-02A",ITF Men,Final,Hardt N / Mochizuki S,Lama G / March A C,1,false,absent,finished,2,0,False,1607194800,Nick Hardt,True,,,F,2020-12-05 19:00
H0A4,15,9220386,1607456400,"Santo Domingo, Doubles M-ITF-DOM-03A",ITF Men,Round of 16,Hardt N / Mochizuki S,Maginley H J / Roberts J,1,false,2,finished,2,0,False,1607456400,Nick Hardt,True,,,R16,2020-12-08 19:40
H0A4,15,9222409,1607526000,"Santo Domingo, Singles M-ITF-DOM-03A",ITF Men,Round of 32,Zane Khan,Nick Hardt,2,false,absent,finished,0,1,False,1607526000,Nick Hardt,False,away,Zane Khan,R32,2020-12-09 15:00
H0A4,15,9224979,1607613600,"Santo Domingo, Singles M-ITF-DOM-03A",ITF Men,Round of 16,Christian Langmo,Nick Hardt,2,false,2,finished,0,2,False,1607613600,Nick Hardt,False,away,Christian Langmo,R16,2020-12-10 15:20
H0A4,15,9224268,1607625600,"Santo Domingo, Doubles M-ITF-DOM-03A",ITF Men,Quarterfinals,Hardt N / Mochizuki S,Bertran P / Vance J,1,false,2,finished,2,0,False,1607625600,Nick Hardt,True,,,QF,2020-12-10 18:40
H0A4,15,9226831,1607704800,"Santo Domingo, Singles M-ITF-DOM-03A",ITF Men,Quarterfinals,Keegan Smith,Nick Hardt,2,false,1,finished,1,2,False,1607704800,Nick Hardt,False,away,Keegan Smith,QF,2020-12-11 16:40
H0A4,15,9226834,1607721300,"Santo Domingo, Doubles M-ITF-DOM-03A",ITF Men,Semifinals,Aguilar J / Arias B,Hardt N / Mochizuki S,2,false,1,finished,0,2,False,1607721300,Nick Hardt,True,,,SF,2020-12-11 21:15
H0A4,15,9228809,1607784900,"Santo Domingo, Singles M-ITF-DOM-03A",ITF Men,Semifinals,Nick Chappell,Nick Hardt,2,false,absent,finished,0,2,False,1607784900,Nick Hardt,False,away,Nick Chappell,SF,2020-12-12 14:55
H0A4,15,9228807,1607799600,"Santo Domingo, Doubles M-ITF-DOM-03A",ITF Men,Final,Hardt N / Mochizuki S,Chappell N / Smith K,1,false,absent,finished,2,1,False,1607799600,Nick Hardt,True,,,F,2020-12-12 19:00
H0A4,15,9229984,1607871600,"Santo Domingo, Singles M-ITF-DOM-03A",ITF Men,Final,Nick Hardt,Oliver Crawford,1,false,absent,finished,2,0,False,1607871600,Nick Hardt,False,home,Oliver Crawford,F,2020-12-13 15:00
H0A4,15,9320672,1612264200,"Sharm El Sheikh, Doubles M-ITF-EGY-05A",ITF Men,Round of 16,Setkic A / Uzhylovskyi V,N. Hardt / N. M. d. Alboran,2,false,2,finished,0,2,False,1612264200,Nick Hardt,True,,,R16,2021-02-02 11:10
H0A4,16,8522962,1576348200,"Santo Domingo, Doubles M-ITF-DOM-03A",ITF Men,Final,Hardt N / Tikhomirov M,Blumenberg A / Hinsching J,1,false,absent,finished,2,0,False,1576348200,Nick Hardt,True,,,F,2019-12-14 18:30
H0A4,16,8522963,1576420200,"Santo Domingo, Singles M-ITF-DOM-03A",ITF Men,Final,Nick Hardt,Peter Bertran,2,false,1,finished,1,2,False,1576420200,Nick Hardt,False,home,Peter Bertran,F,2019-12-15 14:30
H0A4,16,8564928,1580227200,"Weston, Singles M-ITF-USA-04A",ITF Men,Round of 32,Nick Hardt,Martins Podzus,2,false,1,finished,0,2,False,1580227200,Nick Hardt,False,home,Martins Podzus,R32,2020-01-28 16:00
H0A4,16,8570955,1580742000,"Palm Coast, Singles Qualifying M-ITF-USA-05A",ITF Men,Qualification,Nick Hardt,Dragos Constantin Ignat,1,false,absent,finished,2,0,False,1580742000,Nick Hardt,False,home,Dragos Constantin Ignat,Q,2020-02-03 15:00
H0A4,16,8571646,1580835000,"Palm Coast, Singles Qualifying M-ITF-USA-05A",ITF Men,Qualification,Nick Hardt,Zachary Svajda,1,false,1,finished,2,0,False,1580835000,Nick Hardt,False,home,Zachary Svajda,Q,2020-02-04 16:50
H0A4,16,8572410,1580929200,"Palm Coast, Singles M-ITF-USA-05A",ITF Men,Round of 32,Lucas Gerch,Nick Hardt,1,false,2,finished,2,1,False,1580929200,Nick Hardt,False,away,Lucas Gerch,R32,2020-02-05 19:00
H0A4,16,8577820,1581456000,"Naples, Doubles M-ITF-USA-06A",ITF Men,Round of 16,Hardt N / Hernandez-Fernandez J,Bergevi F / Lakat F,1,false,1,finished,2,0,False,1581456000,Nick Hardt,True,,,R16,2020-02-11 21:20
H0A4,16,8577829,1581525900,"Naples, Singles M-ITF-USA-06A",ITF Men,Round of 32,Nick Hardt,Cristian Rodriguez,2,false,1,finished,0,2,False,1581525900,Nick Hardt,False,home,Cristian Rodriguez,R32,2020-02-12 16:45
H0A4,16,8579024,1581539700,"Naples, Doubles M-ITF-USA-06A",ITF Men,Quarterfinals,Arconada J / Bradley J,Hardt N / Hernandez-Fernandez J,1,false,absent,finished,absent,absent,False,1581539700,Nick Hardt,True,,,QF,2020-02-12 20:35
H0A4,16,8590881,1582570500,"Columbus, USA",Challenger,Round of 64,Nick Hardt,Ricardo Rodríguez-Pace,2,false,2,finished,1,2,False,1582570500,Nick Hardt,False,home,Ricardo Rodríguez-Pace,R64,2020-02-24 18:55
H0A4,16,8604859,1583614500,"Davis Cup Double Matches, Group I-V",Davis Cup,Qualification,Dellien H / Zeballos F,Cid Subervi R / Hardt N,1,false,1,finished,2,0,False,1583614500,Nick Hardt,True,,,Q,2020-03-07 20:55
H0A4,16,8602515,1583614800,"Davis Cup Double Matches, Group I-V",Davis Cup,Qualification,Arias B / Zeballos F,Cid Subervi R / Hardt N,absent,false,absent,canceled,absent,absent,False,1583614800,Nick Hardt,True,,,Q,2020-03-07 21:00
H0A4,16,8606938,1583862600,"Cancun, Doubles M-ITF-MEX-07A",ITF Men,Round of 16,Daly Walkin B / Grills J,Bendeck J D / Hardt N,1,false,2,finished,2,0,False,1583862600,Nick Hardt,True,,,R16,2020-03-10 17:50
H0A4,16,8607241,1583951400,"Cancun, Singles M-ITF-MEX-07A",ITF Men,Round of 32,Nick Hardt,Christian Langmo,2,false,2,finished,0,2,False,1583951400,Nick Hardt,False,home,Christian Langmo,R32,2020-03-11 18:30
H0A4,16,8984526,1599553800,"Sintra, Singles M-ITF-POR-07A",ITF Men,Round of 32,Nick Hardt,Sebastian Fanselow,2,false,2,finished,0,2,False,1599553800,Nick Hardt,False,home,Sebastian Fanselow,R32,2020-09-08 08:30
H0A4,16,8984536,1599575100,"Sintra, Doubles M-ITF-POR-07A",ITF Men,Round of 16,Monzon I / Tenti F,Danilov S / Hardt N,2,false,1,finished,0,2,False,1599575100,Nick Hardt,True,,,R16,2020-09-08 14:25
H0A4,16,8984540,1599662400,"Sintra, Doubles M-ITF-POR-07A",ITF Men,Quarterfinals,Danilov S / Hardt N,Otte A / Oswald G,1,false,2,finished,2,0,False,1599662400,Nick Hardt,True,,,QF,2020-09-09 14:40
H0A4,17,8351023,1565358000,"Eupen, Singles M-ITF-BEL-05A",ITF Men,Quarterfinals,Genaro Alberto Olivieri,Nick Hardt,1,false,2,finished,2,1,False,1565358000,Nick Hardt,False,away,Genaro Alberto Olivieri,QF,2019-08-09 13:40
H0A4,17,8351250,1565451000,"Eupen, Doubles M-ITF-BEL-05A",ITF Men,Semifinals,De Jong J / Stevens B,Geerts M / Hardt N,2,false,absent,finished,0,2,False,1565451000,Nick Hardt,True,,,SF,2019-08-10 15:30
H0A4,17,8354730,1565535600,"Eupen, Doubles M-ITF-BEL-05A",ITF Men,Final,Geerts M / Hardt N,Olivieri G / Villanueva G,1,false,2,finished,2,1,False,1565535600,Nick Hardt,True,,,F,2019-08-11 15:00
H0A4,17,8409507,1568552400,"Davis Cup Double Matches, Group I-V",Davis Cup,absent,Cuevas M / Cuevas P,Estrella Burgos V / Hardt N,1,false,1,finished,2,0,False,1568552400,Nick Hardt,True,,,ABSENT,2019-09-15 13:00
H0A4,17,8413118,1568833200,"Houston, Singles M-ITF-USA-28A",ITF Men,Round of 32,Ronald Hohmann,Nick Hardt,1,false,1,finished,2,1,False,1568833200,Nick Hardt,False,away,Ronald Hohmann,R32,2019-09-18 19:00
H0A4,17,8426354,1569342600,"Harlingen, Singles M-ITF-USA-30A",ITF Men,Round of 32,Ronald Hohmann,Nick Hardt,2,false,1,finished,0,2,False,1569342600,Nick Hardt,False,away,Ronald Hohmann,R32,2019-09-24 16:30
H0A4,17,8429015,1569510000,"Harlingen, Singles M-ITF-USA-30A",ITF Men,Round of 16,Jonathan Gray,Nick Hardt,1,false,2,finished,2,0,False,1569510000,Nick Hardt,False,away,Jonathan Gray,R16,2019-09-26 15:00
H0A4,17,8428032,1569544200,"Harlingen, Doubles M-ITF-USA-30A",ITF Men,Round of 16,Hardt N / Rodríguez-Pace R,Jones A / Jones M,1,false,absent,finished,absent,absent,False,1569544200,Nick Hardt,True,,,R16,2019-09-27 00:30
H0A4,17,8430460,1569640500,"Harlingen, Doubles M-ITF-USA-30A",ITF Men,Quarterfinals,Hardt N / Rodríguez-Pace R,Arconada J / Roelofse R,1,false,2,finished,2,0,False,1569640500,Nick Hardt,True,,,QF,2019-09-28 03:15
H0A4,17,8431303,1569708000,"Harlingen, Doubles M-ITF-USA-30A",ITF Men,Semifinals,Adams H / Goldhoff G,Hardt N / Rodríguez-Pace R,1,false,1,finished,2,0,False,1569708000,Nick Hardt,True,,,SF,2019-09-28 22:00
H0A4,17,8447960,1570482600,"Santo Domingo, Dominican Republic",Challenger,Round of 64,Nick Hardt,Renzo Olivo,2,false,1,finished,1,2,False,1570482600,Nick Hardt,False,home,Renzo Olivo,R64,2019-10-07 21:10
H0A4,17,8449014,1570670100,"Santo Domingo, Dominican Republic, Doubles",Challenger,Round of 16,Estrella Burgos V / Hardt N,Bagnis F / Mena F,2,false,1,finished,0,2,False,1570670100,Nick Hardt,True,,,R16,2019-10-10 01:15
H0A4,17,8461074,1571618700,"Traralgon, Australia",Challenger,Round of 64,Nick Hardt,M. William,1,false,absent,finished,2,0,False,1571618700,Nick Hardt,False,home,M. William,R64,2019-10-21 00:45
H0A4,17,8462796,1571717400,"Traralgon, Australia",Challenger,Round of 32,Nick Hardt,Akira Santillan,2,false,2,finished,0,2,False,1571717400,Nick Hardt,False,home,Akira Santillan,R32,2019-10-22 04:10
H0A4,17,8467237,1572230400,"Playford City II, Australia",Challenger,Round of 64,Nick Hardt,Wishaya Trongcharoenchaikul,1,false,absent,finished,2,0,False,1572230400,Nick Hardt,False,home,Wishaya Trongcharoenchaikul,R64,2019-10-28 02:40
H0A4,17,8468653,1572391800,"Playford City II, Australia",Challenger,Round of 32,Yasutaka Uchiyama,Nick Hardt,1,false,1,finished,2,0,False,1572391800,Nick Hardt,False,away,Yasutaka Uchiyama,R32,2019-10-29 23:30
H0A4,18,8251198,1560866400,"Toulouse, Doubles M-ITF-FRA-09A",ITF Men,Round of 16,Gaston H / Roumane R,Donski A / Hardt N,1,false,2,finished,2,0,False,1560866400,Nick Hardt,True,,,R16,2019-06-18 14:00
H0A4,18,8253720,1561048500,"Toulouse, Singles M-ITF-FRA-09A",ITF Men,Round of 16,Nick Hardt,Alexis Gautier,2,false,1,finished,1,2,False,1561048500,Nick Hardt,False,home,Alexis Gautier,R16,2019-06-20 16:35
H0A4,18,8265071,1561473900,"Arlon, Doubles M-ITF-BEL-01A",ITF Men,Round of 16,S. Baez / N. Hardt,Taylor A / Taylor J,1,false,2,finished,2,0,False,1561473900,Nick Hardt,True,,,R16,2019-06-25 14:45
H0A4,18,8267794,1561552800,"Arlon, Singles M-ITF-BEL-01A",ITF Men,Round of 32,Victor Vlad Cornea,Nick Hardt,2,false,1,finished,1,2,False,1561552800,Nick Hardt,False,away,Victor Vlad Cornea,R32,2019-06-26 12:40
H0A4,18,8269445,1561622400,"Arlon, Singles M-ITF-BEL-01A",ITF Men,Round of 16,Sandro Ehrat,Nick Hardt,1,false,2,finished,2,0,False,1561622400,Nick Hardt,False,away,Sandro Ehrat,R16,2019-06-27 08:00
H0A4,18,8267904,1561650000,"Arlon, Doubles M-ITF-BEL-01A",ITF Men,Quarterfinals,Radojković M / Torebko P,S. Baez / N. Hardt,1,false,2,finished,2,1,False,1561650000,Nick Hardt,True,,,QF,2019-06-27 15:40
H0A4,18,8275631,1562067300,"Saarlouis, Singles M-ITF-GER-07A",ITF Men,Round of 32,Nick Hardt,Konstantin Cucka,1,false,1,finished,2,0,False,1562067300,Nick Hardt,False,home,Konstantin Cucka,R32,2019-07-02 11:35
H0A4,18,8276113,1562078700,"Saarlouis, Doubles M-ITF-GER-07A",ITF Men,Round of 16,Diederich T / Muscheites L,Calzi R / Hardt N,1,false,1,finished,2,0,False,1562078700,Nick Hardt,True,,,R16,2019-07-02 14:45
H0A4,18,8279669,1562234400,"Saarlouis, Singles M-ITF-GER-07A",ITF Men,Round of 16,Nick Hardt,Alexis Gautier,1,false,2,finished,2,0,False,1562234400,Nick Hardt,False,home,Alexis Gautier,R16,2019-07-04 10:00
H0A4,18,8281127,1562344800,"Saarlouis, Singles M-ITF-GER-07A",ITF Men,Quarterfinals,Nick Hardt,Adrian Obert,1,false,1,finished,2,0,False,1562344800,Nick Hardt,False,home,Adrian Obert,QF,2019-07-05 16:40
H0A4,18,8285032,1562421600,"Saarlouis, Singles M-ITF-GER-07A",ITF Men,Semifinals,Nick Hardt,Dominik Boehler,1,false,1,finished,2,0,False,1562421600,Nick Hardt,False,home,Dominik Boehler,SF,2019-07-06 14:00
H0A4,18,8286862,1562500800,"Saarlouis, Singles M-ITF-GER-07A",ITF Men,Final,Fabrizio Ornago,Nick Hardt,2,false,1,finished,0,2,False,1562500800,Nick Hardt,False,away,Fabrizio Ornago,F,2019-07-07 12:00
H0A4,18,8289451,1562671200,"Ajaccio, Doubles M-ITF-FRA-14A",ITF Men,Round of 16,Hardt N / Zarichanskiy D,Blanchet U / Peyrot A,1,false,1,finished,2,0,False,1562671200,Nick Hardt,True,,,R16,2019-07-09 11:20
H0A4,18,8288597,1562750700,"Ajaccio, Singles M-ITF-FRA-14A",ITF Men,Round of 32,Jonathan Kanar,Nick Hardt,1,false,1,finished,2,1,False,1562750700,Nick Hardt,False,away,Jonathan Kanar,R32,2019-07-10 09:25
H0A4,18,8291601,1563004800,"Ajaccio, Doubles M-ITF-FRA-14A",ITF Men,Quarterfinals,Hardt N / Zarichanskiy D,Laurent Y / Seyboth Wild T,2,false,absent,finished,absent,absent,False,1563004800,Nick Hardt,True,,,QF,2019-07-13 08:00
H0A4,18,8304912,1563276600,"Kassel, Doubles M-ITF-GER-09A",ITF Men,Round of 16,Mora M / Okala J,N. Hardt / J. L. R. D. Silva,2,false,1,finished,0,2,False,1563276600,Nick Hardt,True,,,R16,2019-07-16 11:30
H0A4,18,8304409,1563363300,"Kassel, Singles M-ITF-GER-09A",ITF Men,Round of 32,Kai Wehnelt,Nick Hardt,1,false,1,finished,2,0,False,1563363300,Nick Hardt,False,away,Kai Wehnelt,R32,2019-07-17 11:35
H0A4,19,8153500,1551436200,"Antalya, Doubles M-ITF-TUR-07A",ITF Men,Quarterfinals,S. Baez / N. Hardt,Nagy P / Vanneste J,2,false,2,finished,0,2,False,1551436200,Nick Hardt,True,,,QF,2019-03-01 10:30
H0A4,19,8156184,1551863700,"Antalya, Singles M-ITF-TUR-13A",ITF Men,Round of 32,O. Ram-Harel,Nick Hardt,2,false,2,finished,0,2,False,1551863700,Nick Hardt,False,away,O. Ram-Harel,R32,2019-03-06 09:15
H0A4,19,8157053,1551879300,"Antalya, Doubles M-ITF-TUR-13A",ITF Men,Round of 16,S. Baez / N. Hardt,Bonadio R / Prevosto L,1,false,2,finished,2,1,False,1551879300,Nick Hardt,True,,,R16,2019-03-06 13:35
H0A4,19,8158427,1551943800,"Antalya, Singles M-ITF-TUR-13A",ITF Men,Round of 16,Nick Hardt,A. Colás Sánchez,1,false,2,finished,2,0,False,1551943800,Nick Hardt,False,home,A. Colás Sánchez,R16,2019-03-07 07:30
H0A4,19,8159133,1551969000,"Antalya, Doubles M-ITF-TUR-13A",ITF Men,Quarterfinals,Correia J / Zukas M,S. Baez / N. Hardt,1,false,absent,finished,2,0,False,1551969000,Nick Hardt,True,,,QF,2019-03-07 14:30
H0A4,19,8159076,1552030200,"Antalya, Singles M-ITF-TUR-13A",ITF Men,Quarterfinals,Nick Hardt,Marvin Netuschil,1,false,1,finished,2,0,False,1552030200,Nick Hardt,False,home,Marvin Netuschil,QF,2019-03-08 07:30
H0A4,19,8159932,1552116600,"Antalya, Singles M-ITF-TUR-13A",ITF Men,Semifinals,Nick Hardt,Ivan Nedelko,2,false,1,finished,0,1,False,1552116600,Nick Hardt,False,home,Ivan Nedelko,SF,2019-03-09 07:30
H0A4,19,8162555,1552386600,"Antalya, Doubles M-ITF-TUR-14A",ITF Men,Round of 16,Hardt N / Mejía N,Klok D / Lomakin G,1,false,2,finished,2,1,False,1552386600,Nick Hardt,True,,,R16,2019-03-12 10:30
H0A4,19,8162584,1552478700,"Antalya, Singles M-ITF-TUR-14A",ITF Men,Round of 32,Sebastian Korda,Nick Hardt,1,false,2,finished,2,0,False,1552478700,Nick Hardt,False,away,Sebastian Korda,R32,2019-03-13 12:05
H0A4,19,8163794,1552562700,"Antalya, Doubles M-ITF-TUR-14A",ITF Men,Quarterfinals,Cornea V / Jecan A,Hardt N / Mejía N,1,false,1,finished,2,0,False,1552562700,Nick Hardt,True,,,QF,2019-03-14 11:25
H0A4,19,8189849,1554904800,"Sunrise, Fl, Singles M-ITF-USA-11A",ITF Men,Round of 32,Liam Draxl,Nick Hardt,2,false,1,finished,0,2,False,1554904800,Nick Hardt,False,away,Liam Draxl,R32,2019-04-10 14:00
H0A4,19,8189847,1554931200,"Sunrise, Fl, Doubles M-ITF-USA-11A",ITF Men,Round of 16,Corwin F / Špec M,Donev G / Hardt N,2,false,2,finished,1,2,False,1554931200,Nick Hardt,True,,,R16,2019-04-10 21:20
H0A4,19,8191592,1554991200,"Sunrise, Fl, Singles M-ITF-USA-11A",ITF Men,Round of 16,Nick Hardt,Harrison Adams,1,false,2,finished,1,2,False,1554991200,Nick Hardt,False,home,Harrison Adams,R16,2019-04-11 14:00
H0A4,19,8191603,1555009200,"Sunrise, Fl, Doubles M-ITF-USA-11A",ITF Men,Quarterfinals,Estevez M / Malla B,Donev G / Hardt N,1,false,absent,finished,absent,absent,False,1555009200,Nick Hardt,True,,,QF,2019-04-11 19:00
H0A4,19,8193732,1555340400,"Sarasota, USA",Challenger,Round of 64,Nick Hardt,Michael Redlicki,1,false,absent,finished,2,1,False,1555340400,Nick Hardt,False,home,Michael Redlicki,R64,2019-04-15 15:00
H0A4,19,8195389,1555534800,"Sarasota, USA",Challenger,Round of 32,Hugo Dellien,Nick Hardt,1,false,2,finished,2,0,False,1555534800,Nick Hardt,False,away,Hugo Dellien,R32,2019-04-17 21:00
H0A4,19,8195702,1556730900,"Vero Beach, Fl, Singles M-ITF-USA-13A",ITF Men,Round of 32,Nick Hardt,Maksim Tikhomirov,2,false,1,finished,1,2,False,1556730900,Nick Hardt,False,home,Maksim Tikhomirov,R32,2019-05-01 17:15
H0A4,20,8050344,1541872800,"USA F32, Singles Qualifying",ITF Men,Qualification,Nick Hardt,Spencer Gray,1,false,absent,finished,2,0,False,1541872800,Nick Hardt,False,home,Spencer Gray,Q,2018-11-10 18:00
H0A4,20,8050933,1541952000,"USA F32, Singles Qualifying",ITF Men,Qualification,Nick Hardt,Sean Burnette,1,false,absent,finished,2,0,False,1541952000,Nick Hardt,False,home,Sean Burnette,Q,2018-11-11 16:00
H0A4,20,8052032,1542294000,"USA F32, Singles Qualifying",ITF Men,Qualification,Nick Hardt,Sergey Belov,1,false,absent,finished,2,0,False,1542294000,Nick Hardt,False,home,Sergey Belov,Q,2018-11-15 15:00
H0A4,20,8062956,1542309600,"USA F32, Singles",ITF Men,Round of 32,Nick Hardt,Garrett Johns,1,false,2,finished,2,0,False,1542309600,Nick Hardt,False,home,Garrett Johns,R32,2018-11-15 19:20
H0A4,20,8063255,1542390300,"USA F32, Singles",ITF Men,Round of 16,Patrick Daciek,Nick Hardt,1,false,2,finished,2,0,False,1542390300,Nick Hardt,False,away,Patrick Daciek,R16,2018-11-16 17:45
H0A4,20,8078128,1543866600,"Dominican Republic F2, Doubles",ITF Men,Round of 16,Huertas Del Pino Cordova A / Huertas del Pino C,Hardt N / Olivares J,1,false,2,finished,2,1,False,1543866600,Nick Hardt,True,,,R16,2018-12-03 19:50
H0A4,20,8078167,1543944300,"Dominican Republic F2, Singles",ITF Men,Round of 32,Alejandro Mendoza,Nick Hardt,2,false,1,finished,0,2,False,1543944300,Nick Hardt,False,away,Alejandro Mendoza,R32,2018-12-04 17:25
H0A4,20,8079580,1544018400,"Dominican Republic F2, Singles",ITF Men,Round of 16,Nick Hardt,Alejandro Tabilo,2,false,2,finished,0,2,False,1544018400,Nick Hardt,False,home,Alejandro Tabilo,R16,2018-12-05 14:00
H0A4,20,8082186,1544463000,"Dominican Republic F3, Doubles",ITF Men,Round of 16,Hardt N / Segarelli E A,Bradley J / Cressy M,2,false,2,finished,0,2,False,1544463000,Nick Hardt,True,,,R16,2018-12-10 17:30
H0A4,20,8082905,1544535000,"Dominican Republic F3, Singles",ITF Men,Round of 32,Nick Hardt,Maxime Cressy,1,false,1,finished,2,0,False,1544535000,Nick Hardt,False,home,Maxime Cressy,R32,2018-12-11 13:30
H0A4,20,8083399,1544623200,"Dominican Republic F3, Singles",ITF Men,Round of 16,Alejandro Mendoza,Nick Hardt,2,false,1,finished,0,2,False,1544623200,Nick Hardt,False,away,Alejandro Mendoza,R16,2018-12-12 14:00
H0A4,20,8083870,1544709600,"Dominican Republic F3, Singles",ITF Men,Quarterfinals,Connor Huertas Del Pino,Nick Hardt,2,false,2,finished,1,2,False,1544709600,Nick Hardt,False,away,Connor Huertas Del Pino,QF,2018-12-13 14:00
H0A4,20,8084514,1544799600,"Dominican Republic F3, Singles",ITF Men,Semifinals,Oscar Jose Gutierrez,Nick Hardt,2,false,1,finished,0,2,False,1544799600,Nick Hardt,False,away,Oscar Jose Gutierrez,SF,2018-12-14 15:00
H0A4,20,8084992,1544884200,"Dominican Republic F3, Singles",ITF Men,Final,Nick Hardt,Alejandro Tabilo,1,false,1,finished,2,0,False,1544884200,Nick Hardt,False,home,Alejandro Tabilo,F,2018-12-15 14:30
H0A4,20,8108666,1547676300,"Naples, Fl, Singles M-ITF-USA-03A",ITF Men,Round of 32,Alejandro Moro Canas,Nick Hardt,2,false,1,finished,1,2,False,1547676300,Nick Hardt,False,away,Alejandro Moro Canas,R32,2019-01-16 22:05
H0A4,20,8110167,1547760900,"Naples, Fl, Singles M-ITF-USA-03A",ITF Men,Round of 16,Nick Hardt,Pietro Rondoni,2,false,1,finished,0,2,False,1547760900,Nick Hardt,False,home,Pietro Rondoni,R16,2019-01-17 21:35
H0A4,20,8112873,1548082800,"Palm Coast, Fl, Singles Qualifying M-ITF-USA-04A",ITF Men,Qualification,Nick Hardt,Spencer Newman,1,false,absent,finished,2,0,False,1548082800,Nick Hardt,False,home,Spencer Newman,Q,2019-01-21 15:00
H0A4,20,8114016,1548102600,"Palm Coast, Fl, Singles Qualifying M-ITF-USA-04A",ITF Men,Qualification,Nick Hardt,Baker Newman,2,false,1,finished,1,2,False,1548102600,Nick Hardt,False,home,Baker Newman,Q,2019-01-21 20:30
H0A4,20,8120174,1548685800,"Weston, Fl, Singles Qualifying M-ITF-USA-05A",ITF Men,Qualification,Nick Hardt,Neel Rajesh,1,false,absent,finished,2,0,False,1548685800,Nick Hardt,False,home,Neel Rajesh,Q,2019-01-28 14:30
H0A4,21,7706902,1517686200,"Davis Cup Double Matches, Group I-V",Davis Cup,absent,Hardt N / Olivares J,Demoliner M / Melo M,2,false,1,finished,0,2,False,1517686200,Nick Hardt,True,,,ABSENT,2018-02-03 19:30
H0A4,21,7772315,1523109600,"Davis Cup Double Matches, Group I-V",Davis Cup,absent,Hardt N / Olivares J,Lawrence X / Marshall K,1,false,2,finished,2,0,False,1523109600,Nick Hardt,True,,,ABSENT,2018-04-07 14:00
H0A4,21,7770635,1523109600,"Davis Cup Double Matches, Group I-V",Davis Cup,absent,Hardt N / Olivares J,Lawrence X / Lewis H,absent,false,absent,canceled,absent,absent,False,1523109600,Nick Hardt,True,,,ABSENT,2018-04-07 14:00
H0A4,21,7777600,1523629800,"USA F11, Singles Qualifying",ITF Men,Qualification,Axel Nefve,Nick Hardt,1,false,absent,finished,2,0,False,1523629800,Nick Hardt,False,away,Axel Nefve,Q,2018-04-13 14:30
H0A4,21,7786522,1524492000,"USA F12, Singles Qualifying",ITF Men,Qualification,Nick Hardt,Kirac Bekisoglu,1,false,absent,finished,2,0,False,1524492000,Nick Hardt,False,home,Kirac Bekisoglu,Q,2018-04-23 14:00
H0A4,21,7788315,1524664800,"USA F12, Singles Qualifying",ITF Men,Qualification,Nick Hardt,Axel Nefve,absent,false,absent,canceled,absent,absent,False,1524664800,Nick Hardt,False,home,Axel Nefve,Q,2018-04-25 14:00
H0A4,21,7788183,1524672000,"USA F12, Singles",ITF Men,Round of 32,Nick Hardt,Alexandre Rotsaert,1,false,1,finished,2,0,False,1524672000,Nick Hardt,False,home,Alexandre Rotsaert,R32,2018-04-25 16:00
H0A4,21,7788331,1524689700,"USA F12, Doubles",ITF Men,Round of 16,Ore J A / Seemann M,Hardt N / Mejía N,1,false,2,finished,2,1,False,1524689700,Nick Hardt,True,,,R16,2018-04-25 20:55
H0A4,21,7788855,1524770100,"USA F12, Singles",ITF Men,Round of 16,Alejandro Tabilo,Nick Hardt,1,false,1,finished,2,1,False,1524770100,Nick Hardt,False,away,Alejandro Tabilo,R16,2018-04-26 19:15
H0A4,21,7817402,1528016400,"French Open, Boys",Juniors,Round of 64,Nick Hardt,Hugo Gaston,1,false,absent,finished,2,1,False,1528016400,Nick Hardt,False,home,Hugo Gaston,R64,2018-06-03 09:00
H0A4,21,7818456,1528107900,"French Open, Boys",Juniors,Round of 32,Mateus Alves,Nick Hardt,2,false,absent,finished,1,2,False,1528107900,Nick Hardt,False,away,Mateus Alves,R32,2018-06-04 10:25
H0A4,21,7818715,1528128900,"French Open, Boys, Doubles",Juniors,Round of 32,"Mayot, H / Royer V.",Hardt N / Jianu F,1,false,absent,finished,2,1,False,1528128900,Nick Hardt,True,,,R32,2018-06-04 16:15
H0A4,21,7819030,1528281900,"French Open, Boys",Juniors,Round of 16,Ray Ho,Nick Hardt,2,false,absent,finished,0,2,False,1528281900,Nick Hardt,False,away,Ray Ho,R16,2018-06-06 10:45
H0A4,21,7820221,1528366800,"French Open, Boys",Juniors,Quarterfinals,Sebastián Báez,Nick Hardt,1,false,absent,finished,2,1,False,1528366800,Nick Hardt,False,away,Sebastián Báez,QF,2018-06-07 10:20
H0A4,21,7841711,1529832000,"Belgium F2, Singles Qualifying",ITF Men,Qualification,Maximilien Sanson,Nick Hardt,2,false,1,finished,0,2,False,1529832000,Nick Hardt,False,away,Maximilien Sanson,Q,2018-06-24 09:20
H0A4,21,7843771,1529932200,"Belgium F2, Singles Qualifying",ITF Men,Qualification,Julien de Cuyper,Nick Hardt,2,false,1,finished,0,2,False,1529932200,Nick Hardt,False,away,Julien de Cuyper,Q,2018-06-25 13:10
H0A4,21,7844485,1530067200,"Belgium F2, Singles",ITF Men,Round of 32,Mirko Martinez,Nick Hardt,2,false,1,finished,0,2,False,1530067200,Nick Hardt,False,away,Mirko Martinez,R32,2018-06-27 02:40
H0A4,22,6959313,1449000000,"Dominican Republic F1, Singles",ITF Men,Round of 32,Diaz J.,Nick Hardt,2,false,1,finished,0,2,False,1449000000,Nick Hardt,False,away,Diaz J.,R32,2015-12-01 20:00
H0A4,22,6960391,1449074700,"Dominican Republic F1, Singles",ITF Men,Round of 16,Eduardo Struvay,Nick Hardt,2,false,1,finished,1,1,False,1449074700,Nick Hardt,False,away,Eduardo Struvay,R16,2015-12-02 16:45
H0A4,22,6960393,1449082800,"Dominican Republic F1, Doubles",ITF Men,Round of 16,Fernandez Persia J.  / Hardt N,Nguyen D / Reese H,absent,false,absent,canceled,absent,absent,False,1449082800,Nick Hardt,True,,,R16,2015-12-02 19:00
H0A4,22,6960758,1449158400,"Dominican Republic F1, Singles",ITF Men,Quarterfinals,Nick Hardt,Peter Torebko,2,false,1,finished,0,2,False,1449158400,Nick Hardt,False,home,Peter Torebko,QF,2015-12-03 16:00
H0A4,22,6962404,1449518400,"Dominican Republic F2, Doubles",ITF Men,Round of 16,Hardt N / Segarelli E A,Gomez L / Reese H,2,false,1,finished,0,2,False,1449518400,Nick Hardt,True,,,R16,2015-12-07 20:00
H0A4,22,6962950,1449604800,"Dominican Republic F2, Singles",ITF Men,Round of 32,Raleigh Smith,Nick Hardt,2,false,1,finished,1,1,False,1449604800,Nick Hardt,False,away,Raleigh Smith,R32,2015-12-08 20:00
H0A4,22,6963373,1449705900,"Dominican Republic F2, Singles",ITF Men,Round of 16,Peter Torebko,Nick Hardt,1,false,2,finished,2,0,False,1449705900,Nick Hardt,False,away,Peter Torebko,R16,2015-12-10 00:05
H0A4,22,6965198,1450115700,"Dominican Republic F3, Singles",ITF Men,Round of 32,Nick Hardt,Raleigh Smith,2,false,1,finished,0,2,False,1450115700,Nick Hardt,False,home,Raleigh Smith,R32,2015-12-14 17:55
H0A4,22,6965195,1450124400,"Dominican Republic F3, Doubles",ITF Men,Round of 16,Fernandez Persia J.  / Hardt N,Dorantes Sanchez W / Lazo M,2,false,1,finished,1,2,False,1450124400,Nick Hardt,True,,,R16,2015-12-14 20:20
H0A4,22,7000123,1455055200,"Santo Domingo, Dominican Republic",Challenger,Round of 32,Nick Hardt,Roberto Carballés Baena,2,false,2,finished,0,2,False,1455055200,Nick Hardt,False,home,Roberto Carballés Baena,R32,2016-02-09 22:00
H0A4,22,7000669,1455064200,"Santo Domingo, Dominican Republic, Doubles",Challenger,Round of 16,Torebko P / Hardt N,Maytin R / Reyes-Varela M,2,false,absent,finished,0,2,False,1455064200,Nick Hardt,True,,,R16,2016-02-10 00:30
H0A4,22,7219537,1474124400,Davis Cup Double Matches,Davis Cup,Quarterfinals,Cid Subervi R / Hardt N,Farah R / Struvay E,absent,false,absent,canceled,absent,absent,False,1474124400,Nick Hardt,True,,,QF,2016-09-17 15:00
H0A4,22,7266128,1477753200,Davis Cup Double Matches,Davis Cup,Quarterfinals,Hardt N / Olivares J,King D / Lewis H,absent,false,absent,canceled,absent,absent,False,1477753200,Nick Hardt,True,,,QF,2016-10-29 15:00
H0A4,22,7296479,1481563500,"Dominican Republic F3, Doubles",ITF Men,Round of 16,Hardt N / Kirkman W,Johns C / Ouvrard V,2,false,2,finished,0,2,False,1481563500,Nick Hardt,True,,,R16,2016-12-12 17:25
H0A4,22,7296982,1481652300,"Dominican Republic F3, Singles",ITF Men,Round of 32,D. Rodriguez-Redondo,Nick Hardt,2,false,2,finished,0,2,False,1481652300,Nick Hardt,False,away,D. Rodriguez-Redondo,R32,2016-12-13 18:05
H0A4,22,7297523,1481722800,"Dominican Republic F3, Singles",ITF Men,Round of 32,Benjamin Lock,Nick Hardt,1,false,1,finished,2,0,False,1481722800,Nick Hardt,False,away,Benjamin Lock,R32,2016-12-14 13:40
H0A4,22,7315688,1485288600,Davis Cup Double Matches,Davis Cup,Quarterfinals,Hardt N / Olivares J,Jarry N / Podlipnik-Castillo H,absent,false,absent,canceled,absent,absent,False,1485288600,Nick Hardt,True,,,QF,2017-01-24 20:10
H0A4,23,6546261,1418569200,"Dominican Republic F4, Singles Qualifying",ITF Men,absent,Eugenio Gaston Gastien,Nick Hardt,1,false,absent,finished,2,0,False,1418569200,Nick Hardt,False,away,Eugenio Gaston Gastien,Q,2014-12-14 15:00
O0A2,0,16224404,1779799200,"Chisinau, Moldova",Challenger,Round of 32,Pavel Kotov,Gauthier Onclin,1,false,2,finished,2,1,False,1779799200,Gauthier Onclin,False,away,Pavel Kotov,R32,2026-05-26 12:40
O0A2,0,16266677,1780409700,"Bad Rappenau, Germany",Challenger,Round of 32,Marvin Möller,Gauthier Onclin,1,false,1,finished,2,1,False,1780409700,Gauthier Onclin,False,away,Marvin Möller,R32,2026-06-02 14:15
O0A2,0,16285454,1780736400,"Stuttgart, Germany, Qualifying",ATP,Qualification Round 1,Orlando Luz,Gauthier Onclin,2,false,1,finished,0,2,False,1780736400,Gauthier Onclin,False,away,Orlando Luz,Q1,2026-06-06 09:00
O0A2,0,16282867,1780736400,"Stuttgart, Germany, Qualifying",ATP,Qualification Round 1,Tom Gentzsch,Gauthier Onclin,absent,false,absent,canceled,absent,absent,False,1780736400,Gauthier Onclin,False,away,Tom Gentzsch,Q1,2026-06-06 09:00
O0A2,0,16286081,1780822800,"Stuttgart, Germany, Qualifying",ATP,Qualification Final,Marc-Andrea Huesler,Gauthier Onclin,2,false,2,finished,0,2,False,1780822800,Gauthier Onclin,False,away,Marc-Andrea Huesler,Q,2026-06-07 09:00
O0A2,0,16290648,1780927200,"Stuttgart, Germany",ATP,Round of 32,Gauthier Onclin,Fábián Marozs,1,false,1,finished,2,0,False,1780927200,Gauthier Onclin,False,home,Fábián Marozs,R32,2026-06-08 14:00
O0A2,0,16272641,1781082000,"Stuttgart, Germany",ATP,Round of 16,Giovanni Mpetshi Perricard,Gauthier Onclin,1,false,1,finished,2,0,False,1781082000,Gauthier Onclin,False,away,Giovanni Mpetshi Perricard,R16,2026-06-10 09:00
O0A2,0,16324640,1781528400,"Dublin, Ireland",Challenger,Round of 32,Gauthier Onclin,Kyrian Jacquet,2,false,2,finished,0,2,False,1781528400,Gauthier Onclin,False,home,Kyrian Jacquet,R32,2026-06-15 13:00
O0A2,0,16324003,1781633700,"Dublin, Ireland, Doubles",Challenger,Round of 16,Butvilas E / Onclin G,Andrade A / Maginley J,2,false,2,finished,0,2,False,1781633700,Gauthier Onclin,True,,,R16,2026-06-16 18:15
O0A2,0,16373459,1782127800,"Wimbledon, London, GB, Qualifying, 1st - 2nd Round",ATP,Qualification Round 1,Lorenzo Giustino,Gauthier Onclin,2,false,1,finished,0,2,False,1782127800,Gauthier Onclin,False,away,Lorenzo Giustino,Q1,2026-06-22 11:30
O0A2,0,16377075,1782295200,"Wimbledon, London, GB, Qualifying, 1st - 2nd Round",ATP,Qualification Round 2,Gauthier Onclin,Shintaro Mochizuki,2,false,2,finished,1,2,False,1782295200,Gauthier Onclin,False,home,Shintaro Mochizuki,Q2,2026-06-24 10:00
O0A2,0,16458123,1783440600,"Liege, Belgium",Challenger,Round of 32,Gauthier Onclin,Gerard Campana Lee,1,false,1,finished,2,1,False,1783440600,Gauthier Onclin,False,home,Gerard Campana Lee,R32,2026-07-07 16:10
O0A2,0,16425059,1783613700,"Liege, Belgium",Challenger,Round of 16,Gauthier Onclin,Florian Broska,2,false,2,finished,1,2,False,1783613700,Gauthier Onclin,False,home,Florian Broska,R16,2026-07-09 16:15
O0A2,0,16496691,1784044800,"Bunschoten, Netherlands",Challenger,Round of 32,Thijs Boogaard,Gauthier Onclin,1,false,1,finished,2,1,False,1784044800,Gauthier Onclin,False,away,Thijs Boogaard,R32,2026-07-14 16:00
O0A2,0,16565988,1784552400,"Tampere, Finland",Challenger,Round of 32,Gauthier Onclin,Duje Ajdukovic,1,false,1,finished,2,0,False,1784552400,Gauthier Onclin,False,home,Duje Ajdukovic,R32,2026-07-20 13:00
O0A2,0,16516167,1784710800,"Tampere, Finland",Challenger,Round of 16,Gauthier Onclin,Niels Visker,1,false,1,finished,2,0,False,1784710800,Gauthier Onclin,False,home,Niels Visker,R16,2026-07-22 09:00
O0A2,0,16516171,1784887200,"Tampere, Finland",Challenger,Quarterfinals,Gauthier Onclin,Tom Gentzsch,1,false,1,finished,2,1,False,1784887200,Gauthier Onclin,False,home,Tom Gentzsch,QF,2026-07-24 10:00
O0A2,0,16516173,1784973600,"Tampere, Finland",Challenger,Semifinals,Diego Dedura-Palomero,Gauthier Onclin,1,false,2,finished,2,1,False,1784973600,Gauthier Onclin,False,away,Diego Dedura-Palomero,SF,2026-07-25 10:00
O0A2,0,16765456,1786370400,"Brownsburg, USA",Challenger,Round of 32,Gauthier Onclin,Yi Zhou,absent,false,absent,canceled,absent,absent,False,1786370400,Gauthier Onclin,False,home,Yi Zhou,R32,2026-08-10 14:00
O0A2,0,16768340,1786572000,"Brownsburg, USA",Challenger,Round of 32,Gauthier Onclin,Tyler Zink,1,false,1,finished,2,1,False,1786572000,Gauthier Onclin,False,home,Tyler Zink,R32,2026-08-12 22:00
O0A2,1,15628499,1772190000,ITF M25 Vale Do Lobo Men,ITF Men,Quarterfinals,Gauthier Onclin,Tiago Pereira,2,false,absent,finished,0,2,False,1772190000,Gauthier Onclin,False,home,Tiago Pereira,QF,2026-02-27 11:00
O0A2,1,15682408,1773221400,"Cherbourg-en-Cotentin, France",Challenger,Round of 32,Gauthier Onclin,Sascha Gueymard Wayenburg,1,false,1,finished,2,0,False,1773221400,Gauthier Onclin,False,home,Sascha Gueymard Wayenburg,R32,2026-03-11 09:30
O0A2,1,15656072,1773339600,"Cherbourg-en-Cotentin, France",Challenger,Round of 16,Gauthier Onclin,Lucas Poullain,1,false,1,finished,2,0,False,1773339600,Gauthier Onclin,False,home,Lucas Poullain,R16,2026-03-12 18:20
O0A2,1,15658239,1773431700,"Cherbourg-en-Cotentin, France",Challenger,Quarterfinals,Jurij Rodionov,Gauthier Onclin,1,false,1,finished,2,0,False,1773431700,Gauthier Onclin,False,away,Jurij Rodionov,QF,2026-03-13 19:55
O0A2,1,15756994,1773770551,ITF M25 Toulouse-Balma Men,ITF Men,Round of 32,Daniel Jade,Gauthier Onclin,2,false,absent,finished,0,2,False,1773770551,Gauthier Onclin,False,away,Daniel Jade,R32,2026-03-17 18:02
O0A2,1,15812490,1773918269,ITF M25 Toulouse-Balma Men,ITF Men,Round of 16,Sebastian Sorger,Gauthier Onclin,2,false,1,finished,0,2,False,1773918269,Gauthier Onclin,False,away,Sebastian Sorger,R16,2026-03-19 11:04
O0A2,1,15829889,1774003246,ITF M25 Toulouse-Balma Men,ITF Men,Quarterfinals,Yanis Ghazouani Durand,Gauthier Onclin,2,false,absent,finished,0,2,False,1774003246,Gauthier Onclin,False,away,Yanis Ghazouani Durand,QF,2026-03-20 10:40
O0A2,1,15837362,1774100446,ITF M25 Toulouse-Balma Men,ITF Men,Semifinals,Raphael Perot,Gauthier Onclin,2,false,absent,finished,1,2,False,1774100446,Gauthier Onclin,False,away,Raphael Perot,SF,2026-03-21 13:40
O0A2,1,15844100,1774186909,ITF M25 Toulouse-Balma Men,ITF Men,Final,Viktor Durasović,Gauthier Onclin,2,false,absent,finished,0,2,False,1774186909,Gauthier Onclin,False,away,Viktor Durasović,F,2026-03-22 13:41
O0A2,1,15866604,1774435601,ITF M25 Saint-Dizier Men,ITF Men,Round of 32,Gauthier Onclin,Remy Dugardin,1,false,absent,finished,2,1,False,1774435601,Gauthier Onclin,False,home,Remy Dugardin,R32,2026-03-25 10:46
O0A2,1,15879203,1774537294,ITF M25 Saint-Dizier Men,ITF Men,Round of 16,Gauthier Onclin,Niels Visker,1,false,absent,finished,2,0,False,1774537294,Gauthier Onclin,False,home,Niels Visker,R16,2026-03-26 15:01
O0A2,1,15886380,1774615646,ITF M25 Saint-Dizier Men,ITF Men,Quarterfinals,Gauthier Onclin,Viktor Durasović,1,false,absent,finished,2,0,False,1774615646,Gauthier Onclin,False,home,Viktor Durasović,QF,2026-03-27 12:47
O0A2,1,15896022,1774713915,ITF M25 Saint-Dizier Men,ITF Men,Semifinals,Gauthier Onclin,Dominic Stricker,2,false,absent,finished,0,2,False,1774713915,Gauthier Onclin,False,home,Dominic Stricker,SF,2026-03-28 16:05
O0A2,1,15971819,1775637692,ITF M25 Monastir 5 Men,ITF Men,Round of 32,Gauthier Onclin,Leo Deflandre,1,false,absent,finished,2,0,False,1775637692,Gauthier Onclin,False,home,Leo Deflandre,R32,2026-04-08 08:41
O0A2,1,15979070,1775733399,ITF M25 Monastir 5 Men,ITF Men,Round of 16,Gauthier Onclin,James Connel,1,false,absent,finished,2,0,False,1775733399,Gauthier Onclin,False,home,James Connel,R16,2026-04-09 11:16
O0A2,1,15983860,1775815742,ITF M25 Monastir 5 Men,ITF Men,Quarterfinals,Gauthier Onclin,Federico Iannaccone,1,false,absent,finished,2,1,False,1775815742,Gauthier Onclin,False,home,Federico Iannaccone,QF,2026-04-10 10:09
O0A2,1,15988593,1775898733,ITF M25 Monastir 5 Men,ITF Men,Semifinals,Gauthier Onclin,Alibek Kachmazov,1,false,absent,finished,2,0,False,1775898733,Gauthier Onclin,False,home,Alibek Kachmazov,SF,2026-04-11 09:12
O0A2,1,15992007,1775985498,ITF M25 Monastir 5 Men,ITF Men,Final,Gauthier Onclin,Jack Loge,1,false,absent,finished,2,1,False,1775985498,Gauthier Onclin,False,home,Jack Loge,F,2026-04-12 09:18
O0A2,1,16033027,1776796200,"Abidjan, Cote d Ivoire",Challenger,Round of 32,Gauthier Onclin,Robert Strombachs,1,false,1,finished,2,0,False,1776796200,Gauthier Onclin,False,home,Robert Strombachs,R32,2026-04-21 18:30
O0A2,1,16036249,1776885600,"Abidjan, Cote d Ivoire, Doubles",Challenger,Round of 16,Singh D / Singh K,Chazal M / Onclin G,2,false,2,finished,0,2,False,1776885600,Gauthier Onclin,True,,,R16,2026-04-22 19:20
O0A2,2,14601345,1757566200,"Guangzhou 2, China",Challenger,Round of 16,Gauthier Onclin,James McCabe,1,false,2,finished,1,0,False,1757566200,Gauthier Onclin,False,home,James McCabe,R16,2025-09-11 04:50
O0A2,2,14601342,1757671200,"Guangzhou 2, China",Challenger,Quarterfinals,Billy Harris,Gauthier Onclin,1,false,1,finished,2,0,False,1757671200,Gauthier Onclin,False,away,Billy Harris,QF,2025-09-12 10:00
O0A2,2,14689555,1757995200,"Hangzhou, China, Qualifying",ATP,Qualification Round 1,Gauthier Onclin,Tristan Boyer,1,false,1,finished,2,0,False,1757995200,Gauthier Onclin,False,home,Tristan Boyer,Q1,2025-09-16 04:00
O0A2,2,14695620,1758081600,"Hangzhou, China, Qualifying",ATP,Qualification Final,Nishesh Basavareddy,Gauthier Onclin,1,false,1,finished,2,0,False,1758081600,Gauthier Onclin,False,away,Nishesh Basavareddy,Q,2025-09-17 04:00
O0A2,2,14736564,1758612600,"Jingshan, China",Challenger,Round of 32,Yu Hsiou Hsu,Gauthier Onclin,2,false,2,finished,0,2,False,1758612600,Gauthier Onclin,False,away,Yu Hsiou Hsu,R32,2025-09-23 07:30
O0A2,2,14708955,1758852000,"Jingshan, China",Challenger,Round of 16,Gauthier Onclin,Mackenzie McDonald,2,false,1,finished,0,2,False,1758852000,Gauthier Onclin,False,home,Mackenzie McDonald,R16,2025-09-26 02:00
O0A2,2,14788605,1759123500,"Shanghai, China, Qualifying",ATP,Qualification Round 1,James Duckworth,Gauthier Onclin,2,false,1,finished,0,2,False,1759123500,Gauthier Onclin,False,away,James Duckworth,Q1,2025-09-29 05:25
O0A2,2,14793747,1759211400,"Shanghai, China, Qualifying",ATP,Qualification Round 2,Gauthier Onclin,August Holmgren,2,false,2,finished,0,2,False,1759211400,Gauthier Onclin,False,home,August Holmgren,Q2,2025-09-30 05:50
O0A2,2,14871421,1760268600,"Brussels, Belgium, Qualifying",ATP,Qualification Round 1,Gauthier Onclin,Alexander Blockx,2,false,2,finished,0,2,False,1760268600,Gauthier Onclin,False,home,Alexander Blockx,Q1,2025-10-12 11:30
O0A2,2,14910977,1760978700,"Hamburg, Germany",Challenger,Round of 32,Henri Squire,Gauthier Onclin,1,false,2,finished,2,0,False,1760978700,Gauthier Onclin,False,away,Henri Squire,R32,2025-10-20 16:45
O0A2,2,14957044,1761664200,"Monastir, Tunisia",Challenger,Round of 32,Sergio Callejon Hernando,Gauthier Onclin,1,false,2,finished,2,0,False,1761664200,Gauthier Onclin,False,away,Sergio Callejon Hernando,R32,2025-10-28 15:10
O0A2,2,14988603,1762356600,"Helsinki, Finland",Challenger,Round of 32,Gauthier Onclin,Otto Virtanen,2,false,2,finished,0,2,False,1762356600,Gauthier Onclin,False,home,Otto Virtanen,R32,2025-11-05 15:30
O0A2,2,15022889,1762785600,"Lyon (Decines-Charpieu), France",Challenger,Round of 32,Gauthier Onclin,Luca Van Assche,2,false,1,finished,0,2,False,1762785600,Gauthier Onclin,False,home,Luca Van Assche,R32,2025-11-10 14:40
O0A2,2,15310391,1767602400,"Noumea, New Caledonia",Challenger,Round of 32,Gauthier Onclin,Titouan Droguet,2,false,2,finished,0,2,False,1767602400,Gauthier Onclin,False,home,Titouan Droguet,R32,2026-01-05 08:40
O0A2,2,15345414,1768172400,"Australian Open, Melbourne, Australia, Qualifying",ATP,Qualification Round 1,Martin Damm Jr,Gauthier Onclin,1,false,2,finished,2,1,False,1768172400,Gauthier Onclin,False,away,Martin Damm Jr,Q1,2026-01-11 23:00
O0A2,2,15386785,1768922700,"Oeiras, Portugal",Challenger,Round of 32,Daniil Glinka,Gauthier Onclin,1,false,2,finished,2,1,False,1768922700,Gauthier Onclin,False,away,Daniil Glinka,R32,2026-01-20 15:25
O0A2,2,15460044,1770046200,"Tenerife, Spain",Challenger,Round of 32,Gauthier Onclin,George Loffhagen,2,false,2,finished,0,2,False,1770046200,Gauthier Onclin,False,home,George Loffhagen,R32,2026-02-02 15:30
O0A2,2,15459431,1770202800,"Tenerife, Spain, Doubles",Challenger,Round of 16,Coppejans K / Onclin G,Mansilla Diez M / Pujol Navarro B,1,false,2,finished,2,0,False,1770202800,Gauthier Onclin,True,,,R16,2026-02-04 11:00
O0A2,2,15459432,1770288000,"Tenerife, Spain, Doubles",Challenger,Quarterfinals,Huesler M-A / Travaglia S,Coppejans K / Onclin G,1,false,1,finished,2,0,False,1770288000,Gauthier Onclin,True,,,QF,2026-02-05 10:40
O0A2,3,13752893,1744531200,ITF M25 Santa Margherita di Pula 2 Men,ITF Men,Final,Gauthier Onclin,Guy Den Ouden,1,false,absent,finished,2,0,False,1744531200,Gauthier Onclin,False,home,Guy Den Ouden,F,2025-04-13 08:00
O0A2,3,13765020,1744963200,ITF M25 Santa Margherita di Pula 3 Men,ITF Men,Round of 32,Gauthier Onclin,Laurent Lokoli,1,false,absent,finished,2,1,False,1744963200,Gauthier Onclin,False,home,Laurent Lokoli,R32,2025-04-18 08:00
O0A2,3,13786999,1744990200,ITF M25 Santa Margherita di Pula 3 Men,ITF Men,Round of 16,Gauthier Onclin,Gianmarco Ferrari,1,false,absent,finished,2,0,False,1744990200,Gauthier Onclin,False,home,Gianmarco Ferrari,R16,2025-04-18 15:30
O0A2,3,13788140,1745051400,ITF M25 Santa Margherita di Pula 3 Men,ITF Men,Quarterfinals,Gauthier Onclin,Giovanni Fonio,2,false,2,finished,0,2,False,1745051400,Gauthier Onclin,False,home,Giovanni Fonio,QF,2025-04-19 08:30
O0A2,3,13819332,1745844000,"Ostrava, Czech Republic",Challenger,Round of 32,Coleman Wong,Gauthier Onclin,2,false,1,finished,1,2,False,1745844000,Gauthier Onclin,False,away,Coleman Wong,R32,2025-04-28 12:40
O0A2,3,13805046,1746010200,"Ostrava, Czech Republic",Challenger,Round of 16,Gauthier Onclin,Edas Butvilas,1,false,1,finished,2,1,False,1746010200,Gauthier Onclin,False,home,Edas Butvilas,R16,2025-04-30 10:50
O0A2,3,13805044,1746191400,"Ostrava, Czech Republic",Challenger,Quarterfinals,Gauthier Onclin,Petr Brunclik,1,false,1,finished,2,1,False,1746191400,Gauthier Onclin,False,home,Petr Brunclik,QF,2025-05-02 13:10
O0A2,3,13805051,1746272100,"Ostrava, Czech Republic",Challenger,Semifinals,Zsombor Piros,Gauthier Onclin,1,false,1,finished,2,0,False,1746272100,Gauthier Onclin,False,away,Zsombor Piros,SF,2025-05-03 11:35
O0A2,3,13850262,1746358200,"Prague, Czech Republic, Qualifying",Challenger,Qualification Round 1,Gauthier Onclin,Oriol Roca Batalla,absent,false,absent,canceled,absent,absent,False,1746358200,Gauthier Onclin,False,home,Oriol Roca Batalla,Q1,2025-05-04 11:30
O0A2,3,13885960,1747123200,"Zagreb, Croatia",Challenger,Round of 32,Gauthier Onclin,Luka Pavlović,2,false,1,finished,1,2,False,1747123200,Gauthier Onclin,False,home,Luka Pavlović,R32,2025-05-13 08:00
O0A2,3,13914616,1747752000,"French Open, Paris, France, Qualifying",ATP,Qualification Round 1,Juan Manuel Cerundolo,Gauthier Onclin,1,false,1,finished,2,0,False,1747752000,Gauthier Onclin,False,away,Juan Manuel Cerundolo,Q1,2025-05-20 14:40
O0A2,3,13937379,1748260800,"Vicenza, Italy",Challenger,Round of 32,Gauthier Onclin,Timofey Skatov,2,false,2,finished,0,2,False,1748260800,Gauthier Onclin,False,home,Timofey Skatov,R32,2025-05-26 12:00
O0A2,3,13968516,1748955300,"Heilbronn, Germany",Challenger,Round of 32,Gauthier Onclin,Francesco Maestrelli,1,false,absent,finished,2,1,False,1748955300,Gauthier Onclin,False,home,Francesco Maestrelli,R32,2025-06-03 12:55
O0A2,3,13965562,1748956200,"Heilbronn, Germany",Challenger,Round of 32,Gauthier Onclin,Rei Sakamoto,absent,false,absent,canceled,absent,absent,False,1748956200,Gauthier Onclin,False,home,Rei Sakamoto,R32,2025-06-03 13:10
O0A2,3,13947167,1749132000,"Heilbronn, Germany",Challenger,Round of 16,Guy Den Ouden,Gauthier Onclin,1,false,1,finished,2,0,False,1749132000,Gauthier Onclin,False,away,Guy Den Ouden,R16,2025-06-05 14:00
O0A2,3,13983099,1749484200,"Lyon, France",Challenger,Round of 32,Gauthier Onclin,Juan Pablo Ficovich,2,false,1,finished,2,0,False,1749484200,Gauthier Onclin,False,home,Juan Pablo Ficovich,R32,2025-06-09 15:50
O0A2,3,13972823,1749648000,"Lyon, France",Challenger,Round of 16,Lucas Poullain,Gauthier Onclin,2,false,1,finished,0,2,False,1749648000,Gauthier Onclin,False,away,Lucas Poullain,R16,2025-06-11 13:20
O0A2,3,13972825,1749822600,"Lyon, France",Challenger,Quarterfinals,Pablo Carreño Busta,Gauthier Onclin,2,false,2,finished,0,2,False,1749822600,Gauthier Onclin,False,away,Pablo Carreño Busta,QF,2025-06-13 13:50
O0A2,3,13972830,1749911700,"Lyon, France",Challenger,Semifinals,Gauthier Onclin,Daniel Merida,2,false,1,finished,0,2,False,1749911700,Gauthier Onclin,False,home,Daniel Merida,SF,2025-06-14 14:35
O0A2,3,14039645,1750689300,"Wimbledon, London, GB, Qualifying, 1st - 2nd Round",ATP,Qualification Round 1,Constant Lestienne,Gauthier Onclin,2,false,2,finished,1,2,False,1750689300,Gauthier Onclin,False,away,Constant Lestienne,Q1,2025-06-23 14:35
O0A2,4,13146048,1732191300,"Vale do Lobo, Singles Main, M-ITF-POR-25A",ITF Men,Round of 16,Gauthier Onclin,Daniel Batista,1,false,1,finished,2,0,False,1732191300,Gauthier Onclin,False,home,Daniel Batista,R16,2024-11-21 12:15
O0A2,4,13152874,1732276500,"Vale do Lobo, Singles Main, M-ITF-POR-25A",ITF Men,Quarterfinals,Gauthier Onclin,Mario Gonzalez Fernandez,1,false,2,finished,2,1,False,1732276500,Gauthier Onclin,False,home,Mario Gonzalez Fernandez,QF,2024-11-22 11:55
O0A2,4,13158275,1732357200,"Vale do Lobo, Singles Main, M-ITF-POR-25A",ITF Men,Semifinals,Gauthier Onclin,Pedro Araujo,1,false,2,finished,2,0,False,1732357200,Gauthier Onclin,False,home,Pedro Araujo,SF,2024-11-23 10:20
O0A2,4,13160519,1732446000,"Vale do Lobo, Singles Main, M-ITF-POR-25A",ITF Men,Final,Gauthier Onclin,Frederico Ferreira Silva,1,false,1,finished,2,0,False,1732446000,Gauthier Onclin,False,home,Frederico Ferreira Silva,F,2024-11-24 11:00
O0A2,4,13168454,1732708200,"Tunisia F64, Singles",ITF Men,Round of 32,Gauthier Onclin,Mohamed Nazim Makhlouf,1,false,2,finished,2,1,False,1732708200,Gauthier Onclin,False,home,Mohamed Nazim Makhlouf,R32,2024-11-27 11:50
O0A2,4,13173076,1732790400,"Tunisia F64, Singles",ITF Men,Round of 16,Gauthier Onclin,Nicolas Ifi,1,false,2,finished,2,0,False,1732790400,Gauthier Onclin,False,home,Nicolas Ifi,R16,2024-11-28 10:40
O0A2,4,13176505,1732870800,"Tunisia F64, Singles",ITF Men,Quarterfinals,Gauthier Onclin,Lukas Pokorny,1,false,2,finished,2,0,False,1732870800,Gauthier Onclin,False,home,Lukas Pokorny,QF,2024-11-29 09:00
O0A2,4,13179866,1732963800,"Tunisia F64, Singles",ITF Men,Semifinals,Gauthier Onclin,Martin Klizan,1,false,2,finished,2,0,False,1732963800,Gauthier Onclin,False,home,Martin Klizan,SF,2024-11-30 10:50
O0A2,4,13182752,1733047200,"Tunisia F64, Singles",ITF Men,Final,Gauthier Onclin,Lorenzo Giustino,1,false,1,finished,2,1,False,1733047200,Gauthier Onclin,False,home,Lorenzo Giustino,F,2024-12-01 10:00
O0A2,4,13278445,1735614600,"Canberra, Australia, Doubles",Challenger,Round of 16,Gaston H / Onclin G,Jones H / Marinkov P,2,false,2,finished,0,2,False,1735614600,Gauthier Onclin,True,,,R16,2024-12-31 03:10
O0A2,4,13300732,1736149500,"Australian Open, Melbourne, Australia, Qualifying",ATP,Qualification Round 1,Roman Andres Burruchaga,Gauthier Onclin,2,false,2,finished,1,2,False,1736149500,Gauthier Onclin,False,away,Roman Andres Burruchaga,Q1,2025-01-06 07:45
O0A2,4,13303858,1736302200,"Australian Open, Melbourne, Australia, Qualifying",ATP,Qualification Round 2,Aleksandar Kovačević,Gauthier Onclin,2,false,1,finished,1,2,False,1736302200,Gauthier Onclin,False,away,Aleksandar Kovačević,Q2,2025-01-08 02:10
O0A2,4,13309910,1736392200,"Australian Open, Melbourne, Australia, Qualifying",ATP,Qualification Final,Gauthier Onclin,Mackenzie McDonald,1,false,1,finished,2,1,False,1736392200,Gauthier Onclin,False,home,Mackenzie McDonald,Q,2025-01-09 03:10
O0A2,4,13315927,1736673300,"Australian Open, Melbourne, Australia",ATP,Round of 128,Gauthier Onclin,Reilly Opelka,2,false,2,finished,1,3,False,1736673300,Gauthier Onclin,False,home,Reilly Opelka,R128,2025-01-12 09:15
O0A2,4,13389833,1738054800,"Koblenz, Germany",Challenger,Round of 32,Henri Squire,Gauthier Onclin,absent,false,absent,canceled,absent,absent,False,1738054800,Gauthier Onclin,False,away,Henri Squire,R32,2025-01-28 09:00
O0A2,4,13483649,1739895300,"Glasgow, Great Britain",Challenger,Round of 32,Gauthier Onclin,Philip Henning,2,false,2,finished,0,2,False,1739895300,Gauthier Onclin,False,home,Philip Henning,R32,2025-02-18 16:15
O0A2,4,13520146,1740479400,"Lugano, Switzerland",Challenger,Round of 32,Gauthier Onclin,Borna Ćorić,absent,false,1,finished,0,1,False,1740479400,Gauthier Onclin,False,home,Borna Ćorić,R32,2025-02-25 10:30
O0A2,4,13521093,1740521400,"Lugano, Switzerland, Doubles",Challenger,Round of 16,Collignon R / Onclin G,Cassone M / Draxl L,absent,false,absent,canceled,absent,absent,False,1740521400,Gauthier Onclin,True,,,R16,2025-02-25 22:10
O0A2,5,12533539,1720873800,"Kassel, Singles Main, M-ITF-GER-08A",ITF Men,Semifinals,Khumoyun Sultanov,Gauthier Onclin,1,false,1,finished,2,1,False,1720873800,Gauthier Onclin,False,away,Khumoyun Sultanov,SF,2024-07-13 12:30
O0A2,5,12547703,1721217600,"Esch-Alzette, Singles Main, M-ITF-LUX-02A",ITF Men,Round of 32,Gauthier Onclin,N. Campbell,1,false,1,finished,2,0,False,1721217600,Gauthier Onclin,False,home,N. Campbell,R32,2024-07-17 12:00
O0A2,5,12565975,1721308200,"Esch-Alzette, Singles Main, M-ITF-LUX-02A",ITF Men,Round of 16,Aaron Gil Garcia,Gauthier Onclin,1,false,2,finished,2,0,False,1721308200,Gauthier Onclin,False,away,Aaron Gil Garcia,R16,2024-07-18 13:10
O0A2,5,12570424,1721391000,"Esch-Alzette, Singles Main, M-ITF-LUX-02A",ITF Men,Quarterfinals,Gauthier Onclin,Simon Beaupain,1,false,1,finished,2,0,False,1721391000,Gauthier Onclin,False,home,Simon Beaupain,QF,2024-07-19 12:10
O0A2,5,12573899,1721479800,"Esch-Alzette, Singles Main, M-ITF-LUX-02A",ITF Men,Semifinals,Alejo Lorenzo Lingua Lavallen,Gauthier Onclin,1,false,2,finished,2,0,False,1721479800,Gauthier Onclin,False,away,Alejo Lorenzo Lingua Lavallen,SF,2024-07-20 12:50
O0A2,5,12578867,1721566500,"Esch-Alzette, Singles Main, M-ITF-LUX-02A",ITF Men,Final,Gauthier Onclin,Chris Rodesch,2,false,1,finished,1,2,False,1721566500,Gauthier Onclin,False,home,Chris Rodesch,F,2024-07-21 12:55
O0A2,5,12584084,1721725200,"Tampere, Finland",Challenger,Round of 32,Henri Laaksonen,Gauthier Onclin,2,false,2,finished,0,2,False,1721725200,Gauthier Onclin,False,away,Henri Laaksonen,R32,2024-07-23 09:00
O0A2,5,12566011,1721916600,"Tampere, Finland",Challenger,Round of 16,Aziz Dougaz,Gauthier Onclin,1,false,1,finished,2,0,False,1721916600,Gauthier Onclin,False,away,Aziz Dougaz,R16,2024-07-25 14:10
O0A2,5,12611459,1722265200,"Luedenscheid, Germany",Challenger,Round of 32,Bernabe Zapata Miralles,Gauthier Onclin,2,false,2,finished,0,2,False,1722265200,Gauthier Onclin,False,away,Bernabe Zapata Miralles,R32,2024-07-29 15:00
O0A2,5,12593665,1722416400,"Luedenscheid, Germany",Challenger,Round of 16,Gauthier Onclin,Oriol Roca Batalla,2,false,2,finished,1,2,False,1722416400,Gauthier Onclin,False,home,Oriol Roca Batalla,R16,2024-07-31 09:00
O0A2,5,12641866,1722862800,"Bonn, Germany",Challenger,Round of 32,Hady Habib,Gauthier Onclin,absent,false,absent,canceled,absent,absent,False,1722862800,Gauthier Onclin,False,away,Hady Habib,R32,2024-08-05 13:00
O0A2,5,12959453,1728484200,"Portugal F22, Singles",ITF Men,Round of 32,Sergey Fomin,Gauthier Onclin,2,false,2,finished,0,2,False,1728484200,Gauthier Onclin,False,away,Sergey Fomin,R32,2024-10-09 14:30
O0A2,5,12963909,1728560700,"Portugal F22, Singles",ITF Men,Round of 16,Dali Blanch,Gauthier Onclin,2,false,1,finished,0,2,False,1728560700,Gauthier Onclin,False,away,Dali Blanch,R16,2024-10-10 11:45
O0A2,5,12966006,1728651600,"Portugal F22, Singles",ITF Men,Quarterfinals,Frederico Ferreira Silva,Gauthier Onclin,2,false,2,finished,1,2,False,1728651600,Gauthier Onclin,False,away,Frederico Ferreira Silva,QF,2024-10-11 13:00
O0A2,5,12973085,1728747000,"Portugal F22, Singles",ITF Men,Semifinals,Gauthier Onclin,Mathias Bourgue,1,false,1,finished,2,1,False,1728747000,Gauthier Onclin,False,home,Mathias Bourgue,SF,2024-10-12 15:30
O0A2,5,12974194,1728813600,"Portugal F22, Singles",ITF Men,Final,Evgeny Karlovskiy,Gauthier Onclin,1,false,2,finished,2,0,False,1728813600,Gauthier Onclin,False,away,Evgeny Karlovskiy,F,2024-10-13 10:00
O0A2,5,12982937,1729172700,"Portugal F23, Singles",ITF Men,Round of 32,Gauthier Onclin,Michael Zhu,1,false,1,finished,2,0,False,1729172700,Gauthier Onclin,False,home,Michael Zhu,R32,2024-10-17 13:45
O0A2,5,12998859,1729260000,"Portugal F23, Singles",ITF Men,Round of 16,Iliyan Radulov,Gauthier Onclin,1,false,1,finished,2,1,False,1729260000,Gauthier Onclin,False,away,Iliyan Radulov,R16,2024-10-18 14:00
O0A2,5,13003578,1729328400,"Portugal F23, Singles",ITF Men,Quarterfinals,Gauthier Onclin,Joao Domingues,1,false,1,finished,2,0,False,1729328400,Gauthier Onclin,False,home,Joao Domingues,QF,2024-10-19 09:00
O0A2,5,13006083,1729343700,"Portugal F23, Singles",ITF Men,Semifinals,Gauthier Onclin,Alafia Ayeni,1,false,2,finished,2,0,False,1729343700,Gauthier Onclin,False,home,Alafia Ayeni,SF,2024-10-19 13:15
O0A2,6,12177617,1711035600,"Balma, Singles Main, M-ITF-FRA-04A",ITF Men,Round of 16,Gauthier Onclin,Alexey Vatutin,1,false,1,finished,2,1,False,1711035600,Gauthier Onclin,False,home,Alexey Vatutin,R16,2024-03-21 15:40
O0A2,6,12181401,1711116600,"Balma, Singles Main, M-ITF-FRA-04A",ITF Men,Quarterfinals,Gauthier Onclin,Raphael Collignon,2,false,1,finished,0,2,False,1711116600,Gauthier Onclin,False,home,Raphael Collignon,QF,2024-03-22 14:10
O0A2,6,12195255,1711535100,"Saint Dizier, Singles Main, M-ITF-FRA-05A",ITF Men,Round of 32,Adan Freire Da Silva,Gauthier Onclin,2,false,2,finished,0,2,False,1711535100,Gauthier Onclin,False,away,Adan Freire Da Silva,R32,2024-03-27 10:25
O0A2,6,12200224,1711643700,"Saint Dizier, Singles Main, M-ITF-FRA-05A",ITF Men,Round of 16,Boris Fassbender,Gauthier Onclin,2,false,2,finished,0,2,False,1711643700,Gauthier Onclin,False,away,Boris Fassbender,R16,2024-03-28 16:35
O0A2,6,12202671,1711720800,"Saint Dizier, Singles Main, M-ITF-FRA-05A",ITF Men,Quarterfinals,Sascha Gueymard Wayenburg,Gauthier Onclin,2,false,2,finished,1,2,False,1711720800,Gauthier Onclin,False,away,Sascha Gueymard Wayenburg,QF,2024-03-29 14:00
O0A2,6,12206003,1711811400,"Saint Dizier, Singles Main, M-ITF-FRA-05A",ITF Men,Semifinals,Buvaysar Gadamauri,Gauthier Onclin,2,false,2,finished,0,2,False,1711811400,Gauthier Onclin,False,away,Buvaysar Gadamauri,SF,2024-03-30 15:10
O0A2,6,12209492,1711890000,"Saint Dizier, Singles Main, M-ITF-FRA-05A",ITF Men,Final,Alibek Kachmazov,Gauthier Onclin,2,false,2,finished,1,2,False,1711890000,Gauthier Onclin,False,away,Alibek Kachmazov,F,2024-03-31 13:00
O0A2,6,12249093,1713095400,"Oeiras 3, Portugal, Qualifying",Challenger,Qualification round 1,Miguel Damas,Gauthier Onclin,2,false,1,finished,0,2,False,1713095400,Gauthier Onclin,False,away,Miguel Damas,Q1,2024-04-14 11:50
O0A2,6,12250879,1713173400,"Oeiras 3, Portugal, Qualifying",Challenger,absent,Maks Kasnikowski,Gauthier Onclin,2,false,2,finished,0,2,False,1713173400,Gauthier Onclin,False,away,Maks Kasnikowski,Q,2024-04-15 09:30
O0A2,6,12253879,1713261600,"Oeiras 3, Portugal",Challenger,Round of 32,Zsombor Piros,Gauthier Onclin,absent,false,absent,canceled,absent,absent,False,1713261600,Gauthier Onclin,False,away,Zsombor Piros,R32,2024-04-16 10:00
O0A2,6,12253899,1713267900,"Oeiras 3, Portugal",Challenger,Round of 32,Jesper De Jong,Gauthier Onclin,1,false,1,finished,2,0,False,1713267900,Gauthier Onclin,False,away,Jesper De Jong,R32,2024-04-16 11:45
O0A2,6,12267620,1713800100,"Ostrava, Czech Republic",Challenger,Round of 32,Dimitar Kuzmanov,Gauthier Onclin,2,false,2,finished,0,2,False,1713800100,Gauthier Onclin,False,away,Dimitar Kuzmanov,R32,2024-04-22 15:35
O0A2,6,12260686,1713945600,"Ostrava, Czech Republic",Challenger,Round of 16,Dennis Novak,Gauthier Onclin,1,false,2,finished,2,0,False,1713945600,Gauthier Onclin,False,away,Dennis Novak,R16,2024-04-24 08:00
O0A2,6,12306799,1714995300,"Prague 2, Czech Republic",Challenger,Round of 32,Gijs Brouwer,Gauthier Onclin,2,false,1,finished,0,2,False,1714995300,Gauthier Onclin,False,away,Gijs Brouwer,R32,2024-05-06 11:35
O0A2,6,12296936,1715245200,"Prague 2, Czech Republic",Challenger,Round of 16,Oriol Roca Batalla,Gauthier Onclin,2,false,1,finished,1,2,False,1715245200,Gauthier Onclin,False,away,Oriol Roca Batalla,R16,2024-05-09 09:00
O0A2,6,12296933,1715338800,"Prague 2, Czech Republic",Challenger,Quarterfinals,Gauthier Onclin,Javier Barranco Cosano,1,false,1,finished,2,1,False,1715338800,Gauthier Onclin,False,home,Javier Barranco Cosano,QF,2024-05-10 11:00
O0A2,6,12296939,1715418000,"Prague 2, Czech Republic",Challenger,Semifinals,Alex Molčan,Gauthier Onclin,2,false,2,finished,0,1,False,1715418000,Gauthier Onclin,False,away,Alex Molčan,SF,2024-05-11 09:00
O0A2,6,12296937,1715511600,"Prague 2, Czech Republic",Challenger,Final,Jiri Vesely,Gauthier Onclin,1,false,2,finished,2,1,False,1715511600,Gauthier Onclin,False,away,Jiri Vesely,F,2024-05-12 11:00
O0A2,6,12326649,1715696400,"Oeiras 4, Portugal",Challenger,Round of 32,Gauthier Onclin,Beibit Zhukayev,2,false,1,finished,0,2,False,1715696400,Gauthier Onclin,False,home,Beibit Zhukayev,R32,2024-05-14 14:20
O0A2,6,12344852,1716208200,"Skopje, North Macedonia",Challenger,Round of 32,Kamil Majchrzak,Gauthier Onclin,1,false,2,finished,2,0,False,1716208200,Gauthier Onclin,False,away,Kamil Majchrzak,R32,2024-05-20 12:30
O0A2,7,11563193,1692813900,"US Open, New York, USA, Qualifying",ATP,Qualification round 1,Gauthier Onclin,Marco Trungelliti,1,false,2,finished,2,0,False,1692813900,Gauthier Onclin,False,home,Marco Trungelliti,Q1,2023-08-23 18:05
O0A2,7,11570229,1692916200,"US Open, New York, USA, Qualifying",ATP,Qualification round 2,Gauthier Onclin,Sho Shimabukuro,2,false,absent,finished,0,2,False,1692916200,Gauthier Onclin,False,home,Sho Shimabukuro,Q2,2023-08-24 22:30
O0A2,7,11607054,1693910400,"Istanbul, Turkiye",Challenger,Round of 32,Altug Celikbilek,Gauthier Onclin,1,false,absent,finished,2,0,False,1693910400,Gauthier Onclin,False,away,Altug Celikbilek,R32,2023-09-05 10:40
O0A2,7,11629144,1694444400,"Rennes, France",Challenger,Round of 32,Gauthier Onclin,Giulio Zeppieri,1,false,absent,finished,2,0,False,1694444400,Gauthier Onclin,False,home,Giulio Zeppieri,R32,2023-09-11 15:00
O0A2,7,11616819,1694622600,"Rennes, France",Challenger,Round of 16,Gauthier Onclin,Benjamin Bonzi,2,false,absent,finished,0,2,False,1694622600,Gauthier Onclin,False,home,Benjamin Bonzi,R16,2023-09-13 16:30
O0A2,7,11743164,1697369400,"Antwerp, Belgium, Qualifying",ATP,Qualification round 1,Maxime Cressy,Gauthier Onclin,2,false,absent,finished,1,2,False,1697369400,Gauthier Onclin,False,away,Maxime Cressy,Q1,2023-10-15 11:30
O0A2,7,11749026,1697448600,"Antwerp, Belgium, Qualifying",ATP,Qualification round 2,Gauthier Onclin,Giovanni Mpetshi Perricard,2,false,absent,finished,0,2,False,1697448600,Gauthier Onclin,False,home,Giovanni Mpetshi Perricard,Q2,2023-10-16 09:30
O0A2,7,11743356,1697467800,"Antwerp, Belgium, Doubles",ATP,Round of 16,Bublik A / Shevchenko A,Geerts M / Onclin G,1,false,2,finished,2,1,False,1697467800,Gauthier Onclin,True,,,R16,2023-10-16 14:50
O0A2,7,11765202,1698074700,"Ortisei, Italy",Challenger,Round of 32,Maks Kasnikowski,Gauthier Onclin,1,false,absent,finished,2,0,False,1698074700,Gauthier Onclin,False,away,Maks Kasnikowski,R32,2023-10-23 15:25
O0A2,7,11781954,1698742800,"Bergamo, Italy",Challenger,Round of 32,Gauthier Onclin,Radu Albot,2,false,absent,finished,1,2,False,1698742800,Gauthier Onclin,False,home,Radu Albot,R32,2023-10-31 09:00
O0A2,7,11804602,1699180200,"Helsinki, Finland, Qualifying",Challenger,Qualification round 1,Gauthier Onclin,Markus Molder,1,false,absent,finished,2,0,False,1699180200,Gauthier Onclin,False,home,Markus Molder,Q1,2023-11-05 10:30
O0A2,7,11806326,1699277700,"Helsinki, Finland, Qualifying",Challenger,Qualification round 2,Gauthier Onclin,Maximilian Neuchrist,2,false,absent,finished,0,2,False,1699277700,Gauthier Onclin,False,home,Maximilian Neuchrist,Q2,2023-11-06 13:35
O0A2,7,11823033,1699982100,"Danderyd, Sweden",Challenger,Round of 32,Leo Borg,Gauthier Onclin,2,false,absent,finished,1,2,False,1699982100,Gauthier Onclin,False,away,Leo Borg,R32,2023-11-14 17:15
O0A2,7,11815719,1700125200,"Danderyd, Sweden",Challenger,Round of 16,Gauthier Onclin,Flavio Cobolli,2,false,absent,finished,absent,absent,False,1700125200,Gauthier Onclin,False,home,Flavio Cobolli,R16,2023-11-16 09:00
O0A2,7,11930097,1704098700,"Nonthaburi, Thailand",Challenger,Round of 32,Gauthier Onclin,Yasutaka Uchiyama,1,false,2,finished,2,0,False,1704098700,Gauthier Onclin,False,home,Yasutaka Uchiyama,R32,2024-01-01 08:45
O0A2,7,11926313,1704250800,"Nonthaburi, Thailand",Challenger,Round of 16,Evgeny Donskoy,Gauthier Onclin,2,false,1,finished,0,2,False,1704250800,Gauthier Onclin,False,away,Evgeny Donskoy,R16,2024-01-03 03:00
O0A2,7,11926312,1704339000,"Nonthaburi, Thailand",Challenger,Quarterfinals,Gauthier Onclin,Lucas Pouille,2,false,1,finished,0,2,False,1704339000,Gauthier Onclin,False,home,Lucas Pouille,QF,2024-01-04 03:30
O0A2,7,11954364,1704863700,"Australian Open, Melbourne, Australia, Qualifying",ATP,Qualification round 1,Aleksandar Kovačević,Gauthier Onclin,1,false,1,finished,2,1,False,1704863700,Gauthier Onclin,False,away,Aleksandar Kovačević,Q1,2024-01-10 05:15
O0A2,7,11945045,1705304400,"Nonthaburi 3, Thailand",Challenger,Round of 32,Gauthier Onclin,Hiroki Moriya,1,false,1,finished,2,0,False,1705304400,Gauthier Onclin,False,home,Hiroki Moriya,R32,2024-01-15 07:40
O0A2,8,11204625,1681981200,"Roseto Degli Abruzzi, Italy",Challenger,Round of 16,Gauthier Onclin,Francesco Forti,1,false,absent,finished,2,1,False,1681981200,Gauthier Onclin,False,home,Francesco Forti,R16,2023-04-20 09:00
O0A2,8,11204638,1682075400,"Roseto Degli Abruzzi, Italy",Challenger,Quarterfinals,Gauthier Onclin,Raphael Collignon,2,false,absent,finished,1,2,False,1682075400,Gauthier Onclin,False,home,Raphael Collignon,QF,2023-04-21 11:10
O0A2,8,11231202,1682323200,"Ostrava, Czech Republic",Challenger,Round of 32,Gauthier Onclin,Dalibor Svr­čina,absent,false,absent,canceled,absent,absent,False,1682323200,Gauthier Onclin,False,home,Dalibor Svr­čina,R32,2023-04-24 08:00
O0A2,8,11232155,1682421900,"Ostrava, Czech Republic",Challenger,Round of 32,Gauthier Onclin,Vitaliy Sachko,1,false,absent,finished,2,1,False,1682421900,Gauthier Onclin,False,home,Vitaliy Sachko,R32,2023-04-25 11:25
O0A2,8,11222500,1682509800,"Ostrava, Czech Republic",Challenger,Round of 16,Gauthier Onclin,Dalibor Svr­čina,1,false,absent,finished,2,0,False,1682509800,Gauthier Onclin,False,home,Dalibor Svr­čina,R16,2023-04-26 11:50
O0A2,8,11222505,1682672400,"Ostrava, Czech Republic",Challenger,Quarterfinals,Zdenek Kolar,Gauthier Onclin,1,false,absent,finished,2,1,False,1682672400,Gauthier Onclin,False,away,Zdenek Kolar,QF,2023-04-28 09:00
O0A2,8,11267622,1683628800,"Francavilla, Italy",Challenger,Round of 32,Gauthier Onclin,Stefano Travaglia,2,false,absent,finished,0,2,False,1683628800,Gauthier Onclin,False,home,Stefano Travaglia,R32,2023-05-09 10:40
O0A2,8,11280583,1684059300,"Bordeaux, France, Qualifying",Challenger,Qualification round 1,Gauthier Onclin,Guillermo Duran,1,false,absent,finished,2,0,False,1684059300,Gauthier Onclin,False,home,Guillermo Duran,Q1,2023-05-14 10:15
O0A2,8,11281927,1684141200,"Bordeaux, France, Qualifying",Challenger,Qualification round 2,Gauthier Onclin,Guido Andreozzi,1,false,absent,finished,2,1,False,1684141200,Gauthier Onclin,False,home,Guido Andreozzi,Q2,2023-05-15 09:00
O0A2,8,11284277,1684225800,"Bordeaux, France",Challenger,Round of 32,Gauthier Onclin,Elias Ymer,1,false,absent,finished,2,0,False,1684225800,Gauthier Onclin,False,home,Elias Ymer,R32,2023-05-16 08:30
O0A2,8,11270270,1684340100,"Bordeaux, France",Challenger,Round of 16,Ugo Humbert,Gauthier Onclin,1,false,absent,finished,2,1,False,1684340100,Gauthier Onclin,False,away,Ugo Humbert,R16,2023-05-17 16:15
O0A2,8,11299102,1684742400,"French Open, Paris, France, Qualifying",ATP,Qualification round 1,Gauthier Onclin,Nicholas David Ionel,1,false,1,finished,2,0,False,1684742400,Gauthier Onclin,False,home,Nicholas David Ionel,Q1,2023-05-22 08:00
O0A2,8,11301065,1684915200,"French Open, Paris, France, Qualifying",ATP,Qualification round 2,Gauthier Onclin,Thiago Agustin Tirante,2,false,1,finished,1,2,False,1684915200,Gauthier Onclin,False,home,Thiago Agustin Tirante,Q2,2023-05-24 08:00
O0A2,8,11314739,1685347200,"Troisdorf, Germany",Challenger,Round of 32,Gauthier Onclin,Yu Hsiou Hsu,absent,false,absent,canceled,absent,absent,False,1685347200,Gauthier Onclin,False,home,Yu Hsiou Hsu,R32,2023-05-29 08:00
O0A2,8,11355203,1687023600,"Ilkley, Great Britain, Qualifying",Challenger,Qualification round 1,Gauthier Onclin,Sho Shimabukuro,2,false,absent,finished,1,2,False,1687023600,Gauthier Onclin,False,home,Sho Shimabukuro,Q1,2023-06-17 17:40
O0A2,8,11357379,1687359300,"Ilkley, Great Britain, Doubles",Challenger,Round of 16,Collignon R / Onclin G,Bergs Z / de Loore J,2,false,absent,finished,1,2,False,1687359300,Gauthier Onclin,True,,,R16,2023-06-21 14:55
O0A2,8,11377705,1687777800,"Wimbledon, London, GB, Qualifying, 1st - 2nd Round",ATP,Qualification round 1,Gauthier Onclin,Thiago Agustin Tirante,1,false,2,finished,2,0,False,1687777800,Gauthier Onclin,False,home,Thiago Agustin Tirante,Q1,2023-06-26 11:10
O0A2,8,11380238,1687946400,"Wimbledon, London, GB, Qualifying, 1st - 2nd Round",ATP,Qualification round 2,Maximilian Marterer,Gauthier Onclin,1,false,1,finished,2,0,False,1687946400,Gauthier Onclin,False,away,Maximilian Marterer,Q2,2023-06-28 10:00
O0A2,9,10909654,1669725000,"Maia, Portugal",Challenger,Round of 32,Gauthier Onclin,Evgeny Karlovskiy,2,false,absent,finished,0,2,False,1669725000,Gauthier Onclin,False,home,Evgeny Karlovskiy,R32,2022-11-29 12:30
O0A2,9,10996229,1674032400,"Bressuire, Singles Main, M-ITF-FRA-01A",ITF Men,Round of 32,Gauthier Onclin,Maik Steiner,1,false,2,finished,2,0,False,1674032400,Gauthier Onclin,False,home,Maik Steiner,R32,2023-01-18 09:00
O0A2,9,11001011,1674133200,"Bressuire, Singles Main, M-ITF-FRA-01A",ITF Men,Round of 16,Gauthier Onclin,Philip Florig,1,false,1,finished,2,0,False,1674133200,Gauthier Onclin,False,home,Philip Florig,R16,2023-01-19 13:00
O0A2,9,11003386,1674224700,"Bressuire, Singles Main, M-ITF-FRA-01A",ITF Men,Quarterfinals,Gauthier Onclin,Adrien Gobat,1,false,1,finished,2,0,False,1674224700,Gauthier Onclin,False,home,Adrien Gobat,QF,2023-01-20 14:25
O0A2,9,11005263,1674317700,"Bressuire, Singles Main, M-ITF-FRA-01A",ITF Men,Semifinals,Gauthier Onclin,Antoine Ghibaudo,1,false,1,finished,2,0,False,1674317700,Gauthier Onclin,False,home,Antoine Ghibaudo,SF,2023-01-21 16:15
O0A2,9,11006782,1674397800,"Bressuire, Singles Main, M-ITF-FRA-01A",ITF Men,Final,Gauthier Onclin,Lucas Poullain,1,false,1,finished,2,0,False,1674397800,Gauthier Onclin,False,home,Lucas Poullain,F,2023-01-22 14:30
O0A2,9,11008368,1674500400,"Ottignies-Louvain-la-Neuve, Belgium, Qualifying",Challenger,Qualification round 1,Sumit Nagal,Gauthier Onclin,2,false,absent,finished,1,2,False,1674500400,Gauthier Onclin,False,away,Sumit Nagal,Q1,2023-01-23 19:00
O0A2,9,11010419,1674562500,"Ottignies-Louvain-la-Neuve, Belgium, Qualifying",Challenger,Qualification round 1,Ergi Kirkin,Gauthier Onclin,2,false,absent,finished,0,2,False,1674562500,Gauthier Onclin,False,away,Ergi Kirkin,Q1,2023-01-24 12:15
O0A2,9,11012236,1674671400,"Ottignies-Louvain-la-Neuve, Belgium",Challenger,Round of 32,Ugo Humbert,Gauthier Onclin,2,false,absent,finished,0,2,False,1674671400,Gauthier Onclin,False,away,Ugo Humbert,R32,2023-01-25 18:30
O0A2,9,11003593,1674745200,"Ottignies-Louvain-la-Neuve, Belgium",Challenger,Round of 16,Gauthier Onclin,Ernests Gulbis,1,false,1,finished,2,1,False,1674745200,Gauthier Onclin,False,home,Ernests Gulbis,R16,2023-01-26 15:00
O0A2,9,11007971,1674756600,"Ottignies-Louvain-la-Neuve, Belgium, Doubles",Challenger,Round of 16,Arends S / Pel D,Collignon R / Onclin G,absent,false,absent,canceled,absent,absent,False,1674756600,Gauthier Onclin,True,,,R16,2023-01-26 18:10
O0A2,9,11003606,1674847800,"Ottignies-Louvain-la-Neuve, Belgium",Challenger,Quarterfinals,Gauthier Onclin,Kaichi Uchida,1,false,1,finished,2,0,False,1674847800,Gauthier Onclin,False,home,Kaichi Uchida,QF,2023-01-27 19:30
O0A2,9,11003598,1674924300,"Ottignies-Louvain-la-Neuve, Belgium",Challenger,Semifinals,David Goffin,Gauthier Onclin,1,false,1,finished,2,0,False,1674924300,Gauthier Onclin,False,away,David Goffin,SF,2023-01-28 16:45
O0A2,9,11025234,1674987600,"Koblenz, Germany, Qualifying",Challenger,Qualification round 1,Gauthier Onclin,Jeremy Jahn,absent,false,absent,canceled,absent,absent,False,1674987600,Gauthier Onclin,False,home,Jeremy Jahn,Q1,2023-01-29 10:20
O0A2,9,11056244,1676233200,"Cherbourg, France, Qualifying",Challenger,Qualification round 1,Gauthier Onclin,Charles Broom,1,false,absent,finished,2,0,False,1676233200,Gauthier Onclin,False,home,Charles Broom,Q1,2023-02-12 20:20
O0A2,9,11058458,1676292600,"Cherbourg, France, Qualifying",Challenger,Qualification round 1,Gauthier Onclin,Matteo Martineau,1,false,absent,finished,2,0,False,1676292600,Gauthier Onclin,False,home,Matteo Martineau,Q1,2023-02-13 12:50
O0A2,9,11059989,1676375700,"Cherbourg, France",Challenger,Round of 32,Kacper Zuk,Gauthier Onclin,2,false,absent,finished,2,1,False,1676375700,Gauthier Onclin,False,away,Kacper Zuk,R32,2023-02-14 11:55
O0A2,9,11071379,1676907300,"Rovereto, Italy",Challenger,Round of 32,Gauthier Onclin,Lukas Rosol,1,false,absent,finished,2,0,False,1676907300,Gauthier Onclin,False,home,Lukas Rosol,R32,2023-02-20 15:35
O0A2,9,11061168,1677079800,"Rovereto, Italy",Challenger,Round of 16,Marcello Serafini,Gauthier Onclin,2,false,absent,finished,1,2,False,1677079800,Gauthier Onclin,False,away,Marcello Serafini,R16,2023-02-22 15:30
O0A2,9,11081973,1677229200,"Rovereto, Italy",Challenger,Quarterfinals,Gauthier Onclin,Zdenek Kolar,1,false,absent,finished,2,0,False,1677229200,Gauthier Onclin,False,home,Zdenek Kolar,QF,2023-02-24 09:00
O0A2,10,10627045,1661429400,"Lambermont, Singles Main, M-ITF-BEL-04A",ITF Men,Round of 16,Gauthier Onclin,Victor Ernaelsteen,1,false,1,finished,2,0,False,1661429400,Gauthier Onclin,False,home,Victor Ernaelsteen,R16,2022-08-25 12:10
O0A2,10,10635087,1661526000,"Lambermont, Singles Main, M-ITF-BEL-04A",ITF Men,Quarterfinals,Gauthier Onclin,Thomas Deschamps,1,false,2,finished,2,0,False,1661526000,Gauthier Onclin,False,home,Thomas Deschamps,QF,2022-08-26 15:00
O0A2,10,10638073,1661612400,"Lambermont, Singles Main, M-ITF-BEL-04A",ITF Men,Semifinals,Gauthier Onclin,Simon Beaupain,2,false,2,finished,1,2,False,1661612400,Gauthier Onclin,False,home,Simon Beaupain,SF,2022-08-27 15:00
O0A2,10,10647180,1661882400,"Haren, Singles Qualifying, M-ITF-NED-03A",ITF Men,Round of 32,Jarno Jans,Gauthier Onclin,1,false,2,finished,2,0,False,1661882400,Gauthier Onclin,False,away,Jarno Jans,Q,2022-08-30 18:00
O0A2,10,10682753,1663142400,"Zlatibor, Singles Main, M-ITF-SRB-03A",ITF Men,Round of 32,Gauthier Onclin,Gian Marco Ortenzi,1,false,2,finished,2,0,False,1663142400,Gauthier Onclin,False,home,Gian Marco Ortenzi,R32,2022-09-14 08:00
O0A2,10,10686613,1663239600,"Zlatibor, Singles Main, M-ITF-SRB-03A",ITF Men,Round of 16,Gauthier Onclin,Jaka Protic Zakelj,1,false,1,finished,2,0,False,1663239600,Gauthier Onclin,False,home,Jaka Protic Zakelj,R16,2022-09-15 11:00
O0A2,10,10689148,1663322100,"Zlatibor, Singles Main, M-ITF-SRB-03A",ITF Men,Quarterfinals,Gauthier Onclin,Luka Pavlović,1,false,1,finished,2,0,False,1663322100,Gauthier Onclin,False,home,Luka Pavlović,QF,2022-09-16 09:55
O0A2,10,10690830,1663401600,"Zlatibor, Singles Main, M-ITF-SRB-03A",ITF Men,Semifinals,Gauthier Onclin,Stefan Popović,1,false,1,finished,2,0,False,1663401600,Gauthier Onclin,False,home,Stefan Popović,SF,2022-09-17 08:00
O0A2,10,10692523,1663491600,"Zlatibor, Singles Main, M-ITF-SRB-03A",ITF Men,Final,Gauthier Onclin,Ilya Snitari,1,false,2,finished,2,0,False,1663491600,Gauthier Onclin,False,home,Ilya Snitari,F,2022-09-18 09:00
O0A2,10,10734284,1664888100,"Nevers, Singles Main, M-ITF-FRA-14A",ITF Men,Round of 32,Hugo Pontico,Gauthier Onclin,2,false,2,finished,0,2,False,1664888100,Gauthier Onclin,False,away,Hugo Pontico,R32,2022-10-04 12:55
O0A2,10,10736595,1665068700,"Nevers, Singles Main, M-ITF-FRA-14A",ITF Men,Round of 16,Simon Reveniau,Gauthier Onclin,2,false,2,finished,0,2,False,1665068700,Gauthier Onclin,False,away,Simon Reveniau,R16,2022-10-06 15:05
O0A2,10,10744572,1665136500,"Nevers, Singles Main, M-ITF-FRA-14A",ITF Men,Quarterfinals,Arthur Reymond,Gauthier Onclin,2,false,2,finished,0,2,False,1665136500,Gauthier Onclin,False,away,Arthur Reymond,QF,2022-10-07 09:55
O0A2,10,10745831,1665230400,"Nevers, Singles Main, M-ITF-FRA-14A",ITF Men,Semifinals,Sascha Gueymard Wayenburg,Gauthier Onclin,2,false,1,finished,0,2,False,1665230400,Gauthier Onclin,False,away,Sascha Gueymard Wayenburg,SF,2022-10-08 12:00
O0A2,10,10748281,1665318600,"Nevers, Singles Main, M-ITF-FRA-14A",ITF Men,Final,Raphael Collignon,Gauthier Onclin,2,false,1,finished,1,2,False,1665318600,Gauthier Onclin,False,away,Raphael Collignon,F,2022-10-09 12:30
O0A2,10,10754848,1665559800,"Onet le Chateau, Singles Main, M-ITF-FRA-15A",ITF Men,Round of 32,Mohamed Nazim Makhlouf,Gauthier Onclin,2,false,2,finished,0,2,False,1665559800,Gauthier Onclin,False,away,Mohamed Nazim Makhlouf,R32,2022-10-12 07:30
O0A2,10,10761668,1665652800,"Onet le Chateau, Singles Main, M-ITF-FRA-15A",ITF Men,Round of 16,Gregoire Jacq,Gauthier Onclin,2,false,1,finished,0,1,False,1665652800,Gauthier Onclin,False,away,Gregoire Jacq,R16,2022-10-13 09:20
O0A2,10,10767784,1665739800,"Onet le Chateau, Singles Main, M-ITF-FRA-15A",ITF Men,Quarterfinals,Sascha Gueymard Wayenburg,Gauthier Onclin,2,false,2,finished,0,2,False,1665739800,Gauthier Onclin,False,away,Sascha Gueymard Wayenburg,QF,2022-10-14 09:30
O0A2,10,10777972,1665840600,"Onet le Chateau, Singles Main, M-ITF-FRA-15A",ITF Men,Semifinals,Gauthier Onclin,Alexis Gautier,2,false,2,finished,0,2,False,1665840600,Gauthier Onclin,False,home,Alexis Gautier,SF,2022-10-15 13:30
O0A2,10,10837955,1666691400,"Monastir, Singles Main, M-ITF-TUN-50A",ITF Men,Round of 32,Andrej Krajcik,Gauthier Onclin,2,false,1,finished,0,2,False,1666691400,Gauthier Onclin,False,away,Andrej Krajcik,R32,2022-10-25 09:50
O0A2,10,10837956,1666782000,"Monastir, Doubles Main, M-ITF-TUN-50A",ITF Men,Round of 16,Gomes M / Pereira T,Fomin S / Onclin G,1,false,1,finished,2,1,False,1666782000,Gauthier Onclin,True,,,R16,2022-10-26 11:00
O0A2,11,10323121,1653057000,"Prijedor, Doubles M-ITF-BIH-02A",ITF Men,Semifinals,Milanovic D / Petrovic D,Collignon R / Onclin G,2,false,2,finished,1,2,False,1653057000,Gauthier Onclin,True,,,SF,2022-05-20 14:30
O0A2,11,10325237,1653141600,"Prijedor, Doubles M-ITF-BIH-02A",ITF Men,Final,Faria J / Ivanovski K,Collignon R / Onclin G,2,false,1,finished,1,2,False,1653141600,Gauthier Onclin,True,,,F,2022-05-21 14:00
O0A2,11,10331568,1653390600,"Brcko, Singles M-ITF-BIH-03A",ITF Men,Round of 32,Gauthier Onclin,Denys Klok,1,false,2,finished,2,0,False,1653390600,Gauthier Onclin,False,home,Denys Klok,R32,2022-05-24 11:10
O0A2,11,10332704,1653465600,"Brcko, Singles M-ITF-BIH-03A",ITF Men,Round of 32,Gauthier Onclin,Denys Klok,absent,false,absent,canceled,absent,absent,False,1653465600,Gauthier Onclin,False,home,Denys Klok,R32,2022-05-25 08:00
O0A2,11,10336078,1653566400,"Brcko, Singles M-ITF-BIH-03A",ITF Men,Round of 16,Gauthier Onclin,Andrej Nedić,1,false,2,finished,2,0,False,1653566400,Gauthier Onclin,False,home,Andrej Nedić,R16,2022-05-26 12:00
O0A2,11,10337848,1653660000,"Brcko, Singles M-ITF-BIH-03A",ITF Men,Quarterfinals,Gauthier Onclin,Oleksandr Ovcharenko,1,false,2,finished,2,1,False,1653660000,Gauthier Onclin,False,home,Oleksandr Ovcharenko,QF,2022-05-27 14:00
O0A2,11,10341104,1653738900,"Brcko, Singles M-ITF-BIH-03A",ITF Men,Semifinals,Alexander Weis,Gauthier Onclin,2,false,2,finished,0,2,False,1653738900,Gauthier Onclin,False,away,Alexander Weis,SF,2022-05-28 11:55
O0A2,11,10342650,1653814800,"Brcko, Singles M-ITF-BIH-03A",ITF Men,Final,Gauthier Onclin,Raphael Collignon,1,false,2,finished,2,1,False,1653814800,Gauthier Onclin,False,home,Raphael Collignon,F,2022-05-29 09:00
O0A2,11,10347541,1654070400,"Kiseljak, Singles Main, M-ITF-BIH-04A",ITF Men,Round of 32,Luigi Sorrentino,Gauthier Onclin,2,false,1,finished,0,2,False,1654070400,Gauthier Onclin,False,away,Luigi Sorrentino,R32,2022-06-01 08:00
O0A2,11,10350234,1654190700,"Kiseljak, Singles Main, M-ITF-BIH-04A",ITF Men,Round of 16,Hady Habib,Gauthier Onclin,1,false,2,finished,2,0,False,1654190700,Gauthier Onclin,False,away,Hady Habib,R16,2022-06-02 17:25
O0A2,11,10378638,1655200800,"Belgium F3, Singles",ITF Men,Round of 32,Gauthier Onclin,Benjamin Dhoe,1,false,1,finished,2,0,False,1655200800,Gauthier Onclin,False,home,Benjamin Dhoe,R32,2022-06-14 10:00
O0A2,11,10380446,1655280000,"Belgium F3, Singles",ITF Men,Round of 16,Gauthier Onclin,Dax Donders,1,false,2,finished,2,0,False,1655280000,Gauthier Onclin,False,home,Dax Donders,R16,2022-06-15 08:00
O0A2,11,10383235,1655481600,"Belgium F3, Singles",ITF Men,Quarterfinals,Gauthier Onclin,Amaury Raynel,1,false,1,finished,2,0,False,1655481600,Gauthier Onclin,False,home,Amaury Raynel,QF,2022-06-17 16:00
O0A2,11,10391228,1655554800,"Belgium F3, Singles",ITF Men,Semifinals,Cezar Cretu,Gauthier Onclin,2,false,1,finished,1,2,False,1655554800,Gauthier Onclin,False,away,Cezar Cretu,SF,2022-06-18 12:20
O0A2,11,10392719,1655629200,"Belgium F3, Singles",ITF Men,Final,Gauthier Onclin,Chris Rodesch,1,false,2,finished,2,0,False,1655629200,Gauthier Onclin,False,home,Chris Rodesch,F,2022-06-19 09:00
O0A2,11,10398264,1655918700,"Belgium F1, Singles",ITF Men,Round of 32,Gauthier Onclin,Ronan Joncour,1,false,1,finished,2,0,False,1655918700,Gauthier Onclin,False,home,Ronan Joncour,R32,2022-06-22 17:25
O0A2,11,10402251,1655971200,"Belgium F1, Singles",ITF Men,Round of 16,Gauthier Onclin,Franco Roncadelli,1,false,1,finished,2,0,False,1655971200,Gauthier Onclin,False,home,Franco Roncadelli,R16,2022-06-23 08:00
O0A2,11,10408226,1656068100,"Belgium F1, Singles",ITF Men,Quarterfinals,Gauthier Onclin,Alexander Hoogmartens,1,false,1,finished,2,1,False,1656068100,Gauthier Onclin,False,home,Alexander Hoogmartens,QF,2022-06-24 10:55
O0A2,12,10105582,1643794200,"Tunisia F5, Singles",ITF Men,Round of 32,Gauthier Onclin,Mattia Bellucci,2,false,1,finished,1,2,False,1643794200,Gauthier Onclin,False,home,Mattia Bellucci,R32,2022-02-02 09:30
O0A2,12,10109723,1643898600,"Monastir, Doubles, 2022 Tunisia F5, Doubles",ITF Men,Quarterfinals,Legout T / Reymond A,Coulibaly E / Onclin G,2,false,1,finished,1,2,False,1643898600,Gauthier Onclin,True,,,QF,2022-02-03 14:30
O0A2,12,10111506,1643980200,"Monastir, Doubles, 2022 Tunisia F5, Doubles",ITF Men,Semifinals,Uesugi K / Yamasaki J,Coulibaly E / Onclin G,1,false,2,finished,2,0,False,1643980200,Gauthier Onclin,True,,,SF,2022-02-04 13:10
O0A2,12,10120735,1644324300,"Tunisia F9, Singles",ITF Men,Round of 32,Dominik Boehler,Gauthier Onclin,2,false,2,finished,0,2,False,1644324300,Gauthier Onclin,False,away,Dominik Boehler,R32,2022-02-08 12:45
O0A2,12,10126456,1644488400,"Tunisia F9, Singles",ITF Men,Round of 16,Jerome Kym,Gauthier Onclin,1,false,1,finished,2,0,False,1644488400,Gauthier Onclin,False,away,Jerome Kym,R16,2022-02-10 10:20
O0A2,12,10163531,1646146800,"Faro, Doubles, 2022 Portugal F2, Doubles",ITF Men,Round of 16,S. P. Contri / A. S. Barrera,Heller P / Onclin G,2,false,1,finished,0,2,False,1646146800,Gauthier Onclin,True,,,R16,2022-03-01 15:00
O0A2,12,10168782,1646231100,"Portugal F2, Singles",ITF Men,Round of 32,Adria Soriano Barrera,Gauthier Onclin,2,false,2,finished,0,2,False,1646231100,Gauthier Onclin,False,away,Adria Soriano Barrera,R32,2022-03-02 14:25
O0A2,12,10168800,1646334000,"Faro, Doubles, 2022 Portugal F2, Doubles",ITF Men,Quarterfinals,Freund S / Paul J,Heller P / Onclin G,1,false,absent,finished,absent,absent,False,1646334000,Gauthier Onclin,True,,,QF,2022-03-03 19:00
O0A2,12,10171031,1646388000,"Portugal F2, Singles",ITF Men,Round of 16,Gauthier Onclin,Laurent Lokoli,2,false,2,finished,1,2,False,1646388000,Gauthier Onclin,False,home,Laurent Lokoli,R16,2022-03-04 10:00
O0A2,12,10180994,1646747700,"Portugal F3, Singles",ITF Men,Round of 32,Gauthier Onclin,Pablo Llamas Ruiz,2,false,1,finished,0,2,False,1646747700,Gauthier Onclin,False,home,Pablo Llamas Ruiz,R32,2022-03-08 13:55
O0A2,12,10182819,1646840700,"Portimao, Doubles, 2022 Portugal F3, Doubles",ITF Men,Round of 16,Cacao T / Onclin G,Coelho F / Falcao G,2,false,1,finished,0,2,False,1646840700,Gauthier Onclin,True,,,R16,2022-03-09 15:45
O0A2,12,10193304,1647533100,"Loule, Singles M-ITF-POR-04A",ITF Men,Round of 32,Gauthier Onclin,Sebastian Fanselow,1,false,2,finished,2,0,False,1647533100,Gauthier Onclin,False,home,Sebastian Fanselow,R32,2022-03-17 16:05
O0A2,12,10199964,1647611400,"Loule, Singles M-ITF-POR-04A",ITF Men,Round of 16,Makoto Ochi,Gauthier Onclin,2,false,1,finished,0,2,False,1647611400,Gauthier Onclin,False,away,Makoto Ochi,R16,2022-03-18 13:50
O0A2,12,10201669,1647685800,"Loule, Singles M-ITF-POR-04A",ITF Men,Round of 16,Lucas Miedler,Gauthier Onclin,1,false,2,finished,2,1,False,1647685800,Gauthier Onclin,False,away,Lucas Miedler,R16,2022-03-19 10:30
O0A2,12,10206983,1648032900,"Toulouse-balma, Singles M-ITF-FRA-04A",ITF Men,Round of 32,Axel Garcian,Gauthier Onclin,1,false,2,finished,1,0,False,1648032900,Gauthier Onclin,False,away,Axel Garcian,R32,2022-03-23 10:55
O0A2,12,10247828,1649833200,"Antalya, Singles M-ITF-TUR-14A",ITF Men,Round of 32,Yanki Erel,Gauthier Onclin,1,false,2,finished,2,1,False,1649833200,Gauthier Onclin,False,away,Yanki Erel,R32,2022-04-13 07:00
O0A2,12,10247829,1649721600,"Antalya, Doubles M-ITF-TUR-14A",ITF Men,Round of 16,Parizzia N / Wenger D,Onclin G / Tsitsipas S,1,false,1,finished,2,1,False,1649721600,Gauthier Onclin,True,,,R16,2022-04-12 00:00
O0A2,13,9611459,1625587200,"Marburg, Singles M-ITF-GER-07A",ITF Men,Round of 32,A. López San Martín,Gauthier Onclin,1,false,1,finished,2,0,False,1625587200,Gauthier Onclin,False,away,A. López San Martín,R32,2021-07-06 16:00
O0A2,13,9623451,1626003600,"Amersfoort, Netherlands, Qualifying",Challenger,Qualification round 1,Deney Wassermann,Gauthier Onclin,1,false,absent,finished,2,0,False,1626003600,Gauthier Onclin,False,away,Deney Wassermann,Q1,2021-07-11 11:40
O0A2,13,9651195,1626779400,"Esch/Alzette, Singles M-ITF-LUX-01A",ITF Men,absent,Alexander Weis,Gauthier Onclin,1,false,2,finished,2,1,False,1626779400,Gauthier Onclin,False,away,Alexander Weis,ABSENT,2021-07-20 11:10
O0A2,13,9692348,1628064000,"Wetzlar, Singles M-ITF-GER-06A",ITF Men,Round of 32,Christopher Heyman,Gauthier Onclin,1,false,2,finished,2,0,False,1628064000,Gauthier Onclin,False,away,Christopher Heyman,R32,2021-08-04 08:00
O0A2,13,9725865,1629213900,"Koksijde, Singles M-ITF-BEL-04A",ITF Men,Round of 32,Gauthier Onclin,Marcel Marlon Sudzum,1,false,1,finished,2,0,False,1629213900,Gauthier Onclin,False,home,Marcel Marlon Sudzum,R32,2021-08-17 15:25
O0A2,13,9727673,1629288000,"Koksijde, Doubles M-ITF-BEL-04A",ITF Men,Quarterfinals,Gadamauri B / Rojas O,Bovy A / Onclin G,1,false,2,finished,2,1,False,1629288000,Gauthier Onclin,True,,,QF,2021-08-18 12:00
O0A2,13,9728538,1629375600,"Koksijde, Singles M-ITF-BEL-04A",ITF Men,Round of 16,Gauthier Onclin,Mathys Erhard,2,false,1,finished,1,2,False,1629375600,Gauthier Onclin,False,home,Mathys Erhard,R16,2021-08-19 12:20
O0A2,13,9748107,1629899700,"Huy, Singles M-ITF-BEL-03A",ITF Men,Round of 32,Gauthier Onclin,Buvaysar Gadamauri,1,false,1,finished,2,0,False,1629899700,Gauthier Onclin,False,home,Buvaysar Gadamauri,R32,2021-08-25 13:55
O0A2,13,9750897,1629992100,"Huy, Singles M-ITF-BEL-03A",ITF Men,Round of 16,Gauthier Onclin,Nicolas Tepmahc,1,false,2,finished,2,0,False,1629992100,Gauthier Onclin,False,home,Nicolas Tepmahc,R16,2021-08-26 15:35
O0A2,13,9754681,1630069200,"Huy, Singles M-ITF-BEL-03A",ITF Men,Quarterfinals,Gauthier Onclin,Antonio Cayetano March,1,false,1,finished,2,0,False,1630069200,Gauthier Onclin,False,home,Antonio Cayetano March,QF,2021-08-27 13:00
O0A2,13,9756583,1630162800,"Huy, Singles M-ITF-BEL-03A",ITF Men,Semifinals,Alexis Gautier,Gauthier Onclin,2,false,2,finished,0,2,False,1630162800,Gauthier Onclin,False,away,Alexis Gautier,SF,2021-08-28 15:00
O0A2,13,9759497,1630242000,"Huy, Singles M-ITF-BEL-03A",ITF Men,Final,Gauthier Onclin,Guy Den Ouden,2,false,1,finished,1,2,False,1630242000,Gauthier Onclin,False,home,Guy Den Ouden,F,2021-08-29 13:00
O0A2,13,9781967,1631028300,"Eupen, Singles M-ITF-BEL-05A",ITF Men,Round of 32,Gauthier Onclin,Tibo Colson,1,false,2,finished,2,0,False,1631028300,Gauthier Onclin,False,home,Tibo Colson,R32,2021-09-07 15:25
O0A2,13,9787906,1631179500,"Eupen, Singles M-ITF-BEL-05A",ITF Men,Round of 16,Gauthier Onclin,Colin Sinclair,2,false,2,finished,1,2,False,1631179500,Gauthier Onclin,False,home,Colin Sinclair,R16,2021-09-09 09:25
O0A2,13,9842026,1632929700,"Forbach, Singles M-ITF-FRA-13A",ITF Men,Round of 32,Gauthier Onclin,Boris Fassbender,2,false,1,finished,0,2,False,1632929700,Gauthier Onclin,False,home,Boris Fassbender,R32,2021-09-29 15:35
O0A2,13,9858604,1633420800,"Nevers, Singles M-ITF-FRA-14A",ITF Men,Round of 32,Santiago Rodriguez Taverna,Gauthier Onclin,1,false,2,finished,2,1,False,1633420800,Gauthier Onclin,False,away,Santiago Rodriguez Taverna,R32,2021-10-05 08:00
O0A2,13,9891864,1634464800,"Antwerp, Belgium, Qualifying",ATP,Qualification round 1,Andreas Seppi,Gauthier Onclin,1,false,absent,finished,2,0,False,1634464800,Gauthier Onclin,False,away,Andreas Seppi,Q1,2021-10-17 10:00
O0A2,13,9915430,1635235200,"Sarreguemines, 2021 France F17, Singles",ITF Men,Round of 32,Karlo Cubelic,Gauthier Onclin,2,false,2,finished,1,2,False,1635235200,Gauthier Onclin,False,away,Karlo Cubelic,R32,2021-10-26 08:00
O0A2,13,9927622,1635331200,"Sarreguemines, 2021 France F17, Singles",ITF Men,Round of 16,Gauthier Onclin,Antoine Bellier,1,false,2,finished,2,0,False,1635331200,Gauthier Onclin,False,home,Antoine Bellier,R16,2021-10-27 10:40
O0A2,14,9342544,1613291400,"Monastir, Singles M-ITF-TUN-06A",ITF Men,Final,Alexander Erler,Gauthier Onclin,2,false,1,finished,0,2,False,1613291400,Gauthier Onclin,False,away,Alexander Erler,F,2021-02-14 08:30
O0A2,14,9346016,1613548800,"Monastir, Singles M-ITF-TUN-07A",ITF Men,Round of 32,Gauthier Onclin,Jean Thirouin,1,false,2,finished,2,0,False,1613548800,Gauthier Onclin,False,home,Jean Thirouin,R32,2021-02-17 08:00
O0A2,14,9349559,1613647800,"Monastir, Singles M-ITF-TUN-07A",ITF Men,Round of 16,Gauthier Onclin,Naoki Nakagawa,1,false,2,finished,2,1,False,1613647800,Gauthier Onclin,False,home,Naoki Nakagawa,R16,2021-02-18 11:30
O0A2,14,9351788,1613732400,"Monastir, Singles M-ITF-TUN-07A",ITF Men,Quarterfinals,Luca Giacomini,Gauthier Onclin,2,false,2,finished,1,2,False,1613732400,Gauthier Onclin,False,away,Luca Giacomini,QF,2021-02-19 11:00
O0A2,14,9353389,1613814900,"Monastir, Singles M-ITF-TUN-07A",ITF Men,Semifinals,Gauthier Onclin,Alexander Erler,1,false,1,finished,2,0,False,1613814900,Gauthier Onclin,False,home,Alexander Erler,SF,2021-02-20 09:55
O0A2,14,9355547,1613901600,"Monastir, Singles M-ITF-TUN-07A",ITF Men,Final,Gauthier Onclin,Aziz Dougaz,2,false,1,finished,1,2,False,1613901600,Gauthier Onclin,False,home,Aziz Dougaz,F,2021-02-21 10:00
O0A2,14,9359352,1614162900,"Monastir, Singles M-ITF-TUN-08A",ITF Men,Round of 32,Mateus Alves,Gauthier Onclin,1,false,2,finished,2,0,False,1614162900,Gauthier Onclin,False,away,Mateus Alves,R32,2021-02-24 10:35
O0A2,14,9403312,1615900200,"Monastir, Doubles M-ITF-TUN-11A",ITF Men,absent,Galarza J I / Lipovsek Puches T,Dougaz M A / Onclin G,2,false,1,finished,1,2,False,1615900200,Gauthier Onclin,True,,,ABSENT,2021-03-16 13:10
O0A2,14,9404523,1615975500,"Tunisia F11, Singles",ITF Men,Round of 32,Hazem Naw,Gauthier Onclin,2,false,1,finished,0,2,False,1615975500,Gauthier Onclin,False,away,Hazem Naw,R32,2021-03-17 10:05
O0A2,14,9409022,1616056200,"Tunisia F11, Singles",ITF Men,Round of 16,Ergi Kirkin,Gauthier Onclin,2,false,1,finished,1,2,False,1616056200,Gauthier Onclin,False,away,Ergi Kirkin,R16,2021-03-18 08:30
O0A2,14,9409024,1616072400,"Monastir, Doubles M-ITF-TUN-11A",ITF Men,absent,Ghorbel A / Potenza L,Dougaz M A / Onclin G,1,false,2,finished,2,0,False,1616072400,Gauthier Onclin,True,,,ABSENT,2021-03-18 13:00
O0A2,14,9410468,1616140800,"Tunisia F11, Singles",ITF Men,Quarterfinals,Gauthier Onclin,Yanais Laurent,1,false,2,finished,2,0,False,1616140800,Gauthier Onclin,False,home,Yanais Laurent,QF,2021-03-19 08:00
O0A2,14,9412790,1616251500,"Tunisia F11, Singles",ITF Men,Semifinals,Savva Polukhin,Gauthier Onclin,2,false,1,finished,1,2,False,1616251500,Gauthier Onclin,False,away,Savva Polukhin,SF,2021-03-20 14:45
O0A2,14,9415248,1616331600,"Tunisia F11, Singles",ITF Men,Final,Gauthier Onclin,Raphael Collignon,1,false,2,finished,2,0,False,1616331600,Gauthier Onclin,False,home,Raphael Collignon,F,2021-03-21 13:00
O0A2,14,9418397,1616591100,"Monastir, Singles M-ITF-TUN-12A",ITF Men,Round of 32,Gauthier Onclin,Luca Potenza,2,false,1,finished,0,2,False,1616591100,Gauthier Onclin,False,home,Luca Potenza,R32,2021-03-24 13:05
O0A2,14,9435619,1617183600,"Monastir, Singles M-ITF-TUN-13A",ITF Men,Round of 32,Eliakim Coulibaly,Gauthier Onclin,2,false,1,finished,0,2,False,1617183600,Gauthier Onclin,False,away,Eliakim Coulibaly,R32,2021-03-31 09:40
O0A2,14,9439566,1617277500,"Monastir, Singles M-ITF-TUN-13A",ITF Men,Round of 16,Gauthier Onclin,Mateus Alves,2,false,1,finished,1,2,False,1617277500,Gauthier Onclin,False,home,Mateus Alves,R16,2021-04-01 11:45
O0A2,14,9514770,1620828300,"Troisdorf, Singles M-ITF-GER-04A",ITF Men,Round of 32,Juan Pablo Paz,Gauthier Onclin,1,false,1,finished,2,1,False,1620828300,Gauthier Onclin,False,away,Juan Pablo Paz,R32,2021-05-12 14:05
O0A2,15,8608556,1584022800,"Loule, Doubles M-ITF-POR-03A",ITF Men,Quarterfinals,Bovy A / Onclin G,Binding J / Coelho F,2,false,1,finished,1,2,False,1584022800,Gauthier Onclin,True,,,QF,2020-03-12 14:20
O0A2,15,8609166,1584093600,"Loule, Singles M-ITF-POR-03A",ITF Men,Quarterfinals,Billy Harris,Gauthier Onclin,absent,false,Q,canceled,absent,absent,False,1584093600,Gauthier Onclin,False,away,Billy Harris,QF,2020-03-13 10:00
O0A2,15,8984516,1599650400,"Sintra, Singles M-ITF-POR-07A",ITF Men,Round of 32,Natan Rodrigues,Gauthier Onclin,2,false,2,finished,0,2,False,1599650400,Gauthier Onclin,False,away,Natan Rodrigues,R32,2020-09-09 11:20
O0A2,15,8991527,1599734400,"Sintra, Singles M-ITF-POR-07A",ITF Men,Round of 16,Lucas Catarina,Gauthier Onclin,1,false,2,finished,2,0,False,1599734400,Gauthier Onclin,False,away,Lucas Catarina,R16,2020-09-10 10:40
O0A2,15,9003869,1600164300,"Sintra, Singles M-ITF-POR-08A",ITF Men,Round of 32,Gauthier Onclin,Pedro Araujo,1,false,2,finished,2,1,False,1600164300,Gauthier Onclin,False,home,Pedro Araujo,R32,2020-09-15 10:05
O0A2,15,9005691,1600344000,"Sintra, Singles M-ITF-POR-08A",ITF Men,Round of 16,Gauthier Onclin,Lucas Catarina,1,false,1,finished,2,0,False,1600344000,Gauthier Onclin,False,home,Lucas Catarina,R16,2020-09-17 12:00
O0A2,15,9014263,1600437600,"Sintra, Singles M-ITF-POR-08A",ITF Men,Quarterfinals,Ryan Peniston,Gauthier Onclin,1,false,2,finished,2,0,False,1600437600,Gauthier Onclin,False,away,Ryan Peniston,QF,2020-09-18 14:00
O0A2,15,9019912,1600678800,"Castelo Branco, Singles Qualifying M-ITF-POR-09A",ITF Men,Qualification,Gauthier Onclin,Michel-Alexandre Fortin,1,false,absent,finished,2,0,False,1600678800,Gauthier Onclin,False,home,Michel-Alexandre Fortin,Q,2020-09-21 09:00
O0A2,15,9025327,1600696800,"Castelo Branco, Singles Qualifying M-ITF-POR-09A",ITF Men,Qualification,Gauthier Onclin,Daniel Cukierman,2,false,absent,finished,0,2,False,1600696800,Gauthier Onclin,False,home,Daniel Cukierman,Q,2020-09-21 14:00
O0A2,15,9108934,1602576000,"Sharm El Sheikh, Singles M-ITF-EGY-26A",ITF Men,Round of 32,Felix Corwin,Gauthier Onclin,1,false,2,finished,2,0,False,1602576000,Gauthier Onclin,False,away,Felix Corwin,R32,2020-10-13 08:00
O0A2,15,9121548,1603018800,"Sharm El Sheikh, Singles Qualifying M-ITF-EGY-27A",ITF Men,Qualification,Gauthier Onclin,Michael Zhu,1,false,absent,finished,2,1,False,1603018800,Gauthier Onclin,False,home,Michael Zhu,Q,2020-10-18 11:00
O0A2,15,9122928,1603098000,"Sharm El Sheikh, Singles Qualifying M-ITF-EGY-27A",ITF Men,Qualification,Gauthier Onclin,Yurii Dzhavakian,2,false,absent,finished,0,2,False,1603098000,Gauthier Onclin,False,home,Yurii Dzhavakian,Q,2020-10-19 09:00
O0A2,15,9161486,1605009000,"Sharm El Sheikh, Doubles, 2020 Egypt F30, Doubles",ITF Men,Round of 16,DEN Ouden G / Von Der Schulenburg J,Bovy A / Onclin G,2,false,1,finished,1,2,False,1605009000,Gauthier Onclin,True,,,R16,2020-11-10 11:50
O0A2,15,9161282,1605096600,"Sharm El Sheikh, 2020 Egypt F30, Singles",ITF Men,Round of 32,Gauthier Onclin,Bogdan Bobrov,2,false,2,finished,1,2,False,1605096600,Gauthier Onclin,False,home,Bogdan Bobrov,R32,2020-11-11 12:10
O0A2,15,9162861,1605179700,"Sharm El Sheikh, Doubles, 2020 Egypt F30, Doubles",ITF Men,Quarterfinals,Vilardo F / Zekic M,Bovy A / Onclin G,2,false,2,finished,1,2,False,1605179700,Gauthier Onclin,True,,,QF,2020-11-12 11:15
O0A2,15,9166713,1605260400,"Sharm El Sheikh, Doubles, 2020 Egypt F30, Doubles",ITF Men,Semifinals,Banthia S / Gray A,Bovy A / Onclin G,2,false,1,finished,0,2,False,1605260400,Gauthier Onclin,True,,,SF,2020-11-13 09:40
O0A2,15,9168173,1605342600,"Sharm El Sheikh, Doubles, 2020 Egypt F30, Doubles",ITF Men,Final,Bovy A / Onclin G,Manafov V / Shyla Y,2,false,1,finished,1,2,False,1605342600,Gauthier Onclin,True,,,F,2020-11-14 08:30
O0A2,15,9170654,1605435600,"Sharm El Sheikh, Singles M-ITF-EGY-31A",ITF Men,Quarterfinals,Gauthier Onclin,Faisal Al Shathri,1,false,1,finished,2,1,False,1605435600,Gauthier Onclin,False,home,Faisal Al Shathri,QF,2020-11-15 10:20
O0A2,16,8497967,1573560000,"Meshref, Doubles M-ITF-KUW-03A",ITF Men,Round of 16,Onclin G / Wehnelt K,Bakshi A / Dzhavakian Y,1,false,2,finished,2,1,False,1573560000,Gauthier Onclin,True,,,R16,2019-11-12 12:00
O0A2,16,8497970,1573628400,"Meshref, Singles M-ITF-KUW-03A",ITF Men,Round of 32,Ricardo Rodríguez-Pace,Gauthier Onclin,2,false,1,finished,0,1,False,1573628400,Gauthier Onclin,False,away,Ricardo Rodríguez-Pace,R32,2019-11-13 07:00
O0A2,16,8499679,1573718400,"Meshref, Singles M-ITF-KUW-03A",ITF Men,Round of 16,Gauthier Onclin,Hong Kit Wong,1,false,2,finished,2,0,False,1573718400,Gauthier Onclin,False,home,Hong Kit Wong,R16,2019-11-14 08:00
O0A2,16,8499094,1573729500,"Meshref, Doubles M-ITF-KUW-03A",ITF Men,Quarterfinals,Onclin G / Wehnelt K,Eqbal I / Nenwani A,1,false,2,finished,2,0,False,1573729500,Gauthier Onclin,True,,,QF,2019-11-14 11:05
O0A2,16,8500569,1573804800,"Meshref, Singles M-ITF-KUW-03A",ITF Men,Quarterfinals,Gauthier Onclin,Vitaliy Sachko,1,false,1,finished,2,0,False,1573804800,Gauthier Onclin,False,home,Vitaliy Sachko,QF,2019-11-15 08:00
O0A2,16,8500756,1573812000,"Meshref, Doubles M-ITF-KUW-03A",ITF Men,Semifinals,Moritani S / Takeuchi K,Onclin G / Wehnelt K,1,false,1,finished,2,1,False,1573812000,Gauthier Onclin,True,,,SF,2019-11-15 10:00
O0A2,16,8501439,1573890900,"Meshref, Singles M-ITF-KUW-03A",ITF Men,Semifinals,Gauthier Onclin,Valentin Royer,1,false,1,finished,2,1,False,1573890900,Gauthier Onclin,False,home,Valentin Royer,SF,2019-11-16 07:55
O0A2,16,8502079,1573976400,"Meshref, Singles M-ITF-KUW-03A",ITF Men,Final,Gauthier Onclin,Kai Wehnelt,1,false,2,finished,2,0,False,1573976400,Gauthier Onclin,False,home,Kai Wehnelt,F,2019-11-17 07:40
O0A2,16,8509322,1574777700,"Monastir, Doubles M-ITF-TUN-50A",ITF Men,Round of 16,Bovy A / Onclin G,Bergs Z / Pisane T,1,false,1,finished,2,1,False,1574777700,Gauthier Onclin,True,,,R16,2019-11-26 14:15
O0A2,16,8509296,1574843400,"Monastir, Singles M-ITF-TUN-50A",ITF Men,Round of 32,Gauthier Onclin,Matyas Fuele,1,false,2,finished,2,0,False,1574843400,Gauthier Onclin,False,home,Matyas Fuele,R32,2019-11-27 08:30
O0A2,16,8510398,1574936400,"Monastir, Singles M-ITF-TUN-50A",ITF Men,Round of 16,Gauthier Onclin,Mattia Frinzi,2,false,2,finished,0,2,False,1574936400,Gauthier Onclin,False,home,Mattia Frinzi,R16,2019-11-28 10:20
O0A2,16,8509947,1574947200,"Monastir, Doubles M-ITF-TUN-50A",ITF Men,Quarterfinals,Bovy A / Onclin G,Satral J / Ondrej K,2,false,1,finished,1,2,False,1574947200,Gauthier Onclin,True,,,QF,2019-11-28 13:20
O0A2,16,8514525,1575367800,"Monastir, Singles M-ITF-TUN-51A",ITF Men,Round of 32,Francesco Forti,Gauthier Onclin,2,false,2,finished,1,2,False,1575367800,Gauthier Onclin,False,away,Francesco Forti,R32,2019-12-03 10:10
O0A2,16,8517105,1575551400,"Monastir, Singles M-ITF-TUN-51A",ITF Men,Round of 16,Gauthier Onclin,Petr Michnev,2,false,absent,finished,0,2,False,1575551400,Gauthier Onclin,False,home,Petr Michnev,R16,2019-12-05 13:10
O0A2,16,8564709,1580209800,"Monastir, Singles M-ITF-TUN-04A",ITF Men,Round of 32,Gauthier Onclin,Bogdan Bobrov,1,false,2,finished,2,0,False,1580209800,Gauthier Onclin,False,home,Bogdan Bobrov,R32,2020-01-28 11:10
O0A2,16,8565837,1580303700,"Monastir, Doubles M-ITF-TUN-04A",ITF Men,Round of 16,Prechtel S / Turchetti N,Bovy A / Onclin G,2,false,1,finished,0,2,False,1580303700,Gauthier Onclin,True,,,R16,2020-01-29 13:15
O0A2,16,8566142,1580369400,"Monastir, Singles M-ITF-TUN-04A",ITF Men,Round of 16,Benjamin Winter Lopez,Gauthier Onclin,2,false,2,finished,0,2,False,1580369400,Gauthier Onclin,False,away,Benjamin Winter Lopez,R16,2020-01-30 07:30
O0A2,17,8232469,1559564700,"French Open, Boys",Juniors,Round of 32,Lorenzo Musetti,Gauthier Onclin,1,false,absent,finished,2,0,False,1559564700,Gauthier Onclin,False,away,Lorenzo Musetti,R32,2019-06-03 12:25
O0A2,17,8232415,1559649000,"French Open, Boys, Doubles",Juniors,Round of 32,Fomin S / Onclin G,Kachmazov A / Zgirovsky A,1,false,absent,finished,2,0,False,1559649000,Gauthier Onclin,True,,,R32,2019-06-04 11:50
O0A2,17,8234148,1559820300,"French Open, Boys, Doubles",Juniors,Round of 16,Fomin S / Onclin G,Alves M / Grant W,1,false,absent,finished,2,0,False,1559820300,Gauthier Onclin,True,,,R16,2019-06-06 11:25
O0A2,17,8235872,1559903700,"French Open, Boys, Doubles",Juniors,Quarterfinals,Fomin S / Onclin G,Llamas Ruiz P / Torres J B,1,false,absent,finished,2,0,False,1559903700,Gauthier Onclin,True,,,QF,2019-06-07 10:35
O0A2,17,8237439,1559916000,"French Open, Boys, Doubles",Juniors,Semifinals,Cobolli F. / Stricker D,Fomin S / Onclin G,1,false,absent,finished,2,0,False,1559916000,Gauthier Onclin,True,,,SF,2019-06-07 14:00
O0A2,17,8281145,1562580000,"Wimbledon, Boys",Juniors,Round of 64,Anton Matusevich,Gauthier Onclin,1,false,absent,finished,2,1,False,1562580000,Gauthier Onclin,False,away,Anton Matusevich,R64,2019-07-08 10:00
O0A2,17,8287412,1562685900,"Wimbledon, Boys, Doubles",Juniors,Round of 32,Fearnley J / Thomson C,Fomin S / Onclin G,1,false,absent,finished,2,0,False,1562685900,Gauthier Onclin,True,,,R32,2019-07-09 15:25
O0A2,17,8336953,1564587600,"Brussels, Singles M-ITF-BEL-03A",ITF Men,Round of 32,Gauthier Onclin,T. Van de Weghe,1,false,1,finished,2,0,False,1564587600,Gauthier Onclin,False,home,T. Van de Weghe,R32,2019-07-31 15:40
O0A2,17,8339954,1564654800,"Brussels, Singles M-ITF-BEL-03A",ITF Men,Round of 16,Gauthier Onclin,Gonzalo Villanueva,2,false,2,finished,1,2,False,1564654800,Gauthier Onclin,False,home,Gonzalo Villanueva,R16,2019-08-01 10:20
O0A2,17,8346893,1565164800,"Eupen, Singles M-ITF-BEL-05A",ITF Men,Round of 32,Shinnosuke Hiramatsu,Gauthier Onclin,2,false,1,finished,0,2,False,1565164800,Gauthier Onclin,False,away,Shinnosuke Hiramatsu,R32,2019-08-07 08:00
O0A2,17,8349528,1565273100,"Eupen, Singles M-ITF-BEL-05A",ITF Men,Round of 16,Gauthier Onclin,Gonzalo Villanueva,2,false,2,finished,1,2,False,1565273100,Gauthier Onclin,False,home,Gonzalo Villanueva,R16,2019-08-08 14:05
O0A2,17,8360760,1565785500,"Koksijde, Singles M-ITF-BEL-04A",ITF Men,Round of 32,Adan Freire Da Silva,Gauthier Onclin,2,false,1,finished,0,2,False,1565785500,Gauthier Onclin,False,away,Adan Freire Da Silva,R32,2019-08-14 12:25
O0A2,17,8361295,1565884500,"Koksijde, Singles M-ITF-BEL-04A",ITF Men,Round of 16,Daniel De Jonge,Gauthier Onclin,2,false,1,finished,1,2,False,1565884500,Gauthier Onclin,False,away,Daniel De Jonge,R16,2019-08-15 15:55
O0A2,17,8362461,1565953500,"Koksijde, Singles M-ITF-BEL-04A",ITF Men,Quarterfinals,Gauthier Onclin,Simon Beaupain,1,false,2,finished,2,0,False,1565953500,Gauthier Onclin,False,home,Simon Beaupain,QF,2019-08-16 11:05
O0A2,17,8363704,1566050400,"Koksijde, Singles M-ITF-BEL-04A",ITF Men,Semifinals,Gauthier Onclin,Romain Barbosa,1,false,1,finished,2,1,False,1566050400,Gauthier Onclin,False,home,Romain Barbosa,SF,2019-08-17 14:00
O0A2,18,7239786,1475328900,"Mons, Belgium, Qualifying",Challenger,Qualification,Gauthier Onclin,Christopher Heyman,2,false,absent,finished,0,2,False,1475328900,Gauthier Onclin,False,home,Christopher Heyman,Q,2016-10-01 13:35
O0A2,18,7833234,1529395200,"Belgium F1, Singles",ITF Men,Round of 32,Ryan Nijboer,Gauthier Onclin,1,false,2,finished,2,0,False,1529395200,Gauthier Onclin,False,away,Ryan Nijboer,R32,2018-06-19 08:00
O0A2,18,8110990,1547942400,"Australian Open, Boys",Juniors,Round of 64,Harry Wendelken,Gauthier Onclin,1,false,absent,finished,2,1,False,1547942400,Gauthier Onclin,False,away,Harry Wendelken,R64,2019-01-20 00:00
O0A2,18,8111508,1547968200,"Australian Open, Boys, Doubles",Juniors,Round of 32,Schoolkate T / Sweeny D,Herman L / Onclin G,1,false,absent,finished,2,0,False,1547968200,Gauthier Onclin,True,,,R32,2019-01-20 07:10
O0A2,18,8129867,1549367700,"Sharm El Sheikh, Doubles M-ITF-EGY-03A",ITF Men,Round of 16,Bovy A / Onclin G,Dembek M / Dijkhuizen M,1,false,1,finished,2,0,False,1549367700,Gauthier Onclin,True,,,R16,2019-02-05 11:55
O0A2,18,8129883,1549442700,"Sharm El Sheikh, Singles M-ITF-EGY-03A",ITF Men,Round of 32,Gauthier Onclin,J. Vidal Azorin,1,false,2,finished,2,0,False,1549442700,Gauthier Onclin,False,home,J. Vidal Azorin,R32,2019-02-06 08:45
O0A2,18,8130991,1549542600,"Sharm El Sheikh, Singles M-ITF-EGY-03A",ITF Men,Round of 16,Gauthier Onclin,Chun-Hsin Tseng,2,false,2,finished,0,2,False,1549542600,Gauthier Onclin,False,home,Chun-Hsin Tseng,R16,2019-02-07 12:30
O0A2,18,8130510,1549558800,"Sharm El Sheikh, Doubles M-ITF-EGY-03A",ITF Men,Quarterfinals,Bovy A / Onclin G,Rikl P / Satral J,1,false,absent,finished,absent,absent,False,1549558800,Gauthier Onclin,True,,,QF,2019-02-07 17:00
O0A2,18,8133920,1549627200,"Sharm El Sheikh, Doubles M-ITF-EGY-03A",ITF Men,Semifinals,De Jong J / Pontjodikromo S,Bovy A / Onclin G,2,false,2,finished,0,2,False,1549627200,Gauthier Onclin,True,,,SF,2019-02-08 12:00
O0A2,18,8134605,1549708200,"Sharm El Sheikh, Doubles M-ITF-EGY-03A",ITF Men,Final,Kossek D / Smola M,Bovy A / Onclin G,2,false,1,finished,0,2,False,1549708200,Gauthier Onclin,True,,,F,2019-02-09 10:30
O0A2,18,8200686,1556023500,"Cairo, Doubles M-ITF-EGY-14A",ITF Men,Round of 16,Bovy A / Onclin G,Lazdins A / Sokolov D,1,false,2,finished,2,0,False,1556023500,Gauthier Onclin,True,,,R16,2019-04-23 12:45
O0A2,18,8201909,1556101500,"Cairo, Singles M-ITF-EGY-14A",ITF Men,Round of 32,Gauthier Onclin,Vit Kopřiva,1,false,1,finished,2,0,False,1556101500,Gauthier Onclin,False,home,Vit Kopřiva,R32,2019-04-24 10:25
O0A2,18,8203014,1556185500,"Cairo, Singles M-ITF-EGY-14A",ITF Men,Round of 16,Marko Tepavac,Gauthier Onclin,1,false,1,finished,2,0,False,1556185500,Gauthier Onclin,False,away,Marko Tepavac,R16,2019-04-25 09:45
O0A2,18,8201918,1556201700,"Cairo, Doubles M-ITF-EGY-14A",ITF Men,Quarterfinals,Bovy A / Onclin G,Chilakalapudi T A / Peranamallur C V,1,false,2,finished,2,0,False,1556201700,Gauthier Onclin,True,,,QF,2019-04-25 14:15
O0A2,18,8203571,1556278200,"Cairo, Doubles M-ITF-EGY-14A",ITF Men,Semifinals,Kopriva V / Pospísil J,Bovy A / Onclin G,2,false,1,finished,0,2,False,1556278200,Gauthier Onclin,True,,,SF,2019-04-26 11:30
P0HY,0,16208063,1779894000,"Vicenza, Italy",Challenger,Round of 16,Diego Dedura-Palomero,Samuele Pieri,1,false,1,finished,2,0,False,1779894000,Samuele Pieri,False,away,Diego Dedura-Palomero,R16,2026-05-27 15:00
P0HY,0,16286917,1780835700,"Cattolica, Italy, Qualifying",Challenger,Qualification Round 1,Giovanni Oradini,Samuele Pieri,2,false,2,finished,1,2,False,1780835700,Samuele Pieri,False,away,Giovanni Oradini,Q1,2026-06-07 12:35
P0HY,0,16291731,1780916400,"Cattolica, Italy, Qualifying",Challenger,Qualification Final,Francesco Forti,Samuele Pieri,1,false,2,finished,2,0,False,1780916400,Samuele Pieri,False,away,Francesco Forti,Q,2026-06-08 11:00
P0HY,0,16295194,1781014500,"Cattolica, Italy",Challenger,Round of 32,Samuele Pieri,Oriol Roca Batalla,2,false,2,finished,0,2,False,1781014500,Samuele Pieri,False,home,Oriol Roca Batalla,R32,2026-06-09 14:15
P0HY,0,16381167,1782291537,ITF M25 Brussels Men,ITF Men,Round of 32,Kai Wehnelt,Samuele Pieri,2,false,absent,finished,1,2,False,1782291537,Samuele Pieri,False,away,Kai Wehnelt,R32,2026-06-24 08:58
P0HY,0,16388084,1782407361,ITF M25 Brussels Men,ITF Men,Round of 16,Tim Handel,Samuele Pieri,2,false,absent,finished,0,2,False,1782407361,Samuele Pieri,False,away,Tim Handel,R16,2026-06-25 17:09
P0HY,0,16393284,1782490252,ITF M25 Brussels Men,ITF Men,Quarterfinals,Max Hans Rehberg,Samuele Pieri,1,false,absent,finished,2,1,False,1782490252,Samuele Pieri,False,away,Max Hans Rehberg,QF,2026-06-26 16:10
P0HY,0,16402097,1782814500,"Troyes, France",Challenger,Round of 32,Kilian Feldbausch,Samuele Pieri,1,false,1,finished,2,0,False,1782814500,Samuele Pieri,False,away,Kilian Feldbausch,R32,2026-06-30 10:15
P0HY,0,16444799,1783238400,"Braunschweig, Germany, Qualifying",Challenger,Qualification Round 1,Samuele Pieri,Noel Larwig,1,false,2,finished,2,0,False,1783238400,Samuele Pieri,False,home,Noel Larwig,Q1,2026-07-05 08:00
P0HY,0,16450513,1783330200,"Braunschweig, Germany, Qualifying",Challenger,Qualification Final,Samuele Pieri,Rudolf Molleker,2,false,2,finished,1,2,False,1783330200,Samuele Pieri,False,home,Rudolf Molleker,Q,2026-07-06 09:30
P0HY,0,16462677,1783431900,"Braunschweig, Germany",Challenger,Round of 32,Martin Krumich,Samuele Pieri,1,false,1,finished,2,1,False,1783431900,Samuele Pieri,False,away,Martin Krumich,R32,2026-07-07 13:45
P0HY,0,16496528,1783856400,"Cordenons, Italy, Qualifying",Challenger,Qualifications,Samuele Pieri,Giorgio Tabacco,2,false,2,finished,0,2,False,1783856400,Samuele Pieri,False,home,Giorgio Tabacco,Q,2026-07-12 11:40
P0HY,0,16565218,1784468100,"Zug, Switzerland, Qualifying",Challenger,Qualification Round 1,Samuele Pieri,Pyotr Nesterov,2,false,2,finished,1,2,False,1784468100,Samuele Pieri,False,home,Pyotr Nesterov,Q1,2026-07-19 13:35
P0HY,0,16629305,1785056400,"Bonn, Germany, Qualifying",Challenger,Qualification Round 1,Moritz Kudernatsch,Samuele Pieri,2,false,1,finished,0,2,False,1785056400,Samuele Pieri,False,away,Moritz Kudernatsch,Q1,2026-07-26 09:00
P0HY,0,16635517,1785142800,"Bonn, Germany, Qualifying",Challenger,Qualification Final,Giuseppe La Vela,Samuele Pieri,2,false,1,finished,1,2,False,1785142800,Samuele Pieri,False,away,Giuseppe La Vela,Q,2026-07-27 09:00
P0HY,0,16644533,1785243900,"Bonn, Germany",Challenger,Round of 32,Gilles Arnaud Bailly,Samuele Pieri,2,false,2,finished,0,2,False,1785243900,Samuele Pieri,False,away,Gilles Arnaud Bailly,R32,2026-07-28 13:05
P0HY,0,16593402,1785402000,"Bonn, Germany",Challenger,Round of 16,Samuele Pieri,Federico Agustin Gomez,2,false,2,finished,0,2,False,1785402000,Samuele Pieri,False,home,Federico Agustin Gomez,R16,2026-07-30 09:00
P0HY,0,16693902,1785859800,"Plovdiv 2, Bulgaria",Challenger,Round of 32,Pedro Boscardin Dias,Samuele Pieri,2,false,2,finished,1,2,False,1785859800,Samuele Pieri,False,away,Pedro Boscardin Dias,R32,2026-08-04 16:10
P0HY,0,16661835,1786017600,"Plovdiv 2, Bulgaria",Challenger,Round of 16,Gerard Campana Lee,Samuele Pieri,2,false,2,finished,1,2,False,1786017600,Samuele Pieri,False,away,Gerard Campana Lee,R16,2026-08-06 12:00
P0HY,0,16764318,1786269600,"Hamburg, Germany, Qualifying",Challenger,Qualification Round 1,Samuele Pieri,Federico Zeballos,2,false,2,finished,1,2,False,1786269600,Samuele Pieri,False,home,Federico Zeballos,Q1,2026-08-09 10:00
P0HY,0,16863388,1787151206,ITF M25 Slovenj Gradec Men,ITF Men,Round of 32,Miha Vetrih,Samuele Pieri,2,false,absent,finished,0,2,False,1787151206,Samuele Pieri,False,away,Miha Vetrih,R32,2026-08-19 14:53
P0HY,0,16869981,1787228479,ITF M25 Slovenj Gradec Men,ITF Men,Round of 16,Jonas Gundacker,Samuele Pieri,1,false,1,finished,2,1,False,1787228479,Samuele Pieri,False,away,Jonas Gundacker,R16,2026-08-20 12:21
P0HY,0,16876540,1787317200,ITF M25 Maribor Men,ITF Men,Round of 32,Samuele Pieri,Theodore Dean,1,false,absent,finished,2,0,False,1787317200,Samuele Pieri,False,home,Theodore Dean,R32,2026-08-21 13:00
P0HY,1,15637774,1772352000,"Kigali, Rwanda, Qualifying",Challenger,Qualification Round 1,Samuele Pieri,Vadym Konovchuk,absent,false,absent,canceled,absent,absent,False,1772352000,Samuele Pieri,False,home,Vadym Konovchuk,Q1,2026-03-01 08:00
P0HY,1,15640374,1772438400,"Kigali, Rwanda, Qualifying",Challenger,Qualification Final,Samuele Pieri,Ivan Marrero Curbelo,1,false,2,finished,2,1,False,1772438400,Samuele Pieri,False,home,Ivan Marrero Curbelo,Q,2026-03-02 08:00
P0HY,1,15645698,1772543100,"Kigali, Rwanda",Challenger,Round of 32,Samuele Pieri,Jerome Kym,2,false,2,finished,1,2,False,1772543100,Samuele Pieri,False,home,Jerome Kym,R32,2026-03-03 13:05
P0HY,1,15681765,1772970300,"Kigali 2, Rwanda, Qualifying",Challenger,Qualification Round 1,Samuele Pieri,Alexander Donski,2,false,2,finished,0,2,False,1772970300,Samuele Pieri,False,home,Alexander Donski,Q1,2026-03-08 11:45
P0HY,1,15736409,1773565200,"Zadar, Croatia, Qualifying",Challenger,Qualification Round 1,Samuele Pieri,Fran Rakonić,1,false,1,finished,2,0,False,1773565200,Samuele Pieri,False,home,Fran Rakonić,Q1,2026-03-15 09:00
P0HY,1,15739316,1773651600,"Zadar, Croatia, Qualifying",Challenger,Qualification Final,Samuele Pieri,Gerard Campana Lee,1,false,1,finished,2,1,False,1773651600,Samuele Pieri,False,home,Gerard Campana Lee,Q,2026-03-16 09:00
P0HY,1,15756791,1773756600,"Zadar, Croatia",Challenger,Round of 32,Samuele Pieri,Daniel Michalski,2,false,2,finished,0,2,False,1773756600,Samuele Pieri,False,home,Daniel Michalski,R32,2026-03-17 14:10
P0HY,1,15844283,1774173600,"Montemar, Spain, Qualifying",Challenger,Qualification Round 1,Samuele Pieri,Diego Augusto Barreto Sanchez,2,false,1,finished,0,2,False,1774173600,Samuele Pieri,False,home,Diego Augusto Barreto Sanchez,Q1,2026-03-22 10:00
P0HY,1,15848922,1774260000,"Montemar, Spain, Qualifying",Challenger,Qualification Final,Samuele Pieri,Denis Yevseyev,2,false,1,finished,1,2,False,1774260000,Samuele Pieri,False,home,Denis Yevseyev,Q,2026-03-23 10:00
P0HY,1,15856215,1774350000,"Montemar, Spain",Challenger,Round of 32,Samuele Pieri,Jesper De Jong,2,false,1,finished,1,2,False,1774350000,Samuele Pieri,False,home,Jesper De Jong,R32,2026-03-24 11:00
P0HY,1,15900839,1774866000,"Menorca, Spain, Qualifying",Challenger,Qualification Round 1,Samuele Pieri,Andrew Paulson,1,false,2,finished,2,0,False,1774866000,Samuele Pieri,False,home,Andrew Paulson,Q1,2026-03-30 10:20
P0HY,1,15960027,1775561270,ITF M25 Santa Margherita di Pula 2 Men,ITF Men,Round of 32,Tommaso Compagnucci,Samuele Pieri,2,false,absent,finished,0,2,False,1775561270,Samuele Pieri,False,away,Tommaso Compagnucci,R32,2026-04-07 11:27
P0HY,1,15971609,1775637706,ITF M25 Santa Margherita di Pula 2 Men,ITF Men,Round of 16,Samuele Pieri,Mika Petković,2,false,absent,finished,0,2,False,1775637706,Samuele Pieri,False,home,Mika Petković,R16,2026-04-08 08:41
P0HY,1,16040417,1776747600,"Shymkent, Kazakhstan",Challenger,Round of 32,Daniil Ostapenkov,Samuele Pieri,1,false,1,finished,2,1,False,1776747600,Samuele Pieri,False,away,Daniil Ostapenkov,R32,2026-04-21 05:00
P0HY,1,16070256,1777283400,"Shymkent 2, Kazakhstan",Challenger,Round of 32,Samuele Pieri,Max Wiskandt,1,false,2,finished,2,0,False,1777283400,Samuele Pieri,False,home,Max Wiskandt,R32,2026-04-27 09:50
P0HY,1,16050504,1777447200,"Shymkent 2, Kazakhstan",Challenger,Round of 16,Antoine Ghibaudo,Samuele Pieri,1,false,1,finished,2,1,False,1777447200,Samuele Pieri,False,away,Antoine Ghibaudo,R16,2026-04-29 07:20
P0HY,1,16160290,1778512911,ITF M25 Reggio Emilia Men Doubles,ITF Men,Round of 16,Iannaccone F / Tabacco G,Pieri S / Valle F,2,false,absent,finished,0,2,False,1778512911,Samuele Pieri,True,,,R16,2026-05-11 15:21
P0HY,1,16165460,1778584308,ITF M25 Reggio Emilia Men,ITF Men,Round of 32,Lorenzo Beraldo,Samuele Pieri,2,false,absent,finished,0,2,False,1778584308,Samuele Pieri,False,away,Lorenzo Beraldo,R32,2026-05-12 11:11
P0HY,1,16171608,1778672424,ITF M25 Reggio Emilia Men,ITF Men,Round of 16,Filip Jeff Planin­šek,Samuele Pieri,2,false,1,finished,0,2,False,1778672424,Samuele Pieri,False,away,Filip Jeff Planin­šek,R16,2026-05-13 11:40
P0HY,1,16172892,1778770800,ITF M25 Reggio Emilia Men Doubles,ITF Men,Quarterfinals,Pieri S / Valle F,Beraldo L / Perfetti N,1,false,absent,finished,2,1,False,1778770800,Samuele Pieri,True,,,QF,2026-05-14 15:00
P0HY,2,15040203,1763015400,ITF M15 Antalya 15 Men,ITF Men,Round of 16,Mihai Razvan Marinescu,Samuele Pieri,2,false,2,finished,0,2,False,1763015400,Samuele Pieri,False,away,Mihai Razvan Marinescu,R16,2025-11-13 06:30
P0HY,2,15049981,1763101800,ITF M15 Antalya 15 Men,ITF Men,Quarterfinals,Ali Yazdani,Samuele Pieri,2,false,absent,finished,1,2,False,1763101800,Samuele Pieri,False,away,Ali Yazdani,QF,2025-11-14 06:30
P0HY,2,15102719,1763190000,ITF M15 Antalya 15 Men,ITF Men,Semifinals,Samuele Pieri,Felix Gill,2,false,absent,finished,1,2,False,1763190000,Samuele Pieri,False,home,Felix Gill,SF,2025-11-15 07:00
P0HY,2,15116294,1763463600,ITF M25 Antalya 16 Men Doubles,ITF Men,Round of 16,Marinescu M R / Pieri S,Mikovic M / Mikovic N,1,false,2,finished,2,0,False,1763463600,Samuele Pieri,True,,,R16,2025-11-18 11:00
P0HY,2,15116263,1763551800,ITF M25 Antalya 16 Men,ITF Men,Round of 32,Kirill Kivattsev,Samuele Pieri,2,false,2,finished,0,2,False,1763551800,Samuele Pieri,False,away,Kirill Kivattsev,R32,2025-11-19 11:30
P0HY,2,15122985,1763627400,ITF M25 Antalya 16 Men,ITF Men,Round of 16,Samuele Pieri,Ali Yazdani,1,false,absent,finished,2,0,False,1763627400,Samuele Pieri,False,home,Ali Yazdani,R16,2025-11-20 08:30
P0HY,2,15121360,1763642700,ITF M25 Antalya 16 Men Doubles,ITF Men,Quarterfinals,Maksimovic M / Popovic S,Marinescu M R / Pieri S,1,false,2,finished,2,1,False,1763642700,Samuele Pieri,True,,,QF,2025-11-20 12:45
P0HY,2,15127065,1763708400,ITF M25 Antalya 16 Men,ITF Men,Quarterfinals,Samuele Pieri,Oleksandr Ovcharenko,1,false,absent,finished,2,0,False,1763708400,Samuele Pieri,False,home,Oleksandr Ovcharenko,QF,2025-11-21 07:00
P0HY,2,15130874,1763798400,ITF M25 Antalya 16 Men,ITF Men,Semifinals,Samuele Pieri,Stefan Adrian Andreescu,1,false,absent,finished,2,0,False,1763798400,Samuele Pieri,False,home,Stefan Adrian Andreescu,SF,2025-11-22 08:00
P0HY,2,15134945,1763884800,ITF M25 Antalya 16 Men,ITF Men,Final,Felix Gill,Samuele Pieri,1,false,absent,finished,2,0,False,1763884800,Samuele Pieri,False,away,Felix Gill,F,2025-11-23 08:00
P0HY,2,15172434,1764756000,ITF M15 Antalya 16 Men,ITF Men,Round of 32,Niccolo Ciavarella,Samuele Pieri,2,false,2,finished,0,2,False,1764756000,Samuele Pieri,False,away,Niccolo Ciavarella,R32,2025-12-03 10:00
P0HY,2,15178382,1764836160,ITF M15 Antalya 16 Men,ITF Men,Round of 16,Dragos Nicolae Madaras,Samuele Pieri,1,false,2,finished,2,0,False,1764836160,Samuele Pieri,False,away,Dragos Nicolae Madaras,R16,2025-12-04 08:16
P0HY,2,15196747,1765350000,ITF M15 Antalya 17 Men,ITF Men,Round of 32,Dmitry Dolzhenkov,Samuele Pieri,2,false,1,finished,0,2,False,1765350000,Samuele Pieri,False,away,Dmitry Dolzhenkov,R32,2025-12-10 07:00
P0HY,2,15205544,1765434600,ITF M15 Antalya 17 Men,ITF Men,Round of 16,Michel Hopp,Samuele Pieri,1,false,1,finished,2,1,False,1765434600,Samuele Pieri,False,away,Michel Hopp,R16,2025-12-11 06:30
P0HY,2,15225272,1765965600,ITF M15 Antalya 18 Men,ITF Men,Round of 32,Samuele Pieri,Michel Hopp,1,false,absent,finished,2,0,False,1765965600,Samuele Pieri,False,home,Michel Hopp,R32,2025-12-17 10:00
P0HY,2,15235075,1766046600,ITF M15 Antalya 18 Men,ITF Men,Round of 16,Samuele Pieri,Diego Fernandez Flores,1,true,1,finished,2,0,False,1766046600,Samuele Pieri,False,home,Diego Fernandez Flores,R16,2025-12-18 08:30
P0HY,2,15248521,1766135700,ITF M15 Antalya 18 Men,ITF Men,Quarterfinals,Samuele Pieri,Alexander Wagner,1,false,absent,finished,2,1,False,1766135700,Samuele Pieri,False,home,Alexander Wagner,QF,2025-12-19 09:15
P0HY,2,15251455,1766214000,ITF M15 Antalya 18 Men,ITF Men,Semifinals,Samuele Pieri,Ozan Baris,1,false,absent,finished,2,0,False,1766214000,Samuele Pieri,False,home,Ozan Baris,SF,2025-12-20 07:00
P0HY,2,15255239,1766323800,ITF M15 Antalya 18 Men,ITF Men,Final,Samuele Pieri,Ivan Nedelko,1,false,2,finished,2,0,False,1766323800,Samuele Pieri,False,home,Ivan Nedelko,F,2025-12-21 13:30
P0HY,2,15472044,1770186600,ITF M15 Antalya 2 Men,ITF Men,Round of 32,Samuele Pieri,Erkut Aydin,1,false,2,finished,2,0,False,1770186600,Samuele Pieri,False,home,Erkut Aydin,R32,2026-02-04 06:30
P0HY,3,14218785,1752951600,ITF M15 Gubbio Men,ITF Men,Semifinals,Samuele Pieri,Gabriele Piraino,2,false,absent,finished,1,2,False,1752951600,Samuele Pieri,False,home,Gabriele Piraino,SF,2025-07-19 19:00
P0HY,3,14242114,1753192800,ITF M15 Segrate Men Doubles,ITF Men,Round of 16,Malgaroli L / Perego G,Pieri S / Valle F,2,false,absent,finished,absent,absent,False,1753192800,Samuele Pieri,True,,,R16,2025-07-22 14:00
P0HY,3,14248049,1753263000,ITF M15 Segrate Men,ITF Men,Round of 32,Samuele Pieri,Daniel Bagnolini,1,false,2,finished,2,0,False,1753263000,Samuele Pieri,False,home,Daniel Bagnolini,R32,2025-07-23 09:30
P0HY,3,14257801,1753344000,ITF M15 Segrate Men,ITF Men,Round of 16,Alexander Weis,Samuele Pieri,2,false,absent,finished,2,1,False,1753344000,Samuele Pieri,False,away,Alexander Weis,R16,2025-07-24 08:00
P0HY,3,14257828,1753363800,ITF M15 Segrate Men Doubles,ITF Men,Quarterfinals,Jans J / Kirkin E,Pieri S / Valle F,1,false,2,finished,2,0,False,1753363800,Samuele Pieri,True,,,QF,2025-07-24 13:30
P0HY,3,14351894,1754386200,ITF M15 Curtea de Arges Men,ITF Men,Round of 32,Gabriel Ghetu,Samuele Pieri,2,false,2,finished,0,2,False,1754386200,Samuele Pieri,False,away,Gabriel Ghetu,R32,2025-08-05 09:30
P0HY,3,14367654,1754555400,ITF M15 Curtea de Arges Men,ITF Men,Round of 16,Samuele Pieri,Dario Alexandru Ciobotaru,1,false,1,finished,2,0,False,1754555400,Samuele Pieri,False,home,Dario Alexandru Ciobotaru,R16,2025-08-07 08:30
P0HY,3,14379217,1754640000,ITF M15 Curtea de Arges Men,ITF Men,Quarterfinals,Samuele Pieri,Radu Mihai Papoe,2,false,absent,finished,1,2,False,1754640000,Samuele Pieri,False,home,Radu Mihai Papoe,QF,2025-08-08 08:00
P0HY,3,14407462,1754994600,ITF M15 Targu Jiu Men,ITF Men,Round of 32,Samuele Pieri,Liviu Popirlan,1,false,2,finished,2,0,False,1754994600,Samuele Pieri,False,home,Liviu Popirlan,R32,2025-08-12 10:30
P0HY,3,14425195,1755160200,ITF M15 Targu Jiu Men,ITF Men,Round of 16,Samuele Pieri,Ilya Snitari,1,false,absent,finished,2,1,False,1755160200,Samuele Pieri,False,home,Ilya Snitari,R16,2025-08-14 08:30
P0HY,3,14436985,1755244800,ITF M15 Targu Jiu Men,ITF Men,Quarterfinals,Cezar Gabriel Papoe,Samuele Pieri,2,false,1,finished,0,2,False,1755244800,Samuele Pieri,False,away,Cezar Gabriel Papoe,QF,2025-08-15 08:00
P0HY,3,14451187,1755336600,ITF M15 Targu Jiu Men,ITF Men,Semifinals,Samuele Pieri,Dan Alexandru Tomescu,1,false,absent,finished,2,0,False,1755336600,Samuele Pieri,False,home,Dan Alexandru Tomescu,SF,2025-08-16 09:30
P0HY,3,14457967,1755415800,ITF M15 Targu Jiu Men,ITF Men,Final,Cezar Cretu,Samuele Pieri,1,false,absent,finished,2,0,False,1755415800,Samuele Pieri,False,away,Cezar Cretu,F,2025-08-17 07:30
P0HY,3,14534333,1756125000,ITF M15 Forli Men,ITF Men,Round of 32,Samuele Pieri,Samuele Seghetti,1,false,1,finished,2,0,False,1756125000,Samuele Pieri,False,home,Samuele Seghetti,R32,2025-08-25 12:30
P0HY,3,14551060,1756287000,ITF M15 Forli Men,ITF Men,Round of 16,Samuele Pieri,Lorenzo Comino,1,false,absent,finished,2,0,False,1756287000,Samuele Pieri,False,home,Lorenzo Comino,R16,2025-08-27 09:30
P0HY,3,14558753,1756380600,ITF M15 Forli Men,ITF Men,Quarterfinals,Samuele Pieri,Nicola Rispoli,1,false,absent,finished,2,1,False,1756380600,Samuele Pieri,False,home,Nicola Rispoli,QF,2025-08-28 11:30
P0HY,3,14567721,1756467000,ITF M15 Forli Men,ITF Men,Semifinals,Kasra Rahmani,Samuele Pieri,2,false,2,finished,0,2,False,1756467000,Samuele Pieri,False,away,Kasra Rahmani,SF,2025-08-29 11:30
P0HY,3,14576436,1756542600,ITF M15 Forli Men,ITF Men,Final,Giovanni Oradini,Samuele Pieri,2,false,absent,finished,1,2,False,1756542600,Samuele Pieri,False,away,Giovanni Oradini,F,2025-08-30 08:30
P0HY,3,14633332,1757237400,"Biella, Italy, Qualifying",Challenger,Qualification Round 1,Pol Martin Tiffon,Samuele Pieri,1,false,2,finished,2,1,False,1757237400,Samuele Pieri,False,away,Pol Martin Tiffon,Q1,2025-09-07 09:30
P0HY,3,14692173,1758024000,ITF M15 Melilla Men,ITF Men,Round of 32,Samuele Pieri,Alvaro Peiro Serrano,1,false,absent,finished,2,0,False,1758024000,Samuele Pieri,False,home,Alvaro Peiro Serrano,R32,2025-09-16 12:00
P0HY,3,14704662,1758182400,ITF M15 Melilla Men,ITF Men,Round of 16,Samuele Pieri,Alejandro Turriziani Alvarez,2,false,2,finished,0,2,False,1758182400,Samuele Pieri,False,home,Alejandro Turriziani Alvarez,R16,2025-09-18 08:00
P0HY,4,13607832,1741959000,ITF M15 Poreč Men,ITF Men,Quarterfinals,Samuele Pieri,Andrej Nedić,2,false,absent,finished,0,2,False,1741959000,Samuele Pieri,False,home,Andrej Nedić,QF,2025-03-14 13:30
P0HY,4,13697871,1743421800,ITF M25 Santa Margherita di Pula Men,ITF Men,Round of 32,Samuele Pieri,Federico Bondioli,2,false,absent,finished,0,2,False,1743421800,Samuele Pieri,False,home,Federico Bondioli,R32,2025-03-31 11:50
P0HY,4,13699693,1743499800,ITF M25 Santa Margherita di Pula Men Doubles,ITF Men,Round of 16,Thurner D / Thurner N,Pieri S / Ribecai M,2,false,2,finished,0,2,False,1743499800,Samuele Pieri,True,,,R16,2025-04-01 09:30
P0HY,4,13707381,1743753600,ITF M25 Santa Margherita di Pula Men Doubles,ITF Men,Quarterfinals,Pieri S / Ribecai M,Ferrari G / Perfetti N,2,false,2,finished,0,2,False,1743753600,Samuele Pieri,True,,,QF,2025-04-04 08:00
P0HY,4,13731028,1744108200,ITF M25 Santa Margherita di Pula 2 Men,ITF Men,Round of 32,Samuele Pieri,Daniele Minighini,1,false,1,finished,2,0,False,1744108200,Samuele Pieri,False,home,Daniele Minighini,R32,2025-04-08 10:30
P0HY,4,13732620,1744185600,ITF M25 Santa Margherita di Pula 2 Men Doubles,ITF Men,Round of 16,Pieri S / Ribecai M,Bondioli F / Catini N,1,false,2,finished,2,0,False,1744185600,Samuele Pieri,True,,,R16,2025-04-09 08:00
P0HY,4,13735199,1744191000,ITF M25 Santa Margherita di Pula 2 Men,ITF Men,Round of 16,Samuele Pieri,Carlos Sanchez Jover,2,false,absent,finished,1,2,False,1744191000,Samuele Pieri,False,home,Carlos Sanchez Jover,R16,2025-04-09 09:30
P0HY,4,13741526,1744277400,ITF M25 Santa Margherita di Pula 2 Men Doubles,ITF Men,Quarterfinals,Biondolillo G / Noce G M,Pieri S / Ribecai M,1,false,absent,finished,2,0,False,1744277400,Samuele Pieri,True,,,QF,2025-04-10 09:30
P0HY,4,13887956,1747135800,ITF M15 Prijedor,ITF Men,Round of 32,Dmitry Kopilevich,Samuele Pieri,2,false,absent,finished,0,2,False,1747135800,Samuele Pieri,False,away,Dmitry Kopilevich,R32,2025-05-13 11:30
P0HY,4,13897002,1747296000,ITF M15 Prijedor,ITF Men,Round of 16,Nemanja Malešević,Samuele Pieri,1,false,absent,finished,2,1,False,1747296000,Samuele Pieri,False,away,Nemanja Malešević,R16,2025-05-15 08:00
P0HY,4,13918167,1747735200,ITF M25 Cervia Men,ITF Men,Round of 32,Carlo Alberto Caniato,Samuele Pieri,1,false,absent,finished,2,0,False,1747735200,Samuele Pieri,False,away,Carlo Alberto Caniato,R32,2025-05-20 10:00
P0HY,4,13967330,1748944800,ITF M15 Caltanissetta Men,ITF Men,Round of 32,Kai Wehnelt,Samuele Pieri,2,false,absent,finished,0,2,False,1748944800,Samuele Pieri,False,away,Kai Wehnelt,R32,2025-06-03 10:00
P0HY,4,13973186,1749054600,ITF M15 Caltanissetta Men Doubles,ITF Men,Round of 16,Catini N / Mazza M,Giunta M / Pieri S,1,false,1,finished,2,1,False,1749054600,Samuele Pieri,True,,,R16,2025-06-04 16:30
P0HY,4,13975006,1749126600,ITF M15 Caltanissetta Men,ITF Men,Round of 16,Samuele Pieri,Herman Hoeyeraal,1,false,absent,finished,2,0,False,1749126600,Samuele Pieri,False,home,Herman Hoeyeraal,R16,2025-06-05 12:30
P0HY,4,13978532,1749229200,ITF M15 Caltanissetta Men,ITF Men,Quarterfinals,Samuele Pieri,Gianmarco Ferrari,2,false,absent,finished,0,0,False,1749229200,Samuele Pieri,False,home,Gianmarco Ferrari,QF,2025-06-06 17:00
P0HY,4,13988714,1749542400,ITF M15 Messina Men,ITF Men,Round of 32,Massimo Giunta,Samuele Pieri,2,false,2,finished,0,2,False,1749542400,Samuele Pieri,False,away,Massimo Giunta,R32,2025-06-10 08:00
P0HY,4,13995534,1749654000,ITF M15 Messina Men,ITF Men,Round of 16,Samuele Pieri,Filippo Mazzola,1,false,1,finished,2,0,False,1749654000,Samuele Pieri,False,home,Filippo Mazzola,R16,2025-06-11 15:00
P0HY,4,14000833,1749729600,ITF M15 Messina Men,ITF Men,Quarterfinals,Samuele Pieri,Lorenzo Sciahbasi,2,false,1,finished,1,2,False,1749729600,Samuele Pieri,False,home,Lorenzo Sciahbasi,QF,2025-06-12 12:00
P0HY,5,12584212,1721735400,"Perugia, Doubles Main, M-ITF-ITA-18A",ITF Men,Round of 16,Furlanetto M / Pieri S,Caruso A / Marino P,1,false,2,finished,2,0,False,1721735400,Samuele Pieri,True,,,R16,2024-07-23 11:50
P0HY,5,12585321,1721819100,"Perugia, Singles Main, M-ITF-ITA-18A",ITF Men,Round of 32,Jacopo Bilardo,Samuele Pieri,2,false,2,finished,0,2,False,1721819100,Samuele Pieri,False,away,Jacopo Bilardo,R32,2024-07-24 11:05
P0HY,5,12590880,1721838600,"Perugia, Doubles Main, M-ITF-ITA-18A",ITF Men,Quarterfinals,Furlanetto M / Pieri S,Carlini G / Rapagnetta D,1,false,absent,finished,2,1,False,1721838600,Samuele Pieri,True,,,QF,2024-07-24 16:30
P0HY,5,12594035,1721907300,"Perugia, Singles Main, M-ITF-ITA-18A",ITF Men,Round of 16,Leonardo Malgaroli,Samuele Pieri,1,false,2,finished,1,1,False,1721907300,Samuele Pieri,False,away,Leonardo Malgaroli,R16,2024-07-25 11:35
P0HY,5,12594557,1721916000,"Perugia, Doubles Main, M-ITF-ITA-18A",ITF Men,Semifinals,Lorusso L / Virgili Berini F,Furlanetto M / Pieri S,1,false,absent,finished,absent,absent,False,1721916000,Samuele Pieri,True,,,SF,2024-07-25 14:00
P0HY,5,12616623,1722258000,"Bolzano, Singles Main, M-ITF-ITA-19A",ITF Men,Round of 32,Gabriele Bosio,Samuele Pieri,1,false,2,finished,2,0,False,1722258000,Samuele Pieri,False,away,Gabriele Bosio,R32,2024-07-29 13:00
P0HY,5,12618091,1722361500,"Bolzano, Doubles Main, M-ITF-ITA-19A",ITF Men,Round of 16,Pieri S / Tammaro M,Baroni N / Vedovelli S,2,false,absent,finished,0,2,False,1722361500,Samuele Pieri,True,,,R16,2024-07-30 17:45
P0HY,5,12781044,1725440400,"Bologna, Singles Main, M-ITF-ITA-27A",ITF Men,Round of 32,Samuele Pieri,Enrico Baldisserri,absent,false,absent,canceled,absent,absent,False,1725440400,Samuele Pieri,False,home,Enrico Baldisserri,R32,2024-09-04 09:00
P0HY,5,12880705,1726992000,"S. Margherita Di Pula, Singles Qual., M-ITF-ITA-29A",ITF Men,absent,Samuele Pieri,Mattias Pisanu,1,false,absent,finished,2,0,False,1726992000,Samuele Pieri,False,home,Mattias Pisanu,ABSENT,2024-09-22 08:00
P0HY,5,12885167,1727092800,"S. Margherita Di Pula, Singles Qual., M-ITF-ITA-29A",ITF Men,absent,Samuele Pieri,Daniele Rapagnetta,1,false,2,finished,2,0,False,1727092800,Samuele Pieri,False,home,Daniele Rapagnetta,ABSENT,2024-09-23 12:00
P0HY,5,12890119,1727172000,"S. Margherita Di Pula, Singles Main, M-ITF-ITA-29A",ITF Men,Round of 32,Kirill Mishkin,Samuele Pieri,2,false,2,finished,0,2,False,1727172000,Samuele Pieri,False,away,Kirill Mishkin,R32,2024-09-24 10:00
P0HY,5,12895463,1727260800,"S. Margherita Di Pula, Singles Main, M-ITF-ITA-29A",ITF Men,Round of 16,Samuele Pieri,Andrea Guerrieri,2,false,1,finished,0,2,False,1727260800,Samuele Pieri,False,home,Andrea Guerrieri,R16,2024-09-25 10:40
P0HY,5,12919486,1727691900,"S. Margherita di Pula, Singles Main, M-ITF-ITA-31A",ITF Men,Round of 32,Samuele Pieri,Alexander Weis,2,false,2,finished,0,2,False,1727691900,Samuele Pieri,False,home,Alexander Weis,R32,2024-09-30 10:25
P0HY,5,12983232,1729071000,"Croatia F12, Singles",ITF Men,Round of 32,Samuele Pieri,Carlo Alberto Fossati,1,false,1,finished,2,0,False,1729071000,Samuele Pieri,False,home,Carlo Alberto Fossati,R32,2024-10-16 09:30
P0HY,5,12992446,1729160400,"Croatia F12, Singles",ITF Men,Round of 16,Samuele Pieri,K. Bonsach Ganley,1,false,1,finished,2,1,False,1729160400,Samuele Pieri,False,home,K. Bonsach Ganley,R16,2024-10-17 10:20
P0HY,5,12998398,1729238100,"Croatia F12, Singles",ITF Men,Quarterfinals,Samuele Pieri,Andrej Nedić,2,false,2,finished,0,2,False,1729238100,Samuele Pieri,False,home,Andrej Nedić,QF,2024-10-18 07:55
P0HY,5,13080031,1730795400,"San Gregorio di Catania, Singles M, M-ITF-ITA-36A",ITF Men,Round of 32,Samuele Pieri,Federico Iannaccone,1,false,1,finished,2,1,False,1730795400,Samuele Pieri,False,home,Federico Iannaccone,R32,2024-11-05 08:30
P0HY,5,13085960,1730972700,"San Gregorio di Catania, Singles M, M-ITF-ITA-36A",ITF Men,Round of 16,Samuele Pieri,Gianluca Cadenasso,2,false,1,finished,0,2,False,1730972700,Samuele Pieri,False,home,Gianluca Cadenasso,R16,2024-11-07 09:45
P0HY,6,12233051,1712736000,"S. Margherita Di Pula, Singles Main, M-ITF-ITA-04A",ITF Men,Round of 16,Marcello Serafini,Samuele Pieri,1,false,2,finished,2,1,False,1712736000,Samuele Pieri,False,away,Marcello Serafini,R16,2024-04-10 08:00
P0HY,6,12270306,1713866400,"S. Margherita Di Pula, Singles Main, M-ITF-ITA-06A",ITF Men,Round of 32,Max Houkes,Samuele Pieri,2,false,absent,finished,0,2,False,1713866400,Samuele Pieri,False,away,Max Houkes,R32,2024-04-23 10:00
P0HY,6,12272001,1713877500,"S. Margherita Di Pula, Doubles Main, M-ITF-ITA-06A",ITF Men,Round of 16,Messina J / Noce G M,Lorusso L / Pieri S,2,false,2,finished,0,2,False,1713877500,Samuele Pieri,True,,,R16,2024-04-23 13:05
P0HY,6,12274971,1713950100,"S. Margherita Di Pula, Singles Main, M-ITF-ITA-06A",ITF Men,Round of 16,Samuele Pieri,Luca Potenza,2,false,1,finished,0,2,False,1713950100,Samuele Pieri,False,home,Luca Potenza,R16,2024-04-24 09:15
P0HY,6,12278890,1714044600,"S. Margherita Di Pula, Doubles Main, M-ITF-ITA-06A",ITF Men,Quarterfinals,Lopez Montagud C / Sánchez Jover C,Lorusso L / Pieri S,2,false,absent,finished,absent,absent,False,1714044600,Samuele Pieri,True,,,QF,2024-04-25 11:30
P0HY,6,12281008,1714125900,"S. Margherita Di Pula, Doubles Main, M-ITF-ITA-06A",ITF Men,Semifinals,Marino P / Tabacco F,Lorusso L / Pieri S,2,false,1,finished,1,2,False,1714125900,Samuele Pieri,True,,,SF,2024-04-26 10:05
P0HY,6,12283574,1714210800,"S. Margherita Di Pula, Doubles Main, M-ITF-ITA-06A",ITF Men,Final,Lorusso L / Pieri S,Potenza L / Reitano S,2,false,2,finished,0,2,False,1714210800,Samuele Pieri,True,,,F,2024-04-27 09:40
P0HY,6,12288603,1714377600,"Cagliari, Italy, Qualifying",Challenger,Qualification round 1,Andrea Pellegrino,Samuele Pieri,1,false,1,finished,2,1,False,1714377600,Samuele Pieri,False,away,Andrea Pellegrino,Q1,2024-04-29 08:00
P0HY,6,12306741,1714917900,"Francavilla, Italy, Qualifying",Challenger,Qualification round 1,Matthew Dellavedova,Samuele Pieri,1,false,2,finished,2,0,False,1714917900,Samuele Pieri,False,away,Matthew Dellavedova,Q1,2024-05-05 14:05
P0HY,6,12330709,1715679000,"Reggio Emilia, Singles Main, M-ITF-ITA-08A",ITF Men,Round of 32,Luciano Carraro,Samuele Pieri,1,false,2,finished,2,1,False,1715679000,Samuele Pieri,False,away,Luciano Carraro,R32,2024-05-14 09:30
P0HY,6,12346747,1716212700,"Cervia, Singles Main, M-ITF-ITA-14A",ITF Men,Round of 32,Gabriele Vulpitta,Samuele Pieri,2,false,1,finished,0,2,False,1716212700,Samuele Pieri,False,away,Gabriele Vulpitta,R32,2024-05-20 13:45
P0HY,6,12358819,1716475200,"Cervia, Singles Main, M-ITF-ITA-14A",ITF Men,Round of 16,Carlo Alberto Caniato,Samuele Pieri,2,false,1,finished,1,2,False,1716475200,Samuele Pieri,False,away,Carlo Alberto Caniato,R16,2024-05-23 14:40
P0HY,6,12362486,1716565800,"Cervia, Singles Main, M-ITF-ITA-14A",ITF Men,Quarterfinals,Samuele Pieri,Alessandro Pecci,2,false,1,finished,0,2,False,1716565800,Samuele Pieri,False,home,Alessandro Pecci,QF,2024-05-24 15:50
P0HY,6,12408815,1718025900,"Chieti, Doubles Main, M-ITF-ITA-10A",ITF Men,Round of 16,Guarducci F / Pieri S,Militi Ribaldi A / Pecci A,2,false,2,finished,1,2,False,1718025900,Samuele Pieri,True,,,R16,2024-06-10 13:25
P0HY,6,12411010,1718091000,"Chieti, Singles Main, M-ITF-ITA-10A",ITF Men,Round of 32,Gian Marco Ortenzi,Samuele Pieri,2,false,2,finished,0,2,False,1718091000,Samuele Pieri,False,away,Gian Marco Ortenzi,R32,2024-06-11 07:30
P0HY,6,12415548,1718207700,"Chieti, Singles Main, M-ITF-ITA-10A",ITF Men,Round of 16,Andrea Picchione,Samuele Pieri,2,false,1,finished,0,2,False,1718207700,Samuele Pieri,False,away,Andrea Picchione,R16,2024-06-12 15:55
P0HY,6,12418868,1718277600,"Chieti, Singles Main, M-ITF-ITA-10A",ITF Men,Quarterfinals,Samuele Pieri,Michele Ribecai,2,false,2,finished,0,2,False,1718277600,Samuele Pieri,False,home,Michele Ribecai,QF,2024-06-13 11:20
P0HY,6,12288605,1718496000,"Sassuolo, Italy, Qualifying",Challenger,Qualification round 1,Guido Andreozzi,Samuele Pieri,1,false,1,finished,2,0,False,1718496000,Samuele Pieri,False,away,Guido Andreozzi,Q1,2024-06-16 00:00
P0HY,7,11914413,1703251800,"Antalya, Doubles Main, M-ITF-TUR-29A",ITF Men,Semifinals,Catini N / Pieri S,Pham H / Yilmaz K,1,false,absent,finished,2,0,False,1703251800,Samuele Pieri,True,,,SF,2023-12-22 13:30
P0HY,7,11914008,1703316600,"Antalya, Singles Main, M-ITF-TUR-29A",ITF Men,Semifinals,Max Alcala Gurri,Samuele Pieri,1,false,2,finished,2,1,False,1703316600,Samuele Pieri,False,away,Max Alcala Gurri,SF,2023-12-23 07:30
P0HY,7,11914560,1703333400,"Antalya, Doubles Main, M-ITF-TUR-29A",ITF Men,Final,Catini N / Pieri S,Golubev D / Tiurnev E,1,false,2,finished,2,1,False,1703333400,Samuele Pieri,True,,,F,2023-12-23 12:10
P0HY,7,12046073,1707218700,"Antalya, Singles Main, M-ITF-TUR-05A",ITF Men,Round of 32,Daniel Merida,Samuele Pieri,1,false,2,finished,2,0,False,1707218700,Samuele Pieri,False,away,Daniel Merida,R32,2024-02-06 11:25
P0HY,7,12046898,1707308400,"Antalya, Doubles Main, M-ITF-TUR-05A",ITF Men,Round of 16,Arinc K / Ilkel B,Pieri S / Tomescu D,2,false,1,finished,0,2,False,1707308400,Samuele Pieri,True,,,R16,2024-02-07 12:20
P0HY,7,12051830,1707394800,"Antalya, Doubles Main, M-ITF-TUR-05A",ITF Men,Quarterfinals,Pieri S / Tomescu D,Banthia S / Ganta S K R,1,false,1,finished,2,0,False,1707394800,Samuele Pieri,True,,,QF,2024-02-08 12:20
P0HY,7,12054580,1707559500,"Antalya, Doubles Main, M-ITF-TUR-05A",ITF Men,Semifinals,Lingua Lavallen A L / Paz J P,Pieri S / Tomescu D,1,false,1,finished,2,0,False,1707559500,Samuele Pieri,True,,,SF,2024-02-10 10:05
P0HY,7,12058783,1707634800,"Antalya, Singles Qualifying, M-ITF-TUR-06A",ITF Men,Round of 32,Samuele Pieri,Dominik Matic,1,false,absent,finished,2,0,False,1707634800,Samuele Pieri,False,home,Dominik Matic,Q,2024-02-11 07:00
P0HY,7,12061037,1707724800,"Antalya, Singles Qualifying, M-ITF-TUR-06A",ITF Men,Round of 32,Samuele Pieri,Mika Lipp,2,false,2,finished,1,2,False,1707724800,Samuele Pieri,False,home,Mika Lipp,Q,2024-02-12 08:00
P0HY,7,12065016,1708023300,"Antalya, Doubles Main, M-ITF-TUR-06A",ITF Men,Round of 16,Pieri S / Toman P,Lingua Lavallen A L / Paz J P,absent,false,absent,canceled,absent,absent,False,1708023300,Samuele Pieri,True,,,R16,2024-02-15 18:55
P0HY,7,12128273,1709717400,"Heraklion, Singles Main, M-ITF-GRE-01A",ITF Men,Round of 32,Samuele Pieri,Sergis Kyratzis,1,false,1,finished,2,0,False,1709717400,Samuele Pieri,False,home,Sergis Kyratzis,R32,2024-03-06 09:30
P0HY,7,12132271,1709798400,"Heraklion, Singles Main, M-ITF-GRE-01A",ITF Men,Round of 16,Samuele Pieri,N. Campbell,1,false,1,finished,2,0,False,1709798400,Samuele Pieri,False,home,N. Campbell,R16,2024-03-07 08:00
P0HY,7,12126473,1709813700,"Heraklion, Doubles Main, M-ITF-GRE-01A",ITF Men,Round of 16,Militi Ribaldi A / Pieri S,Vales A / Weintraub B,1,false,2,finished,2,0,False,1709813700,Samuele Pieri,True,,,R16,2024-03-07 12:15
P0HY,7,12136253,1709884800,"Heraklion, Singles Main, M-ITF-GRE-01A",ITF Men,Quarterfinals,Samuele Pieri,Jacob Bradshaw,2,false,2,finished,0,2,False,1709884800,Samuele Pieri,False,home,Jacob Bradshaw,QF,2024-03-08 08:00
P0HY,7,12136853,1709898300,"Heraklion, Doubles Main, M-ITF-GRE-01A",ITF Men,Quarterfinals,Sakellaridis D / Sakellaridis M,Militi Ribaldi A / Pieri S,1,false,1,finished,2,0,False,1709898300,Samuele Pieri,True,,,QF,2024-03-08 11:45
P0HY,7,12150776,1710236400,"Heraklion, Singles Main, M-ITF-GRE-02A",ITF Men,Round of 32,Sebastian Eriksson,Samuele Pieri,2,false,2,finished,0,2,False,1710236400,Samuele Pieri,False,away,Sebastian Eriksson,R32,2024-03-12 09:40
P0HY,7,12150777,1710318000,"Heraklion, Doubles Main, M-ITF-GRE-02A",ITF Men,Round of 16,Pieri S / Tomescu D,Militi Ribaldi A / Tsitsipas M,1,false,1,finished,2,1,False,1710318000,Samuele Pieri,True,,,R16,2024-03-13 08:20
P0HY,8,11472427,1690363800,"Perugia, Singles Main, M-ITF-ITA-16A",ITF Men,Round of 32,Marco Miceli,Samuele Pieri,2,false,2,finished,1,2,False,1690363800,Samuele Pieri,False,away,Marco Miceli,R32,2023-07-26 09:30
P0HY,8,11476638,1690469400,"Perugia, Singles Main, M-ITF-ITA-16A",ITF Men,Round of 16,Samuele Pieri,Luca Tomasetto,2,false,1,finished,1,2,False,1690469400,Samuele Pieri,False,home,Luca Tomasetto,R16,2023-07-27 14:50
P0HY,8,11492321,1690825200,"Bolzano, Doubles Main, M-ITF-ITA-17A",ITF Men,Round of 16,Campese C / Pieri S,Caruso A / Malgaroli L,1,false,2,finished,2,1,False,1690825200,Samuele Pieri,True,,,R16,2023-07-31 17:40
P0HY,8,11492328,1690885800,"Bolzano, Singles Main, M-ITF-ITA-17A",ITF Men,Round of 32,Samuele Pieri,Noah Perfetti,1,false,2,finished,2,0,False,1690885800,Samuele Pieri,False,home,Noah Perfetti,R32,2023-08-01 10:30
P0HY,8,11490573,1690974000,"Bolzano, Singles Main, M-ITF-ITA-17A",ITF Men,Round of 16,Samuele Pieri,Giovanni Oradini,2,false,1,finished,0,2,False,1690974000,Samuele Pieri,False,home,Giovanni Oradini,R16,2023-08-02 11:00
P0HY,8,11496858,1690988400,"Bolzano, Doubles Main, M-ITF-ITA-17A",ITF Men,Quarterfinals,Barrena A / Otegui J B,Campese C / Pieri S,1,false,1,finished,2,0,False,1690988400,Samuele Pieri,True,,,QF,2023-08-02 15:00
P0HY,8,11563075,1692699900,"Lesa, Doubles Main, M-ITF-ITA-22A",ITF Men,Round of 16,Pecci A / Pieri S,Beraldo L / Perfetti N,1,false,2,finished,2,1,False,1692699900,Samuele Pieri,True,,,R16,2023-08-22 10:25
P0HY,8,11563820,1692786300,"Lesa, Singles Main, M-ITF-ITA-22A",ITF Men,Round of 32,Alessandro Pecci,Samuele Pieri,1,false,1,finished,2,0,False,1692786300,Samuele Pieri,False,away,Alessandro Pecci,R32,2023-08-23 10:25
P0HY,8,11566398,1692864000,"Lesa, Doubles Main, M-ITF-ITA-22A",ITF Men,Quarterfinals,Pampanin P / Rottoli L,Pecci A / Pieri S,1,false,absent,finished,absent,absent,False,1692864000,Samuele Pieri,True,,,QF,2023-08-24 08:00
P0HY,8,11591788,1693311600,"Bucharest, Doubles Main, M-ITF-ROU-10A",ITF Men,Round of 16,Pavel B / Tomescu D A,Caruso A / Pieri S,1,false,1,finished,2,0,False,1693311600,Samuele Pieri,True,,,R16,2023-08-29 12:20
P0HY,8,11592960,1693384200,"Bucharest, Singles Main, M-ITF-ROU-10A",ITF Men,Round of 32,Dan Alexandru Tomescu,Samuele Pieri,1,false,1,finished,2,0,False,1693384200,Samuele Pieri,False,away,Dan Alexandru Tomescu,R32,2023-08-30 08:30
P0HY,8,11611734,1693911300,"Constanta, Singles Main, M-ITF-ROU-03A",ITF Men,Round of 32,Samuele Pieri,Antonio Cayetano March,2,false,2,finished,0,2,False,1693911300,Samuele Pieri,False,home,Antonio Cayetano March,R32,2023-09-05 10:55
P0HY,8,11612428,1693999200,"Constanta, Doubles Main, M-ITF-ROU-03A",ITF Men,Round of 16,Ferrari G / Pieri S,C. Cretu / B. Pavel,2,false,absent,finished,absent,absent,False,1693999200,Samuele Pieri,True,,,R16,2023-09-06 11:20
P0HY,8,11687255,1695725400,"Monastir, Singles Main, M-ITF-TUN-43A",ITF Men,Round of 32,Samuele Pieri,Peter Benjamin Privara,2,false,2,finished,0,2,False,1695725400,Samuele Pieri,False,home,Peter Benjamin Privara,R32,2023-09-26 10:50
P0HY,8,11688272,1695814800,"Monastir, Doubles Main, M-ITF-TUN-43A",ITF Men,Round of 16,Kroslak J / Privara P B,Baldovinetti G / Pieri S,1,false,1,finished,2,0,False,1695814800,Samuele Pieri,True,,,R16,2023-09-27 11:40
P0HY,8,11704637,1696327500,"Monastir, Singles Main, M-ITF-TUN-46A",ITF Men,Round of 32,Alexandre Aubriot,Samuele Pieri,2,false,1,finished,1,2,False,1696327500,Samuele Pieri,False,away,Alexandre Aubriot,R32,2023-10-03 10:05
P0HY,8,11706360,1696378800,"Monastir, Doubles Main, M-ITF-TUN-46A",ITF Men,Round of 16,Pieri S / Toman P,Aubriot A / Boisson J,2,false,1,finished,1,2,False,1696378800,Samuele Pieri,True,,,R16,2023-10-04 00:20
P0HY,9,11255153,1683093600,"Alaminos-Larnaca, Singles Main, M-ITF-CYP-02A",ITF Men,Round of 32,Guy Den Ouden,Samuele Pieri,1,false,1,finished,2,0,False,1683093600,Samuele Pieri,False,away,Guy Den Ouden,R32,2023-05-03 06:00
P0HY,9,11299540,1684759200,"Kursumlijska Banja, Singles Qualifying, M-ITF-SRB-",ITF Men,absent,Samuele Pieri,Niksa Arsic,2,false,2,finished,1,2,False,1684759200,Samuele Pieri,False,home,Niksa Arsic,Q,2023-05-22 12:40
P0HY,9,11315794,1685277000,"Rome, Singles Qualifying, M-ITF-ITA-18A",ITF Men,absent,Samuele Pieri,Benito Massacri,1,false,absent,finished,2,0,False,1685277000,Samuele Pieri,False,home,Benito Massacri,Q,2023-05-28 12:30
P0HY,9,11316538,1685352600,"Rome, Singles Qualifying, M-ITF-ITA-18A",ITF Men,absent,Samuele Pieri,Leonardo Taddia,1,false,2,finished,2,0,False,1685352600,Samuele Pieri,False,home,Leonardo Taddia,Q,2023-05-29 09:30
P0HY,9,11318701,1685440500,"Rome, Singles Main, M-ITF-ITA-18A",ITF Men,Round of 32,August Holmgren,Samuele Pieri,2,false,2,finished,0,2,False,1685440500,Samuele Pieri,False,away,August Holmgren,R32,2023-05-30 09:55
P0HY,9,11320764,1685532000,"Rome, Singles Main, M-ITF-ITA-18A",ITF Men,Round of 16,Samuele Pieri,Stefano Napolitano,2,false,2,finished,0,2,False,1685532000,Samuele Pieri,False,home,Stefano Napolitano,R16,2023-05-31 11:20
P0HY,9,11329104,1685865600,"Frascati, Singles Qualifying, M-ITF-ITA-07A",ITF Men,absent,Samuele Pieri,Savelii Shpita,1,false,2,finished,2,0,False,1685865600,Samuele Pieri,False,home,Savelii Shpita,Q,2023-06-04 08:00
P0HY,9,11330989,1685973600,"Frascati, Singles Qualifying, M-ITF-ITA-07A",ITF Men,absent,Samuele Pieri,Niccolo Ciavarella,1,false,2,finished,2,0,False,1685973600,Samuele Pieri,False,home,Niccolo Ciavarella,Q,2023-06-05 14:00
P0HY,9,11332949,1686038400,"Frascati, Singles Main, M-ITF-ITA-07A",ITF Men,Round of 32,Samuele Pieri,Alessandro Pecci,2,false,absent,finished,0,2,False,1686038400,Samuele Pieri,False,home,Alessandro Pecci,R32,2023-06-06 08:00
P0HY,9,11332975,1686057600,"Frascati, Doubles Main, M-ITF-ITA-07A",ITF Men,Round of 16,Castagnola L / D Agostino S,Misasi G / Pieri S,1,false,1,finished,2,0,False,1686057600,Samuele Pieri,True,,,R16,2023-06-06 13:20
P0HY,9,11342668,1686486600,"Chieti, Singles Qualifying, M-ITF-ITA-08A",ITF Men,absent,Samuele Pieri,Yaniche Francis Boagnon,1,false,absent,finished,2,0,False,1686486600,Samuele Pieri,False,home,Yaniche Francis Boagnon,Q,2023-06-11 12:30
P0HY,9,11344550,1686565800,"Chieti, Singles Qualifying, M-ITF-ITA-08A",ITF Men,absent,Samuele Pieri,A. Militi Ribaldi,1,false,absent,finished,absent,absent,False,1686565800,Samuele Pieri,False,home,A. Militi Ribaldi,Q,2023-06-12 10:30
P0HY,9,11345872,1686664200,"Chieti, Doubles Main, M-ITF-ITA-08A",ITF Men,Round of 16,Carraro L / Catini N,Castagnola L / Pieri S,2,false,1,finished,0,2,False,1686664200,Samuele Pieri,True,,,R16,2023-06-13 13:50
P0HY,9,11346789,1686737400,"Chieti, Singles Main, M-ITF-ITA-08A",ITF Men,Round of 32,Samuele Pieri,Andrea Bolla,1,false,1,finished,2,0,False,1686737400,Samuele Pieri,False,home,Andrea Bolla,R32,2023-06-14 10:10
P0HY,9,11349798,1686835800,"Chieti, Doubles Main, M-ITF-ITA-08A",ITF Men,Quarterfinals,Cortegiani A / Tresca G,Castagnola L / Pieri S,1,false,1,finished,2,0,False,1686835800,Samuele Pieri,True,,,QF,2023-06-15 13:30
P0HY,9,11349498,1686935100,"Chieti, Singles Main, M-ITF-ITA-08A",ITF Men,Round of 16,Andrea Picchione,Samuele Pieri,1,false,2,finished,2,0,False,1686935100,Samuele Pieri,False,away,Andrea Picchione,R16,2023-06-16 17:05
P0HY,9,11358860,1687197600,"Cattolica, Singles Main, M-ITF-ITA-19A",ITF Men,Round of 32,Samuele Pieri,Carlo Alberto Fossati,2,false,1,finished,1,2,False,1687197600,Samuele Pieri,False,home,Carlo Alberto Fossati,R32,2023-06-19 18:00
P0HY,9,11376223,1687719900,"Bergamo, Singles Qualifying, M-ITF-ITA-09A",ITF Men,absent,Samuele Pieri,Giudici G.,1,false,1,finished,2,0,False,1687719900,Samuele Pieri,False,home,Giudici G.,Q,2023-06-25 19:05
P0HY,9,11376370,1687806000,"Bergamo, Singles Qualifying, M-ITF-ITA-09A",ITF Men,absent,Samuele Pieri,Bautista Vilicich,1,false,1,finished,2,0,False,1687806000,Samuele Pieri,False,home,Bautista Vilicich,Q,2023-06-26 19:00
P0HY,10,10435718,1657123200,"Italy F9, Singles",ITF Men,Round of 16,Laurent Lokoli,Samuele Pieri,1,false,1,finished,2,1,False,1657123200,Samuele Pieri,False,away,Laurent Lokoli,R16,2022-07-06 16:00
P0HY,10,10551661,1659857400,"Italy F12, Singles Qualifying",ITF Men,absent,Leonardo Rossi,Samuele Pieri,2,false,absent,finished,1,2,False,1659857400,Samuele Pieri,False,away,Leonardo Rossi,Q,2022-08-07 07:30
P0HY,10,10553290,1659945600,"Italy F12, Singles Qualifying",ITF Men,absent,Niccolo Baroni,Samuele Pieri,1,false,1,finished,absent,absent,False,1659945600,Samuele Pieri,False,away,Niccolo Baroni,Q,2022-08-08 08:00
P0HY,10,10698433,1663783200,"S. MARGHERITA DI PULA, Doubles Main, M-ITF-ITA-18A",ITF Men,Round of 16,Pieri S / Pozzani N,Loosen T / Wolfschmidt A,1,false,1,finished,2,0,False,1663783200,Samuele Pieri,True,,,R16,2022-09-21 18:00
P0HY,10,10703809,1663864800,"S. MARGHERITA DI PULA, Doubles Main, M-ITF-ITA-18A",ITF Men,Quarterfinals,Ovcharenko O / Picchione A,Pieri S / Pozzani N,1,false,1,finished,2,0,False,1663864800,Samuele Pieri,True,,,QF,2022-09-22 16:40
P0HY,10,11070762,1676790000,"Antalya, Singles Qualifying, M-ITF-TUR-07A",ITF Men,absent,Samuele Pieri,Mak Miković,1,false,absent,finished,2,0,False,1676790000,Samuele Pieri,False,home,Mak Miković,Q,2023-02-19 07:00
P0HY,10,11072393,1676889300,"Antalya, Singles Qualifying, M-ITF-TUR-07A",ITF Men,absent,Samuele Pieri,Daniele Minighini,1,false,2,finished,2,0,False,1676889300,Samuele Pieri,False,home,Daniele Minighini,Q,2023-02-20 10:35
P0HY,10,11074646,1676962800,"Antalya, Singles Qualifying, M-ITF-TUR-07A",ITF Men,absent,Samuele Pieri,Denis Constantin Spiridon,1,false,1,finished,2,0,False,1676962800,Samuele Pieri,False,home,Denis Constantin Spiridon,Q,2023-02-21 07:00
P0HY,10,11076767,1677054600,"Antalya, Singles Main, M-ITF-TUR-07A",ITF Men,Round of 32,Aleksandr Lobanov,Samuele Pieri,2,false,2,finished,0,2,False,1677054600,Samuele Pieri,False,away,Aleksandr Lobanov,R32,2023-02-22 08:30
P0HY,10,11079347,1677135600,"Antalya, Singles Main, M-ITF-TUR-07A",ITF Men,Round of 16,Eric Vanshelboim,Samuele Pieri,1,false,1,finished,2,1,False,1677135600,Samuele Pieri,False,away,Eric Vanshelboim,R16,2023-02-23 07:00
P0HY,10,11086229,1677394800,"Antalya, Singles Qualifying, M-ITF-TUR-08A",ITF Men,absent,Samat Mustafin,Samuele Pieri,2,false,absent,finished,0,2,False,1677394800,Samuele Pieri,False,away,Samat Mustafin,Q,2023-02-26 07:00
P0HY,10,11087988,1677486900,"Antalya, Singles Qualifying, M-ITF-TUR-08A",ITF Men,absent,Lucca Pinto,Samuele Pieri,2,false,1,finished,1,2,False,1677486900,Samuele Pieri,False,away,Lucca Pinto,Q,2023-02-27 08:35
P0HY,10,11090601,1677572400,"Antalya, Singles Qualifying, M-ITF-TUR-08A",ITF Men,absent,Marsel Ilhan,Samuele Pieri,2,false,absent,finished,0,2,False,1677572400,Samuele Pieri,False,away,Marsel Ilhan,Q,2023-02-28 08:20
P0HY,10,11092371,1677666600,"Antalya, Singles Main, M-ITF-TUR-08A",ITF Men,Round of 32,Samuele Pieri,Rudolf Molleker,1,false,1,finished,2,0,False,1677666600,Samuele Pieri,False,home,Rudolf Molleker,R32,2023-03-01 10:30
P0HY,10,11095653,1677750000,"Antalya, Singles Main, M-ITF-TUR-08A",ITF Men,Round of 16,Dominik Kellovsky,Samuele Pieri,1,false,2,finished,2,0,False,1677750000,Samuele Pieri,False,away,Dominik Kellovsky,R16,2023-03-02 09:40
P0HY,10,11104002,1677997800,"Antalya, Singles Qualifying, M-ITF-TUR-09A",ITF Men,absent,Finn Bischof,Samuele Pieri,1,false,absent,finished,2,0,False,1677997800,Samuele Pieri,False,away,Finn Bischof,Q,2023-03-05 06:30
P0HY,10,11129181,1678877100,"Antalya, Singles Main, M-ITF-TUR-10A",ITF Men,Round of 32,Samuele Pieri,Juan Bautista Otegui,1,false,1,finished,2,1,False,1678877100,Samuele Pieri,False,home,Juan Bautista Otegui,R32,2023-03-15 10:45
P0HY,10,11133053,1678962600,"Antalya, Singles Main, M-ITF-TUR-10A",ITF Men,Round of 16,Luca Tomasetto,Samuele Pieri,1,false,2,finished,2,0,False,1678962600,Samuele Pieri,False,away,Luca Tomasetto,R16,2023-03-16 10:30
P0HY,10,11198816,1681029000,"Santa Margherita Di Pula, Singles Qualifying, M-IT",ITF Men,absent,Luca Parenti,Samuele Pieri,2,false,absent,finished,0,2,False,1681029000,Samuele Pieri,False,away,Luca Parenti,Q,2023-04-09 08:30
P0HY,11,9671348,1627205400,"Cairo, Singles Qualifying M-ITF-EGY-20A",ITF Men,Qualification,Samuele Pieri,Ali Abdelaziz,1,false,absent,finished,6,1,False,1627205400,Samuele Pieri,False,home,Ali Abdelaziz,Q,2021-07-25 09:30
P0HY,11,9673160,1627286400,"Cairo, Singles Qualifying M-ITF-EGY-20A",ITF Men,Qualification,Constantin Bittoun Kouzmine,Samuele Pieri,1,false,absent,finished,6,7,False,1627286400,Samuele Pieri,False,away,Constantin Bittoun Kouzmine,Q,2021-07-26 08:00
P0HY,11,9674147,1627372800,"Cairo, Singles Qualifying M-ITF-EGY-20A",ITF Men,Qualification,Samuele Pieri,Alessandro Ragazzi,1,false,2,finished,2,1,False,1627372800,Samuele Pieri,False,home,Alessandro Ragazzi,Q,2021-07-27 08:00
P0HY,11,9678693,1627459200,"Cairo, Singles M-ITF-EGY-20A",ITF Men,Round of 32,Samuele Pieri,Lorenzo Gagliardo,1,false,1,finished,2,0,False,1627459200,Samuele Pieri,False,home,Lorenzo Gagliardo,R32,2021-07-28 08:00
P0HY,11,9683857,1627552200,"Cairo, Singles M-ITF-EGY-20A",ITF Men,Round of 16,Samuele Pieri,Lorenzo Bocchi,2,false,2,finished,0,2,False,1627552200,Samuele Pieri,False,home,Lorenzo Bocchi,R16,2021-07-29 09:50
P0HY,11,9689987,1627821000,"Cairo, Singles Qualifying M-ITF-EGY-21A",ITF Men,Qualification,Samuele Pieri,Tomohiro Masabayashi,1,false,absent,finished,2,0,False,1627821000,Samuele Pieri,False,home,Tomohiro Masabayashi,Q,2021-08-01 12:30
P0HY,11,9691580,1627896600,"Cairo, Singles Qualifying M-ITF-EGY-21A",ITF Men,Qualification,Nicolas Hollender,Samuele Pieri,2,false,absent,finished,0,2,False,1627896600,Samuele Pieri,False,away,Nicolas Hollender,Q,2021-08-02 09:30
P0HY,11,9694767,1627982100,"Cairo, Singles Qualifying M-ITF-EGY-21A",ITF Men,Qualification,Yuichiro Inui,Samuele Pieri,2,false,2,finished,0,2,False,1627982100,Samuele Pieri,False,away,Yuichiro Inui,Q,2021-08-03 09:15
P0HY,11,9698588,1628081700,"Cairo, Singles M-ITF-EGY-21A",ITF Men,Round of 32,Lorenzo Bocchi,Samuele Pieri,1,false,2,finished,2,1,False,1628081700,Samuele Pieri,False,away,Lorenzo Bocchi,R32,2021-08-04 12:55
P0HY,11,10261801,1650363900,"Cairo, Singles Qualifying M-ITF-EGY-16A",ITF Men,Qualification,Vladislav Ivanov,Samuele Pieri,2,false,2,finished,0,2,False,1650363900,Samuele Pieri,False,away,Vladislav Ivanov,Q,2022-04-19 10:25
P0HY,11,10263469,1650439800,"Cairo, Singles M-ITF-EGY-16A",ITF Men,Round of 32,Marco Miceli,Samuele Pieri,1,false,2,finished,2,1,False,1650439800,Samuele Pieri,False,away,Marco Miceli,R32,2022-04-20 07:30
P0HY,11,10272533,1650885000,"Cairo, Singles Qualifying M-ITF-EGY-17A",ITF Men,Qualification,Vlad Andrei Dancu,Samuele Pieri,1,false,2,finished,2,0,False,1650885000,Samuele Pieri,False,away,Vlad Andrei Dancu,Q,2022-04-25 11:10
P0HY,11,10284412,1651399200,"Cairo, Singles Qualifying M-ITF-EGY-18A",ITF Men,Qualification,Davide Guerra,Samuele Pieri,1,false,absent,finished,2,1,False,1651399200,Samuele Pieri,False,away,Davide Guerra,Q,2022-05-01 10:00
P0HY,11,10345248,1653899400,"Budva, Singles Qualifying, M-ITF-MNE-06A",ITF Men,Qualification,Samuele Pieri,Tadija Radovanovic,1,false,2,finished,2,0,False,1653899400,Samuele Pieri,False,home,Tadija Radovanovic,Q,2022-05-30 08:30
P0HY,11,10346696,1653984000,"Budva, Singles Qualifying, M-ITF-MNE-06A",ITF Men,Qualification,Daisuke Sumizawa,Samuele Pieri,1,false,1,finished,2,1,False,1653984000,Samuele Pieri,False,away,Daisuke Sumizawa,Q,2022-05-31 08:00
P0HY,11,10350223,1654102500,"Budva, Doubles, M-ITF-MNE-06A",ITF Men,Round of 16,Claverie L / Rodríguez L,Pieri S / Zanada E,2,false,1,finished,0,2,False,1654102500,Samuele Pieri,True,,,R16,2022-06-01 16:55
P0HY,11,10351445,1654177500,"Budva, Doubles, M-ITF-MNE-06A",ITF Men,Quarterfinals,Martinez L / Wenger D,Pieri S / Zanada E,1,false,1,finished,2,1,False,1654177500,Samuele Pieri,True,,,QF,2022-06-02 13:45
P0HY,11,10358429,1654518000,"Budva, Singles Qualifying, M-ITF-MNE-07A",ITF Men,Qualification,Denis Constantin Spiridon,Samuele Pieri,2,false,1,finished,1,2,False,1654518000,Samuele Pieri,False,away,Denis Constantin Spiridon,Q,2022-06-06 12:20
P0HY,11,10361097,1654588800,"Budva, Singles Qualifying, M-ITF-MNE-07A",ITF Men,Qualification,Igor Shrolik,Samuele Pieri,1,false,1,finished,2,0,False,1654588800,Samuele Pieri,False,away,Igor Shrolik,Q,2022-06-07 08:00
P0HY,12,9370864,1614508200,"Monastir, Singles Qualifying M-ITF-TUN-09A",ITF Men,Qualification,Samuele Pieri,Antonio Campo,2,false,absent,finished,1,2,False,1614508200,Samuele Pieri,False,home,Antonio Campo,Q,2021-02-28 10:30
P0HY,12,9385295,1615118400,"Monastir, Singles Qualifying M-ITF-TUN-10A",ITF Men,Qualification,Samuele Pieri,Victor Ernaelsteen,1,false,absent,finished,2,0,False,1615118400,Samuele Pieri,False,home,Victor Ernaelsteen,Q,2021-03-07 12:00
P0HY,12,9386906,1615206600,"Monastir, Singles Qualifying M-ITF-TUN-10A",ITF Men,Qualification,Samuele Pieri,Luigi Sorrentino,2,false,8,finished,0,2,False,1615206600,Samuele Pieri,False,home,Luigi Sorrentino,Q,2021-03-08 12:30
P0HY,12,9390444,1615388100,"Monastir, Doubles M-ITF-TUN-10A",ITF Men,Round of 16,Ghorbel A / Marek W,Capecchi D / Pieri S,absent,false,absent,canceled,absent,absent,False,1615388100,Samuele Pieri,True,,,R16,2021-03-10 14:55
P0HY,12,9393422,1615388400,"Monastir, Doubles M-ITF-TUN-10A",ITF Men,Round of 16,Lokoli L / Rodriguez L,Capecchi D / Pieri S,2,false,1,finished,0,2,False,1615388400,Samuele Pieri,True,,,R16,2021-03-10 15:00
P0HY,12,9394178,1615470900,"Monastir, Doubles M-ITF-TUN-10A",ITF Men,Quarterfinals,Capecchi D / Pieri S,De La Bassetiere C / Ouakaa A,1,false,2,finished,2,1,False,1615470900,Samuele Pieri,True,,,QF,2021-03-11 13:55
P0HY,12,9396095,1615554000,"Monastir, Doubles M-ITF-TUN-10A",ITF Men,Semifinals,Nakagawa N / Tanuma R,Capecchi D / Pieri S,2,false,1,finished,1,2,False,1615554000,Samuele Pieri,True,,,SF,2021-03-12 13:00
P0HY,12,9397516,1615640100,"Monastir, Doubles M-ITF-TUN-10A",ITF Men,Final,Capecchi D / Pieri S,Melnic V / Sinclair C,1,false,2,finished,2,1,False,1615640100,Samuele Pieri,True,,,F,2021-03-13 12:55
P0HY,12,9399496,1615716000,"Tunisia F11, Singles Qualifying",ITF Men,Qualification,Yannick Stephan Born,Samuele Pieri,1,false,absent,finished,2,1,False,1615716000,Samuele Pieri,False,away,Yannick Stephan Born,Q,2021-03-14 10:00
P0HY,12,9511944,1620554400,"Monastir, Singles Qualifying M-ITF-TUN-19A",ITF Men,Qualification,Samuele Pieri,Fausto Tabacco,2,false,absent,finished,1,2,False,1620554400,Samuele Pieri,False,home,Fausto Tabacco,Q,2021-05-09 10:00
P0HY,12,9523840,1621162800,"Monastir, Singles Qualifying M-ITF-TUN-20A",ITF Men,Qualification,Alfredo Casso,Samuele Pieri,2,false,absent,finished,0,2,False,1621162800,Samuele Pieri,False,away,Alfredo Casso,Q,2021-05-16 11:00
P0HY,12,9525152,1621242000,"Monastir, Singles Qualifying M-ITF-TUN-20A",ITF Men,Qualification,Samuele Pieri,Artur Kukasian,1,false,absent,finished,2,0,False,1621242000,Samuele Pieri,False,home,Artur Kukasian,Q,2021-05-17 09:00
P0HY,12,9526540,1621258200,"Monastir, Singles Qualifying M-ITF-TUN-20A",ITF Men,Qualification,Maxence Beauge,Samuele Pieri,1,false,absent,finished,2,0,False,1621258200,Samuele Pieri,False,away,Maxence Beauge,Q,2021-05-17 13:30
P0HY,12,9546611,1622377800,"Skopje, Singles Qualifying M-ITF-MKD-01A",ITF Men,Qualification,Vasil Dimitrov,Samuele Pieri,2,false,absent,finished,0,2,False,1622377800,Samuele Pieri,False,away,Vasil Dimitrov,Q,2021-05-30 12:30
P0HY,12,9547952,1622464200,"Skopje, Singles Qualifying M-ITF-MKD-01A",ITF Men,Qualification,Petr Michnev,Samuele Pieri,1,false,absent,finished,2,0,False,1622464200,Samuele Pieri,False,away,Petr Michnev,Q,2021-05-31 12:30
P0HY,12,9550174,1622564400,"Skopje, Doubles M-ITF-MKD-01A",ITF Men,Round of 16,Capecchi D / Pieri S,Ivanovski K / Kalender A,2,false,1,finished,0,2,False,1622564400,Samuele Pieri,True,,,R16,2021-06-01 16:20
P0HY,12,9551628,1622640000,"Skopje, Singles Qualifying M-ITF-MKD-02A",ITF Men,Qualification,Samuele Pieri,Borjan Stefanovski,1,false,absent,finished,2,0,False,1622640000,Samuele Pieri,False,home,Borjan Stefanovski,Q,2021-06-02 13:20
P0I6,0,16126024,1777990200,"Francavilla, Italy",Challenger,Round of 32,Martin Krumich,Gabriele Piraino,1,false,1,finished,2,0,False,1777990200,Gabriele Piraino,False,away,Martin Krumich,R32,2026-05-05 14:10
P0I6,0,16165453,1778599358,ITF M25 Reggio Emilia Men,ITF Men,Round of 32,Gabriele Piraino,Pierluigi Basile,1,false,absent,finished,2,1,False,1778599358,Gabriele Piraino,False,home,Pierluigi Basile,R32,2026-05-12 15:22
P0I6,0,16175880,1778757021,ITF M25 Reggio Emilia Men,ITF Men,Round of 16,Gabriele Piraino,Jacopo Bilardo,1,false,absent,finished,2,1,False,1778757021,Gabriele Piraino,False,home,Jacopo Bilardo,R16,2026-05-14 11:10
P0I6,0,16182049,1778854162,ITF M25 Reggio Emilia Men,ITF Men,Quarterfinals,Gabriele Piraino,Federico Bondioli,1,false,absent,finished,2,1,False,1778854162,Gabriele Piraino,False,home,Federico Bondioli,QF,2026-05-15 14:09
P0I6,0,16187505,1778940880,ITF M25 Reggio Emilia Men,ITF Men,Semifinals,Manuel Mazza,Gabriele Piraino,2,false,absent,finished,1,2,False,1778940880,Gabriele Piraino,False,away,Manuel Mazza,SF,2026-05-16 14:14
P0I6,0,16192145,1779007528,ITF M25 Reggio Emilia Men,ITF Men,Final,Andrea Guerrieri,Gabriele Piraino,1,false,absent,finished,2,0,False,1779007528,Gabriele Piraino,False,away,Andrea Guerrieri,F,2026-05-17 08:45
P0I6,0,16191957,1779183300,"Cervia, Italy",Challenger,Round of 32,Lorenzo Rottoli,Gabriele Piraino,2,false,1,finished,0,2,False,1779183300,Gabriele Piraino,False,away,Lorenzo Rottoli,R32,2026-05-19 09:35
P0I6,0,16180935,1779297000,"Cervia, Italy",Challenger,Round of 16,Andrea Guerrieri,Gabriele Piraino,1,false,1,finished,2,0,False,1779297000,Gabriele Piraino,False,away,Andrea Guerrieri,R16,2026-05-20 17:10
P0I6,0,16270930,1780505913,ITF M25 Caltanissetta Men,ITF Men,Round of 32,Lorenzo Lorusso,Gabriele Piraino,2,false,absent,finished,0,2,False,1780505913,Gabriele Piraino,False,away,Lorenzo Lorusso,R32,2026-06-03 16:58
P0I6,0,16275972,1780591348,ITF M25 Caltanissetta Men,ITF Men,Round of 16,Toby Martin,Gabriele Piraino,2,false,absent,finished,0,2,False,1780591348,Gabriele Piraino,False,away,Toby Martin,R16,2026-06-04 16:42
P0I6,0,16279468,1780666928,ITF M25 Caltanissetta Men,ITF Men,Quarterfinals,Rafael Izquierdo Luque,Gabriele Piraino,2,false,absent,finished,1,2,False,1780666928,Gabriele Piraino,False,away,Rafael Izquierdo Luque,QF,2026-06-05 13:42
P0I6,0,16283930,1780766103,ITF M25 Caltanissetta Men,ITF Men,Semifinals,Luca Potenza,Gabriele Piraino,1,false,absent,finished,2,1,False,1780766103,Gabriele Piraino,False,away,Luca Potenza,SF,2026-06-06 17:15
P0I6,0,16295729,1781022410,ITF M15 Messina Men,ITF Men,Round of 32,Gabriele Piraino,Daniele Rapagnetta,1,false,absent,finished,2,1,False,1781022410,Gabriele Piraino,False,home,Daniele Rapagnetta,R32,2026-06-09 16:26
P0I6,0,16301507,1781095161,ITF M15 Messina Men,ITF Men,Round of 16,Gabriele Piraino,Sebastiano Cocola,1,false,absent,finished,2,1,False,1781095161,Gabriele Piraino,False,home,Sebastiano Cocola,R16,2026-06-10 12:39
P0I6,0,16307056,1781179973,ITF M15 Messina Men,ITF Men,Quarterfinals,Gabriele Piraino,Jacopo Bilardo,1,false,absent,finished,2,1,False,1781179973,Gabriele Piraino,False,home,Jacopo Bilardo,QF,2026-06-11 12:12
P0I6,0,16314169,1781274501,ITF M15 Messina Men,ITF Men,Semifinals,Gabriele Piraino,Marcel Zielinski,1,false,absent,finished,2,0,False,1781274501,Gabriele Piraino,False,home,Marcel Zielinski,SF,2026-06-12 14:28
P0I6,0,16320395,1781363606,ITF M15 Messina Men,ITF Men,Final,Gabriele Piraino,Fausto Tabacco,2,false,absent,finished,0,2,False,1781363606,Gabriele Piraino,False,home,Fausto Tabacco,F,2026-06-13 15:13
P0I6,0,16376901,1782210900,"Plovdiv, Bulgaria",Challenger,Round of 32,Gabriele Piraino,Lorenzo Angelini,1,false,1,finished,1,2,False,1782210900,Gabriele Piraino,False,home,Lorenzo Angelini,R32,2026-06-23 10:35
P0I6,0,16628326,1785069900,"San Marino, San Marino, Qualifying",Challenger,Qualification Round 1,Jozef Kovalik,Gabriele Piraino,1,false,2,finished,2,1,False,1785069900,Gabriele Piraino,False,away,Jozef Kovalik,Q1,2026-07-26 12:45
P0I6,0,16693901,1785868200,"Plovdiv 2, Bulgaria",Challenger,Round of 32,Gabriele Piraino,Carlo Alberto Caniato,1,false,2,finished,2,1,False,1785868200,Gabriele Piraino,False,home,Carlo Alberto Caniato,R32,2026-08-04 18:30
P0I6,0,16661825,1786029300,"Plovdiv 2, Bulgaria",Challenger,Round of 16,Gabriele Piraino,Ognjen Milić,1,false,2,finished,2,0,False,1786029300,Gabriele Piraino,False,home,Ognjen Milić,R16,2026-08-06 15:15
P0I6,0,16661828,1786104000,"Plovdiv 2, Bulgaria",Challenger,Quarterfinals,Gerard Campana Lee,Gabriele Piraino,2,false,2,finished,0,2,False,1786104000,Gabriele Piraino,False,away,Gerard Campana Lee,QF,2026-08-07 12:00
P0I6,1,14809532,1759392000,ITF M25 Santa Margherita di Pula 9 Men,ITF Men,Quarterfinals,Alexander Weis,Gabriele Piraino,2,false,2,finished,0,0,False,1759392000,Gabriele Piraino,False,away,Alexander Weis,QF,2025-10-02 08:00
P0I6,1,14816687,1759478400,ITF M25 Santa Margherita di Pula 9 Men,ITF Men,Semifinals,Gabriele Piraino,Michele Ribecai,2,false,1,finished,1,2,False,1759478400,Gabriele Piraino,False,home,Michele Ribecai,SF,2025-10-03 08:00
P0I6,1,14840831,1759833000,ITF M25 Santa Margherita di Pula 10 Men,ITF Men,Round of 32,Gabriele Piraino,Niccolo Catini,1,false,2,finished,2,0,False,1759833000,Gabriele Piraino,False,home,Niccolo Catini,R32,2025-10-07 10:30
P0I6,1,14846739,1759914000,ITF M25 Santa Margherita di Pula 10 Men,ITF Men,Round of 16,Daniel Aleksandar Amarandei,Gabriele Piraino,1,false,absent,finished,2,1,False,1759914000,Gabriele Piraino,False,away,Daniel Aleksandar Amarandei,R16,2025-10-08 09:00
P0I6,1,14854770,1760004900,ITF M25 Santa Margherita di Pula 10 Men,ITF Men,Quarterfinals,Gabriele Piraino,Massimo Giunta,2,false,1,finished,1,2,False,1760004900,Gabriele Piraino,False,home,Massimo Giunta,QF,2025-10-09 10:15
P0I6,1,15107679,1763458200,"Montemar, Spain",Challenger,Round of 32,Gabriele Piraino,Adrien Burdet,1,false,1,finished,2,0,False,1763458200,Gabriele Piraino,False,home,Adrien Burdet,R32,2025-11-18 09:30
P0I6,1,15042524,1763655300,"Montemar, Spain",Challenger,Round of 16,Daniel Merida,Gabriele Piraino,2,false,2,finished,1,2,False,1763655300,Gabriele Piraino,False,away,Daniel Merida,R16,2025-11-20 16:15
P0I6,1,15042532,1763728200,"Montemar, Spain",Challenger,Quarterfinals,Gabriele Piraino,Gianluca Cadenasso,2,false,1,finished,0,2,False,1763728200,Gabriele Piraino,False,home,Gianluca Cadenasso,QF,2025-11-21 12:30
P0I6,1,15325710,1767774600,ITF M25 Antalya Men,ITF Men,Round of 32,Gabriele Piraino,Panya Stauffer,1,false,absent,finished,2,0,False,1767774600,Gabriele Piraino,False,home,Panya Stauffer,R32,2026-01-07 08:30
P0I6,1,15327032,1767861600,ITF M25 Antalya Men,ITF Men,Round of 16,Gabriele Piraino,Evgenii Tiurnev,2,false,2,finished,1,2,False,1767861600,Gabriele Piraino,False,home,Evgenii Tiurnev,R16,2026-01-08 08:40
P0I6,1,15359394,1768298700,ITF M25 Antalya 2 Men,ITF Men,Round of 32,Manuel Mazza,Gabriele Piraino,2,false,absent,finished,0,2,False,1768298700,Gabriele Piraino,False,away,Manuel Mazza,R32,2026-01-13 10:05
P0I6,1,15358725,1768314600,ITF M25 Antalya 2 Men Doubles,ITF Men,Round of 16,Dumitru A C / Neos E,Mazza M / Piraino G,1,false,1,finished,2,0,False,1768314600,Gabriele Piraino,True,,,R16,2026-01-13 14:30
P0I6,1,15370091,1768460400,ITF M25 Antalya 2 Men,ITF Men,Round of 16,Dušan Obradović,Gabriele Piraino,1,false,absent,finished,2,0,False,1768460400,Gabriele Piraino,False,away,Dušan Obradović,R16,2026-01-15 07:00
P0I6,1,15398326,1769000400,ITF M25 Antalya 3 Men,ITF Men,Round of 32,Gabriele Piraino,Alan Wazny,1,false,absent,finished,2,1,False,1769000400,Gabriele Piraino,False,home,Alan Wazny,R32,2026-01-21 13:00
P0I6,1,15407159,1769437800,ITF M25 Antalya 3 Men,ITF Men,Round of 16,Gabriele Piraino,Lucca Helguera Casado,absent,true,absent,canceled,absent,absent,False,1769437800,Gabriele Piraino,False,home,Lucca Helguera Casado,R16,2026-01-26 14:30
P0I6,1,15460040,1770042600,"Tenerife, Spain",Challenger,Round of 32,Alibek Kachmazov,Gabriele Piraino,2,false,1,finished,1,2,False,1770042600,Gabriele Piraino,False,away,Alibek Kachmazov,R32,2026-02-02 14:30
P0I6,1,15440880,1770199200,"Tenerife, Spain",Challenger,Round of 16,Gabriele Piraino,Stefano Travaglia,2,false,1,finished,0,2,False,1770199200,Gabriele Piraino,False,home,Stefano Travaglia,R16,2026-02-04 10:00
P0I6,1,15505448,1770557100,"Tenerife 2, Spain, Qualifying",Challenger,Qualification Round 1,Szymon Kielan,Gabriele Piraino,2,false,1,finished,0,2,False,1770557100,Gabriele Piraino,False,away,Szymon Kielan,Q1,2026-02-08 13:25
P0I6,1,15510124,1770637800,"Tenerife 2, Spain, Qualifying",Challenger,Qualification Final,Hynek Barton,Gabriele Piraino,2,false,1,finished,0,2,False,1770637800,Gabriele Piraino,False,away,Hynek Barton,Q,2026-02-09 11:50
P0I6,1,15515745,1770717600,"Tenerife 2, Spain",Challenger,Round of 32,Lloyd Harris,Gabriele Piraino,1,false,1,finished,2,0,False,1770717600,Gabriele Piraino,False,away,Lloyd Harris,R32,2026-02-10 10:00
P0I6,2,13937365,1748166600,"Vicenza, Italy, Qualifying",Challenger,Qualification Round 1,Gabriele Piraino,Joel Schwaerzler,2,false,2,finished,0,2,False,1748166600,Gabriele Piraino,False,home,Joel Schwaerzler,Q1,2025-05-25 09:50
P0I6,2,13967770,1748966400,ITF M15 Caltanissetta Men,ITF Men,Round of 32,Gabriele Piraino,Massimo Pizzigoni,1,false,absent,finished,2,0,False,1748966400,Gabriele Piraino,False,home,Massimo Pizzigoni,R32,2025-06-03 16:00
P0I6,2,13973105,1749110400,ITF M15 Caltanissetta Men,ITF Men,Round of 16,Gabriele Piraino,Manuel Mazza,2,false,absent,finished,1,2,False,1749110400,Gabriele Piraino,False,home,Manuel Mazza,R16,2025-06-05 08:00
P0I6,2,13983217,1749374100,"Perugia, Italy, Qualifying",Challenger,Qualification Round 1,Gabriele Piraino,Manuel Guinard,1,false,1,finished,2,1,False,1749374100,Gabriele Piraino,False,home,Manuel Guinard,Q1,2025-06-08 09:15
P0I6,2,13985290,1749457800,"Perugia, Italy, Qualifying",Challenger,Qualification Final,Lucio Ratti,Gabriele Piraino,2,false,1,finished,1,2,False,1749457800,Gabriele Piraino,False,away,Lucio Ratti,Q,2025-06-09 08:30
P0I6,2,13988458,1749548700,"Perugia, Italy",Challenger,Round of 32,Andrea Pellegrino,Gabriele Piraino,1,false,2,finished,2,1,False,1749548700,Gabriele Piraino,False,away,Andrea Pellegrino,R32,2025-06-10 09:45
P0I6,2,14010383,1749974400,"Sassuolo, Italy, Qualifying",Challenger,Qualification Round 1,Gabriele Piraino,Marco Cecchinato,2,false,2,finished,0,2,False,1749974400,Gabriele Piraino,False,home,Marco Cecchinato,Q1,2025-06-15 08:00
P0I6,2,14037122,1750690800,"Milan, Italy",Challenger,Round of 32,Dino Prizmić,Gabriele Piraino,1,false,1,finished,2,0,False,1750690800,Gabriele Piraino,False,away,Dino Prizmić,R32,2025-06-23 15:00
P0I6,2,14066687,1751204100,"Modena, Italy, Qualifying",Challenger,Qualification Round 1,Gabriele Piraino,Toby Alex Kodat,2,false,2,finished,0,2,False,1751204100,Gabriele Piraino,False,home,Toby Alex Kodat,Q1,2025-06-29 13:35
P0I6,2,14181900,1752692400,ITF M15 Gubbio Men,ITF Men,Round of 32,Lorenzo Beraldo,Gabriele Piraino,2,false,absent,finished,0,2,False,1752692400,Gabriele Piraino,False,away,Lorenzo Beraldo,R32,2025-07-16 19:00
P0I6,2,14199462,1752748200,ITF M15 Gubbio Men,ITF Men,Round of 16,Lorenzo Lorusso,Gabriele Piraino,2,false,1,finished,0,2,False,1752748200,Gabriele Piraino,False,away,Lorenzo Lorusso,R16,2025-07-17 10:30
P0I6,2,14209684,1752865200,ITF M15 Gubbio Men,ITF Men,Quarterfinals,Michele Ribecai,Gabriele Piraino,2,false,2,finished,0,2,False,1752865200,Gabriele Piraino,False,away,Michele Ribecai,QF,2025-07-18 19:00
P0I6,2,14218785,1752951600,ITF M15 Gubbio Men,ITF Men,Semifinals,Samuele Pieri,Gabriele Piraino,2,false,absent,finished,1,2,False,1752951600,Gabriele Piraino,False,away,Samuele Pieri,SF,2025-07-19 19:00
P0I6,2,14228040,1753038000,ITF M15 Gubbio Men,ITF Men,Final,Andrea Meduri,Gabriele Piraino,2,false,absent,finished,0,2,False,1753038000,Gabriele Piraino,False,away,Andrea Meduri,F,2025-07-20 19:00
P0I6,2,14298093,1753788600,ITF M25 Wetzlar Men,ITF Men,Round of 32,Marko Maksimovic,Gabriele Piraino,2,false,absent,finished,1,2,False,1753788600,Gabriele Piraino,False,away,Marko Maksimovic,R32,2025-07-29 11:30
P0I6,2,14312681,1753970400,ITF M25 Wetzlar Men,ITF Men,Round of 16,Vincent Marysko,Gabriele Piraino,2,false,1,finished,1,2,False,1753970400,Gabriele Piraino,False,away,Vincent Marysko,R16,2025-07-31 14:00
P0I6,2,14322175,1754056800,ITF M25 Wetzlar Men,ITF Men,Quarterfinals,Imanol Lopez Morillo,Gabriele Piraino,2,false,1,finished,0,2,False,1754056800,Gabriele Piraino,False,away,Imanol Lopez Morillo,QF,2025-08-01 14:00
P0I6,2,14331590,1754121600,ITF M25 Wetzlar Men,ITF Men,Semifinals,Cezar Cretu,Gabriele Piraino,2,false,1,finished,0,2,False,1754121600,Gabriele Piraino,False,away,Cezar Cretu,SF,2025-08-02 08:00
P0I6,2,14339402,1754215200,ITF M25 Wetzlar Men,ITF Men,Final,Gabriele Piraino,Raphael Perot,1,false,absent,finished,2,1,False,1754215200,Gabriele Piraino,False,home,Raphael Perot,F,2025-08-03 10:00
P0I6,2,14339492,1754403600,"Cordenons, Italy",Challenger,Round of 32,Gabriele Piraino,Jelle Sels,1,false,1,finished,2,0,False,1754403600,Gabriele Piraino,False,home,Jelle Sels,R32,2025-08-05 14:20
P0I6,2,14311073,1754585400,"Cordenons, Italy",Challenger,Round of 16,Lukas Neumayer,Gabriele Piraino,1,false,1,finished,2,0,False,1754585400,Gabriele Piraino,False,away,Lukas Neumayer,R16,2025-08-07 16:50
P0I6,2,14580762,1756636366,"Genoa, Italy, Qualifying",Challenger,Qualification Round 1,Gabriele Piraino,Filippo Romano,1,false,1,finished,2,0,False,1756636366,Gabriele Piraino,False,home,Filippo Romano,Q1,2025-08-31 10:32
P0I6,3,13097219,1731074100,"San Gregorio di Catania, Singles M, M-ITF-ITA-36A",ITF Men,Quarterfinals,Gabriele Piraino,Lorenzo Giustino,1,false,2,finished,2,1,False,1731074100,Gabriele Piraino,False,home,Lorenzo Giustino,QF,2024-11-08 13:55
P0I6,3,13102713,1731175200,"San Gregorio di Catania, Singles M, M-ITF-ITA-36A",ITF Men,Semifinals,Kirill Kivattsev,Gabriele Piraino,2,false,absent,finished,absent,absent,False,1731175200,Gabriele Piraino,False,away,Kirill Kivattsev,SF,2024-11-09 18:00
P0I6,3,13107591,1731234600,"San Gregorio di Catania, Singles M, M-ITF-ITA-36A",ITF Men,Final,Gianluca Cadenasso,Gabriele Piraino,1,false,1,finished,2,0,False,1731234600,Gabriele Piraino,False,away,Gianluca Cadenasso,F,2024-11-10 10:30
P0I6,3,13113523,1731596100,"San Gregorio di Catania, Singles M, M-ITF-ITA-37A",ITF Men,Round of 32,Gabriele Piraino,Fausto Tabacco,2,false,1,finished,1,2,False,1731596100,Gabriele Piraino,False,home,Fausto Tabacco,R32,2024-11-14 14:55
P0I6,3,13365146,1737450000,ITF M15 Antalya 3 Men,ITF Men,Round of 32,Gabriele Piraino,Eero Vasa,1,false,absent,finished,2,0,False,1737450000,Gabriele Piraino,False,home,Eero Vasa,R32,2025-01-21 09:00
P0I6,3,13373983,1737626400,ITF M15 Antalya 3 Men,ITF Men,Round of 16,Gabriele Piraino,Amr Elsayed,1,false,absent,finished,2,0,False,1737626400,Gabriele Piraino,False,home,Amr Elsayed,R16,2025-01-23 10:00
P0I6,3,13382129,1737703800,ITF M15 Antalya 3 Men,ITF Men,Quarterfinals,Rodrigo Pacheco Mendez,Gabriele Piraino,1,false,absent,finished,2,0,False,1737703800,Gabriele Piraino,False,away,Rodrigo Pacheco Mendez,QF,2025-01-24 07:30
P0I6,3,13385608,1737788400,ITF M15 Antalya 3 Men,ITF Men,Semifinals,Mirza Bašić,Gabriele Piraino,2,false,1,finished,0,2,False,1737788400,Gabriele Piraino,False,away,Mirza Bašić,SF,2025-01-25 07:00
P0I6,3,13390018,1737878400,ITF M15 Antalya 3 Men,ITF Men,Final,Kilian Feldbausch,Gabriele Piraino,2,false,2,finished,0,2,False,1737878400,Gabriele Piraino,False,away,Kilian Feldbausch,F,2025-01-26 08:00
P0I6,3,13395123,1738134000,ITF M15 Antalya 4 Men,ITF Men,Round of 32,Gabriele Piraino,Stefan Popović,2,false,1,finished,0,2,False,1738134000,Gabriele Piraino,False,home,Stefan Popović,R32,2025-01-29 07:00
P0I6,3,13426179,1738744200,ITF M25 Antalya 5 Men,ITF Men,Round of 32,Gabriele Piraino,I. La Cava,1,false,absent,finished,2,0,False,1738744200,Gabriele Piraino,False,home,I. La Cava,R32,2025-02-05 08:30
P0I6,3,13433939,1738838400,ITF M25 Antalya 5 Men,ITF Men,Round of 16,Gabriele Piraino,Luka Pavlović,1,false,2,finished,1,1,False,1738838400,Gabriele Piraino,False,home,Luka Pavlović,R16,2025-02-06 10:40
P0I6,3,13439461,1738916100,ITF M25 Antalya 5 Men,ITF Men,Quarterfinals,John Sperle,Gabriele Piraino,2,false,absent,finished,0,2,False,1738916100,Gabriele Piraino,False,away,John Sperle,QF,2025-02-07 08:15
P0I6,3,13447421,1739005200,ITF M25 Antalya 5 Men,ITF Men,Semifinals,Daniel Michalski,Gabriele Piraino,1,false,absent,finished,2,1,False,1739005200,Gabriele Piraino,False,away,Daniel Michalski,SF,2025-02-08 09:00
P0I6,3,13455881,1739271600,ITF M15 Valencia 2 Men,ITF Men,Round of 32,Gabriele Piraino,Carles Cordoba,1,false,absent,finished,2,0,False,1739271600,Gabriele Piraino,False,home,Carles Cordoba,R32,2025-02-11 11:00
P0I6,3,13469070,1739440800,ITF M15 Valencia 2 Men,ITF Men,Round of 16,Gabriele Piraino,Imanol Lopez Morillo,1,false,absent,finished,2,0,False,1739440800,Gabriele Piraino,False,home,Imanol Lopez Morillo,R16,2025-02-13 10:00
P0I6,3,13473807,1739532600,ITF M15 Valencia 2 Men,ITF Men,Quarterfinals,Gabriele Piraino,Carlos Lopez Montagud,2,false,absent,finished,1,2,False,1739532600,Gabriele Piraino,False,home,Carlos Lopez Montagud,QF,2025-02-14 11:30
P0I6,3,13529441,1740560400,ITF M15 Villena 2 Men,ITF Men,Round of 32,Gabriele Piraino,Alex Martinez,2,false,absent,finished,1,2,False,1740560400,Gabriele Piraino,False,home,Alex Martinez,R32,2025-02-26 09:00
P0I6,3,13674803,1742977800,ITF M15 Antalya 11 Men,ITF Men,Round of 32,Kaya Arinc,Gabriele Piraino,2,false,absent,finished,0,2,False,1742977800,Gabriele Piraino,False,away,Kaya Arinc,R32,2025-03-26 08:30
P0I6,3,13678634,1743058800,ITF M15 Antalya 11 Men,ITF Men,Round of 16,Gabriel Matuszewski,Gabriele Piraino,2,false,absent,finished,0,2,False,1743058800,Gabriele Piraino,False,away,Gabriel Matuszewski,R16,2025-03-27 07:00
P0I6,3,13681616,1743145200,ITF M15 Antalya 11 Men,ITF Men,Quarterfinals,Sergey Fomin,Gabriele Piraino,1,false,absent,finished,2,1,False,1743145200,Gabriele Piraino,False,away,Sergey Fomin,QF,2025-03-28 07:00
P0I6,4,12481843,1719929400,"Modena, Italy, Doubles",Challenger,Round of 16,Brancaccio R / Piraino G,Bayldon B / Hermans M,2,false,2,finished,1,2,False,1719929400,Gabriele Piraino,True,,,R16,2024-07-02 14:10
P0I6,4,12460824,1720008300,"Modena, Italy",Challenger,Round of 16,Gabriele Piraino,Andrea Pellegrino,2,false,2,finished,0,2,False,1720008300,Gabriele Piraino,False,home,Andrea Pellegrino,R16,2024-07-03 12:05
P0I6,4,12511786,1720519800,"Padova, Singles Main, M-ITF-ITA-16A",ITF Men,Round of 32,Ezequiel Simonit,Gabriele Piraino,2,false,1,finished,0,2,False,1720519800,Gabriele Piraino,False,away,Ezequiel Simonit,R32,2024-07-09 10:10
P0I6,4,12519400,1720621200,"Padova, Singles Main, M-ITF-ITA-16A",ITF Men,Round of 16,Stefano D'Agostino,Gabriele Piraino,1,false,1,finished,2,0,False,1720621200,Gabriele Piraino,False,away,Stefano D'Agostino,R16,2024-07-10 14:20
P0I6,4,12537535,1721154900,"Pozoblanco, Spain",Challenger,Round of 32,Gabriele Piraino,Steven Diez,2,false,1,finished,0,2,False,1721154900,Gabriele Piraino,False,home,Steven Diez,R32,2024-07-16 18:35
P0I6,4,12611447,1722170400,"San Marino, San Marino, Qualifying",Challenger,Qualification round 1,Gabriele Piraino,Gonzalo Villanueva,2,false,2,finished,0,2,False,1722170400,Gabriele Piraino,False,home,Gonzalo Villanueva,Q1,2024-07-28 12:40
P0I6,4,12641651,1722777000,"Cordenons, Italy, Qualifying",Challenger,Qualification round 1,Luca Castagnola,Gabriele Piraino,1,false,2,finished,2,1,False,1722777000,Gabriele Piraino,False,away,Luca Castagnola,Q1,2024-08-04 13:10
P0I6,4,12667164,1723472100,"Todi, Italy",Challenger,Round of 32,Gabriele Piraino,Carlos Lopez Montagud,2,false,1,finished,0,2,False,1723472100,Gabriele Piraino,False,home,Carlos Lopez Montagud,R32,2024-08-12 14:15
P0I6,4,12750954,1724845800,"Forli, Singles Main, M-ITF-ITA-22A",ITF Men,Round of 32,Gabriele Piraino,Ludovico Vaccari,1,false,1,finished,2,0,False,1724845800,Gabriele Piraino,False,home,Ludovico Vaccari,R32,2024-08-28 11:50
P0I6,4,12748129,1724936100,"Forli, Singles Main, M-ITF-ITA-22A",ITF Men,Round of 16,Gabriele Piraino,Pierluigi Basile,2,false,1,finished,1,2,False,1724936100,Gabriele Piraino,False,home,Pierluigi Basile,R16,2024-08-29 12:55
P0I6,4,12779490,1725382800,"Bologna, Singles Main, M-ITF-ITA-27A",ITF Men,Round of 32,Matiç Dimič,Gabriele Piraino,2,false,2,finished,0,2,False,1725382800,Gabriele Piraino,False,away,Matiç Dimič,R32,2024-09-03 17:00
P0I6,4,12785253,1725553500,"Bologna, Singles Main, M-ITF-ITA-27A",ITF Men,Round of 16,Gianluca Di Nicola,Gabriele Piraino,2,false,1,finished,0,2,False,1725553500,Gabriele Piraino,False,away,Gianluca Di Nicola,R16,2024-09-05 16:25
P0I6,4,12798116,1725642000,"Bologna, Singles Main, M-ITF-ITA-27A",ITF Men,Quarterfinals,Federico Iannaccone,Gabriele Piraino,2,false,absent,finished,absent,absent,False,1725642000,Gabriele Piraino,False,away,Federico Iannaccone,QF,2024-09-06 17:00
P0I6,4,12799235,1725722100,"Bologna, Singles Main, M-ITF-ITA-27A",ITF Men,Semifinals,Kirill Kivattsev,Gabriele Piraino,2,false,2,finished,1,2,False,1725722100,Gabriele Piraino,False,away,Kirill Kivattsev,SF,2024-09-07 15:15
P0I6,4,12805054,1725786000,"Bologna, Singles Main, M-ITF-ITA-27A",ITF Men,Final,Mathys Erhard,Gabriele Piraino,2,false,1,finished,1,2,False,1725786000,Gabriele Piraino,False,away,Mathys Erhard,F,2024-09-08 09:00
P0I6,4,12852796,1726564200,"S. Margherita Di Pula, Singles Main, M-ITF-ITA-28A",ITF Men,Round of 32,Kyle Overmyer,Gabriele Piraino,2,false,1,finished,0,2,False,1726564200,Gabriele Piraino,False,away,Kyle Overmyer,R32,2024-09-17 09:10
P0I6,4,12849711,1726653900,"S. Margherita Di Pula, Singles Main, M-ITF-ITA-28A",ITF Men,Round of 16,Giuseppe La Vela,Gabriele Piraino,2,false,1,finished,0,2,False,1726653900,Gabriele Piraino,False,away,Giuseppe La Vela,R16,2024-09-18 10:05
P0I6,4,12865856,1726666800,"S. Margherita Di Pula, Doubles Main, M-ITF-ITA-28A",ITF Men,Round of 16,Ocleppo J / Picchione A,Dolce G / Piraino G,1,false,absent,finished,2,0,False,1726666800,Gabriele Piraino,True,,,R16,2024-09-18 13:40
P0I6,4,12862111,1726732800,"S. Margherita Di Pula, Singles Main, M-ITF-ITA-28A",ITF Men,Quarterfinals,Felix Gill,Gabriele Piraino,1,false,2,finished,2,0,False,1726732800,Gabriele Piraino,False,away,Felix Gill,QF,2024-09-19 08:00
P0I6,4,12874231,1727123100,"S. Margherita Di Pula, Singles Main, M-ITF-ITA-29A",ITF Men,Round of 32,Andrea de Marchi,Gabriele Piraino,1,false,2,finished,2,0,False,1727123100,Gabriele Piraino,False,away,Andrea de Marchi,R32,2024-09-23 20:25
P0I6,5,12171077,1710857700,"Loule, Doubles Main, M-ITF-POR-06A",ITF Men,Round of 16,Fanselow S / Vale D,Caruso S / Piraino G,2,false,1,finished,1,2,False,1710857700,Gabriele Piraino,True,,,R16,2024-03-19 14:15
P0I6,5,12174630,1710946800,"Loule, Singles Main, M-ITF-POR-06A",ITF Men,Round of 32,Gabriele Piraino,Frederico Ferreira Silva,2,false,1,finished,0,2,False,1710946800,Gabriele Piraino,False,home,Frederico Ferreira Silva,R32,2024-03-20 15:00
P0I6,5,12174760,1711101600,"Loule, Doubles Main, M-ITF-POR-06A",ITF Men,Quarterfinals,Caruso S / Piraino G,Echeverria J / Izquierdo Luque R,2,false,absent,finished,absent,absent,False,1711101600,Gabriele Piraino,True,,,QF,2024-03-22 10:00
P0I6,5,12190933,1711360200,"Santa M. Di Pula, Singles Main, M-ITF-ITA-02A",ITF Men,Round of 32,Tommaso Compagnucci,Gabriele Piraino,2,false,1,finished,0,2,False,1711360200,Gabriele Piraino,False,away,Tommaso Compagnucci,R32,2024-03-25 09:50
P0I6,5,12193768,1711471200,"Santa M. Di Pula, Doubles Main, M-ITF-ITA-02A",ITF Men,Round of 16,Castelletti L / Troebinger E,Ferrari G / Piraino G,2,false,2,finished,0,2,False,1711471200,Gabriele Piraino,True,,,R16,2024-03-26 16:40
P0I6,5,12193966,1711621800,"Santa M. Di Pula, Singles Main, M-ITF-ITA-02A",ITF Men,Round of 16,Salvatore Caruso,Gabriele Piraino,2,false,1,finished,absent,absent,False,1711621800,Gabriele Piraino,False,away,Salvatore Caruso,R16,2024-03-28 10:30
P0I6,5,12202079,1711701000,"Santa M. Di Pula, Singles Main, M-ITF-ITA-02A",ITF Men,Quarterfinals,Gabriele Piraino,Valentin Royer,2,false,2,finished,0,2,False,1711701000,Gabriele Piraino,False,home,Valentin Royer,QF,2024-03-29 08:30
P0I6,5,12198023,1711717200,"Santa M. Di Pula, Doubles Main, M-ITF-ITA-02A",ITF Men,Quarterfinals,Compagnucci N / Compagnucci T,Ferrari G / Piraino G,2,false,2,finished,0,2,False,1711717200,Gabriele Piraino,True,,,QF,2024-03-29 13:00
P0I6,5,12205645,1711787400,"Santa M. Di Pula, Doubles Main, M-ITF-ITA-02A",ITF Men,Semifinals,Ferrari G / Piraino G,Tresca G / Virgili A,2,false,1,finished,0,2,False,1711787400,Gabriele Piraino,True,,,SF,2024-03-30 08:30
P0I6,5,12211950,1711961100,"S. Margherita di Pula, Singles Main, M-ITF-ITA-03A",ITF Men,Round of 32,Gabriele Piraino,Niccolo Ciavarella,2,false,2,finished,0,2,False,1711961100,Gabriele Piraino,False,home,Niccolo Ciavarella,R32,2024-04-01 08:45
P0I6,5,12215365,1712148300,"S. Margherita di Pula, Doubles Main, M-ITF-ITA-03A",ITF Men,Round of 16,Sakellaridis D / Sakellaridis M,Ciavarella N / Piraino G,2,false,2,finished,0,2,False,1712148300,Gabriele Piraino,True,,,R16,2024-04-03 12:45
P0I6,5,12220776,1712304000,"S. Margherita di Pula, Doubles Main, M-ITF-ITA-03A",ITF Men,Quarterfinals,Ciavarella N / Piraino G,D Agostino S / Fellin C,2,false,absent,finished,absent,absent,False,1712304000,Gabriele Piraino,True,,,QF,2024-04-05 08:00
P0I6,5,12253102,1713257700,"S. Margherita Di Pula, Singles Main, M-ITF-ITA-05A",ITF Men,Round of 32,Alexander Klintcharov,Gabriele Piraino,2,false,1,finished,0,2,False,1713257700,Gabriele Piraino,False,away,Alexander Klintcharov,R32,2024-04-16 08:55
P0I6,5,12253457,1713277800,"S. Margherita Di Pula, Doubles Main, M-ITF-ITA-05A",ITF Men,Round of 16,Donders D / Pontjodikromo S,Piraino G / Sorrentino L,2,false,2,finished,0,2,False,1713277800,Gabriele Piraino,True,,,R16,2024-04-16 14:30
P0I6,5,12257043,1713340800,"S. Margherita Di Pula, Singles Main, M-ITF-ITA-05A",ITF Men,Round of 16,Oleksii Krutykh,Gabriele Piraino,2,false,2,finished,1,2,False,1713340800,Gabriele Piraino,False,away,Oleksii Krutykh,R16,2024-04-17 08:00
P0I6,6,11706971,1696416900,"S. Margherita Di Pula, Singles, M-ITF-ITA-27A",ITF Men,Round of 16,Gabriele Piraino,Giannicola Misasi,1,false,2,finished,2,0,False,1696416900,Gabriele Piraino,False,home,Giannicola Misasi,R16,2023-10-04 10:55
P0I6,6,11705608,1696428600,"S. Margherita Di Pula, Doubles, M-ITF-ITA-27B",ITF Men,Round of 16,Compagnucci T / Cortegiani A,Piraino G / Serafini M,2,false,2,finished,0,2,False,1696428600,Gabriele Piraino,True,,,R16,2023-10-04 14:10
P0I6,6,11709585,1696496400,"S. Margherita Di Pula, Singles, M-ITF-ITA-27A",ITF Men,Quarterfinals,Gabriele Piraino,Marcello Serafini,1,false,1,finished,2,1,False,1696496400,Gabriele Piraino,False,home,Marcello Serafini,QF,2023-10-05 09:00
P0I6,6,11709941,1696513500,"S. Margherita Di Pula, Doubles, M-ITF-ITA-27B",ITF Men,Quarterfinals,Kivattsev K / Mishkin K,Piraino G / Serafini M,2,false,2,finished,1,2,False,1696513500,Gabriele Piraino,True,,,QF,2023-10-05 13:45
P0I6,6,11712934,1696582800,"S. Margherita Di Pula, Singles, M-ITF-ITA-27A",ITF Men,Semifinals,Gonçalo Oliveira,Gabriele Piraino,2,false,1,finished,1,2,False,1696582800,Gabriele Piraino,False,away,Gonçalo Oliveira,SF,2023-10-06 09:00
P0I6,6,11713189,1696600800,"S. Margherita Di Pula, Doubles, M-ITF-ITA-27B",ITF Men,Semifinals,Piraino G / Serafini M,R. Matsuda / A. Virgili,2,false,absent,finished,absent,absent,False,1696600800,Gabriele Piraino,True,,,SF,2023-10-06 14:00
P0I6,6,11716400,1696668900,"S. Margherita Di Pula, Singles, M-ITF-ITA-27A",ITF Men,Final,Gabriele Piraino,Nikolas Sanchez Izquierdo,2,false,2,finished,0,2,False,1696668900,Gabriele Piraino,False,home,Nikolas Sanchez Izquierdo,F,2023-10-07 08:55
P0I6,6,11725641,1696931100,"S. Margherita Di Pula, Singles Main, M-ITF-ITA-28A",ITF Men,Round of 32,Gabriele Piraino,Giovanni Fonio,2,false,2,finished,0,2,False,1696931100,Gabriele Piraino,False,home,Giovanni Fonio,R32,2023-10-10 09:45
P0I6,6,11766959,1698054300,"S. Margherita Di Pula, Singles, M-ITF-ITA-30A",ITF Men,Round of 32,Oriol Roca Batalla,Gabriele Piraino,1,false,2,finished,2,0,False,1698054300,Gabriele Piraino,False,away,Oriol Roca Batalla,R32,2023-10-23 09:45
P0I6,6,11827901,1700037000,"Monastir, Singles Main, M-ITF-TUN-52A",ITF Men,Round of 32,Gabriele Piraino,Ergi Kirkin,2,false,1,finished,0,2,False,1700037000,Gabriele Piraino,False,home,Ergi Kirkin,R32,2023-11-15 08:30
P0I6,6,11827916,1700059200,"Monastir, Doubles Main, M-ITF-TUN-52A",ITF Men,Round of 16,Caruso S / Piraino G,F. Andaloro / S. H. Reguig,2,false,absent,canceled,absent,absent,False,1700059200,Gabriele Piraino,True,,,R16,2023-11-15 14:40
P0I6,6,11862083,1701160200,"San Greg. di Catania, Singles, M-ITF-ITA-35A",ITF Men,Round of 32,Gabriele Piraino,Elio Ribeiro Lago,1,false,1,finished,2,1,False,1701160200,Gabriele Piraino,False,home,Elio Ribeiro Lago,R32,2023-11-28 08:30
P0I6,6,11862076,1701183300,"San Greg. di Catania, Doubles, M-ITF-ITA-35A",ITF Men,Round of 16,Marino P / Piraino G,de Vincentis M / Ribeiro Lago E J,2,false,absent,finished,absent,absent,False,1701183300,Gabriele Piraino,True,,,R16,2023-11-28 14:55
P0I6,6,11864792,1701252600,"San Greg. di Catania, Singles, M-ITF-ITA-35A",ITF Men,Round of 16,Gabriele Piraino,Alessandro Ingarao,1,false,2,finished,2,0,False,1701252600,Gabriele Piraino,False,home,Alessandro Ingarao,R16,2023-11-29 10:10
P0I6,6,11867472,1701340200,"San Greg. di Catania, Singles, M-ITF-ITA-35A",ITF Men,Quarterfinals,Gabriele Piraino,Filippo Romano,1,false,1,finished,2,0,False,1701340200,Gabriele Piraino,False,home,Filippo Romano,QF,2023-11-30 10:30
P0I6,6,11869203,1701437700,"San Greg. di Catania, Singles, M-ITF-ITA-35A",ITF Men,Semifinals,Salvatore Caruso,Gabriele Piraino,2,false,1,finished,0,2,False,1701437700,Gabriele Piraino,False,away,Salvatore Caruso,SF,2023-12-01 13:35
P0I6,6,11871510,1701513000,"San Greg. di Catania, Singles, M-ITF-ITA-35A",ITF Men,Final,Gabriele Piraino,Pol Martin Tiffon,2,false,1,finished,0,2,False,1701513000,Gabriele Piraino,False,home,Pol Martin Tiffon,F,2023-12-02 10:30
P0I6,7,11368995,1687528800,"Cattolica, Doubles Main, M-ITF-ITA-19A",ITF Men,Final,Piraino G / Romano F,Ricca G / Virgili A,1,false,1,finished,2,0,False,1687528800,Gabriele Piraino,True,,,F,2023-06-23 14:00
P0I6,7,11376286,1687700700,"Modena, Italy, Qualifying",Challenger,Qualification round 1,Mathias Bourgue,Gabriele Piraino,1,false,absent,finished,2,0,False,1687700700,Gabriele Piraino,False,away,Mathias Bourgue,Q1,2023-06-25 13:45
P0I6,7,11397821,1688284800,"Milan, Italy, Qualifying",Challenger,Qualification round 1,Gabriele Piraino,Alex Marti Pujolras,2,false,absent,finished,0,2,False,1688284800,Gabriele Piraino,False,home,Alex Marti Pujolras,Q1,2023-07-02 08:00
P0I6,7,11397753,1688551200,"Milan, Italy, Doubles",Challenger,Round of 16,Popko D / Taberner C,Piraino G / Rottoli L,1,false,absent,finished,2,0,False,1688551200,Gabriele Piraino,True,,,R16,2023-07-05 10:00
P0I6,7,11417366,1688905800,"San Benedetto Del Tronto, Italy, Qualifying",Challenger,Qualification round 1,Gabriele Piraino,Lorenzo Rottoli,1,false,absent,finished,2,0,False,1688905800,Gabriele Piraino,False,home,Lorenzo Rottoli,Q1,2023-07-09 12:30
P0I6,7,11419810,1688988900,"San Benedetto Del Tronto, Italy, Qualifying",Challenger,Qualification round 1,Dmitry Popko,Gabriele Piraino,1,false,absent,finished,2,0,False,1688988900,Gabriele Piraino,False,away,Dmitry Popko,Q1,2023-07-10 11:35
P0I6,7,11424262,1689097500,"San Benedetto Del Tronto, Italy",Challenger,Round of 32,Gabriele Piraino,Ricardas Berankis,2,false,absent,finished,0,2,False,1689097500,Gabriele Piraino,False,home,Ricardas Berankis,R32,2023-07-11 17:45
P0I6,7,11437134,1689670800,"Trieste, Italy",Challenger,Round of 32,Zdenek Kolar,Gabriele Piraino,1,false,absent,finished,2,1,False,1689670800,Gabriele Piraino,False,away,Zdenek Kolar,R32,2023-07-18 09:00
P0I6,7,11436151,1689764100,"Trieste, Italy, Doubles",Challenger,Round of 16,Piraino G / Serafini M,Chepelev A / Golubev D,1,false,absent,finished,2,0,False,1689764100,Gabriele Piraino,True,,,R16,2023-07-19 10:55
P0I6,7,11425260,1689868800,"Trieste, Italy, Doubles",Challenger,Quarterfinals,Piraino G / Serafini M,Bortolotti M / Pellegrino A,2,false,absent,finished,0,2,False,1689868800,Gabriele Piraino,True,,,QF,2023-07-20 16:00
P0I6,7,11468195,1690302600,"Perugia, Doubles Main, M-ITF-ITA-16A",ITF Men,Round of 16,Marino P / Piraino G,Militi Ribaldi A / Perfetti N,2,false,1,finished,1,2,False,1690302600,Gabriele Piraino,True,,,R16,2023-07-25 16:30
P0I6,7,11472430,1690390800,"Perugia, Singles Main, M-ITF-ITA-16A",ITF Men,Round of 32,Luciano Carraro,Gabriele Piraino,2,false,2,finished,0,2,False,1690390800,Gabriele Piraino,False,away,Luciano Carraro,R32,2023-07-26 17:00
P0I6,7,11468862,1690462800,"Perugia, Singles Main, M-ITF-ITA-16A",ITF Men,Round of 16,Niccolo Catini,Gabriele Piraino,2,false,2,finished,0,2,False,1690462800,Gabriele Piraino,False,away,Niccolo Catini,R16,2023-07-27 13:00
P0I6,7,11480525,1690556400,"Perugia, Singles Main, M-ITF-ITA-16A",ITF Men,Quarterfinals,Manuel Mazza,Gabriele Piraino,1,false,1,finished,2,0,False,1690556400,Gabriele Piraino,False,away,Manuel Mazza,QF,2023-07-28 15:00
P0I6,7,11486825,1690718700,"San Marino, San Marino, Qualifying",Challenger,Qualification round 1,Gabriele Piraino,Enrico Dalla Valle,2,false,absent,finished,0,2,False,1690718700,Gabriele Piraino,False,home,Enrico Dalla Valle,Q1,2023-07-30 12:05
P0I6,7,11531665,1691924100,"Todi, Italy, Qualifying",Challenger,Qualification round 1,Miljan Zekic,Gabriele Piraino,1,false,absent,finished,2,0,False,1691924100,Gabriele Piraino,False,away,Miljan Zekic,Q1,2023-08-13 10:55
P0I6,7,11557028,1692529800,"Prague 3, Czech Republic, Qualifying",Challenger,Qualification round 1,Niki Kaliyanda Poonacha,Gabriele Piraino,1,false,absent,finished,2,0,False,1692529800,Gabriele Piraino,False,away,Niki Kaliyanda Poonacha,Q1,2023-08-20 11:10
P0I6,7,11549779,1693276800,"Forli, Singles Main, M-ITF-ITA-24B",ITF Men,Round of 32,Alexander Binda,Gabriele Piraino,2,false,2,finished,0,2,False,1693276800,Gabriele Piraino,False,away,Alexander Binda,R32,2023-08-29 02:40
P0I6,8,11148377,1679473800,"Palmanova, Singles Main, M-ITF-ESP-05A",ITF Men,Round of 32,Gabriele Piraino,Peetu Pohjola,1,false,1,finished,2,0,False,1679473800,Gabriele Piraino,False,home,Peetu Pohjola,R32,2023-03-22 08:30
P0I6,8,11148383,1679499000,"Palmanova, Doubles Main, M-ITF-ESP-05A",ITF Men,Round of 16,Ferrari G / Piraino G,D. Sakellaridis / S. Sakellaridis,1,false,1,finished,2,1,False,1679499000,Gabriele Piraino,True,,,R16,2023-03-22 15:30
P0I6,8,11150273,1679572200,"Palmanova, Singles Main, M-ITF-ESP-05A",ITF Men,Round of 16,Max Houkes,Gabriele Piraino,1,false,1,finished,2,0,False,1679572200,Gabriele Piraino,False,away,Max Houkes,R16,2023-03-23 11:50
P0I6,8,11151193,1679581800,"Palmanova, Doubles Main, M-ITF-ESP-05A",ITF Men,Quarterfinals,Ferrari G / Piraino G,Bonsach Ganley K / Callejon Hernando S,1,false,1,finished,2,0,False,1679581800,Gabriele Piraino,True,,,QF,2023-03-23 14:30
P0I6,8,11152872,1679669100,"Palmanova, Doubles Main, M-ITF-ESP-05A",ITF Men,Semifinals,Jecan M-A / Wehnelt K,Ferrari G / Piraino G,1,false,1,finished,2,0,False,1679669100,Gabriele Piraino,True,,,SF,2023-03-24 14:45
P0I6,8,11183930,1680435600,"Barletta, Italy, Qualifying",Challenger,Qualification round 1,Gabriele Piraino,Sumit Nagal,1,false,absent,finished,2,0,False,1680435600,Gabriele Piraino,False,home,Sumit Nagal,Q1,2023-04-02 11:40
P0I6,8,11186077,1680517800,"Barletta, Italy, Qualifying",Challenger,Qualification round 1,Jeremy Jahn,Gabriele Piraino,2,false,absent,finished,0,2,False,1680517800,Gabriele Piraino,False,away,Jeremy Jahn,Q1,2023-04-03 10:30
P0I6,8,11188091,1680607800,"Barletta, Italy",Challenger,Round of 32,Gabriele Piraino,Nicholas David Ionel,2,false,absent,finished,1,2,False,1680607800,Gabriele Piraino,False,home,Nicholas David Ionel,R32,2023-04-04 11:30
P0I6,8,11202600,1681214400,"Santa Margherita Di Pula, Singles Main, M-ITF-ITA-",ITF Men,Round of 32,Gabriele Piraino,Gonçalo Oliveira,2,false,2,finished,0,2,False,1681214400,Gabriele Piraino,False,home,Gonçalo Oliveira,R32,2023-04-11 12:00
P0I6,8,11204259,1681313400,"Santa Margherita Di Pula, Doubles Main, M-ITF-ITA-",ITF Men,Round of 16,Hermans M / Veldheer M,Piraino G / Tabacco G,1,false,1,finished,2,0,False,1681313400,Gabriele Piraino,True,,,R16,2023-04-12 15:30
P0I6,8,11214162,1681632000,"Roseto Degli Abruzzi, Italy, Qualifying",Challenger,Qualification round 1,Gianluca Di Nicola,Gabriele Piraino,2,false,absent,finished,0,2,False,1681632000,Gabriele Piraino,False,away,Gianluca Di Nicola,Q1,2023-04-16 08:00
P0I6,8,11216156,1681826100,"Roseto Degli Abruzzi, Italy, Qualifying",Challenger,Qualification round 1,Remy Bertola,Gabriele Piraino,2,false,absent,finished,1,2,False,1681826100,Gabriele Piraino,False,away,Remy Bertola,Q1,2023-04-18 13:55
P0I6,8,11221592,1681907700,"Roseto Degli Abruzzi, Italy",Challenger,Round of 32,Jesper De Jong,Gabriele Piraino,1,false,absent,finished,2,1,False,1681907700,Gabriele Piraino,False,away,Jesper De Jong,R32,2023-04-19 12:35
P0I6,8,11223887,1681922700,"Roseto Degli Abruzzi, Italy, Doubles",Challenger,Round of 16,Arnaboldi F / Ferrari G,Moroni G M / Piraino G,1,false,absent,finished,absent,absent,False,1681922700,Gabriele Piraino,True,,,R16,2023-04-19 16:45
P0I6,8,11231215,1682343000,"Rome, Italy",Challenger,Round of 32,Nerman Fatić,Gabriele Piraino,2,false,absent,finished,0,0,False,1682343000,Gabriele Piraino,False,away,Nerman Fatić,R32,2023-04-24 13:30
P0I6,8,11222480,1682496000,"Rome, Italy",Challenger,Round of 16,Gabriele Piraino,Joris De Loore,2,false,absent,finished,1,2,False,1682496000,Gabriele Piraino,False,home,Joris De Loore,R16,2023-04-26 08:00
P0I6,8,11237673,1682504400,"Rome, Italy, Doubles",Challenger,Round of 16,Caruso S / Piraino G,Cervantes Huegun I / Roca Batalla O,absent,false,absent,canceled,absent,absent,False,1682504400,Gabriele Piraino,True,,,R16,2023-04-26 10:20
P0I6,9,10623546,1662028800,"Como, Italy, Doubles",Challenger,Quarterfinals,Ferrari G / Piraino G,Durasovic V / Virtanen O,2,false,absent,finished,0,2,False,1662028800,Gabriele Piraino,True,,,QF,2022-09-01 10:40
P0I6,9,10682024,1663077300,"S. Margherita Di Pula, Singles Main, M-ITF-ITA-17A",ITF Men,Round of 32,Marco Dessi,Gabriele Piraino,2,false,2,finished,0,2,False,1663077300,Gabriele Piraino,False,away,Marco Dessi,R32,2022-09-13 13:55
P0I6,9,10682029,1663091700,"S. Margherita Di Pula, Doubles Main, M-ITF-ITA-17A",ITF Men,Round of 16,Di Natale G M / Martini O,Piraino G / Tabacco G,2,false,2,finished,0,2,False,1663091700,Gabriele Piraino,True,,,R16,2022-09-13 17:55
P0I6,9,10685005,1663164300,"S. Margherita Di Pula, Singles Main, M-ITF-ITA-17A",ITF Men,Round of 16,Gabriele Piraino,Stefano Napolitano,2,false,1,finished,0,2,False,1663164300,Gabriele Piraino,False,home,Stefano Napolitano,R16,2022-09-14 14:05
P0I6,9,10685064,1663250400,"S. Margherita Di Pula, Doubles Main, M-ITF-ITA-17A",ITF Men,Quarterfinals,La Vela G / Lopez Montagud C,Piraino G / Tabacco G,2,false,2,finished,1,2,False,1663250400,Gabriele Piraino,True,,,QF,2022-09-15 14:00
P0I6,9,10689419,1663342800,"S. Margherita Di Pula, Doubles Main, M-ITF-ITA-17A",ITF Men,Semifinals,Piraino G / Tabacco G,Baroni N / Papagno S,2,false,absent,finished,absent,absent,False,1663342800,Gabriele Piraino,True,,,SF,2022-09-16 15:40
P0I6,9,10693214,1663494300,"Genoa, Italy, Qualifying",Challenger,Qualification round 1,Filippo Verdese,Gabriele Piraino,2,false,absent,finished,0,2,False,1663494300,Gabriele Piraino,False,away,Filippo Verdese,Q1,2022-09-18 09:45
P0I6,9,10694572,1663574400,"Genoa, Italy, Qualifying",Challenger,Qualification round 1,Alexander Weis,Gabriele Piraino,2,false,absent,finished,1,2,False,1663574400,Gabriele Piraino,False,away,Alexander Weis,Q1,2022-09-19 08:00
P0I6,9,10697271,1663684200,"Genoa, Italy",Challenger,Round of 32,Gabriele Piraino,Matteo Martineau,1,false,absent,finished,2,1,False,1663684200,Gabriele Piraino,False,home,Matteo Martineau,R32,2022-09-20 14:30
P0I6,9,10685549,1663867800,"Genoa, Italy",Challenger,Round of 16,Dušan Lajović,Gabriele Piraino,1,false,absent,finished,2,0,False,1663867800,Gabriele Piraino,False,away,Dušan Lajović,R16,2022-09-22 17:30
P0I6,9,10730537,1664697600,"Parma II, Italy, Qualifying",Challenger,Qualification round 1,Mate Valkusz,Gabriele Piraino,1,false,absent,finished,2,1,False,1664697600,Gabriele Piraino,False,away,Mate Valkusz,Q1,2022-10-02 08:00
P0I6,9,10750423,1665406500,"S. MARGHERITA DI PULA, Singles Main, M-ITF-ITA-21A",ITF Men,Round of 32,Gabriele Piraino,Francesco Forti,2,false,1,finished,1,2,False,1665406500,Gabriele Piraino,False,home,Francesco Forti,R32,2022-10-10 12:55
P0I6,9,10752759,1665511500,"S. MARGHERITA DI PULA, Doubles Main, M-ITF-ITA-21A",ITF Men,Round of 16,Mazza M / Piraino G,Almasi A / Alonso Vivanco J,1,false,1,finished,2,0,False,1665511500,Gabriele Piraino,True,,,R16,2022-10-11 18:05
P0I6,9,10768830,1665679500,"S. MARGHERITA DI PULA, Doubles Main, M-ITF-ITA-21A",ITF Men,Quarterfinals,Bertuccioli F / Dalla Valle E,Mazza M / Piraino G,1,false,absent,finished,2,0,False,1665679500,Gabriele Piraino,True,,,QF,2022-10-13 16:45
P0I6,9,10819096,1666106700,"S. Margherita di Pula, Singles Main, M-ITF-ITA-22A",ITF Men,Round of 32,Gabriele Piraino,Stefanos Sakellaridis,1,false,2,finished,2,1,False,1666106700,Gabriele Piraino,False,home,Stefanos Sakellaridis,R32,2022-10-18 15:25
P0I6,9,10825918,1666188300,"S. Margherita di Pula, Singles Main, M-ITF-ITA-22A",ITF Men,Round of 16,Gabriele Piraino,Alexander Weis,2,false,2,finished,1,2,False,1666188300,Gabriele Piraino,False,home,Alexander Weis,R16,2022-10-19 14:05
P0I6,9,10796629,1666281600,"S. Margherita di Pula, Doubles Main, M-ITF-ITA-22A",ITF Men,Round of 16,Libietis M / Stodder T,La Vela G / Piraino G,1,false,2,finished,absent,absent,False,1666281600,Gabriele Piraino,True,,,R16,2022-10-20 16:00
P0I6,10,10333741,1653467700,"Antalya, Singles M-ITF-TUR-20A",ITF Men,Round of 32,Gabriele Piraino,Luis Francisco,1,false,1,finished,2,0,False,1653467700,Gabriele Piraino,False,home,Luis Francisco,R32,2022-05-25 08:35
P0I6,10,10335725,1653556200,"Antalya, Singles M-ITF-TUR-20A",ITF Men,Round of 16,Gabriele Piraino,Benito Sanchez Martinez,1,false,2,finished,2,0,False,1653556200,Gabriele Piraino,False,home,Benito Sanchez Martinez,R16,2022-05-26 09:10
P0I6,10,10337455,1653643500,"Antalya, Singles M-ITF-TUR-20A",ITF Men,Quarterfinals,Gabriele Piraino,Ignacio Carou,2,false,2,finished,0,2,False,1653643500,Gabriele Piraino,False,home,Ignacio Carou,QF,2022-05-27 09:25
P0I6,10,10357380,1654430400,"Perugia, Italy, Qualifying",Challenger,absent,Gabriele Piraino,Nicolas Barrientos,1,false,absent,finished,2,0,False,1654430400,Gabriele Piraino,False,home,Nicolas Barrientos,Q,2022-06-05 12:00
P0I6,10,10374064,1655037000,"Parma, Italy, Qualifying",Challenger,Qualification round 1,Gabriele Piraino,Nicolas Barrientos,2,false,absent,finished,1,2,False,1655037000,Gabriele Piraino,False,home,Nicolas Barrientos,Q1,2022-06-12 12:30
P0I6,10,10433258,1657014000,"Italy F9, Singles",ITF Men,Round of 32,Gabriele Piraino,Lorenzo Bresciani,1,false,1,finished,2,0,False,1657014000,Gabriele Piraino,False,home,Lorenzo Bresciani,R32,2022-07-05 09:40
P0I6,10,10433259,1657036200,"Casinalbo, Doubles, 2022 Italy F9, Doubles",ITF Men,Round of 16,Pecci A / Piraino G,Stevenson K / Wendelken H,2,false,1,finished,0,2,False,1657036200,Gabriele Piraino,True,,,R16,2022-07-05 15:50
P0I6,10,10438400,1657116000,"Italy F9, Singles",ITF Men,Round of 16,Gabriele Piraino,Edoardo Lavagno,1,false,2,finished,2,0,False,1657116000,Gabriele Piraino,False,home,Edoardo Lavagno,R16,2022-07-06 14:00
P0I6,10,10441446,1657207500,"Italy F9, Singles",ITF Men,Quarterfinals,Francesco Forti,Gabriele Piraino,1,false,1,finished,2,0,False,1657207500,Gabriele Piraino,False,away,Francesco Forti,QF,2022-07-07 15:25
P0I6,10,10488665,1658170800,"Italy F10, Singles",ITF Men,Round of 32,Gabriele Piraino,Gonzalo Bueno,1,false,2,finished,2,1,False,1658170800,Gabriele Piraino,False,home,Gonzalo Bueno,R32,2022-07-18 19:00
P0I6,10,10498819,1658320200,"Italy F10, Singles",ITF Men,Round of 16,Kristjan Tamm,Gabriele Piraino,2,false,2,finished,0,2,False,1658320200,Gabriele Piraino,False,away,Kristjan Tamm,R16,2022-07-20 12:30
P0I6,10,10497194,1658330700,"Italy F10, Doubles",ITF Men,Round of 16,Catani L / Guerrieri A,Forti F / Piraino G,2,false,1,finished,0,2,False,1658330700,Gabriele Piraino,True,,,R16,2022-07-20 15:25
P0I6,10,10502004,1658426400,"Italy F10, Doubles",ITF Men,Quarterfinals,Ciavarella N / Minighini D,Forti F / Piraino G,2,false,2,finished,0,2,False,1658426400,Gabriele Piraino,True,,,QF,2022-07-21 18:00
P0I6,10,10506907,1658498400,"Italy F10, Doubles",ITF Men,Semifinals,Langmo C / Potenza L,Forti F / Piraino G,2,false,2,finished,1,2,False,1658498400,Gabriele Piraino,True,,,SF,2022-07-22 14:00
P0I6,10,10507177,1658518200,"Italy F10, Singles",ITF Men,Quarterfinals,Gabriele Piraino,Gabriel Debru,2,false,1,finished,0,2,False,1658518200,Gabriele Piraino,False,home,Gabriel Debru,QF,2022-07-22 19:30
P0I6,10,10509618,1658604600,"Italy F10, Doubles",ITF Men,Final,Bueno G / Guillen Meza A,Forti F / Piraino G,1,false,absent,finished,absent,absent,False,1658604600,Gabriele Piraino,True,,,F,2022-07-23 19:30
P0I6,10,10557821,1660133700,"Italy F12, Singles",ITF Men,Round of 32,Duje Ajduković,Gabriele Piraino,2,false,2,finished,1,2,False,1660133700,Gabriele Piraino,False,away,Duje Ajduković,R32,2022-08-10 12:15
P0I6,11,10178206,1646826000,"Roseto Degli Abruzzi, Italy, Doubles",Challenger,Round of 16,Nys H / Zielinski J,Maestrelli F / Piraino G,1,false,absent,finished,2,0,False,1646826000,Gabriele Piraino,True,,,R16,2022-03-09 11:40
P0I6,11,10190367,1647245700,"Spain F5, Singles Qualifying",ITF Men,Qualification,Gabriele Piraino,Stefan Cizelj-Živković,1,false,absent,finished,2,0,False,1647245700,Gabriele Piraino,False,home,Stefan Cizelj-Živković,Q,2022-03-14 08:15
P0I6,11,10192695,1647261000,"Spain F5, Singles Qualifying",ITF Men,Qualification,Gabriele Piraino,Daniel Bagnolini,1,false,absent,finished,2,0,False,1647261000,Gabriele Piraino,False,home,Daniel Bagnolini,Q,2022-03-14 12:30
P0I6,11,10193641,1647336600,"Spain F5, Singles Qualifying",ITF Men,Qualification,Gabriele Piraino,Manuel Mazza,2,false,absent,finished,1,2,False,1647336600,Gabriele Piraino,False,home,Manuel Mazza,Q,2022-03-15 09:30
P0I6,11,10193532,1647358200,"Palmanova, Doubles, 2022 Spain F5, Doubles",ITF Men,Round of 16,Friberg K / Martinez M,Giacalone O / Piraino G,absent,false,absent,canceled,absent,absent,False,1647358200,Gabriele Piraino,True,,,R16,2022-03-15 15:30
P0I6,11,10203380,1647775800,"Palmanova, Singles Qualifying M-ITF-ESP-04A",ITF Men,Qualification,Gabriele Piraino,John Sperle,1,false,absent,finished,2,0,False,1647775800,Gabriele Piraino,False,home,John Sperle,Q,2022-03-20 11:30
P0I6,11,10205402,1647862200,"Palmanova, Singles Qualifying M-ITF-ESP-04A",ITF Men,Qualification,Gabriele Piraino,Scott Duncan,1,false,absent,finished,2,0,False,1647862200,Gabriele Piraino,False,home,Scott Duncan,Q,2022-03-21 11:30
P0I6,11,10207152,1647936000,"Palmanova, Singles Qualifying M-ITF-ESP-04A",ITF Men,Qualification,Gabriele Piraino,Manuel Mazza,1,false,absent,finished,2,1,False,1647936000,Gabriele Piraino,False,home,Manuel Mazza,Q,2022-03-22 08:00
P0I6,11,10207145,1647957600,"Palmanova, Doubles M-ITF-ESP-04A",ITF Men,Round of 16,Lopez Morillo I / Martinez M,Picchione A / Piraino G,2,false,1,finished,1,2,False,1647957600,Gabriele Piraino,True,,,R16,2022-03-22 14:00
P0I6,11,10209394,1648022400,"Palmanova, Singles M-ITF-ESP-04A",ITF Men,Round of 32,Gabriele Piraino,Stefan Palosi,1,false,1,finished,2,0,False,1648022400,Gabriele Piraino,False,home,Stefan Palosi,R32,2022-03-23 08:00
P0I6,11,10209876,1648040400,"Palmanova, Doubles M-ITF-ESP-04A",ITF Men,Quarterfinals,Picchione A / Piraino G,Barreto Sanchez D A / Blanch D,1,false,1,finished,2,0,False,1648040400,Gabriele Piraino,True,,,QF,2022-03-23 13:00
P0I6,11,10211313,1648137600,"Palmanova, Singles M-ITF-ESP-04A",ITF Men,Round of 16,Benjamin Winter Lopez,Gabriele Piraino,1,false,2,finished,2,1,False,1648137600,Gabriele Piraino,False,away,Benjamin Winter Lopez,R16,2022-03-24 16:00
P0I6,11,10212795,1648220400,"Palmanova, Doubles M-ITF-ESP-04A",ITF Men,Semifinals,Cuevas M / Marti Pujolras A,Picchione A / Piraino G,2,false,1,finished,0,2,False,1648220400,Gabriele Piraino,True,,,SF,2022-03-25 15:00
P0I6,11,10217723,1648300500,"Palmanova, Doubles M-ITF-ESP-04A",ITF Men,Final,Picchione A / Piraino G,Lopez Montagud C / Winter López B,1,false,2,finished,2,0,False,1648300500,Gabriele Piraino,True,,,F,2022-03-26 13:15
P0I6,11,10246504,1649687400,"Santa Margherita Di Pula, Singles M-ITF-ITA-03A",ITF Men,Round of 32,Omar Giacalone,Gabriele Piraino,1,false,1,finished,2,0,False,1649687400,Gabriele Piraino,False,away,Omar Giacalone,R32,2022-04-11 14:30
P0I6,11,10247085,1649721600,"Santa Margherita Di Pula, Doubles M-ITF-ITA-03A",ITF Men,Round of 16,Piraino G / Tabacco F,Elias Hanni F / Ventura L E,1,false,2,finished,2,0,False,1649721600,Gabriele Piraino,True,,,R16,2022-04-12 00:00
P0I6,12,9780729,1630933200,"Ulcinj, Singles Qualifying M-ITF-MNE-02A",ITF Men,Qualification,Gabriele Piraino,Tomislav Jotovski,1,false,absent,finished,2,0,False,1630933200,Gabriele Piraino,False,home,Tomislav Jotovski,Q,2021-09-06 13:00
P0I6,12,9782020,1631016000,"Ulcinj, Doubles M-ITF-MNE-02A",ITF Men,Round of 16,Piraino G / Vincent Ruggeri S,Cungu R / Durguti B,1,false,absent,finished,absent,absent,False,1631016000,Gabriele Piraino,True,,,R16,2021-09-07 12:00
P0I6,12,9782965,1631094900,"Ulcinj, Singles M-ITF-MNE-02A",ITF Men,Round of 32,Gabriele Piraino,Edoardo Lavagno,2,false,1,finished,0,2,False,1631094900,Gabriele Piraino,False,home,Edoardo Lavagno,R32,2021-09-08 09:55
P0I6,12,9784607,1631198700,"Ulcinj, Doubles M-ITF-MNE-02A",ITF Men,Quarterfinals,Piraino G / Vincent Ruggeri S,Kijametovic A / Liutarevich I,2,false,1,finished,0,2,False,1631198700,Gabriele Piraino,True,,,QF,2021-09-09 14:45
P0I6,12,9796802,1631520000,"Ulcinj, Singles Qualifying M-ITF-MNE-04A",ITF Men,Qualification,Leonardo Rossi,Gabriele Piraino,2,false,absent,finished,0,2,False,1631520000,Gabriele Piraino,False,away,Leonardo Rossi,Q,2021-09-13 08:00
P0I6,12,9797597,1631541600,"Ulcinj, Singles Qualifying M-ITF-MNE-04A",ITF Men,Qualification,Alexandre Aubriot,Gabriele Piraino,2,false,absent,finished,0,2,False,1631541600,Gabriele Piraino,False,away,Alexandre Aubriot,Q,2021-09-13 14:00
P0I6,12,9798764,1631692800,"Ulcinj, Singles M-ITF-MNE-04A",ITF Men,Round of 32,Gabriele Piraino,Edoardo Zanada,1,false,2,finished,2,1,False,1631692800,Gabriele Piraino,False,home,Edoardo Zanada,R32,2021-09-15 08:00
P0I6,12,9803073,1631712600,"Ulcinj, Doubles M-ITF-MNE-04A",ITF Men,Round of 16,Ingarao A / Piraino G,Serafini M / Vincent Ruggeri S,2,false,2,finished,1,2,False,1631712600,Gabriele Piraino,True,,,R16,2021-09-15 13:30
P0I6,12,9804388,1631779200,"Ulcinj, Singles M-ITF-MNE-04A",ITF Men,Round of 16,Alejo Lorenzo Lingua Lavallen,Gabriele Piraino,1,false,1,finished,2,0,False,1631779200,Gabriele Piraino,False,away,Alejo Lorenzo Lingua Lavallen,R16,2021-09-16 08:00
P0I6,12,9816528,1632218100,"Ulcinj, Singles M-ITF-MNE-03A",ITF Men,Round of 32,Gabriele Piraino,Alexis Musialek,2,false,1,finished,1,2,False,1632218100,Gabriele Piraino,False,home,Alexis Musialek,R32,2021-09-21 09:55
P0I6,12,9819268,1632313200,"Ulcinj, Doubles M-ITF-MNE-03A",ITF Men,Round of 16,Massara A / Piraino G,Kecojevic M / Loosen T,1,false,1,finished,2,0,False,1632313200,Gabriele Piraino,True,,,R16,2021-09-22 12:20
P0I6,12,9826306,1632394800,"Ulcinj, Doubles M-ITF-MNE-03A",ITF Men,Quarterfinals,Massara A / Piraino G,Jovanovic P / Petrovic D,1,false,2,finished,2,1,False,1632394800,Gabriele Piraino,True,,,QF,2021-09-23 11:00
P0I6,12,9833237,1632479400,"Ulcinj, Doubles M-ITF-MNE-03A",ITF Men,Semifinals,Massara A / Piraino G,MA W / Romios M,2,false,absent,finished,absent,absent,False,1632479400,Gabriele Piraino,True,,,SF,2021-09-24 10:30
P0I6,12,10060756,1641981600,"Tunisia F6, Singles",ITF Men,Round of 32,Gabriele Piraino,Boris Butulija,1,false,1,finished,2,0,False,1641981600,Gabriele Piraino,False,home,Boris Butulija,R32,2022-01-12 10:00
P0I6,12,10064635,1642159800,"Tunisia F6, Singles",ITF Men,Round of 16,Gabriele Piraino,Valentin Vacherot,2,false,2,finished,0,2,False,1642159800,Gabriele Piraino,False,home,Valentin Vacherot,R16,2022-01-14 11:30
P0I6,12,10062179,1642240500,"Monastir, Doubles, 2022 Tunisia F6, Doubles",ITF Men,Round of 16,Marino P / Piraino G,Brugnerotto M / Pozzi D,1,false,2,finished,2,1,False,1642240500,Gabriele Piraino,True,,,R16,2022-01-15 09:55
P0I6,13,9515038,1620740400,"Antalya, Doubles M-ITF-TUR-19A",ITF Men,Round of 16,Michalski D / Pichler D,Massara A / Piraino G,2,false,2,finished,0,2,False,1620740400,Gabriele Piraino,True,,,R16,2021-05-11 13:40
P0I6,13,9518079,1620910800,"Antalya, Doubles M-ITF-TUR-19A",ITF Men,Quarterfinals,Massara A / Piraino G,Hardt N / Nakagawa N,2,false,1,finished,0,2,False,1620910800,Gabriele Piraino,True,,,QF,2021-05-13 13:00
P0I6,13,9571136,1623654000,"Genova, Singles Qualifying M-ITF-ITA-05A",ITF Men,Qualification,Simone Roncalli,Gabriele Piraino,2,false,absent,finished,2,6,False,1623654000,Gabriele Piraino,False,away,Simone Roncalli,Q,2021-06-14 07:00
P0I6,13,9573398,1623756900,"Genova, Singles Qualifying M-ITF-ITA-05A",ITF Men,Qualification,Gabriele Piraino,Jeffrey von der Schulenburg,2,false,1,finished,0,2,False,1623756900,Gabriele Piraino,False,home,Jeffrey von der Schulenburg,Q,2021-06-15 11:35
P0I6,13,9575272,1623782700,"Genova, Doubles M-ITF-ITA-05A",ITF Men,Round of 16,Piraino G / Tabacco G,Cortimiglia D / Lippolis T,1,false,2,finished,2,0,False,1623782700,Gabriele Piraino,True,,,R16,2021-06-15 18:45
P0I6,13,9575791,1623936000,"Genova, Doubles M-ITF-ITA-05A",ITF Men,Quarterfinals,Monzon I / Otegui J B,Piraino G / Tabacco G,1,false,2,finished,2,0,False,1623936000,Gabriele Piraino,True,,,QF,2021-06-17 13:20
P0I6,13,9583828,1624311900,"Bergamo, Singles Qualifying M-ITF-ITA-04A",ITF Men,Qualification,Edoardo Lavagno,Gabriele Piraino,2,false,2,finished,1,2,False,1624311900,Gabriele Piraino,False,away,Edoardo Lavagno,Q,2021-06-21 21:45
P0I6,13,9586392,1624372500,"Bergamo, Singles Qualifying M-ITF-ITA-04A",ITF Men,Qualification,Gabriele Piraino,Lorenzo Bocchi,2,false,2,finished,1,2,False,1624372500,Gabriele Piraino,False,home,Lorenzo Bocchi,Q,2021-06-22 14:35
P0I6,13,9585822,1624398000,"Bergamo, Doubles M-ITF-ITA-04A",ITF Men,Round of 16,Capecchi D / Potenza L,Perego G / Piraino G,1,false,1,finished,2,0,False,1624398000,Gabriele Piraino,True,,,R16,2021-06-22 21:40
P0I6,13,9608594,1625309100,"Wimbledon, Boys, Qualifying",Juniors,Qualification,Aidan Kim,Gabriele Piraino,2,false,absent,finished,0,2,False,1625309100,Gabriele Piraino,False,away,Aidan Kim,Q,2021-07-03 10:45
P0I6,13,9609423,1625391000,"Wimbledon, Boys, Qualifying",Juniors,Qualification,Gabriele Piraino,Orel Kimhi,2,false,absent,finished,1,2,False,1625391000,Gabriele Piraino,False,home,Orel Kimhi,Q,2021-07-04 09:30
P0I6,13,9650280,1626622200,"Perugia, Singles Qualifying M-ITF-ITA-07A",ITF Men,Qualification,Gabriele Piraino,Augusto Virgili,1,false,absent,finished,2,0,False,1626622200,Gabriele Piraino,False,home,Augusto Virgili,Q,2021-07-18 15:30
P0I6,13,9652036,1626696000,"Perugia, Singles Qualifying M-ITF-ITA-07A",ITF Men,Qualification,Giorgio Tabacco,Gabriele Piraino,2,false,absent,finished,0,2,False,1626696000,Gabriele Piraino,False,away,Giorgio Tabacco,Q,2021-07-19 12:00
P0I6,13,9654100,1626771600,"Perugia, Singles Qualifying M-ITF-ITA-07A",ITF Men,Qualification,Gabriele Piraino,Luca Tomasetto,1,false,2,finished,2,0,False,1626771600,Gabriele Piraino,False,home,Luca Tomasetto,Q,2021-07-20 09:00
P0I6,13,9654112,1626796200,"Perugia, Doubles M-ITF-ITA-07A",ITF Men,Round of 16,Musialek A / Virgili A,Perego G / Piraino G,1,false,1,finished,2,0,False,1626796200,Gabriele Piraino,True,,,R16,2021-07-20 15:50
P0I6,13,9657419,1626867900,"Perugia, Singles M-ITF-ITA-07A",ITF Men,Round of 32,Gabriele Piraino,Davide Galoppini,1,false,2,finished,2,1,False,1626867900,Gabriele Piraino,False,home,Davide Galoppini,R32,2021-07-21 11:45
P0I6,14,9501358,1619935200,"Antalya, Singles Qualifying M-ITF-TUR-18A",ITF Men,Qualification,Juan Ignacio Orzabal Gabrielli,Gabriele Piraino,2,false,absent,finished,0,2,False,1619935200,Gabriele Piraino,False,away,Juan Ignacio Orzabal Gabrielli,Q,2021-05-02 06:00
P0I6,14,9502104,1620025200,"Antalya, Singles Qualifying M-ITF-TUR-18A",ITF Men,Qualification,Gabriele Piraino,Vladimir Korolev,1,false,absent,finished,2,0,False,1620025200,Gabriele Piraino,False,home,Vladimir Korolev,Q,2021-05-03 07:00
P0I6,14,9503698,1620111600,"Antalya, Singles Qualifying M-ITF-TUR-18A",ITF Men,Qualification,Mats Rosenkranz,Gabriele Piraino,2,false,absent,finished,0,2,False,1620111600,Gabriele Piraino,False,away,Mats Rosenkranz,Q,2021-05-04 07:00
P0I6,14,9505552,1620223500,"Antalya, Singles M-ITF-TUR-18A",ITF Men,Round of 32,Renta Tokuda,Gabriele Piraino,2,false,2,finished,1,1,False,1620223500,Gabriele Piraino,False,away,Renta Tokuda,R32,2021-05-05 14:05
P0I6,14,9507168,1620301200,"Antalya, Singles M-ITF-TUR-18A",ITF Men,Round of 16,Gabriele Piraino,Adrian Andreev,2,false,1,finished,0,2,False,1620301200,Gabriele Piraino,False,home,Adrian Andreev,R16,2021-05-06 11:40
P0I6,14,9511811,1620543600,"Antalya, Singles Qualifying M-ITF-TUR-19A",ITF Men,Qualification,Gabriele Piraino,Lukas Pokorny,1,false,absent,finished,2,1,False,1620543600,Gabriele Piraino,False,home,Lukas Pokorny,Q,2021-05-09 07:00
P0I6,14,9512929,1620630000,"Antalya, Singles Qualifying M-ITF-TUR-19A",ITF Men,Qualification,Sandro Kopp,Gabriele Piraino,1,false,absent,finished,2,0,False,1620630000,Gabriele Piraino,False,away,Sandro Kopp,Q,2021-05-10 07:00
S0GZ,0,16287086,1780993800,"Lyon, France",Challenger,Round of 32,Robin Bertrand,Nikolas Sanchez Izquierdo,2,false,2,finished,0,2,False,1780993800,Nikolas Sanchez Izquierdo,False,away,Robin Bertrand,R32,2026-06-09 08:30
S0GZ,0,16272814,1781100300,"Lyon, France",Challenger,Round of 16,Nikolas Sanchez Izquierdo,Luca Van Assche,1,false,absent,finished,2,1,False,1781100300,Nikolas Sanchez Izquierdo,False,home,Luca Van Assche,R16,2026-06-10 14:05
S0GZ,0,16286690,1781112600,"Lyon, France, Doubles",Challenger,Round of 16,Dev S D P / Sinha N K,Martinez P / Sanchez Izquierdo N,absent,false,absent,canceled,absent,absent,False,1781112600,Nikolas Sanchez Izquierdo,True,,,R16,2026-06-10 17:30
S0GZ,0,16272821,1781261100,"Lyon, France",Challenger,Quarterfinals,Tristan Boyer,Nikolas Sanchez Izquierdo,1,false,1,finished,2,1,False,1781261100,Nikolas Sanchez Izquierdo,False,away,Tristan Boyer,QF,2026-06-12 10:45
S0GZ,0,16324584,1781535000,"Parma, Italy",Challenger,Round of 32,Nikolas Sanchez Izquierdo,Luca Van Assche,2,false,2,finished,1,2,False,1781535000,Nikolas Sanchez Izquierdo,False,home,Luca Van Assche,R32,2026-06-15 14:50
S0GZ,0,16323992,1781683200,"Parma, Italy, Doubles",Challenger,Round of 16,Brancaccio R / Damas M,Martinez P / Sanchez Izquierdo N,absent,false,absent,canceled,absent,absent,False,1781683200,Nikolas Sanchez Izquierdo,True,,,R16,2026-06-17 08:00
S0GZ,0,16342483,1781712300,"Parma, Italy, Doubles",Challenger,Round of 16,Bar Biryukov P / Gadamauri B,Martinez P / Sanchez Izquierdo N,absent,false,absent,canceled,absent,absent,False,1781712300,Nikolas Sanchez Izquierdo,True,,,R16,2026-06-17 16:05
S0GZ,0,16373466,1782126600,"Wimbledon, London, GB, Qualifying, 1st - 2nd Round",ATP,Qualification Round 1,Nikolas Sanchez Izquierdo,Soonwoo Kwon,2,false,2,finished,0,2,False,1782126600,Nikolas Sanchez Izquierdo,False,home,Soonwoo Kwon,Q1,2026-06-22 11:10
S0GZ,0,16445248,1783417200,"Trieste, Italy",Challenger,Round of 32,Nikolas Sanchez Izquierdo,Dylan Dietrich,1,false,1,finished,2,1,False,1783417200,Nikolas Sanchez Izquierdo,False,home,Dylan Dietrich,R32,2026-07-07 09:40
S0GZ,0,16451095,1783435800,"Trieste, Italy, Doubles",Challenger,Round of 16,Brancaccio R / Sanchez Izquierdo N,Fuchs Z / Thayne W,2,false,absent,finished,absent,absent,False,1783435800,Nikolas Sanchez Izquierdo,True,,,R16,2026-07-07 14:50
S0GZ,0,16425162,1783613100,"Trieste, Italy",Challenger,Round of 16,Nikolas Sanchez Izquierdo,Alex Barrena,1,false,1,finished,2,0,False,1783613100,Nikolas Sanchez Izquierdo,False,home,Alex Barrena,R16,2026-07-09 16:05
S0GZ,0,16425146,1783697700,"Trieste, Italy",Challenger,Quarterfinals,Nikolas Sanchez Izquierdo,Hugo Dellien,2,false,2,finished,1,2,False,1783697700,Nikolas Sanchez Izquierdo,False,home,Hugo Dellien,QF,2026-07-10 15:35
S0GZ,0,16487199,1783788900,"Umag, Croatia, Qualifying",ATP,Qualification Round 1,Norbert Gombos,Nikolas Sanchez Izquierdo,2,false,2,finished,0,2,False,1783788900,Nikolas Sanchez Izquierdo,False,away,Norbert Gombos,Q1,2026-07-11 16:55
S0GZ,0,16496676,1783868400,"Umag, Croatia, Qualifying",ATP,Qualification Final,Juan Carlos Prado Angelo,Nikolas Sanchez Izquierdo,1,false,1,finished,2,0,False,1783868400,Nikolas Sanchez Izquierdo,False,away,Juan Carlos Prado Angelo,Q,2026-07-12 15:00
S0GZ,0,16565985,1784629800,"Tampere, Finland",Challenger,Round of 32,Nikolas Sanchez Izquierdo,Eero Vasa,2,false,1,finished,1,2,False,1784629800,Nikolas Sanchez Izquierdo,False,home,Eero Vasa,R32,2026-07-21 10:30
S0GZ,0,16562599,1784722200,"Tampere, Finland, Doubles",Challenger,Round of 16,Jans J / Visker N,Olivieri G A / Sanchez Izquierdo N,absent,false,absent,canceled,absent,absent,False,1784722200,Nikolas Sanchez Izquierdo,True,,,R16,2026-07-22 12:10
S0GZ,0,16762951,1786453200,"Todi, Italy",Challenger,Round of 32,Nikolas Sanchez Izquierdo,Gabriele Piraino,1,false,1,finished,2,0,False,1786453200,Nikolas Sanchez Izquierdo,False,home,Gabriele Piraino,R32,2026-08-11 13:00
S0GZ,0,16728382,1786548900,"Todi, Italy",Challenger,Round of 16,Nikolas Sanchez Izquierdo,Maxim Mrva,2,false,2,finished,1,2,False,1786548900,Nikolas Sanchez Izquierdo,False,home,Maxim Mrva,R16,2026-08-12 15:35
S0GZ,0,16767618,1787548800,"US Open, New York, USA, Qualifying",ATP,Qualification Round 1,Luka Mikrut,Nikolas Sanchez Izquierdo,1,false,1,finished,2,0,False,1787548800,Nikolas Sanchez Izquierdo,False,away,Luka Mikrut,Q1,2026-08-24 05:20
S0GZ,1,15687308,1773081000,"Santiago, Chile, Doubles",Challenger,Round of 16,Cossu M / Malla B,Sanchez Izquierdo N / Villanueva G,2,false,1,finished,0,2,False,1773081000,Nikolas Sanchez Izquierdo,True,,,R16,2026-03-09 18:30
S0GZ,1,15695695,1773159600,"Santiago, Chile",Challenger,Round of 32,Nikolas Sanchez Izquierdo,Cannon Kingsley,1,false,absent,finished,2,0,False,1773159600,Nikolas Sanchez Izquierdo,False,home,Cannon Kingsley,R32,2026-03-10 16:20
S0GZ,1,15658150,1773331500,"Santiago, Chile",Challenger,Round of 16,Facundo Mena,Nikolas Sanchez Izquierdo,2,false,2,finished,0,2,False,1773331500,Nikolas Sanchez Izquierdo,False,away,Facundo Mena,R16,2026-03-12 16:05
S0GZ,1,15658251,1773347400,"Santiago, Chile, Doubles",Challenger,Quarterfinals,Reyes-Varela M A / Zeballos F,Sanchez Izquierdo N / Villanueva G,1,false,2,finished,2,1,False,1773347400,Nikolas Sanchez Izquierdo,True,,,QF,2026-03-12 20:30
S0GZ,1,15658154,1773419100,"Santiago, Chile",Challenger,Quarterfinals,Nikolas Sanchez Izquierdo,Henrique Rocha,2,false,2,finished,1,2,False,1773419100,Nikolas Sanchez Izquierdo,False,home,Henrique Rocha,QF,2026-03-13 16:25
S0GZ,1,15736439,1773741600,"Murcia, Spain",Challenger,Round of 32,Nikolas Sanchez Izquierdo,Roberto Carballés Baena,2,false,1,finished,0,2,False,1773741600,Nikolas Sanchez Izquierdo,False,home,Roberto Carballés Baena,R32,2026-03-17 10:00
S0GZ,1,15844578,1774270800,"Naples, Italy",Challenger,Round of 32,Nikolas Sanchez Izquierdo,Ugo Blanchet,absent,false,absent,canceled,absent,absent,False,1774270800,Nikolas Sanchez Izquierdo,False,home,Ugo Blanchet,R32,2026-03-23 13:00
S0GZ,1,15901590,1775050800,"Menorca, Spain",Challenger,Round of 32,Nikolas Sanchez Izquierdo,Pol Martin Tiffon,2,false,1,finished,0,2,False,1775050800,Nikolas Sanchez Izquierdo,False,home,Pol Martin Tiffon,R32,2026-04-01 13:40
S0GZ,1,15899676,1775130900,"Menorca, Spain, Doubles",Challenger,Round of 16,Damas M / Moro Cañas A,Agamenone F / Sanchez Izquierdo N,1,false,2,finished,2,0,False,1775130900,Nikolas Sanchez Izquierdo,True,,,R16,2026-04-02 11:55
S0GZ,1,15951607,1775482800,"Madrid, Spain",Challenger,Round of 32,Ivan Ivanov,Nikolas Sanchez Izquierdo,2,false,2,finished,0,2,False,1775482800,Nikolas Sanchez Izquierdo,False,away,Ivan Ivanov,R32,2026-04-06 13:40
S0GZ,1,15921583,1775656200,"Madrid, Spain",Challenger,Round of 16,Oriol Roca Batalla,Nikolas Sanchez Izquierdo,2,false,2,finished,0,2,False,1775656200,Nikolas Sanchez Izquierdo,False,away,Oriol Roca Batalla,R16,2026-04-08 13:50
S0GZ,1,15976566,1775667300,"Madrid, Spain, Doubles",Challenger,Round of 16,Goldhoff G / Hilderbrand T,Agamenone F / Sanchez Izquierdo N,1,false,2,finished,2,1,False,1775667300,Nikolas Sanchez Izquierdo,True,,,R16,2026-04-08 16:55
S0GZ,1,15921578,1775823600,"Madrid, Spain",Challenger,Quarterfinals,Nikolas Sanchez Izquierdo,Jurij Rodionov,2,false,2,finished,0,2,False,1775823600,Nikolas Sanchez Izquierdo,False,home,Jurij Rodionov,QF,2026-04-10 12:20
S0GZ,1,15993361,1775986200,"Oeiras 3, Portugal, Qualifying",Challenger,Qualification Round 1,Nikolas Sanchez Izquierdo,Max Houkes,absent,false,absent,canceled,absent,absent,False,1775986200,Nikolas Sanchez Izquierdo,False,home,Max Houkes,Q1,2026-04-12 09:30
S0GZ,1,16031396,1776758400,"Rome, Italy",Challenger,Round of 32,Enrico Dalla Valle,Nikolas Sanchez Izquierdo,2,false,2,finished,0,2,False,1776758400,Nikolas Sanchez Izquierdo,False,away,Enrico Dalla Valle,R32,2026-04-21 08:00
S0GZ,1,16009987,1776857400,"Rome, Italy",Challenger,Round of 16,Nikolas Sanchez Izquierdo,Stefanos Sakellaridis,2,false,2,finished,0,2,False,1776857400,Nikolas Sanchez Izquierdo,False,home,Stefanos Sakellaridis,R16,2026-04-22 11:30
S0GZ,1,16073918,1777365000,"Ostrava, Czech Republic",Challenger,Round of 32,Nikolas Sanchez Izquierdo,Maxim Mrva,1,false,1,finished,2,0,False,1777365000,Nikolas Sanchez Izquierdo,False,home,Maxim Mrva,R32,2026-04-28 08:30
S0GZ,1,16050454,1777548600,"Ostrava, Czech Republic",Challenger,Round of 16,Nikolas Sanchez Izquierdo,Vitaliy Sachko,1,false,1,finished,2,1,False,1777548600,Nikolas Sanchez Izquierdo,False,home,Vitaliy Sachko,R16,2026-04-30 11:30
S0GZ,2,15007700,1762419600,ITF M25 Valencia Men Doubles,ITF Men,Quarterfinals,Agamenone F / Sanchez Izquierdo N,Garcia Garcia A / Petrov P,2,false,absent,finished,0,3,False,1762419600,Nikolas Sanchez Izquierdo,True,,,QF,2025-11-06 09:00
S0GZ,2,15107681,1763395200,"Montemar, Spain",Challenger,Round of 32,Nikolas Sanchez Izquierdo,Franco Agamenone,1,false,2,finished,2,0,False,1763395200,Nikolas Sanchez Izquierdo,False,home,Franco Agamenone,R32,2025-11-17 16:00
S0GZ,2,15042529,1763544600,"Montemar, Spain",Challenger,Round of 16,Zdenek Kolar,Nikolas Sanchez Izquierdo,1,false,1,finished,2,1,False,1763544600,Nikolas Sanchez Izquierdo,False,away,Zdenek Kolar,R16,2025-11-19 09:30
S0GZ,2,15110748,1763568900,"Montemar, Spain, Doubles",Challenger,Round of 16,Jecan A / Pavel B,Agamenone F / Sanchez Izquierdo N,1,false,1,finished,2,0,False,1763568900,Nikolas Sanchez Izquierdo,True,,,R16,2025-11-19 16:15
S0GZ,2,15143178,1764092400,"Maia, Portugal",Challenger,Round of 32,Nikolas Sanchez Izquierdo,Carlos Sanchez Jover,2,false,2,finished,0,2,False,1764092400,Nikolas Sanchez Izquierdo,False,home,Carlos Sanchez Jover,R32,2025-11-25 17:40
S0GZ,2,15150678,1764168000,"Maia, Portugal, Doubles",Challenger,Round of 16,Jecan A / Pavel B,Agamenone F / Sanchez Izquierdo N,1,false,1,finished,2,0,False,1764168000,Nikolas Sanchez Izquierdo,True,,,R16,2025-11-26 14:40
S0GZ,2,15344356,1768248900,"Buenos Aires, Argentina",Challenger,Round of 32,Nikolas Sanchez Izquierdo,Joao Eduardo Schiessl,1,false,2,finished,2,1,False,1768248900,Nikolas Sanchez Izquierdo,False,home,Joao Eduardo Schiessl,R32,2026-01-12 20:15
S0GZ,2,15327993,1768395600,"Buenos Aires, Argentina",Challenger,Round of 16,Nikolas Sanchez Izquierdo,Daniel Dutra Da Silva,1,false,2,finished,1,0,False,1768395600,Nikolas Sanchez Izquierdo,False,home,Daniel Dutra Da Silva,R16,2026-01-14 13:00
S0GZ,2,15349501,1768410600,"Buenos Aires, Argentina, Doubles",Challenger,Round of 16,Agamenone F / Sanchez Izquierdo N,Pucinelli de Almeida M / Sakamoto P,absent,false,absent,canceled,absent,absent,False,1768410600,Nikolas Sanchez Izquierdo,True,,,R16,2026-01-14 17:10
S0GZ,2,15370081,1768415400,"Buenos Aires, Argentina, Doubles",Challenger,Round of 16,Agamenone F / Sanchez Izquierdo N,Boitan G A / Gima S,2,false,1,finished,1,2,False,1768415400,Nikolas Sanchez Izquierdo,True,,,R16,2026-01-14 18:30
S0GZ,2,15327990,1768483800,"Buenos Aires, Argentina",Challenger,Quarterfinals,Murkel Dellien,Nikolas Sanchez Izquierdo,1,false,1,finished,2,1,False,1768483800,Nikolas Sanchez Izquierdo,False,away,Murkel Dellien,QF,2026-01-15 13:30
S0GZ,2,15387096,1768944600,"Itajai, Brazil",Challenger,Round of 32,Joao Lucas Reis da Silva,Nikolas Sanchez Izquierdo,2,false,2,finished,0,2,False,1768944600,Nikolas Sanchez Izquierdo,False,away,Joao Lucas Reis da Silva,R32,2026-01-20 21:30
S0GZ,2,15386297,1769034600,"Itajai, Brazil, Doubles",Challenger,Round of 16,Oliveira B / Pucinelli de Almeida M,Agamenone F / Sanchez Izquierdo N,1,false,1,finished,2,1,False,1769034600,Nikolas Sanchez Izquierdo,True,,,R16,2026-01-21 22:30
S0GZ,2,15366346,1769109600,"Itajai, Brazil",Challenger,Round of 16,Nikolas Sanchez Izquierdo,Juan Manuel La Serna,1,false,1,finished,2,0,False,1769109600,Nikolas Sanchez Izquierdo,False,home,Juan Manuel La Serna,R16,2026-01-22 19:20
S0GZ,2,15366351,1769187600,"Itajai, Brazil",Challenger,Quarterfinals,Nikolas Sanchez Izquierdo,Stefan Palosi,1,false,1,finished,2,0,False,1769187600,Nikolas Sanchez Izquierdo,False,home,Stefan Palosi,QF,2026-01-23 17:00
S0GZ,2,15366345,1769261400,"Itajai, Brazil",Challenger,Semifinals,Nikolas Sanchez Izquierdo,Adolfo Daniel Vallejo,2,false,2,finished,0,2,False,1769261400,Nikolas Sanchez Izquierdo,False,home,Adolfo Daniel Vallejo,SF,2026-01-24 13:30
S0GZ,2,15373809,1769385600,"Concepcion, Chile, Qualifying",Challenger,Qualification Round 1,Nikolas Sanchez Izquierdo,Martin Landaluce,1,false,absent,canceled,absent,absent,False,1769385600,Nikolas Sanchez Izquierdo,False,home,Martin Landaluce,Q1,2026-01-26 00:00
S0GZ,3,14339487,1754380800,"Cordenons, Italy",Challenger,Round of 32,Santiago Rodriguez Taverna,Nikolas Sanchez Izquierdo,1,false,1,finished,2,0,False,1754380800,Nikolas Sanchez Izquierdo,False,away,Santiago Rodriguez Taverna,R32,2025-08-05 08:00
S0GZ,3,14344488,1754485200,"Cordenons, Italy, Doubles",Challenger,Round of 16,Arias B / Murkel Dellien,Sanchez Izquierdo N / Sels J,1,false,2,finished,2,0,False,1754485200,Nikolas Sanchez Izquierdo,True,,,R16,2025-08-06 13:00
S0GZ,3,14406381,1754992200,"Sofia, Bulgaria",Challenger,Round of 32,Nikolas Sanchez Izquierdo,Viktor Markov,1,false,1,finished,2,0,False,1754992200,Nikolas Sanchez Izquierdo,False,home,Viktor Markov,R32,2025-08-12 09:50
S0GZ,3,14360042,1755078300,"Sofia, Bulgaria",Challenger,Round of 16,Nikolas Sanchez Izquierdo,Marat Sharipov,1,false,2,finished,2,0,False,1755078300,Nikolas Sanchez Izquierdo,False,home,Marat Sharipov,R16,2025-08-13 09:45
S0GZ,3,14396910,1755090300,"Sofia, Bulgaria, Doubles",Challenger,Round of 16,Midon L / Sanchez Izquierdo N,Fatic N / Nedic A,2,false,1,finished,0,2,False,1755090300,Nikolas Sanchez Izquierdo,True,,,R16,2025-08-13 13:05
S0GZ,3,14360044,1755158400,"Sofia, Bulgaria",Challenger,Quarterfinals,Zdenek Kolar,Nikolas Sanchez Izquierdo,1,false,1,finished,2,0,False,1755158400,Nikolas Sanchez Izquierdo,False,away,Zdenek Kolar,QF,2025-08-14 08:00
S0GZ,3,14458874,1755525900,"Augsburg, Germany",Challenger,Round of 32,Nikolas Sanchez Izquierdo,Raul Brancaccio,1,false,1,finished,2,1,False,1755525900,Nikolas Sanchez Izquierdo,False,home,Raul Brancaccio,R32,2025-08-18 14:05
S0GZ,3,14418131,1755678600,"Augsburg, Germany",Challenger,Round of 16,Nikolas Sanchez Izquierdo,Diego Dedura-Palomero,1,false,1,finished,2,0,False,1755678600,Nikolas Sanchez Izquierdo,False,home,Diego Dedura-Palomero,R16,2025-08-20 08:30
S0GZ,3,14466017,1755698100,"Augsburg, Germany, Doubles",Challenger,Round of 16,Sanchez Izquierdo N / Torres J B,Dedura-Palomero D / Lopez Morillo I,2,false,absent,finished,absent,absent,False,1755698100,Nikolas Sanchez Izquierdo,True,,,R16,2025-08-20 13:55
S0GZ,3,14418124,1755789000,"Augsburg, Germany",Challenger,Quarterfinals,Nikolas Sanchez Izquierdo,Henri Squire,2,false,2,finished,0,2,False,1755789000,Nikolas Sanchez Izquierdo,False,home,Henri Squire,QF,2025-08-21 15:10
S0GZ,3,14528393,1756119600,"Porto 2, Portugal",Challenger,Round of 32,Thiago Seyboth Wild,Nikolas Sanchez Izquierdo,2,false,2,finished,0,2,False,1756119600,Nikolas Sanchez Izquierdo,False,away,Thiago Seyboth Wild,R32,2025-08-25 11:00
S0GZ,3,14527857,1756208400,"Porto 2, Portugal, Doubles",Challenger,Round of 16,Sabanov I / Sabanov M,Alvarez Varona N / Sanchez Izquierdo N,1,false,1,finished,2,1,False,1756208400,Nikolas Sanchez Izquierdo,True,,,R16,2025-08-26 11:40
S0GZ,3,14487521,1756292400,"Porto 2, Portugal",Challenger,Round of 16,Nikolas Sanchez Izquierdo,Matej Dodig,1,false,1,finished,2,0,False,1756292400,Nikolas Sanchez Izquierdo,False,home,Matej Dodig,R16,2025-08-27 11:00
S0GZ,3,14487520,1756459800,"Porto 2, Portugal",Challenger,Quarterfinals,Nikolas Sanchez Izquierdo,Alejandro Moro Canas,2,false,1,finished,0,2,False,1756459800,Nikolas Sanchez Izquierdo,False,home,Alejandro Moro Canas,QF,2025-08-29 09:30
S0GZ,3,14580795,1756808700,"Genoa, Italy",Challenger,Round of 32,Nikolas Sanchez Izquierdo,Matej Dodig,1,false,2,finished,2,1,False,1756808700,Nikolas Sanchez Izquierdo,False,home,Matej Dodig,R32,2025-09-02 10:25
S0GZ,3,14585054,1756828500,"Genoa, Italy, Doubles",Challenger,Round of 16,Sanchez Izquierdo N / Virgili A,Holmgren A / Ingildsen J,2,false,2,finished,0,2,False,1756828500,Nikolas Sanchez Izquierdo,True,,,R16,2025-09-02 15:55
S0GZ,3,14552582,1756924500,"Genoa, Italy",Challenger,Round of 16,Andrea Pellegrino,Nikolas Sanchez Izquierdo,1,false,1,finished,2,0,False,1756924500,Nikolas Sanchez Izquierdo,False,away,Andrea Pellegrino,R16,2025-09-03 18:35
S0GZ,3,14512844,1757364600,"Szczecin, Poland",Challenger,Round of 32,Nikolas Sanchez Izquierdo,Daniel Elahi Galan,2,false,1,finished,0,2,False,1757364600,Nikolas Sanchez Izquierdo,False,home,Daniel Elahi Galan,R32,2025-09-08 20:50
S0GZ,4,13805080,1746213000,"Porto Alegre, Brazil",Challenger,Quarterfinals,Eduardo Ribeiro,Nikolas Sanchez Izquierdo,2,false,2,finished,0,2,False,1746213000,Nikolas Sanchez Izquierdo,False,away,Eduardo Ribeiro,QF,2025-05-02 19:10
S0GZ,4,13805074,1746299100,"Porto Alegre, Brazil",Challenger,Semifinals,Nikolas Sanchez Izquierdo,Alex Barrena,1,false,1,finished,2,1,False,1746299100,Nikolas Sanchez Izquierdo,False,home,Alex Barrena,SF,2025-05-03 19:05
S0GZ,4,13805073,1746370800,"Porto Alegre, Brazil",Challenger,Final,Santiago Rodriguez Taverna,Nikolas Sanchez Izquierdo,1,false,2,finished,2,1,False,1746370800,Nikolas Sanchez Izquierdo,False,away,Santiago Rodriguez Taverna,F,2025-05-04 15:00
S0GZ,4,13850871,1746556200,"Santos, Brazil",Challenger,Round of 32,Lautaro Midon,Nikolas Sanchez Izquierdo,1,false,1,finished,2,0,False,1746556200,Nikolas Sanchez Izquierdo,False,away,Lautaro Midon,R32,2025-05-06 18:30
S0GZ,4,13852570,1746643800,"Santos, Brazil, Doubles",Challenger,Round of 16,Huertas Del Pino Cordova A / Huertas del Pino C,Alvarez Varona N / Sanchez Izquierdo N,1,false,2,finished,2,0,False,1746643800,Nikolas Sanchez Izquierdo,True,,,R16,2025-05-07 18:50
S0GZ,4,13888175,1747209600,ITF M25 Vic Men,ITF Men,Round of 32,Andres Santamarta Roig,Nikolas Sanchez Izquierdo,1,false,2,finished,0,0,False,1747209600,Nikolas Sanchez Izquierdo,False,away,Andres Santamarta Roig,R32,2025-05-14 08:00
S0GZ,4,13918002,1747814400,ITF M25 Mataro Men,ITF Men,Round of 32,Nikolas Sanchez Izquierdo,Gilles Arnaud Bailly,1,false,absent,finished,2,0,False,1747814400,Nikolas Sanchez Izquierdo,False,home,Gilles Arnaud Bailly,R32,2025-05-21 08:00
S0GZ,4,13925279,1747900800,ITF M25 Mataro Men,ITF Men,Round of 16,Nikolas Sanchez Izquierdo,Joao Domingues,1,false,absent,finished,2,0,False,1747900800,Nikolas Sanchez Izquierdo,False,home,Joao Domingues,R16,2025-05-22 08:00
S0GZ,4,13930443,1747987200,ITF M25 Mataro Men,ITF Men,Quarterfinals,Nikolas Sanchez Izquierdo,Alejo Sanchez Quilez,1,false,absent,finished,2,0,False,1747987200,Nikolas Sanchez Izquierdo,False,home,Alejo Sanchez Quilez,QF,2025-05-23 08:00
S0GZ,4,13934866,1748075400,ITF M25 Mataro Men,ITF Men,Semifinals,Nikolas Sanchez Izquierdo,Miguel Damas,1,false,absent,finished,2,1,False,1748075400,Nikolas Sanchez Izquierdo,False,home,Miguel Damas,SF,2025-05-24 08:30
S0GZ,4,13937020,1748160000,ITF M25 Mataro Men,ITF Men,Final,Nikolas Sanchez Izquierdo,Bernabe Zapata Miralles,2,false,absent,finished,0,2,False,1748160000,Nikolas Sanchez Izquierdo,False,home,Bernabe Zapata Miralles,F,2025-05-25 08:00
S0GZ,4,13959616,1748954400,"Prostejov, Czech Republic",Challenger,Round of 32,Filip Cristian Jianu,Nikolas Sanchez Izquierdo,1,false,1,finished,2,1,False,1748954400,Nikolas Sanchez Izquierdo,False,away,Filip Cristian Jianu,R32,2025-06-03 12:40
S0GZ,4,14012228,1750081500,"Royan, France",Challenger,Round of 32,Nikolas Sanchez Izquierdo,Titouan Droguet,2,false,1,finished,0,2,False,1750081500,Nikolas Sanchez Izquierdo,False,home,Titouan Droguet,R32,2025-06-16 13:45
S0GZ,4,14010166,1750250400,"Royan, France, Doubles",Challenger,Round of 16,Hignett L / Mackinlay J,Alcala Gurri M / Sanchez Izquierdo N,2,false,2,finished,0,2,False,1750250400,Nikolas Sanchez Izquierdo,True,,,R16,2025-06-18 12:40
S0GZ,4,13994107,1750323600,"Royan, France, Doubles",Challenger,Quarterfinals,Kalyanpur A / Somani P,Alcala Gurri M / Sanchez Izquierdo N,1,false,1,finished,2,0,False,1750323600,Nikolas Sanchez Izquierdo,True,,,QF,2025-06-19 09:00
S0GZ,4,14043146,1750757400,ITF M25 Montauban Men Doubles,ITF Men,Round of 16,Geenen W / Sels J,Paganetti V / Sanchez Izquierdo N,1,false,2,finished,2,0,False,1750757400,Nikolas Sanchez Izquierdo,True,,,R16,2025-06-24 09:30
S0GZ,4,14043142,1750856400,ITF M25 Montauban Men,ITF Men,Round of 32,Axel Garcian,Nikolas Sanchez Izquierdo,2,false,2,finished,0,2,False,1750856400,Nikolas Sanchez Izquierdo,False,away,Axel Garcian,R32,2025-06-25 13:00
S0GZ,4,14051866,1750924800,ITF M25 Montauban Men,ITF Men,Round of 16,Daniel Jade,Nikolas Sanchez Izquierdo,2,false,2,finished,0,2,False,1750924800,Nikolas Sanchez Izquierdo,False,away,Daniel Jade,R16,2025-06-26 08:00
S0GZ,5,13469155,1739467800,ITF M25 Punta del Este Men,ITF Men,Round of 32,Juan Ignacio Centurión Delvalle,Nikolas Sanchez Izquierdo,2,false,absent,finished,0,2,False,1739467800,Nikolas Sanchez Izquierdo,False,away,Juan Ignacio Centurión Delvalle,R32,2025-02-13 17:30
S0GZ,5,13474762,1739547000,ITF M25 Punta del Este Men,ITF Men,Round of 16,Felipe Vazquez,Nikolas Sanchez Izquierdo,2,false,absent,finished,0,2,False,1739547000,Nikolas Sanchez Izquierdo,False,away,Felipe Vazquez,R16,2025-02-14 15:30
S0GZ,5,13478739,1739624400,ITF M25 Punta del Este Men,ITF Men,Quarterfinals,Santiago Rodriguez Taverna,Nikolas Sanchez Izquierdo,1,false,2,finished,2,1,False,1739624400,Nikolas Sanchez Izquierdo,False,away,Santiago Rodriguez Taverna,QF,2025-02-15 13:00
S0GZ,5,13561233,1741085400,"Hersonissos, Greece",Challenger,Round of 32,Stuart Parker,Nikolas Sanchez Izquierdo,1,false,1,finished,2,1,False,1741085400,Nikolas Sanchez Izquierdo,False,away,Stuart Parker,R32,2025-03-04 10:50
S0GZ,5,13558242,1741180200,"Hersonissos, Greece, Doubles",Challenger,Round of 16,Barranco Cosano J / Sanchez Izquierdo N,Sakellaridis S / Tsitsipas P,2,false,1,finished,0,2,False,1741180200,Nikolas Sanchez Izquierdo,True,,,R16,2025-03-05 13:10
S0GZ,5,13582213,1741609800,"Hersonissos 2, Greece",Challenger,Round of 32,Stefanos Sakellaridis,Nikolas Sanchez Izquierdo,1,false,1,finished,2,0,False,1741609800,Nikolas Sanchez Izquierdo,False,away,Stefanos Sakellaridis,R32,2025-03-10 12:30
S0GZ,5,13631751,1742302800,ITF M25 Badalona Men Doubles,ITF Men,Round of 16,Sanchez Izquierdo N / Vervoort M,Gutierrez O J / Mansilla Diez M,2,false,absent,finished,0,2,False,1742302800,Nikolas Sanchez Izquierdo,True,,,R16,2025-03-18 13:00
S0GZ,5,13634553,1742464800,ITF M25 Badalona Men,ITF Men,Round of 32,Xavi Matas Ortega,Nikolas Sanchez Izquierdo,2,false,absent,finished,1,2,False,1742464800,Nikolas Sanchez Izquierdo,False,away,Xavi Matas Ortega,R32,2025-03-20 10:00
S0GZ,5,13647890,1742547600,ITF M25 Badalona Men,ITF Men,Round of 16,Julio Cesar Porras,Nikolas Sanchez Izquierdo,1,false,absent,finished,2,0,False,1742547600,Nikolas Sanchez Izquierdo,False,away,Julio Cesar Porras,R16,2025-03-21 09:00
S0GZ,5,13673166,1742916600,ITF M25 Tarragona Men Doubles,ITF Men,Round of 16,De Krom M / Nijboer R,Jorda Sanchis D / Sanchez Izquierdo N,2,false,2,finished,1,2,False,1742916600,Nikolas Sanchez Izquierdo,True,,,R16,2025-03-25 15:30
S0GZ,5,13674129,1742983200,ITF M25 Tarragona Men,ITF Men,Round of 32,Iker Urribarrens Ramirez,Nikolas Sanchez Izquierdo,2,false,absent,finished,0,2,False,1742983200,Nikolas Sanchez Izquierdo,False,away,Iker Urribarrens Ramirez,R32,2025-03-26 10:00
S0GZ,5,13675774,1743001200,ITF M25 Tarragona Men Doubles,ITF Men,Quarterfinals,Jorda Sanchis D / Sanchez Izquierdo N,Kopp S / Molleker R,2,false,absent,finished,0,2,False,1743001200,Nikolas Sanchez Izquierdo,True,,,QF,2025-03-26 15:00
S0GZ,5,13677894,1743080400,ITF M25 Tarragona Men,ITF Men,Round of 16,Alex Marti Pujolras,Nikolas Sanchez Izquierdo,2,false,absent,finished,0,2,False,1743080400,Nikolas Sanchez Izquierdo,False,away,Alex Marti Pujolras,R16,2025-03-27 13:00
S0GZ,5,13683207,1743161400,ITF M25 Tarragona Men,ITF Men,Quarterfinals,Nikolas Sanchez Izquierdo,Carlos Sanchez Jover,1,false,absent,finished,2,0,False,1743161400,Nikolas Sanchez Izquierdo,False,home,Carlos Sanchez Jover,QF,2025-03-28 11:30
S0GZ,5,13685574,1743238800,ITF M25 Tarragona Men,ITF Men,Semifinals,Sandro Kopp,Nikolas Sanchez Izquierdo,2,false,1,finished,0,2,False,1743238800,Nikolas Sanchez Izquierdo,False,away,Sandro Kopp,SF,2025-03-29 09:00
S0GZ,5,13690693,1743321600,ITF M25 Tarragona Men,ITF Men,Final,Raul Brancaccio,Nikolas Sanchez Izquierdo,2,false,2,finished,0,2,False,1743321600,Nikolas Sanchez Izquierdo,False,away,Raul Brancaccio,F,2025-03-30 08:00
S0GZ,5,13699120,1743606900,ITF M25 Reus Men,ITF Men,Round of 32,Nikolas Sanchez Izquierdo,Sergi Perez Contri,1,false,1,finished,2,0,False,1743606900,Nikolas Sanchez Izquierdo,False,home,Sergi Perez Contri,R32,2025-04-02 15:15
S0GZ,5,13708320,1743667200,ITF M25 Reus Men,ITF Men,Round of 16,Nikolas Sanchez Izquierdo,Ian Luca Cervantes Tomás,1,false,1,finished,2,0,False,1743667200,Nikolas Sanchez Izquierdo,False,home,Ian Luca Cervantes Tomás,R16,2025-04-03 08:00
S0GZ,6,12965628,1728633600,"Italy F32, Singles",ITF Men,Quarterfinals,Nikolas Sanchez Izquierdo,Jay Clarke,2,false,1,finished,0,2,False,1728633600,Nikolas Sanchez Izquierdo,False,home,Jay Clarke,QF,2024-10-11 08:00
S0GZ,6,12974215,1728982800,"St. Brieuc, France",Challenger,Round of 32,Paul Jubb,Nikolas Sanchez Izquierdo,absent,false,absent,canceled,absent,absent,False,1728982800,Nikolas Sanchez Izquierdo,False,away,Paul Jubb,R32,2024-10-15 09:00
S0GZ,6,13113120,1731412800,"Spain F45, Singles",ITF Men,Round of 32,Carles Cordoba,Nikolas Sanchez Izquierdo,2,false,absent,finished,0,2,False,1731412800,Nikolas Sanchez Izquierdo,False,away,Carles Cordoba,R32,2024-11-12 12:00
S0GZ,6,13115146,1731511800,"Valencia, Doubles Main, M-ITF-ESP-45A",ITF Men,Round of 16,Goldberg Alviani N R / Martinez Arjona S,Alcala Gurri M / Sanchez Izquierdo N,absent,false,absent,canceled,absent,absent,False,1731511800,Nikolas Sanchez Izquierdo,True,,,R16,2024-11-13 15:30
S0GZ,6,13119526,1731597600,"Valencia, Doubles Main, M-ITF-ESP-45A",ITF Men,Round of 16,Alvarez Sarmiento M L / Pop D F,Alcala Gurri M / Sanchez Izquierdo N,2,false,2,finished,0,2,False,1731597600,Nikolas Sanchez Izquierdo,True,,,R16,2024-11-14 15:20
S0GZ,6,13119798,1731657300,"Spain F45, Singles",ITF Men,Round of 16,Diego Fernandez Flores,Nikolas Sanchez Izquierdo,2,false,1,finished,1,2,False,1731657300,Nikolas Sanchez Izquierdo,False,away,Diego Fernandez Flores,R16,2024-11-15 07:55
S0GZ,6,13128208,1731675600,"Spain F45, Singles",ITF Men,Quarterfinals,Alejo Sanchez Quilez,Nikolas Sanchez Izquierdo,2,false,1,finished,0,2,False,1731675600,Nikolas Sanchez Izquierdo,False,away,Alejo Sanchez Quilez,QF,2024-11-15 13:00
S0GZ,6,13129708,1731745800,"Spain F45, Singles",ITF Men,Semifinals,Max Alcala Gurri,Nikolas Sanchez Izquierdo,1,false,1,finished,2,0,False,1731745800,Nikolas Sanchez Izquierdo,False,away,Max Alcala Gurri,SF,2024-11-16 08:30
S0GZ,6,13126055,1731758400,"Valencia, Doubles Main, M-ITF-ESP-45A",ITF Men,Quarterfinals,Garcia Carbajal A / Schaefer J,Alcala Gurri M / Sanchez Izquierdo N,1,false,absent,finished,absent,absent,False,1731758400,Nikolas Sanchez Izquierdo,True,,,QF,2024-11-16 12:00
S0GZ,6,13134503,1731835800,"Montemar, Spain, Qualifying",Challenger,Qualification round 1,Nikolas Sanchez Izquierdo,Julio Cesar Porras,1,false,1,finished,2,0,False,1731835800,Nikolas Sanchez Izquierdo,False,home,Julio Cesar Porras,Q1,2024-11-17 09:30
S0GZ,6,13136308,1731922200,"Montemar, Spain, Qualifying",Challenger,Qualification round 2,Nikolas Sanchez Izquierdo,Carlos Lopez Montagud,2,false,1,finished,1,2,False,1731922200,Nikolas Sanchez Izquierdo,False,home,Carlos Lopez Montagud,Q2,2024-11-18 09:30
S0GZ,6,13161185,1732459200,"Maia, Portugal, Qualifying",Challenger,Qualification Round 1,Nikolas Sanchez Izquierdo,David Pichler,1,false,2,finished,2,0,False,1732459200,Nikolas Sanchez Izquierdo,False,home,David Pichler,Q1,2024-11-24 14:40
S0GZ,6,13163736,1732543800,"Maia, Portugal, Qualifying",Challenger,Qualification Final,Nikolas Sanchez Izquierdo,Anton Matusevich,1,false,1,finished,2,0,False,1732543800,Nikolas Sanchez Izquierdo,False,home,Anton Matusevich,Q,2024-11-25 14:10
S0GZ,6,13167239,1732641000,"Maia, Portugal",Challenger,Round of 32,Albert Ramos-Vinolas,Nikolas Sanchez Izquierdo,1,false,2,finished,2,0,False,1732641000,Nikolas Sanchez Izquierdo,False,away,Albert Ramos-Vinolas,R32,2024-11-26 17:10
S0GZ,6,13170213,1732648800,"Maia, Portugal, Doubles",Challenger,Round of 16,Bergevi F / Ingildsen J,Alvarez Varona N / Sanchez Izquierdo N,2,false,2,finished,0,2,False,1732648800,Nikolas Sanchez Izquierdo,True,,,R16,2024-11-26 19:20
S0GZ,6,13154373,1732811400,"Maia, Portugal, Doubles",Challenger,Quarterfinals,Alvarez Varona N / Sanchez Izquierdo N,T. Arribage / F. Cabral,1,false,1,finished,0,2,False,1732811400,Nikolas Sanchez Izquierdo,True,,,QF,2024-11-28 16:30
S0GZ,6,13326392,1736697300,"Buenos Aires, Argentina, Qualifying",Challenger,Qualification Round 1,Nikolas Sanchez Izquierdo,Tadeo Meneo,1,false,1,finished,2,0,False,1736697300,Nikolas Sanchez Izquierdo,False,home,Tadeo Meneo,Q1,2025-01-12 15:55
S0GZ,7,12537224,1720966200,"Bastad, Sweden, Qualifying",ATP,Qualification round 1,Nikolas Sanchez Izquierdo,Alejandro Moro Canas,2,false,1,finished,0,2,False,1720966200,Nikolas Sanchez Izquierdo,False,home,Alejandro Moro Canas,Q1,2024-07-14 14:10
S0GZ,7,12579242,1721729700,"Tampere, Finland",Challenger,Round of 32,Nikolas Sanchez Izquierdo,Tristan Lamasine,2,false,2,finished,0,2,False,1721729700,Nikolas Sanchez Izquierdo,False,home,Tristan Lamasine,R32,2024-07-23 10:15
S0GZ,7,12577963,1721833200,"Tampere, Finland, Doubles",Challenger,Round of 16,Sanchez Izquierdo N / Taberner C,Barton H / Vesely J,2,false,1,finished,0,2,False,1721833200,Nikolas Sanchez Izquierdo,True,,,R16,2024-07-24 15:00
S0GZ,7,12621528,1722331800,"Liberec, Czech Republic",Challenger,Round of 32,Nikolas Sanchez Izquierdo,Oleg Prihodko,1,false,2,finished,2,1,False,1722331800,Nikolas Sanchez Izquierdo,False,home,Oleg Prihodko,R32,2024-07-30 09:30
S0GZ,7,12593446,1722416400,"Liberec, Czech Republic",Challenger,Round of 16,Nikolas Sanchez Izquierdo,Michael Vrbensky,2,false,2,finished,0,2,False,1722416400,Nikolas Sanchez Izquierdo,False,home,Michael Vrbensky,R16,2024-07-31 09:00
S0GZ,7,12610598,1722437700,"Liberec, Czech Republic, Doubles",Challenger,Round of 16,Banthia S / Lock C J,Sanchez Izquierdo N / Taberner C,2,false,2,finished,1,2,False,1722437700,Nikolas Sanchez Izquierdo,True,,,R16,2024-07-31 14:55
S0GZ,7,12593415,1722504600,"Liberec, Czech Republic, Doubles",Challenger,Quarterfinals,Sanchez Izquierdo N / Taberner C,Karol M / Lanik T,2,false,1,finished,0,2,False,1722504600,Nikolas Sanchez Izquierdo,True,,,QF,2024-08-01 09:30
S0GZ,7,12646867,1722949500,"Cordenons, Italy",Challenger,Round of 32,Luciano Emanuel Ambrogi,Nikolas Sanchez Izquierdo,1,false,1,finished,2,1,False,1722949500,Nikolas Sanchez Izquierdo,False,away,Luciano Emanuel Ambrogi,R32,2024-08-06 13:05
S0GZ,7,12705007,1724137200,"Dobrich, Bulgaria",Challenger,Round of 32,Yanaki Milev,Nikolas Sanchez Izquierdo,2,false,2,finished,0,2,False,1724137200,Nikolas Sanchez Izquierdo,False,away,Yanaki Milev,R32,2024-08-20 07:00
S0GZ,7,12707840,1724164500,"Dobrich, Bulgaria, Doubles",Challenger,Round of 16,Lopez Montagud C / Sanchez Izquierdo N,Milev Y / Nesterov P,1,false,1,finished,2,0,False,1724164500,Nikolas Sanchez Izquierdo,True,,,R16,2024-08-20 14:35
S0GZ,7,12679927,1724235300,"Dobrich, Bulgaria",Challenger,Round of 16,Pyotr Nesterov,Nikolas Sanchez Izquierdo,1,false,2,finished,2,0,False,1724235300,Nikolas Sanchez Izquierdo,False,away,Pyotr Nesterov,R16,2024-08-21 10:15
S0GZ,7,12679940,1724331600,"Dobrich, Bulgaria, Doubles",Challenger,Quarterfinals,V. Cornea / E. Kirkin,Lopez Montagud C / Sanchez Izquierdo N,1,false,2,finished,2,1,False,1724331600,Nikolas Sanchez Izquierdo,True,,,QF,2024-08-22 13:00
S0GZ,7,12737973,1724763300,"Porto 2, Portugal",Challenger,Round of 32,Nikolas Sanchez Izquierdo,Ergi Kirkin,1,false,1,finished,2,0,False,1724763300,Nikolas Sanchez Izquierdo,False,home,Ergi Kirkin,R32,2024-08-27 12:55
S0GZ,7,12737436,1724850900,"Porto 2, Portugal, Doubles",Challenger,Round of 16,Andreev A / Sanchez Izquierdo N,D. J. Sanchis / E. Kirkin,1,false,2,finished,2,1,False,1724850900,Nikolas Sanchez Izquierdo,True,,,R16,2024-08-28 13:15
S0GZ,7,12715582,1724923800,"Porto 2, Portugal",Challenger,Round of 16,Hynek Barton,Nikolas Sanchez Izquierdo,2,false,2,finished,0,2,False,1724923800,Nikolas Sanchez Izquierdo,False,away,Hynek Barton,R16,2024-08-29 09:30
S0GZ,7,12717094,1724935800,"Porto 2, Portugal, Doubles",Challenger,Quarterfinals,Andreev A / Sanchez Izquierdo N,Cukierman D / Matuszewski P,2,false,1,finished,0,2,False,1724935800,Nikolas Sanchez Izquierdo,True,,,QF,2024-08-29 12:50
S0GZ,8,12229002,1712485800,"Madrid, Spain, Qualifying",Challenger,Qualification round 1,Nikolas Sanchez Izquierdo,Carlos Taberner,2,false,2,finished,0,0,False,1712485800,Nikolas Sanchez Izquierdo,False,home,Carlos Taberner,Q1,2024-04-07 10:30
S0GZ,8,12230835,1712563200,"Madrid, Spain, Qualifying",Challenger,absent,Nikolas Sanchez Izquierdo,Daniel Merida,absent,false,absent,canceled,absent,absent,False,1712563200,Nikolas Sanchez Izquierdo,False,home,Daniel Merida,Q,2024-04-08 08:00
S0GZ,8,12245557,1713013800,"Barcelona, Spain, Qualifying",ATP,absent,Harold Mayot,Nikolas Sanchez Izquierdo,1,false,2,finished,2,1,False,1713013800,Nikolas Sanchez Izquierdo,False,away,Harold Mayot,Q,2024-04-13 13:10
S0GZ,8,12267780,1713859200,"Rome, Italy",Challenger,Round of 32,Nikolas Sanchez Izquierdo,Jozef Kovalik,2,false,2,finished,1,2,False,1713859200,Nikolas Sanchez Izquierdo,False,home,Jozef Kovalik,R32,2024-04-23 08:00
S0GZ,8,12293465,1714558500,"Sabadell, Singles Main, M-ITF-ESP-22A",ITF Men,Round of 32,Oliver Bonding,Nikolas Sanchez Izquierdo,2,false,2,finished,0,2,False,1714558500,Nikolas Sanchez Izquierdo,False,away,Oliver Bonding,R32,2024-05-01 10:15
S0GZ,8,12298345,1714647900,"Sabadell, Singles Main, M-ITF-ESP-22A",ITF Men,Round of 16,Evgeny Karlovskiy,Nikolas Sanchez Izquierdo,2,false,2,finished,1,2,False,1714647900,Nikolas Sanchez Izquierdo,False,away,Evgeny Karlovskiy,R16,2024-05-02 11:05
S0GZ,8,12300797,1714736700,"Sabadell, Singles Main, M-ITF-ESP-22A",ITF Men,Quarterfinals,Nicholas David Ionel,Nikolas Sanchez Izquierdo,2,false,1,finished,1,2,False,1714736700,Nikolas Sanchez Izquierdo,False,away,Nicholas David Ionel,QF,2024-05-03 11:45
S0GZ,8,12303589,1714815000,"Sabadell, Singles Main, M-ITF-ESP-22A",ITF Men,Semifinals,Nikolas Sanchez Izquierdo,Daniel Rincon,1,false,2,finished,2,0,False,1714815000,Nikolas Sanchez Izquierdo,False,home,Daniel Rincon,SF,2024-05-04 09:30
S0GZ,8,12305712,1714899600,"Sabadell, Singles Main, M-ITF-ESP-22A",ITF Men,Final,Miguel Damas,Nikolas Sanchez Izquierdo,2,false,1,finished,1,2,False,1714899600,Nikolas Sanchez Izquierdo,False,away,Miguel Damas,F,2024-05-05 09:00
S0GZ,8,12306792,1715173500,"Prague 2, Czech Republic",Challenger,Round of 32,Nikolas Sanchez Izquierdo,Rudolf Molleker,2,false,2,finished,0,2,False,1715173500,Nikolas Sanchez Izquierdo,False,home,Rudolf Molleker,R32,2024-05-08 13:05
S0GZ,8,12333041,1715763300,"Vic, Singles Main, M-ITF-ESP-26A",ITF Men,Round of 32,Nikolas Sanchez Izquierdo,Michiel De Krom,2,false,2,finished,1,2,False,1715763300,Nikolas Sanchez Izquierdo,False,home,Michiel De Krom,R32,2024-05-15 08:55
S0GZ,8,12342209,1716040800,"Lyon, France, Qualifying",ATP,absent,Constant Lestienne,Nikolas Sanchez Izquierdo,2,false,1,finished,1,2,False,1716040800,Nikolas Sanchez Izquierdo,False,away,Constant Lestienne,Q,2024-05-18 14:00
S0GZ,8,12344635,1716114600,"Lyon, France, Qualifying",ATP,absent,Nikolas Sanchez Izquierdo,Javier Barranco Cosano,1,false,1,finished,2,0,False,1716114600,Nikolas Sanchez Izquierdo,False,home,Javier Barranco Cosano,Q,2024-05-19 10:30
S0GZ,8,12346123,1716195600,"Lyon, France",ATP,Round of 32,Nikolas Sanchez Izquierdo,Tomas Martin Etcheverry,2,false,1,finished,1,2,False,1716195600,Nikolas Sanchez Izquierdo,False,home,Tomas Martin Etcheverry,R32,2024-05-20 09:00
S0GZ,8,12392110,1717493400,"Heilbronn, Germany",Challenger,Round of 32,Nikolas Sanchez Izquierdo,Daniel Dutra Da Silva,1,false,2,finished,2,0,False,1717493400,Nikolas Sanchez Izquierdo,False,home,Daniel Dutra Da Silva,R32,2024-06-04 09:30
S0GZ,8,12388828,1717591800,"Heilbronn, Germany, Doubles",Challenger,Round of 16,Frantzen C / Jebens H,Barranco Cosano J / Sanchez Izquierdo N,1,false,2,finished,2,0,False,1717591800,Nikolas Sanchez Izquierdo,True,,,R16,2024-06-05 12:50
S0GZ,8,12375536,1717668000,"Heilbronn, Germany",Challenger,Round of 16,Nikolas Sanchez Izquierdo,Ivan Gakhov,2,false,1,finished,0,2,False,1717668000,Nikolas Sanchez Izquierdo,False,home,Ivan Gakhov,R16,2024-06-06 10:00
S0GZ,8,12406712,1718106000,"Perugia, Italy",Challenger,Round of 32,Daniel Altmaier,Nikolas Sanchez Izquierdo,1,false,2,finished,2,0,False,1718106000,Nikolas Sanchez Izquierdo,False,away,Daniel Altmaier,R32,2024-06-11 11:40
S0GZ,8,12430935,1718611200,"Poznan, Poland",Challenger,Round of 32,Dimitar Kuzmanov,Nikolas Sanchez Izquierdo,absent,false,absent,canceled,absent,absent,False,1718611200,Nikolas Sanchez Izquierdo,False,away,Dimitar Kuzmanov,R32,2024-06-17 08:00
S0GZ,8,12429761,1718705400,"Poznan, Poland",Challenger,Round of 32,Nikolas Sanchez Izquierdo,Camilo Ugo Carabelli,2,false,2,finished,0,2,False,1718705400,Nikolas Sanchez Izquierdo,False,home,Camilo Ugo Carabelli,R32,2024-06-18 10:10
S0GZ,9,11937997,1705005300,"Buenos Aires, Argentina, Doubles",Challenger,Quarterfinals,Ambrogi L E / Midon L,Olivo R / Sanchez Izquierdo N,2,false,2,finished,0,2,False,1705005300,Nikolas Sanchez Izquierdo,True,,,QF,2024-01-11 20:35
S0GZ,9,11937999,1705084200,"Buenos Aires, Argentina, Doubles",Challenger,Semifinals,Olivo R / Sanchez Izquierdo N,Houkes M / Neumayer L,2,false,1,finished,0,2,False,1705084200,Nikolas Sanchez Izquierdo,True,,,SF,2024-01-12 18:30
S0GZ,9,11975844,1705437900,"Buenos Aires 2, Argentina",Challenger,Round of 32,Orlando Luz,Nikolas Sanchez Izquierdo,2,false,2,finished,1,2,False,1705437900,Nikolas Sanchez Izquierdo,False,away,Orlando Luz,R32,2024-01-16 20:45
S0GZ,9,11971211,1705511700,"Buenos Aires 2, Argentina, Doubles",Challenger,Round of 16,Lavagno E / Sanchez Izquierdo N,Draxl L / Wenger D,2,false,2,finished,0,2,False,1705511700,Nikolas Sanchez Izquierdo,True,,,R16,2024-01-17 17:15
S0GZ,9,11961173,1705600200,"Buenos Aires 2, Argentina",Challenger,Round of 16,Nikolas Sanchez Izquierdo,Andrea Collarini,2,false,1,finished,1,2,False,1705600200,Nikolas Sanchez Izquierdo,False,home,Andrea Collarini,R16,2024-01-18 17:50
S0GZ,9,11992497,1705845600,"Punta del Este, Uruguay, Qualifying",Challenger,Qualification round 1,Nikolas Sanchez Izquierdo,Juan Bautista Torres,1,false,2,finished,2,1,False,1705845600,Nikolas Sanchez Izquierdo,False,home,Juan Bautista Torres,Q1,2024-01-21 14:00
S0GZ,9,11994089,1705939200,"Punta del Este, Uruguay, Qualifying",Challenger,absent,Nikolas Sanchez Izquierdo,Orlando Luz,1,false,2,finished,2,1,False,1705939200,Nikolas Sanchez Izquierdo,False,home,Orlando Luz,Q,2024-01-22 16:00
S0GZ,9,11997068,1706046000,"Punta del Este, Uruguay",Challenger,Round of 32,Nikolas Sanchez Izquierdo,Tomás Barrios Vera,1,false,2,finished,2,1,False,1706046000,Nikolas Sanchez Izquierdo,False,home,Tomás Barrios Vera,R32,2024-01-23 21:40
S0GZ,9,11994280,1706119200,"Punta del Este, Uruguay, Doubles",Challenger,Round of 16,Lavagno E / Sanchez Izquierdo N,Schnaitter J / Wallner M,2,false,2,finished,0,2,False,1706119200,Nikolas Sanchez Izquierdo,True,,,R16,2024-01-24 18:00
S0GZ,9,11978583,1706205600,"Punta del Este, Uruguay",Challenger,Round of 16,Juan Manuel Cerundolo,Nikolas Sanchez Izquierdo,1,false,1,finished,2,0,False,1706205600,Nikolas Sanchez Izquierdo,False,away,Juan Manuel Cerundolo,R16,2024-01-25 18:00
S0GZ,9,12019245,1706639100,"Piracicaba, Brazil",Challenger,Round of 32,Nikolas Sanchez Izquierdo,Kilian Feldbausch,2,false,1,finished,0,2,False,1706639100,Nikolas Sanchez Izquierdo,False,home,Kilian Feldbausch,R32,2024-01-30 18:25
S0GZ,9,12011324,1706713200,"Piracicaba, Brazil, Doubles",Challenger,Round of 16,Casanova H / Rodríguez Taverna S,Sanchez Izquierdo N / Taberner C,2,false,absent,finished,absent,absent,False,1706713200,Nikolas Sanchez Izquierdo,True,,,R16,2024-01-31 15:00
S0GZ,9,11999225,1706792400,"Piracicaba, Brazil, Doubles",Challenger,Quarterfinals,Andreozzi G / Duran G,Sanchez Izquierdo N / Taberner C,1,false,absent,finished,absent,absent,False,1706792400,Nikolas Sanchez Izquierdo,True,,,QF,2024-02-01 13:00
S0GZ,9,12039868,1707062100,"Marseille, France, Qualifying",ATP,Qualification round 1,Giulio Zeppieri,Nikolas Sanchez Izquierdo,1,false,2,finished,2,0,False,1707062100,Nikolas Sanchez Izquierdo,False,away,Giulio Zeppieri,Q1,2024-02-04 15:55
S0GZ,9,12077816,1708453500,"Tenerife 2, Spain",Challenger,Round of 32,Nikolas Sanchez Izquierdo,Martin Damm Jr,absent,false,1,canceled,absent,absent,False,1708453500,Nikolas Sanchez Izquierdo,False,home,Martin Damm Jr,R32,2024-02-20 18:25
S0GZ,9,12127650,1709731800,"Torello, Singles Main, M-ITF-ESP-12A",ITF Men,Round of 32,Nikolas Sanchez Izquierdo,Diego Fernandez Flores,2,false,2,finished,0,2,False,1709731800,Nikolas Sanchez Izquierdo,False,home,Diego Fernandez Flores,R32,2024-03-06 13:30
S0GZ,10,11588260,1693309200,"Como, Italy",Challenger,Round of 32,Nikolas Sanchez Izquierdo,Lukas Neumayer,2,false,absent,finished,1,2,False,1693309200,Nikolas Sanchez Izquierdo,False,home,Lukas Neumayer,R32,2023-08-29 11:40
S0GZ,10,11612178,1693938000,"Seville, Spain",Challenger,Round of 32,Viktor Durasović,Nikolas Sanchez Izquierdo,2,false,absent,finished,1,2,False,1693938000,Nikolas Sanchez Izquierdo,False,away,Viktor Durasović,R32,2023-09-05 18:20
S0GZ,10,11596480,1694009100,"Seville, Spain",Challenger,Round of 16,Pablo Llamas Ruiz,Nikolas Sanchez Izquierdo,1,false,absent,finished,2,1,False,1694009100,Nikolas Sanchez Izquierdo,False,away,Pablo Llamas Ruiz,R16,2023-09-06 14:05
S0GZ,10,11608974,1694028600,"Seville, Spain, Doubles",Challenger,Round of 16,Andreev A / Sanchez Izquierdo N,Vance J / Whiting T,1,false,absent,finished,2,1,False,1694028600,Nikolas Sanchez Izquierdo,True,,,R16,2023-09-06 19:30
S0GZ,10,11596499,1694100600,"Seville, Spain, Doubles",Challenger,Quarterfinals,Andreev A / Sanchez Izquierdo N,Barroso Campos A / Martínez P,2,false,absent,finished,1,2,False,1694100600,Nikolas Sanchez Izquierdo,True,,,QF,2023-09-07 15:30
S0GZ,10,11649975,1695106800,"Sibiu, Romania",Challenger,Round of 32,Zsombor Piros,Nikolas Sanchez Izquierdo,1,false,absent,finished,2,0,False,1695106800,Nikolas Sanchez Izquierdo,False,away,Zsombor Piros,R32,2023-09-19 07:00
S0GZ,10,11650150,1695193200,"Sibiu, Romania, Doubles",Challenger,Round of 16,Diez S / Sanchez Izquierdo N,Bonadio R / Fonio G,absent,false,absent,canceled,absent,absent,False,1695193200,Nikolas Sanchez Izquierdo,True,,,R16,2023-09-20 07:00
S0GZ,10,11683362,1695546000,"Braga, Portugal, Qualifying",Challenger,Qualification round 1,Duarte Vale,Nikolas Sanchez Izquierdo,2,false,absent,finished,0,2,False,1695546000,Nikolas Sanchez Izquierdo,False,away,Duarte Vale,Q1,2023-09-24 09:00
S0GZ,10,11684534,1695632400,"Braga, Portugal, Qualifying",Challenger,Qualification round 1,Timo Stodder,Nikolas Sanchez Izquierdo,1,false,absent,finished,2,1,False,1695632400,Nikolas Sanchez Izquierdo,False,away,Timo Stodder,Q1,2023-09-25 09:00
S0GZ,10,11703636,1696319700,"S. Margherita Di Pula, Singles, M-ITF-ITA-27A",ITF Men,Round of 32,Toby Martin,Nikolas Sanchez Izquierdo,2,false,1,finished,0,2,False,1696319700,Nikolas Sanchez Izquierdo,False,away,Toby Martin,R32,2023-10-03 07:55
S0GZ,10,11703723,1696346100,"S. Margherita Di Pula, Doubles, M-ITF-ITA-27B",ITF Men,Round of 16,Sanchez Izquierdo N / Tammaro M,Tabacco F / Tabacco G,1,false,absent,finished,absent,absent,False,1696346100,Nikolas Sanchez Izquierdo,True,,,R16,2023-10-03 15:15
S0GZ,10,11702660,1696406400,"S. Margherita Di Pula, Singles, M-ITF-ITA-27A",ITF Men,Round of 16,Tommaso Compagnucci,Nikolas Sanchez Izquierdo,2,false,absent,finished,0,2,False,1696406400,Nikolas Sanchez Izquierdo,False,away,Tommaso Compagnucci,R16,2023-10-04 08:00
S0GZ,10,11709354,1696496400,"S. Margherita Di Pula, Singles, M-ITF-ITA-27A",ITF Men,Quarterfinals,Federico Iannaccone,Nikolas Sanchez Izquierdo,2,false,2,finished,0,2,False,1696496400,Nikolas Sanchez Izquierdo,False,away,Federico Iannaccone,QF,2023-10-05 09:00
S0GZ,10,11707461,1696507800,"S. Margherita Di Pula, Doubles, M-ITF-ITA-27B",ITF Men,Quarterfinals,Pozzi D / Rottoli L,Sanchez Izquierdo N / Tammaro M,2,false,2,finished,1,2,False,1696507800,Nikolas Sanchez Izquierdo,True,,,QF,2023-10-05 12:10
S0GZ,10,11712963,1696582800,"S. Margherita Di Pula, Singles, M-ITF-ITA-27A",ITF Men,Semifinals,Gianmarco Ferrari,Nikolas Sanchez Izquierdo,2,false,1,finished,1,2,False,1696582800,Nikolas Sanchez Izquierdo,False,away,Gianmarco Ferrari,SF,2023-10-06 09:00
S0GZ,10,11713130,1696600800,"S. Margherita Di Pula, Doubles, M-ITF-ITA-27B",ITF Men,Semifinals,Potenza L / Ricca G,Sanchez Izquierdo N / Tammaro M,1,false,absent,finished,absent,absent,False,1696600800,Nikolas Sanchez Izquierdo,True,,,SF,2023-10-06 14:00
S0GZ,10,11716400,1696668900,"S. Margherita Di Pula, Singles, M-ITF-ITA-27A",ITF Men,Final,Gabriele Piraino,Nikolas Sanchez Izquierdo,2,false,2,finished,0,2,False,1696668900,Nikolas Sanchez Izquierdo,False,away,Gabriele Piraino,F,2023-10-07 08:55
S0GZ,10,11718943,1696810500,"S. Margherita Di Pula, Singles Main, M-ITF-ITA-28A",ITF Men,Round of 64,Matteo Gigolotti,Nikolas Sanchez Izquierdo,2,false,1,finished,1,2,False,1696810500,Nikolas Sanchez Izquierdo,False,away,Matteo Gigolotti,R64,2023-10-09 00:15
S0GZ,11,11311849,1685105100,"Mataro, Singles Main, M-ITF-ESP-13A",ITF Men,Quarterfinals,Adolfo Daniel Vallejo,Nikolas Sanchez Izquierdo,2,false,1,finished,0,2,False,1685105100,Nikolas Sanchez Izquierdo,False,away,Adolfo Daniel Vallejo,QF,2023-05-26 12:45
S0GZ,11,11312251,1685178000,"Mataro, Singles Main, M-ITF-ESP-13A",ITF Men,Semifinals,Kyle Kang,Nikolas Sanchez Izquierdo,2,false,1,finished,1,2,False,1685178000,Nikolas Sanchez Izquierdo,False,away,Kyle Kang,SF,2023-05-27 09:00
S0GZ,11,11313895,1685262000,"Mataro, Singles Main, M-ITF-ESP-13A",ITF Men,Final,Stefanos Sakellaridis,Nikolas Sanchez Izquierdo,2,false,2,finished,0,2,False,1685262000,Nikolas Sanchez Izquierdo,False,away,Stefanos Sakellaridis,F,2023-05-28 08:20
S0GZ,11,11342689,1686484500,"Lyon, France, Qualifying",Challenger,absent,Nikolas Sanchez Izquierdo,Tom Paris,2,false,absent,finished,0,2,False,1686484500,Nikolas Sanchez Izquierdo,False,home,Tom Paris,Q,2023-06-11 11:55
S0GZ,11,11357639,1687098300,"Blois, France, Qualifying",Challenger,Qualification round 1,Nikolas Sanchez Izquierdo,Jakub Paul,1,false,absent,finished,2,1,False,1687098300,Nikolas Sanchez Izquierdo,False,home,Jakub Paul,Q1,2023-06-18 14:25
S0GZ,11,11359107,1687175100,"Blois, France, Qualifying",Challenger,absent,Nikolas Sanchez Izquierdo,Connor Huertas Del Pino,1,false,absent,finished,2,0,False,1687175100,Nikolas Sanchez Izquierdo,False,home,Connor Huertas Del Pino,Q,2023-06-19 11:45
S0GZ,11,11360956,1687263600,"Blois, France",Challenger,Round of 32,Elmar Ejupovic,Nikolas Sanchez Izquierdo,2,false,absent,finished,1,2,False,1687263600,Nikolas Sanchez Izquierdo,False,away,Elmar Ejupovic,R32,2023-06-20 12:20
S0GZ,11,11353062,1687344600,"Blois, France",Challenger,Round of 16,Nikolas Sanchez Izquierdo,Pedro Martinez,1,false,absent,finished,2,0,False,1687344600,Nikolas Sanchez Izquierdo,False,home,Pedro Martinez,R16,2023-06-21 10:50
S0GZ,11,11353075,1687514400,"Blois, France",Challenger,Quarterfinals,Kenny De Schepper,Nikolas Sanchez Izquierdo,2,false,absent,finished,1,2,False,1687514400,Nikolas Sanchez Izquierdo,False,away,Kenny De Schepper,QF,2023-06-23 10:00
S0GZ,11,11353068,1687534200,"Blois, France",Challenger,Semifinals,Kyrian Jacquet,Nikolas Sanchez Izquierdo,1,false,absent,finished,2,0,False,1687534200,Nikolas Sanchez Izquierdo,False,away,Kyrian Jacquet,SF,2023-06-23 15:30
S0GZ,11,11398229,1688459400,"Troyes, France",Challenger,Round of 32,Nikolas Sanchez Izquierdo,Murkel Dellien,1,false,absent,finished,1,2,False,1688459400,Nikolas Sanchez Izquierdo,False,home,Murkel Dellien,R32,2023-07-04 08:30
S0GZ,11,11397487,1688547600,"Troyes, France, Doubles",Challenger,Round of 16,Martin Tiffon P / Sanchez Izquierdo N,Murkel Dellien / Dutra da Silva D,2,false,absent,finished,0,2,False,1688547600,Nikolas Sanchez Izquierdo,True,,,R16,2023-07-05 09:00
S0GZ,11,11421362,1689084000,"Esch-sur-Alzette, Doubles Main, M-ITF-LUX-02A",ITF Men,Round of 16,D. Sakellaridis / S. Sakellaridis,Beaupain S / Sanchez Izquierdo N,1,false,1,finished,2,0,False,1689084000,Nikolas Sanchez Izquierdo,True,,,R16,2023-07-11 14:00
S0GZ,11,11422438,1689175800,"Esch-sur-Alzette, Singles Main, M-ITF-LUX-02A",ITF Men,Round of 32,Nikolas Sanchez Izquierdo,Gilles Kremer,1,false,2,finished,2,0,False,1689175800,Nikolas Sanchez Izquierdo,False,home,Gilles Kremer,R32,2023-07-12 15:30
S0GZ,11,11427763,1689260400,"Esch-sur-Alzette, Singles Main, M-ITF-LUX-02A",ITF Men,Round of 16,Nikolas Sanchez Izquierdo,Martin Krumich,1,false,1,finished,2,0,False,1689260400,Nikolas Sanchez Izquierdo,False,home,Martin Krumich,R16,2023-07-13 15:00
S0GZ,11,11430502,1689328800,"Esch-sur-Alzette, Singles Main, M-ITF-LUX-02A",ITF Men,Quarterfinals,Nikolas Sanchez Izquierdo,Marcel Zielinski,1,false,2,finished,1,0,False,1689328800,Nikolas Sanchez Izquierdo,False,home,Marcel Zielinski,QF,2023-07-14 10:00
S0GZ,11,11432692,1689414900,"Esch-sur-Alzette, Singles Main, M-ITF-LUX-02A",ITF Men,Semifinals,Nikolas Sanchez Izquierdo,Alexander Blockx,1,false,1,finished,2,1,False,1689414900,Nikolas Sanchez Izquierdo,False,home,Alexander Blockx,SF,2023-07-15 09:55
S0GZ,11,11437041,1689496200,"Esch-sur-Alzette, Singles Main, M-ITF-LUX-02A",ITF Men,Final,Nikolas Sanchez Izquierdo,Marlon Vankan,1,false,2,finished,2,1,False,1689496200,Nikolas Sanchez Izquierdo,False,home,Marlon Vankan,F,2023-07-16 08:30
S0GZ,11,11436687,1689678600,"Tampere, Finland",Challenger,Round of 32,Edoardo Lavagno,Nikolas Sanchez Izquierdo,2,false,absent,finished,0,2,False,1689678600,Nikolas Sanchez Izquierdo,False,away,Edoardo Lavagno,R32,2023-07-18 11:10
S0GZ,12,11124838,1678881300,"Szekesfehervar, Hungary, Doubles",Challenger,Round of 16,S. Agabigun / E. Kirkin,Coppejans K / Sanchez Izquierdo N,1,false,absent,finished,2,0,False,1678881300,Nikolas Sanchez Izquierdo,True,,,R16,2023-03-15 11:55
S0GZ,12,11140912,1679410800,"Las Franquesas del Valles, Spain",Challenger,Round of 32,Nikolas Sanchez Izquierdo,Hugo Grenier,2,false,absent,finished,0,2,False,1679410800,Nikolas Sanchez Izquierdo,False,home,Hugo Grenier,R32,2023-03-21 15:00
S0GZ,12,11158006,1679824800,"Girona, Spain, Qualifying",Challenger,Qualification round 1,Nikolas Sanchez Izquierdo,Steven Diez,2,false,absent,finished,0,2,False,1679824800,Nikolas Sanchez Izquierdo,False,home,Steven Diez,Q1,2023-03-26 10:00
S0GZ,12,11190503,1680698100,"Reus, Singles Main, M-ITF-ESP-06A",ITF Men,Round of 32,Liam Gavrielides,Nikolas Sanchez Izquierdo,2,false,2,finished,0,2,False,1680698100,Nikolas Sanchez Izquierdo,False,away,Liam Gavrielides,R32,2023-04-05 12:35
S0GZ,12,11189368,1680798300,"Reus, Singles Main, M-ITF-ESP-06A",ITF Men,Round of 16,Sergi Perez Contri,Nikolas Sanchez Izquierdo,2,false,2,finished,1,2,False,1680798300,Nikolas Sanchez Izquierdo,False,away,Sergi Perez Contri,R16,2023-04-06 16:25
S0GZ,12,11195491,1680864300,"Reus, Singles Main, M-ITF-ESP-06A",ITF Men,Quarterfinals,Alejandro Manzanera Pertusa,Nikolas Sanchez Izquierdo,1,false,1,finished,2,1,False,1680864300,Nikolas Sanchez Izquierdo,False,away,Alejandro Manzanera Pertusa,QF,2023-04-07 10:45
S0GZ,12,11199048,1681052100,"Madrid, Spain, Qualifying",Challenger,Qualification round 1,Rafael Jodar,Nikolas Sanchez Izquierdo,2,false,absent,finished,0,2,False,1681052100,Nikolas Sanchez Izquierdo,False,away,Rafael Jodar,Q1,2023-04-09 14:55
S0GZ,12,11201541,1681117200,"Madrid, Spain, Qualifying",Challenger,Qualification round 1,Javier Barranco Cosano,Nikolas Sanchez Izquierdo,2,false,absent,finished,1,2,False,1681117200,Nikolas Sanchez Izquierdo,False,away,Javier Barranco Cosano,Q1,2023-04-10 09:00
S0GZ,12,11203493,1681202700,"Madrid, Spain",Challenger,Round of 32,Miguel Damas,Nikolas Sanchez Izquierdo,1,false,absent,finished,2,0,False,1681202700,Nikolas Sanchez Izquierdo,False,away,Miguel Damas,R32,2023-04-11 08:45
S0GZ,12,11214340,1681642800,"Oeiras 3, Portugal, Qualifying",Challenger,Qualification round 1,Nikolas Sanchez Izquierdo,Sandro Kopp,absent,false,absent,canceled,absent,absent,False,1681642800,Nikolas Sanchez Izquierdo,False,home,Sandro Kopp,Q1,2023-04-16 11:00
S0GZ,12,11232856,1682336100,"S. Margherita Di Pula, Singles Main, M-ITF-ITA-05A",ITF Men,Round of 32,Niccolo Ciavarella,Nikolas Sanchez Izquierdo,2,false,1,finished,1,2,False,1682336100,Nikolas Sanchez Izquierdo,False,away,Niccolo Ciavarella,R32,2023-04-24 11:35
S0GZ,12,11237279,1682495700,"S. Margherita Di Pula, Singles Main, M-ITF-ITA-05A",ITF Men,Round of 16,Lorenzo Carboni,Nikolas Sanchez Izquierdo,2,false,1,finished,0,2,False,1682495700,Nikolas Sanchez Izquierdo,False,away,Lorenzo Carboni,R16,2023-04-26 07:55
S0GZ,12,11236668,1682511900,"S. Margherita Di Pula, Doubles Main, M-ITF-ITA-05A",ITF Men,Round of 16,Veldheer M / Wehnelt K,Pujol Navarro B / Sanchez Izquierdo N,1,false,2,finished,2,0,False,1682511900,Nikolas Sanchez Izquierdo,True,,,R16,2023-04-26 12:25
S0GZ,12,11239894,1682591700,"S. Margherita Di Pula, Singles Main, M-ITF-ITA-05A",ITF Men,Quarterfinals,Giovanni Oradini,Nikolas Sanchez Izquierdo,1,false,2,finished,2,1,False,1682591700,Nikolas Sanchez Izquierdo,False,away,Giovanni Oradini,QF,2023-04-27 10:35
S0GZ,12,11252584,1683039600,"Sabadell, Doubles Main, M-ITF-ESP-12A",ITF Men,Round of 16,Merino A / Negritu C,López San Martín Á / Sanchez-Izquierdo N,2,false,absent,finished,0,2,False,1683039600,Nikolas Sanchez Izquierdo,True,,,R16,2023-05-02 15:00
S0GZ,12,11253890,1683108000,"Sabadell, Singles Main, M-ITF-ESP-12A",ITF Men,Round of 32,Nikolas Sanchez Izquierdo,Georgii Kravchenko,1,false,1,finished,2,0,False,1683108000,Nikolas Sanchez Izquierdo,False,home,Georgii Kravchenko,R32,2023-05-03 10:00
S0GZ,12,11255440,1683124800,"Sabadell, Doubles Main, M-ITF-ESP-12A",ITF Men,Quarterfinals,López San Martín Á / Sanchez-Izquierdo N,Blanchet U / Wenger D,2,false,absent,finished,absent,absent,False,1683124800,Nikolas Sanchez Izquierdo,True,,,QF,2023-05-03 14:40
S0GZ,12,11254119,1683190800,"Sabadell, Singles Main, M-ITF-ESP-12A",ITF Men,Round of 16,Nikolas Sanchez Izquierdo,Ugo Blanchet,1,false,1,finished,2,0,False,1683190800,Nikolas Sanchez Izquierdo,False,home,Ugo Blanchet,R16,2023-05-04 09:00
S0GZ,13,10730658,1664796900,"Parma II, Italy",Challenger,Round of 32,Nikolas Sanchez Izquierdo,Nicholas David Ionel,1,false,absent,finished,2,0,False,1664796900,Nikolas Sanchez Izquierdo,False,home,Nicholas David Ionel,R32,2022-10-03 11:35
S0GZ,13,10720489,1664980500,"Parma II, Italy",Challenger,Round of 16,Nikolas Sanchez Izquierdo,Dušan Lajović,2,false,absent,finished,0,2,False,1664980500,Nikolas Sanchez Izquierdo,False,home,Dušan Lajović,R16,2022-10-05 14:35
S0GZ,13,10746831,1665248700,"Gijon, Spain, Qualifying",ATP,Qualification round 1,Johan Nikles,Nikolas Sanchez Izquierdo,2,false,absent,finished,1,2,False,1665248700,Nikolas Sanchez Izquierdo,False,away,Johan Nikles,Q1,2022-10-08 17:05
S0GZ,13,10748689,1665316800,"Gijon, Spain, Qualifying",ATP,Qualification round,Manuel Guinard,Nikolas Sanchez Izquierdo,1,false,absent,finished,2,1,False,1665316800,Nikolas Sanchez Izquierdo,False,away,Manuel Guinard,Q,2022-10-09 12:00
S0GZ,13,10850398,1667401200,"Guayaquil, Ecuador",Challenger,Round of 32,Nikolas Sanchez Izquierdo,Matheus Pucinelli de Almeida,2,false,absent,finished,0,2,False,1667401200,Nikolas Sanchez Izquierdo,False,home,Matheus Pucinelli de Almeida,R32,2022-11-02 15:00
S0GZ,13,10850429,1667426100,"Guayaquil, Ecuador, Doubles",Challenger,Round of 16,Balaji N S / Nedunchezhiyan J,Comesana F / Sanchez Izquierdo N,1,false,absent,finished,2,1,False,1667426100,Nikolas Sanchez Izquierdo,True,,,R16,2022-11-02 21:55
S0GZ,13,10862862,1667997600,"Roanne, France",Challenger,Round of 32,Jay Clarke,Nikolas Sanchez Izquierdo,2,false,absent,finished,1,2,False,1667997600,Nikolas Sanchez Izquierdo,False,away,Jay Clarke,R32,2022-11-09 12:40
S0GZ,13,10875079,1668080400,"Roanne, France",Challenger,Round of 16,Luca Van Assche,Nikolas Sanchez Izquierdo,1,false,absent,finished,2,0,False,1668080400,Nikolas Sanchez Izquierdo,False,away,Luca Van Assche,R16,2022-11-10 11:40
S0GZ,13,10898909,1669107600,"Valencia, Spain",Challenger,Round of 32,Alessandro Giannessi,Nikolas Sanchez Izquierdo,2,false,absent,finished,0,2,False,1669107600,Nikolas Sanchez Izquierdo,False,away,Alessandro Giannessi,R32,2022-11-22 09:00
S0GZ,13,10894479,1669107600,"Valencia, Spain",Challenger,Round of 32,Bernabe Zapata Miralles,Nikolas Sanchez Izquierdo,absent,false,absent,canceled,absent,absent,False,1669107600,Nikolas Sanchez Izquierdo,False,away,Bernabe Zapata Miralles,R32,2022-11-22 09:00
S0GZ,13,10888120,1669199400,"Valencia, Spain",Challenger,Round of 16,Nikolas Sanchez Izquierdo,Nikola Milojevic,2,false,absent,finished,1,2,False,1669199400,Nikolas Sanchez Izquierdo,False,home,Nikola Milojevic,R16,2022-11-23 10:30
S0GZ,13,10896197,1669213200,"Valencia, Spain, Doubles",Challenger,Round of 16,Barroso Campos A / Carballes Baena R,Darderi L / Sanchez Izquierdo N,absent,false,absent,canceled,absent,absent,False,1669213200,Nikolas Sanchez Izquierdo,True,,,R16,2022-11-23 14:20
S0GZ,13,10901007,1669217400,"Valencia, Spain, Doubles",Challenger,Round of 16,Coppejans K / Moroni G M,Darderi L / Sanchez Izquierdo N,1,false,absent,finished,absent,absent,False,1669217400,Nikolas Sanchez Izquierdo,True,,,R16,2022-11-23 15:30
S0GZ,13,10906549,1669732800,"Maspalomas, Spain",Challenger,Round of 32,Nikolas Sanchez Izquierdo,Oriol Roca Batalla,2,false,absent,finished,0,2,False,1669732800,Nikolas Sanchez Izquierdo,False,home,Oriol Roca Batalla,R32,2022-11-29 14:40
S0GZ,13,10977365,1673352900,"Oeiras 2, Portugal",Challenger,Round of 32,Nikolas Sanchez Izquierdo,Pedro Sousa,2,false,absent,finished,0,2,False,1673352900,Nikolas Sanchez Izquierdo,False,home,Pedro Sousa,R32,2023-01-10 12:15
S0GZ,13,10977055,1673452200,"Oeiras 2, Portugal, Doubles",Challenger,Round of 16,Diez S / Sanchez Izquierdo N,Niklas-Salminen P / Stevens B,2,false,absent,finished,0,2,False,1673452200,Nikolas Sanchez Izquierdo,True,,,R16,2023-01-11 15:50
S0GZ,13,10992338,1673967300,"Tenerife, Spain",Challenger,Round of 32,Nikolas Sanchez Izquierdo,Francesco Passaro,2,false,absent,finished,0,2,False,1673967300,Nikolas Sanchez Izquierdo,False,home,Francesco Passaro,R32,2023-01-17 14:55
S0GZ,13,111148,1674518400,"Manacor, Doubles Main, M-ITF-ESP-03A",ITF Men,Round of 16,López San Martín Á / Sanchez-Izquierdo N,Domenech Castillo J / Molino J,1,false,1,finished,absent,absent,False,1674518400,Nikolas Sanchez Izquierdo,True,,,R16,2023-01-24 00:00
S0GZ,14,10368958,1655467200,"Blois, France",Challenger,Quarterfinals,Nikolas Sanchez Izquierdo,Luca Van Assche,2,false,absent,finished,0,2,False,1655467200,Nikolas Sanchez Izquierdo,False,home,Luca Van Assche,QF,2022-06-17 12:00
S0GZ,14,10397639,1655814900,"Oeiras 3, Portugal",Challenger,Round of 32,Alexandar Lazarov,Nikolas Sanchez Izquierdo,2,false,absent,finished,1,2,False,1655814900,Nikolas Sanchez Izquierdo,False,away,Alexandar Lazarov,R32,2022-06-21 12:35
S0GZ,14,10381236,1655980200,"Oeiras 3, Portugal",Challenger,Round of 16,Nikolas Sanchez Izquierdo,Facundo Bagnis,2,false,absent,finished,0,2,False,1655980200,Nikolas Sanchez Izquierdo,False,home,Facundo Bagnis,R16,2022-06-23 10:30
S0GZ,14,10419404,1656414600,"Troyes, France",Challenger,Round of 32,Adrian Andreev,Nikolas Sanchez Izquierdo,2,false,absent,finished,1,2,False,1656414600,Nikolas Sanchez Izquierdo,False,away,Adrian Andreev,R32,2022-06-28 11:10
S0GZ,14,10400209,1656507000,"Troyes, France",Challenger,Round of 16,Timofey Skatov,Nikolas Sanchez Izquierdo,2,false,absent,finished,0,2,False,1656507000,Nikolas Sanchez Izquierdo,False,away,Timofey Skatov,R16,2022-06-29 12:50
S0GZ,14,10400205,1656680400,"Troyes, France",Challenger,Quarterfinals,Nikolas Sanchez Izquierdo,Raul Brancaccio,2,false,absent,finished,0,2,False,1656680400,Nikolas Sanchez Izquierdo,False,home,Raul Brancaccio,QF,2022-07-01 13:00
S0GZ,14,10449980,1657611000,"Iasi, Romania",Challenger,Round of 32,Nikolas Sanchez Izquierdo,Matteo Arnaldi,1,false,absent,finished,2,0,False,1657611000,Nikolas Sanchez Izquierdo,False,home,Matteo Arnaldi,R32,2022-07-12 07:30
S0GZ,14,10449215,1657711500,"Iasi, Romania, Doubles",Challenger,Round of 16,Kolar Z / Molchanov D,de Loore J / Sanchez Izquierdo N,absent,false,absent,canceled,absent,absent,False,1657711500,Nikolas Sanchez Izquierdo,True,,,R16,2022-07-13 11:25
S0GZ,14,10462924,1657722600,"Iasi, Romania, Doubles",Challenger,Round of 16,Palosi S / Tomescu D A,de Loore J / Sanchez Izquierdo N,1,false,absent,finished,2,0,False,1657722600,Nikolas Sanchez Izquierdo,True,,,R16,2022-07-13 14:30
S0GZ,14,10442581,1657792800,"Iasi, Romania",Challenger,Round of 16,Nikolas Sanchez Izquierdo,Felipe Meligeni Alves,2,false,absent,finished,0,2,False,1657792800,Nikolas Sanchez Izquierdo,False,home,Felipe Meligeni Alves,R16,2022-07-14 10:00
S0GZ,14,10487238,1658226000,"Tampere, Finland",Challenger,Round of 32,Nikolas Sanchez Izquierdo,Dimitar Kuzmanov,absent,false,absent,canceled,absent,absent,False,1658226000,Nikolas Sanchez Izquierdo,False,home,Dimitar Kuzmanov,R32,2022-07-19 10:20
S0GZ,14,10512682,1658833200,"San Benedetto Del Tronto, Italy",Challenger,Round of 32,Gianmarco Ferrari,Nikolas Sanchez Izquierdo,1,false,absent,finished,2,0,False,1658833200,Nikolas Sanchez Izquierdo,False,away,Gianmarco Ferrari,R32,2022-07-26 11:00
S0GZ,14,10534396,1659531000,"Cordenons, Italy",Challenger,Round of 32,Ernests Gulbis,Nikolas Sanchez Izquierdo,1,false,absent,finished,2,0,False,1659531000,Nikolas Sanchez Izquierdo,False,away,Ernests Gulbis,R32,2022-08-03 12:50
S0GZ,14,10551794,1660047000,"San Marino, San Marino",Challenger,Round of 32,Nikolas Sanchez Izquierdo,Alexandre Muller,1,false,absent,finished,2,1,False,1660047000,Nikolas Sanchez Izquierdo,False,home,Alexandre Muller,R32,2022-08-09 12:10
S0GZ,14,10551176,1660136400,"San Marino, San Marino",Challenger,Round of 16,Robin Haase,Nikolas Sanchez Izquierdo,2,false,absent,finished,1,2,False,1660136400,Nikolas Sanchez Izquierdo,False,away,Robin Haase,R16,2022-08-10 13:00
S0GZ,14,10551284,1660149000,"San Marino, San Marino, Doubles",Challenger,Round of 16,Roca Batalla O / Sanchez Izquierdo N,Bondarevskiy Y / Kotov P,1,false,absent,finished,2,0,False,1660149000,Nikolas Sanchez Izquierdo,True,,,R16,2022-08-10 16:30
S0GZ,14,10551132,1660241700,"San Marino, San Marino, Doubles",Challenger,Quarterfinals,Martinez L D / Reboul F,Roca Batalla O / Sanchez Izquierdo N,1,false,absent,finished,2,0,False,1660241700,Nikolas Sanchez Izquierdo,True,,,QF,2022-08-11 18:15
S0GZ,14,10551154,1660316400,"San Marino, San Marino",Challenger,Quarterfinals,Filip Cristian Jianu,Nikolas Sanchez Izquierdo,1,false,absent,finished,2,0,False,1660316400,Nikolas Sanchez Izquierdo,False,away,Filip Cristian Jianu,QF,2022-08-12 15:00
S0GZ,15,10108205,1643894400,"Villena, Doubles, 2022 Spain F1, Doubles",ITF Men,Quarterfinals,Blanch D / Orgiles Garcia Retamero I,Gutierrez O J / Sanchez Izquierdo N,1,false,absent,finished,absent,absent,False,1643894400,Nikolas Sanchez Izquierdo,True,,,QF,2022-02-03 13:20
S0GZ,15,10111407,1643967000,"Spain F1, Singles",ITF Men,Quarterfinals,Nikolas Sanchez Izquierdo,Maxime Chazal,1,false,1,finished,2,0,False,1643967000,Nikolas Sanchez Izquierdo,False,home,Maxime Chazal,QF,2022-02-04 09:30
S0GZ,15,10114203,1644053400,"Spain F1, Singles",ITF Men,Semifinals,Nikolas Sanchez Izquierdo,Johannes Haerteis,1,false,1,finished,2,1,False,1644053400,Nikolas Sanchez Izquierdo,False,home,Johannes Haerteis,SF,2022-02-05 09:30
S0GZ,15,10116577,1644140700,"Spain F1, Singles",ITF Men,Final,Nikolas Sanchez Izquierdo,Alejandro Moro Canas,1,false,2,finished,2,0,False,1644140700,Nikolas Sanchez Izquierdo,False,home,Alejandro Moro Canas,F,2022-02-06 09:45
S0GZ,15,10134055,1644753600,"Forli 4, Italy, Qualifying",Challenger,Qualification round 1,Alexander Ritschard,Nikolas Sanchez Izquierdo,1,false,absent,finished,2,0,False,1644753600,Nikolas Sanchez Izquierdo,False,away,Alexander Ritschard,Q1,2022-02-13 12:00
S0GZ,15,10146177,1645387500,"Pau, France, Qualifying",Challenger,Qualification round 1,Nikolas Sanchez Izquierdo,Arthur Fils,2,false,absent,finished,1,2,False,1645387500,Nikolas Sanchez Izquierdo,False,home,Arthur Fils,Q1,2022-02-20 20:05
S0GZ,15,10158861,1646128800,"Gran Canaria, Spain",Challenger,Round of 32,Nikolas Sanchez Izquierdo,Lorenzo Giustino,1,false,absent,finished,2,0,False,1646128800,Nikolas Sanchez Izquierdo,False,home,Lorenzo Giustino,R32,2022-03-01 10:00
S0GZ,15,10158718,1646141400,"Gran Canaria, Spain, Doubles",Challenger,Round of 16,Roca Batalla O / Sanchez Izquierdo N,Martin A / Weissborn S,2,false,absent,finished,0,2,False,1646141400,Nikolas Sanchez Izquierdo,True,,,R16,2022-03-01 13:30
S0GZ,15,10155271,1646303400,"Gran Canaria, Spain",Challenger,Round of 16,Duje Ajdukovic,Nikolas Sanchez Izquierdo,1,false,absent,finished,2,0,False,1646303400,Nikolas Sanchez Izquierdo,False,away,Duje Ajdukovic,R16,2022-03-03 10:30
S0GZ,15,10177286,1646557200,"Roseto Degli Abruzzi, Italy, Qualifying",Challenger,Qualification round 1,Nikolas Sanchez Izquierdo,Jeevan Nedunchezhiyan,1,false,absent,finished,2,0,False,1646557200,Nikolas Sanchez Izquierdo,False,home,Jeevan Nedunchezhiyan,Q1,2022-03-06 09:00
S0GZ,15,10178199,1646647200,"Roseto Degli Abruzzi, Italy, Qualifying",Challenger,Qualification Final,Nikolas Sanchez Izquierdo,Elmar Ejupovic,1,false,absent,finished,2,0,False,1646647200,Nikolas Sanchez Izquierdo,False,home,Elmar Ejupovic,Q,2022-03-07 10:00
S0GZ,15,10180563,1646743800,"Roseto Degli Abruzzi, Italy",Challenger,Round of 32,Nikolas Sanchez Izquierdo,Francesco Maestrelli,1,false,absent,finished,2,1,False,1646743800,Nikolas Sanchez Izquierdo,False,home,Francesco Maestrelli,R32,2022-03-08 12:50
S0GZ,15,10171539,1646906400,"Roseto Degli Abruzzi, Italy",Challenger,Round of 16,Bernabe Zapata Miralles,Nikolas Sanchez Izquierdo,2,false,absent,finished,1,2,False,1646906400,Nikolas Sanchez Izquierdo,False,away,Bernabe Zapata Miralles,R16,2022-03-10 10:00
S0GZ,15,10171534,1646992800,"Roseto Degli Abruzzi, Italy",Challenger,Quarterfinals,Nikolas Sanchez Izquierdo,Lukas Rosol,1,false,absent,finished,2,0,False,1646992800,Nikolas Sanchez Izquierdo,False,home,Lukas Rosol,QF,2022-03-11 10:00
S0GZ,15,10171525,1647079200,"Roseto Degli Abruzzi, Italy",Challenger,Semifinals,Carlos Taberner,Nikolas Sanchez Izquierdo,1,false,absent,finished,2,0,False,1647079200,Nikolas Sanchez Izquierdo,False,away,Carlos Taberner,SF,2022-03-12 10:00
S0GZ,15,10219577,1648391100,"Oeiras 1, Portugal, Qualifying",Challenger,Qualification round 1,Nikolas Sanchez Izquierdo,Kai Wehnelt,2,false,absent,finished,0,0,False,1648391100,Nikolas Sanchez Izquierdo,False,home,Kai Wehnelt,Q1,2022-03-27 14:25
S0GZ,15,10256771,1650110700,"Barcelona, Spain, Qualifying",ATP,Qualification,Nikolas Sanchez Izquierdo,Hugo Grenier,2,false,absent,finished,0,2,False,1650110700,Nikolas Sanchez Izquierdo,False,home,Hugo Grenier,Q,2022-04-16 12:05
S0GZ,15,10284192,1651392000,"Mauthausen, Austria, Qualifying",Challenger,Qualification round 1,Nikolas Sanchez Izquierdo,Maximilian Neuchrist,1,false,absent,finished,2,0,False,1651392000,Nikolas Sanchez Izquierdo,False,home,Maximilian Neuchrist,Q1,2022-05-01 08:00
S0GZ,16,9804521,1631787600,"Madrid, Singles M-ITF-ESP-23A",ITF Men,Round of 16,Nikolas Sanchez Izquierdo,Arnaud Bovy,1,false,2,finished,2,0,False,1631787600,Nikolas Sanchez Izquierdo,False,home,Arnaud Bovy,R16,2021-09-16 10:20
S0GZ,16,9806660,1631875500,"Madrid, Singles M-ITF-ESP-23A",ITF Men,Quarterfinals,Nikolas Sanchez Izquierdo,Filip Misolic,1,false,2,finished,2,0,False,1631875500,Nikolas Sanchez Izquierdo,False,home,Filip Misolic,QF,2021-09-17 10:45
S0GZ,16,9809802,1631968200,"Madrid, Singles M-ITF-ESP-23A",ITF Men,Semifinals,Luca Nardi,Nikolas Sanchez Izquierdo,1,false,absent,finished,2,0,False,1631968200,Nikolas Sanchez Izquierdo,False,away,Luca Nardi,SF,2021-09-18 12:30
S0GZ,16,9812320,1632052200,"Braga, Portugal, Qualifying",Challenger,Qualification round 1,Nikolas Sanchez Izquierdo,Henrique Rocha,1,false,absent,finished,2,0,False,1632052200,Nikolas Sanchez Izquierdo,False,home,Henrique Rocha,Q1,2021-09-19 11:50
S0GZ,16,9813848,1632128400,"Braga, Portugal, Qualifying",Challenger,Qualification Final,Nikolas Sanchez Izquierdo,Sebastian Fanselow,1,false,absent,finished,2,1,False,1632128400,Nikolas Sanchez Izquierdo,False,home,Sebastian Fanselow,Q,2021-09-20 09:00
S0GZ,16,9816035,1632220500,"Braga, Portugal",Challenger,Round of 32,Steven Diez,Nikolas Sanchez Izquierdo,2,false,2,finished,0,0,False,1632220500,Nikolas Sanchez Izquierdo,False,away,Steven Diez,R32,2021-09-21 10:35
S0GZ,16,9819266,1632387600,"Braga, Portugal",Challenger,Round of 16,Nikolas Sanchez Izquierdo,Andrea Collarini,1,false,2,finished,2,0,False,1632387600,Nikolas Sanchez Izquierdo,False,home,Andrea Collarini,R16,2021-09-23 09:00
S0GZ,16,9833127,1632564000,"Braga, Portugal",Challenger,Quarterfinals,Nikolas Sanchez Izquierdo,Taro Daniel,1,false,1,finished,2,0,False,1632564000,Nikolas Sanchez Izquierdo,False,home,Taro Daniel,QF,2021-09-25 10:00
S0GZ,16,9836610,1632576600,"Braga, Portugal",Challenger,Semifinals,Nikola Milojević,Nikolas Sanchez Izquierdo,1,false,absent,finished,2,0,False,1632576600,Nikolas Sanchez Izquierdo,False,away,Nikola Milojević,SF,2021-09-25 13:30
S0GZ,16,9837685,1632826200,"Murcia, Spain",Challenger,Round of 32,Nikolas Sanchez Izquierdo,Tallon Griekspoor,2,false,2,finished,0,2,False,1632826200,Nikolas Sanchez Izquierdo,False,home,Tallon Griekspoor,R32,2021-09-28 10:50
S0GZ,16,9854297,1633440900,"Barcelona, Spain",Challenger,Round of 32,Nikolas Sanchez Izquierdo,Teimuraz Gabashvili,2,false,absent,finished,0,2,False,1633440900,Nikolas Sanchez Izquierdo,False,home,Teimuraz Gabashvili,R32,2021-10-05 13:35
S0GZ,16,9853688,1633520400,"Barcelona, Spain, Doubles",Challenger,Round of 16,Heliovaara H / Jebavy R,López San Martín Á / Sanchez-Izquierdo N,1,false,1,finished,2,0,False,1633520400,Nikolas Sanchez Izquierdo,True,,,R16,2021-10-06 11:40
S0GZ,16,9892360,1634658000,"Buenos Aires, Argentina",Challenger,Round of 32,Juan Pablo Ficovich,Nikolas Sanchez Izquierdo,1,false,2,finished,2,0,False,1634658000,Nikolas Sanchez Izquierdo,False,away,Juan Pablo Ficovich,R32,2021-10-19 15:40
S0GZ,16,9892099,1634671500,"Buenos Aires, Argentina, Doubles",Challenger,Round of 16,Hardt N / Sanchez Izquierdo N,Comesaña F / Navone M,1,false,absent,finished,absent,absent,False,1634671500,Nikolas Sanchez Izquierdo,True,,,R16,2021-10-19 19:25
S0GZ,16,9906515,1634842800,"Buenos Aires, Argentina, Doubles",Challenger,Quarterfinals,Hardt N / Sanchez Izquierdo N,Kicker N / Ugo Carabelli Camilo,2,false,2,finished,1,2,False,1634842800,Nikolas Sanchez Izquierdo,True,,,QF,2021-10-21 19:00
S0GZ,16,9955606,1636888500,"Pau, France, Qualifying",Challenger,Round of 16,Nikolas Sanchez Izquierdo,Piotr Matuszewski,1,false,absent,finished,2,0,False,1636888500,Nikolas Sanchez Izquierdo,False,home,Piotr Matuszewski,Q,2021-11-14 11:15
S0GZ,16,9955928,1636970400,"Pau, France, Qualifying",Challenger,Qualification Final,Nikolas Sanchez Izquierdo,Georgii Kravchenko,2,false,1,finished,0,2,False,1636970400,Nikolas Sanchez Izquierdo,False,home,Georgii Kravchenko,Q,2021-11-15 10:00
S0GZ,16,9955948,1637001000,"Pau, France, Doubles",Challenger,Round of 16,Kravchenko G / Sanchez Izquierdo N,Diez S / Giannessi A,1,false,2,finished,2,0,False,1637001000,Nikolas Sanchez Izquierdo,True,,,R16,2021-11-15 18:30
S0GZ,17,9582769,1624193700,"Milan, Italy, Qualifying",Challenger,Qualification round 1,Nikolas Sanchez Izquierdo,Orlando Luz,2,false,absent,finished,1,2,False,1624193700,Nikolas Sanchez Izquierdo,False,home,Orlando Luz,Q1,2021-06-20 12:55
S0GZ,17,9599319,1625059800,"Bourg-en-Bresse, Singles M-ITF-FRA-08A",ITF Men,Round of 32,Jonathan Eysseric,Nikolas Sanchez Izquierdo,2,false,2,finished,1,2,False,1625059800,Nikolas Sanchez Izquierdo,False,away,Jonathan Eysseric,R32,2021-06-30 13:30
S0GZ,17,9600077,1625073300,"Bourg-en-Bresse, Doubles M-ITF-FRA-08A",ITF Men,Round of 16,T. Arribage / J. Eysseric,Napolitano S / Sanchez Izquierdo N,1,false,absent,finished,absent,absent,False,1625073300,Nikolas Sanchez Izquierdo,True,,,R16,2021-06-30 17:15
S0GZ,17,9602736,1625134800,"Bourg-en-Bresse, Singles M-ITF-FRA-08A",ITF Men,Round of 16,Damien Wenger,Nikolas Sanchez Izquierdo,1,false,2,finished,2,0,False,1625134800,Nikolas Sanchez Izquierdo,False,away,Damien Wenger,R16,2021-07-01 10:20
S0GZ,17,9609924,1625490000,"Casinalbo, Singles M-ITF-ITA-06A",ITF Men,Round of 32,Nikolas Sanchez Izquierdo,Pietro Rondoni,1,false,2,finished,2,0,False,1625490000,Nikolas Sanchez Izquierdo,False,home,Pietro Rondoni,R32,2021-07-05 13:00
S0GZ,17,9613527,1625682600,"Casinalbo, Singles M-ITF-ITA-06A",ITF Men,Round of 16,Nikolas Sanchez Izquierdo,Simone Roncalli,1,false,2,finished,2,1,False,1625682600,Nikolas Sanchez Izquierdo,False,home,Simone Roncalli,R16,2021-07-07 18:30
S0GZ,17,9617222,1625735700,"Casinalbo, Singles M-ITF-ITA-06A",ITF Men,Quarterfinals,Nikolas Sanchez Izquierdo,Gijs Brouwer,2,false,1,finished,0,2,False,1625735700,Nikolas Sanchez Izquierdo,False,home,Gijs Brouwer,QF,2021-07-08 09:15
S0GZ,17,9623400,1626089700,"Iasi, Romania",Challenger,Round of 32,Nikolas Sanchez Izquierdo,Nicholas David Ionel,2,false,1,finished,1,2,False,1626089700,Nikolas Sanchez Izquierdo,False,home,Nicholas David Ionel,R32,2021-07-12 11:35
S0GZ,17,9672095,1627403700,"Segovia, Spain",Challenger,Round of 32,Feliciano Lopez,Nikolas Sanchez Izquierdo,1,false,2,finished,2,0,False,1627403700,Nikolas Sanchez Izquierdo,False,away,Feliciano Lopez,R32,2021-07-27 16:35
S0GZ,17,9670857,1627459200,"Segovia, Spain, Doubles",Challenger,Round of 16,Jianu F C / Sanchez Izquierdo N,Echeverria J / Mendoza A,2,false,absent,finished,absent,absent,False,1627459200,Nikolas Sanchez Izquierdo,True,,,R16,2021-07-28 08:00
S0GZ,17,9690032,1627824900,"Cordenons, Italy, Qualifying",Challenger,Qualification round 1,Francesco Forti,Nikolas Sanchez Izquierdo,1,false,absent,finished,2,1,False,1627824900,Nikolas Sanchez Izquierdo,False,away,Francesco Forti,Q1,2021-08-01 13:35
S0GZ,17,9704688,1628424600,"San Marino, San Marino, Qualifying",Challenger,Qualification round 1,Matteo Arnaldi,Nikolas Sanchez Izquierdo,2,false,1,finished,1,2,False,1628424600,Nikolas Sanchez Izquierdo,False,away,Matteo Arnaldi,Q1,2021-08-08 12:10
S0GZ,17,9707254,1628513100,"San Marino, San Marino, Qualifying",Challenger,Qualification Final,Orlando Luz,Nikolas Sanchez Izquierdo,1,false,1,finished,2,1,False,1628513100,Nikolas Sanchez Izquierdo,False,away,Orlando Luz,Q,2021-08-09 12:45
S0GZ,17,9711179,1628692200,"San Marino, San Marino, Doubles",Challenger,Round of 16,Glasspool L / O Mara J,Gutierrez O J / Sanchez Izquierdo N,2,false,1,finished,1,2,False,1628692200,Nikolas Sanchez Izquierdo,True,,,R16,2021-08-11 14:30
S0GZ,17,9713325,1628778600,"San Marino, San Marino, Doubles",Challenger,Quarterfinals,Gutierrez O J / Sanchez Izquierdo N,King E / Schnur M,2,false,2,finished,1,2,False,1628778600,Nikolas Sanchez Izquierdo,True,,,QF,2021-08-12 14:30
S0GZ,17,9723045,1629117300,"Prostejov, Doubles M-ITF-CZE-04A",ITF Men,Round of 16,Jancovic P / Lahky N,Miedler L / Sanchez Izquierdo N,2,false,1,finished,0,2,False,1629117300,Nikolas Sanchez Izquierdo,True,,,R16,2021-08-16 12:35
S0GZ,17,9723046,1629178800,"Prostejov, Singles M-ITF-CZE-04A",ITF Men,Round of 32,M. Páník,Nikolas Sanchez Izquierdo,2,false,1,finished,0,2,False,1629178800,Nikolas Sanchez Izquierdo,False,away,M. Páník,R32,2021-08-17 05:40
S0GZ,18,9396235,1615541100,"La Nucia, Singles M-ITF-ESP-04A",ITF Men,Quarterfinals,Georgii Kravchenko,Nikolas Sanchez Izquierdo,2,false,2,finished,0,2,False,1615541100,Nikolas Sanchez Izquierdo,False,away,Georgii Kravchenko,QF,2021-03-12 09:25
S0GZ,18,9397476,1615629600,"La Nucia, Singles M-ITF-ESP-04A",ITF Men,Semifinals,Nikolas Sanchez Izquierdo,Pablo Llamas Ruiz,1,false,1,finished,2,0,False,1615629600,Nikolas Sanchez Izquierdo,False,home,Pablo Llamas Ruiz,SF,2021-03-13 10:00
S0GZ,18,9398686,1615719600,"La Nucia, Singles M-ITF-ESP-04A",ITF Men,Final,Emilio Nava,Nikolas Sanchez Izquierdo,1,false,2,finished,2,0,False,1615719600,Nikolas Sanchez Izquierdo,False,away,Emilio Nava,F,2021-03-14 11:00
S0GZ,18,9415299,1616333700,"Zadar, Croatia, Qualifying",Challenger,Qualification round 1,Nikolas Sanchez Izquierdo,Flavio Cobolli,1,false,absent,finished,2,0,False,1616333700,Nikolas Sanchez Izquierdo,False,home,Flavio Cobolli,Q1,2021-03-21 13:35
S0GZ,18,9416258,1616411700,"Zadar, Croatia, Qualifying",Challenger,Qualification Final,Nikolas Sanchez Izquierdo,Skander Mansouri,1,false,2,finished,2,0,False,1616411700,Nikolas Sanchez Izquierdo,False,home,Skander Mansouri,Q,2021-03-22 11:15
S0GZ,18,9418766,1616490000,"Zadar, Croatia",Challenger,Round of 32,Nikolas Sanchez Izquierdo,Matija Pecotić,1,false,2,finished,2,1,False,1616490000,Nikolas Sanchez Izquierdo,False,home,Matija Pecotić,R32,2021-03-23 09:00
S0GZ,18,9421033,1616580900,"Zadar, Croatia, Doubles",Challenger,Round of 16,Brkic T / Serdarusic N,Kopriva V / Sanchez Izquierdo N,1,false,2,finished,2,0,False,1616580900,Nikolas Sanchez Izquierdo,True,,,R16,2021-03-24 10:15
S0GZ,18,9420948,1616664600,"Zadar, Croatia",Challenger,Round of 16,Gianluca Mager,Nikolas Sanchez Izquierdo,1,false,1,finished,2,1,False,1616664600,Nikolas Sanchez Izquierdo,False,away,Gianluca Mager,R16,2021-03-25 09:30
S0GZ,18,9431063,1616925600,"Marbella, Spain, Qualifying",Challenger,Qualification round 1,Nikolas Sanchez Izquierdo,Angel Guerrero Melgar,1,false,absent,finished,2,0,False,1616925600,Nikolas Sanchez Izquierdo,False,home,Angel Guerrero Melgar,Q1,2021-03-28 10:00
S0GZ,18,9432190,1617008400,"Marbella, Spain, Qualifying",Challenger,Qualification Final,Nikolas Sanchez Izquierdo,Timofey Skatov,1,false,1,finished,2,1,False,1617008400,Nikolas Sanchez Izquierdo,False,home,Timofey Skatov,Q,2021-03-29 09:00
S0GZ,18,9434819,1617115500,"Marbella, Spain",Challenger,Round of 32,Damir Džumhur,Nikolas Sanchez Izquierdo,1,false,1,finished,2,0,False,1617115500,Nikolas Sanchez Izquierdo,False,away,Damir Džumhur,R32,2021-03-30 14:45
S0GZ,18,9465055,1618310700,"Reus, Singles M-ITF-ESP-06A",ITF Men,Round of 32,Kyrian Jacquet,Nikolas Sanchez Izquierdo,2,false,1,finished,0,2,False,1618310700,Nikolas Sanchez Izquierdo,False,away,Kyrian Jacquet,R32,2021-04-13 10:45
S0GZ,18,9465074,1618318800,"Reus, Doubles M-ITF-ESP-06A",ITF Men,Round of 16,López San Martín Á / Sanchez-Izquierdo N,Mochizuki S / Rodriguez C,1,false,absent,finished,absent,absent,False,1618318800,Nikolas Sanchez Izquierdo,True,,,R16,2021-04-13 13:00
S0GZ,18,9467295,1618405200,"Reus, Doubles M-ITF-ESP-06A",ITF Men,Quarterfinals,Fils A / Mpetshi Perricard G,López San Martín Á / Sanchez-Izquierdo N,1,false,1,finished,2,1,False,1618405200,Nikolas Sanchez Izquierdo,True,,,QF,2021-04-14 13:00
S0GZ,18,9469323,1618481100,"Reus, Singles M-ITF-ESP-06A",ITF Men,Round of 16,Titouan Droguet,Nikolas Sanchez Izquierdo,1,false,2,finished,2,0,False,1618481100,Nikolas Sanchez Izquierdo,False,away,Titouan Droguet,R16,2021-04-15 10:05
S0GZ,18,9478070,1618925400,"Angers, Doubles M-ITF-FRA-05A",ITF Men,Round of 16,"Cazaux, A / Droguet T.",Hamou M / Sanchez Izquierdo N,1,false,1,finished,2,0,False,1618925400,Nikolas Sanchez Izquierdo,True,,,R16,2021-04-20 13:30
S0GZ,18,9476789,1619020800,"Angers, Singles M-ITF-FRA-05A",ITF Men,Round of 32,Sebastian Fanselow,Nikolas Sanchez Izquierdo,1,false,2,finished,2,0,False,1619020800,Nikolas Sanchez Izquierdo,False,away,Sebastian Fanselow,R32,2021-04-21 16:00
S0GZ,19,9092492,1601806800,"Barcelona, Spain, Qualifying",Challenger,Qualification,Brandon Nakashima,Nikolas Sanchez Izquierdo,1,false,absent,finished,2,0,False,1601806800,Nikolas Sanchez Izquierdo,False,away,Brandon Nakashima,Q,2020-10-04 10:20
S0GZ,19,9110359,1602595200,"Rodez, Doubles M-ITF-FRA-18A",ITF Men,Round of 16,Cachin P / Sanchez Izquierdo N,Brancaccio R / Vervoort M,2,false,1,finished,1,2,False,1602595200,Nikolas Sanchez Izquierdo,True,,,R16,2020-10-13 13:20
S0GZ,19,9109316,1602662100,"Rodez, Singles M-ITF-FRA-18A",ITF Men,Round of 32,Sadio Doumbia,Nikolas Sanchez Izquierdo,1,false,2,finished,2,0,False,1602662100,Nikolas Sanchez Izquierdo,False,away,Sadio Doumbia,R32,2020-10-14 07:55
S0GZ,19,9122330,1603187700,"Hamburg, Singles M-ITF-GER-14A",ITF Men,Round of 32,Nikolas Sanchez Izquierdo,Tim van Rijthoven,2,false,1,finished,1,2,False,1603187700,Nikolas Sanchez Izquierdo,False,home,Tim van Rijthoven,R32,2020-10-20 09:55
S0GZ,19,9124875,1603210200,"Hamburg, Doubles M-ITF-GER-14A",ITF Men,Round of 16,Ajdukovic D / Hardt N,S. Baez / N. Sanchez Izquierdo,1,false,1,finished,2,0,False,1603210200,Nikolas Sanchez Izquierdo,True,,,R16,2020-10-20 16:10
S0GZ,19,9139521,1603885500,"Tavira, Singles M-ITF-POR-12A",ITF Men,Round of 32,Nikolas Sanchez Izquierdo,Joao Lucas Reis da Silva,1,false,1,finished,2,1,False,1603885500,Nikolas Sanchez Izquierdo,False,home,Joao Lucas Reis da Silva,R32,2020-10-28 11:45
S0GZ,19,9139531,1603900800,"Tavira, Doubles M-ITF-POR-12A",ITF Men,Round of 16,Angele J F / Hamou M,Cachin P / Sanchez Izquierdo N,absent,false,absent,canceled,absent,absent,False,1603900800,Nikolas Sanchez Izquierdo,True,,,R16,2020-10-28 16:00
S0GZ,19,9141005,1603902600,"Tavira, Doubles M-ITF-POR-12A",ITF Men,Round of 16,Foley P / Minc C,Cachin P / Sanchez Izquierdo N,2,false,2,finished,0,2,False,1603902600,Nikolas Sanchez Izquierdo,True,,,R16,2020-10-28 16:30
S0GZ,19,9141147,1603974300,"Tavira, Singles M-ITF-POR-12A",ITF Men,Round of 16,Pedro Cachin,Nikolas Sanchez Izquierdo,1,false,1,finished,1,0,False,1603974300,Nikolas Sanchez Izquierdo,False,away,Pedro Cachin,R16,2020-10-29 12:25
S0GZ,19,9141443,1603985700,"Tavira, Doubles M-ITF-POR-12A",ITF Men,Quarterfinals,J. L. R. D. Silva / K. Sultanov,Cachin P / Sanchez Izquierdo N,1,false,2,finished,2,0,False,1603985700,Nikolas Sanchez Izquierdo,True,,,QF,2020-10-29 15:35
S0GZ,19,9161265,1605020100,"Valldoreix, 2020 Spain F25, Singles",ITF Men,Round of 32,Pedro Vives Marcos,Nikolas Sanchez Izquierdo,2,false,1,finished,0,2,False,1605020100,Nikolas Sanchez Izquierdo,False,away,Pedro Vives Marcos,R32,2020-11-10 14:55
S0GZ,19,9162875,1605103200,"Valldoreix, Doubles, 2020 Spain F25, Doubles",ITF Men,Round of 16,Brancaccio R / Vervoort M,López San Martín Á / Sanchez-Izquierdo N,2,false,1,finished,0,2,False,1605103200,Nikolas Sanchez Izquierdo,True,,,R16,2020-11-11 14:00
S0GZ,19,9164555,1605171300,"Valldoreix, 2020 Spain F25, Singles",ITF Men,Round of 16,Nicolas Moreno de Alboran,Nikolas Sanchez Izquierdo,2,false,1,finished,0,2,False,1605171300,Nikolas Sanchez Izquierdo,False,away,Nicolas Moreno de Alboran,R16,2020-11-12 08:55
S0GZ,19,9164907,1605189000,"Valldoreix, Doubles, 2020 Spain F25, Doubles",ITF Men,Quarterfinals,López San Martín Á / Sanchez-Izquierdo N,Nikles J / Trungelliti M,1,false,1,finished,2,1,False,1605189000,Nikolas Sanchez Izquierdo,True,,,QF,2020-11-12 13:50
S0GZ,19,9166677,1605257700,"Valldoreix, 2020 Spain F25, Singles",ITF Men,Quarterfinals,Pedro Cachin,Nikolas Sanchez Izquierdo,2,false,2,finished,0,2,False,1605257700,Nikolas Sanchez Izquierdo,False,away,Pedro Cachin,QF,2020-11-13 08:55
S0GZ,19,9167060,1605270600,"Valldoreix, Doubles, 2020 Spain F25, Doubles",ITF Men,Semifinals,López San Martín Á / Sanchez-Izquierdo N,Brancaccio R / Vervoort M,2,false,1,finished,1,2,False,1605270600,Nikolas Sanchez Izquierdo,True,,,SF,2020-11-13 12:30
S0GZ,20,8583987,1582106400,"Antalya, Singles M-ITF-TUR-07A",ITF Men,Round of 32,Nikolas Sanchez Izquierdo,Alessandro Ingarao,1,false,2,finished,2,0,False,1582106400,Nikolas Sanchez Izquierdo,False,home,Alessandro Ingarao,R32,2020-02-19 10:00
S0GZ,20,8586503,1582191300,"Antalya, Singles M-ITF-TUR-07A",ITF Men,Round of 16,Nikolas Sanchez Izquierdo,Calin Manda,1,false,2,finished,2,0,False,1582191300,Nikolas Sanchez Izquierdo,False,home,Calin Manda,R16,2020-02-20 09:35
S0GZ,20,8587800,1582272900,"Antalya, Singles M-ITF-TUR-07A",ITF Men,Quarterfinals,Nikolas Sanchez Izquierdo,Domagoj Bilješko,1,false,1,finished,2,1,False,1582272900,Nikolas Sanchez Izquierdo,False,home,Domagoj Bilješko,QF,2020-02-21 08:15
S0GZ,20,8589531,1582365600,"Antalya, Singles M-ITF-TUR-07A",ITF Men,Semifinals,Maxime Hamou,Nikolas Sanchez Izquierdo,2,false,1,finished,0,2,False,1582365600,Nikolas Sanchez Izquierdo,False,away,Maxime Hamou,SF,2020-02-22 10:00
S0GZ,20,8589706,1582447800,"Antalya, Singles M-ITF-TUR-07A",ITF Men,Final,Nikolas Sanchez Izquierdo,Jonas Forejtek,2,false,2,finished,0,2,False,1582447800,Nikolas Sanchez Izquierdo,False,home,Jonas Forejtek,F,2020-02-23 08:50
S0GZ,20,8591462,1582630200,"Antalya, Doubles M-ITF-TUR-08A",ITF Men,Round of 16,Okala J / Sanchez Izquierdo N,Celikbilek A / Ilkel C,2,false,2,finished,0,2,False,1582630200,Nikolas Sanchez Izquierdo,True,,,R16,2020-02-25 11:30
S0GZ,20,8591347,1582720500,"Antalya, Singles M-ITF-TUR-08A",ITF Men,Round of 32,Nikolas Sanchez Izquierdo,Michael Vrbensky,1,false,2,finished,2,1,False,1582720500,Nikolas Sanchez Izquierdo,False,home,Michael Vrbensky,R32,2020-02-26 12:35
S0GZ,20,8593261,1582791900,"Antalya, Singles M-ITF-TUR-08A",ITF Men,Round of 16,Nikolas Sanchez Izquierdo,Dimitar Kuzmanov,2,false,1,finished,0,2,False,1582791900,Nikolas Sanchez Izquierdo,False,home,Dimitar Kuzmanov,R16,2020-02-27 08:25
S0GZ,20,8598391,1583312400,"Murcia, Singles M-ITF-ESP-05A",ITF Men,Round of 32,Nikolas Sanchez Izquierdo,E. Esteve Lobato,2,false,1,finished,1,2,False,1583312400,Nikolas Sanchez Izquierdo,False,home,E. Esteve Lobato,R32,2020-03-04 09:00
S0GZ,20,8750815,1594891800,Liga Valor de Tenis,Exhibition,absent,Nikolas Sanchez Izquierdo,Benjamin Winter Lopez,1,false,absent,finished,2,1,False,1594891800,Nikolas Sanchez Izquierdo,False,home,Benjamin Winter Lopez,ABSENT,2020-07-16 09:30
S0GZ,20,8788612,1594972800,Liga Valor de Tenis,Exhibition,absent,Nikolas Sanchez Izquierdo,Steven Diez,1,false,1,finished,0,1,False,1594972800,Nikolas Sanchez Izquierdo,False,home,Steven Diez,ABSENT,2020-07-17 08:00
S0GZ,20,8790935,1595064600,Liga Valor de Tenis,Exhibition,absent,Nikolas Sanchez Izquierdo,Oriol Roca Batalla,2,false,1,finished,0,2,False,1595064600,Nikolas Sanchez Izquierdo,False,home,Oriol Roca Batalla,ABSENT,2020-07-18 09:30
S0GZ,20,8801196,1595502900,Liga Valor de Tenis,Exhibition,absent,J. Vidal Azorin,Nikolas Sanchez Izquierdo,2,false,1,finished,1,2,False,1595502900,Nikolas Sanchez Izquierdo,False,away,J. Vidal Azorin,ABSENT,2020-07-23 11:15
S0GZ,20,8801598,1595577600,Liga Valor de Tenis,Exhibition,absent,Nikolas Sanchez Izquierdo,Carlos Taberner,2,false,1,finished,1,2,False,1595577600,Nikolas Sanchez Izquierdo,False,home,Carlos Taberner,ABSENT,2020-07-24 08:00
S0GZ,20,8813993,1596121200,Liga Valor de Tenis,Exhibition,absent,Nikolas Sanchez Izquierdo,Sergi Perez Contri,1,false,2,finished,2,0,False,1596121200,Nikolas Sanchez Izquierdo,False,home,Sergi Perez Contri,ABSENT,2020-07-30 15:00
S0GZ,20,8816912,1596209400,Liga Valor de Tenis,Exhibition,absent,Nikolas Sanchez Izquierdo,Steven Diez,2,false,2,finished,1,2,False,1596209400,Nikolas Sanchez Izquierdo,False,home,Steven Diez,ABSENT,2020-07-31 15:30
S0GZ,20,8851112,1597488300,"Todi, Italy, Qualifying",Challenger,Qualification,Borna Gojo,Nikolas Sanchez Izquierdo,1,false,absent,finished,2,0,False,1597488300,Nikolas Sanchez Izquierdo,False,away,Borna Gojo,Q,2020-08-15 10:45
S0GZ,20,8907489,1598355000,"Anif, Doubles M-ITF-AUT-06A",ITF Men,Round of 16,Ozolins K / Shevchenko A,Dalla Valle E / Sanchez Izquierdo N,2,false,1,finished,0,2,False,1598355000,Nikolas Sanchez Izquierdo,True,,,R16,2020-08-25 11:30
S0GZ,20,8907399,1598447100,"Anif, Singles M-ITF-AUT-06A",ITF Men,Round of 32,Duje Ajduković,Nikolas Sanchez Izquierdo,2,false,1,finished,0,2,False,1598447100,Nikolas Sanchez Izquierdo,False,away,Duje Ajduković,R32,2020-08-26 13:05
S0GZ,20,8912177,1598515200,"Anif, Singles M-ITF-AUT-06A",ITF Men,Round of 16,Francesco Forti,Nikolas Sanchez Izquierdo,2,false,2,finished,1,2,False,1598515200,Nikolas Sanchez Izquierdo,False,away,Francesco Forti,R16,2020-08-27 08:00
S0GZ,21,8446344,1570183200,"Sabadell, Singles M-ITF-ESP-28A",ITF Men,Quarterfinals,Nikolas Sanchez Izquierdo,Kirill Kivattsev,1,false,1,finished,2,0,False,1570183200,Nikolas Sanchez Izquierdo,False,home,Kirill Kivattsev,QF,2019-10-04 10:00
S0GZ,21,8447058,1570267800,"Sabadell, Singles M-ITF-ESP-28A",ITF Men,Semifinals,Nikolas Sanchez Izquierdo,Johan Nikles,2,false,2,finished,1,2,False,1570267800,Nikolas Sanchez Izquierdo,False,home,Johan Nikles,SF,2019-10-05 09:30
S0GZ,21,8450077,1570628400,"Riba - Roja De Turia, Singles M-ITF-ESP-30A",ITF Men,Round of 32,Carlos Gimeno Valero,Nikolas Sanchez Izquierdo,1,false,1,finished,2,0,False,1570628400,Nikolas Sanchez Izquierdo,False,away,Carlos Gimeno Valero,R32,2019-10-09 13:40
S0GZ,21,8451006,1570636500,"Riba - Roja De Turia, Doubles M-ITF-ESP-30A",ITF Men,Round of 16,Esteve Lobato E / Sanchez Izquierdo N,Pla Malfeito J / Vives Marcos P,2,false,absent,finished,absent,absent,False,1570636500,Nikolas Sanchez Izquierdo,True,,,R16,2019-10-09 15:55
S0GZ,21,8463520,1571820000,"Benicarlo, Singles M-ITF-ESP-32A",ITF Men,Round of 32,Nikolas Sanchez Izquierdo,Miguel Damas,2,false,1,finished,1,2,False,1571820000,Nikolas Sanchez Izquierdo,False,home,Miguel Damas,R32,2019-10-23 08:40
S0GZ,21,8546204,1578993900,"Cairo, Doubles M-ITF-EGY-01A",ITF Men,Round of 16,Khotkov O / Voronin D,Sanchez Izquierdo N / Wessels L,2,false,2,finished,0,2,False,1578993900,Nikolas Sanchez Izquierdo,True,,,R16,2020-01-14 09:25
S0GZ,21,8546220,1579080300,"Cairo, Singles M-ITF-EGY-01A",ITF Men,Round of 32,Niklas Johansson,Nikolas Sanchez Izquierdo,2,false,1,finished,1,2,False,1579080300,Nikolas Sanchez Izquierdo,False,away,Niklas Johansson,R32,2020-01-15 09:25
S0GZ,21,8548679,1579167600,"Cairo, Singles M-ITF-EGY-01A",ITF Men,Round of 16,Valentin Vanta,Nikolas Sanchez Izquierdo,2,false,1,finished,0,2,False,1579167600,Nikolas Sanchez Izquierdo,False,away,Valentin Vanta,R16,2020-01-16 09:40
S0GZ,21,8549624,1579248000,"Cairo, Singles M-ITF-EGY-01A",ITF Men,Quarterfinals,P. Hájek,Nikolas Sanchez Izquierdo,2,false,2,finished,0,2,False,1579248000,Nikolas Sanchez Izquierdo,False,away,P. Hájek,QF,2020-01-17 08:00
S0GZ,21,8548002,1579334400,"Cairo, Doubles M-ITF-EGY-01A",ITF Men,Quarterfinals,Ferrari G / Ortenzi G M,Sanchez Izquierdo N / Wessels L,1,false,absent,finished,absent,absent,False,1579334400,Nikolas Sanchez Izquierdo,True,,,QF,2020-01-18 08:00
S0GZ,21,8551978,1579336200,"Cairo, Singles M-ITF-EGY-01A",ITF Men,Semifinals,Daniele Capecchi,Nikolas Sanchez Izquierdo,2,false,2,finished,1,2,False,1579336200,Nikolas Sanchez Izquierdo,False,away,Daniele Capecchi,SF,2020-01-18 08:30
S0GZ,21,8552756,1579422600,"Cairo, Singles M-ITF-EGY-01A",ITF Men,Final,Javier Marti,Nikolas Sanchez Izquierdo,1,false,1,finished,2,1,False,1579422600,Nikolas Sanchez Izquierdo,False,away,Javier Marti,F,2020-01-19 08:30
S0GZ,21,8555409,1579603800,"Cairo, Doubles M-ITF-EGY-02A",ITF Men,Round of 16,S. P. Contri / N. S. Izquierdo,Baldoni S / Ferrari G,1,false,2,finished,2,0,False,1579603800,Nikolas Sanchez Izquierdo,True,,,R16,2020-01-21 10:50
S0GZ,21,8555420,1579680000,"Cairo, Singles M-ITF-EGY-02A",ITF Men,Round of 32,Nikolas Sanchez Izquierdo,Andrey Chepelev,1,false,2,finished,2,0,False,1579680000,Nikolas Sanchez Izquierdo,False,home,Andrey Chepelev,R32,2020-01-22 08:00
S0GZ,21,8557022,1579766400,"Cairo, Singles M-ITF-EGY-02A",ITF Men,Round of 16,Nikolas Sanchez Izquierdo,Dusan Rajic,1,false,1,finished,2,0,False,1579766400,Nikolas Sanchez Izquierdo,False,home,Dusan Rajic,R16,2020-01-23 08:00
S0GZ,21,8556446,1579776600,"Cairo, Doubles M-ITF-EGY-02A",ITF Men,Quarterfinals,S. P. Contri / N. S. Izquierdo,DEV S D P / Seateun N,1,false,2,finished,2,1,False,1579776600,Nikolas Sanchez Izquierdo,True,,,QF,2020-01-23 10:50
S0GZ,21,8556449,1579863600,"Cairo, Singles M-ITF-EGY-02A",ITF Men,Quarterfinals,Nikolas Sanchez Izquierdo,Thiago Agustini,1,false,1,finished,2,0,False,1579863600,Nikolas Sanchez Izquierdo,False,home,Thiago Agustini,QF,2020-01-24 11:00
S0GZ,22,8338946,1564586700,"Xativa, Singles M-ITF-ESP-20A",ITF Men,Round of 32,Nikolas Sanchez Izquierdo,Zakhar Trapeznikov,1,false,1,finished,2,0,False,1564586700,Nikolas Sanchez Izquierdo,False,home,Zakhar Trapeznikov,R32,2019-07-31 15:25
S0GZ,22,8339980,1564672800,"Xativa, Singles M-ITF-ESP-20A",ITF Men,Round of 16,Nikolas Sanchez Izquierdo,Andrey Chepelev,1,false,1,finished,2,0,False,1564672800,Nikolas Sanchez Izquierdo,False,home,Andrey Chepelev,R16,2019-08-01 15:20
S0GZ,22,8341474,1564753500,"Xativa, Singles M-ITF-ESP-20A",ITF Men,Quarterfinals,Nikolas Sanchez Izquierdo,Imanol Lopez Morillo,2,false,1,finished,0,2,False,1564753500,Nikolas Sanchez Izquierdo,False,home,Imanol Lopez Morillo,QF,2019-08-02 13:45
S0GZ,22,8345042,1565164800,"Vogau, Singles M-ITF-AUT-04A",ITF Men,Round of 32,Nikolas Sanchez Izquierdo,Mick Veldheer,1,false,2,finished,2,0,False,1565164800,Nikolas Sanchez Izquierdo,False,home,Mick Veldheer,R32,2019-08-07 08:00
S0GZ,22,8345321,1565188200,"Vogau, Doubles M-ITF-AUT-04A",ITF Men,Round of 16,Sanchez-Izquierdo N / Ugo Carabelli Camilo,Hampel L / SUN F,2,false,2,finished,0,2,False,1565188200,Nikolas Sanchez Izquierdo,True,,,R16,2019-08-07 14:30
S0GZ,22,8349172,1565270100,"Vogau, Singles M-ITF-AUT-04A",ITF Men,Round of 16,Nikolas Sanchez Izquierdo,Gibril Diarra,1,false,2,finished,2,0,False,1565270100,Nikolas Sanchez Izquierdo,False,home,Gibril Diarra,R16,2019-08-08 13:15
S0GZ,22,8351062,1565347500,"Vogau, Singles M-ITF-AUT-04A",ITF Men,Quarterfinals,Nikolas Sanchez Izquierdo,Bogdan Bobrov,1,false,1,finished,2,0,False,1565347500,Nikolas Sanchez Izquierdo,False,home,Bogdan Bobrov,QF,2019-08-09 10:45
S0GZ,22,8351943,1565440500,"Vogau, Singles M-ITF-AUT-04A",ITF Men,Semifinals,Camilo Ugo Carabelli,Nikolas Sanchez Izquierdo,1,false,2,finished,2,1,False,1565440500,Nikolas Sanchez Izquierdo,False,away,Camilo Ugo Carabelli,SF,2019-08-10 12:35
S0GZ,22,8356694,1565695200,"Pitesti, Doubles M-ITF-ROU-08A",ITF Men,Round of 16,Gennaro D / Sanchez Izquierdo N,Donev G / Tikhomirov M,2,false,1,finished,0,2,False,1565695200,Nikolas Sanchez Izquierdo,True,,,R16,2019-08-13 11:20
S0GZ,22,8356708,1565781900,"Pitesti, Singles M-ITF-ROU-08A",ITF Men,Round of 32,Vlad Andrei Dumitru,Nikolas Sanchez Izquierdo,2,false,2,finished,0,2,False,1565781900,Nikolas Sanchez Izquierdo,False,away,Vlad Andrei Dumitru,R32,2019-08-14 11:25
S0GZ,22,8361388,1565859600,"Pitesti, Singles M-ITF-ROU-08A",ITF Men,Round of 16,Vladislav Melnic,Nikolas Sanchez Izquierdo,2,false,2,finished,0,2,False,1565859600,Nikolas Sanchez Izquierdo,False,away,Vladislav Melnic,R16,2019-08-15 09:00
S0GZ,22,8362163,1565940600,"Pitesti, Singles M-ITF-ROU-08A",ITF Men,Quarterfinals,Dan Alexandru Tomescu,Nikolas Sanchez Izquierdo,2,false,2,finished,0,2,False,1565940600,Nikolas Sanchez Izquierdo,False,away,Dan Alexandru Tomescu,QF,2019-08-16 07:30
S0GZ,22,8363485,1566032400,"Pitesti, Singles M-ITF-ROU-08A",ITF Men,Semifinals,Marko Tepavac,Nikolas Sanchez Izquierdo,1,false,2,finished,2,0,False,1566032400,Nikolas Sanchez Izquierdo,False,away,Marko Tepavac,SF,2019-08-17 09:00
S0GZ,22,8366356,1566374400,"Santander, Singles M-ITF-ESP-22A",ITF Men,Round of 32,Nikolas Sanchez Izquierdo,Xin Gao,1,false,1,finished,2,0,False,1566374400,Nikolas Sanchez Izquierdo,False,home,Xin Gao,R32,2019-08-21 08:00
S0GZ,22,8370868,1566403500,"Santander, Doubles M-ITF-ESP-22A",ITF Men,Round of 16,S. P. Contri / N. S. Izquierdo,Barroso Campos A / Cid Subervi R,2,false,1,finished,0,2,False,1566403500,Nikolas Sanchez Izquierdo,True,,,R16,2019-08-21 16:05
S0GZ,22,8370176,1566469200,"Santander, Singles M-ITF-ESP-22A",ITF Men,Round of 16,E. Esteve Lobato,Nikolas Sanchez Izquierdo,1,false,2,finished,2,0,False,1566469200,Nikolas Sanchez Izquierdo,False,away,E. Esteve Lobato,R16,2019-08-22 10:20
S0GZ,22,8401111,1568121300,"Szczecin, Poland",Challenger,Round of 64,Julian Lenz,Nikolas Sanchez Izquierdo,1,false,1,finished,2,0,False,1568121300,Nikolas Sanchez Izquierdo,False,away,Julian Lenz,R64,2019-09-10 13:15
S0GZ,22,8410953,1568635500,"Sibiu, Romania",Challenger,Round of 64,P. Toledo Baguè,Nikolas Sanchez Izquierdo,2,false,absent,finished,0,2,False,1568635500,Nikolas Sanchez Izquierdo,False,away,P. Toledo Baguè,R64,2019-09-16 12:05
S0GZ,23,8220121,1558169100,"Valldoreix, Singles M-ITF-ESP-09A",ITF Men,Quarterfinals,Orlando Luz,Nikolas Sanchez Izquierdo,1,false,2,finished,2,0,False,1558169100,Nikolas Sanchez Izquierdo,False,away,Orlando Luz,QF,2019-05-18 08:45
S0GZ,23,8223191,1558443600,"Vic, Singles M-ITF-ESP-10A",ITF Men,Round of 32,Nikolas Sanchez Izquierdo,Ivan Gakhov,2,false,1,finished,1,2,False,1558443600,Nikolas Sanchez Izquierdo,False,home,Ivan Gakhov,R32,2019-05-21 13:00
S0GZ,23,8223209,1558453800,"Vic, Doubles M-ITF-ESP-10A",ITF Men,Round of 16,Pla Malfeito J / Sánchez Jover C,Marrero Curbelo I / Sanchez Izquierdo N,1,false,1,finished,2,0,False,1558453800,Nikolas Sanchez Izquierdo,True,,,R16,2019-05-21 15:50
S0GZ,23,8228437,1559052000,"Tabarka, Doubles M-ITF-TUN-21A",ITF Men,Round of 16,Roman Mayorga M / Sigurdsson E,Sanchez Izquierdo N / Vives Marcos P,2,false,1,finished,0,2,False,1559052000,Nikolas Sanchez Izquierdo,True,,,R16,2019-05-28 14:00
S0GZ,23,8228449,1559131200,"Tabarka, Singles M-ITF-TUN-21A",ITF Men,Round of 32,Tomislav Jotovski,Nikolas Sanchez Izquierdo,2,false,2,finished,0,2,False,1559131200,Nikolas Sanchez Izquierdo,False,away,Tomislav Jotovski,R32,2019-05-29 12:00
S0GZ,23,8229906,1559211000,"Tabarka, Singles M-ITF-TUN-21A",ITF Men,Round of 16,Daniel Batista,Nikolas Sanchez Izquierdo,2,false,1,finished,0,2,False,1559211000,Nikolas Sanchez Izquierdo,False,away,Daniel Batista,R16,2019-05-30 10:10
S0GZ,23,8230126,1559225100,"Tabarka, Doubles M-ITF-TUN-21A",ITF Men,Quarterfinals,Britto L / Echazu M,Sanchez Izquierdo N / Vives Marcos P,2,false,2,finished,0,2,False,1559225100,Nikolas Sanchez Izquierdo,True,,,QF,2019-05-30 14:05
S0GZ,23,8230771,1559291400,"Tabarka, Singles M-ITF-TUN-21A",ITF Men,Quarterfinals,Maxime Hamou,Nikolas Sanchez Izquierdo,1,false,2,finished,2,0,False,1559291400,Nikolas Sanchez Izquierdo,False,away,Maxime Hamou,QF,2019-05-31 08:30
S0GZ,23,8230739,1559305800,"Tabarka, Doubles M-ITF-TUN-21A",ITF Men,Semifinals,Kestelboim M / Martinez M N,Sanchez Izquierdo N / Vives Marcos P,1,false,2,finished,2,0,False,1559305800,Nikolas Sanchez Izquierdo,True,,,SF,2019-05-31 12:30
S0GZ,23,8233205,1559638800,"Tabarka, Singles M-ITF-TUN-22A",ITF Men,Round of 32,Mikhail Fufygin,Nikolas Sanchez Izquierdo,2,false,2,finished,0,2,False,1559638800,Nikolas Sanchez Izquierdo,False,away,Mikhail Fufygin,R32,2019-06-04 09:00
S0GZ,23,8234276,1559742300,"Tabarka, Doubles M-ITF-TUN-22A",ITF Men,Round of 16,S. Baez / N. Sanchez Izquierdo,Sorgi J / Gennaro D,1,false,2,finished,2,1,False,1559742300,Nikolas Sanchez Izquierdo,True,,,R16,2019-06-05 13:45
S0GZ,23,8235011,1559817300,"Tabarka, Singles M-ITF-TUN-22A",ITF Men,Round of 16,Andrey Chepelev,Nikolas Sanchez Izquierdo,2,false,1,finished,0,2,False,1559817300,Nikolas Sanchez Izquierdo,False,away,Andrey Chepelev,R16,2019-06-06 10:35
S0GZ,23,8235178,1559831400,"Tabarka, Doubles M-ITF-TUN-22A",ITF Men,Quarterfinals,Vedri Asensi A / Vives Marcos P,S. Baez / N. Sanchez Izquierdo,2,false,1,finished,0,2,False,1559831400,Nikolas Sanchez Izquierdo,True,,,QF,2019-06-06 14:30
S0GZ,23,8235830,1559898000,"Tabarka, Singles M-ITF-TUN-22A",ITF Men,Quarterfinals,Emiliano Maggioli,Nikolas Sanchez Izquierdo,2,false,1,finished,0,2,False,1559898000,Nikolas Sanchez Izquierdo,False,away,Emiliano Maggioli,QF,2019-06-07 09:00
S0GZ,23,8236009,1559914200,"Tabarka, Doubles M-ITF-TUN-22A",ITF Men,Semifinals,Britto L / Echazu M,S. Baez / N. Sanchez Izquierdo,2,false,2,finished,0,2,False,1559914200,Nikolas Sanchez Izquierdo,True,,,SF,2019-06-07 13:30
S0GZ,23,8236657,1559980800,"Tabarka, Singles M-ITF-TUN-22A",ITF Men,Semifinals,Nikolas Sanchez Izquierdo,Alejandro Davidovich Fokina,1,false,1,finished,2,0,False,1559980800,Nikolas Sanchez Izquierdo,False,home,Alejandro Davidovich Fokina,SF,2019-06-08 08:00
S0GZ,24,8170190,1553261400,"Tabarka, Singles M-ITF-TUN-11A",ITF Men,Round of 16,Benjamin Dhoe,Nikolas Sanchez Izquierdo,2,false,2,finished,0,2,False,1553261400,Nikolas Sanchez Izquierdo,False,away,Benjamin Dhoe,R16,2019-03-22 13:30
S0GZ,24,8174268,1553353200,"Tabarka, Singles M-ITF-TUN-11A",ITF Men,Quarterfinals,Alexander Zhurbin,Nikolas Sanchez Izquierdo,1,false,absent,finished,2,0,False,1553353200,Nikolas Sanchez Izquierdo,False,away,Alexander Zhurbin,QF,2019-03-23 15:00
S0GZ,24,8170490,1553366700,"Tabarka, Doubles M-ITF-TUN-11A",ITF Men,Round of 16,Sanchez Izquierdo N / Zhurbin A,Fellin M / Rizzuti G,2,false,absent,finished,absent,absent,False,1553366700,Nikolas Sanchez Izquierdo,True,,,R16,2019-03-23 18:45
S0GZ,24,8176226,1553691600,"Tabarka, Singles M-ITF-TUN-12A",ITF Men,Round of 32,Nikolas Sanchez Izquierdo,Ignacio Carou,1,false,1,finished,2,0,False,1553691600,Nikolas Sanchez Izquierdo,False,home,Ignacio Carou,R32,2019-03-27 13:00
S0GZ,24,8177035,1553704500,"Tabarka, Doubles M-ITF-TUN-12A",ITF Men,Round of 16,Carou I / Sanchez Izquierdo N,Dhoe B / Dijkhuizen M,1,false,2,finished,2,1,False,1553704500,Nikolas Sanchez Izquierdo,True,,,R16,2019-03-27 16:35
S0GZ,24,8178931,1553777100,"Tabarka, Singles M-ITF-TUN-12A",ITF Men,Round of 16,Nikolas Sanchez Izquierdo,Kyrian Jacquet,1,false,2,finished,2,0,False,1553777100,Nikolas Sanchez Izquierdo,False,home,Kyrian Jacquet,R16,2019-03-28 12:45
S0GZ,24,8179792,1553785200,"Tabarka, Doubles M-ITF-TUN-12A",ITF Men,Quarterfinals,Merino A / Negritu C,Carou I / Sanchez Izquierdo N,1,false,2,finished,2,0,False,1553785200,Nikolas Sanchez Izquierdo,True,,,QF,2019-03-28 15:00
S0GZ,24,8179876,1553850000,"Tabarka, Singles M-ITF-TUN-12A",ITF Men,Quarterfinals,Nikolas Sanchez Izquierdo,Lucas Catarina,1,false,1,finished,2,0,False,1553850000,Nikolas Sanchez Izquierdo,False,home,Lucas Catarina,QF,2019-03-29 09:00
S0GZ,24,8180365,1553936400,"Tabarka, Singles M-ITF-TUN-12A",ITF Men,Semifinals,Pierre Delage,Nikolas Sanchez Izquierdo,2,false,2,finished,0,2,False,1553936400,Nikolas Sanchez Izquierdo,False,away,Pierre Delage,SF,2019-03-30 09:00
S0GZ,24,8180926,1554022800,"Tabarka, Singles M-ITF-TUN-12A",ITF Men,Final,Geoffrey Blancaneaux,Nikolas Sanchez Izquierdo,1,false,2,finished,2,0,False,1554022800,Nikolas Sanchez Izquierdo,False,away,Geoffrey Blancaneaux,F,2019-03-31 09:00
S0GZ,24,8189571,1554811500,"Reus, Singles M-ITF-ESP-05A",ITF Men,Round of 32,Nikolas Sanchez Izquierdo,P. Toledo Baguè,1,false,2,finished,2,0,False,1554811500,Nikolas Sanchez Izquierdo,False,home,P. Toledo Baguè,R32,2019-04-09 12:05
S0GZ,24,8191178,1554994200,"Reus, Singles M-ITF-ESP-05A",ITF Men,Round of 16,Christian Lerby,Nikolas Sanchez Izquierdo,2,false,1,finished,0,2,False,1554994200,Nikolas Sanchez Izquierdo,False,away,Christian Lerby,R16,2019-04-11 14:50
S0GZ,24,8192142,1555068600,"Reus, Singles M-ITF-ESP-05A",ITF Men,Quarterfinals,E. Esteve Lobato,Nikolas Sanchez Izquierdo,1,false,2,finished,2,0,False,1555068600,Nikolas Sanchez Izquierdo,False,away,E. Esteve Lobato,QF,2019-04-12 11:30
S0GZ,24,8195392,1555489800,"Tabarka, Singles M-ITF-TUN-15A",ITF Men,Round of 32,Pietro Pirolt,Nikolas Sanchez Izquierdo,2,false,2,finished,0,2,False,1555489800,Nikolas Sanchez Izquierdo,False,away,Pietro Pirolt,R32,2019-04-17 08:30
S0GZ,24,8196235,1555512000,"Tabarka, Doubles M-ITF-TUN-15A",ITF Men,Round of 16,Carou I / Sanchez Izquierdo N,Crepaldi E / Jandric D,1,false,2,finished,2,1,False,1555512000,Nikolas Sanchez Izquierdo,True,,,R16,2019-04-17 14:40
S0GZ,24,8196606,1555576200,"Tabarka, Singles M-ITF-TUN-15A",ITF Men,Round of 16,Darko Jandric,Nikolas Sanchez Izquierdo,2,false,1,finished,0,2,False,1555576200,Nikolas Sanchez Izquierdo,False,away,Darko Jandric,R16,2019-04-18 08:30
S0GZ,24,8197067,1555590900,"Tabarka, Doubles M-ITF-TUN-15A",ITF Men,Quarterfinals,Bossel A / Martinez M,Carou I / Sanchez Izquierdo N,1,false,1,finished,2,1,False,1555590900,Nikolas Sanchez Izquierdo,True,,,QF,2019-04-18 12:35
S0GZ,25,8021381,1539433800,"Spain F31, Singles",ITF Men,Semifinals,Nikolas Sanchez Izquierdo,Marc Giner,1,false,absent,finished,2,0,False,1539433800,Nikolas Sanchez Izquierdo,False,home,Marc Giner,SF,2018-10-13 12:30
S0GZ,25,8022651,1539504000,"Spain F31, Singles",ITF Men,Final,Nikolas Sanchez Izquierdo,Germain Gigounon,2,false,1,finished,1,2,False,1539504000,Nikolas Sanchez Izquierdo,False,home,Germain Gigounon,F,2018-10-14 08:00
S0GZ,25,8031125,1540305900,"Tunisia F37, Doubles",ITF Men,Round of 16,Pichler D / Turchetti N,Mora M / Sanchez Izquierdo N,2,false,1,finished,1,2,False,1540305900,Nikolas Sanchez Izquierdo,True,,,R16,2018-10-23 14:45
S0GZ,25,8031133,1540376100,"Tunisia F37, Singles",ITF Men,Round of 32,Aziz Ouakaa,Nikolas Sanchez Izquierdo,2,false,1,finished,1,2,False,1540376100,Nikolas Sanchez Izquierdo,False,away,Aziz Ouakaa,R32,2018-10-24 10:15
S0GZ,25,8033016,1540463100,"Tunisia F37, Singles",ITF Men,Round of 16,Albert Roglan,Nikolas Sanchez Izquierdo,1,false,1,finished,2,1,False,1540463100,Nikolas Sanchez Izquierdo,False,away,Albert Roglan,R16,2018-10-25 10:25
S0GZ,25,8033064,1540476300,"Tunisia F37, Doubles",ITF Men,Quarterfinals,Mora M / Sanchez Izquierdo N,Eminefendic E / Fernandez Flores D,1,false,2,finished,2,0,False,1540476300,Nikolas Sanchez Izquierdo,True,,,QF,2018-10-25 14:05
S0GZ,25,8033681,1540630800,"Tunisia F37, Doubles",ITF Men,Semifinals,Mora M / Sanchez Izquierdo N,Klegou A / Mansouri S,2,false,absent,finished,absent,absent,False,1540630800,Nikolas Sanchez Izquierdo,True,,,SF,2018-10-27 09:00
S0GZ,25,8052658,1542108900,"Turkey F36, Doubles",ITF Men,Round of 16,Sanchez Izquierdo N / Voronin D,LIU S-F / Meng C-Y,1,false,1,finished,2,0,False,1542108900,Nikolas Sanchez Izquierdo,True,,,R16,2018-11-13 11:35
S0GZ,25,8052663,1542184500,"Turkey F36, Singles",ITF Men,Round of 32,Aleksandr Shevchenko,Nikolas Sanchez Izquierdo,2,false,1,finished,1,2,False,1542184500,Nikolas Sanchez Izquierdo,False,away,Aleksandr Shevchenko,R32,2018-11-14 08:35
S0GZ,25,8059708,1542267000,"Turkey F36, Singles",ITF Men,Round of 16,Nikolas Sanchez Izquierdo,Nerman Fatić,2,false,1,finished,0,2,False,1542267000,Nikolas Sanchez Izquierdo,False,home,Nerman Fatić,R16,2018-11-15 07:30
S0GZ,25,8058004,1542282300,"Turkey F36, Doubles",ITF Men,Quarterfinals,Giner M / Pla Malfeito J,Sanchez Izquierdo N / Voronin D,1,false,1,finished,2,0,False,1542282300,Nikolas Sanchez Izquierdo,True,,,QF,2018-11-15 11:45
S0GZ,25,8067955,1542697200,"Turkey F37, Singles",ITF Men,Round of 32,Uisung Park,Nikolas Sanchez Izquierdo,2,false,2,finished,0,2,False,1542697200,Nikolas Sanchez Izquierdo,False,away,Uisung Park,R32,2018-11-20 07:00
S0GZ,25,8068124,1542709800,"Antalya, Doubles, 2018 Turkey F37, Doubles",ITF Men,Round of 16,Batlle C / Sanchez Izquierdo N,Akay C / Jalpota M,1,false,1,finished,2,1,False,1542709800,Nikolas Sanchez Izquierdo,True,,,R16,2018-11-20 10:30
S0GZ,25,8068614,1542883800,"Turkey F37, Singles",ITF Men,Round of 16,Rayane Roumane,Nikolas Sanchez Izquierdo,1,false,2,finished,2,0,False,1542883800,Nikolas Sanchez Izquierdo,False,away,Rayane Roumane,R16,2018-11-22 10:50
S0GZ,25,8068664,1542890100,"Antalya, Doubles, 2018 Turkey F37, Doubles",ITF Men,Quarterfinals,Esteve Lobato E / Roca Batalla O,Batlle C / Sanchez Izquierdo N,2,false,absent,finished,absent,absent,False,1542890100,Nikolas Sanchez Izquierdo,True,,,QF,2018-11-22 12:35
S0GZ,25,8068665,1542891840,"Antalya, Doubles, 2018 Turkey F37, Doubles",ITF Men,Semifinals,Batlle C / Sanchez Izquierdo N,Gennaro D / Juarez F,2,false,absent,finished,absent,absent,False,1542891840,Nikolas Sanchez Izquierdo,True,,,SF,2018-11-22 13:04
S0GZ,26,7904778,1532937600,"Spain F21, Singles",ITF Men,Round of 32,Nikolas Sanchez Izquierdo,Andrey Chepelev,absent,false,absent,canceled,absent,absent,False,1532937600,Nikolas Sanchez Izquierdo,False,home,Andrey Chepelev,R32,2018-07-30 08:00
S0GZ,26,7904829,1532971800,"Spain F21, Doubles",ITF Men,Round of 16,Li Y / Sorni Chavarria Q,Pujol Navarro B / Sanchez Izquierdo N,1,false,absent,finished,absent,absent,False,1532971800,Nikolas Sanchez Izquierdo,True,,,R16,2018-07-30 17:30
S0GZ,26,7927164,1534239000,"Spain F23, Singles",ITF Men,Round of 32,Q. Sorni Chavarria,Nikolas Sanchez Izquierdo,1,false,2,finished,2,1,False,1534239000,Nikolas Sanchez Izquierdo,False,away,Q. Sorni Chavarria,R32,2018-08-14 09:30
S0GZ,26,7944597,1534857600,"Belgium F9, Singles",ITF Men,Round of 32,Nikolas Sanchez Izquierdo,Flemming Peters,1,false,2,finished,2,0,False,1534857600,Nikolas Sanchez Izquierdo,False,home,Flemming Peters,R32,2018-08-21 13:20
S0GZ,26,7945866,1534942800,"Belgium F9, Singles",ITF Men,Round of 16,Jan Choinski,Nikolas Sanchez Izquierdo,1,false,2,finished,2,0,False,1534942800,Nikolas Sanchez Izquierdo,False,away,Jan Choinski,R16,2018-08-22 13:00
S0GZ,26,7953058,1535383800,"Belgium F10, Doubles",ITF Men,Round of 16,Monzon I / Otegui J B,Friberg K / Sanchez Izquierdo N,1,false,1,finished,2,0,False,1535383800,Nikolas Sanchez Izquierdo,True,,,R16,2018-08-27 15:30
S0GZ,26,7952110,1535450400,"Belgium F10, Singles",ITF Men,Round of 32,Nikolas Sanchez Izquierdo,Mateusz Terczynski,1,false,1,finished,2,0,False,1535450400,Nikolas Sanchez Izquierdo,False,home,Mateusz Terczynski,R32,2018-08-28 10:00
S0GZ,26,7955901,1535541300,"Belgium F10, Singles",ITF Men,Round of 16,Nikolas Sanchez Izquierdo,Ignacio Monzon,1,false,2,finished,2,0,False,1535541300,Nikolas Sanchez Izquierdo,False,home,Ignacio Monzon,R16,2018-08-29 11:15
S0GZ,26,7957803,1535640300,"Belgium F10, Singles",ITF Men,Quarterfinals,Nikolas Sanchez Izquierdo,Benjamin Dhoe,1,false,2,finished,2,1,False,1535640300,Nikolas Sanchez Izquierdo,False,home,Benjamin Dhoe,QF,2018-08-30 14:45
S0GZ,26,7959011,1535721300,"Belgium F10, Singles",ITF Men,Semifinals,Michael Geerts,Nikolas Sanchez Izquierdo,1,false,2,finished,2,0,False,1535721300,Nikolas Sanchez Izquierdo,False,away,Michael Geerts,SF,2018-08-31 13:15
S0GZ,26,7989635,1537272600,"Turkey F28, Doubles",ITF Men,Round of 16,Bosancic T / Bugaj M,De Bernardis A / Sanchez Izquierdo N,2,false,2,finished,0,2,False,1537272600,Nikolas Sanchez Izquierdo,True,,,R16,2018-09-18 12:10
S0GZ,26,7989497,1537347900,"Turkey F28, Singles",ITF Men,Round of 32,Nikolas Sanchez Izquierdo,Maurizio Speziali,1,false,1,finished,2,0,False,1537347900,Nikolas Sanchez Izquierdo,False,home,Maurizio Speziali,R32,2018-09-19 09:05
S0GZ,26,7992028,1537428600,"Turkey F28, Singles",ITF Men,Round of 16,Nikolas Sanchez Izquierdo,Dejan Katic,1,false,absent,finished,1,1,False,1537428600,Nikolas Sanchez Izquierdo,False,home,Dejan Katic,R16,2018-09-20 07:30
S0GZ,26,7992322,1537443000,"Turkey F28, Doubles",ITF Men,Quarterfinals,Kivattsev K / Myagkov D,De Bernardis A / Sanchez Izquierdo N,1,false,1,finished,2,1,False,1537443000,Nikolas Sanchez Izquierdo,True,,,QF,2018-09-20 11:30
S0GZ,26,7993091,1537521000,"Turkey F28, Singles",ITF Men,Quarterfinals,J. Samper-Montaña,Nikolas Sanchez Izquierdo,1,false,1,finished,2,0,False,1537521000,Nikolas Sanchez Izquierdo,False,away,J. Samper-Montaña,QF,2018-09-21 09:10
S0GZ,26,7996942,1537866000,"Turkey F29, Singles",ITF Men,Round of 32,Christopher O'Connell,Nikolas Sanchez Izquierdo,2,false,1,finished,0,2,False,1537866000,Nikolas Sanchez Izquierdo,False,away,Christopher O'Connell,R32,2018-09-25 09:00
S0GZ,26,7997904,1537959600,"Turkey F29, Doubles",ITF Men,Round of 16,Fortuna C / Sanchez Izquierdo N,Crepaldi E / Kirci K,2,false,2,finished,1,2,False,1537959600,Nikolas Sanchez Izquierdo,True,,,R16,2018-09-26 11:00
S0GZ,26,7998079,1538047800,"Turkey F29, Singles",ITF Men,Round of 16,Nikolas Sanchez Izquierdo,Jim Walder,1,false,1,finished,2,1,False,1538047800,Nikolas Sanchez Izquierdo,False,home,Jim Walder,R16,2018-09-27 11:30
S0GZ,27,7793461,1525244400,"Israel F5, Singles",ITF Men,Round of 16,Nikolas Sanchez Izquierdo,Nicolas Uryson,2,false,2,finished,0,2,False,1525244400,Nikolas Sanchez Izquierdo,False,home,Nicolas Uryson,R16,2018-05-02 07:00
S0GZ,27,7797865,1525785900,"Israel F6, Singles",ITF Men,Round of 32,Roi Ginat,Nikolas Sanchez Izquierdo,2,false,1,finished,0,2,False,1525785900,Nikolas Sanchez Izquierdo,False,away,Roi Ginat,R32,2018-05-08 13:25
S0GZ,27,7800220,1525935600,"Israel F6, Singles",ITF Men,Round of 16,Nikolas Sanchez Izquierdo,Matias Franco Descotte,2,false,1,finished,0,2,False,1525935600,Nikolas Sanchez Izquierdo,False,home,Matias Franco Descotte,R16,2018-05-10 07:00
S0GZ,27,7802060,1526131800,"Spain F11, Singles Qualifying",ITF Men,Qualification,Nikolas Sanchez Izquierdo,M. Monclus Matamala,1,false,absent,finished,2,0,False,1526131800,Nikolas Sanchez Izquierdo,False,home,M. Monclus Matamala,Q,2018-05-12 13:30
S0GZ,27,7803014,1526212800,"Spain F11, Singles Qualifying",ITF Men,Qualification,Nikolas Sanchez Izquierdo,Pol Fernandez,1,false,1,finished,2,1,False,1526212800,Nikolas Sanchez Izquierdo,False,home,Pol Fernandez,Q,2018-05-13 12:00
S0GZ,27,7803781,1526288400,"Spain F11, Singles Qualifying",ITF Men,Qualification,Nikolas Sanchez Izquierdo,Samy Grace,1,false,absent,finished,2,0,False,1526288400,Nikolas Sanchez Izquierdo,False,home,Samy Grace,Q,2018-05-14 09:00
S0GZ,27,7804442,1526380200,"Spain F11, Singles",ITF Men,Round of 32,Nikolas Sanchez Izquierdo,Sergiu Darie Medesan,1,false,2,finished,2,0,False,1526380200,Nikolas Sanchez Izquierdo,False,home,Sergiu Darie Medesan,R32,2018-05-15 10:30
S0GZ,27,7805242,1526547600,"Spain F11, Singles",ITF Men,Round of 16,Nikolas Sanchez Izquierdo,J. Samper-Montaña,2,false,2,finished,0,2,False,1526547600,Nikolas Sanchez Izquierdo,False,home,J. Samper-Montaña,R16,2018-05-17 09:00
S0GZ,27,7807135,1526713200,"Spain F12, Singles Qualifying",ITF Men,Qualification,Nikolas Sanchez Izquierdo,I. A. Becerra Otarola,1,false,absent,finished,2,0,False,1526713200,Nikolas Sanchez Izquierdo,False,home,I. A. Becerra Otarola,Q,2018-05-19 07:00
S0GZ,27,7807958,1526799600,"Spain F12, Singles Qualifying",ITF Men,Qualification,Nikolas Sanchez Izquierdo,A. Rodriguez Queralto,1,false,absent,finished,2,0,False,1526799600,Nikolas Sanchez Izquierdo,False,home,A. Rodriguez Queralto,Q,2018-05-20 07:00
S0GZ,27,7808676,1526886000,"Spain F12, Singles Qualifying",ITF Men,Qualification,Nikolas Sanchez Izquierdo,Louis Dussin,1,false,absent,finished,2,1,False,1526886000,Nikolas Sanchez Izquierdo,False,home,Louis Dussin,Q,2018-05-21 07:00
S0GZ,27,7809563,1526991600,"Spain F12, Singles",ITF Men,Round of 32,A. Cortes Alcaraz,Nikolas Sanchez Izquierdo,2,false,2,finished,1,2,False,1526991600,Nikolas Sanchez Izquierdo,False,away,A. Cortes Alcaraz,R32,2018-05-22 12:20
S0GZ,27,7811033,1527166800,"Spain F12, Singles",ITF Men,Round of 16,Nikolas Sanchez Izquierdo,Alexander Zhurbin,2,false,1,finished,1,2,False,1527166800,Nikolas Sanchez Izquierdo,False,home,Alexander Zhurbin,R16,2018-05-24 13:00
S0GZ,27,7814821,1527590400,"Spain F13, Singles",ITF Men,Round of 32,E. Luque Rico,Nikolas Sanchez Izquierdo,1,false,2,finished,2,1,False,1527590400,Nikolas Sanchez Izquierdo,False,away,E. Luque Rico,R32,2018-05-29 10:40
S0GZ,27,7834032,1529412900,"Tunisia F24, Singles",ITF Men,Round of 32,Nikolas Sanchez Izquierdo,Mikhail Korovin,2,false,2,finished,0,2,False,1529412900,Nikolas Sanchez Izquierdo,False,home,Mikhail Korovin,R32,2018-06-19 12:55
S0GZ,27,7835372,1529502600,"Tunisia F24, Doubles",ITF Men,Round of 16,Mancineiras Cornella O / Sanchez Izquierdo N,Djordjevic A / Drinic M,1,false,absent,finished,absent,absent,False,1529502600,Nikolas Sanchez Izquierdo,True,,,R16,2018-06-20 13:50
S0GZ,27,7836851,1529591100,"Tunisia F24, Doubles",ITF Men,Quarterfinals,Mancineiras Cornella O / Sanchez Izquierdo N,Korovin M / Muzaev R,2,false,1,finished,0,2,False,1529591100,Nikolas Sanchez Izquierdo,True,,,QF,2018-06-21 14:25
S0GZ,27,7845538,1530088200,"Tunisia F25, Singles",ITF Men,Round of 32,Nikolas Sanchez Izquierdo,Gabriele Maria Noce,1,false,1,finished,2,0,False,1530088200,Nikolas Sanchez Izquierdo,False,home,Gabriele Maria Noce,R32,2018-06-27 08:30
S0GZ,27,7846285,1530174600,"Tunisia F25, Doubles",ITF Men,Round of 16,Mancineiras Cornella O / Sanchez Izquierdo N,Noce G. M. / Raoux E.,2,false,2,finished,0,2,False,1530174600,Nikolas Sanchez Izquierdo,True,,,R16,2018-06-28 08:30
S0GZ,28,7627920,1508742900,"Turkey F40, Singles Qualifying",ITF Men,Qualification,Felipe Meligeni Alves,Nikolas Sanchez Izquierdo,1,false,absent,finished,2,1,False,1508742900,Nikolas Sanchez Izquierdo,False,away,Felipe Meligeni Alves,Q,2017-10-23 07:15
S0GZ,28,7651189,1511262900,"Tunisia F36, Singles",ITF Men,Round of 32,Mohamed Hassan,Nikolas Sanchez Izquierdo,2,false,1,finished,0,2,False,1511262900,Nikolas Sanchez Izquierdo,False,away,Mohamed Hassan,R32,2017-11-21 11:15
S0GZ,28,7653441,1511521200,"Tunisia F36, Singles",ITF Men,Quarterfinals,Steven Diez,Nikolas Sanchez Izquierdo,2,false,2,finished,1,2,False,1511521200,Nikolas Sanchez Izquierdo,False,away,Steven Diez,QF,2017-11-24 11:00
S0GZ,28,7651783,1511600400,"Tunisia F36, Singles",ITF Men,Round of 16,Nikolas Sanchez Izquierdo,Elliot Benchetrit,1,false,absent,finished,absent,absent,False,1511600400,Nikolas Sanchez Izquierdo,False,home,Elliot Benchetrit,R16,2017-11-25 09:00
S0GZ,28,7654421,1511600400,"Tunisia F36, Singles",ITF Men,Semifinals,Nikolas Sanchez Izquierdo,Oriol Roca Batalla,2,false,2,finished,0,2,False,1511600400,Nikolas Sanchez Izquierdo,False,home,Oriol Roca Batalla,SF,2017-11-25 09:00
S0GZ,28,7656794,1511944200,"Tunisia F37, Singles",ITF Men,Round of 32,Oriol Roca Batalla,Nikolas Sanchez Izquierdo,1,false,1,finished,2,0,False,1511944200,Nikolas Sanchez Izquierdo,False,away,Oriol Roca Batalla,R32,2017-11-29 08:30
S0GZ,28,7670996,1513497600,"Tunisia F40, Singles Qualifying",ITF Men,Qualification,Nikolas Sanchez Izquierdo,Lorenzo Seroddi,1,false,absent,finished,2,0,False,1513497600,Nikolas Sanchez Izquierdo,False,home,Lorenzo Seroddi,Q,2017-12-17 08:00
S0GZ,28,7671599,1513585800,"Tunisia F40, Singles Qualifying",ITF Men,Qualification,Nikolas Sanchez Izquierdo,Giovanni Cozzolino,1,false,absent,finished,2,1,False,1513585800,Nikolas Sanchez Izquierdo,False,home,Giovanni Cozzolino,Q,2017-12-18 08:30
S0GZ,28,7672163,1513672200,"Tunisia F40, Singles",ITF Men,Round of 32,M. Di Prima,Nikolas Sanchez Izquierdo,2,false,1,finished,0,2,False,1513672200,Nikolas Sanchez Izquierdo,False,away,M. Di Prima,R32,2017-12-19 08:30
S0GZ,28,7672361,1513770900,"Tunisia F40, Doubles",ITF Men,Round of 16,Munafo P / Wakita S,De Rueda De Genover I / Sanchez Izquierdo N,2,false,2,finished,0,2,False,1513770900,Nikolas Sanchez Izquierdo,True,,,R16,2017-12-20 11:55
S0GZ,28,7672526,1513845000,"Tunisia F40, Singles",ITF Men,Round of 16,Nikolas Sanchez Izquierdo,Marco Bortolotti,2,false,1,finished,1,2,False,1513845000,Nikolas Sanchez Izquierdo,False,home,Marco Bortolotti,R16,2017-12-21 08:30
S0GZ,28,7673173,1513866000,"Tunisia F40, Doubles",ITF Men,Quarterfinals,Bortolotti M / Roca Batalla O,De Rueda De Genover I / Sanchez Izquierdo N,1,false,absent,finished,1,0,False,1513866000,Nikolas Sanchez Izquierdo,True,,,QF,2017-12-21 14:20
S0GZ,28,7707695,1517659200,"Spain F4, Singles Qualifying",ITF Men,Qualification,Pedro Vives Marcos,Nikolas Sanchez Izquierdo,2,false,absent,finished,0,2,False,1517659200,Nikolas Sanchez Izquierdo,False,away,Pedro Vives Marcos,Q,2018-02-03 12:00
S0GZ,28,7708484,1517734800,"Spain F4, Singles Qualifying",ITF Men,Qualification,Alberto Cammarata,Nikolas Sanchez Izquierdo,2,false,absent,finished,0,2,False,1517734800,Nikolas Sanchez Izquierdo,False,away,Alberto Cammarata,Q,2018-02-04 09:00
S0GZ,28,7709347,1517821200,"Spain F4, Singles Qualifying",ITF Men,Qualification,Guy Den Heijer,Nikolas Sanchez Izquierdo,2,false,absent,finished,0,2,False,1517821200,Nikolas Sanchez Izquierdo,False,away,Guy Den Heijer,Q,2018-02-05 09:00
S0GZ,28,7709963,1518006600,"Spain F4, Singles",ITF Men,Round of 32,Yshai Oliel,Nikolas Sanchez Izquierdo,1,false,2,finished,2,0,False,1518006600,Nikolas Sanchez Izquierdo,False,away,Yshai Oliel,R32,2018-02-07 12:30
S0GZ,28,7714633,1518269400,"Spain F5, Singles Qualifying",ITF Men,Qualification,Zakhar Trapeznikov,Nikolas Sanchez Izquierdo,2,false,absent,finished,0,2,False,1518269400,Nikolas Sanchez Izquierdo,False,away,Zakhar Trapeznikov,Q,2018-02-10 13:30
S0GZ,28,7715575,1518355800,"Spain F5, Singles Qualifying",ITF Men,Qualification,Vasisht Cheruku,Nikolas Sanchez Izquierdo,1,false,absent,finished,2,1,False,1518355800,Nikolas Sanchez Izquierdo,False,away,Vasisht Cheruku,Q,2018-02-11 13:30
S0GZ,28,7746195,1520764200,"Tunisia F10, Singles Qualifying",ITF Men,Qualification,Nikolas Sanchez Izquierdo,Ludovico Scerrati,1,false,absent,finished,2,0,False,1520764200,Nikolas Sanchez Izquierdo,False,home,Ludovico Scerrati,Q,2018-03-11 10:30
S0GZ,29,6722394,1428649200,"Spain F9, Singles Qualifying",ITF Men,absent,Pavel Ognev,Nikolas Sanchez Izquierdo,1,false,absent,finished,2,0,False,1428649200,Nikolas Sanchez Izquierdo,False,away,Pavel Ognev,Q,2015-04-10 07:00
S0GZ,29,6723162,1428735600,"Spain F9, Singles Qualifying",ITF Men,absent,Nikolas Sanchez Izquierdo,L. Chávez Villalpando,2,false,absent,finished,0,2,False,1428735600,Nikolas Sanchez Izquierdo,False,home,L. Chávez Villalpando,Q,2015-04-11 07:00
S0GZ,29,6989186,1453550400,"Spain F1, Singles Qualifying",ITF Men,Qualification,Nikolas Sanchez Izquierdo,Dan Dowson,2,false,absent,finished,0,2,False,1453550400,Nikolas Sanchez Izquierdo,False,home,Dan Dowson,Q,2016-01-23 12:00
S0GZ,29,7553869,1503748800,"Spain F27, Singles Qualifying",ITF Men,Qualification,Alexander Maiztegui,Nikolas Sanchez Izquierdo,2,false,absent,finished,0,2,False,1503748800,Nikolas Sanchez Izquierdo,False,away,Alexander Maiztegui,Q,2017-08-26 12:00
S0GZ,29,7554771,1503832500,"Spain F27, Singles Qualifying",ITF Men,Qualification,Miguel Vallejo,Nikolas Sanchez Izquierdo,2,false,1,finished,0,2,False,1503832500,Nikolas Sanchez Izquierdo,False,away,Miguel Vallejo,Q,2017-08-27 11:15
S0GZ,29,7556070,1503920700,"Spain F27, Doubles",ITF Men,Round of 16,Allemby J / Sanchez Izquierdo N,A. Fernandez Canovas / S. P. Contri,1,false,2,finished,2,1,False,1503920700,Nikolas Sanchez Izquierdo,True,,,R16,2017-08-28 11:45
S0GZ,29,7556066,1504026000,"Spain F27, Singles",ITF Men,Round of 32,Nikolas Sanchez Izquierdo,D. Gimeno-Traver,2,false,1,finished,0,2,False,1504026000,Nikolas Sanchez Izquierdo,False,home,D. Gimeno-Traver,R32,2017-08-29 17:00
S0GZ,29,7557250,1504099800,"Spain F27, Doubles",ITF Men,Quarterfinals,Allemby J / Sanchez Izquierdo N,Esteve Lobato E / Pla Malfeito J,2,false,2,finished,0,2,False,1504099800,Nikolas Sanchez Izquierdo,True,,,QF,2017-08-30 13:30
S0GZ,29,7583008,1505655000,"Spain F30, Singles Qualifying",ITF Men,absent,Pedro Martinez,Nikolas Sanchez Izquierdo,1,false,absent,finished,2,0,False,1505655000,Nikolas Sanchez Izquierdo,False,away,Pedro Martinez,Q,2017-09-17 13:30
S0GZ,29,7593069,1506159000,"Spain F31, Singles Qualifying",ITF Men,Qualification,Nikolas Sanchez Izquierdo,A. Rodriguez Queralto,1,false,absent,finished,2,0,False,1506159000,Nikolas Sanchez Izquierdo,False,home,A. Rodriguez Queralto,Q,2017-09-23 09:30
S0GZ,29,7594063,1506238200,"Spain F31, Singles Qualifying",ITF Men,Qualification,Nikolas Sanchez Izquierdo,Rayane Roumane,2,false,absent,finished,1,2,False,1506238200,Nikolas Sanchez Izquierdo,False,home,Rayane Roumane,Q,2017-09-24 07:30
S0GZ,29,7603178,1506772800,"Turkey F37, Singles Qualifying",ITF Men,Qualification,Nikolas Sanchez Izquierdo,Nicholas Horton,2,false,absent,finished,0,2,False,1506772800,Nikolas Sanchez Izquierdo,False,home,Nicholas Horton,Q,2017-09-30 12:00
S0GZ,29,7612910,1507359600,"Spain F33, Singles Qualifying",ITF Men,Qualification,Nikolas Sanchez Izquierdo,Robert Ziganshin,1,false,absent,finished,2,0,False,1507359600,Nikolas Sanchez Izquierdo,False,home,Robert Ziganshin,Q,2017-10-07 07:00
S0GZ,29,7614971,1507446000,"Spain F33, Singles Qualifying",ITF Men,Qualification,Alex Marti Pujolras,Nikolas Sanchez Izquierdo,1,false,absent,finished,2,0,False,1507446000,Nikolas Sanchez Izquierdo,False,away,Alex Marti Pujolras,Q,2017-10-08 07:00
S0GZ,29,7615902,1507536000,"Spain F33, Singles Qualifying",ITF Men,Qualification,Q. Sorni Chavarria,Nikolas Sanchez Izquierdo,2,false,absent,finished,0,2,False,1507536000,Nikolas Sanchez Izquierdo,False,away,Q. Sorni Chavarria,Q,2017-10-09 08:00
S0GZ,29,7616551,1507622400,"Spain F33, Singles Qualifying",ITF Men,Qualification,Nikolas Sanchez Izquierdo,Andrey Chepelev,absent,false,absent,canceled,absent,absent,False,1507622400,Nikolas Sanchez Izquierdo,False,home,Andrey Chepelev,Q,2017-10-10 08:00
S0GZ,29,7616462,1507626600,"Spain F33, Singles",ITF Men,Round of 32,Andrey Chepelev,Nikolas Sanchez Izquierdo,1,false,1,finished,2,0,False,1507626600,Nikolas Sanchez Izquierdo,False,away,Andrey Chepelev,R32,2017-10-10 09:10
S0GZ,29,7620991,1507964400,"Turkey F39, Singles Qualifying",ITF Men,Qualification,Pavel Verbin,Nikolas Sanchez Izquierdo,2,false,absent,finished,0,2,False,1507964400,Nikolas Sanchez Izquierdo,False,away,Pavel Verbin,Q,2017-10-14 07:00
S0GZ,29,7621732,1508050800,"Turkey F39, Singles Qualifying",ITF Men,Qualification,Nikolas Sanchez Izquierdo,Augusto Laranja,2,false,absent,finished,1,2,False,1508050800,Nikolas Sanchez Izquierdo,False,home,Augusto Laranja,Q,2017-10-15 07:00
S0GZ,29,7626512,1508568300,"Turkey F40, Singles Qualifying",ITF Men,Qualification,Nikolas Sanchez Izquierdo,Martin Dimitrov,1,false,absent,finished,2,0,False,1508568300,Nikolas Sanchez Izquierdo,False,home,Martin Dimitrov,Q,2017-10-21 06:45
V0F6,0,16141195,1778860800,"Cordoba, Argentina, Doubles",Challenger,Semifinals,Monzon I / Villalon Valdes N,Ambrogi L E / Zeitune M,1,false,1,finished,2,1,False,1778860800,Nicolas Villalon,True,,,SF,2026-05-15 16:00
V0F6,0,16141201,1778952300,"Cordoba, Argentina, Doubles",Challenger,Final,Huertas Del Pino Cordova A / Huertas del Pino C,Monzon I / Villalon Valdes N,1,false,1,finished,2,0,False,1778952300,Nicolas Villalon,True,,,F,2026-05-16 17:25
V0F6,0,16268408,1780436117,ITF M25 Cuiaba Men,ITF Men,Round of 32,Mateus Alves,Nicolas Villalon Valdes,1,false,absent,finished,2,0,False,1780436117,Nicolas Villalon,False,away,Mateus Alves,R32,2026-06-02 21:35
V0F6,0,16271770,1780528393,ITF M25 Cuiaba Men Doubles,ITF Men,Round of 16,Urrea A / Villalon Valdes N,Braga B / Braga V,1,false,absent,finished,2,1,False,1780528393,Nicolas Villalon,True,,,R16,2026-06-03 23:13
V0F6,0,16277536,1780614838,ITF M25 Cuiaba Men Doubles,ITF Men,Quarterfinals,Rodrigues P / Almeida G,Urrea A / Villalon Valdes N,1,false,absent,finished,2,0,False,1780614838,Nicolas Villalon,True,,,QF,2026-06-04 23:13
V0F6,0,16288111,1780857000,"San Miguel de Tucuman, Argentina, Qualifying",Challenger,Qualification Round 1,Nicolas Villalon Valdes,Gonzalo Zeitune,1,false,2,finished,2,1,False,1780857000,Nicolas Villalon,False,home,Gonzalo Zeitune,Q1,2026-06-07 18:30
V0F6,0,16292770,1781018100,"San Miguel de Tucuman, Argentina, Qualifying",Challenger,Qualification Final,Nicolas Villalon Valdes,Ezequiel Monferrer,1,false,2,finished,2,0,False,1781018100,Nicolas Villalon,False,home,Ezequiel Monferrer,Q,2026-06-09 15:15
V0F6,0,16301261,1781096400,"San Miguel de Tucuman, Argentina",Challenger,Round of 32,Nicolas Villalon Valdes,Lorenzo Joaquin Rodriguez,2,false,2,finished,1,2,False,1781096400,Nicolas Villalon,False,home,Lorenzo Joaquin Rodriguez,R32,2026-06-10 13:00
V0F6,0,16287604,1781114100,"San Miguel de Tucuman, Argentina, Doubles",Challenger,Round of 16,Monzon I / Villalon Valdes N,Britto L / Carou I,1,false,1,finished,2,1,False,1781114100,Nicolas Villalon,True,,,R16,2026-06-10 17:55
V0F6,0,16272808,1781216400,"San Miguel de Tucuman, Argentina, Doubles",Challenger,Quarterfinals,Ambrogi L E / Zeitune M,Monzon I / Villalon Valdes N,2,false,absent,finished,absent,absent,False,1781216400,Nicolas Villalon,True,,,QF,2026-06-11 22:20
V0F6,0,16272806,1781291700,"San Miguel de Tucuman, Argentina, Doubles",Challenger,Semifinals,Del Pino M / Dickerson R,Monzon I / Villalon Valdes N,1,false,1,finished,2,0,False,1781291700,Nicolas Villalon,True,,,SF,2026-06-12 19:15
V0F6,0,16370542,1782160200,"Piracicaba, Brazil",Challenger,Round of 32,Gonzalo Villanueva,Nicolas Villalon Valdes,1,false,1,finished,2,1,False,1782160200,Nicolas Villalon,False,away,Gonzalo Villanueva,R32,2026-06-22 20:30
V0F6,0,16373832,1782490200,"Piracicaba, Brazil, Doubles",Challenger,Round of 16,Rodriguez C / Urrea A,Monzon I / Villalon Valdes N,absent,false,absent,canceled,absent,absent,False,1782490200,Nicolas Villalon,True,,,R16,2026-06-26 16:10
V0F6,0,16446146,1783281900,"Bogota, Colombia, Qualifying",Challenger,Qualification Round 1,Nicolas Villalon Valdes,Brandon Perez,2,false,2,finished,0,2,False,1783281900,Nicolas Villalon,False,home,Brandon Perez,Q1,2026-07-05 20:05
V0F6,0,16659731,1785341650,ITF M15 Sao Paulo Men,ITF Men,Round of 32,Tomás Jordi Leston,Nicolas Villalon Valdes,2,false,absent,finished,0,2,False,1785341650,Nicolas Villalon,False,away,Tomás Jordi Leston,R32,2026-07-29 16:14
V0F6,0,16669049,1785420849,ITF M15 Sao Paulo Men,ITF Men,Round of 16,Enzo Camargo Lima,Nicolas Villalon Valdes,1,false,absent,finished,2,1,False,1785420849,Nicolas Villalon,False,away,Enzo Camargo Lima,R16,2026-07-30 14:14
V0F6,0,16672236,1785513600,ITF M15 Sao Paulo Men Doubles,ITF Men,Round of 16,Rodriguez L J / Roveri Sidney G,Villalon N / Zeitune G,1,false,absent,finished,2,0,False,1785513600,Nicolas Villalon,True,,,R16,2026-07-31 16:00
V0F6,1,15371456,1768482000,ITF M25 Santiago Men,ITF Men,Round of 16,Nicolas Villalon Valdes,Sean Cuenin,2,false,2,finished,1,2,False,1768482000,Nicolas Villalon,False,home,Sean Cuenin,R16,2026-01-15 13:00
V0F6,1,15371464,1768504800,ITF M25 Santiago Men Doubles,ITF Men,Quarterfinals,Becerra Otarola I A / Salazar A,Torrealba B / Villalon N,1,false,1,finished,2,1,False,1768504800,Nicolas Villalon,True,,,QF,2026-01-15 19:20
V0F6,1,15398955,1768924800,ITF M25 Santiago 2 Men,ITF Men,Round of 32,Nicolas Villalon Valdes,Luciano Emanuel Ambrogi,2,false,absent,finished,0,2,False,1768924800,Nicolas Villalon,False,home,Luciano Emanuel Ambrogi,R32,2026-01-20 16:00
V0F6,1,15398985,1769016600,ITF M25 Santiago 2 Men Doubles,ITF Men,Round of 16,Ambrogi L E / Del Pino M,Torrealba B / Villalon N,1,false,absent,finished,2,0,False,1769016600,Nicolas Villalon,True,,,R16,2026-01-21 17:30
V0F6,1,15430153,1769538600,"Concepcion, Chile",Challenger,Round of 32,Lautaro Midon,Nicolas Villalon Valdes,1,false,2,finished,2,1,False,1769538600,Nicolas Villalon,False,away,Lautaro Midon,R32,2026-01-27 18:30
V0F6,1,15591958,1771688700,"Santiago, Chile, Qualifying",ATP,Qualification Round 1,Andrea Pellegrino,Nicolas Villalon Valdes,1,false,1,finished,2,0,False,1771688700,Nicolas Villalon,False,away,Andrea Pellegrino,Q1,2026-02-21 15:45
V0F6,1,15638709,1772376300,"Brasilia, Brazil, Qualifying",Challenger,Qualification Round 1,Rafael Tosetto,Nicolas Villalon Valdes,2,false,2,finished,0,2,False,1772376300,Nicolas Villalon,False,away,Rafael Tosetto,Q1,2026-03-01 14:45
V0F6,1,15641701,1772456400,"Brasilia, Brazil, Qualifying",Challenger,Qualification Final,Joao Eduardo Schiessl,Nicolas Villalon Valdes,1,false,1,finished,2,0,False,1772456400,Nicolas Villalon,False,away,Joao Eduardo Schiessl,Q,2026-03-02 13:00
V0F6,1,15682986,1772981400,"Santiago, Chile, Qualifying",Challenger,Qualification Round 1,Nicolas Villalon Valdes,Ryan Dickerson,1,false,1,finished,2,0,False,1772981400,Nicolas Villalon,False,home,Ryan Dickerson,Q1,2026-03-08 14:50
V0F6,1,15687562,1773061200,"Santiago, Chile, Qualifying",Challenger,Qualification Final,Gonzalo Villanueva,Nicolas Villalon Valdes,1,false,2,finished,2,1,False,1773061200,Nicolas Villalon,False,away,Gonzalo Villanueva,Q,2026-03-09 13:00
V0F6,1,15845963,1774193400,"Bucaramanga, Colombia, Qualifying",Challenger,Qualification Round 1,Nicolas Esteban Rico Arias,Nicolas Villalon Valdes,2,false,2,finished,0,2,False,1774193400,Nicolas Villalon,False,away,Nicolas Esteban Rico Arias,Q1,2026-03-22 15:30
V0F6,1,15849791,1774278000,"Bucaramanga, Colombia, Qualifying",Challenger,Qualification Final,Natan Rodrigues,Nicolas Villalon Valdes,2,false,2,finished,0,1,False,1774278000,Nicolas Villalon,False,away,Natan Rodrigues,Q,2026-03-23 15:00
V0F6,1,15857389,1774375200,"Bucaramanga, Colombia",Challenger,Round of 32,Vladyslav Orlov,Nicolas Villalon Valdes,2,false,1,finished,0,2,False,1774375200,Nicolas Villalon,False,away,Vladyslav Orlov,R32,2026-03-24 18:00
V0F6,1,15808095,1774459800,"Bucaramanga, Colombia",Challenger,Round of 16,Maxime Janvier,Nicolas Villalon Valdes,2,false,1,finished,0,2,False,1774459800,Nicolas Villalon,False,away,Maxime Janvier,R16,2026-03-25 17:30
V0F6,1,15808101,1774546200,"Bucaramanga, Colombia",Challenger,Quarterfinals,Nicolas Villalon Valdes,Juan Manuel La Serna,1,false,1,finished,2,1,False,1774546200,Nicolas Villalon,False,home,Juan Manuel La Serna,QF,2026-03-26 17:30
V0F6,1,15808096,1774636800,"Bucaramanga, Colombia",Challenger,Semifinals,Nicolas Villalon Valdes,Matias Soto,2,false,2,finished,0,2,False,1774636800,Nicolas Villalon,False,home,Matias Soto,SF,2026-03-27 18:40
V0F6,1,15950561,1775400300,"Campinas, Brazil, Qualifying",Challenger,Qualification Round 1,Marcco Iannoni,Nicolas Villalon Valdes,2,false,2,finished,0,2,False,1775400300,Nicolas Villalon,False,away,Marcco Iannoni,Q1,2026-04-05 14:45
V0F6,1,15954968,1775482200,"Campinas, Brazil, Qualifying",Challenger,Qualification Final,Bruno Fernandez,Nicolas Villalon Valdes,1,false,1,finished,2,0,False,1775482200,Nicolas Villalon,False,away,Bruno Fernandez,Q,2026-04-06 13:30
V0F6,1,15993971,1776027600,"Santa Cruz, Bolivia, Qualifying",Challenger,Qualification Round 1,Matias Rivero,Nicolas Villalon Valdes,2,false,2,finished,0,2,False,1776027600,Nicolas Villalon,False,away,Matias Rivero,Q1,2026-04-12 21:00
V0F6,2,14606002,1756915200,ITF M25 Mar Del Plata Men Doubles,ITF Men,Round of 16,Bancalari A / Villalon N,Garcia Longo N / Martinez T,2,false,2,finished,1,2,False,1756915200,Nicolas Villalon,True,,,R16,2025-09-03 16:00
V0F6,2,14786816,1759069500,"Antofagasta, Chile, Qualifying",Challenger,Qualification Round 1,Maximus Jones,Nicolas Villalon Valdes,1,false,1,finished,2,1,False,1759069500,Nicolas Villalon,False,away,Maximus Jones,Q1,2025-09-28 14:25
V0F6,2,14837505,1759770000,ITF M25 Rio de Janeiro Men,ITF Men,Round of 32,Nicolas Villalon Valdes,Wilson Leite,1,false,absent,finished,2,0,False,1759770000,Nicolas Villalon,False,home,Wilson Leite,R32,2025-10-06 17:00
V0F6,2,14842489,1759862700,ITF M25 Rio de Janeiro Men Double,ITF Men,Round of 16,Chabalgoity P H / De Castro Rocha V A,Bruna N / Villalon N,2,false,2,finished,0,2,False,1759862700,Nicolas Villalon,True,,,R16,2025-10-07 18:45
V0F6,2,14849902,1760037300,ITF M25 Rio de Janeiro Men,ITF Men,Round of 16,Nicolas Zanellato,Nicolas Villalon Valdes,1,false,absent,finished,2,1,False,1760037300,Nicolas Villalon,False,away,Nicolas Zanellato,R16,2025-10-09 19:15
V0F6,2,14856180,1760130000,ITF M25 Rio de Janeiro Men Double,ITF Men,Quarterfinals,Bruna N / Villalon N,Martinez T / Rodriguez L J,2,false,absent,finished,absent,absent,False,1760130000,Nicolas Villalon,True,,,QF,2025-10-10 21:00
V0F6,2,14885497,1760533200,ITF M15 Santiago 5 Men,ITF Men,Round of 32,Nicolas Villalon Valdes,Joaquin Aguilar Cardozo,2,false,2,finished,0,2,False,1760533200,Nicolas Villalon,False,home,Joaquin Aguilar Cardozo,R32,2025-10-15 13:00
V0F6,2,14887436,1760551200,ITF M15 Santiago 5 Men Doubles,ITF Men,Round of 16,Fernandez B / Zeitune M,Torrealba B / Villalon N,1,false,2,finished,2,1,False,1760551200,Nicolas Villalon,True,,,R16,2025-10-15 18:00
V0F6,2,14924609,1761066000,ITF M15 Santiago 6 Men,ITF Men,Round of 32,Nicolas Bruna,Nicolas Villalon Valdes,1,false,absent,finished,2,0,False,1761066000,Nicolas Villalon,False,away,Nicolas Bruna,R32,2025-10-21 17:00
V0F6,2,14930393,1761154200,ITF M15 Santiago 6 Men Doubles,ITF Men,Round of 16,Torrealba B / Villalon N,Cundom J / Torres Fernandez B I,1,false,1,finished,2,1,False,1761154200,Nicolas Villalon,True,,,R16,2025-10-22 17:30
V0F6,2,14938186,1761238800,ITF M15 Santiago 6 Men Doubles,ITF Men,Quarterfinals,Hollender N / Salazar A,Torrealba B / Villalon N,2,false,absent,finished,0,2,False,1761238800,Nicolas Villalon,True,,,QF,2025-10-23 17:00
V0F6,2,14942604,1761325200,ITF M15 Santiago 6 Men Doubles,ITF Men,Semifinals,Aguilar Cardozo J / De La Fuente S,Torrealba B / Villalon N,1,false,1,finished,2,0,False,1761325200,Nicolas Villalon,True,,,SF,2025-10-24 17:00
V0F6,2,15121787,1763580600,ITF M15 Santiago 7 Men Doubles,ITF Men,Round of 16,Blanco Epple A / Valenzuela J,Torrealba B / Villalon N,2,false,absent,finished,0,2,False,1763580600,Nicolas Villalon,True,,,R16,2025-11-19 19:30
V0F6,2,15124687,1763647200,ITF M15 Santiago 7 Men,ITF Men,Round of 16,Nicolas Villalon Valdes,Ignacio Antonio Becerra Otarola,1,false,2,finished,2,0,False,1763647200,Nicolas Villalon,False,home,Ignacio Antonio Becerra Otarola,R16,2025-11-20 14:00
V0F6,2,15121399,1763654545,ITF M15 Santiago 7 Men Doubles,ITF Men,Quarterfinals,Bojicic Ono L / Dominguez Collado J,Torrealba B / Villalon N,2,false,1,finished,absent,absent,False,1763654545,Nicolas Villalon,True,,,QF,2025-11-20 16:02
V0F6,3,14019603,1750233600,ITF M15 Kursumlijska Banja 8 Men Doubles,ITF Men,Round of 16,Fernandez B / Zanellato N,Torrealba B / Villalon N,2,false,absent,finished,1,2,False,1750233600,Nicolas Villalon,True,,,R16,2025-06-18 08:00
V0F6,3,14026469,1750327200,ITF M15 Kursumlijska Banja 8 Men Doubles,ITF Men,Quarterfinals,Gannon C / Rock H,Torrealba B / Villalon N,1,false,absent,finished,2,0,False,1750327200,Nicolas Villalon,True,,,QF,2025-06-19 10:00
V0F6,3,14046100,1750838400,ITF M15 Kursumlijska Banja 9 Men,ITF Men,Round of 32,Branko Đurić,Nicolas Villalon Valdes,1,false,absent,finished,2,0,False,1750838400,Nicolas Villalon,False,away,Branko Đurić,R32,2025-06-25 08:00
V0F6,3,14043280,1750856400,ITF M15 Kursumlijska Banja 9 Men Doubles,ITF Men,Round of 16,Markovic S / Pisaric A,Bancalari A / Villalon N,1,false,2,finished,2,0,False,1750856400,Nicolas Villalon,True,,,R16,2025-06-25 13:00
V0F6,3,14077017,1751349600,ITF M15 Kursumlijska Banja 10 Men,ITF Men,Qualification Round 3,Nicolas Villalon Valdes,Novak Novaković,2,false,absent,finished,0,2,False,1751349600,Nicolas Villalon,False,home,Novak Novaković,Q3,2025-07-01 06:00
V0F6,3,14075630,1751443200,ITF M15 Kursumlijska Banja 10 Men Doubles,ITF Men,Round of 16,Juhas K / Markovic S,Bancalari A / Villalon N,absent,true,absent,canceled,absent,absent,False,1751443200,Nicolas Villalon,True,,,R16,2025-07-02 08:00
V0F6,3,14084426,1751461200,ITF M15 Kursumlijska Banja 10 Men Doubles,ITF Men,Round of 16,Jovic N / Markovski O,Bancalari A / Villalon N,1,false,2,finished,2,1,False,1751461200,Nicolas Villalon,True,,,R16,2025-07-02 13:00
V0F6,3,14177296,1752539400,ITF M15 Bucaramanga Men,ITF Men,Round of 32,Cristian Felipe Sanchez Rojas,Nicolas Villalon Valdes,2,false,2,finished,0,2,False,1752539400,Nicolas Villalon,False,away,Cristian Felipe Sanchez Rojas,R32,2025-07-15 00:30
V0F6,3,14192693,1752613200,ITF M15 Bucaramanga Men Doubles,ITF Men,Round of 16,Maldonado M / Serrano S,Torres Fernandez B I / Villalon Valdes N,2,false,absent,finished,0,2,False,1752613200,Nicolas Villalon,True,,,R16,2025-07-15 21:00
V0F6,3,14193606,1752685200,ITF M15 Bucaramanga Men,ITF Men,Round of 16,Tomas Marin,Nicolas Villalon Valdes,2,false,absent,finished,0,2,False,1752685200,Nicolas Villalon,False,away,Tomas Marin,R16,2025-07-16 17:00
V0F6,3,14201745,1752768000,ITF M15 Bucaramanga Men,ITF Men,Quarterfinals,Mateo Castaneda,Nicolas Villalon Valdes,2,false,absent,finished,0,2,False,1752768000,Nicolas Villalon,False,away,Mateo Castaneda,QF,2025-07-17 16:00
V0F6,3,14199498,1752793200,ITF M15 Bucaramanga Men Doubles,ITF Men,Quarterfinals,Remondy Pagotto V H / Scramin Do Lago J V,Torres Fernandez B I / Villalon Valdes N,2,false,absent,finished,1,2,False,1752793200,Nicolas Villalon,True,,,QF,2025-07-17 23:00
V0F6,3,14209510,1752865200,ITF M15 Bucaramanga Men,ITF Men,Semifinals,Eduardo Ribeiro,Nicolas Villalon Valdes,1,false,absent,finished,2,0,False,1752865200,Nicolas Villalon,False,away,Eduardo Ribeiro,SF,2025-07-18 19:00
V0F6,3,14209512,1752876000,ITF M15 Bucaramanga Men Doubles,ITF Men,Semifinals,Torres Fernandez B I / Villalon Valdes N,Braga B / Braga V,1,false,absent,finished,0,2,False,1752876000,Nicolas Villalon,True,,,SF,2025-07-18 22:00
V0F6,3,14248885,1753279200,ITF M15 Santiago 3 Men,ITF Men,Round of 32,Nicolas Villalon Valdes,Samuel Heredia,1,false,absent,finished,2,1,False,1753279200,Nicolas Villalon,False,home,Samuel Heredia,R32,2025-07-23 14:00
V0F6,3,14248886,1753345200,ITF M15 Santiago 3 Men Doubles,ITF Men,Round of 16,Torrealba B / Villalon N,Heredia S / Santis J,1,false,absent,finished,2,0,False,1753345200,Nicolas Villalon,True,,,R16,2025-07-24 08:20
V0F6,4,13190062,1733338200,"Santiago, Doubles Main, M-ITF-CHI-04A",ITF Men,Round of 16,Lopez M / Munoz Gajardo D I,Torrealba B / Villalon N,2,false,1,finished,0,2,False,1733338200,Nicolas Villalon,True,,,R16,2024-12-04 18:50
V0F6,4,13196125,1733420700,"Santiago, Doubles Main, M-ITF-CHI-04A",ITF Men,Quarterfinals,Torrealba B / Villalon N,Becerra Otarola I A / Nunez D A,2,false,2,finished,1,2,False,1733420700,Nicolas Villalon,True,,,QF,2024-12-05 17:45
V0F6,4,13334729,1736865000,ITF M15 Santiago Men,ITF Men,Round of 32,Nicolas Villalon Valdes,Wilson Leite,1,false,absent,finished,2,0,False,1736865000,Nicolas Villalon,False,home,Wilson Leite,R32,2025-01-14 14:30
V0F6,4,13334664,1736882400,ITF M15 Santiago Men Doubles,ITF Men,Round of 16,Torrealba B / Villalon N,Bancalari A / Torres Fernandez B I,1,false,absent,finished,2,0,False,1736882400,Nicolas Villalon,True,,,R16,2025-01-14 19:20
V0F6,4,13347274,1737048600,ITF M15 Santiago Men Doubles,ITF Men,Quarterfinals,Estevez J / La Serna J M,Torrealba B / Villalon N,2,false,absent,finished,0,2,False,1737048600,Nicolas Villalon,True,,,QF,2025-01-16 17:30
V0F6,4,13347262,1737048900,ITF M15 Santiago Men,ITF Men,Round of 16,Louis Wessels,Nicolas Villalon Valdes,1,false,absent,finished,2,0,False,1737048900,Nicolas Villalon,False,away,Louis Wessels,R16,2025-01-16 17:35
V0F6,4,13352361,1737145200,ITF M15 Santiago Men Doubles,ITF Men,Semifinals,Nunez D A / Salazar A,Torrealba B / Villalon N,2,false,absent,finished,0,2,False,1737145200,Nicolas Villalon,True,,,SF,2025-01-17 20:20
V0F6,4,13356539,1737216000,ITF M15 Santiago Men Doubles,ITF Men,Final,Torrealba B / Villalon N,Otegui J / Rodríguez L,2,false,absent,finished,0,2,False,1737216000,Nicolas Villalon,True,,,F,2025-01-18 16:00
V0F6,4,13366641,1737475200,ITF M15 Santiago 2 Men,ITF Men,Round of 32,Nicolas Villalon Valdes,Mateo Barreiros Reyes,2,false,absent,finished,0,2,False,1737475200,Nicolas Villalon,False,home,Mateo Barreiros Reyes,R32,2025-01-21 16:00
V0F6,4,13366656,1737495000,ITF M15 Santiago 2 Men Doubles,ITF Men,Round of 16,Becerra Otarola I A / Matta A,Torrealba B / Villalon N,2,false,absent,finished,0,2,False,1737495000,Nicolas Villalon,True,,,R16,2025-01-21 21:30
V0F6,4,13374041,1737666600,ITF M15 Santiago 2 Men Doubles,ITF Men,Quarterfinals,Torrealba B / Villalon N,Cigarran T / Hess S,1,false,absent,finished,2,1,False,1737666600,Nicolas Villalon,True,,,QF,2025-01-23 21:10
V0F6,4,13384957,1737743400,ITF M15 Santiago 2 Men Doubles,ITF Men,Semifinals,Otegui J / Rodríguez L,Torrealba B / Villalon N,1,false,absent,finished,2,0,False,1737743400,Nicolas Villalon,True,,,SF,2025-01-24 18:30
V0F6,4,13590981,1741705500,"Santiago, Chile",Challenger,Round of 32,Nicolas Villalon Valdes,Yuki Mochizuki,2,false,1,finished,1,2,False,1741705500,Nicolas Villalon,False,home,Yuki Mochizuki,R32,2025-03-11 15:05
V0F6,4,13620479,1742167800,"Merida, Mexico, Qualifying",Challenger,Qualification Round 1,Nicolas Villalon Valdes,Brandon Perez,1,false,2,finished,2,0,False,1742167800,Nicolas Villalon,False,home,Brandon Perez,Q1,2025-03-16 23:30
V0F6,4,13623982,1742238000,"Merida, Mexico, Qualifying",Challenger,Qualification Final,Trey Hilderbrand,Nicolas Villalon Valdes,1,false,1,finished,2,0,False,1742238000,Nicolas Villalon,False,away,Trey Hilderbrand,Q,2025-03-17 19:00
V0F6,4,13748509,1742942400,"Concepcion, Chile",Challenger,Round of 32,Nicolas Villalon Valdes,Lucas Pouille,2,false,2,finished,1,2,False,1742942400,Nicolas Villalon,False,home,Lucas Pouille,R32,2025-03-25 22:40
V0F6,5,12872452,1726926900,"Asuncion, Doubles Main, M-ITF-PAR-03A",ITF Men,Semifinals,J. Loureiro / G. Klier Junior,Torrealba B / Villalon N,2,false,1,finished,0,2,False,1726926900,Nicolas Villalon,True,,,SF,2024-09-21 13:55
V0F6,5,12879960,1726945200,"Asuncion, Doubles Main, M-ITF-PAR-03A",ITF Men,Final,Escurra Isnardi H J / Vergara Del Puerto M,Torrealba B / Villalon N,2,false,absent,finished,1,2,False,1726945200,Nicolas Villalon,True,,,F,2024-09-21 19:00
V0F6,5,12882039,1727010000,"Asuncion, Singles Qualifying, M-ITF-PAR-01A",ITF Men,Round of 32,Nicolas Villalon Valdes,Hady Rabih,1,false,absent,finished,2,0,False,1727010000,Nicolas Villalon,False,home,Hady Rabih,Q,2024-09-22 13:00
V0F6,5,12886401,1727100000,"Asuncion, Singles Qualifying, M-ITF-PAR-01A",ITF Men,Round of 16,Nicolas Villalon Valdes,Rocco Valente,1,false,absent,finished,2,0,False,1727100000,Nicolas Villalon,False,home,Rocco Valente,Q,2024-09-23 14:00
V0F6,5,12896772,1727206200,"Asuncion, Doubles Main, M-ITF-PAR-01A",ITF Men,Round of 16,Gimenez I / Yamacita F,Torrealba B / Villalon N,2,false,absent,finished,1,2,False,1727206200,Nicolas Villalon,True,,,R16,2024-09-24 19:30
V0F6,5,12892388,1727285400,"Asuncion, Singles Main, M-ITF-PAR-01A",ITF Men,Round of 32,Kaua Santos Gava,Nicolas Villalon Valdes,2,false,2,finished,1,2,False,1727285400,Nicolas Villalon,False,away,Kaua Santos Gava,R32,2024-09-25 17:30
V0F6,5,12902274,1727358600,"Asuncion, Singles Main, M-ITF-PAR-01A",ITF Men,Round of 16,Bautista Vilicich,Nicolas Villalon Valdes,1,false,2,finished,2,0,False,1727358600,Nicolas Villalon,False,away,Bautista Vilicich,R16,2024-09-26 13:50
V0F6,5,12897566,1727381400,"Asuncion, Doubles Main, M-ITF-PAR-01A",ITF Men,Quarterfinals,Midon L / Zeitune G,Torrealba B / Villalon N,1,false,2,finished,2,0,False,1727381400,Nicolas Villalon,True,,,QF,2024-09-26 20:10
V0F6,5,12919539,1727701200,"Luque, Singles Qualifying, M-ITF-PAR-02A",ITF Men,Round of 16,Nicolas Villalon Valdes,Tobias Sonne,1,false,absent,finished,2,0,False,1727701200,Nicolas Villalon,False,home,Tobias Sonne,Q,2024-09-30 13:00
V0F6,5,12923026,1727787600,"Luque, Singles Qualifying, M-ITF-PAR-02A",ITF Men,Round of 8,Nicolas Villalon Valdes,Laelson Rodrigues,1,false,2,finished,2,1,False,1727787600,Nicolas Villalon,False,home,Laelson Rodrigues,Q,2024-10-01 13:00
V0F6,5,12928094,1727884200,"Paraguay F2, Singles",ITF Men,Round of 32,Nicolas Villalon Valdes,Rodrigo Pacheco Mendez,2,false,2,finished,1,2,False,1727884200,Nicolas Villalon,False,home,Rodrigo Pacheco Mendez,R32,2024-10-02 15:50
V0F6,5,13083420,1730817900,"Guatemala F2, Singles",ITF Men,Round of 32,Alberto Alvarado Berrospi,Nicolas Villalon Valdes,1,false,1,finished,2,1,False,1730817900,Nicolas Villalon,False,away,Alberto Alvarado Berrospi,R32,2024-11-05 14:45
V0F6,5,13083427,1730919600,"Guatemala, Doubles Main, M-ITF-GUA-02A",ITF Men,Round of 16,Torrealba B / Villalon N,Munoz Gajardo D I / Torres Fernandez B I,1,false,2,finished,1,0,False,1730919600,Nicolas Villalon,True,,,R16,2024-11-06 19:00
V0F6,5,13093486,1731013500,"Guatemala, Doubles Main, M-ITF-GUA-02A",ITF Men,Quarterfinals,Torrealba B / Villalon N,Botran Neutze R / Tobon M,1,false,1,finished,2,1,False,1731013500,Nicolas Villalon,True,,,QF,2024-11-07 21:05
V0F6,5,13099533,1731092400,"Guatemala, Doubles Main, M-ITF-GUA-02A",ITF Men,Semifinals,Rodriguez-Pace R / Zhu E,Torrealba B / Villalon N,2,false,1,finished,0,2,False,1731092400,Nicolas Villalon,True,,,SF,2024-11-08 19:00
V0F6,6,12372984,1716978300,"Kursumlijska Banja, Doubles Main, M-ITF-SRB-08A",ITF Men,Round of 16,Bancalari A / Villalon Valdes N,Jovic N / Stanisavljevic M,1,false,1,finished,2,0,False,1716978300,Nicolas Villalon,True,,,R16,2024-05-29 10:25
V0F6,6,12379088,1717069200,"Kursumlijska Banja, Doubles Main, M-ITF-SRB-08A",ITF Men,Quarterfinals,Jovic V / Juhas K,Bancalari A / Villalon Valdes N,1,false,absent,finished,2,0,False,1717069200,Nicolas Villalon,True,,,QF,2024-05-30 11:40
V0F6,6,12389347,1717399800,"Grodzisk Mazowiecki, Singles Q, M-ITF-POL-01A",ITF Men,absent,Nicolas Villalon Valdes,Piotr Siekanowicz,2,false,absent,finished,0,2,False,1717399800,Nicolas Villalon,False,home,Piotr Siekanowicz,ABSENT,2024-06-03 07:30
V0F6,6,12410873,1718089200,"Oradea, Singles Main, M-ITF-ROU-05A",ITF Men,Round of 32,Vitek Horak,Nicolas Villalon Valdes,2,false,2,finished,0,2,False,1718089200,Nicolas Villalon,False,away,Vitek Horak,R32,2024-06-11 07:00
V0F6,6,12410871,1718106900,"Oradea, Doubles Main, M-ITF-ROU-05A",ITF Men,Round of 16,Bancalari A / Villalon Valdes N,Teszari C / Tomescu D A,1,false,2,finished,2,1,False,1718106900,Nicolas Villalon,True,,,R16,2024-06-11 11:55
V0F6,6,12414434,1718272800,"Oradea, Singles Main, M-ITF-ROU-05A",ITF Men,Round of 16,Nicolas Villalon Valdes,Nicholas David Ionel,2,false,2,finished,0,2,False,1718272800,Nicolas Villalon,False,home,Nicholas David Ionel,R16,2024-06-13 10:00
V0F6,6,12418771,1718285400,"Oradea, Doubles Main, M-ITF-ROU-05A",ITF Men,Quarterfinals,Alvarez Sarmiento M L / Rocens M,Bancalari A / Villalon Valdes N,1,false,2,finished,2,0,False,1718285400,Nicolas Villalon,True,,,QF,2024-06-13 13:30
V0F6,6,12435079,1718793300,"Cluj Napoca, Singles Main, M-ITF-ROU-07A",ITF Men,Round of 32,Nicolas Villalon Valdes,Vladyslav Orlov,1,false,1,finished,2,1,False,1718793300,Nicolas Villalon,False,home,Vladyslav Orlov,R32,2024-06-19 10:35
V0F6,6,12435572,1718813100,"Cluj Napoca, Doubles Main, M-ITF-ROU-07A",ITF Men,Round of 16,Bancalari A / Villalon Valdes N,Ambarzumjan E / Fellin P O,2,false,2,finished,0,2,False,1718813100,Nicolas Villalon,True,,,R16,2024-06-19 16:05
V0F6,6,12443283,1718874600,"Cluj Napoca, Singles Main, M-ITF-ROU-07A",ITF Men,Round of 16,Filip Apltauer,Nicolas Villalon Valdes,1,false,2,finished,2,0,False,1718874600,Nicolas Villalon,False,away,Filip Apltauer,R16,2024-06-20 09:10
V0F6,6,12461469,1719385200,"Belgrade, Singles Main, M-ITF-SRB-13A",ITF Men,Round of 32,Aleksandar Ljubojevic,Nicolas Villalon Valdes,2,false,1,finished,1,2,False,1719385200,Nicolas Villalon,False,away,Aleksandar Ljubojevic,R32,2024-06-26 07:00
V0F6,6,12458807,1719488100,"Belgrade, Doubles Main, M-ITF-SRB-13A",ITF Men,Round of 16,Garcia Mestre J / Kirci K,Bancalari A / Villalon Valdes N,2,false,1,finished,1,2,False,1719488100,Nicolas Villalon,True,,,R16,2024-06-27 11:35
V0F6,6,12473362,1719561600,"Belgrade, Doubles Main, M-ITF-SRB-13A",ITF Men,Quarterfinals,Basic M / Markovic S,Bancalari A / Villalon Valdes N,absent,false,absent,finished,absent,absent,False,1719561600,Nicolas Villalon,True,,,QF,2024-06-28 08:00
V0F6,6,12464668,1719561600,"Belgrade, Singles Main, M-ITF-SRB-13A",ITF Men,Round of 16,Viktor Jovic,Nicolas Villalon Valdes,1,false,1,finished,2,0,False,1719561600,Nicolas Villalon,False,away,Viktor Jovic,R16,2024-06-28 08:00
V0F6,6,12473771,1719572400,"Belgrade, Doubles Main, M-ITF-SRB-13A",ITF Men,Semifinals,Bancalari A / Villalon Valdes N,Krstic V / Petrovic L,1,false,absent,finished,absent,absent,False,1719572400,Nicolas Villalon,True,,,SF,2024-06-28 11:00
V0F6,7,11827965,1700081100,"Cochabamba, Singles Main, M-ITF-BOL-01A",ITF Men,Round of 32,Nicolas Villalon Valdes,Ramiro Amarilla,1,false,1,finished,2,0,False,1700081100,Nicolas Villalon,False,home,Ramiro Amarilla,R32,2023-11-15 20:45
V0F6,7,11836342,1700163900,"Cochabamba, Singles Main, M-ITF-BOL-01A",ITF Men,Round of 16,Nicolas Villalon Valdes,Juan Carlos Prado Angelo,1,false,1,finished,2,0,False,1700163900,Nicolas Villalon,False,home,Juan Carlos Prado Angelo,R16,2023-11-16 19:45
V0F6,7,11831518,1700176500,"Cochabamba, Doubles Main, M-ITF-BOL-01A",ITF Men,Quarterfinals,Monzon I / Tenti F,Becerra Otarola I A / Villalon Valdes N,1,false,1,finished,2,0,False,1700176500,Nicolas Villalon,True,,,QF,2023-11-16 23:15
V0F6,7,11838575,1700254800,"Cochabamba, Singles Main, M-ITF-BOL-01A",ITF Men,Quarterfinals,Tomas Farjat,Nicolas Villalon Valdes,1,false,1,finished,2,0,False,1700254800,Nicolas Villalon,False,away,Tomas Farjat,QF,2023-11-17 21:00
V0F6,7,11843298,1700415000,"Santa Cruz, Singles Qualifying, M-ITF-BOL-02A",ITF Men,absent,Nicolas Villalon Valdes,Gino Romano,1,false,absent,finished,2,0,False,1700415000,Nicolas Villalon,False,home,Gino Romano,Q,2023-11-19 17:30
V0F6,7,11845810,1700517900,"Santa Cruz, Singles Qualifying, M-ITF-BOL-02A",ITF Men,absent,Nicolas Villalon Valdes,Thiago Cigarran,1,false,1,finished,2,1,False,1700517900,Nicolas Villalon,False,home,Thiago Cigarran,Q,2023-11-20 22:05
V0F6,7,11848099,1700607600,"Santa Cruz, Singles Main, M-ITF-BOL-02A",ITF Men,Round of 32,Nicolas Villalon Valdes,Juan Carlos Prado Angelo,2,false,1,finished,1,2,False,1700607600,Nicolas Villalon,False,home,Juan Carlos Prado Angelo,R32,2023-11-21 23:00
V0F6,7,11858276,1701011400,"Temuco, Chile, Qualifying",Challenger,absent,Andres Andrade,Nicolas Villalon Valdes,1,false,absent,finished,2,1,False,1701011400,Nicolas Villalon,False,away,Andres Andrade,Q,2023-11-26 15:10
V0F6,7,11877682,1701784800,"Concepcion, Singles Main, M-ITF-CHI-01A",ITF Men,Round of 32,Gonzalo Villanueva,Nicolas Villalon Valdes,1,false,2,finished,2,0,False,1701784800,Nicolas Villalon,False,away,Gonzalo Villanueva,R32,2023-12-05 14:00
V0F6,7,11877783,1701801600,"Concepcion, Doubles Main, M-ITF-CHI-01A",ITF Men,Round of 16,Estevez J / La Serna J M,Torres Fernandez B I / Villalon Valdes N,1,false,2,finished,2,0,False,1701801600,Nicolas Villalon,True,,,R16,2023-12-05 18:40
V0F6,7,11889832,1702213200,"Concepcion, Singles Qualifying, M-ITF-CHI-02A",ITF Men,absent,Nicolas Villalon Valdes,Hans Albert Schubert,1,false,absent,finished,2,1,False,1702213200,Nicolas Villalon,False,home,Hans Albert Schubert,Q,2023-12-10 13:00
V0F6,7,11891335,1702299600,"Concepcion, Singles Qualifying, M-ITF-CHI-02A",ITF Men,absent,Nicolas Villalon Valdes,Miguel Angel Cabrera,1,false,absent,finished,2,1,False,1702299600,Nicolas Villalon,False,home,Miguel Angel Cabrera,Q,2023-12-11 13:00
V0F6,7,11893498,1702402500,"Concepcion, Singles Main, M-ITF-CHI-02A",ITF Men,Round of 32,Nicolas Villalon Valdes,Paulo Andre Saraiva Dos Santos,2,false,2,finished,0,2,False,1702402500,Nicolas Villalon,False,home,Paulo Andre Saraiva Dos Santos,R32,2023-12-12 17:35
V0F6,7,12100113,1708873200,"Tucuman, Singles Qualifying, M-ITF-ARG-01A",ITF Men,absent,Nicolas Villalon Valdes,I. Ibarrondo Suarez,1,false,absent,finished,2,0,False,1708873200,Nicolas Villalon,False,home,I. Ibarrondo Suarez,Q,2024-02-25 15:00
V0F6,7,12103436,1708952400,"Tucuman, Singles Qualifying, M-ITF-ARG-01A",ITF Men,absent,Nicolas Villalon Valdes,Ignacio Novo,2,false,absent,finished,0,2,False,1708952400,Nicolas Villalon,False,home,Ignacio Novo,Q,2024-02-26 13:00
V0F6,7,12171956,1710939600,"Maceio, Doubles Main, M-ITF-BRA-04A",ITF Men,Round of 16,Almeida Junior E / Braga B,Torres Fernandez B I / Villalon Valdes N,absent,false,absent,canceled,absent,absent,False,1710939600,Nicolas Villalon,True,,,R16,2024-03-20 13:00
V0F6,7,12171946,1710960000,"Maceio, Singles Main, M-ITF-BRA-04A",ITF Men,Round of 32,Paulo Andre Saraiva Dos Santos,Nicolas Villalon Valdes,1,false,2,finished,2,1,False,1710960000,Nicolas Villalon,False,away,Paulo Andre Saraiva Dos Santos,R32,2024-03-20 18:40
V0F6,7,12172050,1710966000,"Maceio, Doubles Main, M-ITF-BRA-04A",ITF Men,Round of 16,Cury Bueres M / De Almeida G,Torres Fernandez B I / Villalon Valdes N,1,false,2,finished,2,0,False,1710966000,Nicolas Villalon,True,,,R16,2024-03-20 20:20
V0F6,8,11304924,1684913100,"Addis Ababa, Doubles Main, M-ITF-ETH-02A",ITF Men,Round of 16,Aggarwal P / Madan T,Torres Fernandez B I / Villalon Valdes N,2,false,2,finished,0,2,False,1684913100,Nicolas Villalon,True,,,R16,2023-05-24 07:25
V0F6,8,11304848,1684994400,"Addis Ababa, Singles Main, M-ITF-ETH-02A",ITF Men,Round of 16,Nicolas Villalon Valdes,Digvijay Pratap Singh,2,false,2,finished,0,2,False,1684994400,Nicolas Villalon,False,home,Digvijay Pratap Singh,R16,2023-05-25 06:00
V0F6,8,11306584,1685003700,"Addis Ababa, Doubles Main, M-ITF-ETH-02A",ITF Men,Quarterfinals,Torres Fernandez B I / Villalon Valdes N,Eqbal I / Singh K,2,false,1,finished,0,2,False,1685003700,Nicolas Villalon,True,,,QF,2023-05-25 08:35
V0F6,8,11316673,1685373000,"Kursumlijska Banja, Singles Qualifying, M-ITF-SRB-",ITF Men,absent,Nikola Jovanovic,Nicolas Villalon Valdes,2,false,2,finished,0,2,False,1685373000,Nicolas Villalon,False,away,Nikola Jovanovic,Q,2023-05-29 15:10
V0F6,8,11318573,1685442000,"Kursumlijska Banja, Singles Qualifying, M-ITF-SRB-",ITF Men,absent,Milan Drinic,Nicolas Villalon Valdes,2,false,1,finished,1,2,False,1685442000,Nicolas Villalon,False,away,Milan Drinic,Q,2023-05-30 10:20
V0F6,8,11320700,1685524500,"Kursumlijska Banja, Singles Main, M-ITF-SRB-06A",ITF Men,Round of 32,Peter Fajta,Nicolas Villalon Valdes,1,false,1,finished,2,0,False,1685524500,Nicolas Villalon,False,away,Peter Fajta,R32,2023-05-31 09:15
V0F6,8,11344408,1686572400,"Kursumlijska Banja, Singles Qual, M-ITF-SRB-08A",ITF Men,absent,Nicolas Villalon Valdes,Aleksei Khomich,1,false,2,finished,2,0,False,1686572400,Nicolas Villalon,False,home,Aleksei Khomich,ABSENT,2023-06-12 12:20
V0F6,8,11346104,1686656100,"Kursumlijska Banja, Singles Qual, M-ITF-SRB-08A",ITF Men,absent,Nicolas Villalon Valdes,Joao Eduardo Schiessl,2,false,2,finished,0,2,False,1686656100,Nicolas Villalon,False,home,Joao Eduardo Schiessl,ABSENT,2023-06-13 11:35
V0F6,8,11357750,1687071600,"Kursumlijska Banja, Singles Quali, M-ITF-SRB-09A",ITF Men,absent,Vanja Petrov,Nicolas Villalon Valdes,2,false,absent,finished,1,2,False,1687071600,Nicolas Villalon,False,away,Vanja Petrov,ABSENT,2023-06-18 07:00
V0F6,8,11359038,1687159800,"Kursumlijska Banja, Singles Quali, M-ITF-SRB-09A",ITF Men,absent,Alexandar Balj,Nicolas Villalon Valdes,2,false,2,finished,0,2,False,1687159800,Nicolas Villalon,False,away,Alexandar Balj,ABSENT,2023-06-19 07:30
V0F6,8,11360528,1687246200,"Kursumlijska Banja, Singles Quali, M-ITF-SRB-09A",ITF Men,absent,Luka Pavlović,Nicolas Villalon Valdes,1,false,2,finished,2,1,False,1687246200,Nicolas Villalon,False,away,Luka Pavlović,ABSENT,2023-06-20 07:30
V0F6,8,11360540,1687277400,"Kursumlijska Banja, Doubles Main, M-ITF-SRB-09A",ITF Men,Round of 16,Lucero J / Villalon Valdes N,Novakovic N / Radovanovic T,1,false,2,finished,2,1,False,1687277400,Nicolas Villalon,True,,,R16,2023-06-20 16:10
V0F6,8,11362712,1687330800,"Kursumlijska Banja, Singles Main, M-ITF-SRB-09A",ITF Men,Round of 32,Stefan Popović,Nicolas Villalon Valdes,1,false,1,finished,2,0,False,1687330800,Nicolas Villalon,False,away,Stefan Popović,R32,2023-06-21 07:00
V0F6,8,11363405,1687445100,"Kursumlijska Banja, Doubles Main, M-ITF-SRB-09A",ITF Men,Quarterfinals,Lucero J / Villalon Valdes N,Pavlovic L / Rakic S,2,false,2,finished,0,2,False,1687445100,Nicolas Villalon,True,,,QF,2023-06-22 14:45
V0F6,8,11380468,1687888800,"Rosario, Doubles Main, M-ITF-ARG-04A",ITF Men,Round of 16,Becerra Otarola I A / Villalon Valdes N,Buslje M / Passoni S,1,false,1,finished,2,0,False,1687888800,Nicolas Villalon,True,,,R16,2023-06-27 18:00
V0F6,8,11380472,1687965900,"Rosario, Singles Main, M-ITF-ARG-04A",ITF Men,Round of 32,Lucas Catarina,Nicolas Villalon Valdes,1,false,2,finished,2,0,False,1687965900,Nicolas Villalon,False,away,Lucas Catarina,R32,2023-06-28 15:25
V0F6,8,11380491,1688051400,"Rosario, Doubles Main, M-ITF-ARG-04A",ITF Men,Quarterfinals,Britto L / Gimenez I,Becerra Otarola I A / Villalon Valdes N,2,false,2,finished,0,2,False,1688051400,Nicolas Villalon,True,,,QF,2023-06-29 15:10
V0F6,9,10836270,1666616400,"Santa Cruz, Singles Qualifying, M-ITF-BOL-02A",ITF Men,absent,Nicolas Villalon Valdes,Mateo Labuckas,2,false,absent,finished,0,2,False,1666616400,Nicolas Villalon,False,home,Mateo Labuckas,Q,2022-10-24 13:00
V0F6,9,10848015,1667134800,"Santa Cruz, Singles Qualifying, M-ITF-BOL-03A",ITF Men,absent,Nicolas Villalon Valdes,Kevin Major,2,false,absent,finished,0,2,False,1667134800,Nicolas Villalon,False,home,Kevin Major,Q,2022-10-30 13:00
V0F6,9,10863492,1667746800,"Lima, Singles Qualifying, M-ITF-PER-01A",ITF Men,absent,Nicolas Villalon Valdes,D. Cueto de Romana,1,false,absent,finished,2,0,False,1667746800,Nicolas Villalon,False,home,D. Cueto de Romana,Q,2022-11-06 15:00
V0F6,9,10864820,1667835000,"Lima, Singles Qualifying, M-ITF-PER-01A",ITF Men,absent,Nicolas Villalon Valdes,Victor Chaw,2,false,absent,finished,2,1,False,1667835000,Nicolas Villalon,False,home,Victor Chaw,Q,2022-11-07 15:30
V0F6,9,10871356,1667925600,"Lima, Singles Qualifying, M-ITF-PER-01A",ITF Men,absent,Nicolas Villalon Valdes,Duilio Vallebuona,2,false,2,finished,0,2,False,1667925600,Nicolas Villalon,False,home,Duilio Vallebuona,Q,2022-11-08 16:40
V0F6,9,10881521,1668348000,"Lima, Singles Qualifying, M-ITF-PER-02A",ITF Men,absent,Nicolas Villalon Valdes,William Bushamuka,1,false,absent,finished,2,0,False,1668348000,Nicolas Villalon,False,home,William Bushamuka,Q,2022-11-13 14:00
V0F6,9,10883055,1668438000,"Lima, Singles Qualifying, M-ITF-PER-02A",ITF Men,absent,Franco Marini,Nicolas Villalon Valdes,1,false,absent,finished,2,1,False,1668438000,Nicolas Villalon,False,away,Franco Marini,Q,2022-11-14 15:00
V0F6,9,10885375,1668520800,"Lima, Singles Qualifying, M-ITF-PER-02A",ITF Men,absent,Nicolas Villalon Valdes,Daniel Salazar Martinez,2,false,2,finished,1,2,False,1668520800,Nicolas Villalon,False,home,Daniel Salazar Martinez,Q,2022-11-15 14:00
V0F6,9,10885376,1668546900,"Lima, Doubles Main, M-ITF-PER-02A",ITF Men,Round of 16,Pena E / Villalon Valdes N,Pontoglio D / Zanotti A,1,false,1,finished,1,2,False,1668546900,Nicolas Villalon,True,,,R16,2022-11-15 21:15
V0F6,9,10894567,1668949200,"Temuco, Chile, Qualifying",Challenger,Qualification round 1,Achondo G.,Nicolas Villalon Valdes,2,false,absent,finished,1,2,False,1668949200,Nicolas Villalon,False,away,Achondo G.,Q1,2022-11-20 13:00
V0F6,9,10896528,1669035600,"Temuco, Chile, Qualifying",Challenger,absent,Alafia Ayeni,Nicolas Villalon Valdes,1,false,absent,finished,2,0,False,1669035600,Nicolas Villalon,False,away,Alafia Ayeni,Q,2022-11-21 13:00
V0F6,9,11007097,1674406500,"Concepcion, Chile, Qualifying",Challenger,Qualification round 1,Daniel Dutra Da Silva,Nicolas Villalon Valdes,1,false,absent,finished,2,0,False,1674406500,Nicolas Villalon,False,away,Daniel Dutra Da Silva,Q1,2023-01-22 16:55
V0F6,9,11071314,1676817000,"Tucuman, Singles Qualifying, M-ITF-ARG-01A",ITF Men,absent,Nikos Lehmann,Nicolas Villalon Valdes,1,false,absent,finished,2,1,False,1676817000,Nicolas Villalon,False,away,Nikos Lehmann,Q,2023-02-19 14:30
V0F6,9,11086931,1677423600,"Tucuman, Singles Qualifying, M-ITF-ARG-02A",ITF Men,absent,Enrique Bogo,Nicolas Villalon Valdes,2,false,absent,finished,1,2,False,1677423600,Nicolas Villalon,False,away,Enrique Bogo,Q,2023-02-26 15:00
V0F6,9,11089505,1677502800,"Tucuman, Singles Qualifying, M-ITF-ARG-02A",ITF Men,absent,Juan Ignacio Galarza,Nicolas Villalon Valdes,2,false,1,finished,0,2,False,1677502800,Nicolas Villalon,False,away,Juan Ignacio Galarza,Q,2023-02-27 13:00
V0F6,9,11091150,1677596400,"Tucuman, Singles Main, M-ITF-ARG-02A",ITF Men,Round of 32,Nicolas Villalon Valdes,Gabriel Alejandro Hidalgo,2,false,2,finished,0,2,False,1677596400,Nicolas Villalon,False,home,Gabriel Alejandro Hidalgo,R32,2023-02-28 15:00
V0F6,9,11104925,1678138200,"Santiago, Chile",Challenger,Round of 32,Camilo Ugo Carabelli,Nicolas Villalon Valdes,1,false,absent,finished,2,0,False,1678138200,Nicolas Villalon,False,away,Camilo Ugo Carabelli,R32,2023-03-06 21:30
V0F6,9,11107445,1678226100,"Santiago, Chile, Doubles",Challenger,Round of 16,Huertas Del Pino Cordova A / Huertas del Pino C,Torres Fernandez B I / Villalon Valdes N,1,false,absent,finished,2,0,False,1678226100,Nicolas Villalon,True,,,R16,2023-03-07 21:55
V0F6,9,11123637,1678638600,"Vina del Mar, Chile, Qualifying",Challenger,Qualification round 1,Nicolas Villalon Valdes,Orlando Luz,2,false,absent,finished,0,2,False,1678638600,Nicolas Villalon,False,home,Orlando Luz,Q1,2023-03-12 16:30
V0F6,10,9854931,1633275600,"Santiago 2, Chile, Qualifying",Challenger,Round of 16,Nicolas Villalon Valdes,Cristian Rodriguez,2,false,absent,finished,0,2,False,1633275600,Nicolas Villalon,False,home,Cristian Rodriguez,Q,2021-10-03 15:40
V0F6,10,10190555,1647178200,"Concepcion 2, Chile, Qualifying",Challenger,Qualification round 1,Johan Nikles,Nicolas Villalon Valdes,2,false,absent,finished,1,2,False,1647178200,Nicolas Villalon,False,away,Johan Nikles,Q1,2022-03-13 13:30
V0F6,10,10191646,1647264600,"Concepcion 2, Chile, Qualifying",Challenger,Qualification Final,Nicolas Villalon Valdes,Gonzalo Villanueva,2,false,absent,finished,0,2,False,1647264600,Nicolas Villalon,False,home,Gonzalo Villanueva,Q,2022-03-14 13:30
V0F6,10,10191590,1647455400,"Concepcion 2, Chile, Doubles",Challenger,Round of 16,Bancalari A / Villalon N,De Jong J / Stevens B,2,false,absent,finished,0,2,False,1647455400,Nicolas Villalon,True,,,R16,2022-03-16 18:30
V0F6,10,10302599,1652205300,"Coquimbo, Chile",Challenger,Round of 32,Nicolas Villalon Valdes,Connor Huertas Del Pino,2,false,absent,finished,0,2,False,1652205300,Nicolas Villalon,False,home,Connor Huertas Del Pino,R32,2022-05-10 17:55
V0F6,10,10590334,1660568400,"Brazil F2, Singles Qualifying",ITF Men,absent,Nicolas Villalon Valdes,Lucca Pinto,1,false,absent,finished,2,1,False,1660568400,Nicolas Villalon,False,home,Lucca Pinto,Q,2022-08-15 13:00
V0F6,10,10592367,1660659900,"Recife, Singles Qualifying, M-ITF-BRA-02A",ITF Men,absent,Nicolas Villalon Valdes,Bruno Fernandez,1,false,1,finished,2,1,False,1660659900,Nicolas Villalon,False,home,Bruno Fernandez,Q,2022-08-16 14:25
V0F6,10,10597847,1660765500,"Recife, Singles Main, M-ITF-BRA-02A",ITF Men,Round of 32,Nicolas Villalon Valdes,Gabriel Pascotto Tumasonis,1,false,1,finished,2,1,False,1660765500,Nicolas Villalon,False,home,Gabriel Pascotto Tumasonis,R32,2022-08-17 19:45
V0F6,10,10601069,1660839900,"Recife, Singles Main, M-ITF-BRA-02A",ITF Men,Round of 16,Fernando Yamacita,Nicolas Villalon Valdes,1,false,2,finished,2,0,False,1660839900,Nicolas Villalon,False,away,Fernando Yamacita,R16,2022-08-18 16:25
V0F6,10,10614939,1661173200,"Brasilia, DF, Singles Qualifying, M-ITF-BRA-03A",ITF Men,absent,Nicolas Villalon Valdes,Eugenio Almeida Junior,1,false,absent,finished,2,0,False,1661173200,Nicolas Villalon,False,home,Eugenio Almeida Junior,Q,2022-08-22 13:00
V0F6,10,10618258,1661259600,"Brasilia, DF, Singles Qualifying, M-ITF-BRA-03A",ITF Men,absent,Nicolas Villalon Valdes,Gabriel Schenekenberg,1,false,2,finished,2,0,False,1661259600,Nicolas Villalon,False,home,Gabriel Schenekenberg,Q,2022-08-23 13:00
V0F6,10,10618259,1661280900,"Brasilia, DF, Doubles Main, M-ITF-BRA-03A",ITF Men,Round of 16,Carou I / Pereira M F,Torres Fernandez B I / Villalon Valdes N,2,false,2,finished,1,2,False,1661280900,Nicolas Villalon,True,,,R16,2022-08-23 18:55
V0F6,10,10622199,1661345100,"Brasilia, DF, Singles Main, M-ITF-BRA-03A",ITF Men,Round of 32,Nicolas Villalon Valdes,Joao Marcos Nusdeo,2,false,2,finished,0,2,False,1661345100,Nicolas Villalon,False,home,Joao Marcos Nusdeo,R32,2022-08-24 12:45
V0F6,10,10622857,1661459400,"Brasilia, DF, Doubles Main, M-ITF-BRA-03A",ITF Men,Quarterfinals,Torres Fernandez B I / Villalon Valdes N,Schiessl J / Tosetto V,2,false,1,finished,0,2,False,1661459400,Nicolas Villalon,True,,,QF,2022-08-25 20:30
V0F6,10,10799029,1665931500,"Coquimbo 2, Chile, Qualifying",Challenger,Qualification round 1,Daniel Rincon,Nicolas Villalon Valdes,1,false,absent,finished,2,0,False,1665931500,Nicolas Villalon,False,away,Daniel Rincon,Q1,2022-10-16 14:45
V0F6,10,10834495,1666530000,"Santa Cruz, Singles Qualifying, M-ITF-BOL-02A",ITF Men,absent,Nicolas Villalon Valdes,Nicolas Donoso,1,false,absent,finished,2,0,False,1666530000,Nicolas Villalon,False,home,Nicolas Donoso,Q,2022-10-23 13:00
W09E,0,16257426,1780612500,"Tyler, USA",Challenger,Round of 16,Adam Walton,Andres Martin,1,false,1,finished,2,0,False,1780612500,Adam Walton,False,home,Andres Martin,R16,2026-06-04 22:35
W09E,0,16257433,1780685400,"Tyler, USA",Challenger,Quarterfinals,Adam Walton,Timo Legout,1,false,1,finished,2,0,False,1780685400,Adam Walton,False,home,Timo Legout,QF,2026-06-05 18:50
W09E,0,16257432,1780765500,"Tyler, USA",Challenger,Semifinals,Adam Walton,Liam Draxl,1,false,1,finished,2,0,False,1780765500,Adam Walton,False,home,Liam Draxl,SF,2026-06-06 17:05
W09E,0,16257428,1780851600,"Tyler, USA",Challenger,Final,Adam Walton,Andre Ilagan,1,false,1,finished,2,0,False,1780851600,Adam Walton,False,home,Andre Ilagan,F,2026-06-07 17:00
W09E,0,16320695,1781353800,"London, Great Britain, Qualifying",ATP,Qualification Round 1,Harry Wendelken,Adam Walton,1,false,2,finished,2,1,False,1781353800,Adam Walton,False,away,Harry Wendelken,Q1,2026-06-13 12:30
W09E,0,16365703,1781951700,"Mallorca, Spain, Qualifying",ATP,Qualification Round 1,Adam Walton,Federico Bondioli,1,false,2,finished,2,0,False,1781951700,Adam Walton,False,home,Federico Bondioli,Q1,2026-06-20 10:35
W09E,0,16368134,1782036000,"Mallorca, Spain, Qualifying",ATP,Qualification Final,Adam Walton,Antoine Ghibaudo,1,false,2,finished,2,0,False,1782036000,Adam Walton,False,home,Antoine Ghibaudo,Q,2026-06-21 10:00
W09E,0,16373773,1782142200,"Mallorca, Spain",ATP,Round of 32,Adam Walton,Nick Kyrgios,1,false,1,finished,2,0,False,1782142200,Adam Walton,False,home,Nick Kyrgios,R32,2026-06-22 15:30
W09E,0,16345038,1782306000,"Mallorca, Spain",ATP,Round of 16,Adam Walton,Alejandro Davidovich Fokina,2,false,2,finished,0,2,False,1782306000,Adam Walton,False,home,Alejandro Davidovich Fokina,R16,2026-06-24 13:00
W09E,0,16397271,1782741300,"Wimbledon, London, Great Britain",ATP,Round of 128,Adam Walton,Dino Prižmić,2,false,2,finished,1,3,False,1782741300,Adam Walton,False,home,Dino Prižmić,R128,2026-06-29 13:55
W09E,0,16451931,1783526400,"Newport, USA",Challenger,Round of 32,Mackenzie McDonald,Adam Walton,2,false,1,finished,0,2,False,1783526400,Adam Walton,False,away,Mackenzie McDonald,R32,2026-07-08 16:00
W09E,0,16425112,1783626300,"Newport, USA",Challenger,Round of 16,Bernard Tomić,Adam Walton,2,false,2,finished,1,2,False,1783626300,Adam Walton,False,away,Bernard Tomić,R16,2026-07-09 19:45
W09E,0,16425103,1783695600,"Newport, USA",Challenger,Quarterfinals,Arthur Gea,Adam Walton,2,false,2,finished,0,2,False,1783695600,Adam Walton,False,away,Arthur Gea,QF,2026-07-10 15:00
W09E,0,16425127,1783792800,"Newport, USA",Challenger,Semifinals,Adam Walton,Alex Michelsen,1,false,1,finished,2,0,False,1783792800,Adam Walton,False,home,Alex Michelsen,SF,2026-07-11 18:00
W09E,0,16425125,1783882500,"Newport, USA",Challenger,Final,Jacob Fearnley,Adam Walton,1,false,2,finished,2,1,False,1783882500,Adam Walton,False,away,Jacob Fearnley,F,2026-07-12 18:55
W09E,0,16498585,1784041200,"Lincoln, USA",Challenger,Round of 32,Adam Walton,Sebastian Gorzny,absent,false,absent,canceled,absent,absent,False,1784041200,Adam Walton,False,home,Sebastian Gorzny,R32,2026-07-14 15:00
W09E,0,16569335,1784576700,"Bloomfield Hills, USA",Challenger,Round of 32,Blaise Bicknell,Adam Walton,2,false,1,finished,1,1,False,1784576700,Adam Walton,False,away,Blaise Bicknell,R32,2026-07-20 19:45
W09E,0,16515854,1784746200,"Bloomfield Hills, USA",Challenger,Round of 16,Thanasi Kokkinakis,Adam Walton,2,false,2,finished,1,2,False,1784746200,Adam Walton,False,away,Thanasi Kokkinakis,R16,2026-07-22 18:50
W09E,0,16515861,1784905200,"Bloomfield Hills, USA",Challenger,Quarterfinals,Michael Zheng,Adam Walton,1,false,2,finished,2,1,False,1784905200,Adam Walton,False,away,Michael Zheng,QF,2026-07-24 15:00
W09E,0,16630745,1785305700,"Los Cabos, Mexico",ATP,Round of 32,Dalibor Svrcina,Adam Walton,1,false,1,finished,2,1,False,1785305700,Adam Walton,False,away,Dalibor Svrcina,R32,2026-07-29 06:15
W09E,0,16687904,1785601800,"Montreal, Canada, Qualifying",ATP,Qualification Round 1,Adam Walton,Justin Boulais,1,false,2,finished,2,0,False,1785601800,Adam Walton,False,home,Justin Boulais,Q1,2026-08-01 16:30
W09E,0,16696351,1785855600,"Montreal, Canada",ATP,Round of 128,Adam Walton,Jenson Brooksby,2,false,2,finished,0,2,False,1785855600,Adam Walton,False,home,Jenson Brooksby,R128,2026-08-04 15:00
W09E,1,15625007,1772823600,"Indian Wells, USA",ATP,Round of 64,Adam Walton,Learner Tien,2,false,1,finished,0,2,False,1772823600,Adam Walton,False,home,Learner Tien,R64,2026-03-06 19:00
W09E,1,15688594,1773175800,"Cap Cana, Dominican Republic",Challenger,Round of 32,Nicolas Jarry,Adam Walton,2,false,2,finished,0,2,False,1773175800,Adam Walton,False,away,Nicolas Jarry,R32,2026-03-10 20:50
W09E,1,15655239,1773354300,"Cap Cana, Dominican Republic",Challenger,Round of 16,Andres Andrade,Adam Walton,2,false,1,finished,0,2,False,1773354300,Adam Walton,False,away,Andres Andrade,R16,2026-03-12 22:25
W09E,1,15655248,1773441300,"Cap Cana, Dominican Republic",Challenger,Quarterfinals,Miomir Kecmanović,Adam Walton,2,false,2,finished,1,2,False,1773441300,Adam Walton,False,away,Miomir Kecmanović,QF,2026-03-13 22:35
W09E,1,15655241,1773522600,"Cap Cana, Dominican Republic",Challenger,Semifinals,Adam Walton,Mattia Bellucci,2,false,2,finished,0,2,False,1773522600,Adam Walton,False,home,Mattia Bellucci,SF,2026-03-14 21:10
W09E,1,15744142,1773707400,"Miami, USA, Qualifying",ATP,Qualification Round 1,Adam Walton,Chris Rodesch,1,false,1,finished,2,0,False,1773707400,Adam Walton,False,home,Chris Rodesch,Q1,2026-03-17 00:30
W09E,1,15759296,1773781200,"Miami, USA, Qualifying",ATP,Qualification Round 2,Adam Walton,Rinky Hijikata,1,false,1,finished,2,1,False,1773781200,Adam Walton,False,home,Rinky Hijikata,Q2,2026-03-17 21:00
W09E,1,15791046,1774041300,"Miami, USA",ATP,Round of 128,Adam Walton,Sebastián Báez,1,false,1,finished,2,0,False,1774041300,Adam Walton,False,home,Sebastián Báez,R128,2026-03-20 21:15
W09E,1,15708872,1774128300,"Miami, USA",ATP,Round of 64,Adam Walton,Jakub Menšik,2,false,2,finished,1,2,False,1774128300,Adam Walton,False,home,Jakub Menšik,R64,2026-03-21 21:25
W09E,1,15847200,1774380900,"Morelia, Mexico",Challenger,Round of 32,Luka Pavlović,Adam Walton,1,false,2,finished,2,0,False,1774380900,Adam Walton,False,away,Luka Pavlović,R32,2026-03-24 19:35
W09E,1,15897175,1774976400,"Houston, USA, Doubles",ATP,Round of 16,King E / Stalder R,Bayldon B / Walton A,1,false,2,finished,2,0,False,1774976400,Adam Walton,True,,,R16,2026-03-31 17:00
W09E,1,15897169,1775062800,"Houston, USA",ATP,Round of 32,Roman Andres Burruchaga,Adam Walton,1,false,1,finished,2,0,False,1775062800,Adam Walton,False,away,Roman Andres Burruchaga,R32,2026-04-01 17:00
W09E,1,15991902,1776058500,"Busan, Korea Republic",Challenger,Round of 32,Yu Hsiou Hsu,Adam Walton,2,false,2,finished,1,2,False,1776058500,Adam Walton,False,away,Yu Hsiou Hsu,R32,2026-04-13 05:35
W09E,1,15981223,1776218400,"Busan, Korea Republic",Challenger,Round of 16,James Trotter,Adam Walton,2,false,2,finished,1,2,False,1776218400,Adam Walton,False,away,James Trotter,R16,2026-04-15 02:00
W09E,1,15990800,1776232800,"Busan, Korea Republic, Doubles",Challenger,Round of 16,Puttergill C / Sweeny D,Pearson K / Walton A,1,false,2,finished,2,1,False,1776232800,Adam Walton,True,,,R16,2026-04-15 06:00
W09E,1,15981219,1776391200,"Busan, Korea Republic",Challenger,Quarterfinals,Yunchaokete Bu,Adam Walton,1,false,1,finished,2,0,False,1776391200,Adam Walton,False,away,Yunchaokete Bu,QF,2026-04-17 02:00
W09E,1,16040141,1776962100,"Madrid, Spain",ATP,Round of 128,Martin Landaluce,Adam Walton,2,false,2,finished,0,2,False,1776962100,Adam Walton,False,away,Martin Landaluce,R128,2026-04-23 16:35
W09E,1,16012171,1777107600,"Madrid, Spain",ATP,Round of 64,Karen Khachanov,Adam Walton,1,false,2,finished,2,0,False,1777107600,Adam Walton,False,away,Karen Khachanov,R64,2026-04-25 09:00
W09E,1,16070438,1777467000,"Jiujiang, China",Challenger,Round of 32,Adam Walton,Jie Cui,1,false,1,finished,2,0,False,1777467000,Adam Walton,False,home,Jie Cui,R32,2026-04-29 12:50
W09E,1,16070439,1777554600,"Jiujiang, China",Challenger,Round of 16,Adam Walton,Tung-Lin Wu,1,false,1,finished,2,0,False,1777554600,Adam Walton,False,home,Tung-Lin Wu,R16,2026-04-30 13:10
W09E,2,14575574,1756503600,"US Open, New York, USA, Doubles",ATP,Round of 64,Bayldon B / Walton A,Schnaitter J / Wallner M,2,false,2,finished,0,2,False,1756503600,Adam Walton,True,,,R64,2025-08-29 21:40
W09E,2,14689582,1758262500,"Hangzhou, China",ATP,Round of 32,Adam Walton,Sebastian Korda,2,false,2,finished,0,2,False,1758262500,Adam Walton,False,home,Sebastian Korda,R32,2025-09-19 06:15
W09E,2,14689223,1758280200,"Hangzhou, China, Doubles",ATP,Round of 16,Romboli F / Smith J-P,Hijikata R / Walton A,1,false,1,finished,2,1,False,1758280200,Adam Walton,True,,,R16,2025-09-19 11:10
W09E,2,14736694,1758517500,"Tokyo, Japan, Qualifying",ATP,Qualification Round 1,Rei Sakamoto,Adam Walton,1,false,1,finished,2,0,False,1758517500,Adam Walton,False,away,Rei Sakamoto,Q1,2025-09-22 05:05
W09E,2,14792373,1759293000,"Shanghai, China",ATP,Round of 128,Adam Walton,Mattia Bellucci,2,false,2,finished,0,2,False,1759293000,Adam Walton,False,home,Mattia Bellucci,R128,2025-10-01 04:30
W09E,2,14828475,1759819200,"Jinan, China",Challenger,Round of 32,Fajing Sun,Adam Walton,2,false,2,finished,1,2,False,1759819200,Adam Walton,False,away,Fajing Sun,R32,2025-10-07 06:40
W09E,2,14807217,1759995900,"Jinan, China",Challenger,Round of 16,Brandon Holt,Adam Walton,1,false,2,finished,2,0,False,1759995900,Adam Walton,False,away,Brandon Holt,R16,2025-10-09 07:45
W09E,2,14869760,1760421600,"Almaty, Kazakhstan",ATP,Round of 32,Tristan Schoolkate,Adam Walton,2,false,2,finished,1,2,False,1760421600,Adam Walton,False,away,Tristan Schoolkate,R32,2025-10-14 06:00
W09E,2,14868993,1760438100,"Almaty, Kazakhstan, Doubles",ATP,Round of 16,Omarkhanov A / Zhukayev B,Duckworth J / Walton A,2,false,2,finished,1,2,False,1760438100,Adam Walton,True,,,R16,2025-10-14 10:35
W09E,2,14851657,1760604000,"Almaty, Kazakhstan",ATP,Round of 16,Adam Walton,Daniil Medvedev,2,false,2,finished,0,2,False,1760604000,Adam Walton,False,home,Daniil Medvedev,R16,2025-10-16 08:40
W09E,2,14851727,1760612400,"Almaty, Kazakhstan, Doubles",ATP,Quarterfinals,Schnaitter J / Wallner M,Duckworth J / Walton A,1,false,1,finished,2,0,False,1760612400,Adam Walton,True,,,QF,2025-10-16 11:00
W09E,2,14906079,1760800800,"Basel, Switzerland, Qualifying",ATP,Qualification Round 1,Marin Čilić,Adam Walton,1,false,1,finished,2,0,False,1760800800,Adam Walton,False,away,Marin Čilić,Q1,2025-10-18 15:20
W09E,2,14946099,1761395400,"Paris, France, Qualifying",ATP,Qualification Round 1,Aleksandar Vukić,Adam Walton,1,false,2,finished,2,1,False,1761395400,Adam Walton,False,away,Aleksandar Vukić,Q1,2025-10-25 12:30
W09E,2,14982503,1762098300,"Athens, Greece",ATP,Round of 32,Alejandro Tabilo,Adam Walton,1,false,2,finished,2,1,False,1762098300,Adam Walton,False,away,Alejandro Tabilo,R32,2025-11-02 15:45
W09E,2,15313778,1767686400,"Brisbane, Australia",ATP,Round of 32,Rinky Hijikata,Adam Walton,1,false,1,finished,2,0,False,1767686400,Adam Walton,False,away,Rinky Hijikata,R32,2026-01-06 08:00
W09E,2,15341442,1768111200,"Adelaide, Australia, Qualifying",ATP,Qualification Round 1,Adam Walton,Jake Delaney,1,false,1,finished,2,1,False,1768111200,Adam Walton,False,home,Jake Delaney,Q1,2026-01-11 06:00
W09E,2,15346302,1768186800,"Adelaide, Australia, Qualifying",ATP,Qualification Final,Adam Walton,Quentin Halys,2,false,1,finished,0,2,False,1768186800,Adam Walton,False,home,Quentin Halys,Q,2026-01-12 03:00
W09E,2,15372343,1768730100,"Australian Open, Melbourne, Australia",ATP,Round of 128,Carlos Alcaraz,Adam Walton,1,false,2,finished,3,0,False,1768730100,Adam Walton,False,away,Carlos Alcaraz,R128,2026-01-18 09:55
W09E,3,13740653,1745037600,"Busan, South Korea",Challenger,Semifinals,Adam Walton,Jason Kubler,1,false,1,finished,2,1,False,1745037600,Adam Walton,False,home,Jason Kubler,SF,2025-04-19 04:40
W09E,3,13740650,1745122800,"Busan, South Korea",Challenger,Final,Adam Walton,Terence Atmane,2,false,2,finished,0,2,False,1745122800,Adam Walton,False,home,Terence Atmane,F,2025-04-20 04:20
W09E,3,13795343,1745370000,"Gwangju, South Korea",Challenger,Round of 32,Adam Walton,Marat Sharipov,1,false,1,finished,2,0,False,1745370000,Adam Walton,False,home,Marat Sharipov,R32,2025-04-23 01:00
W09E,3,13773683,1745471400,"Gwangju, South Korea",Challenger,Round of 16,Adam Walton,Jason Kubler,2,false,2,finished,0,2,False,1745471400,Adam Walton,False,home,Jason Kubler,R16,2025-04-24 05:10
W09E,3,13823696,1745909100,"Guangzhou, China",Challenger,Round of 32,Adam Walton,Andre Ilagan,1,false,1,finished,2,0,False,1745909100,Adam Walton,False,home,Andre Ilagan,R32,2025-04-29 06:45
W09E,3,13804952,1746074700,"Guangzhou, China",Challenger,Round of 16,Adam Walton,Alibek Kachmazov,2,false,2,finished,1,2,False,1746074700,Adam Walton,False,home,Alibek Kachmazov,R16,2025-05-01 04:45
W09E,3,13854768,1746506400,"Wuxi, China",Challenger,Round of 32,Adam Walton,Andre Ilagan,2,false,1,finished,0,1,False,1746506400,Adam Walton,False,home,Andre Ilagan,R32,2025-05-06 04:40
W09E,3,13934932,1748350200,"French Open, Paris, France",ATP,Round of 128,Maximilian Marterer,Adam Walton,2,false,2,finished,2,3,False,1748350200,Adam Walton,False,away,Maximilian Marterer,R128,2025-05-27 12:50
W09E,3,13919834,1748521800,"French Open, Paris, France",ATP,Round of 64,Andrey Rublev,Adam Walton,1,false,2,finished,3,0,False,1748521800,Adam Walton,False,away,Andrey Rublev,R64,2025-05-29 12:30
W09E,3,13980016,1749391800,"S-Hertogenbosch, Netherlands, Qualifying",ATP,Qualification Round 1,Adam Walton,Daniel Evans,2,false,2,finished,1,2,False,1749391800,Adam Walton,False,home,Daniel Evans,Q1,2025-06-08 14:10
W09E,3,14006533,1749913200,"London, Great Britain, Qualifying",ATP,Qualification Round 1,Hamad Medjedović,Adam Walton,2,false,2,finished,0,2,False,1749913200,Adam Walton,False,away,Hamad Medjedović,Q1,2025-06-14 15:00
W09E,3,14010556,1749990000,"London, Great Britain, Qualifying",ATP,Qualification Final,Adam Walton,Aleksandar Vukić,2,false,2,finished,0,2,False,1749990000,Adam Walton,False,home,Aleksandar Vukić,Q,2025-06-15 12:20
W09E,3,14020587,1750169400,"London, Great Britain",ATP,Round of 32,Carlos Alcaraz,Adam Walton,1,false,1,finished,2,0,False,1750169400,Adam Walton,False,away,Carlos Alcaraz,R32,2025-06-17 14:10
W09E,3,14033235,1750496400,"Mallorca, Spain, Qualifying",ATP,Qualification Round 1,Adam Walton,Brandon Holt,2,false,2,finished,1,2,False,1750496400,Adam Walton,False,home,Brandon Holt,Q1,2025-06-21 09:00
W09E,3,14061817,1751364000,"Wimbledon, London, Great Britain",ATP,Round of 128,Arthur Cazaux,Adam Walton,1,false,2,finished,3,2,False,1751364000,Adam Walton,False,away,Arthur Cazaux,R128,2025-07-01 10:00
W09E,3,14061988,1751536800,"Wimbledon, London, Great Britain, Doubles",ATP,Round of 64,Erler A / Frantzen C,Brooksby J / Walton A,1,false,1,finished,2,0,False,1751536800,Adam Walton,True,,,R64,2025-07-03 10:00
W09E,3,14172114,1752541200,"Los Cabos, Mexico, Doubles",ATP,Round of 16,Lammons N / Withrow J,Duckworth J / Walton A,2,false,2,finished,0,2,False,1752541200,Adam Walton,True,,,R16,2025-07-15 01:00
W09E,3,14172148,1752636300,"Los Cabos, Mexico",ATP,Round of 32,Adam Walton,Rodrigo Pacheco Mendez,1,false,1,finished,2,0,False,1752636300,Adam Walton,False,home,Rodrigo Pacheco Mendez,R32,2025-07-16 03:25
W09E,3,14147243,1752730500,"Los Cabos, Mexico",ATP,Round of 16,Adam Walton,Nishesh Basavareddy,1,false,1,finished,2,0,False,1752730500,Adam Walton,False,home,Nishesh Basavareddy,R16,2025-07-17 05:35
W09E,4,13404993,1738906500,"Brisbane 2, Australia",Challenger,Quarterfinals,Andre Ilagan,Adam Walton,1,false,1,finished,2,0,False,1738906500,Adam Walton,False,away,Andre Ilagan,QF,2025-02-07 05:35
W09E,4,13405002,1738998900,"Brisbane 2, Australia",Challenger,Semifinals,Adam Walton,Omar Jasika,1,false,1,finished,2,0,False,1738998900,Adam Walton,False,home,Omar Jasika,SF,2025-02-08 07:15
W09E,4,13404999,1739075400,"Brisbane 2, Australia",Challenger,Final,Adam Walton,Jason Kubler,1,false,2,finished,2,0,False,1739075400,Adam Walton,False,home,Jason Kubler,F,2025-02-09 04:30
W09E,4,13450122,1739376000,"Delray Beach, USA",ATP,Round of 32,Learner Tien,Adam Walton,1,false,1,finished,2,0,False,1739376000,Adam Walton,False,away,Learner Tien,R32,2025-02-12 16:00
W09E,4,13450462,1739391300,"Delray Beach, USA, Doubles",ATP,Round of 16,Hijikata R / Walton A,Withrow J / Zeballos H,2,false,1,finished,1,2,False,1739391300,Adam Walton,True,,,R16,2025-02-12 20:15
W09E,4,13428153,1739483400,"Delray Beach, USA, Doubles",ATP,Quarterfinals,Hijikata R / Walton A,Kecmanovic M / Nakashima B,2,false,1,finished,1,2,False,1739483400,Adam Walton,True,,,QF,2025-02-13 21:50
W09E,4,13516450,1740265200,"Acapulco, Mexico, Qualifying",ATP,Qualification Round 1,Adrian Mannarino,Adam Walton,2,false,2,finished,0,2,False,1740265200,Adam Walton,False,away,Adrian Mannarino,Q1,2025-02-22 23:00
W09E,4,13521222,1740355200,"Acapulco, Mexico, Qualifying",ATP,Qualification Final,Aleksandar Kovačević,Adam Walton,2,false,2,finished,1,2,False,1740355200,Adam Walton,False,away,Aleksandar Kovačević,Q,2025-02-24 00:00
W09E,4,13525567,1740452100,"Acapulco, Mexico",ATP,Round of 32,Marcos Giron,Adam Walton,1,false,2,finished,2,0,False,1740452100,Adam Walton,False,away,Marcos Giron,R32,2025-02-25 02:55
W09E,4,13559758,1741049700,"Indian Wells, USA, Qualifying",ATP,absent,Adam Walton,Constant Lestienne,1,false,1,finished,2,0,False,1741049700,Adam Walton,False,home,Constant Lestienne,Q,2025-03-04 00:55
W09E,4,13563112,1741132200,"Indian Wells, USA, Qualifying",ATP,Qualification Round 2,Adam Walton,Michael Mmoh,1,false,2,finished,2,1,False,1741132200,Adam Walton,False,home,Michael Mmoh,Q2,2025-03-04 23:50
W09E,4,13566903,1741312500,"Indian Wells, USA",ATP,Round of 128,Giulio Zeppieri,Adam Walton,2,false,1,finished,0,2,False,1741312500,Adam Walton,False,away,Giulio Zeppieri,R128,2025-03-07 01:55
W09E,4,13537571,1741466700,"Indian Wells, USA",ATP,Round of 64,Denis Shapovalov,Adam Walton,1,false,1,finished,2,0,False,1741466700,Adam Walton,False,away,Denis Shapovalov,R64,2025-03-08 20:45
W09E,4,13587110,1741804500,"Phoenix, USA",Challenger,Round of 32,Adam Walton,Hugo Gaston,2,false,2,finished,0,2,False,1741804500,Adam Walton,False,home,Hugo Gaston,R32,2025-03-12 18:35
W09E,4,13623398,1742246100,"Miami, USA, Qualifying",ATP,Qualification Round 1,Adam Walton,Mikhail Kukushkin,1,false,2,finished,2,0,False,1742246100,Adam Walton,False,home,Mikhail Kukushkin,Q1,2025-03-17 21:15
W09E,4,13630868,1742322000,"Miami, USA, Qualifying",ATP,Qualification Round 2,Adam Walton,Tristan Schoolkate,2,false,2,finished,0,2,False,1742322000,Adam Walton,False,home,Tristan Schoolkate,Q2,2025-03-18 18:20
W09E,4,13653285,1742655600,"Miami, USA",ATP,Round of 64,Adam Walton,Luciano Darderi,1,false,1,finished,2,0,False,1742655600,Adam Walton,False,home,Luciano Darderi,R64,2025-03-22 15:00
W09E,4,13610812,1742828400,"Miami, USA",ATP,Round of 32,Adam Walton,Coleman Wong,1,false,1,finished,2,1,False,1742828400,Adam Walton,False,home,Coleman Wong,R32,2025-03-24 15:00
W09E,4,13610773,1742945700,"Miami, USA",ATP,Round of 16,Taylor Fritz,Adam Walton,1,false,1,finished,2,0,False,1742945700,Adam Walton,False,away,Taylor Fritz,R16,2025-03-25 23:35
W09E,4,13587109,1711843200,"Houston, USA",ATP,Round of 32,Michael Mmoh,Adam Walton,2,false,2,finished,0,2,True,1742945700,Adam Walton,False,away,Michael Mmoh,R32,2024-03-31 00:00
W09E,5,12928766,1728550800,"Hangzhou, China, Doubles",Challenger,Quarterfinals,Sun F / Te R,Bolt A / Walton A,1,false,2,finished,2,1,False,1728550800,Adam Walton,True,,,QF,2024-10-10 09:00
W09E,5,12928750,1728615600,"Hangzhou, China",Challenger,Quarterfinals,James Duckworth,Adam Walton,1,false,1,finished,2,0,False,1728615600,Adam Walton,False,away,James Duckworth,QF,2024-10-11 03:00
W09E,5,12972893,1728957600,"Shenzhen 2, China",Challenger,Round of 32,Jie Cui,Adam Walton,2,false,1,finished,0,2,False,1728957600,Adam Walton,False,away,Jie Cui,R32,2024-10-15 02:00
W09E,5,12965240,1729049400,"Shenzhen 2, China",Challenger,Round of 16,Fajing Sun,Adam Walton,2,false,2,finished,0,2,False,1729049400,Adam Walton,False,away,Fajing Sun,R16,2024-10-16 03:30
W09E,5,12965246,1729218600,"Shenzhen 2, China",Challenger,Quarterfinals,James McCabe,Adam Walton,2,false,2,finished,0,1,False,1729218600,Adam Walton,False,away,James McCabe,QF,2024-10-18 02:30
W09E,5,12965247,1729306800,"Shenzhen 2, China",Challenger,Semifinals,Mackenzie McDonald,Adam Walton,1,false,2,finished,2,0,False,1729306800,Adam Walton,False,away,Mackenzie McDonald,SF,2024-10-19 03:00
W09E,5,13006649,1729566000,"Taipei 2, Chinese Taipei",Challenger,Round of 32,Adam Walton,Antoine Escoffier,1,false,2,finished,2,1,False,1729566000,Adam Walton,False,home,Antoine Escoffier,R32,2024-10-22 03:00
W09E,5,12991770,1729677000,"Taipei 2, Chinese Taipei",Challenger,Round of 16,Adam Walton,Tsung-Hao Huang,1,false,2,finished,2,0,False,1729677000,Adam Walton,False,home,Tsung-Hao Huang,R16,2024-10-23 09:50
W09E,5,12991775,1729828800,"Taipei 2, Chinese Taipei",Challenger,Quarterfinals,Adam Walton,Mackenzie McDonald,1,false,1,finished,2,0,False,1729828800,Adam Walton,False,home,Mackenzie McDonald,QF,2024-10-25 04:00
W09E,5,12991774,1729925400,"Taipei 2, Chinese Taipei",Challenger,Semifinals,Aleksandar Vukić,Adam Walton,2,false,2,finished,1,2,False,1729925400,Adam Walton,False,away,Aleksandar Vukić,SF,2024-10-26 06:50
W09E,5,12991763,1730017500,"Taipei 2, Chinese Taipei",Challenger,Final,Adam Walton,Taro Daniel,2,false,2,finished,0,2,False,1730017500,Adam Walton,False,home,Taro Daniel,F,2024-10-27 08:25
W09E,5,13064954,1730763900,"Knoxville, USA",Challenger,Round of 32,Adam Walton,Brandon Holt,2,false,2,finished,0,2,False,1730763900,Adam Walton,False,home,Brandon Holt,R32,2024-11-04 23:45
W09E,5,13108397,1731373500,"Champaign, USA",Challenger,Round of 32,Adam Walton,Ethan Quinn,2,false,2,finished,0,2,False,1731373500,Adam Walton,False,home,Ethan Quinn,R32,2024-11-12 01:05
W09E,5,13282000,1735452000,"Brisbane, Australia, Doubles",ATP,Round of 32,Jarry N / Mpetshi Perricard G,Schoolkate T / Walton A,1,false,absent,finished,2,0,False,1735452000,Adam Walton,True,,,R32,2024-12-29 06:00
W09E,5,13278111,1735612200,"Brisbane, Australia",ATP,Round of 32,Frances Tiafoe,Adam Walton,1,false,1,finished,2,0,False,1735612200,Adam Walton,False,away,Frances Tiafoe,R32,2024-12-31 02:30
W09E,5,13298713,1736055300,"Adelaide, Australia, Qualifying",ATP,Qualification Round 1,Adam Walton,Dušan Lajović,1,false,1,finished,2,1,False,1736055300,Adam Walton,False,home,Dušan Lajović,Q1,2025-01-05 05:35
W09E,5,13301129,1736130600,"Adelaide, Australia, Qualifying",ATP,Qualification Final,Rinky Hijikata,Adam Walton,2,false,2,finished,1,2,False,1736130600,Adam Walton,False,away,Rinky Hijikata,Q,2025-01-06 02:30
W09E,5,13302978,1736218800,"Adelaide, Australia",ATP,Round of 32,Arthur Cazaux,Adam Walton,1,false,1,finished,2,0,False,1736218800,Adam Walton,False,away,Arthur Cazaux,R32,2025-01-07 03:00
W09E,5,13314093,1736673600,"Australian Open, Melbourne, Australia",ATP,Round of 128,Adam Walton,Quentin Halys,2,false,2,finished,2,3,False,1736673600,Adam Walton,False,home,Quentin Halys,R128,2025-01-12 09:20
W09E,5,13282009,1736726400,"Australian Open, Melbourne, Australia, Doubles",ATP,Round of 64,Inactive/Unknown,Schoolkate T / Walton A,absent,false,1,finished,absent,absent,False,1736726400,Adam Walton,True,,,R64,2025-01-13 00:00
W09E,6,12432698,1719410100,"Mallorca, Spain",ATP,Round of 16,Paul Jubb,Adam Walton,1,false,2,finished,2,0,False,1719410100,Adam Walton,False,away,Paul Jubb,R16,2024-06-26 13:55
W09E,6,12477732,1719927000,"Wimbledon, London, Great Britain",ATP,Round of 128,Federico Coria,Adam Walton,2,false,2,finished,0,3,False,1719927000,Adam Walton,False,away,Federico Coria,R128,2024-07-02 13:30
W09E,6,12458037,1720087200,"Wimbledon, London, Great Britain",ATP,Round of 64,Francisco Comesaña,Adam Walton,1,false,1,finished,3,2,False,1720087200,Adam Walton,False,away,Francisco Comesaña,R64,2024-07-04 10:00
W09E,6,12538450,1721074800,"Granby, Canada",Challenger,Round of 32,Adam Walton,Andres Andrade,2,false,1,finished,1,0,False,1721074800,Adam Walton,False,home,Andres Andrade,R32,2024-07-15 20:20
W09E,6,12574701,1721484000,"Atlanta, USA, Qualifying",ATP,Qualification round 1,Adam Walton,Shintaro Mochizuki,1,false,2,finished,2,0,False,1721484000,Adam Walton,False,home,Shintaro Mochizuki,Q1,2024-07-20 14:00
W09E,6,12578463,1721574000,"Atlanta, USA, Qualifying",ATP,absent,Mattia Bellucci,Adam Walton,2,false,1,finished,1,2,False,1721574000,Adam Walton,False,away,Mattia Bellucci,Q,2024-07-21 15:00
W09E,6,12584565,1721695500,"Atlanta, USA, Doubles",ATP,Round of 16,Schoolkate T / Walton A,Hidalgo D / Smith J-P,1,false,1,finished,2,0,False,1721695500,Adam Walton,True,,,R16,2024-07-23 00:45
W09E,6,12584433,1721751900,"Atlanta, USA",ATP,Round of 32,Miomir Kecmanović,Adam Walton,2,false,2,finished,0,2,False,1721751900,Adam Walton,False,away,Miomir Kecmanović,R32,2024-07-23 16:25
W09E,6,12590909,1721846700,"Atlanta, USA",ATP,Round of 16,Adam Walton,Arthur Rinderknech,2,false,1,finished,0,2,False,1721846700,Adam Walton,False,home,Arthur Rinderknech,R16,2024-07-24 18:45
W09E,6,12565815,1722009600,"Atlanta, USA, Doubles",ATP,Quarterfinals,Blumberg W / Daniell M,Schoolkate T / Walton A,1,false,absent,finished,absent,absent,False,1722009600,Adam Walton,True,,,QF,2024-07-26 16:00
W09E,6,12617312,1722278100,"Washington, USA",ATP,Round of 64,Adam Walton,Seong Chan Hong,2,false,2,finished,0,2,False,1722278100,Adam Walton,False,home,Seong Chan Hong,R64,2024-07-29 18:35
W09E,6,12642213,1722798900,"Montreal, Canada, Qualifying",ATP,Qualification round 1,Adam Walton,Emil Ruusuvuori,absent,false,absent,canceled,absent,absent,False,1722798900,Adam Walton,False,home,Emil Ruusuvuori,Q1,2024-08-04 19:15
W09E,6,12644763,1722799500,"Montreal, Canada, Qualifying",ATP,Qualification round 1,Adam Walton,Billy Harris,2,false,2,finished,0,2,False,1722799500,Adam Walton,False,home,Billy Harris,Q1,2024-08-04 19:25
W09E,6,12665196,1723510500,"Cary, USA",Challenger,Round of 32,Nishesh Basavareddy,Adam Walton,1,false,2,finished,2,0,False,1723510500,Adam Walton,False,away,Nishesh Basavareddy,R32,2024-08-13 00:55
W09E,6,12701789,1724034600,"Winston-Salem, USA",ATP,Round of 64,Christopher Eubanks,Adam Walton,1,false,1,finished,2,1,False,1724034600,Adam Walton,False,away,Christopher Eubanks,R64,2024-08-19 02:30
W09E,6,12730018,1724701800,"US Open, New York, USA",ATP,Round of 128,Alexandre Muller,Adam Walton,1,false,1,finished,3,1,False,1724701800,Adam Walton,False,away,Alexandre Muller,R128,2024-08-26 19:50
W09E,6,12851936,1726635600,"Chengdu, China",ATP,Round of 32,Adam Walton,Lukas Klein,2,false,1,finished,0,2,False,1726635600,Adam Walton,False,home,Lukas Klein,R32,2024-09-18 05:00
W09E,6,12851951,1726649700,"Chengdu, China, Doubles",ATP,Round of 16,Matsui T / Walton A,Bhambri Y / Olivetti A,2,false,1,finished,0,2,False,1726649700,Adam Walton,True,,,R16,2024-09-18 08:55
W09E,7,12249941,1713304800,"Acapulco, Mexico",Challenger,Round of 32,Adam Walton,Charles Broom,1,false,2,finished,2,0,False,1713304800,Adam Walton,False,home,Charles Broom,R32,2024-04-16 22:00
W09E,7,12242126,1713391200,"Acapulco, Mexico",Challenger,Round of 16,Aidan McHugh,Adam Walton,1,false,2,finished,2,0,False,1713391200,Adam Walton,False,away,Aidan McHugh,R16,2024-04-17 22:00
W09E,7,12249306,1713403500,"Acapulco, Mexico, Doubles",Challenger,Round of 16,Chandrasekar A / Hach Verdugo H,Broom C / Walton A,1,false,2,finished,2,1,False,1713403500,Adam Walton,True,,,R16,2024-04-18 01:25
W09E,7,12242129,1713477600,"Acapulco, Mexico",Challenger,Quarterfinals,Adam Walton,Tristan Schoolkate,1,false,2,finished,2,0,False,1713477600,Adam Walton,False,home,Tristan Schoolkate,QF,2024-04-18 22:00
W09E,7,12242109,1713569400,"Acapulco, Mexico",Challenger,Semifinals,Alexis Galarneau,Adam Walton,2,false,2,finished,0,2,False,1713569400,Adam Walton,False,away,Alexis Galarneau,SF,2024-04-19 23:30
W09E,7,12242108,1713659400,"Acapulco, Mexico",Challenger,Final,Adam Walton,Giovanni Mpetshi Perricard,2,false,2,finished,0,2,False,1713659400,Adam Walton,False,home,Giovanni Mpetshi Perricard,F,2024-04-21 00:30
W09E,7,12266557,1713751200,"Shenzhen, China",Challenger,Round of 32,Mark Lajal,Adam Walton,absent,false,absent,canceled,absent,absent,False,1713751200,Adam Walton,False,away,Mark Lajal,R32,2024-04-22 02:00
W09E,7,12287434,1714451400,"Guangzhou, China",Challenger,Round of 32,Yi Zhou,Adam Walton,2,false,2,finished,1,2,False,1714451400,Adam Walton,False,away,Yi Zhou,R32,2024-04-30 04:30
W09E,7,12287644,1714546800,"Guangzhou, China, Doubles",Challenger,Round of 16,Statham R / Walton A,Marchenko I / Yevseyev D,absent,false,absent,canceled,absent,absent,False,1714546800,Adam Walton,True,,,R16,2024-05-01 07:00
W09E,7,12276776,1714549800,"Guangzhou, China",Challenger,Round of 16,Alex Bolt,Adam Walton,2,false,2,finished,0,2,False,1714549800,Adam Walton,False,away,Alex Bolt,R16,2024-05-01 07:50
W09E,7,12296999,1714568700,"Guangzhou, China, Doubles",Challenger,Round of 16,Statham R / Walton A,Bertola R / Escoffier A,2,false,1,finished,0,2,False,1714568700,Adam Walton,True,,,R16,2024-05-01 13:05
W09E,7,12276779,1714705200,"Guangzhou, China",Challenger,Quarterfinals,Beibit Zhukayev,Adam Walton,2,false,2,finished,1,2,False,1714705200,Adam Walton,False,away,Beibit Zhukayev,QF,2024-05-03 03:00
W09E,7,12276780,1714878000,"Guangzhou, China",Challenger,Semifinals,Adam Walton,Yunchaokete Bu,1,false,1,finished,2,1,False,1714878000,Adam Walton,False,home,Yunchaokete Bu,SF,2024-05-05 03:00
W09E,7,12276771,1714895100,"Guangzhou, China",Challenger,Final,Tristan Schoolkate,Adam Walton,1,false,1,finished,2,1,False,1714895100,Adam Walton,False,away,Tristan Schoolkate,F,2024-05-05 07:45
W09E,7,12311269,1715058900,"Wuxi, China",Challenger,Round of 32,Adam Walton,James McCabe,1,false,2,finished,2,0,False,1715058900,Adam Walton,False,home,James McCabe,R32,2024-05-07 05:15
W09E,7,12296892,1715142000,"Wuxi, China",Challenger,Round of 16,Adam Walton,Alex Bolt,1,false,1,finished,2,0,False,1715142000,Adam Walton,False,home,Alex Bolt,R16,2024-05-08 04:20
W09E,7,12296884,1715319600,"Wuxi, China",Challenger,Quarterfinals,Adam Walton,Alibek Kachmazov,2,false,1,finished,1,2,False,1715319600,Adam Walton,False,home,Alibek Kachmazov,QF,2024-05-10 05:40
W09E,7,12325974,1715670900,"Taipei, Chinese Taipei",Challenger,Round of 32,Yuta Shimizu,Adam Walton,2,false,1,finished,0,2,False,1715670900,Adam Walton,False,away,Yuta Shimizu,R32,2024-05-14 07:15
W09E,7,12317333,1715748000,"Taipei, Chinese Taipei",Challenger,Round of 16,Ji Sung Nam,Adam Walton,2,false,1,finished,0,2,False,1715748000,Adam Walton,False,away,Ji Sung Nam,R16,2024-05-15 04:40
W09E,7,12317331,1715832000,"Taipei, Chinese Taipei",Challenger,Quarterfinals,Ricardas Berankis,Adam Walton,2,false,1,finished,0,2,False,1715832000,Adam Walton,False,away,Ricardas Berankis,QF,2024-05-16 04:00
W09E,8,12049798,1708095300,"Bengaluru, India",Challenger,Quarterfinals,Adam Walton,Sumit Nagal,2,false,2,finished,0,2,False,1708095300,Adam Walton,False,home,Sumit Nagal,QF,2024-02-16 14:55
W09E,8,12082590,1708411800,"Pune, India",Challenger,Round of 32,Raphael Collignon,Adam Walton,2,false,2,finished,0,2,False,1708411800,Adam Walton,False,away,Raphael Collignon,R32,2024-02-20 06:50
W09E,8,12076943,1708437300,"Pune, India, Doubles",Challenger,Round of 16,Ganta S / Singh K,Schoolkate T / Walton A,2,false,2,finished,1,2,False,1708437300,Adam Walton,True,,,R16,2024-02-20 13:55
W09E,8,12067312,1708503300,"Pune, India",Challenger,Round of 16,Tung-Lin Wu,Adam Walton,2,false,2,finished,1,2,False,1708503300,Adam Walton,False,away,Tung-Lin Wu,R16,2024-02-21 08:15
W09E,8,12067315,1708583400,"Pune, India, Doubles",Challenger,Quarterfinals,Schoolkate T / Walton A,Matsui T / Uesugi K,1,false,1,finished,2,0,False,1708583400,Adam Walton,True,,,QF,2024-02-22 06:30
W09E,8,12067309,1708669800,"Pune, India",Challenger,Quarterfinals,Sasikumar Mukund,Adam Walton,2,false,absent,finished,absent,absent,False,1708669800,Adam Walton,False,away,Sasikumar Mukund,QF,2024-02-23 06:30
W09E,8,12067318,1708680600,"Pune, India, Doubles",Challenger,Semifinals,Schoolkate T / Walton A,Myneni S / Ramanathan R,1,false,1,finished,2,0,False,1708680600,Adam Walton,True,,,SF,2024-02-23 09:30
W09E,8,12067304,1708765200,"Pune, India",Challenger,Semifinals,Adam Walton,Duje Ajdukovic,1,false,2,finished,2,0,False,1708765200,Adam Walton,False,home,Duje Ajdukovic,SF,2024-02-24 09:00
W09E,8,12067321,1708780200,"Pune, India, Doubles",Challenger,Final,Added D / Chung Y S,Schoolkate T / Walton A,2,false,1,finished,0,2,False,1708780200,Adam Walton,True,,,F,2024-02-24 13:10
W09E,8,12067302,1708858800,"Pune, India",Challenger,Final,Valentin Vacherot,Adam Walton,1,false,2,finished,2,1,False,1708858800,Adam Walton,False,away,Valentin Vacherot,F,2024-02-25 11:00
W09E,8,12099020,1709043300,"New Delhi, India",Challenger,Round of 32,Gauthier Onclin,Adam Walton,2,false,2,finished,0,2,False,1709043300,Adam Walton,False,away,Gauthier Onclin,R32,2024-02-27 14:15
W09E,8,12088048,1709191800,"New Delhi, India",Challenger,Round of 16,Geoffrey Blancaneaux,Adam Walton,1,false,2,finished,2,0,False,1709191800,Adam Walton,False,away,Geoffrey Blancaneaux,R16,2024-02-29 07:30
W09E,8,12125316,1709575200,"Indian Wells, USA, Qualifying",ATP,Qualification round 1,Thiago Seyboth Wild,Adam Walton,1,false,1,finished,2,0,False,1709575200,Adam Walton,False,away,Thiago Seyboth Wild,Q1,2024-03-04 18:00
W09E,8,12148630,1710176400,"Phoenix, USA, Qualifying",Challenger,Qualification round 1,Adam Walton,Mikhail Kukushkin,1,false,2,finished,1,0,False,1710176400,Adam Walton,False,home,Mikhail Kukushkin,Q1,2024-03-11 17:00
W09E,8,12151942,1710262800,"Phoenix, USA, Qualifying",Challenger,Qualification round 1,Liam Broady,Adam Walton,2,false,1,finished,1,2,False,1710262800,Adam Walton,False,away,Liam Broady,Q1,2024-03-12 17:00
W09E,8,12155634,1710349200,"Phoenix, USA",Challenger,Round of 32,Arthur Cazaux,Adam Walton,1,false,2,finished,2,0,False,1710349200,Adam Walton,False,away,Arthur Cazaux,R32,2024-03-13 17:00
W09E,8,12151998,1710365100,"Phoenix, USA, Doubles",Challenger,Round of 16,Polmans M / Walton A,Mies A / Smith J-P,1,false,2,finished,2,0,False,1710365100,Adam Walton,True,,,R16,2024-03-13 21:25
W09E,8,12131563,1710559200,"Phoenix, USA, Doubles",Challenger,Quarterfinals,Hijikata R / Patten H,Polmans M / Walton A,1,false,absent,finished,absent,absent,False,1710559200,Adam Walton,True,,,QF,2024-03-16 03:20
W09E,9,11742664,1697616000,"Hamburg, Germany, Doubles",Challenger,Round of 16,Krutykh O / Molleker R,Reese H / Walton A,absent,false,absent,finished,absent,absent,False,1697616000,Adam Walton,True,,,R16,2023-10-18 08:00
W09E,9,11732786,1697630400,"Hamburg, Germany",Challenger,Round of 16,Jelle Sels,Adam Walton,2,false,absent,finished,1,2,False,1697630400,Adam Walton,False,away,Jelle Sels,R16,2023-10-18 12:00
W09E,9,11732792,1697729400,"Hamburg, Germany, Doubles",Challenger,Quarterfinals,Novak D / Santillan A,Reese H / Walton A,1,false,absent,finished,2,0,False,1697729400,Adam Walton,True,,,QF,2023-10-19 15:30
W09E,9,11732830,1697792400,"Hamburg, Germany",Challenger,Quarterfinals,Illya Marchenko,Adam Walton,1,false,absent,finished,2,0,False,1697792400,Adam Walton,False,away,Illya Marchenko,QF,2023-10-20 09:00
W09E,9,11786989,1698768000,"Charlottesville, USA",Challenger,Round of 32,Adam Walton,Inaki Montes-de la Torre,2,false,absent,finished,1,2,False,1698768000,Adam Walton,False,home,Inaki Montes-de la Torre,R32,2023-10-31 16:00
W09E,9,11782864,1698791700,"Charlottesville, USA, Doubles",Challenger,Round of 16,Lawson A / Walton A,Damm M / Rybakov A,2,false,absent,finished,1,2,False,1698791700,Adam Walton,True,,,R16,2023-10-31 22:35
W09E,9,11805326,1699391700,"Knoxville, USA",Challenger,Round of 32,Aidan McHugh,Adam Walton,absent,false,absent,canceled,absent,absent,False,1699391700,Adam Walton,False,away,Aidan McHugh,R32,2023-11-07 21:15
W09E,9,11929798,1704089400,"Canberra, Australia",Challenger,Round of 32,Adam Walton,David Goffin,2,false,2,finished,0,2,False,1704089400,Adam Walton,False,home,David Goffin,R32,2024-01-01 06:10
W09E,9,11929277,1704170400,"Canberra, Australia, Doubles",Challenger,Round of 16,Rincon D / Shelbayh A,Schoolkate T / Walton A,1,false,2,finished,2,1,False,1704170400,Adam Walton,True,,,R16,2024-01-02 04:40
W09E,9,11945284,1704593400,"Adelaide, Australia, Qualifying",ATP,Qualification round 1,Pedro Cachin,Adam Walton,2,false,1,finished,0,2,False,1704593400,Adam Walton,False,away,Pedro Cachin,Q1,2024-01-07 02:10
W09E,9,11954265,1704678300,"Adelaide, Australia, Qualifying",ATP,Qualification round 1,Adam Walton,Bernabe Zapata Miralles,1,false,1,finished,2,0,False,1704678300,Adam Walton,False,home,Bernabe Zapata Miralles,Q1,2024-01-08 01:45
W09E,9,11957022,1704787800,"Adelaide, Australia",ATP,Round of 32,Jiri Lehecka,Adam Walton,1,false,1,finished,2,0,False,1704787800,Adam Walton,False,away,Jiri Lehecka,R32,2024-01-09 08:10
W09E,9,11964211,1705190400,"Australian Open, Melbourne, Australia",ATP,Round of 128,Matteo Arnaldi,Adam Walton,1,false,1,finished,3,0,False,1705190400,Adam Walton,False,away,Matteo Arnaldi,R128,2024-01-14 00:00
W09E,9,11972160,1705536000,"Australian Open, Melbourne, Australia, Doubles",ATP,Round of 64,Cabral F / Patten H,Schoolkate T / Walton A,1,false,1,finished,2,1,False,1705536000,Adam Walton,True,,,R64,2024-01-18 00:00
W09E,9,11979124,1705640100,"Australian Open, Melbourne, Australia, Mixed",ATP,Round of 32,Lammons N / Dabrowski G,Walton A / Hon P,1,false,2,finished,2,0,False,1705640100,Adam Walton,True,,,R32,2024-01-19 04:55
W09E,9,12015341,1706574000,"Burnie 1, Australia",Challenger,Round of 32,Matt Hulme,Adam Walton,2,false,2,finished,0,2,False,1706574000,Adam Walton,False,away,Matt Hulme,R32,2024-01-30 00:20
W09E,9,12015342,1706660400,"Burnie 1, Australia",Challenger,Round of 16,Alex Bolt,Adam Walton,1,false,2,finished,2,1,False,1706660400,Adam Walton,False,away,Alex Bolt,R16,2024-01-31 00:20
W09E,10,11500878,1691796600,"Cary 2, USA, Doubles",Challenger,Semifinals,Libietis M / Walton A,Raja P / Ramanathan R,1,false,absent,finished,2,0,False,1691796600,Adam Walton,True,,,SF,2023-08-11 23:30
W09E,10,11500913,1691866800,"Cary, USA",Challenger,Semifinals,Liam Broady,Adam Walton,2,false,absent,finished,0,2,False,1691866800,Adam Walton,False,away,Liam Broady,SF,2023-08-12 19:00
W09E,10,11500875,1691885100,"Cary 2, USA, Doubles",Challenger,Final,King E / Stalder R,Libietis M / Walton A,1,false,absent,finished,2,0,False,1691885100,Adam Walton,True,,,F,2023-08-13 00:05
W09E,10,11500834,1691949600,"Cary, USA",Challenger,Final,Nicolas Moreno de Alboran,Adam Walton,2,false,absent,finished,1,2,False,1691949600,Adam Walton,False,away,Nicolas Moreno de Alboran,F,2023-08-13 18:00
W09E,10,11529528,1692118800,"Stanford, USA",Challenger,Round of 32,Zachary Svajda,Adam Walton,2,false,absent,finished,0,2,False,1692118800,Adam Walton,False,away,Zachary Svajda,R32,2023-08-15 17:00
W09E,10,11532236,1692141300,"Stanford, USA, Doubles",Challenger,Round of 16,Pervolarakis M / Walton A,Hach Verdugo H / Sitak A,2,false,absent,finished,1,2,False,1692141300,Adam Walton,True,,,R16,2023-08-15 23:15
W09E,10,11520718,1692210300,"Stanford, USA",Challenger,Round of 16,James Duckworth,Adam Walton,1,false,absent,finished,2,0,False,1692210300,Adam Walton,False,away,James Duckworth,R16,2023-08-16 18:25
W09E,10,11553423,1692462300,"Winston-Salem, USA, Qualifying",ATP,Qualification round 1,Adam Walton,Strong Kirchheimer,2,false,absent,finished,0,2,False,1692462300,Adam Walton,False,home,Strong Kirchheimer,Q1,2023-08-19 16:25
W09E,10,11629353,1694553900,"Cary 2, USA",Challenger,Round of 32,Adam Walton,Mitchell Krueger,1,false,absent,finished,2,0,False,1694553900,Adam Walton,False,home,Mitchell Krueger,R32,2023-09-12 21:25
W09E,10,11629342,1694636700,"Cary 2, USA, Doubles",Challenger,Round of 16,Schoolkate T / Walton A,Geerts M / Peniston R,absent,false,absent,canceled,absent,absent,False,1694636700,Adam Walton,True,,,R16,2023-09-13 20:25
W09E,10,11639830,1694644200,"Cary 2, USA, Doubles",Challenger,Round of 16,Schoolkate T / Walton A,Johns G / Rodenas P,2,false,absent,finished,1,2,False,1694644200,Adam Walton,True,,,R16,2023-09-13 22:30
W09E,10,11616770,1694732400,"Cary 2, USA",Challenger,Round of 16,Adam Walton,Patrick Kypson,2,false,absent,finished,0,2,False,1694732400,Adam Walton,False,home,Patrick Kypson,R16,2023-09-14 23:00
W09E,10,11651065,1695069900,"Columbus, USA",Challenger,Round of 32,Adam Walton,Giovanni Mpetshi Perricard,1,false,absent,finished,2,0,False,1695069900,Adam Walton,False,home,Giovanni Mpetshi Perricard,R32,2023-09-18 20:45
W09E,10,11637724,1695241200,"Columbus, USA",Challenger,Round of 16,Adam Walton,Tristan Schoolkate,2,false,absent,finished,1,2,False,1695241200,Adam Walton,False,home,Tristan Schoolkate,R16,2023-09-20 20:20
W09E,10,11651057,1695255600,"Columbus, USA, Doubles",Challenger,Round of 16,Gomez F A / Stevenson K,Schoolkate T / Walton A,2,false,absent,finished,0,2,False,1695255600,Adam Walton,True,,,R16,2023-09-21 00:20
W09E,10,11637740,1695327300,"Columbus, USA, Doubles",Challenger,Quarterfinals,Krueger M / Kudla D,Schoolkate T / Walton A,2,false,absent,finished,0,2,False,1695327300,Adam Walton,True,,,QF,2023-09-21 20:15
W09E,10,11637720,1695412200,"Columbus, USA, Doubles",Challenger,Semifinals,Schoolkate T / Walton A,Gerasimov E / Safiullin R,1,false,absent,finished,2,1,False,1695412200,Adam Walton,True,,,SF,2023-09-22 19:50
W09E,11,11370251,1687528500,"Tulsa, OK, Singles Main, M-ITF-USA-20A",ITF Men,Quarterfinals,Adam Walton,Ethan Quinn,1,false,1,finished,2,0,False,1687528500,Adam Walton,False,home,Ethan Quinn,QF,2023-06-23 13:55
W09E,11,11373414,1687614900,"Tulsa, OK, Singles Main, M-ITF-USA-20A",ITF Men,Semifinals,Adam Walton,Aidan McHugh,1,false,2,finished,2,0,False,1687614900,Adam Walton,False,home,Aidan McHugh,SF,2023-06-24 13:55
W09E,11,11376451,1687701600,"Tulsa, OK, Singles Main, M-ITF-USA-20A",ITF Men,Final,Adam Walton,Nick Chappell,1,false,1,finished,2,0,False,1687701600,Adam Walton,False,home,Nick Chappell,F,2023-06-25 14:00
W09E,11,11398771,1688503800,"Bloomfield Hills, USA",Challenger,Round of 32,Kei Nishikori,Adam Walton,1,false,absent,finished,2,0,False,1688503800,Adam Walton,False,away,Kei Nishikori,R32,2023-07-04 20:50
W09E,11,11398437,1688585700,"Bloomfield Hills, USA, Doubles",Challenger,Round of 16,Krueger M / Lawson A,Schoolkate T / Walton A,2,false,absent,finished,0,2,False,1688585700,Adam Walton,True,,,R16,2023-07-05 19:35
W09E,11,11384600,1688681700,"Bloomfield Hills, USA, Doubles",Challenger,Quarterfinals,Schoolkate T / Walton A,Duncan S / Stevenson K,1,false,absent,finished,2,0,False,1688681700,Adam Walton,True,,,QF,2023-07-06 22:15
W09E,11,11384599,1688755500,"Bloomfield Hills, USA, Doubles",Challenger,Semifinals,Harrison C / Mchugh A,Schoolkate T / Walton A,2,false,absent,finished,1,2,False,1688755500,Adam Walton,True,,,SF,2023-07-07 18:45
W09E,11,11384597,1688852100,"Bloomfield Hills, USA, Doubles",Challenger,Final,Schoolkate T / Walton A,Ellis B / Puttergill C,1,false,absent,finished,2,0,False,1688852100,Adam Walton,True,,,F,2023-07-08 21:35
W09E,11,11418055,1689026400,"Chicago, USA",Challenger,Round of 32,Eliot Spizzirri,Adam Walton,2,false,absent,finished,0,2,False,1689026400,Adam Walton,False,away,Eliot Spizzirri,R32,2023-07-10 22:00
W09E,11,11419926,1689202200,"Chicago, USA, Doubles",Challenger,Round of 16,Chung Y / Harris A,Schoolkate T / Walton A,1,false,absent,finished,2,1,False,1689202200,Adam Walton,True,,,R16,2023-07-12 22:50
W09E,11,11406230,1689279600,"Chicago, USA",Challenger,Round of 16,Adam Walton,Giovanni Mpetshi Perricard,2,false,absent,finished,0,2,False,1689279600,Adam Walton,False,home,Giovanni Mpetshi Perricard,R16,2023-07-13 20:20
W09E,11,11437601,1689723000,"Granby, Canada",Challenger,Round of 32,Adam Walton,Vasek Pospisil,1,false,absent,finished,2,1,False,1689723000,Adam Walton,False,home,Vasek Pospisil,R32,2023-07-18 23:30
W09E,11,11425179,1689799200,"Granby, Canada",Challenger,Round of 16,Maxime Janvier,Adam Walton,1,false,absent,finished,2,1,False,1689799200,Adam Walton,False,away,Maxime Janvier,R16,2023-07-19 20:40
W09E,11,11437147,1689810000,"Granby, Canada, Doubles",Challenger,Round of 16,Schoolkate T / Walton A,Jasika O / Moriya H,1,false,absent,finished,2,0,False,1689810000,Adam Walton,True,,,R16,2023-07-19 23:40
W09E,11,11425190,1689868800,"Granby, Canada, Doubles",Challenger,Quarterfinals,Duncan S / Stevenson K,Schoolkate T / Walton A,2,false,absent,finished,0,2,False,1689868800,Adam Walton,True,,,QF,2023-07-20 16:00
W09E,11,11425189,1689991800,"Granby, Canada, Doubles",Challenger,Semifinals,Schoolkate T / Walton A,Boulais J / Tortter J,1,false,absent,finished,2,0,False,1689991800,Adam Walton,True,,,SF,2023-07-22 02:10
W09E,12,11239466,1682575200,"Tbilisi, Singles Main, M-ITF-GEO-01A",ITF Men,Round of 16,Adam Walton,Alexander Donski,1,false,1,finished,2,0,False,1682575200,Adam Walton,False,home,Alexander Donski,R16,2023-04-27 06:00
W09E,12,11237920,1682596200,"Tbilisi, Doubles Main, M-ITF-GEO-01A",ITF Men,Quarterfinals,Ellis B / Walton A,Kikvidze L G / Tkemaladze Z,1,false,1,finished,2,0,False,1682596200,Adam Walton,True,,,QF,2023-04-27 11:50
W09E,12,11241797,1682667000,"Tbilisi, Singles Main, M-ITF-GEO-01A",ITF Men,Quarterfinals,Adam Walton,Saba Purtseladze,1,false,2,finished,2,1,False,1682667000,Adam Walton,False,home,Saba Purtseladze,QF,2023-04-28 07:30
W09E,12,11241852,1682678700,"Tbilisi, Doubles Main, M-ITF-GEO-01A",ITF Men,Semifinals,Ellis B / Walton A,Liaonenka A / Zgirovsky A,2,false,1,finished,1,2,False,1682678700,Adam Walton,True,,,SF,2023-04-28 10:45
W09E,12,11246430,1682748000,"Tbilisi, Singles Main, M-ITF-GEO-01A",ITF Men,Semifinals,Adam Walton,Alibek Kachmazov,2,false,1,finished,1,2,False,1682748000,Adam Walton,False,home,Alibek Kachmazov,SF,2023-04-29 06:00
W09E,12,11252680,1683029400,"Tbilisi, Singles Main, M-ITF-GEO-02A",ITF Men,Round of 32,Adam Walton,Aliaksandr Liaonenka,1,false,1,finished,2,0,False,1683029400,Adam Walton,False,home,Aliaksandr Liaonenka,R32,2023-05-02 12:10
W09E,12,11255296,1683120600,"Tbilisi, Singles Main, M-ITF-GEO-02A",ITF Men,Round of 16,Adam Walton,Alexander Zgirovsky,1,false,1,finished,2,0,False,1683120600,Adam Walton,False,home,Alexander Zgirovsky,R16,2023-05-03 13:30
W09E,12,11257328,1683199800,"Tbilisi, Singles Main, M-ITF-GEO-02A",ITF Men,Quarterfinals,Adam Walton,Zura Tkemaladze,1,false,1,finished,2,0,False,1683199800,Adam Walton,False,home,Zura Tkemaladze,QF,2023-05-04 11:30
W09E,12,11259319,1683282600,"Tbilisi, Singles Main, M-ITF-GEO-02A",ITF Men,Semifinals,Adam Walton,Blake Ellis,1,false,1,finished,0,0,False,1683282600,Adam Walton,False,home,Blake Ellis,SF,2023-05-05 10:30
W09E,12,11260989,1683352800,"Tbilisi, Singles Main, M-ITF-GEO-02A",ITF Men,Final,Adam Walton,Orel Kimhi,1,false,2,finished,2,0,False,1683352800,Adam Walton,False,home,Orel Kimhi,F,2023-05-06 06:00
W09E,12,11315407,1685302500,"Little Rock, USA, Qualifying",Challenger,Qualification round 1,Adam Walton,Gabriele Thomas Brancatelli,1,false,absent,finished,2,0,False,1685302500,Adam Walton,False,home,Gabriele Thomas Brancatelli,Q1,2023-05-28 19:35
W09E,12,11316784,1685379600,"Little Rock, USA, Qualifying",Challenger,Qualification round 1,Adam Walton,Sasikumar Mukund,1,false,absent,finished,2,1,False,1685379600,Adam Walton,False,home,Sasikumar Mukund,Q1,2023-05-29 17:00
W09E,12,11318948,1685471400,"Little Rock, USA",Challenger,Round of 32,Adam Walton,Marc Polmans,1,false,absent,finished,2,1,False,1685471400,Adam Walton,False,home,Marc Polmans,R32,2023-05-30 18:30
W09E,12,11314740,1685561400,"Little Rock, USA, Doubles",Challenger,Round of 16,Lawson A / Pervolarakis M,Hussey G / Walton A,1,false,absent,finished,2,0,False,1685561400,Adam Walton,True,,,R16,2023-05-31 19:30
W09E,12,11303328,1685644800,"Little Rock, USA",Challenger,Round of 16,Joao Lucas Reis da Silva,Adam Walton,2,false,absent,finished,1,2,False,1685644800,Adam Walton,False,away,Joao Lucas Reis da Silva,R16,2023-06-01 18:40
W09E,12,11303333,1685721600,"Little Rock, USA",Challenger,Quarterfinals,Alexis Galarneau,Adam Walton,2,false,absent,finished,0,2,False,1685721600,Adam Walton,False,away,Alexis Galarneau,QF,2023-06-02 16:00
W09E,12,11303325,1685816100,"Little Rock, USA",Challenger,Semifinals,Adam Walton,Beibit Zhukayev,2,false,absent,finished,1,2,False,1685816100,Adam Walton,False,home,Beibit Zhukayev,SF,2023-06-03 18:15
W09E,12,11329942,1685918100,"Tyler, USA, Qualifying",Challenger,Qualification round 1,Adam Walton,Harrison Adams,1,false,absent,finished,2,0,False,1685918100,Adam Walton,False,home,Harrison Adams,Q1,2023-06-04 22:35
W09E,12,11331589,1685989800,"Tyler, USA, Qualifying",Challenger,Qualification round 1,Adam Walton,Sasikumar Mukund,1,false,absent,finished,2,0,False,1685989800,Adam Walton,False,home,Sasikumar Mukund,Q1,2023-06-05 18:30
W09E,13,11050167,1675995600,"Burnie, Singles Main, M-ITF-AUS-01A",ITF Men,Quarterfinals,Adam Walton,Naoki Nakagawa,2,false,2,finished,0,2,False,1675995600,Adam Walton,False,home,Naoki Nakagawa,QF,2023-02-10 02:20
W09E,13,11062572,1676475000,"Santo Domingo, Singles Main, M-ITF-DOM-01A",ITF Men,Round of 32,Leanid Boika,Adam Walton,1,false,2,finished,2,0,False,1676475000,Adam Walton,False,away,Leanid Boika,R32,2023-02-15 15:30
W09E,13,11064216,1676561100,"Santo Domingo, Singles Main, M-ITF-DOM-01A",ITF Men,Round of 16,Arklon Huertas Del Pino Cordova,Adam Walton,1,false,1,finished,2,0,False,1676561100,Adam Walton,False,away,Arklon Huertas Del Pino Cordova,R16,2023-02-16 15:25
W09E,13,11065933,1676640600,"Santo Domingo, Singles Main, M-ITF-DOM-01A",ITF Men,Quarterfinals,Aidan Mayo,Adam Walton,1,false,1,finished,2,1,False,1676640600,Adam Walton,False,away,Aidan Mayo,QF,2023-02-17 13:30
W09E,13,11068625,1676728800,"Santo Domingo, Singles Main, M-ITF-DOM-01A",ITF Men,Semifinals,Adam Walton,Kyle Seelig,2,false,2,finished,0,2,False,1676728800,Adam Walton,False,home,Kyle Seelig,SF,2023-02-18 14:00
W09E,13,11075704,1677078000,"Santo Domingo, Singles Main, M-ITF-DOM-02A",ITF Men,Round of 32,Adam Walton,Peter Bertran,1,false,1,finished,2,1,False,1677078000,Adam Walton,False,home,Peter Bertran,R32,2023-02-22 15:00
W09E,13,11080094,1677172200,"Santo Domingo, Singles Main, M-ITF-DOM-02A",ITF Men,Round of 16,Yannik Rahman,Adam Walton,1,false,1,finished,2,0,False,1677172200,Adam Walton,False,away,Yannik Rahman,R16,2023-02-23 17:10
W09E,13,11082369,1677255300,"Santo Domingo, Singles Main, M-ITF-DOM-02A",ITF Men,Quarterfinals,Adam Walton,Daniel Dutra Da Silva,1,false,1,finished,2,0,False,1677255300,Adam Walton,False,home,Daniel Dutra Da Silva,QF,2023-02-24 16:15
W09E,13,11084059,1677333600,"Santo Domingo, Singles Main, M-ITF-DOM-02A",ITF Men,Semifinals,Adam Walton,Kyle Seelig,2,false,2,finished,0,2,False,1677333600,Adam Walton,False,home,Kyle Seelig,SF,2023-02-25 14:00
W09E,13,11086313,1677420000,"Santo Domingo, Singles Main, M-ITF-DOM-02A",ITF Men,Final,Alex Bolt,Adam Walton,1,false,2,finished,2,1,False,1677420000,Adam Walton,False,away,Alex Bolt,F,2023-02-26 14:00
W09E,13,11105387,1678057200,"Puerto Vallarta, Mexico, Qualifying",Challenger,Qualification round 1,Martin Damm Jr,Adam Walton,1,false,absent,finished,2,0,False,1678057200,Adam Walton,False,away,Martin Damm Jr,Q1,2023-03-05 23:00
W09E,13,11128232,1678906800,"Bakersfield, Singles Main, M-ITF-USA-08A",ITF Men,Round of 32,Adam Walton,Kyle Kang,2,false,2,finished,0,2,False,1678906800,Adam Walton,False,home,Kyle Kang,R32,2023-03-15 19:00
W09E,13,11128775,1679011500,"Bakersfield, Doubles Main, M-ITF-USA-08A",ITF Men,Round of 16,Bolt A / Walton A,Nakashima B N / Thompson W C,1,false,2,finished,2,1,False,1679011500,Adam Walton,True,,,R16,2023-03-17 00:05
W09E,13,11136409,1679093700,"Bakersfield, Doubles Main, M-ITF-USA-08A",ITF Men,Quarterfinals,Bolt A / Walton A,Kirkov V / Langmo C,2,false,1,finished,1,2,False,1679093700,Adam Walton,True,,,QF,2023-03-17 22:55
W09E,13,11146623,1679590800,"Calabasas, Doubles Main, M-ITF-USA-09A",ITF Men,Round of 16,Battistone B / Whiting T,Bolt A / Walton A,1,false,absent,finished,absent,absent,False,1679590800,Adam Walton,True,,,R16,2023-03-23 17:00
W09E,13,11153196,1679605200,"Calabasas, Singles Main, M-ITF-USA-09A",ITF Men,Round of 32,Andrew Rogers,Adam Walton,1,false,absent,finished,2,1,False,1679605200,Adam Walton,False,away,Andrew Rogers,R32,2023-03-23 21:00
W09E,13,11185153,1680561000,"San Luis Potosi, Mexico",Challenger,Round of 32,Joao Lucas Reis da Silva,Adam Walton,1,false,absent,finished,2,1,False,1680561000,Adam Walton,False,away,Joao Lucas Reis da Silva,R32,2023-04-03 22:30
W09E,13,11184644,1680737400,"San Luis Potosi, Mexico, Doubles",Challenger,Round of 16,R. Olivo / T. A. Tirante,Sinclair C / Walton A,2,false,absent,finished,0,2,False,1680737400,Adam Walton,True,,,R16,2023-04-05 23:30
W09E,14,10735361,1664939100,"Cairns, Singles Main, M-ITF-AUS-11A",ITF Men,Round of 32,Nikita Volonski,Adam Walton,2,false,2,finished,0,2,False,1664939100,Adam Walton,False,away,Nikita Volonski,R32,2022-10-05 03:05
W09E,14,10737636,1665014400,"Cairns, Singles Main, M-ITF-AUS-11A",ITF Men,Round of 16,Jake Delaney,Adam Walton,2,false,2,finished,1,2,False,1665014400,Adam Walton,False,away,Jake Delaney,R16,2022-10-06 00:00
W09E,14,10737755,1665033900,"Cairns, Doubles Main, M-ITF-AUS-11A",ITF Men,Quarterfinals,Ellis B / Schoolkate T,Mccabe J / Walton A,2,false,1,finished,0,2,False,1665033900,Adam Walton,True,,,QF,2022-10-06 05:25
W09E,14,10739060,1665104400,"Cairns, Singles Main, M-ITF-AUS-11A",ITF Men,Quarterfinals,James McCabe,Adam Walton,2,false,1,finished,0,2,False,1665104400,Adam Walton,False,away,James McCabe,QF,2022-10-07 01:00
W09E,14,10743858,1665123000,"Cairns, Doubles Main, M-ITF-AUS-11A",ITF Men,Semifinals,Mccabe J / Walton A,Beale J / Fancutt T,1,false,1,finished,2,1,False,1665123000,Adam Walton,True,,,SF,2022-10-07 06:10
W09E,14,10745159,1665196800,"Cairns, Singles Main, M-ITF-AUS-11A",ITF Men,Semifinals,Alex Bolt,Adam Walton,1,false,1,finished,2,1,False,1665196800,Adam Walton,False,away,Alex Bolt,SF,2022-10-08 02:40
W09E,14,10745254,1665211500,"Cairns, Doubles Main, M-ITF-AUS-11A",ITF Men,Final,Mccabe J / Walton A,Seelig K / Sinclair C,2,false,2,finished,0,2,False,1665211500,Adam Walton,True,,,F,2022-10-08 06:45
W09E,14,10753742,1665536400,"Cairns, Singles Main, M-ITF-AUS-12A",ITF Men,Round of 32,Thomas Nicholas Gadecki,Adam Walton,2,false,2,finished,0,2,False,1665536400,Adam Walton,False,away,Thomas Nicholas Gadecki,R32,2022-10-12 01:00
W09E,14,10751509,1665555300,"Cairns, Doubles Main, M-ITF-AUS-12A",ITF Men,Round of 16,Seelig K / Sinclair C,Mccabe J / Walton A,absent,false,absent,canceled,absent,absent,False,1665555300,Adam Walton,True,,,R16,2022-10-12 06:15
W09E,14,10756058,1665641700,"Cairns, Singles Main, M-ITF-AUS-12A",ITF Men,Round of 16,Rhys Searant,Adam Walton,2,false,2,finished,0,0,False,1665641700,Adam Walton,False,away,Rhys Searant,R16,2022-10-13 06:15
W09E,14,10763614,1665705600,"Cairns, Singles Main, M-ITF-AUS-12A",ITF Men,Quarterfinals,Kyle Seelig,Adam Walton,1,false,1,finished,2,0,False,1665705600,Adam Walton,False,away,Kyle Seelig,QF,2022-10-14 00:00
W09E,14,10839481,1666740600,"Playford, Australia",Challenger,Round of 32,Adam Walton,Ajeet Rai,2,false,absent,finished,1,2,False,1666740600,Adam Walton,False,home,Ajeet Rai,R32,2022-10-25 23:30
W09E,14,10832579,1666755300,"Playford, Australia, Doubles",Challenger,Round of 16,Gengel M / Hsu Y H,Harper M / Walton A,1,false,absent,finished,2,0,False,1666755300,Adam Walton,True,,,R16,2022-10-26 03:35
W09E,14,10846600,1667184300,"Sydney, Australia",Challenger,Round of 32,Blake Ellis,Adam Walton,2,false,absent,finished,1,2,False,1667184300,Adam Walton,False,away,Blake Ellis,R32,2022-10-31 02:45
W09E,14,10841759,1667345400,"Sydney, Australia",Challenger,Round of 16,Adam Walton,Aleksandar Vukić,1,false,absent,finished,2,0,False,1667345400,Adam Walton,False,home,Aleksandar Vukić,R16,2022-11-01 23:30
W09E,14,10841762,1667526600,"Sydney, Australia",Challenger,Quarterfinals,Marek Gengel,Adam Walton,1,false,absent,finished,2,0,False,1667526600,Adam Walton,False,away,Marek Gengel,QF,2022-11-04 01:50
W09E,14,10863574,1667947200,"Knoxville,USA",Challenger,Round of 32,Adam Walton,Zachary Svajda,2,false,absent,finished,1,2,False,1667947200,Adam Walton,False,home,Zachary Svajda,R32,2022-11-08 22:40
W09E,14,10863256,1668006000,"Knoxville,USA, Doubles",Challenger,Round of 16,Quinn E / Walton A,Chandrasekar A / Hussey G,absent,false,absent,canceled,absent,absent,False,1668006000,Adam Walton,True,,,R16,2022-11-09 15:00
W09E,15,10592800,1660676400,"Cancun, Doubles Main, M-ITF-MEX-15A",ITF Men,Round of 16,Ogura K / Wang C,Soto M / Walton A,2,false,1,finished,1,2,False,1660676400,Adam Walton,True,,,R16,2022-08-16 19:00
W09E,15,10592739,1660746600,"Cancun, Singles Main, M-ITF-MEX-15A",ITF Men,Round of 32,Adam Walton,Sebastian Rafael Sotelo,1,false,1,finished,2,0,False,1660746600,Adam Walton,False,home,Sebastian Rafael Sotelo,R32,2022-08-17 14:30
W09E,15,10600091,1660831200,"Cancun, Singles Main, M-ITF-MEX-15A",ITF Men,Round of 16,Adam Walton,Luis Carlos Alvarez Valdes,1,false,1,finished,2,0,False,1660831200,Adam Walton,False,home,Luis Carlos Alvarez Valdes,R16,2022-08-18 14:00
W09E,15,10597800,1660854300,"Cancun, Doubles Main, M-ITF-MEX-15A",ITF Men,Quarterfinals,Buse I / Panta J B,Soto M / Walton A,1,false,absent,finished,0,0,False,1660854300,Adam Walton,True,,,QF,2022-08-18 20:25
W09E,15,10605546,1660919400,"Cancun, Singles Main, M-ITF-MEX-15A",ITF Men,Quarterfinals,Adam Walton,Alan Fernando Rubio Fierros,1,false,1,finished,2,0,False,1660919400,Adam Walton,False,home,Alan Fernando Rubio Fierros,QF,2022-08-19 14:30
W09E,15,10608383,1661007600,"Cancun, Singles Main, M-ITF-MEX-15A",ITF Men,Semifinals,Jaimee Floyd Angele,Adam Walton,2,false,2,finished,0,2,False,1661007600,Adam Walton,False,away,Jaimee Floyd Angele,SF,2022-08-20 15:00
W09E,15,10612198,1661094000,"Cancun, Singles Main, M-ITF-MEX-15A",ITF Men,Final,Adam Walton,Jorge Brian Panta,2,false,2,finished,1,2,False,1661094000,Adam Walton,False,home,Jorge Brian Panta,F,2022-08-21 15:00
W09E,15,10618565,1661290800,"Cancun, Doubles Main, M-ITF-MEX-16A",ITF Men,Round of 16,Rogers A / Walton A,Buse I / Mendoza A,1,false,2,finished,2,0,False,1661290800,Adam Walton,True,,,R16,2022-08-23 21:40
W09E,15,10619139,1661364600,"Cancun, Singles Main, M-ITF-MEX-16A",ITF Men,Round of 32,Emmett Ward,Adam Walton,2,false,1,finished,0,2,False,1661364600,Adam Walton,False,away,Emmett Ward,R32,2022-08-24 18:10
W09E,15,10628595,1661443200,"Cancun, Singles Main, M-ITF-MEX-16A",ITF Men,Round of 16,Alan Fernando Rubio Fierros,Adam Walton,2,false,1,finished,0,2,False,1661443200,Adam Walton,False,away,Alan Fernando Rubio Fierros,R16,2022-08-25 16:00
W09E,15,10623109,1661455800,"Cancun, Doubles Main, M-ITF-MEX-16A",ITF Men,Quarterfinals,Ballotta G / Santamaria F,Rogers A / Walton A,2,false,1,finished,0,2,False,1661455800,Adam Walton,True,,,QF,2022-08-25 19:30
W09E,15,10635489,1661534100,"Cancun, Singles Main, M-ITF-MEX-16A",ITF Men,Quarterfinals,Alexandr Cozbinov,Adam Walton,2,false,2,finished,0,2,False,1661534100,Adam Walton,False,away,Alexandr Cozbinov,QF,2022-08-26 17:15
W09E,15,10635640,1661542500,"Cancun, Doubles Main, M-ITF-MEX-16A",ITF Men,Semifinals,Andrade A / Hoyos Franco A,Rogers A / Walton A,2,false,2,finished,0,2,False,1661542500,Adam Walton,True,,,SF,2022-08-26 19:35
W09E,15,10638354,1661612400,"Cancun, Singles Main, M-ITF-MEX-16A",ITF Men,Semifinals,Adam Walton,Alejandro Hoyos Franco,1,false,1,finished,2,0,False,1661612400,Adam Walton,False,home,Alejandro Hoyos Franco,SF,2022-08-27 15:00
W09E,15,10638607,1661623200,"Cancun, Doubles Main, M-ITF-MEX-16A",ITF Men,Final,Baker B / Ogura K,Rogers A / Walton A,2,false,2,finished,0,2,False,1661623200,Adam Walton,True,,,F,2022-08-27 18:00
W09E,15,10642881,1661695200,"Cancun, Singles Main, M-ITF-MEX-16A",ITF Men,Final,Adam Walton,Andres Andrade,1,false,2,finished,2,1,False,1661695200,Adam Walton,False,home,Andres Andrade,F,2022-08-28 14:00
W09E,15,10683870,1663133400,"Darwin, Singles Main, M-ITF-AUS-09A",ITF Men,Round of 32,Thomas Patton,Adam Walton,2,false,1,finished,0,2,False,1663133400,Adam Walton,False,away,Thomas Patton,R32,2022-09-14 05:30
W09E,16,10432660,1656941400,"Usa F21, Singles Qualifying",ITF Men,absent,Pranav Suhas Nemani,Adam Walton,1,false,absent,finished,2,0,False,1656941400,Adam Walton,False,away,Pranav Suhas Nemani,Q,2022-07-04 13:30
W09E,16,10434410,1657027800,"Usa F21, Singles Qualifying",ITF Men,absent,Liam Krall,Adam Walton,2,false,absent,finished,0,2,False,1657027800,Adam Walton,False,away,Liam Krall,Q,2022-07-05 13:30
W09E,16,10437584,1657114200,"Usa F21, Singles",ITF Men,Round of 32,Adam Walton,Seita Watanabe,1,false,1,finished,2,0,False,1657114200,Adam Walton,False,home,Seita Watanabe,R32,2022-07-06 13:30
W09E,16,10434994,1657131000,"Waco, Doubles, 2022 USA F21, Doubles",ITF Men,Round of 16,Imamura M / Watanabe S,Mitsui S / Walton A,1,false,1,finished,2,1,False,1657131000,Adam Walton,True,,,R16,2022-07-06 18:10
W09E,16,10441412,1657200600,"Usa F21, Singles",ITF Men,Round of 16,Masamichi Imamura,Adam Walton,2,false,2,finished,0,2,False,1657200600,Adam Walton,False,away,Masamichi Imamura,R16,2022-07-07 13:30
W09E,16,10445291,1657287000,"Usa F21, Singles",ITF Men,Quarterfinals,Adam Walton,Chih Chi Huang,1,false,2,finished,2,0,False,1657287000,Adam Walton,False,home,Chih Chi Huang,QF,2022-07-08 13:30
W09E,16,10447422,1657373400,"Usa F21, Singles",ITF Men,Semifinals,Adam Walton,Johannus Monday,1,false,1,finished,2,0,False,1657373400,Adam Walton,False,home,Johannus Monday,SF,2022-07-09 13:30
W09E,16,10449906,1657459800,"Usa F21, Singles",ITF Men,Final,Li Tu,Adam Walton,2,false,2,finished,1,2,False,1657459800,Adam Walton,False,away,Li Tu,F,2022-07-10 13:30
W09E,16,10455936,1657663200,"Cancun, Doubles, 2022 Mexico F10, Doubles",ITF Men,Round of 16,Gomez J S / Ortega J V,Bicknell B / Walton A,2,false,1,finished,0,2,False,1657663200,Adam Walton,True,,,R16,2022-07-12 22:00
W09E,16,10456040,1657720800,"Cancun, 2022 Mexico F10, Singles Qualifying",ITF Men,Round of 32,Tomas Farjat,Adam Walton,2,false,2,finished,0,2,False,1657720800,Adam Walton,False,away,Tomas Farjat,Q,2022-07-13 14:00
W09E,16,10463803,1657807200,"Cancun, 2022 Mexico F10, Singles Qualifying",ITF Men,Round of 16,Adam Walton,Cristian Oliveira,1,false,2,finished,2,0,False,1657807200,Adam Walton,False,home,Cristian Oliveira,Q,2022-07-14 14:00
W09E,16,10461298,1657820400,"Cancun, Doubles, 2022 Mexico F10, Doubles",ITF Men,Quarterfinals,Carou I / Farjat T,Bicknell B / Walton A,2,false,2,finished,0,2,False,1657820400,Adam Walton,True,,,QF,2022-07-14 17:40
W09E,16,10468403,1657893600,"Cancun, 2022 Mexico F10, Singles Qualifying",ITF Men,Quarterfinals,Adam Walton,Matias Soto,1,false,1,finished,2,0,False,1657893600,Adam Walton,False,home,Matias Soto,QF,2022-07-15 14:00
W09E,16,10469148,1657911600,"Cancun, Doubles, 2022 Mexico F10, Doubles",ITF Men,Semifinals,Bicknell B / Walton A,Alex Hernández  / Rubio Fierros A,2,false,1,finished,1,2,False,1657911600,Adam Walton,True,,,SF,2022-07-15 19:00
W09E,16,10484909,1657980000,"Cancun, 2022 Mexico F10, Singles Qualifying",ITF Men,Semifinals,Masamichi Imamura,Adam Walton,2,false,1,finished,0,2,False,1657980000,Adam Walton,False,away,Masamichi Imamura,Q,2022-07-16 14:00
W09E,16,10486984,1658068200,"Cancun, 2022 Mexico F10, Singles Qualifying",ITF Men,Final,Adam Walton,Fernando Yamacita,1,false,1,finished,2,0,False,1658068200,Adam Walton,False,home,Fernando Yamacita,Q,2022-07-17 14:30
W09E,16,10496875,1658250000,"Cancun, Doubles, 2022 Mexico F11, Doubles",ITF Men,Round of 16,Bicknell B / Walton A,Frances Tessari E / Hernandez Serrano J A,1,false,1,finished,2,0,False,1658250000,Adam Walton,True,,,R16,2022-07-19 17:00
W09E,17,7243174,1475649900,"Australia F7, Doubles",ITF Men,absent,de Minaur A / Walton A,Banes M / Van Peperzeel G,2,false,1,finished,0,2,False,1475649900,Adam Walton,True,,,ABSENT,2016-10-05 06:45
W09E,17,7244069,1475718900,"Australia F7, Singles",ITF Men,absent,Adam Walton,Max Purcell,2,false,1,finished,0,2,False,1475718900,Adam Walton,False,home,Max Purcell,ABSENT,2016-10-06 01:55
W09E,17,7318006,1485053400,"Australian Open, Melbourne, Boys",Juniors,Round of 64,Adam Walton,Dan Added,2,false,absent,finished,1,2,False,1485053400,Adam Walton,False,home,Dan Added,R64,2017-01-22 02:50
W09E,17,7318773,1485151500,"Australian Open, Melbourne, Boys, Doubl",Juniors,Round of 32,Howard-Tripp J / Vylegzhanin N,Pearson K / Walton A,2,false,absent,finished,0,2,False,1485151500,Adam Walton,True,,,R32,2017-01-23 06:05
W09E,17,7320140,1485243000,"Australian Open, Melbourne, Boys, Doubl",Juniors,Round of 16,Pearson K / Walton A,Hsu Y / Zhao L,2,false,absent,finished,1,2,False,1485243000,Adam Walton,True,,,R16,2017-01-24 07:30
W09E,17,7637848,1509898800,"Knoxville, USA, Qualifying",Challenger,Qualification,Adam Walton,Bruno Santanna,2,false,absent,finished,0,2,False,1509898800,Adam Walton,False,home,Bruno Santanna,Q,2017-11-05 16:20
W09E,17,8401355,1567963800,"Champaign, Singles Qualifying M-ITF-USA-27A",ITF Men,Qualification,Lucas Horve,Adam Walton,2,false,absent,finished,0,2,False,1567963800,Adam Walton,False,away,Lucas Horve,Q,2019-09-08 17:30
W09E,17,8402084,1568048400,"Champaign, Singles Qualifying M-ITF-USA-27A",ITF Men,Qualification,Neel Rajesh,Adam Walton,2,false,absent,finished,0,2,False,1568048400,Adam Walton,False,away,Neel Rajesh,Q,2019-09-09 17:00
W09E,17,8405004,1568138400,"Champaign, Singles Qualifying M-ITF-USA-27A",ITF Men,Qualification,Adam Walton,Parth Aggarwal,1,false,absent,finished,2,0,False,1568138400,Adam Walton,False,home,Parth Aggarwal,Q,2019-09-10 18:00
W09E,17,8405022,1568156400,"Champaign, Doubles M-ITF-USA-27A",ITF Men,Round of 16,Leote Prata M / Walton A,Brown A / Montsi S,2,false,2,finished,1,2,False,1568156400,Adam Walton,True,,,R16,2019-09-10 23:00
W09E,17,8406854,1568238000,"Champaign, Singles M-ITF-USA-27A",ITF Men,Round of 32,Adam Walton,Noe Khlif,1,false,2,finished,2,0,False,1568238000,Adam Walton,False,home,Noe Khlif,R32,2019-09-11 21:40
W09E,17,8408036,1568318700,"Champaign, Singles M-ITF-USA-27A",ITF Men,Round of 16,Nick Chappell,Adam Walton,2,false,absent,finished,1,2,False,1568318700,Adam Walton,False,away,Nick Chappell,R16,2019-09-12 20:05
W09E,17,8408891,1568406600,"Champaign, Singles M-ITF-USA-27A",ITF Men,Quarterfinals,Adam Walton,Tom Fawcett,1,false,1,finished,2,0,False,1568406600,Adam Walton,False,home,Tom Fawcett,QF,2019-09-13 20:30
W09E,17,8409702,1568476800,"Champaign, Singles M-ITF-USA-27A",ITF Men,Semifinals,Matheus Pucinelli de Almeida,Adam Walton,2,false,absent,finished,1,2,False,1568476800,Adam Walton,False,away,Matheus Pucinelli de Almeida,SF,2019-09-14 16:00
W09E,17,8410356,1568563200,"Champaign, Singles M-ITF-USA-27A",ITF Men,Final,Adam Walton,Axel Geller,2,false,2,finished,1,2,False,1568563200,Adam Walton,False,home,Axel Geller,F,2019-09-15 16:00
W09E,17,8467603,1572184800,"Naples, Fl, Singles Qualifying M-ITF-USA-33A",ITF Men,Qualification,Adam Walton,Quinn Snyder,1,false,absent,finished,2,1,False,1572184800,Adam Walton,False,home,Quinn Snyder,Q,2019-10-27 14:00
W09E,17,8468518,1572296400,"Naples, Fl, Singles Qualifying M-ITF-USA-33A",ITF Men,Qualification,Adam Walton,Fletcher Scott,1,false,absent,finished,2,0,False,1572296400,Adam Walton,False,home,Fletcher Scott,Q,2019-10-28 21:00
W09E,18,6913486,1443223800,"Australia F6, Singles Qualifying",ITF Men,Qualification,Adam Walton,H. Howard,1,false,absent,finished,2,0,False,1443223800,Adam Walton,False,home,H. Howard,Q,2015-09-25 23:30
W09E,18,6914088,1443238200,"Australia F6, Singles Qualifying",ITF Men,Qualification,Adam Walton,Mislav Bosnjak,1,false,absent,finished,2,0,False,1443238200,Adam Walton,False,home,Mislav Bosnjak,Q,2015-09-26 03:30
W09E,18,6914189,1443313800,"Australia F6, Singles Qualifying",ITF Men,Qualification,Daniel Nolan,Adam Walton,1,false,2,finished,2,0,False,1443313800,Adam Walton,False,away,Daniel Nolan,Q,2015-09-27 00:30
W09E,18,6915297,1443412800,"Australia F6, Doubles",ITF Men,1/8-finals (R16),De Waard S / Polmans M,Consalvo N / Walton A,1,false,2,finished,2,0,False,1443412800,Adam Walton,True,,,1/8-FINALS (R16),2015-09-28 04:00
W09E,18,6920793,1443826800,"Australia F7, Singles Qualifying",ITF Men,Qualification,Adam Walton,Jonathan Bejar,1,false,absent,finished,2,0,False,1443826800,Adam Walton,False,home,Jonathan Bejar,Q,2015-10-02 23:00
W09E,18,6921664,1443843000,"Australia F7, Singles Qualifying",ITF Men,Qualification,Aaron Addison,Adam Walton,2,false,absent,finished,0,2,False,1443843000,Adam Walton,False,away,Aaron Addison,Q,2015-10-03 03:30
W09E,18,6922348,1444016100,"Australia F7, Singles Qualifying",ITF Men,Qualification,Adam Walton,Winter Meagher,1,false,2,finished,2,0,False,1444016100,Adam Walton,False,home,Winter Meagher,Q,2015-10-05 03:35
W09E,18,6923818,1444180800,"Australia F7, Singles",ITF Men,1/16-finals (R32),Adam Walton,Finn Tearney,2,false,2,finished,0,2,False,1444180800,Adam Walton,False,home,Finn Tearney,1/16-FINALS (R32),2015-10-07 01:20
W09E,18,6926036,1444431600,"Australia F8, Singles Qualifying",ITF Men,Qualification,S. O'Malley,Adam Walton,2,false,absent,finished,absent,absent,False,1444431600,Adam Walton,False,away,S. O'Malley,Q,2015-10-09 23:00
W09E,18,6926642,1444440600,"Australia F8, Singles Qualifying",ITF Men,Qualification,Adam Walton,Adam Taylor,1,false,absent,finished,2,1,False,1444440600,Adam Walton,False,home,Adam Taylor,Q,2015-10-10 01:30
W09E,18,6927359,1444620300,"Australia F8, Singles Qualifying",ITF Men,Qualification,Max Purcell,Adam Walton,1,false,2,finished,2,0,False,1444620300,Adam Walton,False,away,Max Purcell,Q,2015-10-12 03:25
W09E,18,6933326,1445310900,"Australia F9, Doubles",ITF Men,Round of 16,Anderson O / Klintcharov A,Ellis B / Walton A,1,false,absent,finished,2,1,False,1445310900,Adam Walton,True,,,R16,2015-10-20 03:15
W09E,18,6934242,1445396400,"Australia F9, Singles",ITF Men,Round of 32,Adam Walton,Blake Mott,2,false,1,finished,0,2,False,1445396400,Adam Walton,False,home,Blake Mott,R32,2015-10-21 03:00
W09E,18,6979045,1452294000,"Canberra, Australia, Qualifying",Challenger,Qualification,Brian Tran,Adam Walton,1,false,absent,finished,2,0,False,1452294000,Adam Walton,False,away,Brian Tran,Q,2016-01-08 23:00
W09E,18,6981002,1452572400,"Canberra, Australia, Doubles",Challenger,Round of 16,Bury A / Betov S,Ellis B / Walton A,1,false,absent,finished,2,0,False,1452572400,Adam Walton,True,,,R16,2016-01-12 04:20
W09E,18,7011314,1456184400,"Australia F1, Singles",ITF Men,absent,Adam Walton,Mislav Bosnjak,2,false,1,finished,1,2,False,1456184400,Adam Walton,False,home,Mislav Bosnjak,ABSENT,2016-02-22 23:40
W09E,18,7011331,1456203600,"Australia F1, Doubles",ITF Men,absent,Tran B / Walton A,Boland C / Commings M,1,false,1,finished,2,0,False,1456203600,Adam Walton,True,,,ABSENT,2016-02-23 05:00
W09E,18,7011839,1456292700,"Australia F1, Doubles",ITF Men,absent,Tran B / Walton A,Polmans M / Statham R,2,false,2,finished,0,2,False,1456292700,Adam Walton,True,,,ABSENT,2016-02-24 05:45
W09E,18,7234492,1474934400,"Australia F6, Singles",ITF Men,absent,Adam Walton,Nathan Eshmade,1,false,2,finished,2,1,False,1474934400,Adam Walton,False,home,Nathan Eshmade,ABSENT,2016-09-27 00:00
W09E,18,7234493,1474950900,"Australia F6, Doubles",ITF Men,absent,Ellis B / Walton A,Eshmade N / Saville J,1,false,2,finished,2,0,False,1474950900,Adam Walton,True,,,ABSENT,2016-09-27 04:35
