code,year,url,url_event,event_id,event_name,event_type,event_date,round,round_long,wl,opp_code,opp_first,opp_last,opp_ioc,opp_rank,score,reason,is_bye,has_stats_atp,file,level,walkover,atp_id,sources,in_sackmann,in_tml,in_tennis_data,in_otd,in_live_tennis_api,in_charting,in_slam_points,in_polymarket,box_sackmann,box_tml,slam_point_rows,score_states,closing_odds,market_prices,depth,depth_label,why_missing,player
W09E,2015,en/scores/match-stats/archive/2015/3389/ms017,3389,3389,Australia F9,FU,2015-10-19,R32,Round of 32,L,MM79,Blake,Mott,AUS,791,2-6 2-6,,False,False,W09E_2015.txt,ITF Futures,False,W09E:2015/3389/ms017,sackmann,True,False,False,False,False,False,False,False,False,False,False,False,False,False,2,"Result, no statistics",,Adam Walton
W09E,2015,en/scores/match-stats/archive/2015/3376/ms019,3376,3376,Australia F7,FU,2015-10-05,R32,Round of 32,L,TA04,Finn,Tearney,NZL,491,0-6 1-6,,False,False,W09E_2015.txt,ITF Futures,False,W09E:2015/3376/ms019,sackmann,True,False,False,False,False,False,False,False,False,False,False,False,False,False,2,"Result, no statistics",,Adam Walton
W09E,2016,en/scores/match-stats/archive/2016/3376/ms011,3376,3376,Australia F7,FU,2016-10-03,R16,Round of 16,L,PH71,Max,Purcell,AUS,388,4-6 4-6,,False,False,W09E_2016.txt,ITF Futures,False,W09E:2016/3376/ms011,sackmann,True,False,False,False,False,False,False,False,False,False,False,False,False,False,2,"Result, no statistics",,Adam Walton
W09E,2016,en/scores/match-stats/archive/2016/3376/ms022,3376,3376,Australia F7,FU,2016-10-03,R32,Round of 32,W,F034,Patrick,Flynn,AUS,0,6-3 6-1,,False,False,W09E_2016.txt,ITF Futures,False,W09E:2016/3376/ms022,sackmann,True,False,False,False,False,False,False,False,False,False,False,False,False,False,2,"Result, no statistics",,Adam Walton
W09E,2016,en/scores/match-stats/archive/2016/1515/ms011,1515,1515,Australia F6,FU,2016-09-26,R16,Round of 16,L,J393,Jarmere,Jenkins,USA,811,3-6 1-6,,False,False,W09E_2016.txt,ITF Futures,False,W09E:2016/1515/ms011,sackmann,True,False,False,False,False,False,False,False,False,False,False,False,False,False,2,"Result, no statistics",,Adam Walton
W09E,2016,en/scores/match-stats/archive/2016/1515/ms022,1515,1515,Australia F6,FU,2016-09-26,R32,Round of 32,W,E0A5,Nathan,Eshmade,AUS,1500,2-6 6-4 7-6(5),,False,False,W09E_2016.txt,ITF Futures,False,W09E:2016/1515/ms022,sackmann,True,False,False,False,False,False,False,False,False,False,False,False,False,False,2,"Result, no statistics",,Adam Walton
W09E,2016,en/scores/match-stats/archive/2016/380/ms025,380,380,Australia F1,FU,2016-02-22,R32,Round of 32,L,BU58,Mislav,Bosnjak,AUS,0,6-3 3-6 4-6,,False,False,W09E_2016.txt,ITF Futures,False,W09E:2016/380/ms025,sackmann,True,False,False,False,False,False,False,False,False,False,False,False,False,False,2,"Result, no statistics",,Adam Walton
W09E,2016,en/scores/match-stats/archive/2016/7393/qs017,7393,7393,Canberra,CH,2016-01-11,Q1,1st Round Qualifying,L,TD23,Brian,Tran,AUS,0,6-7(9) 2-6,,False,True,W09E_2016.txt,Challenger qualifying,False,W09E:2016/7393/qs017,sackmann,True,False,False,False,False,False,False,False,True,False,False,False,False,False,3,Result + serve/return totals,,Adam Walton
W09E,2017,en/scores/match-stats/archive/2017/363/qs019,363,363,Knoxville,CH,2017-11-06,Q1,1st Round Qualifying,L,SN44,Bruno,Santanna,BRA,376,4-6 3-6,,False,True,W09E_2017.txt,Challenger qualifying,False,W09E:2017/363/qs019,sackmann,True,False,False,False,False,False,False,False,True,False,False,False,False,False,3,Result + serve/return totals,,Adam Walton
W09E,2019,en/scores/match-stats/archive/2019/382/ms021,382,382,M15 Champaign,FU,2019-09-09,R32,Round of 32,W,KI26,Noe,Khlif,FRA,0,6-0 6-2,,False,False,W09E_2019.txt,ITF Futures,False,W09E:2019/382/ms021,sackmann,True,False,False,False,False,False,False,False,False,False,False,False,False,False,2,"Result, no statistics",,Adam Walton
W09E,2019,en/scores/match-stats/archive/2019/382/ms010,382,382,M15 Champaign,FU,2019-09-09,R16,Round of 16,W,CF10,Nick,Chappell,USA,522,4-6 6-4 6-0,,False,False,W09E_2019.txt,ITF Futures,False,W09E:2019/382/ms010,sackmann,True,False,False,False,False,False,False,False,False,False,False,False,False,False,2,"Result, no statistics",,Adam Walton
W09E,2019,en/scores/match-stats/archive/2019/382/ms005,382,382,M15 Champaign,FU,2019-09-09,QF,Quarter-Finals,W,F974,Tom,Fawcett,USA,935,6-2 6-2,,False,False,W09E_2019.txt,ITF Futures,False,W09E:2019/382/ms005,sackmann,True,False,False,False,False,False,False,False,False,False,False,False,False,False,2,"Result, no statistics",,Adam Walton
W09E,2019,en/scores/match-stats/archive/2019/382/ms002,382,382,M15 Champaign,FU,2019-09-09,SF,Semi-Finals,W,P0DF,Matheus,Pucinelli De Almeida,BRA,1040,4-6 6-3 6-3,,False,False,W09E_2019.txt,ITF Futures,False,W09E:2019/382/ms002,sackmann,True,False,False,False,False,False,False,False,False,False,False,False,False,False,2,"Result, no statistics",,Adam Walton
W09E,2019,en/scores/match-stats/archive/2019/382/ms001,382,382,M15 Champaign,FU,2019-09-09,F,Finals,L,G0AB,Axel,Geller,ARG,731,3-6 6-4 3-6,,False,False,W09E_2019.txt,ITF Futures,False,W09E:2019/382/ms001,sackmann,True,False,False,False,False,False,False,False,False,False,False,False,False,False,2,"Result, no statistics",,Adam Walton
W09E,2021,en/scores/match-stats/archive/2021/363/ms031,363,363,Knoxville,CH,2021-11-08,R32,Round of 32,L,AE14,Daniel,Altmaier,GER,105,3-6 2-6,,False,True,W09E_2021.txt,Challenger main draw,False,W09E:2021/363/ms031,"sackmann,tml",True,True,False,False,False,False,False,False,True,True,False,False,False,False,3,Result + serve/return totals,,Adam Walton
W09E,2021,en/scores/match-stats/archive/2021/710/ms030,710,710,"M15 Champaign, IL",FU,2021-09-13,R32,Round of 32,L,Z0AK,Tyler,Zink,USA,1366,3-6 6-7(4),,False,False,W09E_2021.txt,ITF Futures,False,W09E:2021/710/ms030,sackmann,True,False,False,False,False,False,False,False,False,False,False,False,False,False,2,"Result, no statistics",,Adam Walton
W09E,2022,en/scores/match-stats/archive/2022/637/ms020,637,637,Champaign,CH,2022-11-14,R32,Round of 32,L,E865,Christopher,Eubanks,USA,129,3-6 3-6,,False,True,W09E_2022.txt,Challenger main draw,False,W09E:2022/637/ms020,"sackmann,tml",True,True,False,False,False,False,False,False,True,True,False,False,False,False,3,Result + serve/return totals,,Adam Walton
W09E,2022,en/scores/match-stats/archive/2022/363/ms018,363,363,Knoxville,CH,2022-11-07,R32,Round of 32,L,S0K7,Zachary,Svajda,USA,262,4-6 6-4 3-6,,False,True,W09E_2022.txt,Challenger main draw,False,W09E:2022/363/ms018,"sackmann,tml",True,True,False,False,False,False,False,False,True,True,False,False,False,False,3,Result + serve/return totals,,Adam Walton
W09E,2022,en/scores/match-stats/archive/2022/2817/ms006,2817,2817,Sydney,CH,2022-10-31,QF,Quarter-Finals,L,G09C,Marek,Gengel,CZE,377,2-6 0-6,,False,True,W09E_2022.txt,Challenger qualifying,False,W09E:2022/2817/ms006,"sackmann,tml",True,True,False,False,False,False,False,False,True,True,False,False,False,False,3,Result + serve/return totals,,Adam Walton
W09E,2022,en/scores/match-stats/archive/2022/2817/ms013,2817,2817,Sydney,CH,2022-10-31,R16,Round of 16,W,V832,Aleksandar,Vukic,AUS,145,7-6(8) 6-1,,False,True,W09E_2022.txt,Challenger main draw,False,W09E:2022/2817/ms013,"sackmann,tml",True,True,False,False,False,False,False,False,True,True,False,False,False,False,3,Result + serve/return totals,,Adam Walton
W09E,2022,en/scores/match-stats/archive/2022/2817/ms026,2817,2817,Sydney,CH,2022-10-31,R32,Round of 32,W,EA27,Blake,Ellis,AUS,734,4-6 6-3 7-6(5),,False,True,W09E_2022.txt,Challenger main draw,False,W09E:2022/2817/ms026,"sackmann,tml",True,True,False,False,False,False,False,False,True,True,False,False,False,False,3,Result + serve/return totals,,Adam Walton
W09E,2022,en/scores/match-stats/archive/2022/7586/ms029,7586,7586,Playford,CH,2022-10-24,R32,Round of 32,L,R0DC,Ajeet,Rai,NZL,588,6-2 3-6 5-7,,False,True,W09E_2022.txt,Challenger main draw,False,W09E:2022/7586/ms029,"sackmann,tml",True,True,False,False,False,False,False,False,True,True,False,False,False,False,3,Result + serve/return totals,,Adam Walton
W09E,2022,en/scores/match-stats/archive/2022/4235/ms005,4235,4235,M25 Cairns,FU,2022-10-10,QF,Quarter-Finals,L,SZ28,Kyle,Seelig,USA,412,4-6 2-6,,False,False,W09E_2022.txt,ITF Futures,False,W09E:2022/4235/ms005,sackmann,True,False,False,False,False,False,False,False,False,False,False,False,False,False,2,"Result, no statistics",,Adam Walton
W09E,2022,en/scores/match-stats/archive/2022/4235/ms011,4235,4235,M25 Cairns,FU,2022-10-10,R16,Round of 16,W,S0TQ,Rhys,Searant,AUS,0,2-1,RET,False,False,W09E_2022.txt,ITF Futures,False,W09E:2022/4235/ms011,sackmann,True,False,False,False,False,False,False,False,False,False,False,False,False,False,2,"Result, no statistics",,Adam Walton
W09E,2022,en/scores/match-stats/archive/2022/4235/ms023,4235,4235,M25 Cairns,FU,2022-10-10,R32,Round of 32,W,G0KI,Thomas Nicholas,Gadecki,AUS,0,6-1 6-1,,False,False,W09E_2022.txt,ITF Futures,False,W09E:2022/4235/ms023,sackmann,True,False,False,False,False,False,False,False,False,False,False,False,False,False,2,"Result, no statistics",,Adam Walton
W09E,2022,en/scores/match-stats/archive/2022/4227/ms002,4227,4227,M25 Cairns,FU,2022-10-03,SF,Semi-Finals,L,BI81,Alex,Bolt,AUS,1504,3-6 7-5 4-6,,False,False,W09E_2022.txt,ITF Futures,False,W09E:2022/4227/ms002,sackmann,True,False,False,False,False,False,False,False,False,False,False,False,False,False,2,"Result, no statistics",,Adam Walton
W09E,2022,en/scores/match-stats/archive/2022/4227/ms005,4227,4227,M25 Cairns,FU,2022-10-03,QF,Quarter-Finals,W,M0OQ,James,McCabe,AUS,423,6-4 7-6(2),,False,False,W09E_2022.txt,ITF Futures,False,W09E:2022/4227/ms005,sackmann,True,False,False,False,False,False,False,False,False,False,False,False,False,False,2,"Result, no statistics",,Adam Walton
W09E,2022,en/scores/match-stats/archive/2022/4227/ms011,4227,4227,M25 Cairns,FU,2022-10-03,R16,Round of 16,W,DC38,Jake,Delaney,AUS,0,6-7(5) 6-3 6-0,,False,False,W09E_2022.txt,ITF Futures,False,W09E:2022/4227/ms011,sackmann,True,False,False,False,False,False,False,False,False,False,False,False,False,False,2,"Result, no statistics",,Adam Walton
W09E,2022,en/scores/match-stats/archive/2022/4227/ms023,4227,4227,M25 Cairns,FU,2022-10-03,R32,Round of 32,W,V0D2,Nikita,Volonski,AUS,1160,6-3 6-4,,False,False,W09E_2022.txt,ITF Futures,False,W09E:2022/4227/ms023,sackmann,True,False,False,False,False,False,False,False,False,False,False,False,False,False,2,"Result, no statistics",,Adam Walton
W09E,2022,en/scores/match-stats/archive/2022/4192/ms003,4192,4192,M25 Darwin,FU,2022-09-19,SF,Semi-Finals,L,S0IA,Dane,Sweeny,AUS,317,6-7(4) 7-6(8) 6-7(5),,False,False,W09E_2022.txt,ITF Futures,False,W09E:2022/4192/ms003,sackmann,True,False,False,False,False,False,False,False,False,False,False,False,False,False,2,"Result, no statistics",,Adam Walton
W09E,2022,en/scores/match-stats/archive/2022/4192/ms006,4192,4192,M25 Darwin,FU,2022-09-19,QF,Quarter-Finals,W,M0OQ,James,McCabe,AUS,442,6-4 3-6 6-0,,False,False,W09E_2022.txt,ITF Futures,False,W09E:2022/4192/ms006,sackmann,True,False,False,False,False,False,False,False,False,False,False,False,False,False,2,"Result, no statistics",,Adam Walton
W09E,2022,en/scores/match-stats/archive/2022/4192/ms012,4192,4192,M25 Darwin,FU,2022-09-19,R16,Round of 16,W,C0MS,Ethan,Cook,AUS,0,6-2 6-3,,False,False,W09E_2022.txt,ITF Futures,False,W09E:2022/4192/ms012,sackmann,True,False,False,False,False,False,False,False,False,False,False,False,False,False,2,"Result, no statistics",,Adam Walton
W09E,2022,en/scores/match-stats/archive/2022/4192/ms024,4192,4192,M25 Darwin,FU,2022-09-19,R32,Round of 32,W,M0CE,Arjun,Mehrotra,AUS,0,3-1,RET,False,False,W09E_2022.txt,ITF Futures,False,W09E:2022/4192/ms024,sackmann,True,False,False,False,False,False,False,False,False,False,False,False,False,False,2,"Result, no statistics",,Adam Walton
W09E,2022,en/scores/match-stats/archive/2022/4186/ms005,4186,4186,M25 Darwin,FU,2022-09-12,QF,Quarter-Finals,L,M0OQ,James,McCabe,AUS,443,3-6 6-7(3),,False,False,W09E_2022.txt,ITF Futures,False,W09E:2022/4186/ms005,sackmann,True,False,False,False,False,False,False,False,False,False,False,False,False,False,2,"Result, no statistics",,Adam Walton
W09E,2022,en/scores/match-stats/archive/2022/4186/ms011,4186,4186,M25 Darwin,FU,2022-09-12,R16,Round of 16,W,EA27,Blake,Ellis,AUS,934,3-6 6-2 6-4,,False,False,W09E_2022.txt,ITF Futures,False,W09E:2022/4186/ms011,sackmann,True,False,False,False,False,False,False,False,False,False,False,False,False,False,2,"Result, no statistics",,Adam Walton
W09E,2022,en/scores/match-stats/archive/2022/4186/ms023,4186,4186,M25 Darwin,FU,2022-09-12,R32,Round of 32,W,P0LA,Thomas,Patton,AUS,0,6-3 6-2,,False,False,W09E_2022.txt,ITF Futures,False,W09E:2022/4186/ms023,sackmann,True,False,False,False,False,False,False,False,False,False,False,False,False,False,2,"Result, no statistics",,Adam Walton
W09E,2022,en/scores/match-stats/archive/2022/4171/ms001,4171,4171,M15 Cancun,FU,2022-08-22,F,Finals,W,AG08,Andy,Andrade,ECU,815,7-6(3) 2-6 6-3,,False,False,W09E_2022.txt,ITF Futures,False,W09E:2022/4171/ms001,sackmann,True,False,False,False,False,False,False,False,False,False,False,False,False,False,2,"Result, no statistics",,Adam Walton
W09E,2022,en/scores/match-stats/archive/2022/4171/ms002,4171,4171,M15 Cancun,FU,2022-08-22,SF,Semi-Finals,W,HH32,Alejandro,Hoyos,COL,732,6-2 6-1,,False,False,W09E_2022.txt,ITF Futures,False,W09E:2022/4171/ms002,sackmann,True,False,False,False,False,False,False,False,False,False,False,False,False,False,2,"Result, no statistics",,Adam Walton
W09E,2022,en/scores/match-stats/archive/2022/4171/ms004,4171,4171,M15 Cancun,FU,2022-08-22,QF,Quarter-Finals,W,CJ60,Alexandr,Cozbinov,MDA,794,7-6(5) 6-1,,False,False,W09E_2022.txt,ITF Futures,False,W09E:2022/4171/ms004,sackmann,True,False,False,False,False,False,False,False,False,False,False,False,False,False,2,"Result, no statistics",,Adam Walton
W09E,2022,en/scores/match-stats/archive/2022/4171/ms009,4171,4171,M15 Cancun,FU,2022-08-22,R16,Round of 16,W,RH88,Alan Fernando,Rubio Fierros,MEX,981,6-3 6-2,,False,False,W09E_2022.txt,ITF Futures,False,W09E:2022/4171/ms009,sackmann,True,False,False,False,False,False,False,False,False,False,False,False,False,False,2,"Result, no statistics",,Adam Walton
W09E,2022,en/scores/match-stats/archive/2022/4171/ms019,4171,4171,M15 Cancun,FU,2022-08-22,R32,Round of 32,W,W0AK,Emmett,Ward IV,USA,1475,6-1 6-1,,False,False,W09E_2022.txt,ITF Futures,False,W09E:2022/4171/ms019,sackmann,True,False,False,False,False,False,False,False,False,False,False,False,False,False,2,"Result, no statistics",,Adam Walton
W09E,2022,en/scores/match-stats/archive/2022/4161/ms001,4161,4161,M15 Cancun,FU,2022-08-15,F,Finals,L,PG56,Jorge,Panta,PER,576,6-1 3-6 4-6,,False,False,W09E_2022.txt,ITF Futures,False,W09E:2022/4161/ms001,sackmann,True,False,False,False,False,False,False,False,False,False,False,False,False,False,2,"Result, no statistics",,Adam Walton
W09E,2022,en/scores/match-stats/archive/2022/4161/ms002,4161,4161,M15 Cancun,FU,2022-08-15,SF,Semi-Finals,W,A0B6,Jaimee Floyd,Angele,FRA,507,7-5 6-3,,False,False,W09E_2022.txt,ITF Futures,False,W09E:2022/4161/ms002,sackmann,True,False,False,False,False,False,False,False,False,False,False,False,False,False,2,"Result, no statistics",,Adam Walton
W09E,2022,en/scores/match-stats/archive/2022/4161/ms005,4161,4161,M15 Cancun,FU,2022-08-15,QF,Quarter-Finals,W,RH88,Alan Fernando,Rubio Fierros,MEX,967,6-1 6-1,,False,False,W09E_2022.txt,ITF Futures,False,W09E:2022/4161/ms005,sackmann,True,False,False,False,False,False,False,False,False,False,False,False,False,False,2,"Result, no statistics",,Adam Walton
W09E,2022,en/scores/match-stats/archive/2022/4161/ms010,4161,4161,M15 Cancun,FU,2022-08-15,R16,Round of 16,W,A0IY,Luis Carlos,Alvarez,MEX,1397,6-1 6-2,,False,False,W09E_2022.txt,ITF Futures,False,W09E:2022/4161/ms010,sackmann,True,False,False,False,False,False,False,False,False,False,False,False,False,False,2,"Result, no statistics",,Adam Walton
W09E,2022,en/scores/match-stats/archive/2022/4161/ms020,4161,4161,M15 Cancun,FU,2022-08-15,R32,Round of 32,W,S0WP,Sebastian Rafael,Sotelo,ARG,0,6-4 6-2,,False,False,W09E_2022.txt,ITF Futures,False,W09E:2022/4161/ms020,sackmann,True,False,False,False,False,False,False,False,False,False,False,False,False,False,2,"Result, no statistics",,Adam Walton
W09E,2022,en/scores/match-stats/archive/2022/4156/ms002,4156,4156,M15 Cancun,FU,2022-08-08,SF,Semi-Finals,L,A0B6,Jaimee Floyd,Angele,FRA,518,4-6 2-6,,False,False,W09E_2022.txt,ITF Futures,False,W09E:2022/4156/ms002,sackmann,True,False,False,False,False,False,False,False,False,False,False,False,False,False,2,"Result, no statistics",,Adam Walton
W09E,2022,en/scores/match-stats/archive/2022/4156/ms005,4156,4156,M15 Cancun,FU,2022-08-08,QF,Quarter-Finals,W,Z0AK,Tyler,Zink,USA,941,6-4 6-4,,False,False,W09E_2022.txt,ITF Futures,False,W09E:2022/4156/ms005,sackmann,True,False,False,False,False,False,False,False,False,False,False,False,False,False,2,"Result, no statistics",,Adam Walton
W09E,2022,en/scores/match-stats/archive/2022/4156/ms010,4156,4156,M15 Cancun,FU,2022-08-08,R16,Round of 16,W,R0F1,Johan Alexander,Rodriguez,COL,1257,6-1 6-4,,False,False,W09E_2022.txt,ITF Futures,False,W09E:2022/4156/ms010,sackmann,True,False,False,False,False,False,False,False,False,False,False,False,False,False,2,"Result, no statistics",,Adam Walton
W09E,2022,en/scores/match-stats/archive/2022/4156/ms020,4156,4156,M15 Cancun,FU,2022-08-08,R32,Round of 32,W,WB36,Chukang,Wang,CHN,1910,6-3 6-4,,False,False,W09E_2022.txt,ITF Futures,False,W09E:2022/4156/ms020,sackmann,True,False,False,False,False,False,False,False,False,False,False,False,False,False,2,"Result, no statistics",,Adam Walton
W09E,2022,en/scores/match-stats/archive/2022/4134/ms003,4134,4134,M15 Cancun,FU,2022-07-18,SF,Semi-Finals,L,S0EK,Matias,Soto,CHI,768,4-6 6-1 4-6,,False,False,W09E_2022.txt,ITF Futures,False,W09E:2022/4134/ms003,sackmann,True,False,False,False,False,False,False,False,False,False,False,False,False,False,2,"Result, no statistics",,Adam Walton
W09E,2022,en/scores/match-stats/archive/2022/4134/ms007,4134,4134,M15 Cancun,FU,2022-07-18,QF,Quarter-Finals,W,AB70,Ivar Jose,Aramburu Contreras,MEX,1603,6-0 6-0,,False,False,W09E_2022.txt,ITF Futures,False,W09E:2022/4134/ms007,sackmann,True,False,False,False,False,False,False,False,False,False,False,False,False,False,2,"Result, no statistics",,Adam Walton
W09E,2022,en/scores/match-stats/archive/2022/4134/ms015,4134,4134,M15 Cancun,FU,2022-07-18,R16,Round of 16,W,GB41,Juan Sebastian,Gomez,COL,588,6-2 6-3,,False,False,W09E_2022.txt,ITF Futures,False,W09E:2022/4134/ms015,sackmann,True,False,False,False,False,False,False,False,False,False,False,False,False,False,2,"Result, no statistics",,Adam Walton
W09E,2022,en/scores/match-stats/archive/2022/4134/ms030,4134,4134,M15 Cancun,FU,2022-07-18,R32,Round of 32,W,B0I5,Blaise,Bicknell,JAM,875,6-0 6-1,,False,False,W09E_2022.txt,ITF Futures,False,W09E:2022/4134/ms030,sackmann,True,False,False,False,False,False,False,False,False,False,False,False,False,False,2,"Result, no statistics",,Adam Walton
W09E,2022,en/scores/match-stats/archive/2022/8273/ms001,8273,8273,M15 Cancun,FU,2022-07-11,F,Finals,W,Y223,Fernando,Yamacita,BRA,872,6-4 6-1,,False,False,W09E_2022.txt,ITF Futures,False,W09E:2022/8273/ms001,sackmann,True,False,False,False,False,False,False,False,False,False,False,False,False,False,2,"Result, no statistics",,Adam Walton
W09E,2022,en/scores/match-stats/archive/2022/8273/ms002,8273,8273,M15 Cancun,FU,2022-07-11,SF,Semi-Finals,W,I426,Masamichi,Imamura,JPN,917,6-3 6-3,,False,False,W09E_2022.txt,ITF Futures,False,W09E:2022/8273/ms002,sackmann,True,False,False,False,False,False,False,False,False,False,False,False,False,False,2,"Result, no statistics",,Adam Walton
W09E,2022,en/scores/match-stats/archive/2022/8273/ms005,8273,8273,M15 Cancun,FU,2022-07-11,QF,Quarter-Finals,W,S0EK,Matias,Soto,CHI,741,7-6(5) 6-2,,False,False,W09E_2022.txt,ITF Futures,False,W09E:2022/8273/ms005,sackmann,True,False,False,False,False,False,False,False,False,False,False,False,False,False,2,"Result, no statistics",,Adam Walton
W09E,2022,en/scores/match-stats/archive/2022/8273/ms010,8273,8273,M15 Cancun,FU,2022-07-11,R16,Round of 16,W,O09L,Christian,Oliveira,BRA,1394,6-1 6-1,,False,False,W09E_2022.txt,ITF Futures,False,W09E:2022/8273/ms010,sackmann,True,False,False,False,False,False,False,False,False,False,False,False,False,False,2,"Result, no statistics",,Adam Walton
W09E,2022,en/scores/match-stats/archive/2022/8273/ms020,8273,8273,M15 Cancun,FU,2022-07-11,R32,Round of 32,W,F0BV,Tomas,Farjat,ARG,638,6-0 6-1,,False,False,W09E_2022.txt,ITF Futures,False,W09E:2022/8273/ms020,sackmann,True,False,False,False,False,False,False,False,False,False,False,False,False,False,2,"Result, no statistics",,Adam Walton
W09E,2022,en/scores/match-stats/archive/2022/535/ms001,535,535,M15 Waco,FU,2022-07-04,F,Finals,W,TC01,Li,Tu,AUS,303,7-5 0-6 6-1,,False,False,W09E_2022.txt,ITF Futures,False,W09E:2022/535/ms001,sackmann,True,False,False,False,False,False,False,False,False,False,False,False,False,False,2,"Result, no statistics",,Adam Walton
W09E,2022,en/scores/match-stats/archive/2022/535/ms003,535,535,M15 Waco,FU,2022-07-04,SF,Semi-Finals,W,M0ON,Johannus,Monday,GBR,1498,6-3 6-2,,False,False,W09E_2022.txt,ITF Futures,False,W09E:2022/535/ms003,sackmann,True,False,False,False,False,False,False,False,False,False,False,False,False,False,2,"Result, no statistics",,Adam Walton
W09E,2022,en/scores/match-stats/archive/2022/535/ms006,535,535,M15 Waco,FU,2022-07-04,QF,Quarter-Finals,W,HH42,Chih Chi,Huang,CAN,0,6-1 6-2,,False,False,W09E_2022.txt,ITF Futures,False,W09E:2022/535/ms006,sackmann,True,False,False,False,False,False,False,False,False,False,False,False,False,False,2,"Result, no statistics",,Adam Walton
W09E,2022,en/scores/match-stats/archive/2022/535/ms012,535,535,M15 Waco,FU,2022-07-04,R16,Round of 16,W,I426,Masamichi,Imamura,JPN,922,6-1 6-4,,False,False,W09E_2022.txt,ITF Futures,False,W09E:2022/535/ms012,sackmann,True,False,False,False,False,False,False,False,False,False,False,False,False,False,2,"Result, no statistics",,Adam Walton
W09E,2022,en/scores/match-stats/archive/2022/535/ms025,535,535,M15 Waco,FU,2022-07-04,R32,Round of 32,W,W0AJ,Seita,Watanabe,JPN,988,6-2 6-3,,False,False,W09E_2022.txt,ITF Futures,False,W09E:2022/535/ms025,sackmann,True,False,False,False,False,False,False,False,False,False,False,False,False,False,2,"Result, no statistics",,Adam Walton
W09E,2022,en/scores/match-stats/archive/2022/734/ms016,734,734,M15 South Bend,FU,2022-06-20,R32,Round of 32,L,SZ28,Kyle,Seelig,USA,484,6-7(3) 2-6,,False,False,W09E_2022.txt,ITF Futures,False,W09E:2022/734/ms016,sackmann,True,False,False,False,False,False,False,False,False,False,False,False,False,False,2,"Result, no statistics",,Adam Walton
W09E,2023,en/scores/match-stats/archive/2023/6055/ms024,6055,6055,Charlottesville,CH,2023-10-30,R32,Round of 32,L,M0NL,Inaki,Montes-De La Torre,ESP,517,2-6 6-3 6-7(4),,False,True,W09E_2023.txt,Challenger main draw,False,W09E:2023/6055/ms024,"live_tennis_api,sackmann,tml",True,True,False,False,True,False,False,False,True,True,False,False,False,False,3,Result + serve/return totals,,Adam Walton
W09E,2023,en/scores/match-stats/archive/2023/8297/ms007,8297,8297,Hamburg,CH,2023-10-16,QF,Quarter-Finals,L,ME89,Illya,Marchenko,UKR,248,4-6 1-6,,False,True,W09E_2023.txt,Challenger qualifying,False,W09E:2023/8297/ms007,"live_tennis_api,sackmann,tml",True,True,False,False,True,False,False,False,True,True,False,False,False,False,3,Result + serve/return totals,,Adam Walton
W09E,2023,en/scores/match-stats/archive/2023/8297/ms015,8297,8297,Hamburg,CH,2023-10-16,R16,Round of 16,W,SO20,Jelle,Sels,NED,449,3-6 6-3 6-3,,False,True,W09E_2023.txt,Challenger main draw,False,W09E:2023/8297/ms015,"live_tennis_api,sackmann,tml",True,True,False,False,True,False,False,False,True,True,False,False,False,False,3,Result + serve/return totals,,Adam Walton
W09E,2023,en/scores/match-stats/archive/2023/8297/ms031,8297,8297,Hamburg,CH,2023-10-16,R32,Round of 32,W,KI48,Ergi,Kirkin,TUR,327,6-2 6-4,,False,True,W09E_2023.txt,Challenger main draw,False,W09E:2023/8297/ms031,"live_tennis_api,sackmann,tml",True,True,False,False,True,False,False,False,True,True,False,False,False,False,3,Result + serve/return totals,,Adam Walton
W09E,2023,en/scores/match-stats/archive/2023/7339/ms019,7339,7339,Fairfield,CH,2023-10-09,R32,Round of 32,L,B0NN,Nishesh,Basavareddy,USA,1114,3-6 5-7,,False,True,W09E_2023.txt,Challenger main draw,False,W09E:2023/7339/ms019,"live_tennis_api,sackmann,tml",True,True,False,False,True,False,False,False,True,True,False,False,False,False,3,Result + serve/return totals,,Adam Walton
W09E,2023,en/scores/match-stats/archive/2023/1768/ms001,1768,1768,Tiburon,CH,2023-10-02,F,Finals,L,S0K7,Zachary,Svajda,USA,170,2-6 2-6,,False,True,W09E_2023.txt,Challenger main draw,False,W09E:2023/1768/ms001,"live_tennis_api,sackmann,tml",True,True,False,False,True,False,False,False,True,True,False,False,False,False,3,Result + serve/return totals,,Adam Walton
W09E,2023,en/scores/match-stats/archive/2023/1768/ms002,1768,1768,Tiburon,CH,2023-10-02,SF,Semi-Finals,W,S0N0,Tristan,Schoolkate,AUS,272,6-4 7-5,,False,True,W09E_2023.txt,Challenger main draw,False,W09E:2023/1768/ms002,"live_tennis_api,sackmann,tml",True,True,False,False,True,False,False,False,True,True,False,False,False,False,3,Result + serve/return totals,,Adam Walton
W09E,2023,en/scores/match-stats/archive/2023/1768/ms005,1768,1768,Tiburon,CH,2023-10-02,QF,Quarter-Finals,W,TA46,Bernard,Tomic,AUS,295,6-4 6-4,,False,True,W09E_2023.txt,Challenger qualifying,False,W09E:2023/1768/ms005,"live_tennis_api,sackmann,tml",True,True,False,False,True,False,False,False,True,True,False,False,False,False,3,Result + serve/return totals,,Adam Walton
W09E,2023,en/scores/match-stats/archive/2023/1768/ms011,1768,1768,Tiburon,CH,2023-10-02,R16,Round of 16,W,T0HA,Learner,Tien,USA,712,6-2 6-4,,False,True,W09E_2023.txt,Challenger main draw,False,W09E:2023/1768/ms011,"live_tennis_api,sackmann,tml",True,True,False,False,True,False,False,False,True,True,False,False,False,False,3,Result + serve/return totals,,Adam Walton
W09E,2023,en/scores/match-stats/archive/2023/1768/ms023,1768,1768,Tiburon,CH,2023-10-02,R32,Round of 32,W,PD07,Vasek,Pospisil,CAN,220,6-4 7-6(5),,False,True,W09E_2023.txt,Challenger main draw,False,W09E:2023/1768/ms023,"live_tennis_api,sackmann,tml",True,True,False,False,True,False,False,False,True,True,False,False,False,False,3,Result + serve/return totals,,Adam Walton
W09E,2023,en/scores/match-stats/archive/2023/2803/ms007,2803,2803,Charleston,CH,2023-09-25,QF,Quarter-Finals,L,PH78,Ryan,Peniston,GBR,197,5-7 6-1 3-6,,False,True,W09E_2023.txt,Challenger qualifying,False,W09E:2023/2803/ms007,"live_tennis_api,sackmann,tml",True,True,False,False,True,False,False,False,True,True,False,False,False,False,3,Result + serve/return totals,,Adam Walton
W09E,2023,en/scores/match-stats/archive/2023/2803/ms014,2803,2803,Charleston,CH,2023-09-25,R16,Round of 16,W,DF88,Aziz,Dougaz,TUN,250,6-3 7-6(4),,False,True,W09E_2023.txt,Challenger main draw,False,W09E:2023/2803/ms014,"live_tennis_api,sackmann,tml",True,True,False,False,True,False,False,False,True,True,False,False,False,False,3,Result + serve/return totals,,Adam Walton
W09E,2023,en/scores/match-stats/archive/2023/2803/ms028,2803,2803,Charleston,CH,2023-09-25,R32,Round of 32,W,ML73,Skander,Mansouri,TUN,329,7-6(5) 6-2,,False,True,W09E_2023.txt,Challenger main draw,False,W09E:2023/2803/ms028,"live_tennis_api,sackmann,tml",True,True,False,False,True,False,False,False,True,True,False,False,False,False,3,Result + serve/return totals,,Adam Walton
W09E,2023,en/scores/match-stats/archive/2023/8281/ms014,8281,8281,Columbus 2,CH,2023-09-18,R16,Round of 16,L,S0N0,Tristan,Schoolkate,AUS,280,6-4 3-6 1-6,,False,True,W09E_2023.txt,Challenger main draw,False,W09E:2023/8281/ms014,"live_tennis_api,sackmann,tml",True,True,False,False,True,False,False,False,True,True,False,False,False,False,3,Result + serve/return totals,,Adam Walton
W09E,2023,en/scores/match-stats/archive/2023/8281/ms028,8281,8281,Columbus 2,CH,2023-09-18,R32,Round of 32,W,M0GZ,Giovanni,Mpetshi Perricard,FRA,221,7-5 6-4,,False,True,W09E_2023.txt,Challenger main draw,False,W09E:2023/8281/ms028,"live_tennis_api,sackmann,tml",True,True,False,False,True,False,False,False,True,True,False,False,False,False,3,Result + serve/return totals,,Adam Walton
W09E,2023,en/scores/match-stats/archive/2023/7316/ms010,7316,7316,Cary 2,CH,2023-09-11,R16,Round of 16,L,K0A3,Patrick,Kypson,USA,271,5-7 3-6,,False,True,W09E_2023.txt,Challenger main draw,False,W09E:2023/7316/ms010,"live_tennis_api,sackmann",True,False,False,False,True,False,False,False,True,False,False,False,False,False,3,Result + serve/return totals,,Adam Walton
W09E,2023,en/scores/match-stats/archive/2023/7316/ms020,7316,7316,Cary 2,CH,2023-09-11,R32,Round of 32,W,KC12,Mitchell,Krueger,USA,263,7-5 6-2,,False,True,W09E_2023.txt,Challenger main draw,False,W09E:2023/7316/ms020,"live_tennis_api,sackmann",True,False,False,False,True,False,False,False,True,False,False,False,False,False,3,Result + serve/return totals,,Adam Walton
W09E,2023,en/scores/match-stats/archive/2023/6242/qs008,6242,6242,Winston-Salem,250,2023-08-21,Q1,1st Round Qualifying,L,KG27,Strong,Kirchheimer,USA,416,5-7 3-6,,False,True,W09E_2023.txt,Tour qualifying,False,W09E:2023/6242/qs008,"live_tennis_api,sackmann,tml",True,True,False,False,True,False,False,False,True,True,False,False,False,False,3,Result + serve/return totals,,Adam Walton
W09E,2023,en/scores/match-stats/archive/2023/2885/ms014,2885,2885,"Stanford, CA",CH,2023-08-14,R16,Round of 16,L,D994,James,Duckworth,AUS,120,3-6 4-6,,False,True,W09E_2023.txt,Challenger main draw,False,W09E:2023/2885/ms014,"live_tennis_api,sackmann,tml",True,True,False,False,True,False,False,False,True,False,False,False,False,False,3,Result + serve/return totals,,Adam Walton
W09E,2023,en/scores/match-stats/archive/2023/2885/ms029,2885,2885,"Stanford, CA",CH,2023-08-14,R32,Round of 32,W,S0K7,Zachary,Svajda,USA,232,6-2 6-2,,False,True,W09E_2023.txt,Challenger main draw,False,W09E:2023/2885/ms029,"live_tennis_api,sackmann,tml",True,True,False,False,True,False,False,False,True,False,False,False,False,False,3,Result + serve/return totals,,Adam Walton
W09E,2023,en/scores/match-stats/archive/2023/9560/ms001,9560,9560,Cary 1,CH,2023-08-07,F,Finals,W,MW18,Nicolas,Moreno De Alboran,USA,149,6-4 3-6 7-5,,False,True,W09E_2023.txt,Challenger main draw,False,W09E:2023/9560/ms001,"live_tennis_api,sackmann,tml",True,True,False,False,True,False,False,False,True,True,False,False,False,False,3,Result + serve/return totals,,Adam Walton
W09E,2023,en/scores/match-stats/archive/2023/9560/ms003,9560,9560,Cary 1,CH,2023-08-07,SF,Semi-Finals,W,BI23,Liam,Broady,GBR,123,6-4 7-5,,False,True,W09E_2023.txt,Challenger main draw,False,W09E:2023/9560/ms003,"live_tennis_api,sackmann,tml",True,True,False,False,True,False,False,False,True,True,False,False,False,False,3,Result + serve/return totals,,Adam Walton
W09E,2023,en/scores/match-stats/archive/2023/9560/ms007,9560,9560,Cary 1,CH,2023-08-07,QF,Quarter-Finals,W,H0BH,Rinky,Hijikata,AUS,118,6-2 6-4,,False,True,W09E_2023.txt,Challenger qualifying,False,W09E:2023/9560/ms007,"live_tennis_api,sackmann,tml",True,True,False,False,True,False,False,False,True,True,False,False,False,False,3,Result + serve/return totals,,Adam Walton
W09E,2023,en/scores/match-stats/archive/2023/9560/ms014,9560,9560,Cary 1,CH,2023-08-07,R16,Round of 16,W,HD68,Billy,Harris,GBR,333,3-6 7-6(7) 7-6(3),,False,True,W09E_2023.txt,Challenger main draw,False,W09E:2023/9560/ms014,"live_tennis_api,sackmann,tml",True,True,False,False,True,False,False,False,True,True,False,False,False,False,3,Result + serve/return totals,,Adam Walton
W09E,2023,en/scores/match-stats/archive/2023/9560/ms029,9560,9560,Cary 1,CH,2023-08-07,R32,Round of 32,W,Z09Z,Beibit,Zhukayev,KAZ,260,6-4 6-3,,False,True,W09E_2023.txt,Challenger main draw,False,W09E:2023/9560/ms029,"live_tennis_api,sackmann,tml",True,True,False,False,True,False,False,False,True,True,False,False,False,False,3,Result + serve/return totals,,Adam Walton
W09E,2023,en/scores/match-stats/archive/2023/586/ms014,586,586,Lexington,CH,2023-07-31,R16,Round of 16,L,BV27,Ulises,Blanch,USA,422,3-6 3-6,,False,True,W09E_2023.txt,Challenger main draw,False,W09E:2023/586/ms014,"live_tennis_api,sackmann,tml",True,True,False,False,True,False,False,False,True,True,False,False,False,False,3,Result + serve/return totals,,Adam Walton
W09E,2023,en/scores/match-stats/archive/2023/586/ms028,586,586,Lexington,CH,2023-07-31,R32,Round of 32,W,J620,Maxime,Janvier,FRA,331,4-6 6-3 6-3,,False,True,W09E_2023.txt,Challenger main draw,False,W09E:2023/586/ms028,"live_tennis_api,sackmann,tml",True,True,False,False,True,False,False,False,True,True,False,False,False,False,3,Result + serve/return totals,,Adam Walton
W09E,2023,en/scores/match-stats/archive/2023/59/ms017,59,59,Salinas,CH,2023-07-24,R32,Round of 32,L,J553,Omar,Jasika,AUS,275,4-6 2-6,,False,True,W09E_2023.txt,Challenger main draw,False,W09E:2023/59/ms017,"live_tennis_api,sackmann,tml",True,True,False,False,True,False,False,False,True,True,False,False,False,False,3,Result + serve/return totals,,Adam Walton
W09E,2023,en/scores/match-stats/archive/2023/877/ms013,877,877,Granby,CH,2023-07-17,R16,Round of 16,L,J620,Maxime,Janvier,FRA,332,4-6 6-4 6-7(4),,False,True,W09E_2023.txt,Challenger main draw,False,W09E:2023/877/ms013,"live_tennis_api,sackmann,tml",True,True,False,False,True,False,False,False,True,True,False,False,False,False,3,Result + serve/return totals,,Adam Walton
W09E,2023,en/scores/match-stats/archive/2023/877/ms027,877,877,Granby,CH,2023-07-17,R32,Round of 32,W,PD07,Vasek,Pospisil,CAN,161,6-7(7) 7-6(1) 6-1,,False,True,W09E_2023.txt,Challenger main draw,False,W09E:2023/877/ms027,"live_tennis_api,sackmann,tml",True,True,False,False,True,False,False,False,True,True,False,False,False,False,3,Result + serve/return totals,,Adam Walton
W09E,2023,en/scores/match-stats/archive/2023/2797/ms011,2797,2797,Chicago,CH,2023-07-10,R16,Round of 16,L,M0GZ,Giovanni,Mpetshi Perricard,FRA,218,6-7(3) 4-6,,False,True,W09E_2023.txt,Challenger main draw,False,W09E:2023/2797/ms011,"live_tennis_api,sackmann,tml",True,True,False,False,True,False,False,False,True,True,False,False,False,False,3,Result + serve/return totals,,Adam Walton
W09E,2023,en/scores/match-stats/archive/2023/2797/ms022,2797,2797,Chicago,CH,2023-07-10,R32,Round of 32,W,S0JA,Eliot,Spizzirri,USA,0,6-2 6-2,,False,True,W09E_2023.txt,Challenger main draw,False,W09E:2023/2797/ms022,"live_tennis_api,sackmann,tml",True,True,False,False,True,False,False,False,True,True,False,False,False,False,3,Result + serve/return totals,,Adam Walton
W09E,2023,en/scores/match-stats/archive/2023/2883/ms021,2883,2883,Bloomfield Hills,CH,2023-07-03,R32,Round of 32,L,N552,Kei,Nishikori,JPN,501,1-6 2-6,,False,True,W09E_2023.txt,Challenger main draw,False,W09E:2023/2883/ms021,"live_tennis_api,sackmann,tml",True,True,False,False,True,False,False,False,True,True,False,False,False,False,3,Result + serve/return totals,,Adam Walton
W09E,2023,en/scores/match-stats/archive/2023/534/ms001,534,534,M25 Tulsa,FU,2023-06-19,F,Finals,W,CF10,Nick,Chappell,USA,354,6-1 6-3,,False,False,W09E_2023.txt,ITF Futures,False,W09E:2023/534/ms001,"live_tennis_api,sackmann",True,False,False,False,True,False,False,False,False,False,False,False,False,False,2,"Result, no statistics",,Adam Walton
W09E,2023,en/scores/match-stats/archive/2023/534/ms002,534,534,M25 Tulsa,FU,2023-06-19,SF,Semi-Finals,W,M0CW,Aidan,McHugh,GBR,382,6-1 6-3,,False,False,W09E_2023.txt,ITF Futures,False,W09E:2023/534/ms002,"live_tennis_api,sackmann",True,False,False,False,True,False,False,False,False,False,False,False,False,False,2,"Result, no statistics",,Adam Walton
W09E,2023,en/scores/match-stats/archive/2023/534/ms004,534,534,M25 Tulsa,FU,2023-06-19,QF,Quarter-Finals,W,Q02L,Ethan,Quinn,USA,507,6-2 7-6(6),,False,False,W09E_2023.txt,ITF Futures,False,W09E:2023/534/ms004,"live_tennis_api,sackmann",True,False,False,False,True,False,False,False,False,False,False,False,False,False,2,"Result, no statistics",,Adam Walton
W09E,2023,en/scores/match-stats/archive/2023/534/ms008,534,534,M25 Tulsa,FU,2023-06-19,R16,Round of 16,W,C0HT,Murphy,Cassone,USA,657,4-6 6-1 6-4,,False,False,W09E_2023.txt,ITF Futures,False,W09E:2023/534/ms008,"live_tennis_api,sackmann",True,False,False,False,True,False,False,False,False,False,False,False,False,False,2,"Result, no statistics",,Adam Walton
W09E,2023,en/scores/match-stats/archive/2023/534/ms016,534,534,M25 Tulsa,FU,2023-06-19,R32,Round of 32,W,RH21,Gianni,Ross,USA,905,6-0 6-1,,False,False,W09E_2023.txt,ITF Futures,False,W09E:2023/534/ms016,"live_tennis_api,sackmann",True,False,False,False,True,False,False,False,False,False,False,False,False,False,2,"Result, no statistics",,Adam Walton
W09E,2023,en/scores/match-stats/archive/2023/2875/ms006,2875,2875,Palmas del Mar,CH,2023-06-12,QF,Quarter-Finals,L,N552,Kei,Nishikori,JPN,0,4-6 2-6,,False,True,W09E_2023.txt,Challenger qualifying,False,W09E:2023/2875/ms006,"live_tennis_api,sackmann,tml",True,True,False,False,True,False,False,False,True,True,False,False,False,False,3,Result + serve/return totals,,Adam Walton
W09E,2023,en/scores/match-stats/archive/2023/2875/ms013,2875,2875,Palmas del Mar,CH,2023-06-12,R16,Round of 16,W,SF89,Rubin,Statham,NZL,464,6-2 6-0,,False,True,W09E_2023.txt,Challenger main draw,False,W09E:2023/2875/ms013,"live_tennis_api,sackmann,tml",True,True,False,False,True,False,False,False,True,True,False,False,False,False,3,Result + serve/return totals,,Adam Walton
W09E,2023,en/scores/match-stats/archive/2023/2875/ms027,2875,2875,Palmas del Mar,CH,2023-06-12,R32,Round of 32,W,PG94,Marc,Polmans,AUS,179,7-6(1) 6-1,,False,True,W09E_2023.txt,Challenger main draw,False,W09E:2023/2875/ms027,"live_tennis_api,sackmann,tml",True,True,False,False,True,False,False,False,True,True,False,False,False,False,3,Result + serve/return totals,,Adam Walton
W09E,2023,en/scores/match-stats/archive/2023/2873/ms022,2873,2873,Tyler,CH,2023-06-05,R32,Round of 32,L,SL08,Tennys,Sandgren,USA,246,6-4 3-6 6-7(4),,False,True,W09E_2023.txt,Challenger main draw,False,W09E:2023/2873/ms022,"live_tennis_api,sackmann,tml",True,True,False,False,True,False,False,False,True,True,False,False,False,False,3,Result + serve/return totals,,Adam Walton
W09E,2023,en/scores/match-stats/archive/2023/2873/qs009,2873,2873,Tyler,CH,2023-06-05,Q2,2nd Round Qualifying,W,MP13,Mukund,Sasikumar,IND,383,6-4 6-3,,False,True,W09E_2023.txt,Challenger qualifying,False,W09E:2023/2873/qs009,live_tennis_api,False,False,False,False,True,False,False,False,False,False,False,False,False,False,1,"Listed only, no result",,Adam Walton
W09E,2023,en/scores/match-stats/archive/2023/2873/qs018,2873,2873,Tyler,CH,2023-06-05,Q1,1st Round Qualifying,W,AB54,Harrison,Adams,USA,0,6-3 6-3,,False,True,W09E_2023.txt,Challenger qualifying,False,W09E:2023/2873/qs018,"live_tennis_api,sackmann",True,False,False,False,True,False,False,False,True,False,False,False,False,False,3,Result + serve/return totals,,Adam Walton
W09E,2023,en/scores/match-stats/archive/2023/9188/ms003,9188,9188,Little Rock,CH,2023-05-29,SF,Semi-Finals,L,Z09Z,Beibit,Zhukayev,KAZ,325,7-6(6) 4-6 6-7(4),,False,True,W09E_2023.txt,Challenger main draw,False,W09E:2023/9188/ms003,"live_tennis_api,sackmann,tml",True,True,False,False,True,False,False,False,True,True,False,False,False,False,3,Result + serve/return totals,,Adam Walton
W09E,2023,en/scores/match-stats/archive/2023/9188/ms006,9188,9188,Little Rock,CH,2023-05-29,QF,Quarter-Finals,W,GK06,Alexis,Galarneau,CAN,259,6-4 6-1,,False,True,W09E_2023.txt,Challenger qualifying,False,W09E:2023/9188/ms006,"live_tennis_api,sackmann,tml",True,True,False,False,True,False,False,False,True,True,False,False,False,False,3,Result + serve/return totals,,Adam Walton
W09E,2023,en/scores/match-stats/archive/2023/9188/ms013,9188,9188,Little Rock,CH,2023-05-29,R16,Round of 16,W,R0A7,Joao Lucas,Reis Da Silva,BRA,272,3-6 7-6(2) 6-4,,False,True,W09E_2023.txt,Challenger main draw,False,W09E:2023/9188/ms013,"live_tennis_api,sackmann,tml",True,True,False,False,True,False,False,False,True,True,False,False,False,False,3,Result + serve/return totals,,Adam Walton
W09E,2023,en/scores/match-stats/archive/2023/9188/ms027,9188,9188,Little Rock,CH,2023-05-29,R32,Round of 32,W,PG94,Marc,Polmans,AUS,194,6-4 5-7 6-2,,False,True,W09E_2023.txt,Challenger main draw,False,W09E:2023/9188/ms027,"live_tennis_api,sackmann,tml",True,True,False,False,True,False,False,False,True,True,False,False,False,False,3,Result + serve/return totals,,Adam Walton
W09E,2023,en/scores/match-stats/archive/2023/9188/qs008,9188,9188,Little Rock,CH,2023-05-29,Q2,2nd Round Qualifying,W,MP13,Mukund,Sasikumar,IND,383,6-7(3) 6-4 6-4,,False,True,W09E_2023.txt,Challenger qualifying,False,W09E:2023/9188/qs008,live_tennis_api,False,False,False,False,True,False,False,False,False,False,False,False,False,False,1,"Listed only, no result",,Adam Walton
W09E,2023,en/scores/match-stats/archive/2023/9188/qs016,9188,9188,Little Rock,CH,2023-05-29,Q1,1st Round Qualifying,W,B0S5,Gabriele,Brancatelli,ITA,1286,6-1 6-0,,False,True,W09E_2023.txt,Challenger qualifying,False,W09E:2023/9188/qs016,"live_tennis_api,sackmann",True,False,False,False,True,False,False,False,True,False,False,False,False,False,3,Result + serve/return totals,,Adam Walton
W09E,2023,en/scores/match-stats/archive/2023/6632/ms001,6632,6632,M15 Tbilisi,FU,2023-05-01,F,Finals,W,K0HO,Orel,Kimhi,ISR,728,6-1 6-2,,False,False,W09E_2023.txt,ITF Futures,False,W09E:2023/6632/ms001,sackmann,True,False,False,False,False,False,False,False,False,False,False,False,False,False,2,"Result, no statistics",,Adam Walton
W09E,2023,en/scores/match-stats/archive/2023/6632/ms002,6632,6632,M15 Tbilisi,FU,2023-05-01,SF,Semi-Finals,W,EA27,Blake,Ellis,AUS,515,4-2,RET,False,False,W09E_2023.txt,ITF Futures,False,W09E:2023/6632/ms002,sackmann,True,False,False,False,False,False,False,False,False,False,False,False,False,False,2,"Result, no statistics",,Adam Walton
W09E,2023,en/scores/match-stats/archive/2023/6632/ms004,6632,6632,M15 Tbilisi,FU,2023-05-01,QF,Quarter-Finals,W,T0AG,Zura,Tkemaladze,GEO,662,6-3 6-2,,False,False,W09E_2023.txt,ITF Futures,False,W09E:2023/6632/ms004,sackmann,True,False,False,False,False,False,False,False,False,False,False,False,False,False,2,"Result, no statistics",,Adam Walton
W09E,2023,en/scores/match-stats/archive/2023/6632/ms008,6632,6632,M15 Tbilisi,FU,2023-05-01,R16,Round of 16,W,Z09B,Alexander,Zgirovsky,BLR,868,6-1 6-0,,False,False,W09E_2023.txt,ITF Futures,False,W09E:2023/6632/ms008,sackmann,True,False,False,False,False,False,False,False,False,False,False,False,False,False,2,"Result, no statistics",,Adam Walton
W09E,2023,en/scores/match-stats/archive/2023/6632/ms016,6632,6632,M15 Tbilisi,FU,2023-05-01,R32,Round of 32,W,L09D,Aliaksandr,Liaonenka,BLR,1037,6-4 6-3,,False,False,W09E_2023.txt,ITF Futures,False,W09E:2023/6632/ms016,sackmann,True,False,False,False,False,False,False,False,False,False,False,False,False,False,2,"Result, no statistics",,Adam Walton
W09E,2023,en/scores/match-stats/archive/2023/6608/ms002,6608,6608,M25 Tbilisi,FU,2023-04-24,SF,Semi-Finals,L,K0E6,Alibek,Kachmazov,RUS,358,7-6(2) 3-6 3-6,,False,False,W09E_2023.txt,ITF Futures,False,W09E:2023/6608/ms002,sackmann,True,False,False,False,False,False,False,False,False,False,False,False,False,False,2,"Result, no statistics",,Adam Walton
W09E,2023,en/scores/match-stats/archive/2023/6608/ms004,6608,6608,M25 Tbilisi,FU,2023-04-24,QF,Quarter-Finals,W,P0EA,Saba,Purtseladze,GEO,447,6-0 3-6 6-1,,False,False,W09E_2023.txt,ITF Futures,False,W09E:2023/6608/ms004,sackmann,True,False,False,False,False,False,False,False,False,False,False,False,False,False,2,"Result, no statistics",,Adam Walton
W09E,2023,en/scores/match-stats/archive/2023/6608/ms008,6608,6608,M25 Tbilisi,FU,2023-04-24,R16,Round of 16,W,DH46,Alexander,Donski,BUL,814,6-1 6-2,,False,False,W09E_2023.txt,ITF Futures,False,W09E:2023/6608/ms008,sackmann,True,False,False,False,False,False,False,False,False,False,False,False,False,False,2,"Result, no statistics",,Adam Walton
W09E,2023,en/scores/match-stats/archive/2023/6608/ms016,6608,6608,M25 Tbilisi,FU,2023-04-24,R32,Round of 32,W,AD04,Sarp,Agabigun,TUR,956,6-2 6-1,,False,False,W09E_2023.txt,ITF Futures,False,W09E:2023/6608/ms016,sackmann,True,False,False,False,False,False,False,False,False,False,False,False,False,False,2,"Result, no statistics",,Adam Walton
W09E,2023,en/scores/match-stats/archive/2023/6963/ms025,6963,6963,Morelos,CH,2023-04-17,R32,Round of 32,L,P0J1,Rodrigo,Pacheco Mendez,MEX,1039,4-6 6-3 1-6,,False,True,W09E_2023.txt,Challenger main draw,False,W09E:2023/6963/ms025,"live_tennis_api,sackmann,tml",True,True,False,False,True,False,False,False,True,True,False,False,False,False,3,Result + serve/return totals,,Adam Walton
W09E,2023,en/scores/match-stats/archive/2023/2867/ms013,2867,2867,Leon,CH,2023-04-10,R16,Round of 16,L,BP41,Antoine,Bellier,SUI,168,6-7(1) 6-7(5),,False,True,W09E_2023.txt,Challenger main draw,False,W09E:2023/2867/ms013,"live_tennis_api,sackmann",True,False,False,False,True,False,False,False,True,False,False,False,False,False,3,Result + serve/return totals,,Adam Walton
W09E,2023,en/scores/match-stats/archive/2023/2867/ms026,2867,2867,Leon,CH,2023-04-10,R32,Round of 32,W,V0DP,Adolfo Daniel,Vallejo,PAR,698,6-4 6-3,,False,True,W09E_2023.txt,Challenger main draw,False,W09E:2023/2867/ms026,"live_tennis_api,sackmann",True,False,False,False,True,False,False,False,True,False,False,False,False,False,3,Result + serve/return totals,,Adam Walton
W09E,2023,en/scores/match-stats/archive/2023/2867/qs011,2867,2867,Leon,CH,2023-04-10,Q2,2nd Round Qualifying,W,L0GH,Mark,Lajal,EST,343,7-5 6-3,,False,True,W09E_2023.txt,Challenger qualifying,False,W09E:2023/2867/qs011,"live_tennis_api,sackmann",True,False,False,False,True,False,False,False,True,False,False,False,False,False,3,Result + serve/return totals,,Adam Walton
W09E,2023,en/scores/match-stats/archive/2023/2867/qs022,2867,2867,Leon,CH,2023-04-10,Q1,1st Round Qualifying,W,A0KG,Luciano,Alcocer,MEX,0,6-3 6-3,,False,True,W09E_2023.txt,Challenger qualifying,False,W09E:2023/2867/qs022,live_tennis_api,False,False,False,False,True,False,False,False,False,False,False,False,False,False,1,"Listed only, no result",,Adam Walton
W09E,2023,en/scores/match-stats/archive/2023/213/ms018,213,213,San Luis Potosi,CH,2023-04-03,R32,Round of 32,L,R0A7,Joao Lucas,Reis Da Silva,BRA,291,1-6 6-3 4-6,,False,True,W09E_2023.txt,Challenger main draw,False,W09E:2023/213/ms018,"live_tennis_api,sackmann,tml",True,True,False,False,True,False,False,False,True,True,False,False,False,False,3,Result + serve/return totals,,Adam Walton
W09E,2023,en/scores/match-stats/archive/2023/8201/ms031,8201,8201,"M25 Calabasas, CA",FU,2023-03-20,R32,Round of 32,L,R0D3,Andrew,Rogers,USA,1168,2-6 6-3 7-10,,False,False,W09E_2023.txt,ITF Futures,False,W09E:2023/8201/ms031,sackmann,True,False,False,False,False,False,False,False,False,False,False,False,False,False,2,"Result, no statistics",,Adam Walton
W09E,2023,en/scores/match-stats/archive/2023/8191/ms020,8191,8191,"M25 Bakersfield, CA",FU,2023-03-13,R32,Round of 32,L,K0HL,Kyle,Kang,USA,810,3-6 4-6,,False,False,W09E_2023.txt,ITF Futures,False,W09E:2023/8191/ms020,"live_tennis_api,sackmann",True,False,False,False,True,False,False,False,False,False,False,False,False,False,2,"Result, no statistics",,Adam Walton
W09E,2023,en/scores/match-stats/archive/2023/7911/qs023,7911,7911,Puerto Vallarta,CH,2023-03-06,Q1,1st Round Qualifying,L,D0DT,Martin,Damm,USA,430,6-7(6) 3-6,,False,True,W09E_2023.txt,Challenger qualifying,False,W09E:2023/7911/qs023,"live_tennis_api,sackmann",True,False,False,False,True,False,False,False,True,False,False,False,False,False,3,Result + serve/return totals,,Adam Walton
W09E,2023,en/scores/match-stats/archive/2023/7468/ms001,7468,7468,M25 Santo Domingo,FU,2023-02-20,F,Finals,L,BI81,Alex,Bolt,AUS,525,6-4 1-6 6-7(5),,False,False,W09E_2023.txt,ITF Futures,False,W09E:2023/7468/ms001,sackmann,True,False,False,False,False,False,False,False,False,False,False,False,False,False,2,"Result, no statistics",,Adam Walton
W09E,2023,en/scores/match-stats/archive/2023/7468/ms003,7468,7468,M25 Santo Domingo,FU,2023-02-20,SF,Semi-Finals,W,SZ28,Kyle,Seelig,USA,389,6-2 6-3,,False,False,W09E_2023.txt,ITF Futures,False,W09E:2023/7468/ms003,sackmann,True,False,False,False,False,False,False,False,False,False,False,False,False,False,2,"Result, no statistics",,Adam Walton
W09E,2023,en/scores/match-stats/archive/2023/7468/ms007,7468,7468,M25 Santo Domingo,FU,2023-02-20,QF,Quarter-Finals,W,SG56,Daniel,Dutra da Silva,BRA,300,6-3 6-1,,False,False,W09E_2023.txt,ITF Futures,False,W09E:2023/7468/ms007,sackmann,True,False,False,False,False,False,False,False,False,False,False,False,False,False,2,"Result, no statistics",,Adam Walton
W09E,2023,en/scores/match-stats/archive/2023/7468/ms014,7468,7468,M25 Santo Domingo,FU,2023-02-20,R16,Round of 16,W,R0J0,Yannik,Rahman,USA,1403,6-0 6-2,,False,False,W09E_2023.txt,ITF Futures,False,W09E:2023/7468/ms014,sackmann,True,False,False,False,False,False,False,False,False,False,False,False,False,False,2,"Result, no statistics",,Adam Walton
W09E,2023,en/scores/match-stats/archive/2023/7468/ms028,7468,7468,M25 Santo Domingo,FU,2023-02-20,R32,Round of 32,W,BP79,Peter,Bertran,DOM,621,6-7(3) 6-4 6-3,,False,False,W09E_2023.txt,ITF Futures,False,W09E:2023/7468/ms028,sackmann,True,False,False,False,False,False,False,False,False,False,False,False,False,False,2,"Result, no statistics",,Adam Walton
W09E,2023,en/scores/match-stats/archive/2023/7197/ms003,7197,7197,M25 Santo Domingo,FU,2023-02-13,SF,Semi-Finals,L,SZ28,Kyle,Seelig,USA,388,4-6 2-6,,False,False,W09E_2023.txt,ITF Futures,False,W09E:2023/7197/ms003,sackmann,True,False,False,False,False,False,False,False,False,False,False,False,False,False,2,"Result, no statistics",,Adam Walton
W09E,2023,en/scores/match-stats/archive/2023/7197/ms006,7197,7197,M25 Santo Domingo,FU,2023-02-13,QF,Quarter-Finals,W,M0NB,Aidan,Mayo,USA,514,7-5 6-7(3) 7-5,,False,False,W09E_2023.txt,ITF Futures,False,W09E:2023/7197/ms006,sackmann,True,False,False,False,False,False,False,False,False,False,False,False,False,False,2,"Result, no statistics",,Adam Walton
W09E,2023,en/scores/match-stats/archive/2023/7197/ms012,7197,7197,M25 Santo Domingo,FU,2023-02-13,R16,Round of 16,W,H0C9,Arklon,Huertas Del Pino Cordova,PER,493,6-4 7-5,,False,False,W09E_2023.txt,ITF Futures,False,W09E:2023/7197/ms012,sackmann,True,False,False,False,False,False,False,False,False,False,False,False,False,False,2,"Result, no statistics",,Adam Walton
W09E,2023,en/scores/match-stats/archive/2023/7197/ms024,7197,7197,M25 Santo Domingo,FU,2023-02-13,R32,Round of 32,W,B0QW,Leanid,Boika,USA,1295,6-3 6-2,,False,False,W09E_2023.txt,ITF Futures,False,W09E:2023/7197/ms024,sackmann,True,False,False,False,False,False,False,False,False,False,False,False,False,False,2,"Result, no statistics",,Adam Walton
W09E,2023,en/scores/match-stats/archive/2023/8175/ms005,8175,8175,M25 Burnie,FU,2023-02-06,QF,Quarter-Finals,L,N707,Naoki,Nakagawa,JPN,479,6-7(6) 3-6,,False,False,W09E_2023.txt,ITF Futures,False,W09E:2023/8175/ms005,sackmann,True,False,False,False,False,False,False,False,False,False,False,False,False,False,2,"Result, no statistics",,Adam Walton
W09E,2023,en/scores/match-stats/archive/2023/8175/ms010,8175,8175,M25 Burnie,FU,2023-02-06,R16,Round of 16,W,SL92,Shuichi,Sekiguchi,JPN,537,6-1 6-7(3) 7-6(3),,False,False,W09E_2023.txt,ITF Futures,False,W09E:2023/8175/ms010,sackmann,True,False,False,False,False,False,False,False,False,False,False,False,False,False,2,"Result, no statistics",,Adam Walton
W09E,2023,en/scores/match-stats/archive/2023/8175/ms020,8175,8175,M25 Burnie,FU,2023-02-06,R32,Round of 32,W,O498,Issei,Okamura,JPN,1146,6-3 6-4,,False,False,W09E_2023.txt,ITF Futures,False,W09E:2023/8175/ms020,sackmann,True,False,False,False,False,False,False,False,False,False,False,False,False,False,2,"Result, no statistics",,Adam Walton
W09E,2023,en/scores/match-stats/archive/2023/5018/ms005,5018,5018,Burnie,CH,2023-01-30,QF,Quarter-Finals,L,PG94,Marc,Polmans,AUS,303,3-6 3-6,,False,True,W09E_2023.txt,Challenger qualifying,False,W09E:2023/5018/ms005,"live_tennis_api,sackmann,tml",True,True,False,False,True,False,False,False,True,True,False,False,False,False,3,Result + serve/return totals,,Adam Walton
W09E,2023,en/scores/match-stats/archive/2023/5018/ms011,5018,5018,Burnie,CH,2023-01-30,R16,Round of 16,W,SL92,Shuichi,Sekiguchi,JPN,556,6-3 6-2,,False,True,W09E_2023.txt,Challenger main draw,False,W09E:2023/5018/ms011,"live_tennis_api,sackmann,tml",True,True,False,False,True,False,False,False,True,True,False,False,False,False,3,Result + serve/return totals,,Adam Walton
W09E,2023,en/scores/match-stats/archive/2023/5018/ms022,5018,5018,Burnie,CH,2023-01-30,R32,Round of 32,W,M0B2,Yuki,Mochizuki,JPN,541,7-5 6-1,,False,True,W09E_2023.txt,Challenger main draw,False,W09E:2023/5018/ms022,"live_tennis_api,sackmann,tml",True,True,False,False,True,False,False,False,True,True,False,False,False,False,3,Result + serve/return totals,,Adam Walton
W09E,2023,en/scores/match-stats/archive/2023/580/qs058,580,580,Australian Open,GS,2023-01-16,Q2,2nd Round Qualifying,L,G967,Peter,Gojowczyk,GER,232,6-2 2-6 4-6,,False,True,W09E_2023.txt,Tour qualifying,False,W09E:2023/580/qs058,"live_tennis_api,sackmann,tml",True,True,False,False,True,False,False,False,True,True,False,False,False,False,3,Result + serve/return totals,,Adam Walton
W09E,2023,en/scores/match-stats/archive/2023/580/qs116,580,580,Australian Open,GS,2023-01-16,Q1,1st Round Qualifying,W,A596,Pablo,Andujar,ESP,121,6-1 6-2,,False,True,W09E_2023.txt,Tour qualifying,False,W09E:2023/580/qs116,"sackmann,tml",True,True,False,False,False,False,False,False,True,True,False,False,False,False,3,Result + serve/return totals,,Adam Walton
W09E,2023,en/scores/match-stats/archive/2023/7393/qs024,7393,7393,Canberra,CH,2023-01-02,Q1,1st Round Qualifying,L,CG94,Enzo,Couacaud,FRA,174,6-3 1-6 2-6,,False,True,W09E_2023.txt,Challenger qualifying,False,W09E:2023/7393/qs024,"live_tennis_api,sackmann",True,False,False,False,True,False,False,False,True,False,False,False,False,False,3,Result + serve/return totals,,Adam Walton
CH12,2012,en/scores/match-stats/archive/2012/2140/ms019,2140,2140,Germany F16,FU,2012-08-27,R32,Round of 32,L,V635,Francois-Arthur,Vibert,FRA,647,4-6 3-6,,False,False,CH12_2012.txt,ITF Futures,False,CH12:2012/2140/ms019,sackmann,True,False,False,False,False,False,False,False,False,False,False,False,False,False,2,"Result, no statistics",,Jan Choinski
CH12,2012,en/scores/match-stats/archive/2012/488/ms017,488,488,Germany F9,FU,2012-07-09,R32,Round of 32,W,U113,Laslo,Urrutia Fuentes,CHI,821,4-6 6-0 7-6(5),,False,False,CH12_2012.txt,ITF Futures,False,CH12:2012/488/ms017,sackmann,True,False,False,False,False,False,False,False,False,False,False,False,False,False,2,"Result, no statistics",,Jan Choinski
CH12,2012,en/scores/match-stats/archive/2012/488/ms008,488,488,Germany F9,FU,2012-07-09,R16,Round of 16,L,BA79,Andre,Begemann,GER,378,6-3 4-6 0-6,,False,False,CH12_2012.txt,ITF Futures,False,CH12:2012/488/ms008,sackmann,True,False,False,False,False,False,False,False,False,False,False,False,False,False,2,"Result, no statistics",,Jan Choinski
CH12,2013,en/scores/match-stats/archive/2013/6666/ms022,6666,6666,Germany F20,FU,2013-10-21,R32,Round of 32,L,DA91,Michel,Dornbusch,GER,0,6-1 3-6 3-6,,False,False,CH12_2013.txt,ITF Futures,False,CH12:2013/6666/ms022,sackmann,True,False,False,False,False,False,False,False,False,False,False,False,False,False,2,"Result, no statistics",,Jan Choinski
CH12,2013,en/scores/match-stats/archive/2013/3673/ms028,3673,3673,Germany F18,FU,2013-10-07,R32,Round of 32,W,W534,Torsten,Wietoska,GER,639,4-6 6-0 6-4,,False,False,CH12_2013.txt,ITF Futures,False,CH12:2013/3673/ms028,sackmann,True,False,False,False,False,False,False,False,False,False,False,False,False,False,2,"Result, no statistics",,Jan Choinski
CH12,2013,en/scores/match-stats/archive/2013/3673/ms014,3673,3673,Germany F18,FU,2013-10-07,R16,Round of 16,L,MN20,Daniel,Masur,GER,1212,6-2 4-6 1-6,,False,False,CH12_2013.txt,ITF Futures,False,CH12:2013/3673/ms014,sackmann,True,False,False,False,False,False,False,False,False,False,False,False,False,False,2,"Result, no statistics",,Jan Choinski
CH12,2013,en/scores/match-stats/archive/2013/205/ms021,205,205,Germany F10,FU,2013-07-15,R32,Round of 32,L,Z198,Caio,Zampieri,BRA,732,3-6 4-6,,False,False,CH12_2013.txt,ITF Futures,False,CH12:2013/205/ms021,sackmann,True,False,False,False,False,False,False,False,False,False,False,False,False,False,2,"Result, no statistics",,Jan Choinski
CH12,2013,en/scores/match-stats/archive/2013/551/ms030,551,551,Germany F8,FU,2013-07-01,R32,Round of 32,L,Y171,Denis,Yevseyev,KAZ,583,6-7(4) 1-6,,False,False,CH12_2013.txt,ITF Futures,False,CH12:2013/551/ms030,sackmann,True,False,False,False,False,False,False,False,False,False,False,False,False,False,2,"Result, no statistics",,Jan Choinski
CH12,2013,en/scores/match-stats/archive/2013/572/ms029,572,572,Germany F7,FU,2013-06-24,R32,Round of 32,W,MQ41,Luca,Marquard,GER,0,6-3 3-6 7-6(5),,False,False,CH12_2013.txt,ITF Futures,False,CH12:2013/572/ms029,sackmann,True,False,False,False,False,False,False,False,False,False,False,False,False,False,2,"Result, no statistics",,Jan Choinski
CH12,2013,en/scores/match-stats/archive/2013/572/ms014,572,572,Germany F7,FU,2013-06-24,R16,Round of 16,L,F980,Lukas,Finzelberg,GER,0,1-6 1-6,,False,False,CH12_2013.txt,ITF Futures,False,CH12:2013/572/ms014,sackmann,True,False,False,False,False,False,False,False,False,False,False,False,False,False,2,"Result, no statistics",,Jan Choinski
CH12,2014,en/scores/match-stats/archive/2014/6677/ms000,6677,6677,Turkey F42,FU,2014-11-24,R32,Round of 32,L,V600,Tucker,Vorster,RSA,444,1-6 1-6,,False,False,CH12_2014.txt,ITF Futures,False,CH12:2014/6677/ms000,sackmann,True,False,False,False,False,False,False,False,False,False,False,False,False,False,2,"Result, no statistics",,Jan Choinski
CH12,2014,en/scores/match-stats/archive/2014/6676/ms021,6676,6676,Turkey F41,FU,2014-11-17,R32,Round of 32,W,GJ37,Tallon,Griekspoor,NED,1339,6-3 6-4,,False,False,CH12_2014.txt,ITF Futures,False,CH12:2014/6676/ms021,sackmann,True,False,False,False,False,False,False,False,False,False,False,False,False,False,2,"Result, no statistics",,Jan Choinski
CH12,2014,en/scores/match-stats/archive/2014/6676/ms010,6676,6676,Turkey F41,FU,2014-11-17,R16,Round of 16,W,V600,Tucker,Vorster,RSA,445,6-4 7-6(7) 6-3,,False,False,CH12_2014.txt,ITF Futures,False,CH12:2014/6676/ms010,sackmann,True,False,False,False,False,False,False,False,False,False,False,False,False,False,2,"Result, no statistics",,Jan Choinski
CH12,2014,en/scores/match-stats/archive/2014/6676/ms005,6676,6676,Turkey F41,FU,2014-11-17,QF,Quarter-Finals,W,CH05,Altug,Celikbilek,TUR,1357,6-2 1-6 6-4,,False,False,CH12_2014.txt,ITF Futures,False,CH12:2014/6676/ms005,sackmann,True,False,False,False,False,False,False,False,False,False,False,False,False,False,2,"Result, no statistics",,Jan Choinski
CH12,2014,en/scores/match-stats/archive/2014/6676/ms002,6676,6676,Turkey F41,FU,2014-11-17,SF,Semi-Finals,L,RB00,Ricardo,Rodriguez - Pace,VEN,315,6-7(5) 6-7(4),,False,False,CH12_2014.txt,ITF Futures,False,CH12:2014/6676/ms002,sackmann,True,False,False,False,False,False,False,False,False,False,False,False,False,False,2,"Result, no statistics",,Jan Choinski
CH12,2014,en/scores/match-stats/archive/2014/6668/ms025,6668,6668,Turkey F40,FU,2014-11-10,R32,Round of 32,L,MM56,Denys,Mylokostov,UKR,1308,4-6 6-1 3-6,,False,False,CH12_2014.txt,ITF Futures,False,CH12:2014/6668/ms025,sackmann,True,False,False,False,False,False,False,False,False,False,False,False,False,False,2,"Result, no statistics",,Jan Choinski
CH12,2014,en/scores/match-stats/archive/2014/2140/ms022,2140,2140,Germany F16,FU,2014-10-13,R32,Round of 32,L,W655,Matthias,Wunner,GER,671,4-6 2-6,,False,False,CH12_2014.txt,ITF Futures,False,CH12:2014/2140/ms022,sackmann,True,False,False,False,False,False,False,False,False,False,False,False,False,False,2,"Result, no statistics",,Jan Choinski
CH12,2014,en/scores/match-stats/archive/2014/2139/ms018,2139,2139,Germany F15,FU,2014-10-06,R32,Round of 32,W,N824,Pavel,Nejedly,CZE,1068,7-5 6-2,,False,False,CH12_2014.txt,ITF Futures,False,CH12:2014/2139/ms018,sackmann,True,False,False,False,False,False,False,False,False,False,False,False,False,False,2,"Result, no statistics",,Jan Choinski
CH12,2014,en/scores/match-stats/archive/2014/2139/ms009,2139,2139,Germany F15,FU,2014-10-06,R16,Round of 16,L,KC51,Peter,Kobelt,USA,592,6-4 2-6 6-7(6),,False,False,CH12_2014.txt,ITF Futures,False,CH12:2014/2139/ms009,sackmann,True,False,False,False,False,False,False,False,False,False,False,False,False,False,2,"Result, no statistics",,Jan Choinski
CH12,2014,en/scores/match-stats/archive/2014/2136/ms029,2136,2136,Germany F14,FU,2014-09-29,R32,Round of 32,W,HB04,Christian,Hirschmueller,GER,1313,6-3 6-3,,False,False,CH12_2014.txt,ITF Futures,False,CH12:2014/2136/ms029,sackmann,True,False,False,False,False,False,False,False,False,False,False,False,False,False,2,"Result, no statistics",,Jan Choinski
CH12,2014,en/scores/match-stats/archive/2014/2136/ms014,2136,2136,Germany F14,FU,2014-09-29,R16,Round of 16,L,F762,Florian,Fallert,GER,577,5-7 4-6,,False,False,CH12_2014.txt,ITF Futures,False,CH12:2014/2136/ms014,sackmann,True,False,False,False,False,False,False,False,False,False,False,False,False,False,2,"Result, no statistics",,Jan Choinski
CH12,2014,en/scores/match-stats/archive/2014/4085/ms016,4085,4085,France F20,FU,2014-09-22,R32,Round of 32,L,N670,Hugo,Nys,MON,428,3-6 7-6(5) 5-7,,False,False,CH12_2014.txt,ITF Futures,False,CH12:2014/4085/ms016,sackmann,True,False,False,False,False,False,False,False,False,False,False,False,False,False,2,"Result, no statistics",,Jan Choinski
CH12,2014,en/scores/match-stats/archive/2014/7111/ms026,7111,7111,Belgium F12,FU,2014-08-18,R32,Round of 32,W,TG55,Lucas,Trentin,BEL,0,6-1 6-2,,False,False,CH12_2014.txt,ITF Futures,False,CH12:2014/7111/ms026,sackmann,True,False,False,False,False,False,False,False,False,False,False,False,False,False,2,"Result, no statistics",,Jan Choinski
CH12,2014,en/scores/match-stats/archive/2014/7111/ms013,7111,7111,Belgium F12,FU,2014-08-18,R16,Round of 16,W,PF36,David,Perez Sanz,ESP,362,6-4 6-2,,False,False,CH12_2014.txt,ITF Futures,False,CH12:2014/7111/ms013,sackmann,True,False,False,False,False,False,False,False,False,False,False,False,False,False,2,"Result, no statistics",,Jan Choinski
CH12,2014,en/scores/match-stats/archive/2014/7111/ms006,7111,7111,Belgium F12,FU,2014-08-18,QF,Quarter-Finals,W,GC98,Juan Matias,Gonzalez Carrasco,CHI,1109,7-6(5) 7-6(2),,False,False,CH12_2014.txt,ITF Futures,False,CH12:2014/7111/ms006,sackmann,True,False,False,False,False,False,False,False,False,False,False,False,False,False,2,"Result, no statistics",,Jan Choinski
CH12,2014,en/scores/match-stats/archive/2014/7111/ms003,7111,7111,Belgium F12,FU,2014-08-18,SF,Semi-Finals,W,SS61,Omar,Salman,BEL,1348,7-6(4) 6-1,,False,False,CH12_2014.txt,ITF Futures,False,CH12:2014/7111/ms003,sackmann,True,False,False,False,False,False,False,False,False,False,False,False,False,False,2,"Result, no statistics",,Jan Choinski
CH12,2014,en/scores/match-stats/archive/2014/7111/ms001,7111,7111,Belgium F12,FU,2014-08-18,F,Finals,W,CG32,Julien,Cagnina,BEL,396,3-6 6-4 7-6(3),,False,False,CH12_2014.txt,ITF Futures,False,CH12:2014/7111/ms001,sackmann,True,False,False,False,False,False,False,False,False,False,False,False,False,False,2,"Result, no statistics",,Jan Choinski
CH12,2014,en/scores/match-stats/archive/2014/232/ms026,232,232,Germany F12,FU,2014-08-11,R32,Round of 32,W,GC03,Teri,Groll,FRA,1155,6-4 6-1,,False,False,CH12_2014.txt,ITF Futures,False,CH12:2014/232/ms026,sackmann,True,False,False,False,False,False,False,False,False,False,False,False,False,False,2,"Result, no statistics",,Jan Choinski
CH12,2014,en/scores/match-stats/archive/2014/232/ms013,232,232,Germany F12,FU,2014-08-11,R16,Round of 16,W,W725,Paul,Woerner,GER,1718,6-3 5-7 6-3,,False,False,CH12_2014.txt,ITF Futures,False,CH12:2014/232/ms013,sackmann,True,False,False,False,False,False,False,False,False,False,False,False,False,False,2,"Result, no statistics",,Jan Choinski
CH12,2014,en/scores/match-stats/archive/2014/232/ms006,232,232,Germany F12,FU,2014-08-11,QF,Quarter-Finals,W,LA01,Marko,Lenz,GER,1751,4-6 6-1 7-5,,False,False,CH12_2014.txt,ITF Futures,False,CH12:2014/232/ms006,sackmann,True,False,False,False,False,False,False,False,False,False,False,False,False,False,2,"Result, no statistics",,Jan Choinski
CH12,2014,en/scores/match-stats/archive/2014/232/ms003,232,232,Germany F12,FU,2014-08-11,SF,Semi-Finals,W,HB31,Johannes,Haerteis,GER,1140,7-6(5) 6-0,,False,False,CH12_2014.txt,ITF Futures,False,CH12:2014/232/ms003,sackmann,True,False,False,False,False,False,False,False,False,False,False,False,False,False,2,"Result, no statistics",,Jan Choinski
CH12,2014,en/scores/match-stats/archive/2014/232/ms001,232,232,Germany F12,FU,2014-08-11,F,Finals,L,H997,Yannick,Hanfmann,GER,0,5-7 1-6,,False,False,CH12_2014.txt,ITF Futures,False,CH12:2014/232/ms001,sackmann,True,False,False,False,False,False,False,False,False,False,False,False,False,False,2,"Result, no statistics",,Jan Choinski
CH12,2014,en/scores/match-stats/archive/2014/205/ms025,205,205,Germany F10,FU,2014-07-28,R32,Round of 32,W,PB97,Andrei,Plotniy,RUS,788,6-1 6-2,,False,False,CH12_2014.txt,ITF Futures,False,CH12:2014/205/ms025,sackmann,True,False,False,False,False,False,False,False,False,False,False,False,False,False,2,"Result, no statistics",,Jan Choinski
CH12,2014,en/scores/match-stats/archive/2014/205/ms012,205,205,Germany F10,FU,2014-07-28,R16,Round of 16,W,TB79,Maxime,Tchoutakian,FRA,675,7-5 6-4,,False,False,CH12_2014.txt,ITF Futures,False,CH12:2014/205/ms012,sackmann,True,False,False,False,False,False,False,False,False,False,False,False,False,False,2,"Result, no statistics",,Jan Choinski
CH12,2014,en/scores/match-stats/archive/2014/205/ms006,205,205,Germany F10,FU,2014-07-28,QF,Quarter-Finals,L,K760,Evgeny,Korolev,KAZ,803,3-6 5-7,,False,False,CH12_2014.txt,ITF Futures,False,CH12:2014/205/ms006,sackmann,True,False,False,False,False,False,False,False,False,False,False,False,False,False,2,"Result, no statistics",,Jan Choinski
CH12,2014,en/scores/match-stats/archive/2014/488/ms022,488,488,Germany F9,FU,2014-07-21,R32,Round of 32,L,MM51,Kim,Moellers,GER,2172,6-3 4-6 1-3,RET,False,False,CH12_2014.txt,ITF Futures,False,CH12:2014/488/ms022,sackmann,True,False,False,False,False,False,False,False,False,False,False,False,False,False,2,"Result, no statistics",,Jan Choinski
CH12,2014,en/scores/match-stats/archive/2014/551/ms031,551,551,Germany F8,FU,2014-07-14,R32,Round of 32,L,T911,Peter,Torebko,GER,388,2-6 1-6,,False,False,CH12_2014.txt,ITF Futures,False,CH12:2014/551/ms031,sackmann,True,False,False,False,False,False,False,False,False,False,False,False,False,False,2,"Result, no statistics",,Jan Choinski
CH12,2014,en/scores/match-stats/archive/2014/321/qs026,321,321,Stuttgart,250,2014-07-07,Q1,1st Round Qualifying,W,E243,David,Estruch,ESP,1057,6-3 6-3,,False,True,CH12_2014.txt,Tour qualifying,False,CH12:2014/321/qs026,"sackmann,tml",True,True,False,False,False,False,False,False,True,True,False,False,False,False,3,Result + serve/return totals,,Jan Choinski
CH12,2014,en/scores/match-stats/archive/2014/321/qs013,321,321,Stuttgart,250,2014-07-07,Q2,2nd Round Qualifying,L,MG54,Yann,Marti,SUI,232,2-6 7-6(4) 2-6,,False,True,CH12_2014.txt,Tour qualifying,False,CH12:2014/321/qs013,"sackmann,tml",True,True,False,False,False,False,False,False,True,True,False,False,False,False,3,Result + serve/return totals,,Jan Choinski
CH12,2015,en/scores/match-stats/archive/2015/7432/ms013,7432,7432,Norway F3,FU,2015-11-02,R16,Round of 16,L,MM78,Jonathan,Mridha,SWE,882,6-7(2) 4-6,,False,False,CH12_2015.txt,ITF Futures,False,CH12:2015/7432/ms013,sackmann,True,False,False,False,False,False,False,False,False,False,False,False,False,False,2,"Result, no statistics",,Jan Choinski
CH12,2015,en/scores/match-stats/archive/2015/7432/ms027,7432,7432,Norway F3,FU,2015-11-02,R32,Round of 32,W,F696,Adrian,Forberg Skogeng,NOR,2075,6-2 6-2,,False,False,CH12_2015.txt,ITF Futures,False,CH12:2015/7432/ms027,sackmann,True,False,False,False,False,False,False,False,False,False,False,False,False,False,2,"Result, no statistics",,Jan Choinski
CH12,2015,en/scores/match-stats/archive/2015/7188/ms003,7188,7188,Norway F2,FU,2015-10-26,SF,Semi-Finals,L,DC76,Viktor,Durasovic,NOR,491,1-6 5-7,,False,False,CH12_2015.txt,ITF Futures,False,CH12:2015/7188/ms003,sackmann,True,False,False,False,False,False,False,False,False,False,False,False,False,False,2,"Result, no statistics",,Jan Choinski
CH12,2015,en/scores/match-stats/archive/2015/7188/ms006,7188,7188,Norway F2,FU,2015-10-26,QF,Quarter-Finals,W,PL54,Bjoern,Petersen,GER,1461,4-6 6-4 6-2,,False,False,CH12_2015.txt,ITF Futures,False,CH12:2015/7188/ms006,sackmann,True,False,False,False,False,False,False,False,False,False,False,False,False,False,2,"Result, no statistics",,Jan Choinski
CH12,2015,en/scores/match-stats/archive/2015/7188/ms013,7188,7188,Norway F2,FU,2015-10-26,R16,Round of 16,W,SU61,Jonathan,Stenberg,SWE,2145,6-1 6-2,,False,False,CH12_2015.txt,ITF Futures,False,CH12:2015/7188/ms013,sackmann,True,False,False,False,False,False,False,False,False,False,False,False,False,False,2,"Result, no statistics",,Jan Choinski
CH12,2015,en/scores/match-stats/archive/2015/7188/ms027,7188,7188,Norway F2,FU,2015-10-26,R32,Round of 32,W,GJ37,Tallon,Griekspoor,NED,664,5-7 6-1 2-0,RET,False,False,CH12_2015.txt,ITF Futures,False,CH12:2015/7188/ms027,sackmann,True,False,False,False,False,False,False,False,False,False,False,False,False,False,2,"Result, no statistics",,Jan Choinski
CH12,2015,en/scores/match-stats/archive/2015/7164/ms006,7164,7164,Norway F1,FU,2015-10-19,QF,Quarter-Finals,L,AD41,Daniel,Appelgren,SWE,1132,6-7(9) 3-6,,False,False,CH12_2015.txt,ITF Futures,False,CH12:2015/7164/ms006,sackmann,True,False,False,False,False,False,False,False,False,False,False,False,False,False,2,"Result, no statistics",,Jan Choinski
CH12,2015,en/scores/match-stats/archive/2015/7164/ms013,7164,7164,Norway F1,FU,2015-10-19,R16,Round of 16,W,SL51,Matej,Sabanov,SRB,938,7-5 6-3,,False,False,CH12_2015.txt,ITF Futures,False,CH12:2015/7164/ms013,sackmann,True,False,False,False,False,False,False,False,False,False,False,False,False,False,2,"Result, no statistics",,Jan Choinski
CH12,2015,en/scores/match-stats/archive/2015/7164/ms027,7164,7164,Norway F1,FU,2015-10-19,R32,Round of 32,W,W642,Bartosz,Wojnar,POL,1278,6-1 6-4,,False,False,CH12_2015.txt,ITF Futures,False,CH12:2015/7164/ms027,sackmann,True,False,False,False,False,False,False,False,False,False,False,False,False,False,2,"Result, no statistics",,Jan Choinski
CH12,2015,en/scores/match-stats/archive/2015/2139/ms001,2139,2139,Germany F15,FU,2015-10-05,F,Finals,L,MJ71,Mats,Moraing,GER,680,4-6 6-3 2-6,,False,False,CH12_2015.txt,ITF Futures,False,CH12:2015/2139/ms001,sackmann,True,False,False,False,False,False,False,False,False,False,False,False,False,False,2,"Result, no statistics",,Jan Choinski
CH12,2015,en/scores/match-stats/archive/2015/2139/ms002,2139,2139,Germany F15,FU,2015-10-05,SF,Semi-Finals,W,K909,Andriej,Kapas,POL,427,6-4 6-4,,False,False,CH12_2015.txt,ITF Futures,False,CH12:2015/2139/ms002,sackmann,True,False,False,False,False,False,False,False,False,False,False,False,False,False,2,"Result, no statistics",,Jan Choinski
CH12,2015,en/scores/match-stats/archive/2015/2139/ms005,2139,2139,Germany F15,FU,2015-10-05,QF,Quarter-Finals,W,GC03,Teri,Groll,FRA,846,6-4 6-4,,False,False,CH12_2015.txt,ITF Futures,False,CH12:2015/2139/ms005,sackmann,True,False,False,False,False,False,False,False,False,False,False,False,False,False,2,"Result, no statistics",,Jan Choinski
CH12,2015,en/scores/match-stats/archive/2015/2139/ms011,2139,2139,Germany F15,FU,2015-10-05,R16,Round of 16,W,HB31,Johannes,Haerteis,GER,759,6-7(4) 6-1 6-2,,False,False,CH12_2015.txt,ITF Futures,False,CH12:2015/2139/ms011,sackmann,True,False,False,False,False,False,False,False,False,False,False,False,False,False,2,"Result, no statistics",,Jan Choinski
CH12,2015,en/scores/match-stats/archive/2015/2139/ms023,2139,2139,Germany F15,FU,2015-10-05,R32,Round of 32,W,SU13,Tim,Sandkaulen,GER,0,6-3 6-2,,False,False,CH12_2015.txt,ITF Futures,False,CH12:2015/2139/ms023,sackmann,True,False,False,False,False,False,False,False,False,False,False,False,False,False,2,"Result, no statistics",,Jan Choinski
CH12,2015,en/scores/match-stats/archive/2015/4085/ms001,4085,4085,France F20,FU,2015-09-28,F,Finals,W,HH26,Ugo,Humbert,FRA,0,6-3 7-6(2),,False,False,CH12_2015.txt,ITF Futures,False,CH12:2015/4085/ms001,sackmann,True,False,False,False,False,False,False,False,False,False,False,False,False,False,2,"Result, no statistics",,Jan Choinski
CH12,2015,en/scores/match-stats/archive/2015/4085/ms003,4085,4085,France F20,FU,2015-09-28,SF,Semi-Finals,W,GF95,Hugo,Grenier,FRA,704,6-2 6-3,,False,False,CH12_2015.txt,ITF Futures,False,CH12:2015/4085/ms003,sackmann,True,False,False,False,False,False,False,False,False,False,False,False,False,False,2,"Result, no statistics",,Jan Choinski
CH12,2015,en/scores/match-stats/archive/2015/4085/ms006,4085,4085,France F20,FU,2015-09-28,QF,Quarter-Finals,W,CN78,Lucas,Catarina,MON,1062,6-2 6-0,,False,False,CH12_2015.txt,ITF Futures,False,CH12:2015/4085/ms006,sackmann,True,False,False,False,False,False,False,False,False,False,False,False,False,False,2,"Result, no statistics",,Jan Choinski
CH12,2015,en/scores/match-stats/archive/2015/4085/ms013,4085,4085,France F20,FU,2015-09-28,R16,Round of 16,W,WA94,Till,Wegner,GER,0,6-4 6-2,,False,False,CH12_2015.txt,ITF Futures,False,CH12:2015/4085/ms013,sackmann,True,False,False,False,False,False,False,False,False,False,False,False,False,False,2,"Result, no statistics",,Jan Choinski
CH12,2015,en/scores/match-stats/archive/2015/4085/ms027,4085,4085,France F20,FU,2015-09-28,R32,Round of 32,W,LC13,Thomas,Le Boulch,FRA,1173,3-6 6-4 7-5,,False,False,CH12_2015.txt,ITF Futures,False,CH12:2015/4085/ms027,sackmann,True,False,False,False,False,False,False,False,False,False,False,False,False,False,2,"Result, no statistics",,Jan Choinski
CH12,2015,en/scores/match-stats/archive/2015/813/ms002,813,813,France F19,FU,2015-09-21,SF,Semi-Finals,L,A789,Maxime,Authom,BEL,174,6-2 4-6 4-6,,False,False,CH12_2015.txt,ITF Futures,False,CH12:2015/813/ms002,sackmann,True,False,False,False,False,False,False,False,False,False,False,False,False,False,2,"Result, no statistics",,Jan Choinski
CH12,2015,en/scores/match-stats/archive/2015/813/ms005,813,813,France F19,FU,2015-09-21,QF,Quarter-Finals,W,V886,Pablo,Vivero Gonzalez,ESP,346,6-3 7-6(4),,False,False,CH12_2015.txt,ITF Futures,False,CH12:2015/813/ms005,sackmann,True,False,False,False,False,False,False,False,False,False,False,False,False,False,2,"Result, no statistics",,Jan Choinski
CH12,2015,en/scores/match-stats/archive/2015/813/ms011,813,813,France F19,FU,2015-09-21,R16,Round of 16,W,AC55,Sander,Arends,NED,1167,6-0 6-3,,False,False,CH12_2015.txt,ITF Futures,False,CH12:2015/813/ms011,sackmann,True,False,False,False,False,False,False,False,False,False,False,False,False,False,2,"Result, no statistics",,Jan Choinski
CH12,2015,en/scores/match-stats/archive/2015/813/ms023,813,813,France F19,FU,2015-09-21,R32,Round of 32,W,RH54,Rayane,Roumane,ALG,1006,3-6 6-1 6-0,,False,False,CH12_2015.txt,ITF Futures,False,CH12:2015/813/ms023,sackmann,True,False,False,False,False,False,False,False,False,False,False,False,False,False,2,"Result, no statistics",,Jan Choinski
CH12,2015,en/scores/match-stats/archive/2015/812/ms012,812,812,France F18,FU,2015-09-14,R16,Round of 16,L,H997,Yannick,Hanfmann,GER,725,4-6 6-2 3-6,,False,False,CH12_2015.txt,ITF Futures,False,CH12:2015/812/ms012,sackmann,True,False,False,False,False,False,False,False,False,False,False,False,False,False,2,"Result, no statistics",,Jan Choinski
CH12,2015,en/scores/match-stats/archive/2015/812/ms024,812,812,France F18,FU,2015-09-14,R32,Round of 32,W,PL93,Nino,Portales,FRA,1343,6-3 6-3,,False,False,CH12_2015.txt,ITF Futures,False,CH12:2015/812/ms024,sackmann,True,False,False,False,False,False,False,False,False,False,False,False,False,False,2,"Result, no statistics",,Jan Choinski
CH12,2015,en/scores/match-stats/archive/2015/6201/ms004,6201,6201,Netherlands F6,FU,2015-08-24,QF,Quarter-Finals,L,MH16,Yannick,Maden,GER,599,3-6 2-6,,False,False,CH12_2015.txt,ITF Futures,False,CH12:2015/6201/ms004,sackmann,True,False,False,False,False,False,False,False,False,False,False,False,False,False,2,"Result, no statistics",,Jan Choinski
CH12,2015,en/scores/match-stats/archive/2015/6201/ms008,6201,6201,Netherlands F6,FU,2015-08-24,R16,Round of 16,W,CD00,Maxime,Chazal,FRA,268,2-2,RET,False,False,CH12_2015.txt,ITF Futures,False,CH12:2015/6201/ms008,sackmann,True,False,False,False,False,False,False,False,False,False,False,False,False,False,2,"Result, no statistics",,Jan Choinski
CH12,2015,en/scores/match-stats/archive/2015/6201/ms017,6201,6201,Netherlands F6,FU,2015-08-24,R32,Round of 32,W,V750,Colin,Van Beem,NED,1202,6-0 6-2,,False,False,CH12_2015.txt,ITF Futures,False,CH12:2015/6201/ms017,sackmann,True,False,False,False,False,False,False,False,False,False,False,False,False,False,2,"Result, no statistics",,Jan Choinski
CH12,2015,en/scores/match-stats/archive/2015/1698/ms028,1698,1698,Netherlands F5,FU,2015-08-17,R32,Round of 32,L,H997,Yannick,Hanfmann,GER,739,2-6 1-6,,False,False,CH12_2015.txt,ITF Futures,False,CH12:2015/1698/ms028,sackmann,True,False,False,False,False,False,False,False,False,False,False,False,False,False,2,"Result, no statistics",,Jan Choinski
CH12,2015,en/scores/match-stats/archive/2015/6876/ms006,6876,6876,Belgium F10,FU,2015-08-10,QF,Quarter-Finals,L,BL05,Romain,Barbosa,BEL,566,2-6 6-7(1),,False,False,CH12_2015.txt,ITF Futures,False,CH12:2015/6876/ms006,sackmann,True,False,False,False,False,False,False,False,False,False,False,False,False,False,2,"Result, no statistics",,Jan Choinski
CH12,2015,en/scores/match-stats/archive/2015/6876/ms013,6876,6876,Belgium F10,FU,2015-08-10,R16,Round of 16,W,O482,Gonzalo,Oliveira,VEN,961,2-6 6-2 6-2,,False,False,CH12_2015.txt,ITF Futures,False,CH12:2015/6876/ms013,sackmann,True,False,False,False,False,False,False,False,False,False,False,False,False,False,2,"Result, no statistics",,Jan Choinski
CH12,2015,en/scores/match-stats/archive/2015/6876/ms027,6876,6876,Belgium F10,FU,2015-08-10,R32,Round of 32,W,BP62,Dennis,Bogaert,BEL,0,6-3 7-6(5),,False,False,CH12_2015.txt,ITF Futures,False,CH12:2015/6876/ms027,sackmann,True,False,False,False,False,False,False,False,False,False,False,False,False,False,2,"Result, no statistics",,Jan Choinski
CH12,2015,en/scores/match-stats/archive/2015/205/ms001,205,205,Germany F10,FU,2015-08-03,F,Finals,L,DA31,Hugo,Dellien,BOL,278,3-6 3-6,,False,False,CH12_2015.txt,ITF Futures,False,CH12:2015/205/ms001,sackmann,True,False,False,False,False,False,False,False,False,False,False,False,False,False,2,"Result, no statistics",,Jan Choinski
CH12,2015,en/scores/match-stats/archive/2015/205/ms003,205,205,Germany F10,FU,2015-08-03,SF,Semi-Finals,W,L996,Juan,Lizariturry,ESP,611,4-6 6-4 6-0,,False,False,CH12_2015.txt,ITF Futures,False,CH12:2015/205/ms003,sackmann,True,False,False,False,False,False,False,False,False,False,False,False,False,False,2,"Result, no statistics",,Jan Choinski
CH12,2015,en/scores/match-stats/archive/2015/205/ms006,205,205,Germany F10,FU,2015-08-03,QF,Quarter-Finals,W,A725,Vadim,Alekseenko,UKR,684,6-3 6-1,,False,False,CH12_2015.txt,ITF Futures,False,CH12:2015/205/ms006,sackmann,True,False,False,False,False,False,False,False,False,False,False,False,False,False,2,"Result, no statistics",,Jan Choinski
CH12,2015,en/scores/match-stats/archive/2015/205/ms012,205,205,Germany F10,FU,2015-08-03,R16,Round of 16,W,O484,Adrian,Obert,GER,1053,6-3 6-2,,False,False,CH12_2015.txt,ITF Futures,False,CH12:2015/205/ms012,sackmann,True,False,False,False,False,False,False,False,False,False,False,False,False,False,2,"Result, no statistics",,Jan Choinski
CH12,2015,en/scores/match-stats/archive/2015/205/ms024,205,205,Germany F10,FU,2015-08-03,R32,Round of 32,W,WB25,Louis,Wessels,GER,0,7-6(5) 6-3,,False,False,CH12_2015.txt,ITF Futures,False,CH12:2015/205/ms024,sackmann,True,False,False,False,False,False,False,False,False,False,False,False,False,False,2,"Result, no statistics",,Jan Choinski
CH12,2015,en/scores/match-stats/archive/2015/488/ms013,488,488,Germany F9,FU,2015-07-27,R16,Round of 16,L,V691,George,Von Massow,GER,1285,3-6 5-7,,False,False,CH12_2015.txt,ITF Futures,False,CH12:2015/488/ms013,sackmann,True,False,False,False,False,False,False,False,False,False,False,False,False,False,2,"Result, no statistics",,Jan Choinski
CH12,2015,en/scores/match-stats/archive/2015/488/ms027,488,488,Germany F9,FU,2015-07-27,R32,Round of 32,W,DB61,Pavle,Daljev,SRB,0,6-2 6-1,,False,False,CH12_2015.txt,ITF Futures,False,CH12:2015/488/ms027,sackmann,True,False,False,False,False,False,False,False,False,False,False,False,False,False,2,"Result, no statistics",,Jan Choinski
CH12,2015,en/scores/match-stats/archive/2015/551/ms001,551,551,Germany F8,FU,2015-07-20,F,Finals,L,N663,Maximilian,Neuchrist,AUT,441,7-6(5) 4-6 3-6,,False,False,CH12_2015.txt,ITF Futures,False,CH12:2015/551/ms001,sackmann,True,False,False,False,False,False,False,False,False,False,False,False,False,False,2,"Result, no statistics",,Jan Choinski
CH12,2015,en/scores/match-stats/archive/2015/551/ms002,551,551,Germany F8,FU,2015-07-20,SF,Semi-Finals,W,F591,Matteo,Fago,ITA,906,6-2 6-1,,False,False,CH12_2015.txt,ITF Futures,False,CH12:2015/551/ms002,sackmann,True,False,False,False,False,False,False,False,False,False,False,False,False,False,2,"Result, no statistics",,Jan Choinski
CH12,2015,en/scores/match-stats/archive/2015/551/ms004,551,551,Germany F8,FU,2015-07-20,QF,Quarter-Finals,W,V691,George,Von Massow,GER,1221,6-4 6-1,,False,False,CH12_2015.txt,ITF Futures,False,CH12:2015/551/ms004,sackmann,True,False,False,False,False,False,False,False,False,False,False,False,False,False,2,"Result, no statistics",,Jan Choinski
CH12,2015,en/scores/match-stats/archive/2015/551/ms009,551,551,Germany F8,FU,2015-07-20,R16,Round of 16,W,O456,Julian,Onken,GER,1756,7-6(0) 6-2,,False,False,CH12_2015.txt,ITF Futures,False,CH12:2015/551/ms009,sackmann,True,False,False,False,False,False,False,False,False,False,False,False,False,False,2,"Result, no statistics",,Jan Choinski
CH12,2015,en/scores/match-stats/archive/2015/551/ms019,551,551,Germany F8,FU,2015-07-20,R32,Round of 32,W,PB97,Andrei,Plotniy,RUS,883,6-2 6-1,,False,False,CH12_2015.txt,ITF Futures,False,CH12:2015/551/ms019,sackmann,True,False,False,False,False,False,False,False,False,False,False,False,False,False,2,"Result, no statistics",,Jan Choinski
CH12,2015,en/scores/match-stats/archive/2015/572/ms012,572,572,Germany F7,FU,2015-07-13,R16,Round of 16,L,Z349,Anton,Zaitcev,RUS,366,6-3 3-6 2-6,,False,False,CH12_2015.txt,ITF Futures,False,CH12:2015/572/ms012,,False,False,False,False,False,False,False,False,False,False,False,False,False,False,0,Missing,rest of the event is present,Jan Choinski
CH12,2015,en/scores/match-stats/archive/2015/572/ms025,572,572,Germany F7,FU,2015-07-13,R32,Round of 32,W,PL54,Bjoern,Petersen,GER,1892,6-4 6-4,,False,False,CH12_2015.txt,ITF Futures,False,CH12:2015/572/ms025,sackmann,True,False,False,False,False,False,False,False,False,False,False,False,False,False,2,"Result, no statistics",,Jan Choinski
CH12,2015,en/scores/match-stats/archive/2015/6156/ms023,6156,6156,Marburg,CH,2015-06-29,R32,Round of 32,L,CA33,Inigo,Cervantes,ESP,144,3-6 4-6,,False,True,CH12_2015.txt,Challenger main draw,False,CH12:2015/6156/ms023,"sackmann,tml",True,True,False,False,False,False,False,False,True,True,False,False,False,False,3,Result + serve/return totals,,Jan Choinski
CH12,2015,en/scores/match-stats/archive/2015/4066/ms004,4066,4066,Belgium F3,FU,2015-06-22,QF,Quarter-Finals,L,N661,Marvin,Netuschil,GER,795,4-6 4-6,,False,False,CH12_2015.txt,ITF Futures,False,CH12:2015/4066/ms004,sackmann,True,False,False,False,False,False,False,False,False,False,False,False,False,False,2,"Result, no statistics",,Jan Choinski
CH12,2015,en/scores/match-stats/archive/2015/4066/ms009,4066,4066,Belgium F3,FU,2015-06-22,R16,Round of 16,W,DH45,Nicolas,De Plaen,BEL,0,6-2 6-1,,False,False,CH12_2015.txt,ITF Futures,False,CH12:2015/4066/ms009,sackmann,True,False,False,False,False,False,False,False,False,False,False,False,False,False,2,"Result, no statistics",,Jan Choinski
CH12,2015,en/scores/match-stats/archive/2015/4066/ms019,4066,4066,Belgium F3,FU,2015-06-22,R32,Round of 32,W,MN85,Tristan,Meraut,FRA,1879,6-2 6-2,,False,False,CH12_2015.txt,ITF Futures,False,CH12:2015/4066/ms019,sackmann,True,False,False,False,False,False,False,False,False,False,False,False,False,False,2,"Result, no statistics",,Jan Choinski
CH12,2015,en/scores/match-stats/archive/2015/795/ms009,795,795,Netherlands F1,FU,2015-06-15,R16,Round of 16,L,W586,Jean-Marc,Werner,GER,675,4-6 6-2 2-6,,False,False,CH12_2015.txt,ITF Futures,False,CH12:2015/795/ms009,sackmann,True,False,False,False,False,False,False,False,False,False,False,False,False,False,2,"Result, no statistics",,Jan Choinski
CH12,2015,en/scores/match-stats/archive/2015/795/ms018,795,795,Netherlands F1,FU,2015-06-15,R32,Round of 32,W,VA27,Mick,Veldheer,NED,0,6-0 6-4,,False,False,CH12_2015.txt,ITF Futures,False,CH12:2015/795/ms018,sackmann,True,False,False,False,False,False,False,False,False,False,False,False,False,False,2,"Result, no statistics",,Jan Choinski
CH12,2015,en/scores/match-stats/archive/2015/321/qs011,321,321,Stuttgart,250,2015-06-08,Q2,2nd Round Qualifying,L,B678,Michael,Berrer,GER,141,1-6 6-7(2),,False,True,CH12_2015.txt,Tour qualifying,False,CH12:2015/321/qs011,"sackmann,tml",True,True,False,False,False,False,False,False,False,True,False,False,False,False,3,Result + serve/return totals,,Jan Choinski
CH12,2015,en/scores/match-stats/archive/2015/321/qs022,321,321,Stuttgart,250,2015-06-08,Q1,1st Round Qualifying,W,KB43,Robin,Kern,GER,680,6-0 4-0,RET,False,False,CH12_2015.txt,Tour qualifying,False,CH12:2015/321/qs022,"sackmann,tml",True,True,False,False,False,False,False,False,False,True,False,False,False,False,3,Result + serve/return totals,,Jan Choinski
CH12,2015,en/scores/match-stats/archive/2015/396/qs009,396,396,Furth,CH,2015-06-01,Q2,2nd Round Qualifying,L,E678,Jonathan,Eysseric,FRA,243,3-6 1-6,,False,True,CH12_2015.txt,Challenger qualifying,False,CH12:2015/396/qs009,,False,False,False,False,False,False,False,False,False,False,False,False,False,False,0,Missing,whole event absent,Jan Choinski
CH12,2015,en/scores/match-stats/archive/2015/396/qs018,396,396,Furth,CH,2015-06-01,Q1,1st Round Qualifying,W,PG10,Janis,Podzus,LAT,732,6-2 6-0,,False,False,CH12_2015.txt,Challenger qualifying,False,CH12:2015/396/qs018,,False,False,False,False,False,False,False,False,False,False,False,False,False,False,0,Missing,whole event absent,Jan Choinski
CH12,2015,en/scores/match-stats/archive/2015/829/ms002,829,829,Czech Republic F3,FU,2015-05-25,SF,Semi-Finals,L,SE78,Adrian,Sikora,SVK,342,3-6 6-7(3),,False,False,CH12_2015.txt,ITF Futures,False,CH12:2015/829/ms002,sackmann,True,False,False,False,False,False,False,False,False,False,False,False,False,False,2,"Result, no statistics",,Jan Choinski
CH12,2015,en/scores/match-stats/archive/2015/829/ms005,829,829,Czech Republic F3,FU,2015-05-25,QF,Quarter-Finals,W,MF78,Marek,Michalicka,CZE,298,6-3 6-4,,False,False,CH12_2015.txt,ITF Futures,False,CH12:2015/829/ms005,sackmann,True,False,False,False,False,False,False,False,False,False,False,False,False,False,2,"Result, no statistics",,Jan Choinski
CH12,2015,en/scores/match-stats/archive/2015/829/ms011,829,829,Czech Republic F3,FU,2015-05-25,R16,Round of 16,W,MI33,Petr,Michnev,CZE,954,7-6(2) 7-6(5),,False,False,CH12_2015.txt,ITF Futures,False,CH12:2015/829/ms011,sackmann,True,False,False,False,False,False,False,False,False,False,False,False,False,False,2,"Result, no statistics",,Jan Choinski
CH12,2015,en/scores/match-stats/archive/2015/829/ms023,829,829,Czech Republic F3,FU,2015-05-25,R32,Round of 32,W,HH36,Petr,Hajek,CZE,0,6-3 6-1,,False,False,CH12_2015.txt,ITF Futures,False,CH12:2015/829/ms023,sackmann,True,False,False,False,False,False,False,False,False,False,False,False,False,False,2,"Result, no statistics",,Jan Choinski
CH12,2015,en/scores/match-stats/archive/2015/805/ms007,805,805,Czech Republic F2,FU,2015-05-18,QF,Quarter-Finals,L,MF78,Marek,Michalicka,CZE,302,4-6 7-6(1) 3-6,,False,False,CH12_2015.txt,ITF Futures,False,CH12:2015/805/ms007,sackmann,True,False,False,False,False,False,False,False,False,False,False,False,False,False,2,"Result, no statistics",,Jan Choinski
CH12,2015,en/scores/match-stats/archive/2015/805/ms014,805,805,Czech Republic F2,FU,2015-05-18,R16,Round of 16,W,W715,Hannes,Wagner,GER,1507,6-1 6-2,,False,False,CH12_2015.txt,ITF Futures,False,CH12:2015/805/ms014,sackmann,True,False,False,False,False,False,False,False,False,False,False,False,False,False,2,"Result, no statistics",,Jan Choinski
CH12,2015,en/scores/match-stats/archive/2015/805/ms028,805,805,Czech Republic F2,FU,2015-05-18,R32,Round of 32,W,HH22,Milan,Habrman,SVK,1558,7-5 6-4,,False,False,CH12_2015.txt,ITF Futures,False,CH12:2015/805/ms028,sackmann,True,False,False,False,False,False,False,False,False,False,False,False,False,False,2,"Result, no statistics",,Jan Choinski
CH12,2015,en/scores/match-stats/archive/2015/460/ms018,460,460,Heilbronn,CH,2015-05-11,R32,Round of 32,L,CA99,Marius,Copil,ROU,207,6-7(6) 5-7,,False,True,CH12_2015.txt,Challenger main draw,False,CH12:2015/460/ms018,"sackmann,tml",True,True,False,False,False,False,False,False,True,True,False,False,False,False,3,Result + serve/return totals,,Jan Choinski
CH12,2015,en/scores/match-stats/archive/2015/349/ms008,349,349,Sweden F2,FU,2015-05-04,R16,Round of 16,L,DA31,Hugo,Dellien,BOL,259,6-2 2-6 4-6,,False,False,CH12_2015.txt,ITF Futures,False,CH12:2015/349/ms008,sackmann,True,False,False,False,False,False,False,False,False,False,False,False,False,False,2,"Result, no statistics",,Jan Choinski
CH12,2015,en/scores/match-stats/archive/2015/349/ms017,349,349,Sweden F2,FU,2015-05-04,R32,Round of 32,W,BH94,Tobias,Blomgren,SWE,1288,6-0,RET,False,False,CH12_2015.txt,ITF Futures,False,CH12:2015/349/ms017,sackmann,True,False,False,False,False,False,False,False,False,False,False,False,False,False,2,"Result, no statistics",,Jan Choinski
CH12,2015,en/scores/match-stats/archive/2015/308/qs025,308,308,Munich,250,2015-04-27,Q1,1st Round Qualifying,L,BC72,Daniel,Brands,GER,340,6-7(3) 3-6,,False,True,CH12_2015.txt,Tour qualifying,False,CH12:2015/308/qs025,"sackmann,tml",True,True,False,False,False,False,False,False,True,True,False,False,False,False,3,Result + serve/return totals,,Jan Choinski
CH12,2015,en/scores/match-stats/archive/2015/522/ms003,522,522,Great Britain F5,FU,2015-03-23,SF,Semi-Finals,L,CB14,Daniel,Cox,GBR,262,1-6 6-7(4),,False,False,CH12_2015.txt,ITF Futures,False,CH12:2015/522/ms003,sackmann,True,False,False,False,False,False,False,False,False,False,False,False,False,False,2,"Result, no statistics",,Jan Choinski
CH12,2015,en/scores/match-stats/archive/2015/522/ms007,522,522,Great Britain F5,FU,2015-03-23,QF,Quarter-Finals,W,F751,Tom,Farquharson,GBR,663,6-1 3-6 6-3,,False,False,CH12_2015.txt,ITF Futures,False,CH12:2015/522/ms007,sackmann,True,False,False,False,False,False,False,False,False,False,False,False,False,False,2,"Result, no statistics",,Jan Choinski
CH12,2015,en/scores/match-stats/archive/2015/522/ms014,522,522,Great Britain F5,FU,2015-03-23,R16,Round of 16,W,BK05,Luke,Bambridge,GBR,624,1-6 6-4 7-6(2),,False,False,CH12_2015.txt,ITF Futures,False,CH12:2015/522/ms014,sackmann,True,False,False,False,False,False,False,False,False,False,False,False,False,False,2,"Result, no statistics",,Jan Choinski
CH12,2015,en/scores/match-stats/archive/2015/522/ms029,522,522,Great Britain F5,FU,2015-03-23,R32,Round of 32,W,CG82,Robert,Carter,GBR,1225,1-6 6-2 6-2,,False,False,CH12_2015.txt,ITF Futures,False,CH12:2015/522/ms029,sackmann,True,False,False,False,False,False,False,False,False,False,False,False,False,False,2,"Result, no statistics",,Jan Choinski
CH12,2015,en/scores/match-stats/archive/2015/180/ms017,180,180,Great Britain F4,FU,2015-03-16,R32,Round of 32,L,AC55,Sander,Arends,NED,1141,3-6 6-4 5-7,,False,False,CH12_2015.txt,ITF Futures,False,CH12:2015/180/ms017,sackmann,True,False,False,False,False,False,False,False,False,False,False,False,False,False,2,"Result, no statistics",,Jan Choinski
CH12,2015,en/scores/match-stats/archive/2015/265/ms031,265,265,France F4,FU,2015-03-02,R32,Round of 32,L,MG08,Yannick,Mertens,BEL,262,2-6 1-6,,False,False,CH12_2015.txt,ITF Futures,False,CH12:2015/265/ms031,sackmann,True,False,False,False,False,False,False,False,False,False,False,False,False,False,2,"Result, no statistics",,Jan Choinski
CH12,2015,en/scores/match-stats/archive/2015/3625/ms000,3625,3625,Turkey F5,FU,2015-02-02,R32,Round of 32,L,RA24,Ruan,Roelofse,RSA,462,5-7 5-7,,False,False,CH12_2015.txt,ITF Futures,False,CH12:2015/3625/ms000,sackmann,True,False,False,False,False,False,False,False,False,False,False,False,False,False,2,"Result, no statistics",,Jan Choinski
CH12,2015,en/scores/match-stats/archive/2015/3477/ms000,3477,3477,Turkey F4,FU,2015-01-26,R32,Round of 32,L,MM66,Nikola,Milojevic,SRB,386,2-6 0-6,,False,False,CH12_2015.txt,ITF Futures,False,CH12:2015/3477/ms000,sackmann,True,False,False,False,False,False,False,False,False,False,False,False,False,False,2,"Result, no statistics",,Jan Choinski
CH12,2015,en/scores/match-stats/archive/2015/179/ms000,179,179,Germany F3,FU,2015-01-19,R32,Round of 32,L,I236,Uladzimir,Ignatik,BLR,220,4-6 7-6(4) 3-6,,False,False,CH12_2015.txt,ITF Futures,False,CH12:2015/179/ms000,sackmann,True,False,False,False,False,False,False,False,False,False,False,False,False,False,2,"Result, no statistics",,Jan Choinski
CH12,2015,en/scores/match-stats/archive/2015/120/ms000,120,120,Germany F2,FU,2015-01-12,R32,Round of 32,L,H844,Pirmin,Haenle,GER,724,6-4 4-6 6-7(5),,False,False,CH12_2015.txt,ITF Futures,False,CH12:2015/120/ms000,sackmann,True,False,False,False,False,False,False,False,False,False,False,False,False,False,2,"Result, no statistics",,Jan Choinski
CH12,2015,en/scores/match-stats/archive/2015/114/ms000,114,114,Germany F1,FU,2015-01-05,R16,Round of 16,L,I236,Uladzimir,Ignatik,BLR,218,6-4 4-6 4-6,,False,False,CH12_2015.txt,ITF Futures,False,CH12:2015/114/ms000,sackmann,True,False,False,False,False,False,False,False,False,False,False,False,False,False,2,"Result, no statistics",,Jan Choinski
G0BY,2017,en/scores/match-stats/archive/2017/6019/ms028,6019,6019,Estonia F2,FU,2017-10-23,R32,Round of 32,L,DB64,Marat,Deviatiarov,UKR,620,6-3 3-6 2-6,,False,False,G0BY_2017.txt,ITF Futures,False,G0BY:2017/6019/ms028,sackmann,True,False,False,False,False,False,False,False,False,False,False,False,False,False,2,"Result, no statistics",,Daniil Glinka
G0BY,2018,en/scores/match-stats/archive/2018/6019/ms022,6019,6019,Estonia F2,FU,2018-10-29,R32,Round of 32,L,SY48,Karl Kiur,Saar,EST,1230,3-6 4-6,,False,False,G0BY_2018.txt,ITF Futures,False,G0BY:2018/6019/ms022,sackmann,True,False,False,False,False,False,False,False,False,False,False,False,False,False,2,"Result, no statistics",,Daniil Glinka
G0BY,2018,en/scores/match-stats/archive/2018/6874/ms021,6874,6874,Egypt F21,FU,2018-10-01,R32,Round of 32,W,KG28,Aleksei,Khomich,BLR,1445,7-5 6-4,,False,False,G0BY_2018.txt,ITF Futures,False,G0BY:2018/6874/ms021,sackmann,True,False,False,False,False,False,False,False,False,False,False,False,False,False,2,"Result, no statistics",,Daniil Glinka
G0BY,2018,en/scores/match-stats/archive/2018/6874/ms010,6874,6874,Egypt F21,FU,2018-10-01,R16,Round of 16,L,G09C,Marek,Gengel,CZE,704,6-7(4) 4-6,,False,False,G0BY_2018.txt,ITF Futures,False,G0BY:2018/6874/ms010,sackmann,True,False,False,False,False,False,False,False,False,False,False,False,False,False,2,"Result, no statistics",,Daniil Glinka
G0BY,2018,en/scores/match-stats/archive/2018/273/ms021,273,273,Estonia F1,FU,2018-07-16,R32,Round of 32,L,KG23,Matvey,Khomentovskiy,RUS,1061,6-7(3) 2-6,,False,False,G0BY_2018.txt,ITF Futures,False,G0BY:2018/273/ms021,sackmann,True,False,False,False,False,False,False,False,False,False,False,False,False,False,2,"Result, no statistics",,Daniil Glinka
G0BY,2019,en/scores/match-stats/archive/2019/7230/ms027,7230,7230,M15 Doha,FU,2019-12-16,R32,Round of 32,L,KE05,Danylo,Kalenichenko,SVK,470,3-6 4-6,,False,False,G0BY_2019.txt,ITF Futures,False,G0BY:2019/7230/ms027,sackmann,True,False,False,False,False,False,False,False,False,False,False,False,False,False,2,"Result, no statistics",,Daniil Glinka
G0BY,2019,en/scores/match-stats/archive/2019/6974/ms027,6974,6974,M15 Doha,FU,2019-12-09,R32,Round of 32,L,MP94,Adam,Moundir,MAR,459,2-6 6-7(3),,False,False,G0BY_2019.txt,ITF Futures,False,G0BY:2019/6974/ms027,sackmann,True,False,False,False,False,False,False,False,False,False,False,False,False,False,2,"Result, no statistics",,Daniil Glinka
G0BY,2019,en/scores/match-stats/archive/2019/6019/ms027,6019,6019,M15 Parnu,FU,2019-10-28,R32,Round of 32,W,A09T,Dan,Added,FRA,386,7-6(2) 6-7(3) 6-4,,False,False,G0BY_2019.txt,ITF Futures,False,G0BY:2019/6019/ms027,sackmann,True,False,False,False,False,False,False,False,False,False,False,False,False,False,2,"Result, no statistics",,Daniil Glinka
G0BY,2019,en/scores/match-stats/archive/2019/6019/ms013,6019,6019,M15 Parnu,FU,2019-10-28,R16,Round of 16,W,RH25,Kenneth,Raisma,EST,950,3-6 6-4 6-2,,False,False,G0BY_2019.txt,ITF Futures,False,G0BY:2019/6019/ms013,sackmann,True,False,False,False,False,False,False,False,False,False,False,False,False,False,2,"Result, no statistics",,Daniil Glinka
G0BY,2019,en/scores/match-stats/archive/2019/6019/ms006,6019,6019,M15 Parnu,FU,2019-10-28,QF,Quarter-Finals,L,MV63,Lasse,Muscheites,GER,1858,6-3 6-7(4) 4-6,,False,False,G0BY_2019.txt,ITF Futures,False,G0BY:2019/6019/ms006,sackmann,True,False,False,False,False,False,False,False,False,False,False,False,False,False,2,"Result, no statistics",,Daniil Glinka
G0BY,2019,en/scores/match-stats/archive/2019/6679/ms019,6679,6679,M15 Olomouc,FU,2019-10-14,R32,Round of 32,L,E811,Elmar,Ejupovic,GER,582,7-6(5) 5-7 6-7(2),,False,False,G0BY_2019.txt,ITF Futures,False,G0BY:2019/6679/ms019,sackmann,True,False,False,False,False,False,False,False,False,False,False,False,False,False,2,"Result, no statistics",,Daniil Glinka
G0BY,2019,en/scores/match-stats/archive/2019/6400/ms016,6400,6400,M25 Falun,FU,2019-09-30,R32,Round of 32,W,CM79,Baptiste,Crepatte,FRA,280,4-6 6-2 6-4,,False,False,G0BY_2019.txt,ITF Futures,False,G0BY:2019/6400/ms016,sackmann,True,False,False,False,False,False,False,False,False,False,False,False,False,False,2,"Result, no statistics",,Daniil Glinka
G0BY,2019,en/scores/match-stats/archive/2019/6400/ms008,6400,6400,M25 Falun,FU,2019-09-30,R16,Round of 16,W,K0CJ,Sandro,Kopp,AUT,817,6-2 6-1,,False,False,G0BY_2019.txt,ITF Futures,False,G0BY:2019/6400/ms008,sackmann,True,False,False,False,False,False,False,False,False,False,False,False,False,False,2,"Result, no statistics",,Daniil Glinka
G0BY,2019,en/scores/match-stats/archive/2019/6400/ms004,6400,6400,M25 Falun,FU,2019-09-30,QF,Quarter-Finals,L,N754,Patrik,Niklas-Salminen,FIN,560,3-6 6-7(6),,False,False,G0BY_2019.txt,ITF Futures,False,G0BY:2019/6400/ms004,sackmann,True,False,False,False,False,False,False,False,False,False,False,False,False,False,2,"Result, no statistics",,Daniil Glinka
G0BY,2019,en/scores/match-stats/archive/2019/204/ms018,204,204,M15 Pajulahti,FU,2019-09-16,R32,Round of 32,L,RD67,Maxim,Ratniuk,RUS,889,6-7(3) 7-6(3) 4-6,,False,False,G0BY_2019.txt,ITF Futures,False,G0BY:2019/204/ms018,sackmann,True,False,False,False,False,False,False,False,False,False,False,False,False,False,2,"Result, no statistics",,Daniil Glinka
G0BY,2019,en/scores/match-stats/archive/2019/3638/ms018,3638,3638,M15 Moscow,FU,2019-08-19,R32,Round of 32,W,A0FM,Egor,Agafonov,RUS,1610,6-1 6-1,,False,False,G0BY_2019.txt,ITF Futures,False,G0BY:2019/3638/ms018,sackmann,True,False,False,False,False,False,False,False,False,False,False,False,False,False,2,"Result, no statistics",,Daniil Glinka
G0BY,2019,en/scores/match-stats/archive/2019/3638/ms009,3638,3638,M15 Moscow,FU,2019-08-19,R16,Round of 16,W,P09U,Alessandro,Procopio,ITA,1483,6-2 6-4,,False,False,G0BY_2019.txt,ITF Futures,False,G0BY:2019/3638/ms009,sackmann,True,False,False,False,False,False,False,False,False,False,False,False,False,False,2,"Result, no statistics",,Daniil Glinka
G0BY,2019,en/scores/match-stats/archive/2019/3638/ms004,3638,3638,M15 Moscow,FU,2019-08-19,QF,Quarter-Finals,L,K776,Konstantin,Kravchuk,RUS,332,4-6 5-7,,False,False,G0BY_2019.txt,ITF Futures,False,G0BY:2019/3638/ms004,sackmann,True,False,False,False,False,False,False,False,False,False,False,False,False,False,2,"Result, no statistics",,Daniil Glinka
G0BY,2019,en/scores/match-stats/archive/2019/8300/ms030,8300,8300,M15 Telavi,FU,2019-07-29,R32,Round of 32,W,H09W,Jordan,Hasson,ISR,0,6-4 6-1,,False,False,G0BY_2019.txt,ITF Futures,False,G0BY:2019/8300/ms030,sackmann,True,False,False,False,False,False,False,False,False,False,False,False,False,False,2,"Result, no statistics",,Daniil Glinka
G0BY,2019,en/scores/match-stats/archive/2019/8300/ms015,8300,8300,M15 Telavi,FU,2019-07-29,R16,Round of 16,W,SX51,Saida'Lo,Saidkarimov,UZB,618,7-6(3) 6-7(6) 6-2,,False,False,G0BY_2019.txt,ITF Futures,False,G0BY:2019/8300/ms015,sackmann,True,False,False,False,False,False,False,False,False,False,False,False,False,False,2,"Result, no statistics",,Daniil Glinka
G0BY,2019,en/scores/match-stats/archive/2019/8300/ms007,8300,8300,M15 Telavi,FU,2019-07-29,QF,Quarter-Finals,L,DH46,Alexander,Donski,BUL,0,3-6 5-7,,False,False,G0BY_2019.txt,ITF Futures,False,G0BY:2019/8300/ms007,sackmann,True,False,False,False,False,False,False,False,False,False,False,False,False,False,2,"Result, no statistics",,Daniil Glinka
G0BY,2019,en/scores/match-stats/archive/2019/273/ms029,273,273,M15 Parnu,FU,2019-07-15,R32,Round of 32,L,V993,Eero,Vasa,FIN,0,4-6 2-6,,False,False,G0BY_2019.txt,ITF Futures,False,G0BY:2019/273/ms029,sackmann,True,False,False,False,False,False,False,False,False,False,False,False,False,False,2,"Result, no statistics",,Daniil Glinka
G0BY,2019,en/scores/match-stats/archive/2019/8272/ms025,8272,8272,M25 Kiseljak,FU,2019-05-27,R32,Round of 32,L,BM45,Domagoj,Biljesko,CRO,0,6-4 4-6 6-7(3),,False,False,G0BY_2019.txt,ITF Futures,False,G0BY:2019/8272/ms025,sackmann,True,False,False,False,False,False,False,False,False,False,False,False,False,False,2,"Result, no statistics",,Daniil Glinka
G0BY,2019,en/scores/match-stats/archive/2019/1805/ms028,1805,1805,M15 Brcko,FU,2019-05-20,R32,Round of 32,L,PI95,David,Pichler,AUT,671,1-6 3-6,,False,False,G0BY_2019.txt,ITF Futures,False,G0BY:2019/1805/ms028,sackmann,True,False,False,False,False,False,False,False,False,False,False,False,False,False,2,"Result, no statistics",,Daniil Glinka
G0BY,2019,en/scores/match-stats/archive/2019/3497/ms026,3497,3497,M15 Sozopol,FU,2019-05-06,R32,Round of 32,L,G0EI,Michael,Gloeckler,AUT,0,6-4 4-6 4-6,,False,False,G0BY_2019.txt,ITF Futures,False,G0BY:2019/3497/ms026,sackmann,True,False,False,False,False,False,False,False,False,False,False,False,False,False,2,"Result, no statistics",,Daniil Glinka
G0BY,2019,en/scores/match-stats/archive/2019/183/ms017,183,183,M25 Namangan,FU,2019-04-29,R32,Round of 32,L,SY74,Manish,Sureshkumar,IND,586,2-6 0-6,,False,False,G0BY_2019.txt,ITF Futures,False,G0BY:2019/183/ms017,sackmann,True,False,False,False,False,False,False,False,False,False,False,False,False,False,2,"Result, no statistics",,Daniil Glinka
G0BY,2019,en/scores/match-stats/archive/2019/8190/ms022,8190,8190,M25 Kazan,FU,2019-03-11,R32,Round of 32,L,MJ56,Richard,Muzaev,RUS,0,4-6 4-6,,False,False,G0BY_2019.txt,ITF Futures,False,G0BY:2019/8190/ms022,sackmann,True,False,False,False,False,False,False,False,False,False,False,False,False,False,2,"Result, no statistics",,Daniil Glinka
G0BY,2019,en/scores/match-stats/archive/2019/8170/ms016,8170,8170,M25 Aktobe,FU,2019-02-18,R32,Round of 32,L,G681,Teymuraz,Gabashvili,RUS,379,6-4 2-6 3-6,,False,False,G0BY_2019.txt,ITF Futures,False,G0BY:2019/8170/ms016,sackmann,True,False,False,False,False,False,False,False,False,False,False,False,False,False,2,"Result, no statistics",,Daniil Glinka
G0BY,2020,en/scores/match-stats/archive/2020/273/ms009,273,273,M15 Parnu,FU,2020-11-02,R16,Round of 16,L,VA27,Mick,Veldheer,NED,524,6-7(3) 6-7(4),,False,False,G0BY_2020.txt,ITF Futures,False,G0BY:2020/273/ms009,sackmann,True,False,False,False,False,False,False,False,False,False,False,False,False,False,2,"Result, no statistics",,Daniil Glinka
G0BY,2020,en/scores/match-stats/archive/2020/273/ms018,273,273,M15 Parnu,FU,2020-11-02,R32,Round of 32,W,T0BY,Siim,Troost,EST,1629,6-3 6-4,,False,False,G0BY_2020.txt,ITF Futures,False,G0BY:2020/273/ms018,sackmann,True,False,False,False,False,False,False,False,False,False,False,False,False,False,2,"Result, no statistics",,Daniil Glinka
G0BY,2020,en/scores/match-stats/archive/2020/7467/ms003,7467,7467,M15 Monastir,FU,2020-10-19,SF,Semi-Finals,L,M0E4,Wojciech,Marek,POL,729,3-6 4-6,,False,False,G0BY_2020.txt,ITF Futures,False,G0BY:2020/7467/ms003,sackmann,True,False,False,False,False,False,False,False,False,False,False,False,False,False,2,"Result, no statistics",,Daniil Glinka
G0BY,2020,en/scores/match-stats/archive/2020/7467/ms007,7467,7467,M15 Monastir,FU,2020-10-19,QF,Quarter-Finals,W,W0AX,Oscar,Weightman,GBR,1464,6-3 7-6(4),,False,False,G0BY_2020.txt,ITF Futures,False,G0BY:2020/7467/ms007,sackmann,True,False,False,False,False,False,False,False,False,False,False,False,False,False,2,"Result, no statistics",,Daniil Glinka
G0BY,2020,en/scores/match-stats/archive/2020/7467/ms015,7467,7467,M15 Monastir,FU,2020-10-19,R16,Round of 16,W,TG67,Kristjan,Tamm,EST,746,7-5 7-6(3),,False,False,G0BY_2020.txt,ITF Futures,False,G0BY:2020/7467/ms015,sackmann,True,False,False,False,False,False,False,False,False,False,False,False,False,False,2,"Result, no statistics",,Daniil Glinka
G0BY,2020,en/scores/match-stats/archive/2020/7467/ms031,7467,7467,M15 Monastir,FU,2020-10-19,R32,Round of 32,W,ML73,Skander,Mansouri,TUN,400,7-6(4) 2-6 6-3,,False,False,G0BY_2020.txt,ITF Futures,False,G0BY:2020/7467/ms031,sackmann,True,False,False,False,False,False,False,False,False,False,False,False,False,False,2,"Result, no statistics",,Daniil Glinka
G0BY,2020,en/scores/match-stats/archive/2020/7457/ms010,7457,7457,M15 Monastir,FU,2020-10-12,R16,Round of 16,L,GA71,Laurynas,Grigelis,LTU,473,3-6 3-6,,False,False,G0BY_2020.txt,ITF Futures,False,G0BY:2020/7457/ms010,sackmann,True,False,False,False,False,False,False,False,False,False,False,False,False,False,2,"Result, no statistics",,Daniil Glinka
G0BY,2020,en/scores/match-stats/archive/2020/7457/ms021,7457,7457,M15 Monastir,FU,2020-10-12,R32,Round of 32,W,M0ES,Oscar,Moraing,GER,1472,4-6 6-4 6-3,,False,False,G0BY_2020.txt,ITF Futures,False,G0BY:2020/7457/ms021,sackmann,True,False,False,False,False,False,False,False,False,False,False,False,False,False,2,"Result, no statistics",,Daniil Glinka
G0BY,2020,en/scores/match-stats/archive/2020/7429/ms016,7429,7429,M15 Monastir,FU,2020-09-14,R32,Round of 32,L,HH51,Benedikt,Henning,GER,0,5-7 4-6,,False,False,G0BY_2020.txt,ITF Futures,False,G0BY:2020/7429/ms016,sackmann,True,False,False,False,False,False,False,False,False,False,False,False,False,False,2,"Result, no statistics",,Daniil Glinka
G0BY,2020,en/scores/match-stats/archive/2020/8187/ms014,8187,8187,M15 Doha,FU,2020-03-09,R16,Round of 16,L,S0AV,Constantin,Schmitz,GER,619,3-6 3-6,,False,False,G0BY_2020.txt,ITF Futures,False,G0BY:2020/8187/ms014,sackmann,True,False,False,False,False,False,False,False,False,False,False,False,False,False,2,"Result, no statistics",,Daniil Glinka
G0BY,2020,en/scores/match-stats/archive/2020/8187/ms029,8187,8187,M15 Doha,FU,2020-03-09,R32,Round of 32,W,K0A5,Natthasith,Kunsuwan,THA,1825,6-4 5-7 6-4,,False,False,G0BY_2020.txt,ITF Futures,False,G0BY:2020/8187/ms029,sackmann,True,False,False,False,False,False,False,False,False,False,False,False,False,False,2,"Result, no statistics",,Daniil Glinka
G0BY,2020,en/scores/match-stats/archive/2020/9268/ms000,9268,9268,G2 EST vs GEO Round 1,DC,2020-03-02,RR,Round Robin,W,D0B5,Nikoloz,Davlianidze,GEO,0,6-0 5-7 10-3,,False,False,G0BY_2020.txt,Davis Cup,False,G0BY:2020/9268/ms000,"sackmann,tml",True,True,False,False,False,False,False,False,False,False,False,False,False,False,2,"Result, no statistics",,Daniil Glinka
G0BY,2020,en/scores/match-stats/archive/2020/8177/ms006,8177,8177,M15 Sharm El Sheikh,FU,2020-02-17,QF,Quarter-Finals,L,SO86,Robin,Stanek,CZE,682,0-6 2-6,,False,False,G0BY_2020.txt,ITF Futures,False,G0BY:2020/8177/ms006,sackmann,True,False,False,False,False,False,False,False,False,False,False,False,False,False,2,"Result, no statistics",,Daniil Glinka
G0BY,2020,en/scores/match-stats/archive/2020/8177/ms013,8177,8177,M15 Sharm El Sheikh,FU,2020-02-17,R16,Round of 16,W,GK25,Aryan,Goveas,IND,861,7-6(1) 6-0,,False,False,G0BY_2020.txt,ITF Futures,False,G0BY:2020/8177/ms013,sackmann,True,False,False,False,False,False,False,False,False,False,False,False,False,False,2,"Result, no statistics",,Daniil Glinka
G0BY,2020,en/scores/match-stats/archive/2020/8177/ms027,8177,8177,M15 Sharm El Sheikh,FU,2020-02-17,R32,Round of 32,W,TG46,Ryota,Tanuma,JPN,576,6-2 6-2,,False,False,G0BY_2020.txt,ITF Futures,False,G0BY:2020/8177/ms027,sackmann,True,False,False,False,False,False,False,False,False,False,False,False,False,False,2,"Result, no statistics",,Daniil Glinka
G0BY,2021,en/scores/match-stats/archive/2021/6293/ms031,6293,6293,M15 Antalya,FU,2021-04-26,R32,Round of 32,L,V762,Jeroen,Vanneste,BEL,413,1-6 1-6,,False,False,G0BY_2021_a.txt,ITF Futures,False,G0BY:2021/6293/ms031,sackmann,True,False,False,False,False,False,False,False,False,False,False,False,False,False,2,"Result, no statistics",,Daniil Glinka
G0BY,2021,en/scores/match-stats/archive/2021/9528/ms021,9528,9528,M15 Antalya,FU,2021-05-17,R32,Round of 32,L,C0B2,Cezar,Cretu,ROU,822,6-7(4) 2-6,,False,False,G0BY_2021_a.txt,ITF Futures,False,G0BY:2021/9528/ms021,sackmann,True,False,False,False,False,False,False,False,False,False,False,False,False,False,2,"Result, no statistics",,Daniil Glinka
G0BY,2021,en/scores/match-stats/archive/2021/3638/ms020,3638,3638,M15 St. Petersburg,FU,2021-04-12,R32,Round of 32,W,SK67,Jan,Satral,CZE,369,6-4 6-2,,False,False,G0BY_2021_a.txt,ITF Futures,False,G0BY:2021/3638/ms020,sackmann,True,False,False,False,False,False,False,False,False,False,False,False,False,False,2,"Result, no statistics",,Daniil Glinka
G0BY,2021,en/scores/match-stats/archive/2021/3638/ms010,3638,3638,M15 St. Petersburg,FU,2021-04-12,R16,Round of 16,L,S0MN,Marat,Sharipov,RUS,1542,2-6 3-6,,False,False,G0BY_2021_a.txt,ITF Futures,False,G0BY:2021/3638/ms010,sackmann,True,False,False,False,False,False,False,False,False,False,False,False,False,False,2,"Result, no statistics",,Daniil Glinka
G0BY,2021,en/scores/match-stats/archive/2021/6481/ms026,6481,6481,M15 St. Petersburg,FU,2021-04-05,R32,Round of 32,W,G0BD,Daniil,Golubev,RUS,0,6-0 6-0,,False,False,G0BY_2021_a.txt,ITF Futures,False,G0BY:2021/6481/ms026,sackmann,True,False,False,False,False,False,False,False,False,False,False,False,False,False,2,"Result, no statistics",,Daniil Glinka
G0BY,2021,en/scores/match-stats/archive/2021/6481/ms013,6481,6481,M15 St. Petersburg,FU,2021-04-05,R16,Round of 16,L,SK67,Jan,Satral,CZE,369,4-6 3-6,,False,False,G0BY_2021_a.txt,ITF Futures,False,G0BY:2021/6481/ms013,sackmann,True,False,False,False,False,False,False,False,False,False,False,False,False,False,2,"Result, no statistics",,Daniil Glinka
G0BY,2021,en/scores/match-stats/archive/2021/9464/qs013,9464,9464,St. Petersburg 1 - CH,CH,2021-03-01,Q1,1st Round Qualifying,L,ML73,Skander,Mansouri,TUN,367,6-3 6-7(4) 5-7,,False,True,G0BY_2021_a.txt,Challenger qualifying,False,G0BY:2021/9464/qs013,sackmann,True,False,False,False,False,False,False,False,True,False,False,False,False,False,3,Result + serve/return totals,,Daniil Glinka
G0BY,2021,en/scores/match-stats/archive/2021/9468/qs012,9468,9468,St. Petersburg 2 - CH,CH,2021-03-08,Q1,1st Round Qualifying,L,SR81,Khumoyun,Sultanov,UZB,333,6-7(4) 4-6,,False,True,G0BY_2021_a.txt,Challenger qualifying,False,G0BY:2021/9468/qs012,sackmann,True,False,False,False,False,False,False,False,True,False,False,False,False,False,3,Result + serve/return totals,,Daniil Glinka
G0BY,2021,en/scores/match-stats/archive/2021/8144/ms016,8144,8144,M15 St. Petersburg,FU,2021-02-01,R32,Round of 32,L,CH12,Jan,Choinski,GBR,352,1-6 4-6,,False,False,G0BY_2021_a.txt,ITF Futures,False,G0BY:2021/8144/ms016,sackmann,True,False,False,False,False,False,False,False,False,False,False,False,False,False,2,"Result, no statistics",,Daniil Glinka
G0BY,2021,en/scores/match-stats/archive/2021/7791/qs010,7791,7791,Almaty - CH,CH,2021-06-07,Q1,1st Round Qualifying,L,D0C1,Jesper,de Jong,NED,322,3-6 3-6,,False,True,G0BY_2021_a.txt,Challenger qualifying,False,G0BY:2021/7791/qs010,sackmann,True,False,False,False,False,False,False,False,True,False,False,False,False,False,3,Result + serve/return totals,,Daniil Glinka
H0A4,2015,en/scores/match-stats/archive/2015/7476/ms018,7476,7476,Dominican Republic F3,FU,2015-12-14,R32,Round of 32,L,SP18,Raleigh,Smith,USA,1106,2-6 2-6,,False,False,H0A4_2015.txt,ITF Futures,False,H0A4:2015/7476/ms018,sackmann,True,False,False,False,False,False,False,False,False,False,False,False,False,False,2,"Result, no statistics",,Nick Hardt
H0A4,2015,en/scores/match-stats/archive/2015/7468/ms025,7468,7468,Dominican Republic F2,FU,2015-12-07,R32,Round of 32,W,SP18,Raleigh,Smith,USA,1101,4-6 7-5 4-0,RET,False,False,H0A4_2015.txt,ITF Futures,False,H0A4:2015/7468/ms025,sackmann,True,False,False,False,False,False,False,False,False,False,False,False,False,False,2,"Result, no statistics",,Nick Hardt
H0A4,2015,en/scores/match-stats/archive/2015/7468/ms012,7468,7468,Dominican Republic F2,FU,2015-12-07,R16,Round of 16,L,T911,Peter,Torebko,GER,502,4-6 6-7(2),,False,False,H0A4_2015.txt,ITF Futures,False,H0A4:2015/7468/ms012,sackmann,True,False,False,False,False,False,False,False,False,False,False,False,False,False,2,"Result, no statistics",,Nick Hardt
H0A4,2015,en/scores/match-stats/archive/2015/7197/ms017,7197,7197,Dominican Republic F1,FU,2015-11-30,R32,Round of 32,W,DH11,Jose Oscar,Diaz,DOM,0,6-2 6-2,,False,False,H0A4_2015.txt,ITF Futures,False,H0A4:2015/7197/ms017,sackmann,True,False,False,False,False,False,False,False,False,False,False,False,False,False,2,"Result, no statistics",,Nick Hardt
H0A4,2015,en/scores/match-stats/archive/2015/7197/ms008,7197,7197,Dominican Republic F1,FU,2015-11-30,R16,Round of 16,W,SI36,Eduardo,Struvay,COL,246,3-6 7-5,RET,False,False,H0A4_2015.txt,ITF Futures,False,H0A4:2015/7197/ms008,sackmann,True,False,False,False,False,False,False,False,False,False,False,False,False,False,2,"Result, no statistics",,Nick Hardt
H0A4,2015,en/scores/match-stats/archive/2015/7197/ms004,7197,7197,Dominican Republic F1,FU,2015-11-30,QF,Quarter-Finals,L,T911,Peter,Torebko,GER,500,0-6 1-6,,False,False,H0A4_2015.txt,ITF Futures,False,H0A4:2015/7197/ms004,sackmann,True,False,False,False,False,False,False,False,False,False,False,False,False,False,2,"Result, no statistics",,Nick Hardt
H0A4,2016,en/scores/match-stats/archive/2016/7476/ms025,7476,7476,Dominican Republic F3,FU,2016-12-12,R32,Round of 32,W,R903,Daniel-Andrea,Rodriguez-Redondo,ESP,0,6-0 7-6(3),,False,False,H0A4_2016.txt,ITF Futures,False,H0A4:2016/7476/ms025,sackmann,True,False,False,False,False,False,False,False,False,False,False,False,False,False,2,"Result, no statistics",,Nick Hardt
H0A4,2016,en/scores/match-stats/archive/2016/7476/ms012,7476,7476,Dominican Republic F3,FU,2016-12-12,R16,Round of 16,L,LC54,Benjamin,Lock,ZIM,541,6-7(2) 2-6,,False,False,H0A4_2016.txt,ITF Futures,False,H0A4:2016/7476/ms012,sackmann,True,False,False,False,False,False,False,False,False,False,False,False,False,False,2,"Result, no statistics",,Nick Hardt
H0A4,2016,en/scores/match-stats/archive/2016/7201/ms027,7201,7201,Santo Domingo,CH,2016-02-08,R32,Round of 32,L,CF59,Roberto,Carballes Baena,ESP,123,1-6 0-6,,False,True,H0A4_2016.txt,Challenger main draw,False,H0A4:2016/7201/ms027,"sackmann,tml",True,True,False,False,False,False,False,False,True,True,False,False,False,False,3,Result + serve/return totals,,Nick Hardt
H0A4,2017,en/scores/match-stats/archive/2017/7476/ms028,7476,7476,Dominican Republic F3,FU,2017-12-11,R32,Round of 32,L,LB76,Mick,Lescure,FRA,532,5-7 6-1 3-6,,False,False,H0A4_2017.txt,ITF Futures,False,H0A4:2017/7476/ms028,,False,False,False,False,False,False,False,False,False,False,False,False,False,False,0,Missing,whole event absent,Nick Hardt
H0A4,2017,en/scores/match-stats/archive/2017/7201/ms019,7201,7201,Santo Domingo,CH,2017-08-14,R32,Round of 32,L,G725,Santiago,Giraldo,COL,131,1-6 0-6,,False,True,H0A4_2017.txt,Challenger main draw,False,H0A4:2017/7201/ms019,"sackmann,tml",True,True,False,False,False,False,False,False,True,True,False,False,False,False,3,Result + serve/return totals,,Nick Hardt
H0A4,2017,en/scores/match-stats/archive/2017/7712/ms000,7712,7712,AG1 DOM vs. CHI 1st Round,DC,2017-01-30,RR,Round Robin,L,J551,Nicolas,Jarry,CHI,312,3-6 3-6,,False,False,H0A4_2017.txt,Davis Cup,False,H0A4:2017/7712/ms000,"sackmann,tml",True,True,False,False,False,False,False,False,True,True,False,False,False,False,3,Result + serve/return totals,,Nick Hardt
H0A4,2018,en/scores/match-stats/archive/2018/7476/ms023,7476,7476,Dominican Republic F3,FU,2018-12-10,R32,Round of 32,W,C0BC,Maxime,Cressy,USA,567,7-6(1) 6-1,,False,False,H0A4_2018.txt,ITF Futures,False,H0A4:2018/7476/ms023,sackmann,True,False,False,False,False,False,False,False,False,False,False,False,False,False,2,"Result, no statistics",,Nick Hardt
H0A4,2018,en/scores/match-stats/archive/2018/7476/ms011,7476,7476,Dominican Republic F3,FU,2018-12-10,R16,Round of 16,W,ME70,Alejandro,Mendoza,BOL,981,6-1 6-0,,False,False,H0A4_2018.txt,ITF Futures,False,H0A4:2018/7476/ms011,sackmann,True,False,False,False,False,False,False,False,False,False,False,False,False,False,2,"Result, no statistics",,Nick Hardt
H0A4,2018,en/scores/match-stats/archive/2018/7476/ms005,7476,7476,Dominican Republic F3,FU,2018-12-10,QF,Quarter-Finals,W,HG90,Conner,Huertas del Pino,PER,897,6-4 2-6 6-2,,False,False,H0A4_2018.txt,ITF Futures,False,H0A4:2018/7476/ms005,sackmann,True,False,False,False,False,False,False,False,False,False,False,False,False,False,2,"Result, no statistics",,Nick Hardt
H0A4,2018,en/scores/match-stats/archive/2018/7476/ms002,7476,7476,Dominican Republic F3,FU,2018-12-10,SF,Semi-Finals,W,GC17,Oscar Jose,Gutierrez,ESP,386,6-2 6-2,,False,False,H0A4_2018.txt,ITF Futures,False,H0A4:2018/7476/ms002,sackmann,True,False,False,False,False,False,False,False,False,False,False,False,False,False,2,"Result, no statistics",,Nick Hardt
H0A4,2018,en/scores/match-stats/archive/2018/7476/ms001,7476,7476,Dominican Republic F3,FU,2018-12-10,F,Finals,W,TE30,Alejandro,Tabilo,CHI,624,7-5 6-3,,False,False,H0A4_2018.txt,ITF Futures,False,H0A4:2018/7476/ms001,sackmann,True,False,False,False,False,False,False,False,False,False,False,False,False,False,2,"Result, no statistics",,Nick Hardt
H0A4,2018,en/scores/match-stats/archive/2018/7468/ms022,7468,7468,Dominican Republic F2,FU,2018-12-03,R32,Round of 32,W,ME70,Alejandro,Mendoza,BOL,965,6-1 6-1,,False,False,H0A4_2018.txt,ITF Futures,False,H0A4:2018/7468/ms022,sackmann,True,False,False,False,False,False,False,False,False,False,False,False,False,False,2,"Result, no statistics",,Nick Hardt
H0A4,2018,en/scores/match-stats/archive/2018/7468/ms011,7468,7468,Dominican Republic F2,FU,2018-12-03,R16,Round of 16,L,TE30,Alejandro,Tabilo,CHI,646,2-6 2-6,,False,False,H0A4_2018.txt,ITF Futures,False,H0A4:2018/7468/ms011,sackmann,True,False,False,False,False,False,False,False,False,False,False,False,False,False,2,"Result, no statistics",,Nick Hardt
H0A4,2018,en/scores/match-stats/archive/2018/6685/ms029,6685,6685,U.S.A. F32,FU,2018-11-12,R32,Round of 32,W,J0B5,Garrett,Johns,USA,1477,6-0 6-0,,False,False,H0A4_2018.txt,ITF Futures,False,H0A4:2018/6685/ms029,sackmann,True,False,False,False,False,False,False,False,False,False,False,False,False,False,2,"Result, no statistics",,Nick Hardt
H0A4,2018,en/scores/match-stats/archive/2018/6685/ms014,6685,6685,U.S.A. F32,FU,2018-11-12,R16,Round of 16,L,DA23,Patrick,Daciek,USA,1956,5-7 5-7,,False,False,H0A4_2018.txt,ITF Futures,False,H0A4:2018/6685/ms014,sackmann,True,False,False,False,False,False,False,False,False,False,False,False,False,False,2,"Result, no statistics",,Nick Hardt
H0A4,2018,en/scores/match-stats/archive/2018/7867/ms027,7867,7867,Peru F1,FU,2018-09-24,R32,Round of 32,L,V821,Gonzalo,Villanueva,ARG,539,1-6 7-5 4-6,,False,False,H0A4_2018.txt,ITF Futures,False,H0A4:2018/7867/ms027,sackmann,True,False,False,False,False,False,False,False,False,False,False,False,False,False,2,"Result, no statistics",,Nick Hardt
H0A4,2018,en/scores/match-stats/archive/2018/269/ms017,269,269,Belgium F2,FU,2018-06-25,R32,Round of 32,W,MW39,Mirko,Martinez,SUI,1113,6-2 6-4,,False,False,H0A4_2018.txt,ITF Futures,False,H0A4:2018/269/ms017,sackmann,True,False,False,False,False,False,False,False,False,False,False,False,False,False,2,"Result, no statistics",,Nick Hardt
H0A4,2018,en/scores/match-stats/archive/2018/269/ms008,269,269,Belgium F2,FU,2018-06-25,R16,Round of 16,L,E811,Elmar,Ejupovic,GER,401,4-6 3-6,,False,False,H0A4_2018.txt,ITF Futures,False,H0A4:2018/269/ms008,sackmann,True,False,False,False,False,False,False,False,False,False,False,False,False,False,2,"Result, no statistics",,Nick Hardt
H0A4,2018,en/scores/match-stats/archive/2018/458/ms025,458,458,U.S.A. F12,FU,2018-04-23,R32,Round of 32,W,R0BS,Alexandre,Rotsaert,USA,1834,6-1 6-1,,False,False,H0A4_2018.txt,ITF Futures,False,H0A4:2018/458/ms025,sackmann,True,False,False,False,False,False,False,False,False,False,False,False,False,False,2,"Result, no statistics",,Nick Hardt
H0A4,2018,en/scores/match-stats/archive/2018/458/ms012,458,458,U.S.A. F12,FU,2018-04-23,R16,Round of 16,L,TE30,Alejandro,Tabilo,CHI,822,6-7(2) 6-1 5-7,,False,False,H0A4_2018.txt,ITF Futures,False,H0A4:2018/458/ms012,sackmann,True,False,False,False,False,False,False,False,False,False,False,False,False,False,2,"Result, no statistics",,Nick Hardt
H0A4,2019,en/scores/match-stats/archive/2019/7476/ms001,7476,7476,M15 Santo Domingo,FU,2019-12-09,F,Finals,L,BP79,Peter,Bertran,DOM,892,6-4 1-6 4-6,,False,False,H0A4_2019.txt,ITF Futures,False,H0A4:2019/7476/ms001,sackmann,True,False,False,False,False,False,False,False,False,False,False,False,False,False,2,"Result, no statistics",,Nick Hardt
H0A4,2019,en/scores/match-stats/archive/2019/7476/ms002,7476,7476,M15 Santo Domingo,FU,2019-12-09,SF,Semi-Finals,W,V731,Michel,Vernier,CHI,830,7-6(6) 6-4,,False,False,H0A4_2019.txt,ITF Futures,False,H0A4:2019/7476/ms002,sackmann,True,False,False,False,False,False,False,False,False,False,False,False,False,False,2,"Result, no statistics",,Nick Hardt
H0A4,2019,en/scores/match-stats/archive/2019/7476/ms004,7476,7476,M15 Santo Domingo,FU,2019-12-09,QF,Quarter-Finals,W,CI19,A.J.,Catanzariti,USA,1062,6-2 6-4,,False,False,H0A4_2019.txt,ITF Futures,False,H0A4:2019/7476/ms004,sackmann,True,False,False,False,False,False,False,False,False,False,False,False,False,False,2,"Result, no statistics",,Nick Hardt
H0A4,2019,en/scores/match-stats/archive/2019/7476/ms008,7476,7476,M15 Santo Domingo,FU,2019-12-09,R16,Round of 16,W,R0D6,Laelson,Rodrigues,BRA,0,6-1 6-2,,False,False,H0A4_2019.txt,ITF Futures,False,H0A4:2019/7476/ms008,sackmann,True,False,False,False,False,False,False,False,False,False,False,False,False,False,2,"Result, no statistics",,Nick Hardt
H0A4,2019,en/scores/match-stats/archive/2019/7476/ms016,7476,7476,M15 Santo Domingo,FU,2019-12-09,R32,Round of 32,W,N0AF,Arvid,Nordquist,SWE,1909,6-1 6-1,,False,False,H0A4_2019.txt,ITF Futures,False,H0A4:2019/7476/ms016,sackmann,True,False,False,False,False,False,False,False,False,False,False,False,False,False,2,"Result, no statistics",,Nick Hardt
H0A4,2019,en/scores/match-stats/archive/2019/7468/ms027,7468,7468,M15 Santo Domingo,FU,2019-12-02,R32,Round of 32,L,B0I5,Blaise,Bicknell,JAM,1582,6-7(3) 4-6,,False,False,H0A4_2019.txt,ITF Futures,False,H0A4:2019/7468/ms027,sackmann,True,False,False,False,False,False,False,False,False,False,False,False,False,False,2,"Result, no statistics",,Nick Hardt
H0A4,2019,en/scores/match-stats/archive/2019/7197/ms003,7197,7197,M15 Santo Domingo,FU,2019-11-25,SF,Semi-Finals,L,AE14,Daniel,Altmaier,GER,321,3-6 4-6,,False,False,H0A4_2019.txt,ITF Futures,False,H0A4:2019/7197/ms003,sackmann,True,False,False,False,False,False,False,False,False,False,False,False,False,False,2,"Result, no statistics",,Nick Hardt
H0A4,2019,en/scores/match-stats/archive/2019/7197/ms006,7197,7197,M15 Santo Domingo,FU,2019-11-25,QF,Quarter-Finals,W,O634,Jose,Olivares,DOM,616,5-7 6-2 7-6(5),,False,False,H0A4_2019.txt,ITF Futures,False,H0A4:2019/7197/ms006,sackmann,True,False,False,False,False,False,False,False,False,False,False,False,False,False,2,"Result, no statistics",,Nick Hardt
H0A4,2019,en/scores/match-stats/archive/2019/7197/ms012,7197,7197,M15 Santo Domingo,FU,2019-11-25,R16,Round of 16,W,V731,Michel,Vernier,CHI,772,6-2 6-4,,False,False,H0A4_2019.txt,ITF Futures,False,H0A4:2019/7197/ms012,sackmann,True,False,False,False,False,False,False,False,False,False,False,False,False,False,2,"Result, no statistics",,Nick Hardt
H0A4,2019,en/scores/match-stats/archive/2019/7197/ms024,7197,7197,M15 Santo Domingo,FU,2019-11-25,R32,Round of 32,W,N0AF,Arvid,Nordquist,SWE,1894,6-2,RET,False,False,H0A4_2019.txt,ITF Futures,False,H0A4:2019/7197/ms024,sackmann,True,False,False,False,False,False,False,False,False,False,False,False,False,False,2,"Result, no statistics",,Nick Hardt
H0A4,2019,en/scores/match-stats/archive/2019/637/ms041,637,637,Champaign,CH,2019-11-11,R64,Round of 64,L,S0K7,Zachary,Svajda,USA,1013,0-6 1-6,,False,True,H0A4_2019.txt,Challenger main draw,False,H0A4:2019/637/ms041,sackmann,True,False,False,False,False,False,False,False,True,False,False,False,False,False,3,Result + serve/return totals,,Nick Hardt
H0A4,2019,en/scores/match-stats/archive/2019/7586/ms016,7586,7586,Playford 2,CH,2019-10-28,R32,Round of 32,L,U134,Yasutaka,Uchiyama,JPN,86,3-6 4-6,,False,True,H0A4_2019.txt,Challenger main draw,False,H0A4:2019/7586/ms016,sackmann,True,False,False,False,False,False,False,False,True,False,False,False,False,False,3,Result + serve/return totals,,Nick Hardt
H0A4,2019,en/scores/match-stats/archive/2019/7586/ms033,7586,7586,Playford 2,CH,2019-10-28,R64,Round of 64,W,TB70,Wishaya,Trongcharoenchaikul,THA,626,7-5 6-2,,False,True,H0A4_2019.txt,Challenger main draw,False,H0A4:2019/7586/ms033,sackmann,True,False,False,False,False,False,False,False,True,False,False,False,False,False,3,Result + serve/return totals,,Nick Hardt
H0A4,2019,en/scores/match-stats/archive/2019/6865/ms025,6865,6865,Traralgon,CH,2019-10-21,R32,Round of 32,L,SQ80,Akira,Santillan,JPN,245,1-6 2-6,,False,True,H0A4_2019.txt,Challenger main draw,False,H0A4:2019/6865/ms025,sackmann,True,False,False,False,False,False,False,False,True,False,False,False,False,False,3,Result + serve/return totals,,Nick Hardt
H0A4,2019,en/scores/match-stats/archive/2019/6865/ms050,6865,6865,Traralgon,CH,2019-10-21,R64,Round of 64,W,MS03,William,Ma,AUS,1500,6-4 7-5,,False,True,H0A4_2019.txt,Challenger main draw,False,H0A4:2019/6865/ms050,sackmann,True,False,False,False,False,False,False,False,True,False,False,False,False,False,3,Result + serve/return totals,,Nick Hardt
H0A4,2019,en/scores/match-stats/archive/2019/7201/ms037,7201,7201,Santo Domingo,CH,2019-10-07,R64,Round of 64,L,O376,Renzo,Olivo,ARG,271,2-6 6-3 1-6,,False,True,H0A4_2019.txt,Challenger main draw,False,H0A4:2019/7201/ms037,sackmann,True,False,False,False,False,False,False,False,True,False,False,False,False,False,3,Result + serve/return totals,,Nick Hardt
H0A4,2019,en/scores/match-stats/archive/2019/1592/ms013,1592,1592,M25 Harlingen,FU,2019-09-23,R16,Round of 16,L,GK30,Jonathan,Gray,GBR,623,3-6 4-6,,False,False,H0A4_2019.txt,ITF Futures,False,H0A4:2019/1592/ms013,sackmann,True,False,False,False,False,False,False,False,False,False,False,False,False,False,2,"Result, no statistics",,Nick Hardt
H0A4,2019,en/scores/match-stats/archive/2019/1592/ms027,1592,1592,M25 Harlingen,FU,2019-09-23,R32,Round of 32,W,H0CU,Ronald,Hohmann,USA,0,6-3 6-2,,False,False,H0A4_2019.txt,ITF Futures,False,H0A4:2019/1592/ms027,sackmann,True,False,False,False,False,False,False,False,False,False,False,False,False,False,2,"Result, no statistics",,Nick Hardt
H0A4,2019,en/scores/match-stats/archive/2019/412/ms019,412,412,M25 Houston,FU,2019-09-16,R32,Round of 32,L,H0CU,Ronald,Hohmann,USA,0,6-4 6-7(2) 3-6,,False,False,H0A4_2019.txt,ITF Futures,False,H0A4:2019/412/ms019,sackmann,True,False,False,False,False,False,False,False,False,False,False,False,False,False,2,"Result, no statistics",,Nick Hardt
H0A4,2019,en/scores/match-stats/archive/2019/6346/ms006,6346,6346,M15 Eupen,FU,2019-08-05,QF,Quarter-Finals,L,O660,Genaro Alberto,Olivieri,ARG,510,7-6(3) 1-6 3-6,,False,False,H0A4_2019.txt,ITF Futures,False,H0A4:2019/6346/ms006,sackmann,True,False,False,False,False,False,False,False,False,False,False,False,False,False,2,"Result, no statistics",,Nick Hardt
H0A4,2019,en/scores/match-stats/archive/2019/6346/ms013,6346,6346,M15 Eupen,FU,2019-08-05,R16,Round of 16,W,RA82,Yannik,Reuter,BEL,0,6-2 2-6 6-0,,False,False,H0A4_2019.txt,ITF Futures,False,H0A4:2019/6346/ms013,sackmann,True,False,False,False,False,False,False,False,False,False,False,False,False,False,2,"Result, no statistics",,Nick Hardt
H0A4,2019,en/scores/match-stats/archive/2019/6346/ms027,6346,6346,M15 Eupen,FU,2019-08-05,R32,Round of 32,W,P0BE,Sidane,Pontjodikromo,NED,887,6-2 6-2,,False,False,H0A4_2019.txt,ITF Futures,False,H0A4:2019/6346/ms027,sackmann,True,False,False,False,False,False,False,False,False,False,False,False,False,False,2,"Result, no statistics",,Nick Hardt
H0A4,2019,en/scores/match-stats/archive/2019/4066/ms002,4066,4066,M15 Brussels,FU,2019-07-29,SF,Semi-Finals,L,HB67,Christopher,Heyman,BEL,496,2-6 3-6,,False,False,H0A4_2019.txt,ITF Futures,False,H0A4:2019/4066/ms002,sackmann,True,False,False,False,False,False,False,False,False,False,False,False,False,False,2,"Result, no statistics",,Nick Hardt
H0A4,2019,en/scores/match-stats/archive/2019/4066/ms005,4066,4066,M15 Brussels,FU,2019-07-29,QF,Quarter-Finals,W,KG33,Vladimir,Korolev,RUS,0,6-4 4-6 6-1,,False,False,H0A4_2019.txt,ITF Futures,False,H0A4:2019/4066/ms005,sackmann,True,False,False,False,False,False,False,False,False,False,False,False,False,False,2,"Result, no statistics",,Nick Hardt
H0A4,2019,en/scores/match-stats/archive/2019/4066/ms010,4066,4066,M15 Brussels,FU,2019-07-29,R16,Round of 16,W,L0DD,Luis Humberto,Lopez,MEX,0,6-0 6-3,,False,False,H0A4_2019.txt,ITF Futures,False,H0A4:2019/4066/ms010,sackmann,True,False,False,False,False,False,False,False,False,False,False,False,False,False,2,"Result, no statistics",,Nick Hardt
H0A4,2019,en/scores/match-stats/archive/2019/4066/ms020,4066,4066,M15 Brussels,FU,2019-07-29,R32,Round of 32,W,D0A2,Matthew,Dellavedova,AUS,0,6-3 6-2,,False,False,H0A4_2019.txt,ITF Futures,False,H0A4:2019/4066/ms020,sackmann,True,False,False,False,False,False,False,False,False,False,False,False,False,False,2,"Result, no statistics",,Nick Hardt
H0A4,2019,en/scores/match-stats/archive/2019/488/ms022,488,488,M25 Kassel,FU,2019-07-15,R32,Round of 32,L,W712,Kai,Wehnelt,GER,0,4-6 5-7,,False,False,H0A4_2019.txt,ITF Futures,False,H0A4:2019/488/ms022,sackmann,True,False,False,False,False,False,False,False,False,False,False,False,False,False,2,"Result, no statistics",,Nick Hardt
H0A4,2019,en/scores/match-stats/archive/2019/723/ms017,723,723,M25 Ajaccio,FU,2019-07-08,R32,Round of 32,L,KD71,Jonathan,Kanar,FRA,617,4-6 6-2 3-6,,False,False,H0A4_2019.txt,ITF Futures,False,H0A4:2019/723/ms017,sackmann,True,False,False,False,False,False,False,False,False,False,False,False,False,False,2,"Result, no statistics",,Nick Hardt
H0A4,2019,en/scores/match-stats/archive/2019/572/ms001,572,572,M15 Saarlouis,FU,2019-07-01,F,Finals,W,O423,Fabrizio,Ornago,ITA,458,6-0 6-4,,False,False,H0A4_2019.txt,ITF Futures,False,H0A4:2019/572/ms001,sackmann,True,False,False,False,False,False,False,False,False,False,False,False,False,False,2,"Result, no statistics",,Nick Hardt
H0A4,2019,en/scores/match-stats/archive/2019/572/ms003,572,572,M15 Saarlouis,FU,2019-07-01,SF,Semi-Finals,W,BT42,Dominik,Boehler,GER,0,6-4 6-3,,False,False,H0A4_2019.txt,ITF Futures,False,H0A4:2019/572/ms003,sackmann,True,False,False,False,False,False,False,False,False,False,False,False,False,False,2,"Result, no statistics",,Nick Hardt
H0A4,2019,en/scores/match-stats/archive/2019/572/ms006,572,572,M15 Saarlouis,FU,2019-07-01,QF,Quarter-Finals,W,O484,Adrian,Obert,GER,0,7-6(5) 6-4,,False,False,H0A4_2019.txt,ITF Futures,False,H0A4:2019/572/ms006,sackmann,True,False,False,False,False,False,False,False,False,False,False,False,False,False,2,"Result, no statistics",,Nick Hardt
H0A4,2019,en/scores/match-stats/archive/2019/572/ms012,572,572,M15 Saarlouis,FU,2019-07-01,R16,Round of 16,W,GJ05,Alexis,Gautier,FRA,0,6-3 6-2,,False,False,H0A4_2019.txt,ITF Futures,False,H0A4:2019/572/ms012,sackmann,True,False,False,False,False,False,False,False,False,False,False,False,False,False,2,"Result, no statistics",,Nick Hardt
H0A4,2019,en/scores/match-stats/archive/2019/572/ms024,572,572,M15 Saarlouis,FU,2019-07-01,R32,Round of 32,W,C0B8,Konstantin,Cucka,GER,0,6-0 6-0,,False,False,H0A4_2019.txt,ITF Futures,False,H0A4:2019/572/ms024,sackmann,True,False,False,False,False,False,False,False,False,False,False,False,False,False,2,"Result, no statistics",,Nick Hardt
H0A4,2019,en/scores/match-stats/archive/2019/6588/ms010,6588,6588,M25 Arlon,FU,2019-06-24,R16,Round of 16,L,E780,Sandro,Ehrat,SUI,392,1-6 4-6,,False,False,H0A4_2019.txt,ITF Futures,False,H0A4:2019/6588/ms010,sackmann,True,False,False,False,False,False,False,False,False,False,False,False,False,False,2,"Result, no statistics",,Nick Hardt
H0A4,2019,en/scores/match-stats/archive/2019/6588/ms021,6588,6588,M25 Arlon,FU,2019-06-24,R32,Round of 32,W,CF25,Victor,Cornea,ROU,0,6-3 1-6 6-3,,False,False,H0A4_2019.txt,ITF Futures,False,H0A4:2019/6588/ms021,sackmann,True,False,False,False,False,False,False,False,False,False,False,False,False,False,2,"Result, no statistics",,Nick Hardt
H0A4,2019,en/scores/match-stats/archive/2019/356/ms012,356,356,M25 Toulouse,FU,2019-06-17,R16,Round of 16,L,GJ05,Alexis,Gautier,FRA,0,7-6(7) 3-6 5-7,,False,False,H0A4_2019.txt,ITF Futures,False,H0A4:2019/356/ms012,sackmann,True,False,False,False,False,False,False,False,False,False,False,False,False,False,2,"Result, no statistics",,Nick Hardt
H0A4,2019,en/scores/match-stats/archive/2019/356/ms024,356,356,M25 Toulouse,FU,2019-06-17,R32,Round of 32,W,FC26,Evan,Furness,FRA,503,0-6 6-2 5-4,RET,False,False,H0A4_2019.txt,ITF Futures,False,H0A4:2019/356/ms024,sackmann,True,False,False,False,False,False,False,False,False,False,False,False,False,False,2,"Result, no statistics",,Nick Hardt
H0A4,2019,en/scores/match-stats/archive/2019/8275/ms003,8275,8275,M15 Cancun,FU,2019-06-03,SF,Semi-Finals,L,LG87,Gerardo,Lopez Villasenor,MEX,548,2-6 1-6,,False,False,H0A4_2019.txt,ITF Futures,False,H0A4:2019/8275/ms003,sackmann,True,False,False,False,False,False,False,False,False,False,False,False,False,False,2,"Result, no statistics",,Nick Hardt
H0A4,2019,en/scores/match-stats/archive/2019/8275/ms006,8275,8275,M15 Cancun,FU,2019-06-03,QF,Quarter-Finals,W,W738,Brandon,Walkin,GBR,0,7-5 6-1,,False,False,H0A4_2019.txt,ITF Futures,False,H0A4:2019/8275/ms006,sackmann,True,False,False,False,False,False,False,False,False,False,False,False,False,False,2,"Result, no statistics",,Nick Hardt
H0A4,2019,en/scores/match-stats/archive/2019/8275/ms013,8275,8275,M15 Cancun,FU,2019-06-03,R16,Round of 16,W,P0AO,Rowland,Phillips,JAM,0,3-6 6-4 6-2,,False,False,H0A4_2019.txt,ITF Futures,False,H0A4:2019/8275/ms013,sackmann,True,False,False,False,False,False,False,False,False,False,False,False,False,False,2,"Result, no statistics",,Nick Hardt
H0A4,2019,en/scores/match-stats/archive/2019/8275/ms027,8275,8275,M15 Cancun,FU,2019-06-03,R32,Round of 32,W,D0CB,Gabriel Ciro,Da Silva,BRA,0,6-4 6-2,,False,False,H0A4_2019.txt,ITF Futures,False,H0A4:2019/8275/ms027,sackmann,True,False,False,False,False,False,False,False,False,False,False,False,False,False,2,"Result, no statistics",,Nick Hardt
H0A4,2019,en/scores/match-stats/archive/2019/712/ms005,712,712,M25 Pensacola,FU,2019-05-06,QF,Quarter-Finals,L,M0AW,Nicolas,Mejia,COL,0,1-6 6-3 2-6,,False,False,H0A4_2019.txt,ITF Futures,False,H0A4:2019/712/ms005,sackmann,True,False,False,False,False,False,False,False,False,False,False,False,False,False,2,"Result, no statistics",,Nick Hardt
H0A4,2019,en/scores/match-stats/archive/2019/712/ms011,712,712,M25 Pensacola,FU,2019-05-06,R16,Round of 16,W,KD99,Alan,Kohen,ARG,0,6-4 6-4,,False,False,H0A4_2019.txt,ITF Futures,False,H0A4:2019/712/ms011,sackmann,True,False,False,False,False,False,False,False,False,False,False,False,False,False,2,"Result, no statistics",,Nick Hardt
H0A4,2019,en/scores/match-stats/archive/2019/712/ms023,712,712,M25 Pensacola,FU,2019-05-06,R32,Round of 32,W,GD91,Juan Ignacio,Galarza,ARG,574,6-1 3-1,RET,False,False,H0A4_2019.txt,ITF Futures,False,H0A4:2019/712/ms023,sackmann,True,False,False,False,False,False,False,False,False,False,False,False,False,False,2,"Result, no statistics",,Nick Hardt
H0A4,2019,en/scores/match-stats/archive/2019/710/ms024,710,710,M25 Vero Beach,FU,2019-04-29,R32,Round of 32,L,TA66,Maksim,Tikhomirov,USA,0,7-6(6) 6-7(5) 5-7,,False,False,H0A4_2019.txt,ITF Futures,False,H0A4:2019/710/ms024,sackmann,True,False,False,False,False,False,False,False,False,False,False,False,False,False,2,"Result, no statistics",,Nick Hardt
H0A4,2019,en/scores/match-stats/archive/2019/5069/ms016,5069,5069,Sarasota,CH,2019-04-15,R32,Round of 32,L,DA31,Hugo,Dellien,BOL,75,4-6 2-6,,False,True,H0A4_2019.txt,Challenger main draw,False,H0A4:2019/5069/ms016,"sackmann,tml",True,True,False,False,False,False,False,False,True,True,False,False,False,False,3,Result + serve/return totals,,Nick Hardt
H0A4,2019,en/scores/match-stats/archive/2019/5069/ms033,5069,5069,Sarasota,CH,2019-04-15,R64,Round of 64,W,RC62,Michael,Redlicki,USA,315,3-6 6-3 6-3,,False,True,H0A4_2019.txt,Challenger main draw,False,H0A4:2019/5069/ms033,"sackmann,tml",True,True,False,False,False,False,False,False,True,True,False,False,False,False,3,Result + serve/return totals,,Nick Hardt
H0A4,2019,en/scores/match-stats/archive/2019/8241/ms009,8241,8241,M15 Sunrise,FU,2019-04-08,R16,Round of 16,L,AB54,Harrison,Adams,USA,444,6-1 4-6 1-6,,False,False,H0A4_2019.txt,ITF Futures,False,H0A4:2019/8241/ms009,sackmann,True,False,False,False,False,False,False,False,False,False,False,False,False,False,2,"Result, no statistics",,Nick Hardt
H0A4,2019,en/scores/match-stats/archive/2019/8241/ms018,8241,8241,M15 Sunrise,FU,2019-04-08,R32,Round of 32,W,D0DP,Liam,Draxl,CAN,608,6-2 6-4,,False,False,H0A4_2019.txt,ITF Futures,False,H0A4:2019/8241/ms018,sackmann,True,False,False,False,False,False,False,False,False,False,False,False,False,False,2,"Result, no statistics",,Nick Hardt
H0A4,2019,en/scores/match-stats/archive/2019/8200/ms028,8200,8200,M15 Antalya,FU,2019-03-11,R32,Round of 32,L,K0AH,Sebastian,Korda,USA,519,2-6 2-6,,False,False,H0A4_2019.txt,ITF Futures,False,H0A4:2019/8200/ms028,sackmann,True,False,False,False,False,False,False,False,False,False,False,False,False,False,2,"Result, no statistics",,Nick Hardt
H0A4,2019,en/scores/match-stats/archive/2019/8189/ms003,8189,8189,M15 Antalya,FU,2019-03-04,SF,Semi-Finals,L,N561,Ivan,Nedelko,RUS,433,4-6 0-3,RET,False,False,H0A4_2019.txt,ITF Futures,False,H0A4:2019/8189/ms003,sackmann,True,False,False,False,False,False,False,False,False,False,False,False,False,False,2,"Result, no statistics",,Nick Hardt
H0A4,2019,en/scores/match-stats/archive/2019/8189/ms006,8189,8189,M15 Antalya,FU,2019-03-04,QF,Quarter-Finals,W,N661,Marvin,Netuschil,GER,431,6-2 6-1,,False,False,H0A4_2019.txt,ITF Futures,False,H0A4:2019/8189/ms006,sackmann,True,False,False,False,False,False,False,False,False,False,False,False,False,False,2,"Result, no statistics",,Nick Hardt
H0A4,2019,en/scores/match-stats/archive/2019/8189/ms012,8189,8189,M15 Antalya,FU,2019-03-04,R16,Round of 16,W,C0DB,Alberto,Colas Sanchez,ESP,0,6-1 6-4,,False,False,H0A4_2019.txt,ITF Futures,False,H0A4:2019/8189/ms012,sackmann,True,False,False,False,False,False,False,False,False,False,False,False,False,False,2,"Result, no statistics",,Nick Hardt
H0A4,2019,en/scores/match-stats/archive/2019/8189/ms024,8189,8189,M15 Antalya,FU,2019-03-04,R32,Round of 32,W,RC24,Or,Ram-Harel,ISR,586,7-5 6-3,,False,False,H0A4_2019.txt,ITF Futures,False,H0A4:2019/8189/ms024,sackmann,True,False,False,False,False,False,False,False,False,False,False,False,False,False,2,"Result, no statistics",,Nick Hardt
H0A4,2019,en/scores/match-stats/archive/2019/8180/ms011,8180,8180,M15 Antalya,FU,2019-02-25,R16,Round of 16,L,PC63,Alessandro,Petrone,ITA,675,6-3 3-6 2-6,,False,False,H0A4_2019.txt,ITF Futures,False,H0A4:2019/8180/ms011,sackmann,True,False,False,False,False,False,False,False,False,False,False,False,False,False,2,"Result, no statistics",,Nick Hardt
H0A4,2019,en/scores/match-stats/archive/2019/8180/ms022,8180,8180,M15 Antalya,FU,2019-02-25,R32,Round of 32,W,F09U,Matyas,Fuele,HUN,0,7-5 3-6 6-2,,False,False,H0A4_2019.txt,ITF Futures,False,H0A4:2019/8180/ms022,sackmann,True,False,False,False,False,False,False,False,False,False,False,False,False,False,2,"Result, no statistics",,Nick Hardt
H0A4,2019,en/scores/match-stats/archive/2019/8174/ms021,8174,8174,M15 Antalya,FU,2019-02-18,R32,Round of 32,L,PC09,Jose,Pereira,BRA,669,5-7 4-6,,False,False,H0A4_2019.txt,ITF Futures,False,H0A4:2019/8174/ms021,sackmann,True,False,False,False,False,False,False,False,False,False,False,False,False,False,2,"Result, no statistics",,Nick Hardt
H0A4,2019,en/scores/match-stats/archive/2019/8167/ms012,8167,8167,M15 Antalya,FU,2019-02-11,R16,Round of 16,L,K0AH,Sebastian,Korda,USA,523,6-7(2) 1-6,,False,False,H0A4_2019.txt,ITF Futures,False,H0A4:2019/8167/ms012,sackmann,True,False,False,False,False,False,False,False,False,False,False,False,False,False,2,"Result, no statistics",,Nick Hardt
H0A4,2019,en/scores/match-stats/archive/2019/8167/ms025,8167,8167,M15 Antalya,FU,2019-02-11,R32,Round of 32,W,U133,Mike,Urbanija,SLO,0,6-2 7-5,,False,False,H0A4_2019.txt,ITF Futures,False,H0A4:2019/8167/ms025,sackmann,True,False,False,False,False,False,False,False,False,False,False,False,False,False,2,"Result, no statistics",,Nick Hardt
H0A4,2019,en/scores/match-stats/archive/2019/8151/ms018,8151,8151,M25 Weston,FU,2019-01-28,R32,Round of 32,L,RB73,Pietro,Rondoni,ITA,495,6-2 1-6 6-7(6),,False,False,H0A4_2019.txt,ITF Futures,False,H0A4:2019/8151/ms018,sackmann,True,False,False,False,False,False,False,False,False,False,False,False,False,False,2,"Result, no statistics",,Nick Hardt
H0A4,2019,en/scores/match-stats/archive/2019/8142/ms009,8142,8142,M15 Naples,FU,2019-01-14,R16,Round of 16,L,RB73,Pietro,Rondoni,ITA,496,3-6 4-6,,False,False,H0A4_2019.txt,ITF Futures,False,H0A4:2019/8142/ms009,sackmann,True,False,False,False,False,False,False,False,False,False,False,False,False,False,2,"Result, no statistics",,Nick Hardt
H0A4,2019,en/scores/match-stats/archive/2019/8142/ms018,8142,8142,M15 Naples,FU,2019-01-14,R32,Round of 32,W,M0HT,Alejandro,Moro Canas,ESP,0,2-6 7-5 6-2,,False,False,H0A4_2019.txt,ITF Futures,False,H0A4:2019/8142/ms018,sackmann,True,False,False,False,False,False,False,False,False,False,False,False,False,False,2,"Result, no statistics",,Nick Hardt
H0A4,2020,en/scores/match-stats/archive/2020/9194/ms041,9194,9194,Columbus - CH,CH,2020-02-24,R64,Round of 64,L,RB00,Ricardo,Rodriguez - Pace,VEN,513,6-2 3-6 0-6,,False,True,H0A4_2020.txt,Challenger main draw,False,H0A4:2020/9194/ms041,"sackmann,tml",True,True,False,False,False,False,False,False,True,True,False,False,False,False,3,Result + serve/return totals,,Nick Hardt
H0A4,2020,en/scores/match-stats/archive/2020/8262/ms028,8262,8262,M15 Cancun,FU,2020-03-09,R32,Round of 32,L,LI10,Christian,Langmo,USA,573,4-6 3-6,,False,False,H0A4_2020.txt,ITF Futures,False,H0A4:2020/8262/ms028,sackmann,True,False,False,False,False,False,False,False,False,False,False,False,False,False,2,"Result, no statistics",,Nick Hardt
H0A4,2020,en/scores/match-stats/archive/2020/7468/ms023,7468,7468,M15 Santo Domingo,FU,2020-11-30,R32,Round of 32,W,LI10,Christian,Langmo,USA,582,7-5 6-3,,False,False,H0A4_2020.txt,ITF Futures,False,H0A4:2020/7468/ms023,sackmann,True,False,False,False,False,False,False,False,False,False,False,False,False,False,2,"Result, no statistics",,Nick Hardt
H0A4,2020,en/scores/match-stats/archive/2020/7468/ms011,7468,7468,M15 Santo Domingo,FU,2020-11-30,R16,Round of 16,L,K0EQ,Zane,Khan,USA,980,3-6 2-6,,False,False,H0A4_2020.txt,ITF Futures,False,H0A4:2020/7468/ms011,sackmann,True,False,False,False,False,False,False,False,False,False,False,False,False,False,2,"Result, no statistics",,Nick Hardt
H0A4,2020,en/scores/match-stats/archive/2020/7476/ms023,7476,7476,M15 Santo Domingo,FU,2020-12-07,R32,Round of 32,W,K0EQ,Zane,Khan,USA,983,6-4 3-0,RET,False,False,H0A4_2020.txt,ITF Futures,False,H0A4:2020/7476/ms023,sackmann,True,False,False,False,False,False,False,False,False,False,False,False,False,False,2,"Result, no statistics",,Nick Hardt
H0A4,2020,en/scores/match-stats/archive/2020/7476/ms011,7476,7476,M15 Santo Domingo,FU,2020-12-07,R16,Round of 16,W,LI10,Christian,Langmo,USA,584,6-1 6-1,,False,False,H0A4_2020.txt,ITF Futures,False,H0A4:2020/7476/ms011,sackmann,True,False,False,False,False,False,False,False,False,False,False,False,False,False,2,"Result, no statistics",,Nick Hardt
H0A4,2020,en/scores/match-stats/archive/2020/7476/ms005,7476,7476,M15 Santo Domingo,FU,2020-12-07,QF,Quarter-Finals,W,S0DQ,Keegan,Smith,USA,791,6-1 4-6 6-3,,False,False,H0A4_2020.txt,ITF Futures,False,H0A4:2020/7476/ms005,sackmann,True,False,False,False,False,False,False,False,False,False,False,False,False,False,2,"Result, no statistics",,Nick Hardt
H0A4,2020,en/scores/match-stats/archive/2020/7476/ms002,7476,7476,M15 Santo Domingo,FU,2020-12-07,SF,Semi-Finals,W,CF10,Nick,Chappell,USA,420,6-3 6-2,,False,False,H0A4_2020.txt,ITF Futures,False,H0A4:2020/7476/ms002,sackmann,True,False,False,False,False,False,False,False,False,False,False,False,False,False,2,"Result, no statistics",,Nick Hardt
H0A4,2020,en/scores/match-stats/archive/2020/7476/ms001,7476,7476,M15 Santo Domingo,FU,2020-12-07,F,Finals,W,C0AK,Oliver,Crawford,GBR,745,6-4 6-0,,False,False,H0A4_2020.txt,ITF Futures,False,H0A4:2020/7476/ms001,sackmann,True,False,False,False,False,False,False,False,False,False,False,False,False,False,2,"Result, no statistics",,Nick Hardt
H0A4,2020,en/scores/match-stats/archive/2020/6802/ms023,6802,6802,M15 Sintra,FU,2020-09-07,R32,Round of 32,L,F664,Sebastian,Fanselow,GER,474,0-6 3-6,,False,False,H0A4_2020.txt,ITF Futures,False,H0A4:2020/6802/ms023,sackmann,True,False,False,False,False,False,False,False,False,False,False,False,False,False,2,"Result, no statistics",,Nick Hardt
H0A4,2020,en/scores/match-stats/archive/2020/6806/ms024,6806,6806,M15 Sintra,FU,2020-09-14,R32,Round of 32,L,F664,Sebastian,Fanselow,GER,476,6-2 5-7 2-6,,False,False,H0A4_2020.txt,ITF Futures,False,H0A4:2020/6806/ms024,sackmann,True,False,False,False,False,False,False,False,False,False,False,False,False,False,2,"Result, no statistics",,Nick Hardt
H0A4,2020,en/scores/match-stats/archive/2020/8162/ms025,8162,8162,M25 Naples,FU,2020-02-10,R32,Round of 32,L,R913,Cristian,Rodriguez,COL,475,3-6 4-6,,False,False,H0A4_2020.txt,ITF Futures,False,H0A4:2020/8162/ms025,sackmann,True,False,False,False,False,False,False,False,False,False,False,False,False,False,2,"Result, no statistics",,Nick Hardt
H0A4,2020,en/scores/match-stats/archive/2020/8151/ms025,8151,8151,M25 Palm Coast,FU,2020-02-03,R32,Round of 32,L,GF23,Lucas,Gerch,GER,437,6-4 1-6 3-6,,False,False,H0A4_2020.txt,ITF Futures,False,H0A4:2020/8151/ms025,sackmann,True,False,False,False,False,False,False,False,False,False,False,False,False,False,2,"Result, no statistics",,Nick Hardt
H0A4,2020,en/scores/match-stats/archive/2020/8145/ms029,8145,8145,M25 Weston,FU,2020-01-27,R32,Round of 32,L,PG04,Martins,Podzus,LAT,457,3-6 2-6,,False,False,H0A4_2020.txt,ITF Futures,False,H0A4:2020/8145/ms029,sackmann,True,False,False,False,False,False,False,False,False,False,False,False,False,False,2,"Result, no statistics",,Nick Hardt
H09P,2016,en/scores/match-stats/archive/2016/614/ms027,614,614,U.S.A. F1,FU,2016-01-04,R32,Round of 32,L,BC68,Philip,Bester,CAN,303,4-6 3-6,,False,False,H09P_2016.txt,ITF Futures,False,H09P:2016/614/ms027,sackmann,True,False,False,False,False,False,False,False,False,False,False,False,False,False,2,"Result, no statistics",,Brandon Holt
H09P,2016,en/scores/match-stats/archive/2016/579/ms021,579,579,U.S.A. F2,FU,2016-01-11,R32,Round of 32,L,TB84,Clay,Thompson,USA,471,3-6 3-6,,False,False,H09P_2016.txt,ITF Futures,False,H09P:2016/579/ms021,sackmann,True,False,False,False,False,False,False,False,False,False,False,False,False,False,2,"Result, no statistics",,Brandon Holt
H09P,2016,en/scores/match-stats/archive/2016/229/ms028,229,229,U.S.A. F7,FU,2016-02-15,R32,Round of 32,L,MJ98,Facundo,Mena,ARG,329,6-7(3) 2-6,,False,False,H09P_2016.txt,ITF Futures,False,H09P:2016/229/ms028,sackmann,True,False,False,False,False,False,False,False,False,False,False,False,False,False,2,"Result, no statistics",,Brandon Holt
H09P,2017,en/scores/match-stats/archive/2017/7345/qs021,7345,7345,Las Vegas,CH,2017-10-16,Q1,1st Round Qualifying,L,ML73,Skander,Mansouri,TUN,898,3-6 7-5 5-7,,False,True,H09P_2017.txt,Challenger qualifying,False,H09P:2017/7345/qs021,sackmann,True,False,False,False,False,False,False,False,True,False,False,False,False,False,3,Result + serve/return totals,,Brandon Holt
H09P,2017,en/scores/match-stats/archive/2017/6685/ms010,6685,6685,U.S.A. F32,FU,2017-09-25,R16,Round of 16,L,RC91,Arthur,Rinderknech,FRA,1160,6-2 4-6 3-6,,False,False,H09P_2017.txt,ITF Futures,False,H09P:2017/6685/ms010,sackmann,True,False,False,False,False,False,False,False,False,False,False,False,False,False,2,"Result, no statistics",,Brandon Holt
H09P,2017,en/scores/match-stats/archive/2017/6685/ms021,6685,6685,U.S.A. F32,FU,2017-09-25,R32,Round of 32,W,AC84,Collin,Altamirano,USA,851,6-2 6-1,,False,False,H09P_2017.txt,ITF Futures,False,H09P:2017/6685/ms021,sackmann,True,False,False,False,False,False,False,False,False,False,False,False,False,False,2,"Result, no statistics",,Brandon Holt
H09P,2017,en/scores/match-stats/archive/2017/467/qs014,467,467,Aptos,CH,2017-08-07,Q2,2nd Round Qualifying,L,BI23,Liam,Broady,GBR,336,3-6 2-6,,False,True,H09P_2017.txt,Challenger qualifying,False,H09P:2017/467/qs014,sackmann,True,False,False,False,False,False,False,False,True,False,False,False,False,False,3,Result + serve/return totals,,Brandon Holt
H09P,2017,en/scores/match-stats/archive/2017/467/qs029,467,467,Aptos,CH,2017-08-07,Q1,1st Round Qualifying,W,F824,Connor,Farren,USA,830,6-4 6-3,,False,True,H09P_2017.txt,Challenger qualifying,False,H09P:2017/467/qs029,sackmann,True,False,False,False,False,False,False,False,True,False,False,False,False,False,3,Result + serve/return totals,,Brandon Holt
H09P,2017,en/scores/match-stats/archive/2017/670/ms026,670,670,Binghamton,CH,2017-07-24,R32,Round of 32,L,N555,Daniel,Nguyen,USA,353,3-6 6-2 3-6,,False,True,H09P_2017.txt,Challenger main draw,False,H09P:2017/670/ms026,"sackmann,tml",True,True,False,False,False,False,False,False,True,True,False,False,False,False,3,Result + serve/return totals,,Brandon Holt
H09P,2017,en/scores/match-stats/archive/2017/250/ms003,250,250,U.S.A. F24,FU,2017-07-17,SF,Semi-Finals,L,SF89,Rubin,Statham,NZL,317,3-6 7-6(5) 3-6,,False,False,H09P_2017.txt,ITF Futures,False,H09P:2017/250/ms003,sackmann,True,False,False,False,False,False,False,False,False,False,False,False,False,False,2,"Result, no statistics",,Brandon Holt
H09P,2017,en/scores/match-stats/archive/2017/250/ms006,250,250,U.S.A. F24,FU,2017-07-17,QF,Quarter-Finals,W,J505,Eric,Johnson,USA,1183,6-2 6-1,,False,False,H09P_2017.txt,ITF Futures,False,H09P:2017/250/ms006,sackmann,True,False,False,False,False,False,False,False,False,False,False,False,False,False,2,"Result, no statistics",,Brandon Holt
H09P,2017,en/scores/match-stats/archive/2017/250/ms012,250,250,U.S.A. F24,FU,2017-07-17,R16,Round of 16,W,O660,Genaro Alberto,Olivieri,ARG,612,6-3 7-5,,False,False,H09P_2017.txt,ITF Futures,False,H09P:2017/250/ms012,sackmann,True,False,False,False,False,False,False,False,False,False,False,False,False,False,2,"Result, no statistics",,Brandon Holt
H09P,2017,en/scores/match-stats/archive/2017/250/ms025,250,250,U.S.A. F24,FU,2017-07-17,R32,Round of 32,W,SY62,Riley,Smith,USA,1290,6-3 6-2,,False,False,H09P_2017.txt,ITF Futures,False,H09P:2017/250/ms025,sackmann,True,False,False,False,False,False,False,False,False,False,False,False,False,False,2,"Result, no statistics",,Brandon Holt
H09P,2017,en/scores/match-stats/archive/2017/228/qs009,228,228,Winnetka,CH,2017-07-10,Q2,2nd Round Qualifying,L,S0CT,Jeffrey,Schorsch,USA,0,2-6 4-6,,False,True,H09P_2017.txt,Challenger qualifying,False,H09P:2017/228/qs009,sackmann,True,False,False,False,False,False,False,False,True,False,False,False,False,False,3,Result + serve/return totals,,Brandon Holt
H09P,2017,en/scores/match-stats/archive/2017/530/ms010,530,530,U.S.A. F19,FU,2017-06-19,R16,Round of 16,L,SI72,Wil,Spencer,USA,535,,W/O,False,False,H09P_2017.txt,ITF Futures,True,H09P:2017/530/ms010,sackmann,True,False,False,False,False,False,False,False,False,False,False,False,False,False,2,"Result, no statistics",,Brandon Holt
H09P,2017,en/scores/match-stats/archive/2017/530/ms021,530,530,U.S.A. F19,FU,2017-06-19,R32,Round of 32,W,S0DQ,Keegan,Smith,USA,1001,7-6(2) 6-2,,False,False,H09P_2017.txt,ITF Futures,False,H09P:2017/530/ms021,sackmann,True,False,False,False,False,False,False,False,False,False,False,False,False,False,2,"Result, no statistics",,Brandon Holt
H09P,2017,en/scores/match-stats/archive/2017/734/ms006,734,734,U.S.A. F17,FU,2017-06-12,QF,Quarter-Finals,L,KB14,Kevin,King,USA,612,5-7 2-6,,False,False,H09P_2017.txt,ITF Futures,False,H09P:2017/734/ms006,sackmann,True,False,False,False,False,False,False,False,False,False,False,False,False,False,2,"Result, no statistics",,Brandon Holt
H09P,2017,en/scores/match-stats/archive/2017/734/ms012,734,734,U.S.A. F17,FU,2017-06-12,R16,Round of 16,W,GH92,Borna,Gojo,CRO,784,7-5 6-7(4) 7-5,,False,False,H09P_2017.txt,ITF Futures,False,H09P:2017/734/ms012,sackmann,True,False,False,False,False,False,False,False,False,False,False,False,False,False,2,"Result, no statistics",,Brandon Holt
H09P,2017,en/scores/match-stats/archive/2017/734/ms024,734,734,U.S.A. F17,FU,2017-06-12,R32,Round of 32,W,SQ48,Ryan,Shane,USA,501,7-5 6-2,,False,False,H09P_2017.txt,ITF Futures,False,H09P:2017/734/ms024,sackmann,True,False,False,False,False,False,False,False,False,False,False,False,False,False,2,"Result, no statistics",,Brandon Holt
H09P,2017,en/scores/match-stats/archive/2017/579/ms008,579,579,U.S.A. F2,FU,2017-01-09,R16,Round of 16,L,PL56,Tommy,Paul,USA,280,3-6 6-7(2),,False,False,H09P_2017.txt,ITF Futures,False,H09P:2017/579/ms008,sackmann,True,False,False,False,False,False,False,False,False,False,False,False,False,False,2,"Result, no statistics",,Brandon Holt
H09P,2017,en/scores/match-stats/archive/2017/579/ms017,579,579,U.S.A. F2,FU,2017-01-09,R32,Round of 32,W,BK05,Luke,Bambridge,GBR,615,6-1 6-4,,False,False,H09P_2017.txt,ITF Futures,False,H09P:2017/579/ms017,sackmann,True,False,False,False,False,False,False,False,False,False,False,False,False,False,2,"Result, no statistics",,Brandon Holt
H09P,2017,en/scores/match-stats/archive/2017/614/ms020,614,614,U.S.A. F1,FU,2017-01-02,R32,Round of 32,L,GA36,Emilio,Gomez,ECU,294,3-6 5-7,,False,False,H09P_2017.txt,ITF Futures,False,H09P:2017/614/ms020,sackmann,True,False,False,False,False,False,False,False,False,False,False,False,False,False,2,"Result, no statistics",,Brandon Holt
H09P,2018,en/scores/match-stats/archive/2018/614/ms030,614,614,U.S.A. F1,FU,2018-01-01,R32,Round of 32,L,L0CP,Alexander,Lebedev,USA,0,3-6 2-6,,False,True,H09P_2018_a.txt,ITF Futures,False,H09P:2018/614/ms030,sackmann,True,False,False,False,False,False,False,False,False,False,False,False,False,False,2,"Result, no statistics",,Brandon Holt
H09P,2018,en/scores/match-stats/archive/2018/530/ms029,530,530,U.S.A. F19,FU,2018-07-02,R32,Round of 32,W,CN15,Felix,Corwin,USA,1517,7-6(1) 7-6(8),,False,True,H09P_2018_b.txt,ITF Futures,False,H09P:2018/530/ms029,sackmann,True,False,False,False,False,False,False,False,False,False,False,False,False,False,2,"Result, no statistics",,Brandon Holt
H09P,2018,en/scores/match-stats/archive/2018/530/ms014,530,530,U.S.A. F19,FU,2018-07-02,R16,Round of 16,W,DF88,Aziz,Dougaz,TUN,676,3-6 7-6(6) 7-6(2),,False,True,H09P_2018_b.txt,ITF Futures,False,H09P:2018/530/ms014,sackmann,True,False,False,False,False,False,False,False,False,False,False,False,False,False,2,"Result, no statistics",,Brandon Holt
H09P,2018,en/scores/match-stats/archive/2018/530/ms007,530,530,U.S.A. F19,FU,2018-07-02,QF,Quarter-Finals,L,HB29,Andrew,Harris,AUS,383,0-6 0-6,,False,False,H09P_2018_b.txt,ITF Futures,False,H09P:2018/530/ms007,sackmann,True,False,False,False,False,False,False,False,False,False,False,False,False,False,2,"Result, no statistics",,Brandon Holt
H09P,2018,en/scores/match-stats/archive/2018/2090/ms024,2090,2090,Canada F4,FU,2018-06-25,R32,Round of 32,W,HA47,Alexios,Halebian,USA,679,6-1 4-6 6-4,,False,False,H09P_2018_b.txt,ITF Futures,False,H09P:2018/2090/ms024,sackmann,True,False,False,False,False,False,False,False,False,False,False,False,False,False,2,"Result, no statistics",,Brandon Holt
H09P,2018,en/scores/match-stats/archive/2018/2090/ms012,2090,2090,Canada F4,FU,2018-06-25,R16,Round of 16,L,A09W,Juan Carlos,Aguilar,CAN,0,6-4 3-6 6-7(8),,False,False,H09P_2018_b.txt,ITF Futures,False,H09P:2018/2090/ms012,sackmann,True,False,False,False,False,False,False,False,False,False,False,False,False,False,2,"Result, no statistics",,Brandon Holt
H09P,2018,en/scores/match-stats/archive/2018/228/qs017,228,228,Winnetka,CH,2018-07-09,Q1,1st Round Qualifying,L,SF11,Michael,Shabaz,USA,1606,3-6 6-7(3),,False,True,H09P_2018_b.txt,Challenger qualifying,False,H09P:2018/228/qs017,sackmann,True,False,False,False,False,False,False,False,True,False,False,False,False,False,3,Result + serve/return totals,,Brandon Holt
H09P,2018,en/scores/match-stats/archive/2018/670/qs025,670,670,Binghamton,CH,2018-07-23,Q1,1st Round Qualifying,L,FB59,Francesco,Ferrari,ITA,911,4-6 3-6,,False,True,H09P_2018_b.txt,Challenger qualifying,False,H09P:2018/670/qs025,sackmann,True,False,False,False,False,False,False,False,True,False,False,False,False,False,3,Result + serve/return totals,,Brandon Holt
H09P,2018,en/scores/match-stats/archive/2018/467/ms023,467,467,Aptos,CH,2018-08-06,R32,Round of 32,L,GA94,Prajnesh,Gunneswaran,IND,171,6-4 4-6 2-6,,False,True,H09P_2018_b.txt,Challenger main draw,False,H09P:2018/467/ms023,"sackmann,tml",True,True,False,False,False,False,False,False,True,True,False,False,False,False,3,Result + serve/return totals,,Brandon Holt
H09P,2018,en/scores/match-stats/archive/2018/250/ms022,250,250,U.S.A. F24,FU,2018-09-10,R32,Round of 32,W,A0BY,Alec,Adamson,USA,1031,6-2 6-1,,False,False,H09P_2018_b.txt,ITF Futures,False,H09P:2018/250/ms022,sackmann,True,False,False,False,False,False,False,False,False,False,False,False,False,False,2,"Result, no statistics",,Brandon Holt
H09P,2018,en/scores/match-stats/archive/2018/250/ms011,250,250,U.S.A. F24,FU,2018-09-10,R16,Round of 16,W,KE36,Dominik,Kellovsky,CZE,928,6-1 6-3,,False,False,H09P_2018_b.txt,ITF Futures,False,H09P:2018/250/ms011,sackmann,True,False,False,False,False,False,False,False,False,False,False,False,False,False,2,"Result, no statistics",,Brandon Holt
H09P,2018,en/scores/match-stats/archive/2018/250/ms005,250,250,U.S.A. F24,FU,2018-09-10,QF,Quarter-Finals,W,CL82,Daniel,Cukierman,ISR,1217,1-6 6-4 6-2,,False,False,H09P_2018_b.txt,ITF Futures,False,H09P:2018/250/ms005,sackmann,True,False,False,False,False,False,False,False,False,False,False,False,False,False,2,"Result, no statistics",,Brandon Holt
H09P,2018,en/scores/match-stats/archive/2018/250/ms002,250,250,U.S.A. F24,FU,2018-09-10,SF,Semi-Finals,W,SR94,Samuel,Shropshire,USA,1012,6-2 6-1,,False,False,H09P_2018_b.txt,ITF Futures,False,H09P:2018/250/ms002,sackmann,True,False,False,False,False,False,False,False,False,False,False,False,False,False,2,"Result, no statistics",,Brandon Holt
H09P,2018,en/scores/match-stats/archive/2018/250/ms001,250,250,U.S.A. F24,FU,2018-09-10,F,Finals,W,RC93,Martin,Redlicki,USA,618,3-6 6-3 6-2,,False,False,H09P_2018_b.txt,ITF Futures,False,H09P:2018/250/ms001,sackmann,True,False,False,False,False,False,False,False,False,False,False,False,False,False,2,"Result, no statistics",,Brandon Holt
H09P,2018,en/scores/match-stats/archive/2018/1768/ms026,1768,1768,Tiburon,CH,2018-09-24,R32,Round of 32,W,D916,Steven,Diez,CAN,341,6-3 7-6(4),,False,True,H09P_2018_b.txt,Challenger main draw,False,H09P:2018/1768/ms026,"sackmann,tml",True,True,False,False,False,False,False,False,True,True,False,False,False,False,3,Result + serve/return totals,,Brandon Holt
H09P,2018,en/scores/match-stats/archive/2018/1768/ms013,1768,1768,Tiburon,CH,2018-09-24,R16,Round of 16,L,PL56,Tommy,Paul,USA,343,0-5,RET,False,True,H09P_2018_b.txt,Challenger main draw,False,H09P:2018/1768/ms013,"sackmann,tml",True,True,False,False,False,False,False,False,True,True,False,False,False,False,3,Result + serve/return totals,,Brandon Holt
H09P,2019,en/scores/match-stats/archive/2019/9134/ms041,9134,9134,Houston,CH,2019-11-11,R64,Round of 64,W,SQ79,Colin,Sinclair,NMI,597,6-1 7-5,,False,True,H09P_2019.txt,Challenger main draw,False,H09P:2019/9134/ms041,sackmann,True,False,False,False,False,False,False,False,True,False,False,False,False,False,3,Result + serve/return totals,,Brandon Holt
H09P,2019,en/scores/match-stats/archive/2019/9134/ms020,9134,9134,Houston,CH,2019-11-11,R32,Round of 32,L,GC88,Marcos,Giron,USA,123,6-7(4) 7-6(7) 2-6,,False,True,H09P_2019.txt,Challenger main draw,False,H09P:2019/9134/ms020,sackmann,True,False,False,False,False,False,False,False,True,False,False,False,False,False,3,Result + serve/return totals,,Brandon Holt
H09P,2019,en/scores/match-stats/archive/2019/8349/ms029,8349,8349,M25 Malibu,FU,2019-11-04,R32,Round of 32,W,SY72,Reese,Stalder,USA,1159,6-4 6-1,,False,False,H09P_2019.txt,ITF Futures,False,H09P:2019/8349/ms029,sackmann,True,False,False,False,False,False,False,False,False,False,False,False,False,False,2,"Result, no statistics",,Brandon Holt
H09P,2019,en/scores/match-stats/archive/2019/8349/ms014,8349,8349,M25 Malibu,FU,2019-11-04,R16,Round of 16,W,RC93,Martin,Redlicki,USA,431,6-2 3-6 7-5,,False,False,H09P_2019.txt,ITF Futures,False,H09P:2019/8349/ms014,sackmann,True,False,False,False,False,False,False,False,False,False,False,False,False,False,2,"Result, no statistics",,Brandon Holt
H09P,2019,en/scores/match-stats/archive/2019/8349/ms007,8349,8349,M25 Malibu,FU,2019-11-04,QF,Quarter-Finals,L,AE14,Daniel,Altmaier,GER,364,6-7(1) 2-6,,False,False,H09P_2019.txt,ITF Futures,False,H09P:2019/8349/ms007,sackmann,True,False,False,False,False,False,False,False,False,False,False,False,False,False,2,"Result, no statistics",,Brandon Holt
H09P,2019,en/scores/match-stats/archive/2019/7339/ms041,7339,7339,Fairfield,CH,2019-10-07,R64,Round of 64,W,AC84,Collin,Altamirano,USA,362,6-2 6-2,,False,True,H09P_2019.txt,Challenger main draw,False,H09P:2019/7339/ms041,sackmann,True,False,False,False,False,False,False,False,True,False,False,False,False,False,3,Result + serve/return totals,,Brandon Holt
H09P,2019,en/scores/match-stats/archive/2019/7339/ms020,7339,7339,Fairfield,CH,2019-10-07,R32,Round of 32,L,DA81,Taro,Daniel,JPN,111,1-6 4-6,,False,True,H09P_2019.txt,Challenger main draw,False,H09P:2019/7339/ms020,sackmann,True,False,False,False,False,False,False,False,True,False,False,False,False,False,3,Result + serve/return totals,,Brandon Holt
H09P,2019,en/scores/match-stats/archive/2019/1768/ms033,1768,1768,Tiburon,CH,2019-09-23,R64,Round of 64,W,SL09,Raymond,Sarmiento,USA,661,6-4 7-6(6) 6-3,,False,True,H09P_2019.txt,Challenger main draw,False,H09P:2019/1768/ms033,sackmann,True,False,False,False,False,False,False,False,True,False,False,False,False,False,3,Result + serve/return totals,,Brandon Holt
H09P,2019,en/scores/match-stats/archive/2019/1768/ms016,1768,1768,Tiburon,CH,2019-09-23,R32,Round of 32,L,PL56,Tommy,Paul,USA,87,7-5 3-6 2-6,,False,True,H09P_2019.txt,Challenger main draw,False,H09P:2019/1768/ms016,sackmann,True,False,False,False,False,False,False,False,True,False,False,False,False,False,3,Result + serve/return totals,,Brandon Holt
H09P,2019,en/scores/match-stats/archive/2019/467/ms033,467,467,Aptos,CH,2019-08-05,R64,Round of 64,L,S0DQ,Keegan,Smith,USA,1530,4-6 3-6,,False,True,H09P_2019.txt,Challenger main draw,False,H09P:2019/467/ms033,sackmann,True,False,False,False,False,False,False,False,True,False,False,False,False,False,3,Result + serve/return totals,,Brandon Holt
H09P,2019,en/scores/match-stats/archive/2019/877/ms058,877,877,Granby,CH,2019-07-22,R64,Round of 64,W,D0DP,Liam,Draxl,CAN,561,6-4 6-4,,False,True,H09P_2019.txt,Challenger main draw,False,H09P:2019/877/ms058,sackmann,True,False,False,False,False,False,False,False,True,False,False,False,False,False,3,Result + serve/return totals,,Brandon Holt
H09P,2019,en/scores/match-stats/archive/2019/877/ms029,877,877,Granby,CH,2019-07-22,R32,Round of 32,L,D916,Steven,Diez,CAN,212,2-6 4-6,,False,True,H09P_2019.txt,Challenger main draw,False,H09P:2019/877/ms029,sackmann,True,False,False,False,False,False,False,False,True,False,False,False,False,False,3,Result + serve/return totals,,Brandon Holt
H09P,2019,en/scores/match-stats/archive/2019/7557/ms054,7557,7557,Gatineau,CH,2019-07-15,R64,Round of 64,W,AC84,Collin,Altamirano,USA,283,6-1 7-6(1),,False,True,H09P_2019.txt,Challenger main draw,False,H09P:2019/7557/ms054,sackmann,True,False,False,False,False,False,False,False,True,False,False,False,False,False,3,Result + serve/return totals,,Brandon Holt
H09P,2019,en/scores/match-stats/archive/2019/7557/ms027,7557,7557,Gatineau,CH,2019-07-15,R32,Round of 32,L,MP01,Michael,Mmoh,USA,165,4-6 2-6,,False,True,H09P_2019.txt,Challenger main draw,False,H09P:2019/7557/ms027,sackmann,True,False,False,False,False,False,False,False,True,False,False,False,False,False,3,Result + serve/return totals,,Brandon Holt
H09P,2019,en/scores/match-stats/archive/2019/731/ms020,731,731,M25 Wichita,FU,2019-06-10,R32,Round of 32,W,BO03,Justin,Butsch,USA,0,6-4 6-2,,False,False,H09P_2019.txt,ITF Futures,False,H09P:2019/731/ms020,sackmann,True,False,False,False,False,False,False,False,False,False,False,False,False,False,2,"Result, no statistics",,Brandon Holt
H09P,2019,en/scores/match-stats/archive/2019/731/ms010,731,731,M25 Wichita,FU,2019-06-10,R16,Round of 16,W,CJ60,Alexandr,Cozbinov,MDA,0,6-0 6-2,,False,False,H09P_2019.txt,ITF Futures,False,H09P:2019/731/ms010,sackmann,True,False,False,False,False,False,False,False,False,False,False,False,False,False,2,"Result, no statistics",,Brandon Holt
H09P,2019,en/scores/match-stats/archive/2019/731/ms005,731,731,M25 Wichita,FU,2019-06-10,QF,Quarter-Finals,W,C0AK,Oliver,Crawford,GBR,537,6-4 6-4,,False,False,H09P_2019.txt,ITF Futures,False,H09P:2019/731/ms005,sackmann,True,False,False,False,False,False,False,False,False,False,False,False,False,False,2,"Result, no statistics",,Brandon Holt
H09P,2019,en/scores/match-stats/archive/2019/731/ms002,731,731,M25 Wichita,FU,2019-06-10,SF,Semi-Finals,W,Z09K,Evan,Zhu,USA,638,7-6(4) 6-3,,False,False,H09P_2019.txt,ITF Futures,False,H09P:2019/731/ms002,sackmann,True,False,False,False,False,False,False,False,False,False,False,False,False,False,2,"Result, no statistics",,Brandon Holt
H09P,2019,en/scores/match-stats/archive/2019/731/ms001,731,731,M25 Wichita,FU,2019-06-10,F,Finals,L,R0A5,Sam,Riffice,USA,541,1-6 4-6,,False,False,H09P_2019.txt,ITF Futures,False,H09P:2019/731/ms001,sackmann,True,False,False,False,False,False,False,False,False,False,False,False,False,False,2,"Result, no statistics",,Brandon Holt
H09P,2019,en/scores/match-stats/archive/2019/9188/ms061,9188,9188,Little Rock,CH,2019-06-03,R64,Round of 64,L,SL07,Alexander,Sarkissian,USA,345,2-6 7-5 4-6,,False,True,H09P_2019.txt,Challenger main draw,False,H09P:2019/9188/ms061,"sackmann,tml",True,True,False,False,False,False,False,False,True,True,False,False,False,False,3,Result + serve/return totals,,Brandon Holt
H09P,2019,en/scores/match-stats/archive/2019/8130/ms020,8130,8130,M25 Los Angeles,FU,2018-12-31,R32,Round of 32,W,GD08,Lloyd,Glasspool,GBR,428,6-4 6-2,,False,False,H09P_2019.txt,ITF Futures,False,H09P:2019/8130/ms020,sackmann,True,False,False,False,False,False,False,False,False,False,False,False,False,False,2,"Result, no statistics",,Brandon Holt
H09P,2019,en/scores/match-stats/archive/2019/8130/ms010,8130,8130,M25 Los Angeles,FU,2018-12-31,R16,Round of 16,W,PE42,Luis,Patino,MEX,569,3-6 6-0 6-1,,False,False,H09P_2019.txt,ITF Futures,False,H09P:2019/8130/ms010,sackmann,True,False,False,False,False,False,False,False,False,False,False,False,False,False,2,"Result, no statistics",,Brandon Holt
H09P,2019,en/scores/match-stats/archive/2019/8130/ms005,8130,8130,M25 Los Angeles,FU,2018-12-31,QF,Quarter-Finals,W,N555,Daniel,Nguyen,USA,542,6-4 6-2,,False,False,H09P_2019.txt,ITF Futures,False,H09P:2019/8130/ms005,sackmann,True,False,False,False,False,False,False,False,False,False,False,False,False,False,2,"Result, no statistics",,Brandon Holt
H09P,2019,en/scores/match-stats/archive/2019/8130/ms002,8130,8130,M25 Los Angeles,FU,2018-12-31,SF,Semi-Finals,W,B0CD,Jenson,Brooksby,USA,0,6-7(3) 6-1 6-4,,False,False,H09P_2019.txt,ITF Futures,False,H09P:2019/8130/ms002,sackmann,True,False,False,False,False,False,False,False,False,False,False,False,False,False,2,"Result, no statistics",,Brandon Holt
H09P,2019,en/scores/match-stats/archive/2019/8130/ms001,8130,8130,M25 Los Angeles,FU,2018-12-31,F,Finals,W,GA36,Emilio,Gomez,ECU,369,6-3 6-3,,False,False,H09P_2019.txt,ITF Futures,False,H09P:2019/8130/ms001,,False,False,False,False,False,False,False,False,False,False,False,False,False,False,0,Missing,rest of the event is present,Brandon Holt
H09P,2020,en/scores/match-stats/archive/2020/9152/ms025,9152,9152,Orlando,CH,2020-11-16,R32,Round of 32,L,S0K7,Zachary,Svajda,USA,954,5-7 3-6,,False,True,H09P_2020.txt,Challenger main draw,False,H09P:2020/9152/ms025,"sackmann,tml",True,True,False,False,False,False,False,False,True,True,False,False,False,False,3,Result + serve/return totals,,Brandon Holt
H09P,2020,en/scores/match-stats/archive/2020/8366/ms002,8366,8366,M15 Fayetteville,FU,2020-11-02,SF,Semi-Finals,L,GK06,Alexis,Galarneau,CAN,570,5-7 3-6,,False,False,H09P_2020.txt,ITF Futures,False,H09P:2020/8366/ms002,sackmann,True,False,False,False,False,False,False,False,False,False,False,False,False,False,2,"Result, no statistics",,Brandon Holt
H09P,2020,en/scores/match-stats/archive/2020/8366/ms005,8366,8366,M15 Fayetteville,FU,2020-11-02,QF,Quarter-Finals,W,K0A3,Patrick,Kypson,USA,770,7-6(5) 6-7(6) 6-1,,False,False,H09P_2020.txt,ITF Futures,False,H09P:2020/8366/ms005,sackmann,True,False,False,False,False,False,False,False,False,False,False,False,False,False,2,"Result, no statistics",,Brandon Holt
H09P,2020,en/scores/match-stats/archive/2020/8366/ms011,8366,8366,M15 Fayetteville,FU,2020-11-02,R16,Round of 16,W,BO03,Justin,Butsch,USA,689,,W/O,False,False,H09P_2020.txt,ITF Futures,True,H09P:2020/8366/ms011,sackmann,True,False,False,False,False,False,False,False,False,False,False,False,False,False,2,"Result, no statistics",,Brandon Holt
H09P,2020,en/scores/match-stats/archive/2020/8366/ms023,8366,8366,M15 Fayetteville,FU,2020-11-02,R32,Round of 32,W,PH67,Nathan,Ponwith,USA,684,6-2 6-4,,False,False,H09P_2020.txt,ITF Futures,False,H09P:2020/8366/ms023,sackmann,True,False,False,False,False,False,False,False,False,False,False,False,False,False,2,"Result, no statistics",,Brandon Holt
H09P,2020,en/scores/match-stats/archive/2020/7851/ms053,7851,7851,Indian Wells,CH,2020-03-02,R64,Round of 64,L,K0AH,Sebastian,Korda,USA,225,3-6 1-6,,False,True,H09P_2020.txt,Challenger main draw,False,H09P:2020/7851/ms053,"sackmann,tml",True,True,False,False,False,False,False,False,True,True,False,False,False,False,3,Result + serve/return totals,,Brandon Holt
H09P,2020,en/scores/match-stats/archive/2020/8132/ms013,8132,8132,M25 Rancho Santa Fe,FU,2020-01-13,R16,Round of 16,L,BU54,Geoffrey,Blancaneaux,FRA,316,3-6 2-4,,False,False,H09P_2020.txt,ITF Futures,False,H09P:2020/8132/ms013,sackmann,True,False,False,False,False,False,False,False,False,False,False,False,False,False,2,"Result, no statistics",,Brandon Holt
H09P,2020,en/scores/match-stats/archive/2020/8132/ms026,8132,8132,M25 Rancho Santa Fe,FU,2020-01-13,R32,Round of 32,W,V620,Agustin,Velotti,ARG,384,6-2 6-2,,False,False,H09P_2020.txt,ITF Futures,False,H09P:2020/8132/ms026,sackmann,True,False,False,False,False,False,False,False,False,False,False,False,False,False,2,"Result, no statistics",,Brandon Holt
H09P,2020,en/scores/match-stats/archive/2020/8130/ms003,8130,8130,M25 Los Angeles,FU,2020-01-06,SF,Semi-Finals,L,RC04,Alexander,Ritschard,SUI,366,4-6 7-5(4) 6-7(3),,False,False,H09P_2020.txt,ITF Futures,False,H09P:2020/8130/ms003,sackmann,True,False,False,False,False,False,False,False,False,False,False,False,False,False,2,"Result, no statistics",,Brandon Holt
H09P,2020,en/scores/match-stats/archive/2020/8130/ms007,8130,8130,M25 Los Angeles,FU,2020-01-06,QF,Quarter-Finals,W,BU54,Geoffrey,Blancaneaux,FRA,317,2-6 7-6(4) 6-0,,False,False,H09P_2020.txt,ITF Futures,False,H09P:2020/8130/ms007,sackmann,True,False,False,False,False,False,False,False,False,False,False,False,False,False,2,"Result, no statistics",,Brandon Holt
H09P,2020,en/scores/match-stats/archive/2020/8130/ms014,8130,8130,M25 Los Angeles,FU,2020-01-06,R16,Round of 16,W,SL07,Alexander,Sarkissian,USA,453,6-4 5-2,,False,False,H09P_2020.txt,ITF Futures,False,H09P:2020/8130/ms014,sackmann,True,False,False,False,False,False,False,False,False,False,False,False,False,False,2,"Result, no statistics",,Brandon Holt
H09P,2020,en/scores/match-stats/archive/2020/8130/ms029,8130,8130,M25 Los Angeles,FU,2020-01-06,R32,Round of 32,W,HF80,Hady,Habib,LBN,748,1-6 6-1 7-6(3),,False,False,H09P_2020.txt,ITF Futures,False,H09P:2020/8130/ms029,sackmann,True,False,False,False,False,False,False,False,False,False,False,False,False,False,2,"Result, no statistics",,Brandon Holt
